house_type,insulation,schedule,Loc_code,Hydro_resource,SH_DW_code,Occ_code,Operation_SH_life,Operation_WH_life,P_annual_kWh_life,Operation_life,P_avg_peak_kW_year,Manufacture_SH,Manufacture_WH,Manufacture,Distribution_SH,Distribution_WH,Distribution,Installation_SH,Installation_WH,Installation,EOL_SH,EOL_WH,EOL,Other_SH,Other_WH,Other,Embodied_life,Total_life
Mass,H1,Ideal,AK,Hhigh,HP-HP,1,226.36858851866913,253.60213377482708,8021.523821320105,479.97072229349624,0.17776346819040995,1215.547618,479.5114065,1695.0590245000003,27.44847036,19.34982176,46.79829212000001,76.31200903,13.95159063,90.26359966,241.3279934,74.17019318,315.49818658000004,1264.174085,285.3529412,1549.5270262000004,3697.146129060001,4177.116851353498
Mass,H1,Ideal,AK,Hhigh,HP-HP,2,226.36858851866913,367.86899239150006,10369.579795467738,594.2375809101692,0.17677824679575968,1215.547618,479.5114065,1695.0590245000003,27.44847036,19.34982176,46.79829212000001,76.31200903,13.95159063,90.26359966,241.3279934,74.17019318,315.49818658000004,1264.174085,285.3529412,1549.5270262000004,3697.146129060001,4291.3837099701705
Mass,H1,Ideal,AK,Hhigh,HP-HP,3,226.36858851866913,514.3746227915257,13098.478560912303,740.7432113101947,0.2393974350827859,1215.547618,543.696683,1759.2443010000002,27.44847036,24.404181279999996,51.85265164,76.31200903,17.98784422,94.29985325,241.3279934,81.10948345,322.43747685,1264.174085,285.3529412,1549.5270262000004,3777.3613089400005,4518.1045202501955
Mass,H1,Ideal,AK,Hhigh,HP-HP,4,226.36858851866913,683.8242802357358,16675.34687363507,910.192868754405,0.2555439935214017,1215.547618,715.28243,1930.830048,27.44847036,37.88247335,65.33094371,76.31200903,28.75118714,105.06319617,241.3279934,99.6142575,340.9422509,1264.174085,285.3529412,1549.5270262000004,3991.6934649800005,4901.8863337344055
Mass,H1,Ideal,AK,Hhigh,HP-HP,5,226.36858851866913,811.0471489691697,19038.585242536225,1037.415737487839,0.3043366990888775,1215.547618,715.28243,1930.830048,27.44847036,37.88247335,65.33094371,76.31200903,28.75118714,105.06319617,241.3279934,99.6142575,340.9422509,1264.174085,285.3529412,1549.5270262000004,3991.6934649800005,5029.109202467839
Mass,H1,Ideal,AK,Hhigh,HP-HPo,1,226.36858851866913,265.3347192220931,8240.914504856963,491.7033077407622,0.1777909800685938,1215.547618,517.9205701,1733.4681881000001,27.44847036,22.38243748,49.83090784000001,76.31200903,16.37334279,92.68535182000001,241.3279934,78.33376735,319.66176075000004,1264.174085,285.3529412,1549.5270262000004,3745.1732347100005,4236.876542450763
Mass,H1,Ideal,AK,Hhigh,HP-HPo,2,226.36858851866913,378.6058320634824,10584.864347773624,604.9744205821515,0.17879355607328012,1215.547618,517.9205701,1733.4681881000001,27.44847036,22.38243748,49.83090784000001,76.31200903,16.37334279,92.68535182000001,241.3279934,78.33376735,319.66176075000004,1264.174085,285.3529412,1549.5270262000004,3745.1732347100005,4350.147655292152
Mass,H1,Ideal,AK,Hhigh,HP-HPo,3,226.36858851866913,533.3331801228186,13457.804042023454,759.7017686414878,0.25150505955623936,1215.547618,595.2489089,1810.7965269000001,27.44847036,28.4476689,55.896139260000005,76.31200903,21.2168471,97.52885613,241.3279934,86.66091566999998,327.98890907,1264.174085,285.3529412,1549.5270262000004,3841.73745756,4601.439226201488
Mass,H1,Ideal,AK,Hhigh,HP-HPo,4,226.36858851866913,718.1717882443478,17324.21132386455,944.540376763017,0.2620972378072871,1215.547618,800.9478006000002,2016.4954186000004,27.44847036,44.62161938,72.07008974,76.31200903,34.1328586,110.44486763,241.3279934,108.86664449999999,350.1946379,1264.174085,285.3529412,1549.5270262000004,4098.732040070001,5043.272416833018
Mass,H1,Ideal,AK,Hhigh,HP-HPo,5,226.36858851866913,844.8073449193391,19684.334865831825,1071.1759334380083,0.30889535367428406,1215.547618,800.9478006000002,2016.4954186000004,27.44847036,44.62161938,72.07008974,76.31200903,34.1328586,110.44486763,241.3279934,108.86664449999999,350.1946379,1264.174085,285.3529412,1549.5270262000004,4098.732040070001,5169.9079735080095
Mass,H1,Ideal,AK,Hhigh,HP-R,1,226.36858851866913,1017.9099785103258,24060.85483092771,1244.278567028995,0.30136542995945914,1215.547618,190.9509894,1406.4986074,27.44847036,3.783646588,31.232116948,76.31200903,4.027399057,80.33940808700001,241.3279934,22.43667136,263.76466475999996,1264.174085,0,1264.174085,3046.0088821950003,4290.287449223995
Mass,H1,Ideal,AK,Hhigh,HP-R,2,226.36858851866913,1497.6272280104167,34067.35483092772,1723.995816529086,0.2944688782353213,1215.547618,190.9509894,1406.4986074,27.44847036,3.783646588,31.232116948,76.31200903,4.027399057,80.33940808700001,241.3279934,22.43667136,263.76466475999996,1264.174085,0,1264.174085,3046.0088821950003,4770.004698724086
Mass,H1,Ideal,AK,Hhigh,HP-R,3,226.36858851866913,2101.9362859458083,45453.554830927715,2328.304874464477,0.5479171540973902,1215.547618,234.8663891,1450.4140071,27.44847036,4.540375906,31.988846266000003,76.31200903,4.953630649,81.265639679,241.3279934,27.59671475,268.92470815,1264.174085,0,1264.174085,3096.7672861950005,5425.072160659478
Mass,H1,Ideal,AK,Hhigh,HP-R,4,226.36858851866913,2783.434276846971,60210.254830927704,3009.80286536564,0.6168826713387695,1215.547618,407.89785810000006,1623.4454761000002,27.44847036,6.558320753,34.006791113000006,76.31200903,8.603084246,84.915093276,241.3279934,47.92784903,289.25584243,1264.174085,0,1264.174085,3295.797287919,6305.60015328464
Mass,H1,Ideal,AK,Hhigh,HP-R,5,226.36858851866913,3322.0704794753774,70236.70483092772,3548.439067994046,0.822055085131873,1215.547618,407.89785810000006,1623.4454761000002,27.44847036,6.558320753,34.006791113000006,76.31200903,8.603084246,84.915093276,241.3279934,47.92784903,289.25584243,1264.174085,0,1264.174085,3295.797287919,6844.236355913046
Mass,H1,Ideal,AK,Hhigh,HP-Ro,1,226.36858851866913,1061.738149900497,24890.35483092771,1288.1067384191663,0.3065378437525626,1215.547618,216.2027869,1431.7504049000001,27.44847036,4.116960628,31.565430988000003,76.31200903,4.559991558,80.87200058799999,241.3279934,25.40374832,266.73174172,1264.174085,0,1264.174085,3075.0936631960003,4363.200401615167
Mass,H1,Ideal,AK,Hhigh,HP-Ro,2,226.36858851866913,1538.456345263346,34882.15483092771,1764.8249337820153,0.3065378437525626,1215.547618,216.2027869,1431.7504049000001,27.44847036,4.116960628,31.565430988000003,76.31200903,4.559991558,80.87200058799999,241.3279934,25.40374832,266.73174172,1264.174085,0,1264.174085,3075.0936631960003,4839.918596978016
Mass,H1,Ideal,AK,Hhigh,HP-Ro,3,226.36858851866913,2169.6753362148706,46805.954830927716,2396.04392473354,0.5841240506491143,1215.547618,277.1660528,1492.7136708,27.44847036,5.170983671,32.619454031000004,76.31200903,5.845784319,82.157793349,241.3279934,32.56690976,273.89490316,1264.174085,0,1264.174085,3145.5599063400005,5541.60383107354
Mass,H1,Ideal,AK,Hhigh,HP-Ro,4,226.36858851866913,2905.404787230428,62646.254830927704,3131.7733757490973,0.618606809269804,1215.547618,537.5473211,1753.0949391,27.44847036,7.693414729,35.141885089,76.31200903,11.3375562,87.64956523,241.3279934,63.16161347,304.48960687000005,1264.174085,0,1264.174085,3444.550081289,6576.323457038097
Mass,H1,Ideal,AK,Hhigh,HP-Ro,5,226.36858851866913,3445.49999451619,72662.20483092772,3671.8685830348586,0.8789516368560109,1215.547618,537.5473211,1753.0949391,27.44847036,7.693414729,35.141885089,76.31200903,11.3375562,87.64956523,241.3279934,63.16161347,304.48960687000005,1264.174085,0,1264.174085,3444.550081289,7116.418664323859
Mass,H1,Ideal,AK,Hhigh,HPl_Rb-HP,1,354.46253238482853,253.60213377482708,9510.231186395089,608.0646661596556,0.23912614961257228,1032.8235931,479.5114065,1512.3349996000002,27.15465691,19.34982176,46.50447867,45.932528555,13.95159063,59.884119185,159.74576161000002,74.17019318,233.91595479,615.6446734,285.3529412,900.9976146,2753.637166845,3361.701833004656
Mass,H1,Ideal,AK,Hhigh,HPl_Rb-HP,2,354.46253238482853,367.86899239150006,11858.287160542723,722.3315247763286,0.238140928217922,1032.8235931,479.5114065,1512.3349996000002,27.15465691,19.34982176,46.50447867,45.932528555,13.95159063,59.884119185,159.74576161000002,74.17019318,233.91595479,615.6446734,285.3529412,900.9976146,2753.637166845,3475.9686916213286
Mass,H1,Ideal,AK,Hhigh,HPl_Rb-HP,3,354.46253238482853,514.3746227915257,14587.185925987287,868.8371551763543,0.3007601165049482,1032.8235931,543.696683,1576.5202761,27.15465691,24.404181279999996,51.558838189999996,45.932528555,17.98784422,63.920372775,159.74576161000002,81.10948345,240.85524506,615.6446734,285.3529412,900.9976146,2833.852346725,3702.6895019013546
Mass,H1,Ideal,AK,Hhigh,HPl_Rb-HP,4,354.46253238482853,683.8242802357358,18164.054238710054,1038.2868126205644,0.316906674943564,1032.8235931,715.28243,1748.1060231,27.15465691,37.88247335,65.03713026,45.932528555,28.75118714,74.68371569499999,159.74576161000002,99.6142575,259.36001911,615.6446734,285.3529412,900.9976146,3048.1845027649997,4086.471315385564
Mass,H1,Ideal,AK,Hhigh,HPl_Rb-HP,5,354.46253238482853,811.0471489691697,20527.29260761121,1165.5096813539983,0.3656993805110398,1032.8235931,715.28243,1748.1060231,27.15465691,37.88247335,65.03713026,45.932528555,28.75118714,74.68371569499999,159.74576161000002,99.6142575,259.36001911,615.6446734,285.3529412,900.9976146,3048.1845027649997,4213.694184118998
Mass,H1,Ideal,AK,Hhigh,HPl_Rb-HPo,1,354.46253238482853,265.3347192220931,9729.621869931947,619.7972516069216,0.23915366149075612,1032.8235931,517.9205701,1550.7441632,27.15465691,22.38243748,49.53709439,45.932528555,16.37334279,62.30587134499999,159.74576161000002,78.33376735,238.07952896,615.6446734,285.3529412,900.9976146,2801.664272495,3421.461524101922
Mass,H1,Ideal,AK,Hhigh,HPl_Rb-HPo,2,354.46253238482853,378.6058320634824,12073.571712848607,733.068364448311,0.24015623749544243,1032.8235931,517.9205701,1550.7441632,27.15465691,22.38243748,49.53709439,45.932528555,16.37334279,62.30587134499999,159.74576161000002,78.33376735,238.07952896,615.6446734,285.3529412,900.9976146,2801.664272495,3534.7326369433113
Mass,H1,Ideal,AK,Hhigh,HPl_Rb-HPo,3,354.46253238482853,533.3331801228186,14946.511407098438,887.7957125076472,0.3128677409784017,1032.8235931,595.2489089,1628.0725020000002,27.15465691,28.4476689,55.602325809999996,45.932528555,21.2168471,67.149375655,159.74576161000002,86.66091566999998,246.40667728,615.6446734,285.3529412,900.9976146,2898.2284953450003,3786.0242078526476
Mass,H1,Ideal,AK,Hhigh,HPl_Rb-HPo,4,354.46253238482853,718.1717882443478,18812.918688939535,1072.6343206291763,0.32345991922944944,1032.8235931,800.9478006000002,1833.7713937,27.15465691,44.62161938,71.77627629,45.932528555,34.1328586,80.065387155,159.74576161000002,108.86664449999999,268.61240611,615.6446734,285.3529412,900.9976146,3155.223077855,4227.857398484177
Mass,H1,Ideal,AK,Hhigh,HPl_Rb-HPo,5,354.46253238482853,844.8073449193391,21173.04223090681,1199.2698773041677,0.3702580350964464,1032.8235931,800.9478006000002,1833.7713937,27.15465691,44.62161938,71.77627629,45.932528555,34.1328586,80.065387155,159.74576161000002,108.86664449999999,268.61240611,615.6446734,285.3529412,900.9976146,3155.223077855,4354.492955159168
Mass,H1,Ideal,AK,Hhigh,HPl_Rb-R,1,354.46253238482853,1017.9099785103258,25549.56219600269,1372.3725108951544,0.3627281113816215,1032.8235931,190.9509894,1223.7745825,27.15465691,3.783646588,30.938303497999996,45.932528555,4.027399057,49.95992761199999,159.74576161000002,22.43667136,182.18243297,615.6446734,0,615.6446734,2102.49991998,3474.8724308751544
Mass,H1,Ideal,AK,Hhigh,HPl_Rb-R,2,354.46253238482853,1497.6272280104167,35556.0621960027,1852.0897603952453,0.3558315596574836,1032.8235931,190.9509894,1223.7745825,27.15465691,3.783646588,30.938303497999996,45.932528555,4.027399057,49.95992761199999,159.74576161000002,22.43667136,182.18243297,615.6446734,0,615.6446734,2102.49991998,3954.5896803752453
Mass,H1,Ideal,AK,Hhigh,HPl_Rb-R,3,354.46253238482853,2101.9362859458083,46942.262196002695,2456.3988183306365,0.6092798355195526,1032.8235931,234.8663891,1267.6899822,27.15465691,4.540375906,31.695032815999998,45.932528555,4.953630649,50.886159203999995,159.74576161000002,27.59671475,187.34247635999998,615.6446734,0,615.6446734,2153.25832398,4609.657142310636
Mass,H1,Ideal,AK,Hhigh,HPl_Rb-R,4,354.46253238482853,2783.434276846971,61698.96219600269,3137.8968092317996,0.6782453527609318,1032.8235931,407.89785810000006,1440.7214512,27.15465691,6.558320753,33.712977663000004,45.932528555,8.603084246,54.535612801,159.74576161000002,47.92784903,207.67361064000002,615.6446734,0,615.6446734,2352.2883257040003,5490.1851349358
Mass,H1,Ideal,AK,Hhigh,HPl_Rb-R,5,354.46253238482853,3322.0704794753774,71725.4121960027,3676.5330118602055,0.8834177665540353,1032.8235931,407.89785810000006,1440.7214512,27.15465691,6.558320753,33.712977663000004,45.932528555,8.603084246,54.535612801,159.74576161000002,47.92784903,207.67361064000002,615.6446734,0,615.6446734,2352.2883257040003,6028.821337564206
Mass,H1,Ideal,AK,Hhigh,HPl_Rb-Ro,1,354.46253238482853,1061.738149900497,26379.06219600269,1416.2006822853257,0.36790052517472493,1032.8235931,216.2027869,1249.02638,27.15465691,4.116960628,31.271617537999997,45.932528555,4.559991558,50.492520113,159.74576161000002,25.40374832,185.14950993,615.6446734,0,615.6446734,2131.584700981,3547.785383266326
Mass,H1,Ideal,AK,Hhigh,HPl_Rb-Ro,2,354.46253238482853,1538.456345263346,36370.862196002694,1892.9188776481749,0.36790052517472493,1032.8235931,216.2027869,1249.02638,27.15465691,4.116960628,31.271617537999997,45.932528555,4.559991558,50.492520113,159.74576161000002,25.40374832,185.14950993,615.6446734,0,615.6446734,2131.584700981,4024.5035786291746
Mass,H1,Ideal,AK,Hhigh,HPl_Rb-Ro,3,354.46253238482853,2169.6753362148706,48294.6621960027,2524.1378685996992,0.6454867320712767,1032.8235931,277.1660528,1309.9896459000001,27.15465691,5.170983671,32.325640580999995,45.932528555,5.845784319,51.778312873999994,159.74576161000002,32.56690976,192.31267137000003,615.6446734,0,615.6446734,2202.050944125,4726.188812724699
Mass,H1,Ideal,AK,Hhigh,HPl_Rb-Ro,4,354.46253238482853,2905.404787230428,64134.96219600269,3259.8673196152567,0.6799694906919663,1032.8235931,537.5473211,1570.3709142000002,27.15465691,7.693414729,34.848071639,45.932528555,11.3375562,57.270084755,159.74576161000002,63.16161347,222.90737508,615.6446734,0,615.6446734,2501.041119074,5760.908438689257
Mass,H1,Ideal,AK,Hhigh,HPl_Rb-Ro,5,354.46253238482853,3445.49999451619,74150.9121960027,3799.9625269010185,0.9403143182781732,1032.8235931,537.5473211,1570.3709142000002,27.15465691,7.693414729,34.848071639,45.932528555,11.3375562,57.270084755,159.74576161000002,63.16161347,222.90737508,615.6446734,0,615.6446734,2501.041119074,6301.003645975019
Mass,H1,Ideal,AK,Hhigh,HYD1000-HYD1000,3,NA,NA,19472.846563073326,1153.9209429081543,0.48654583234726434,NA,NA,3529.373143,NA,NA,120.3758619,NA,NA,110.2336872,NA,NA,694.3871549,NA,NA,1914.8617479999998,6369.231594999999,7523.152537908154
Mass,H1,Ideal,AK,Hhigh,HYD1000-HYD1000,4,NA,NA,22373.148518637863,1293.461550332554,0.5192876830307558,NA,NA,3529.373143,NA,NA,120.3758619,NA,NA,110.2336872,NA,NA,694.3871549,NA,NA,1914.8617479999998,6369.231594999999,7662.693145332553
Mass,H1,Ideal,AK,Hhigh,HYD1000-HYD1000,5,NA,NA,25309.113823383097,1455.7254488770802,0.5668442487516059,NA,NA,3529.373143,NA,NA,120.3758619,NA,NA,110.2336872,NA,NA,694.3871549,NA,NA,1914.8617479999998,6369.231594999999,7824.95704387708
Mass,H1,Ideal,AK,Hhigh,HYD200-HYD200,3,NA,NA,16985.381365412137,1013.8708922223203,0.4257871270686964,NA,NA,3028.14694,NA,NA,111.70017279999999,NA,NA,108.6154548,NA,NA,484.7662779,NA,NA,2002.420748,5735.6495935,6749.520485722321
Mass,H1,Ideal,AK,Hhigh,HYD200-HYD200,4,NA,NA,19954.37495369954,1148.5054238778584,0.4154287785718064,NA,NA,3028.14694,NA,NA,111.70017279999999,NA,NA,108.6154548,NA,NA,484.7662779,NA,NA,2002.420748,5735.6495935,6884.155017377859
Mass,H1,Ideal,AK,Hhigh,HYD200-HYD200,5,NA,NA,23055.005108828525,1313.8029835615912,0.49273939040765574,NA,NA,3028.14694,NA,NA,111.70017279999999,NA,NA,108.6154548,NA,NA,484.7662779,NA,NA,2002.420748,5735.6495935,7049.452577061591
Mass,H1,Ideal,AK,Hhigh,HYD500-HYD500,3,NA,NA,17526.5985520008,1042.5876827511,0.44181091021987046,NA,NA,3205.782234,NA,NA,113.0762903,NA,NA,110.2336872,NA,NA,555.978064,NA,NA,1914.8617479999998,5899.9320235,6942.5197062511
Mass,H1,Ideal,AK,Hhigh,HYD500-HYD500,4,NA,NA,20442.409335086402,1177.2376848588947,0.4700766960585953,NA,NA,3205.782234,NA,NA,113.0762903,NA,NA,110.2336872,NA,NA,555.978064,NA,NA,1914.8617479999998,5899.9320235,7077.169708358894
Mass,H1,Ideal,AK,Hhigh,HYD500-HYD500,5,NA,NA,23395.034389350934,1335.4197807779435,0.510156114065266,NA,NA,3205.782234,NA,NA,113.0762903,NA,NA,110.2336872,NA,NA,555.978064,NA,NA,1914.8617479999998,5899.9320235,7235.351804277943
Mass,H1,Ideal,AK,Hhigh,R-HP,1,895.6219794848013,253.60213377482708,16484.082780864745,1149.2241132596282,0.5974259478523491,762.7565478000001,479.5114065,1242.2679543000002,34.39267655,19.34982176,53.742498309999995,4.221680447,13.95159063,18.173271077000003,40.8013688,74.17019318,114.97156197999999,0,285.3529412,285.3529412,1714.508226867,2863.7323401266285
Mass,H1,Ideal,AK,Hhigh,R-HP,2,895.6219794848013,367.86899239150006,18832.13875501238,1263.4909718763013,0.596440726457699,762.7565478000001,479.5114065,1242.2679543000002,34.39267655,19.34982176,53.742498309999995,4.221680447,13.95159063,18.173271077000003,40.8013688,74.17019318,114.97156197999999,0,285.3529412,285.3529412,1714.508226867,2977.9991987433013
Mass,H1,Ideal,AK,Hhigh,R-HP,3,895.6219794848013,514.3746227915257,21561.037520456946,1409.996602276327,0.6590599147447251,762.7565478000001,543.696683,1306.4532308,34.39267655,24.404181279999996,58.79685782999999,4.221680447,17.98784422,22.209524666999997,40.8013688,81.10948345,121.91085225,0,285.3529412,285.3529412,1794.7234067470001,3204.7200090233273
Mass,H1,Ideal,AK,Hhigh,R-HP,4,895.6219794848013,683.8242802357358,25137.905833179713,1579.446259720537,0.6752064731833409,762.7565478000001,715.28243,1478.0389777999999,34.39267655,37.88247335,72.2751499,4.221680447,28.75118714,32.972867586999996,40.8013688,99.6142575,140.41562629999999,0,285.3529412,285.3529412,2009.055562787,3588.5018225075373
Mass,H1,Ideal,AK,Hhigh,R-HP,5,895.6219794848013,811.0471489691697,27501.144202080864,1706.669128453971,0.7239991787508168,762.7565478000001,715.28243,1478.0389777999999,34.39267655,37.88247335,72.2751499,4.221680447,28.75118714,32.972867586999996,40.8013688,99.6142575,140.41562629999999,0,285.3529412,285.3529412,2009.055562787,3715.724691240971
Mass,H1,Ideal,AK,Hhigh,R-HPo,1,895.6219794848013,265.3347192220931,16703.473464401606,1160.9566987068945,0.5974534597305331,762.7565478000001,517.9205701,1280.6771179,34.39267655,22.38243748,56.77511403,4.221680447,16.37334279,20.595023237,40.8013688,78.33376735,119.13513615,0,285.3529412,285.3529412,1762.5353325170001,2923.4920312238946
Mass,H1,Ideal,AK,Hhigh,R-HPo,2,895.6219794848013,378.6058320634824,19047.423307318266,1274.2278115482836,0.5984560357352193,762.7565478000001,517.9205701,1280.6771179,34.39267655,22.38243748,56.77511403,4.221680447,16.37334279,20.595023237,40.8013688,78.33376735,119.13513615,0,285.3529412,285.3529412,1762.5353325170001,3036.763144065284
Mass,H1,Ideal,AK,Hhigh,R-HPo,3,895.6219794848013,533.3331801228186,21920.363001568094,1428.9551596076199,0.6711675392181786,762.7565478000001,595.2489089,1358.0054567000002,34.39267655,28.4476689,62.840345449999994,4.221680447,21.2168471,25.438527546999996,40.8013688,86.66091566999998,127.46228446999999,0,285.3529412,285.3529412,1859.0995553670002,3288.05471497462
Mass,H1,Ideal,AK,Hhigh,R-HPo,4,895.6219794848013,718.1717882443478,25786.77028340919,1613.793767729149,0.6817597174692264,762.7565478000001,800.9478006000002,1563.7043484,34.39267655,44.62161938,79.01429592999999,4.221680447,34.1328586,38.354539046999996,40.8013688,108.86664449999999,149.66801329999998,0,285.3529412,285.3529412,2116.094137877,3729.8879056061487
Mass,H1,Ideal,AK,Hhigh,R-HPo,5,895.6219794848013,844.8073449193391,28146.893825376468,1740.4293244041405,0.7285578333362233,762.7565478000001,800.9478006000002,1563.7043484,34.39267655,44.62161938,79.01429592999999,4.221680447,34.1328586,38.354539046999996,40.8013688,108.86664449999999,149.66801329999998,0,285.3529412,285.3529412,2116.094137877,3856.5234622811404
Mass,H1,Ideal,AK,Hhigh,R-R,1,895.6219794848013,1017.9099785103258,32523.41379047235,1913.5319579951272,0.7210279096213984,762.7565478000001,190.9509894,953.7075372,34.39267655,3.783646588,38.176323137999994,4.221680447,4.027399057,8.249079504000001,40.8013688,22.43667136,63.23804015999999,0,0,0,1063.3709800020001,2976.902937997127
Mass,H1,Ideal,AK,Hhigh,R-R,2,895.6219794848013,1497.6272280104167,42529.913790472354,2393.249207495218,0.7141313578972606,762.7565478000001,190.9509894,953.7075372,34.39267655,3.783646588,38.176323137999994,4.221680447,4.027399057,8.249079504000001,40.8013688,22.43667136,63.23804015999999,0,0,0,1063.3709800020001,3456.620187497218
Mass,H1,Ideal,AK,Hhigh,R-R,3,895.6219794848013,2101.9362859458083,53916.11379047236,2997.5582654306095,0.9675796337593294,762.7565478000001,234.8663891,997.6229369000001,34.39267655,4.540375906,38.933052456,4.221680447,4.953630649,9.175311096,40.8013688,27.59671475,68.39808355,0,0,0,1114.129384002,4111.68764943261
Mass,H1,Ideal,AK,Hhigh,R-R,4,895.6219794848013,2783.434276846971,68672.81379047236,3679.0562563317726,1.0365451510007087,762.7565478000001,407.89785810000006,1170.6544059,34.39267655,6.558320753,40.950997303,4.221680447,8.603084246,12.824764693,40.8013688,47.92784903,88.72921783,0,0,0,1313.1593857259998,4992.215642057772
Mass,H1,Ideal,AK,Hhigh,R-R,5,895.6219794848013,3322.0704794753774,78699.26379047235,4217.692458960179,1.2417175647938121,762.7565478000001,407.89785810000006,1170.6544059,34.39267655,6.558320753,40.950997303,4.221680447,8.603084246,12.824764693,40.8013688,47.92784903,88.72921783,0,0,0,1313.1593857259998,5530.851844686178
Mass,H1,Ideal,AK,Hhigh,R-Ro,1,895.6219794848013,1061.738149900497,33352.913790472354,1957.3601293852985,0.7262003234145018,762.7565478000001,216.2027869,978.9593347,34.39267655,4.116960628,38.509637178,4.221680447,4.559991558,8.781672005,40.8013688,25.40374832,66.20511712,0,0,0,1092.4557610030001,3049.8158903882986
Mass,H1,Ideal,AK,Hhigh,R-Ro,2,895.6219794848013,1538.456345263346,43344.71379047234,2434.0783247481477,0.7262003234145018,762.7565478000001,216.2027869,978.9593347,34.39267655,4.116960628,38.509637178,4.221680447,4.559991558,8.781672005,40.8013688,25.40374832,66.20511712,0,0,0,1092.4557610030001,3526.534085751148
Mass,H1,Ideal,AK,Hhigh,R-Ro,3,895.6219794848013,2169.6753362148706,55268.51379047235,3065.297315699672,1.0037865303110536,762.7565478000001,277.1660528,1039.9226006000001,34.39267655,5.170983671,39.563660221,4.221680447,5.845784319,10.067464766,40.8013688,32.56690976,73.36827856000001,0,0,0,1162.922004147,4228.219319846672
Mass,H1,Ideal,AK,Hhigh,R-Ro,4,895.6219794848013,2905.404787230428,71108.81379047236,3801.0267667152293,1.0382692889317433,762.7565478000001,537.5473211,1300.3038689,34.39267655,7.693414729,42.086091278999994,4.221680447,11.3375562,15.559236647,40.8013688,63.16161347,103.96298226999998,0,0,0,1461.9121790959998,5262.938945811229
Mass,H1,Ideal,AK,Hhigh,R-Ro,5,895.6219794848013,3445.49999451619,81124.76379047235,4341.121974000991,1.2986141165179501,762.7565478000001,537.5473211,1300.3038689,34.39267655,7.693414729,42.086091278999994,4.221680447,11.3375562,15.559236647,40.8013688,63.16161347,103.96298226999998,0,0,0,1461.9121790959998,5803.034153096991
Mass,H1,Ideal,AK,Hlow,HP-HP,1,335.57309833250395,335.53177670674734,8021.523821320105,671.1048750392513,0.17776346819040995,1215.547618,479.5114065,1695.0590245000003,27.44847036,19.34982176,46.79829212000001,76.31200903,13.95159063,90.26359966,241.3279934,74.17019318,315.49818658000004,1264.174085,285.3529412,1549.5270262000004,3697.146129060001,4368.251004099252
Mass,H1,Ideal,AK,Hlow,HP-HP,2,335.57309833250395,485.51763329380327,10369.579795467738,821.0907316263073,0.17677824679575968,1215.547618,479.5114065,1695.0590245000003,27.44847036,19.34982176,46.79829212000001,76.31200903,13.95159063,90.26359966,241.3279934,74.17019318,315.49818658000004,1264.174085,285.3529412,1549.5270262000004,3697.146129060001,4518.236860686308
Mass,H1,Ideal,AK,Hlow,HP-HP,3,335.57309833250395,682.4646325489807,13098.478560912303,1018.0377308814848,0.2393974350827859,1215.547618,543.696683,1759.2443010000002,27.44847036,24.404181279999996,51.85265164,76.31200903,17.98784422,94.29985325,241.3279934,81.10948345,322.43747685,1264.174085,285.3529412,1549.5270262000004,3777.3613089400005,4795.3990398214855
Mass,H1,Ideal,AK,Hlow,HP-HP,4,335.57309833250395,887.3493422675774,16675.34687363507,1222.9224406000815,0.2555439935214017,1215.547618,715.28243,1930.830048,27.44847036,37.88247335,65.33094371,76.31200903,28.75118714,105.06319617,241.3279934,99.6142575,340.9422509,1264.174085,285.3529412,1549.5270262000004,3991.6934649800005,5214.615905580082
Mass,H1,Ideal,AK,Hlow,HP-HP,5,335.57309833250395,1043.157557361154,19038.585242536225,1378.730655693658,0.3043366990888775,1215.547618,715.28243,1930.830048,27.44847036,37.88247335,65.33094371,76.31200903,28.75118714,105.06319617,241.3279934,99.6142575,340.9422509,1264.174085,285.3529412,1549.5270262000004,3991.6934649800005,5370.424120673659
Mass,H1,Ideal,AK,Hlow,HP-HPo,1,335.57309833250395,349.8222574479155,8240.914504856963,685.3953557804195,0.1777909800685938,1215.547618,517.9205701,1733.4681881000001,27.44847036,22.38243748,49.83090784000001,76.31200903,16.37334279,92.68535182000001,241.3279934,78.33376735,319.66176075000004,1264.174085,285.3529412,1549.5270262000004,3745.1732347100005,4430.56859049042
Mass,H1,Ideal,AK,Hlow,HP-HPo,2,335.57309833250395,499.2268232586933,10584.864347773624,834.7999215911973,0.17879355607328012,1215.547618,517.9205701,1733.4681881000001,27.44847036,22.38243748,49.83090784000001,76.31200903,16.37334279,92.68535182000001,241.3279934,78.33376735,319.66176075000004,1264.174085,285.3529412,1549.5270262000004,3745.1732347100005,4579.973156301197
Mass,H1,Ideal,AK,Hlow,HP-HPo,3,335.57309833250395,706.9001932214436,13457.804042023454,1042.4732915539475,0.25150505955623936,1215.547618,595.2489089,1810.7965269000001,27.44847036,28.4476689,55.896139260000005,76.31200903,21.2168471,97.52885613,241.3279934,86.66091566999998,327.98890907,1264.174085,285.3529412,1549.5270262000004,3841.73745756,4884.210749113948
Mass,H1,Ideal,AK,Hlow,HP-HPo,4,335.57309833250395,931.3798223105739,17324.21132386455,1266.9529206430777,0.2620972378072871,1215.547618,800.9478006000002,2016.4954186000004,27.44847036,44.62161938,72.07008974,76.31200903,34.1328586,110.44486763,241.3279934,108.86664449999999,350.1946379,1264.174085,285.3529412,1549.5270262000004,4098.732040070001,5365.684960713079
Mass,H1,Ideal,AK,Hlow,HP-HPo,5,335.57309833250395,1086.1256052351712,19684.334865831825,1421.6987035676752,0.30889535367428406,1215.547618,800.9478006000002,2016.4954186000004,27.44847036,44.62161938,72.07008974,76.31200903,34.1328586,110.44486763,241.3279934,108.86664449999999,350.1946379,1264.174085,285.3529412,1549.5270262000004,4098.732040070001,5520.430743637677
Mass,H1,Ideal,AK,Hlow,HP-R,1,335.57309833250395,1326.4772221627102,24060.85483092771,1662.050320495214,0.30136542995945914,1215.547618,190.9509894,1406.4986074,27.44847036,3.783646588,31.232116948,76.31200903,4.027399057,80.33940808700001,241.3279934,22.43667136,263.76466475999996,1264.174085,0,1264.174085,3046.0088821950003,4708.059202690214
Mass,H1,Ideal,AK,Hlow,HP-R,2,335.57309833250395,1953.0899037321874,34067.35483092772,2288.6630020646912,0.2944688782353213,1215.547618,190.9509894,1406.4986074,27.44847036,3.783646588,31.232116948,76.31200903,4.027399057,80.33940808700001,241.3279934,22.43667136,263.76466475999996,1264.174085,0,1264.174085,3046.0088821950003,5334.671884259691
Mass,H1,Ideal,AK,Hlow,HP-R,3,335.57309833250395,2755.547060955901,45453.554830927715,3091.1201592884054,0.5479171540973902,1215.547618,234.8663891,1450.4140071,27.44847036,4.540375906,31.988846266000003,76.31200903,4.953630649,81.265639679,241.3279934,27.59671475,268.92470815,1264.174085,0,1264.174085,3096.7672861950005,6187.887445483406
Mass,H1,Ideal,AK,Hlow,HP-R,4,335.57309833250395,3559.8614306749255,60210.254830927704,3895.4345290074293,0.6168826713387695,1215.547618,407.89785810000006,1623.4454761000002,27.44847036,6.558320753,34.006791113000006,76.31200903,8.603084246,84.915093276,241.3279934,47.92784903,289.25584243,1264.174085,0,1264.174085,3295.797287919,7191.231816926429
Mass,H1,Ideal,AK,Hlow,HP-R,5,335.57309833250395,4209.577289410385,70236.70483092772,4545.150387742889,0.822055085131873,1215.547618,407.89785810000006,1623.4454761000002,27.44847036,6.558320753,34.006791113000006,76.31200903,8.603084246,84.915093276,241.3279934,47.92784903,289.25584243,1264.174085,0,1264.174085,3295.797287919,7840.947675661889
Mass,H1,Ideal,AK,Hlow,HP-Ro,1,335.57309833250395,1378.3703594628885,24890.35483092771,1713.9434577953923,0.3065378437525626,1215.547618,216.2027869,1431.7504049000001,27.44847036,4.116960628,31.565430988000003,76.31200903,4.559991558,80.87200058799999,241.3279934,25.40374832,266.73174172,1264.174085,0,1264.174085,3075.0936631960003,4789.037120991393
Mass,H1,Ideal,AK,Hlow,HP-Ro,2,335.57309833250395,2003.5109954738573,34882.15483092771,2339.084093806361,0.3065378437525626,1215.547618,216.2027869,1431.7504049000001,27.44847036,4.116960628,31.565430988000003,76.31200903,4.559991558,80.87200058799999,241.3279934,25.40374832,266.73174172,1264.174085,0,1264.174085,3075.0936631960003,5414.177757002361
Mass,H1,Ideal,AK,Hlow,HP-Ro,3,335.57309833250395,2837.534301570244,46805.954830927716,3173.107399902748,0.5841240506491143,1215.547618,277.1660528,1492.7136708,27.44847036,5.170983671,32.619454031000004,76.31200903,5.845784319,82.157793349,241.3279934,32.56690976,273.89490316,1264.174085,0,1264.174085,3145.5599063400005,6318.667306242749
Mass,H1,Ideal,AK,Hlow,HP-Ro,4,335.57309833250395,3712.6020944108504,62646.254830927704,4048.1751927433543,0.618606809269804,1215.547618,537.5473211,1753.0949391,27.44847036,7.693414729,35.141885089,76.31200903,11.3375562,87.64956523,241.3279934,63.16161347,304.48960687000005,1264.174085,0,1264.174085,3444.550081289,7492.725274032355
Mass,H1,Ideal,AK,Hlow,HP-Ro,5,335.57309833250395,4362.2475957763645,72662.20483092772,4697.820694108868,0.8789516368560109,1215.547618,537.5473211,1753.0949391,27.44847036,7.693414729,35.141885089,76.31200903,11.3375562,87.64956523,241.3279934,63.16161347,304.48960687000005,1264.174085,0,1264.174085,3444.550081289,8142.370775397869
Mass,H1,Ideal,AK,Hlow,HPl_Rb-HP,1,526.5781507740502,335.53177670674734,9510.231186395089,862.1099274807976,0.23912614961257228,1032.8235931,479.5114065,1512.3349996000002,27.15465691,19.34982176,46.50447867,45.932528555,13.95159063,59.884119185,159.74576161000002,74.17019318,233.91595479,615.6446734,285.3529412,900.9976146,2753.637166845,3615.7470943257977
Mass,H1,Ideal,AK,Hlow,HPl_Rb-HP,2,526.5781507740502,485.51763329380327,11858.287160542723,1012.0957840678535,0.238140928217922,1032.8235931,479.5114065,1512.3349996000002,27.15465691,19.34982176,46.50447867,45.932528555,13.95159063,59.884119185,159.74576161000002,74.17019318,233.91595479,615.6446734,285.3529412,900.9976146,2753.637166845,3765.7329509128535
Mass,H1,Ideal,AK,Hlow,HPl_Rb-HP,3,526.5781507740502,682.4646325489807,14587.185925987287,1209.042783323031,0.3007601165049482,1032.8235931,543.696683,1576.5202761,27.15465691,24.404181279999996,51.558838189999996,45.932528555,17.98784422,63.920372775,159.74576161000002,81.10948345,240.85524506,615.6446734,285.3529412,900.9976146,2833.852346725,4042.895130048031
Mass,H1,Ideal,AK,Hlow,HPl_Rb-HP,4,526.5781507740502,887.3493422675774,18164.054238710054,1413.9274930416277,0.316906674943564,1032.8235931,715.28243,1748.1060231,27.15465691,37.88247335,65.03713026,45.932528555,28.75118714,74.68371569499999,159.74576161000002,99.6142575,259.36001911,615.6446734,285.3529412,900.9976146,3048.1845027649997,4462.111995806627
Mass,H1,Ideal,AK,Hlow,HPl_Rb-HP,5,526.5781507740502,1043.157557361154,20527.29260761121,1569.7357081352043,0.3656993805110398,1032.8235931,715.28243,1748.1060231,27.15465691,37.88247335,65.03713026,45.932528555,28.75118714,74.68371569499999,159.74576161000002,99.6142575,259.36001911,615.6446734,285.3529412,900.9976146,3048.1845027649997,4617.9202109002035
Mass,H1,Ideal,AK,Hlow,HPl_Rb-HPo,1,526.5781507740502,349.8222574479155,9729.621869931947,876.4004082219657,0.23915366149075612,1032.8235931,517.9205701,1550.7441632,27.15465691,22.38243748,49.53709439,45.932528555,16.37334279,62.30587134499999,159.74576161000002,78.33376735,238.07952896,615.6446734,285.3529412,900.9976146,2801.664272495,3678.064680716966
Mass,H1,Ideal,AK,Hlow,HPl_Rb-HPo,2,526.5781507740502,499.2268232586933,12073.571712848607,1025.8049740327435,0.24015623749544243,1032.8235931,517.9205701,1550.7441632,27.15465691,22.38243748,49.53709439,45.932528555,16.37334279,62.30587134499999,159.74576161000002,78.33376735,238.07952896,615.6446734,285.3529412,900.9976146,2801.664272495,3827.469246527744
Mass,H1,Ideal,AK,Hlow,HPl_Rb-HPo,3,526.5781507740502,706.9001932214436,14946.511407098438,1233.4783439954938,0.3128677409784017,1032.8235931,595.2489089,1628.0725020000002,27.15465691,28.4476689,55.602325809999996,45.932528555,21.2168471,67.149375655,159.74576161000002,86.66091566999998,246.40667728,615.6446734,285.3529412,900.9976146,2898.2284953450003,4131.706839340494
Mass,H1,Ideal,AK,Hlow,HPl_Rb-HPo,4,526.5781507740502,931.3798223105739,18812.918688939535,1457.957973084624,0.32345991922944944,1032.8235931,800.9478006000002,1833.7713937,27.15465691,44.62161938,71.77627629,45.932528555,34.1328586,80.065387155,159.74576161000002,108.86664449999999,268.61240611,615.6446734,285.3529412,900.9976146,3155.223077855,4613.181050939624
Mass,H1,Ideal,AK,Hlow,HPl_Rb-HPo,5,526.5781507740502,1086.1256052351712,21173.04223090681,1612.7037560092215,0.3702580350964464,1032.8235931,800.9478006000002,1833.7713937,27.15465691,44.62161938,71.77627629,45.932528555,34.1328586,80.065387155,159.74576161000002,108.86664449999999,268.61240611,615.6446734,285.3529412,900.9976146,3155.223077855,4767.926833864221
Mass,H1,Ideal,AK,Hlow,HPl_Rb-R,1,526.5781507740502,1326.4772221627102,25549.56219600269,1853.0553729367603,0.3627281113816215,1032.8235931,190.9509894,1223.7745825,27.15465691,3.783646588,30.938303497999996,45.932528555,4.027399057,49.95992761199999,159.74576161000002,22.43667136,182.18243297,615.6446734,0,615.6446734,2102.49991998,3955.55529291676
Mass,H1,Ideal,AK,Hlow,HPl_Rb-R,2,526.5781507740502,1953.0899037321874,35556.0621960027,2479.6680545062377,0.3558315596574836,1032.8235931,190.9509894,1223.7745825,27.15465691,3.783646588,30.938303497999996,45.932528555,4.027399057,49.95992761199999,159.74576161000002,22.43667136,182.18243297,615.6446734,0,615.6446734,2102.49991998,4582.167974486238
Mass,H1,Ideal,AK,Hlow,HPl_Rb-R,3,526.5781507740502,2755.547060955901,46942.262196002695,3282.1252117299514,0.6092798355195526,1032.8235931,234.8663891,1267.6899822,27.15465691,4.540375906,31.695032815999998,45.932528555,4.953630649,50.886159203999995,159.74576161000002,27.59671475,187.34247635999998,615.6446734,0,615.6446734,2153.25832398,5435.3835357099515
Mass,H1,Ideal,AK,Hlow,HPl_Rb-R,4,526.5781507740502,3559.8614306749255,61698.96219600269,4086.439581448976,0.6782453527609318,1032.8235931,407.89785810000006,1440.7214512,27.15465691,6.558320753,33.712977663000004,45.932528555,8.603084246,54.535612801,159.74576161000002,47.92784903,207.67361064000002,615.6446734,0,615.6446734,2352.2883257040003,6438.727907152976
Mass,H1,Ideal,AK,Hlow,HPl_Rb-R,5,526.5781507740502,4209.577289410385,71725.4121960027,4736.155440184435,0.8834177665540353,1032.8235931,407.89785810000006,1440.7214512,27.15465691,6.558320753,33.712977663000004,45.932528555,8.603084246,54.535612801,159.74576161000002,47.92784903,207.67361064000002,615.6446734,0,615.6446734,2352.2883257040003,7088.443765888435
Mass,H1,Ideal,AK,Hlow,HPl_Rb-Ro,1,526.5781507740502,1378.3703594628885,26379.06219600269,1904.9485102369385,0.36790052517472493,1032.8235931,216.2027869,1249.02638,27.15465691,4.116960628,31.271617537999997,45.932528555,4.559991558,50.492520113,159.74576161000002,25.40374832,185.14950993,615.6446734,0,615.6446734,2131.584700981,4036.5332112179385
Mass,H1,Ideal,AK,Hlow,HPl_Rb-Ro,2,526.5781507740502,2003.5109954738573,36370.862196002694,2530.0891462479076,0.36790052517472493,1032.8235931,216.2027869,1249.02638,27.15465691,4.116960628,31.271617537999997,45.932528555,4.559991558,50.492520113,159.74576161000002,25.40374832,185.14950993,615.6446734,0,615.6446734,2131.584700981,4661.673847228907
Mass,H1,Ideal,AK,Hlow,HPl_Rb-Ro,3,526.5781507740502,2837.534301570244,48294.6621960027,3364.1124523442945,0.6454867320712767,1032.8235931,277.1660528,1309.9896459000001,27.15465691,5.170983671,32.325640580999995,45.932528555,5.845784319,51.778312873999994,159.74576161000002,32.56690976,192.31267137000003,615.6446734,0,615.6446734,2202.050944125,5566.163396469295
Mass,H1,Ideal,AK,Hlow,HPl_Rb-Ro,4,526.5781507740502,3712.6020944108504,64134.96219600269,4239.180245184901,0.6799694906919663,1032.8235931,537.5473211,1570.3709142000002,27.15465691,7.693414729,34.848071639,45.932528555,11.3375562,57.270084755,159.74576161000002,63.16161347,222.90737508,615.6446734,0,615.6446734,2501.041119074,6740.221364258901
Mass,H1,Ideal,AK,Hlow,HPl_Rb-Ro,5,526.5781507740502,4362.2475957763645,74150.9121960027,4888.825746550415,0.9403143182781732,1032.8235931,537.5473211,1570.3709142000002,27.15465691,7.693414729,34.848071639,45.932528555,11.3375562,57.270084755,159.74576161000002,63.16161347,222.90737508,615.6446734,0,615.6446734,2501.041119074,7389.866865624415
Mass,H1,Ideal,AK,Hlow,HYD1000-HYD1000,3,NA,NA,19472.846563073326,1564.2681721223137,0.48654583234726434,NA,NA,3529.373143,NA,NA,120.3758619,NA,NA,110.2336872,NA,NA,694.3871549,NA,NA,1914.8617479999998,6369.231594999999,7933.499767122313
Mass,H1,Ideal,AK,Hlow,HYD1000-HYD1000,4,NA,NA,22373.148518637863,1726.170447705424,0.5192876830307558,NA,NA,3529.373143,NA,NA,120.3758619,NA,NA,110.2336872,NA,NA,694.3871549,NA,NA,1914.8617479999998,6369.231594999999,8095.402042705424
Mass,H1,Ideal,AK,Hlow,HYD1000-HYD1000,5,NA,NA,25309.113823383097,1924.2732716313549,0.5668442487516059,NA,NA,3529.373143,NA,NA,120.3758619,NA,NA,110.2336872,NA,NA,694.3871549,NA,NA,1914.8617479999998,6369.231594999999,8293.504866631354
Mass,H1,Ideal,AK,Hlow,HYD200-HYD200,3,NA,NA,16985.381365412137,1404.8566431978786,0.4257871270686964,NA,NA,3028.14694,NA,NA,111.70017279999999,NA,NA,108.6154548,NA,NA,484.7662779,NA,NA,2002.420748,5735.6495935,7140.506236697879
Mass,H1,Ideal,AK,Hlow,HYD200-HYD200,4,NA,NA,19954.37495369954,1563.4077658197293,0.4154287785718064,NA,NA,3028.14694,NA,NA,111.70017279999999,NA,NA,108.6154548,NA,NA,484.7662779,NA,NA,2002.420748,5735.6495935,7299.05735931973
Mass,H1,Ideal,AK,Hlow,HYD200-HYD200,5,NA,NA,23055.005108828525,1771.1289742892707,0.49273939040765574,NA,NA,3028.14694,NA,NA,111.70017279999999,NA,NA,108.6154548,NA,NA,484.7662779,NA,NA,2002.420748,5735.6495935,7506.778567789271
Mass,H1,Ideal,AK,Hlow,HYD500-HYD500,3,NA,NA,17526.5985520008,1422.268906652007,0.44181091021987046,NA,NA,3205.782234,NA,NA,113.0762903,NA,NA,110.2336872,NA,NA,555.978064,NA,NA,1914.8617479999998,5899.9320235,7322.200930152007
Mass,H1,Ideal,AK,Hlow,HYD500-HYD500,4,NA,NA,20442.409335086402,1578.0909771408146,0.4700766960585953,NA,NA,3205.782234,NA,NA,113.0762903,NA,NA,110.2336872,NA,NA,555.978064,NA,NA,1914.8617479999998,5899.9320235,7478.023000640815
Mass,H1,Ideal,AK,Hlow,HYD500-HYD500,5,NA,NA,23395.034389350934,1771.626643012979,0.510156114065266,NA,NA,3205.782234,NA,NA,113.0762903,NA,NA,110.2336872,NA,NA,555.978064,NA,NA,1914.8617479999998,5899.9320235,7671.558666512979
Mass,H1,Ideal,AK,Hlow,R-HP,1,1325.6076271262962,335.53177670674734,16484.082780864745,1661.1394038330436,0.5974259478523491,762.7565478000001,479.5114065,1242.2679543000002,34.39267655,19.34982176,53.742498309999995,4.221680447,13.95159063,18.173271077000003,40.8013688,74.17019318,114.97156197999999,0,285.3529412,285.3529412,1714.508226867,3375.647630700044
Mass,H1,Ideal,AK,Hlow,R-HP,2,1325.6076271262962,485.51763329380327,18832.13875501238,1811.1252604200995,0.596440726457699,762.7565478000001,479.5114065,1242.2679543000002,34.39267655,19.34982176,53.742498309999995,4.221680447,13.95159063,18.173271077000003,40.8013688,74.17019318,114.97156197999999,0,285.3529412,285.3529412,1714.508226867,3525.6334872870993
Mass,H1,Ideal,AK,Hlow,R-HP,3,1325.6076271262962,682.4646325489807,21561.037520456946,2008.0722596752769,0.6590599147447251,762.7565478000001,543.696683,1306.4532308,34.39267655,24.404181279999996,58.79685782999999,4.221680447,17.98784422,22.209524666999997,40.8013688,81.10948345,121.91085225,0,285.3529412,285.3529412,1794.7234067470001,3802.795666422277
Mass,H1,Ideal,AK,Hlow,R-HP,4,1325.6076271262962,887.3493422675774,25137.905833179713,2212.9569693938734,0.6752064731833409,762.7565478000001,715.28243,1478.0389777999999,34.39267655,37.88247335,72.2751499,4.221680447,28.75118714,32.972867586999996,40.8013688,99.6142575,140.41562629999999,0,285.3529412,285.3529412,2009.055562787,4222.012532180874
Mass,H1,Ideal,AK,Hlow,R-HP,5,1325.6076271262962,1043.157557361154,27501.144202080864,2368.76518448745,0.7239991787508168,762.7565478000001,715.28243,1478.0389777999999,34.39267655,37.88247335,72.2751499,4.221680447,28.75118714,32.972867586999996,40.8013688,99.6142575,140.41562629999999,0,285.3529412,285.3529412,2009.055562787,4377.82074727445
Mass,H1,Ideal,AK,Hlow,R-HPo,1,1325.6076271262962,349.8222574479155,16703.473464401606,1675.4298845742114,0.5974534597305331,762.7565478000001,517.9205701,1280.6771179,34.39267655,22.38243748,56.77511403,4.221680447,16.37334279,20.595023237,40.8013688,78.33376735,119.13513615,0,285.3529412,285.3529412,1762.5353325170001,3437.9652170912113
Mass,H1,Ideal,AK,Hlow,R-HPo,2,1325.6076271262962,499.2268232586933,19047.423307318266,1824.8344503849894,0.5984560357352193,762.7565478000001,517.9205701,1280.6771179,34.39267655,22.38243748,56.77511403,4.221680447,16.37334279,20.595023237,40.8013688,78.33376735,119.13513615,0,285.3529412,285.3529412,1762.5353325170001,3587.3697829019893
Mass,H1,Ideal,AK,Hlow,R-HPo,3,1325.6076271262962,706.9001932214436,21920.363001568094,2032.5078203477397,0.6711675392181786,762.7565478000001,595.2489089,1358.0054567000002,34.39267655,28.4476689,62.840345449999994,4.221680447,21.2168471,25.438527546999996,40.8013688,86.66091566999998,127.46228446999999,0,285.3529412,285.3529412,1859.0995553670002,3891.6073757147396
Mass,H1,Ideal,AK,Hlow,R-HPo,4,1325.6076271262962,931.3798223105739,25786.77028340919,2256.98744943687,0.6817597174692264,762.7565478000001,800.9478006000002,1563.7043484,34.39267655,44.62161938,79.01429592999999,4.221680447,34.1328586,38.354539046999996,40.8013688,108.86664449999999,149.66801329999998,0,285.3529412,285.3529412,2116.094137877,4373.08158731387
Mass,H1,Ideal,AK,Hlow,R-HPo,5,1325.6076271262962,1086.1256052351712,28146.893825376468,2411.7332323614673,0.7285578333362233,762.7565478000001,800.9478006000002,1563.7043484,34.39267655,44.62161938,79.01429592999999,4.221680447,34.1328586,38.354539046999996,40.8013688,108.86664449999999,149.66801329999998,0,285.3529412,285.3529412,2116.094137877,4527.827370238467
Mass,H1,Ideal,AK,Hlow,R-R,1,1325.6076271262962,1326.4772221627102,32523.41379047235,2652.084849289006,0.7210279096213984,762.7565478000001,190.9509894,953.7075372,34.39267655,3.783646588,38.176323137999994,4.221680447,4.027399057,8.249079504000001,40.8013688,22.43667136,63.23804015999999,0,0,0,1063.3709800020001,3715.455829291006
Mass,H1,Ideal,AK,Hlow,R-R,2,1325.6076271262962,1953.0899037321874,42529.913790472354,3278.6975308584833,0.7141313578972606,762.7565478000001,190.9509894,953.7075372,34.39267655,3.783646588,38.176323137999994,4.221680447,4.027399057,8.249079504000001,40.8013688,22.43667136,63.23804015999999,0,0,0,1063.3709800020001,4342.068510860483
Mass,H1,Ideal,AK,Hlow,R-R,3,1325.6076271262962,2755.547060955901,53916.11379047236,4081.154688082197,0.9675796337593294,762.7565478000001,234.8663891,997.6229369000001,34.39267655,4.540375906,38.933052456,4.221680447,4.953630649,9.175311096,40.8013688,27.59671475,68.39808355,0,0,0,1114.129384002,5195.284072084197
Mass,H1,Ideal,AK,Hlow,R-R,4,1325.6076271262962,3559.8614306749255,68672.81379047236,4885.469057801221,1.0365451510007087,762.7565478000001,407.89785810000006,1170.6544059,34.39267655,6.558320753,40.950997303,4.221680447,8.603084246,12.824764693,40.8013688,47.92784903,88.72921783,0,0,0,1313.1593857259998,6198.628443527221
Mass,H1,Ideal,AK,Hlow,R-R,5,1325.6076271262962,4209.577289410385,78699.26379047235,5535.18491653668,1.2417175647938121,762.7565478000001,407.89785810000006,1170.6544059,34.39267655,6.558320753,40.950997303,4.221680447,8.603084246,12.824764693,40.8013688,47.92784903,88.72921783,0,0,0,1313.1593857259998,6848.34430226268
Mass,H1,Ideal,AK,Hlow,R-Ro,1,1325.6076271262962,1378.3703594628885,33352.913790472354,2703.9779865891846,0.7262003234145018,762.7565478000001,216.2027869,978.9593347,34.39267655,4.116960628,38.509637178,4.221680447,4.559991558,8.781672005,40.8013688,25.40374832,66.20511712,0,0,0,1092.4557610030001,3796.4337475921848
Mass,H1,Ideal,AK,Hlow,R-Ro,2,1325.6076271262962,2003.5109954738573,43344.71379047234,3329.1186226001532,0.7262003234145018,762.7565478000001,216.2027869,978.9593347,34.39267655,4.116960628,38.509637178,4.221680447,4.559991558,8.781672005,40.8013688,25.40374832,66.20511712,0,0,0,1092.4557610030001,4421.574383603153
Mass,H1,Ideal,AK,Hlow,R-Ro,3,1325.6076271262962,2837.534301570244,55268.51379047235,4163.14192869654,1.0037865303110536,762.7565478000001,277.1660528,1039.9226006000001,34.39267655,5.170983671,39.563660221,4.221680447,5.845784319,10.067464766,40.8013688,32.56690976,73.36827856000001,0,0,0,1162.922004147,5326.06393284354
Mass,H1,Ideal,AK,Hlow,R-Ro,4,1325.6076271262962,3712.6020944108504,71108.81379047236,5038.209721537147,1.0382692889317433,762.7565478000001,537.5473211,1300.3038689,34.39267655,7.693414729,42.086091278999994,4.221680447,11.3375562,15.559236647,40.8013688,63.16161347,103.96298226999998,0,0,0,1461.9121790959998,6500.121900633147
Mass,H1,Ideal,AK,Hlow,R-Ro,5,1325.6076271262962,4362.2475957763645,81124.76379047235,5687.855222902661,1.2986141165179501,762.7565478000001,537.5473211,1300.3038689,34.39267655,7.693414729,42.086091278999994,4.221680447,11.3375562,15.559236647,40.8013688,63.16161347,103.96298226999998,0,0,0,1461.9121790959998,7149.767401998661
Mass,H1,Ideal,CH,Hhigh,HP-HP,1,971.4773296800819,282.04680145820726,17884.299858449016,1253.5241311382892,0.48239548664023996,1248.729155,479.5114065,1728.2405615000002,28.28269202,19.34982176,47.63251378,81.11150315,13.95159063,95.06309378,246.4902634,74.17019318,320.66045658,1275.71918,285.3529412,1561.0721212,3752.6687468400005,5006.19287797829
Mass,H1,Ideal,CH,Hhigh,HP-HP,2,971.4773296800819,403.90937220439395,20365.216915088116,1375.3867018844758,0.47947769777642424,1248.729155,479.5114065,1728.2405615000002,28.28269202,19.34982176,47.63251378,81.11150315,13.95159063,95.06309378,246.4902634,74.17019318,320.66045658,1275.71918,285.3529412,1561.0721212,3752.6687468400005,5128.055448724476
Mass,H1,Ideal,CH,Hhigh,HP-HP,3,971.4773296800819,564.7534295043026,23299.559466772167,1536.2307591843846,0.5519489670566143,1248.729155,543.696683,1792.425838,28.28269202,24.404181279999996,52.686873299999995,81.11150315,17.98784422,99.09934736999999,246.4902634,81.10948345,327.59974685000003,1275.71918,285.3529412,1561.0721212,3832.88392672,5369.114685904385
Mass,H1,Ideal,CH,Hhigh,HP-HP,4,971.4773296800819,754.8694595112469,27213.890318186983,1726.3467891913288,0.5708592561646351,1248.729155,715.28243,1964.011585,28.28269202,37.88247335,66.16516537,81.11150315,28.75118714,109.86269029,246.4902634,99.6142575,346.1045209,1275.71918,285.3529412,1561.0721212,4047.21608276,5773.562871951329
Mass,H1,Ideal,CH,Hhigh,HP-HP,5,971.4773296800819,888.9741241944542,29690.42908313843,1860.4514538745361,0.616310568959687,1248.729155,715.28243,1964.011585,28.28269202,37.88247335,66.16516537,81.11150315,28.75118714,109.86269029,246.4902634,99.6142575,346.1045209,1275.71918,285.3529412,1561.0721212,4047.21608276,5907.667536634536
Mass,H1,Ideal,CH,Hhigh,HP-HPo,1,971.4773296800819,295.73400347728034,18140.085940840047,1267.2113331573623,0.48778849131077706,1248.729155,517.9205701,1766.6497251,28.28269202,22.38243748,50.6651295,81.11150315,16.37334279,97.48484594000001,246.4902634,78.33376735,324.82403075,1275.71918,285.3529412,1561.0721212,3800.69585249,5067.907185647362
Mass,H1,Ideal,CH,Hhigh,HP-HPo,2,971.4773296800819,417.35439119887747,20615.983767177873,1388.8317208789595,0.4847442484122678,1248.729155,517.9205701,1766.6497251,28.28269202,22.38243748,50.6651295,81.11150315,16.37334279,97.48484594000001,246.4902634,78.33376735,324.82403075,1275.71918,285.3529412,1561.0721212,3800.69585249,5189.52757336896
Mass,H1,Ideal,CH,Hhigh,HP-HPo,3,971.4773296800819,587.2692911080169,23719.69385601058,1558.7466207880989,0.5607579005698664,1248.729155,595.2489089,1843.9780638999998,28.28269202,28.4476689,56.730360919999995,81.11150315,21.2168471,102.32835025,246.4902634,86.66091566999998,333.15117907,1275.71918,285.3529412,1561.0721212,3897.26007534,5456.006696128099
Mass,H1,Ideal,CH,Hhigh,HP-HPo,4,971.4773296800819,796.1302113773987,27969.628817346464,1767.6075410574806,0.5693259176684901,1248.729155,800.9478006000002,2049.6769556000004,28.28269202,44.62161938,72.9043114,81.11150315,34.1328586,115.24436175,246.4902634,108.86664449999999,355.3569079,1275.71918,285.3529412,1561.0721212,4154.2546578500005,5921.862198907481
Mass,H1,Ideal,CH,Hhigh,HP-HPo,5,971.4773296800819,929.2906170233788,30443.088868120143,1900.7679467034607,0.6254473272741401,1248.729155,800.9478006000002,2049.6769556000004,28.28269202,44.62161938,72.9043114,81.11150315,34.1328586,115.24436175,246.4902634,108.86664449999999,355.3569079,1275.71918,285.3529412,1561.0721212,4154.2546578500005,6055.022604553461
Mass,H1,Ideal,CH,Hhigh,HP-R,1,971.4773296800819,1017.9099785103258,33476.99948026762,1989.3873081904076,0.6003863446555169,1248.729155,190.9509894,1439.6801444,28.28269202,3.783646588,32.066338607999995,81.11150315,4.027399057,85.138902207,246.4902634,22.43667136,268.92693476000005,1275.71918,0,1275.71918,3101.531499975,5090.918808165407
Mass,H1,Ideal,CH,Hhigh,HP-R,2,971.4773296800819,1497.6272280104167,43483.49948026763,2469.1045576904985,0.593489792931379,1248.729155,190.9509894,1439.6801444,28.28269202,3.783646588,32.066338607999995,81.11150315,4.027399057,85.138902207,246.4902634,22.43667136,268.92693476000005,1275.71918,0,1275.71918,3101.531499975,5570.636057665499
Mass,H1,Ideal,CH,Hhigh,HP-R,3,971.4773296800819,2101.9362859458083,54869.69948026763,3073.41361562589,0.846938068793448,1248.729155,234.8663891,1483.5955440999999,28.28269202,4.540375906,32.823067926,81.11150315,4.953630649,86.065133799,246.4902634,27.59671475,274.08697815,1275.71918,0,1275.71918,3152.289903975,6225.70351960089
Mass,H1,Ideal,CH,Hhigh,HP-R,4,971.4773296800819,2783.434276846971,69626.39948026762,3754.911606527053,0.9159035860348272,1248.729155,407.89785810000006,1656.6270131,28.28269202,6.558320753,34.841012773,81.11150315,8.603084246,89.714587396,246.4902634,47.92784903,294.41811243,1275.71918,0,1275.71918,3351.319905699,7106.231512226053
Mass,H1,Ideal,CH,Hhigh,HP-R,5,971.4773296800819,3322.0704794753774,79652.84948026763,4293.547809155459,1.1210759998279307,1248.729155,407.89785810000006,1656.6270131,28.28269202,6.558320753,34.841012773,81.11150315,8.603084246,89.714587396,246.4902634,47.92784903,294.41811243,1275.71918,0,1275.71918,3351.319905699,7644.867714854459
Mass,H1,Ideal,CH,Hhigh,HP-Ro,1,971.4773296800819,1061.738149900497,34306.49948026762,2033.215479580579,0.6055587584486204,1248.729155,216.2027869,1464.9319419,28.28269202,4.116960628,32.399652648,81.11150315,4.559991558,85.67149470800001,246.4902634,25.40374832,271.89401172000004,1275.71918,0,1275.71918,3130.616280976,5163.831760556579
Mass,H1,Ideal,CH,Hhigh,HP-Ro,2,971.4773296800819,1538.456345263346,44298.299480267626,2509.9336749434283,0.6055587584486204,1248.729155,216.2027869,1464.9319419,28.28269202,4.116960628,32.399652648,81.11150315,4.559991558,85.67149470800001,246.4902634,25.40374832,271.89401172000004,1275.71918,0,1275.71918,3130.616280976,5640.549955919429
Mass,H1,Ideal,CH,Hhigh,HP-Ro,3,971.4773296800819,2169.6753362148706,56222.09948026763,3141.1526658949524,0.8831449653451722,1248.729155,277.1660528,1525.8952077999998,28.28269202,5.170983671,33.453675690999994,81.11150315,5.845784319,86.95728746900001,246.4902634,32.56690976,279.05717316,1275.71918,0,1275.71918,3201.08252412,6342.235190014952
Mass,H1,Ideal,CH,Hhigh,HP-Ro,4,971.4773296800819,2905.404787230428,72062.39948026762,3876.88211691051,0.9176277239658618,1248.729155,537.5473211,1786.2764760999999,28.28269202,7.693414729,35.976106748999996,81.11150315,11.3375562,92.44905935,246.4902634,63.16161347,309.65187686999997,1275.71918,0,1275.71918,3500.0726990689996,7376.9548159795095
Mass,H1,Ideal,CH,Hhigh,HP-Ro,5,971.4773296800819,3445.49999451619,82078.34948026763,4416.977324196272,1.1779725515520687,1248.729155,537.5473211,1786.2764760999999,28.28269202,7.693414729,35.976106748999996,81.11150315,11.3375562,92.44905935,246.4902634,63.16161347,309.65187686999997,1275.71918,0,1275.71918,3500.0726990689996,7917.050023265272
Mass,H1,Ideal,CH,Hhigh,HPl_Rb-HP,1,1776.936809571554,282.04680145820726,27613.327455689243,2058.9836110297615,0.750361940150799,1134.6157125,479.5114065,1614.1271189999998,32.494596820000005,19.34982176,51.84441858,50.910440759,13.95159063,64.862031389,170.20365705000003,74.17019318,244.37385023000004,627.1897679,285.3529412,912.5427091,2887.7501282989997,4946.733739328762
Mass,H1,Ideal,CH,Hhigh,HPl_Rb-HP,2,1776.936809571554,403.90937220439395,30094.244512328343,2180.846181775948,0.7474441512869833,1134.6157125,479.5114065,1614.1271189999998,32.494596820000005,19.34982176,51.84441858,50.910440759,13.95159063,64.862031389,170.20365705000003,74.17019318,244.37385023000004,627.1897679,285.3529412,912.5427091,2887.7501282989997,5068.596310074948
Mass,H1,Ideal,CH,Hhigh,HPl_Rb-HP,3,1776.936809571554,564.7534295043026,33028.5870640124,2341.690239075857,0.8199154205671735,1134.6157125,543.696683,1678.3123954999999,32.494596820000005,24.404181279999996,56.8987781,50.910440759,17.98784422,68.898284979,170.20365705000003,81.10948345,251.31314050000003,627.1897679,285.3529412,912.5427091,2967.965308179,5309.655547254857
Mass,H1,Ideal,CH,Hhigh,HPl_Rb-HP,4,1776.936809571554,754.8694595112469,36942.917915427206,2531.806269082801,0.8388257096751942,1134.6157125,715.28243,1849.8981425,32.494596820000005,37.88247335,70.37707017000001,50.910440759,28.75118714,79.661627899,170.20365705000003,99.6142575,269.81791455,627.1897679,285.3529412,912.5427091,3182.297464219,5714.103733301801
Mass,H1,Ideal,CH,Hhigh,HPl_Rb-HP,5,1776.936809571554,888.9741241944542,39419.45668037866,2665.9109337660084,0.8842770224702461,1134.6157125,715.28243,1849.8981425,32.494596820000005,37.88247335,70.37707017000001,50.910440759,28.75118714,79.661627899,170.20365705000003,99.6142575,269.81791455,627.1897679,285.3529412,912.5427091,3182.297464219,5848.208397985009
Mass,H1,Ideal,CH,Hhigh,HPl_Rb-HPo,1,1776.936809571554,295.73400347728034,27869.113538080273,2072.6708130488346,0.7557549448213362,1134.6157125,517.9205701,1652.5362826,32.494596820000005,22.38243748,54.877034300000005,50.910440759,16.37334279,67.28378354899999,170.20365705000003,78.33376735,248.53742440000005,627.1897679,285.3529412,912.5427091,2935.777233949,5008.448046997835
Mass,H1,Ideal,CH,Hhigh,HPl_Rb-HPo,2,1776.936809571554,417.35439119887747,30345.0113644181,2194.2912007704317,0.752710701922827,1134.6157125,517.9205701,1652.5362826,32.494596820000005,22.38243748,54.877034300000005,50.910440759,16.37334279,67.28378354899999,170.20365705000003,78.33376735,248.53742440000005,627.1897679,285.3529412,912.5427091,2935.777233949,5130.068434719432
Mass,H1,Ideal,CH,Hhigh,HPl_Rb-HPo,3,1776.936809571554,587.2692911080169,33448.721453250815,2364.206100679571,0.8287243540804254,1134.6157125,595.2489089,1729.8646213999998,32.494596820000005,28.4476689,60.942265719999995,50.910440759,21.2168471,72.12728785899999,170.20365705000003,86.66091566999998,256.86457272,627.1897679,285.3529412,912.5427091,3032.341456799,5396.5475574785705
Mass,H1,Ideal,CH,Hhigh,HPl_Rb-HPo,4,1776.936809571554,796.1302113773987,37698.656414586694,2573.0670209489526,0.8372923711790492,1134.6157125,800.9478006000002,1935.5635131,32.494596820000005,44.62161938,77.1162162,50.910440759,34.1328586,85.04329935899999,170.20365705000003,108.86664449999999,279.07030155,627.1897679,285.3529412,912.5427091,3289.3360393089997,5862.403060257952
Mass,H1,Ideal,CH,Hhigh,HPl_Rb-HPo,5,1776.936809571554,929.2906170233788,40172.11646536037,2706.227426594933,0.8934137807846992,1134.6157125,800.9478006000002,1935.5635131,32.494596820000005,44.62161938,77.1162162,50.910440759,34.1328586,85.04329935899999,170.20365705000003,108.86664449999999,279.07030155,627.1897679,285.3529412,912.5427091,3289.3360393089997,5995.563465903933
Mass,H1,Ideal,CH,Hhigh,HPl_Rb-R,1,1776.936809571554,1017.9099785103258,43206.02707750785,2794.84678808188,0.868352798166076,1134.6157125,190.9509894,1325.5667018999998,32.494596820000005,3.783646588,36.278243408,50.910440759,4.027399057,54.93783981599999,170.20365705000003,22.43667136,192.64032841,627.1897679,0,627.1897679,2236.6128814339995,5031.45966951588
Mass,H1,Ideal,CH,Hhigh,HPl_Rb-R,2,1776.936809571554,1497.6272280104167,53212.52707750786,3274.564037581971,0.8614562464419382,1134.6157125,190.9509894,1325.5667018999998,32.494596820000005,3.783646588,36.278243408,50.910440759,4.027399057,54.93783981599999,170.20365705000003,22.43667136,192.64032841,627.1897679,0,627.1897679,2236.6128814339995,5511.17691901597
Mass,H1,Ideal,CH,Hhigh,HPl_Rb-R,3,1776.936809571554,2101.9362859458083,64598.72707750786,3878.873095517362,1.114904522304007,1134.6157125,234.8663891,1369.4821015999999,32.494596820000005,4.540375906,37.034972726,50.910440759,4.953630649,55.864071407999994,170.20365705000003,27.59671475,197.80037180000002,627.1897679,0,627.1897679,2287.3712854339997,6166.244380951362
Mass,H1,Ideal,CH,Hhigh,HPl_Rb-R,4,1776.936809571554,2783.434276846971,79355.42707750785,4560.371086418525,1.1838700395453863,1134.6157125,407.89785810000006,1542.5135706,32.494596820000005,6.558320753,39.05291757300001,50.910440759,8.603084246,59.513525005,170.20365705000003,47.92784903,218.13150608,627.1897679,0,627.1897679,2486.4012871580003,7046.772373576525
Mass,H1,Ideal,CH,Hhigh,HPl_Rb-R,5,1776.936809571554,3322.0704794753774,89381.87707750784,5099.007289046931,1.3890424533384897,1134.6157125,407.89785810000006,1542.5135706,32.494596820000005,6.558320753,39.05291757300001,50.910440759,8.603084246,59.513525005,170.20365705000003,47.92784903,218.13150608,627.1897679,0,627.1897679,2486.4012871580003,7585.408576204931
Mass,H1,Ideal,CH,Hhigh,HPl_Rb-Ro,1,1776.936809571554,1061.738149900497,44035.52707750785,2838.6749594720513,0.8735252119591794,1134.6157125,216.2027869,1350.8184994,32.494596820000005,4.116960628,36.611557448,50.910440759,4.559991558,55.470432317,170.20365705000003,25.40374832,195.60740537000004,627.1897679,0,627.1897679,2265.697662435,5104.372621907051
Mass,H1,Ideal,CH,Hhigh,HPl_Rb-Ro,2,1776.936809571554,1538.456345263346,54027.32707750784,3315.3931548349005,0.8735252119591794,1134.6157125,216.2027869,1350.8184994,32.494596820000005,4.116960628,36.611557448,50.910440759,4.559991558,55.470432317,170.20365705000003,25.40374832,195.60740537000004,627.1897679,0,627.1897679,2265.697662435,5581.0908172699
Mass,H1,Ideal,CH,Hhigh,HPl_Rb-Ro,3,1776.936809571554,2169.6753362148706,65951.12707750784,3946.6121457864247,1.1511114188557312,1134.6157125,277.1660528,1411.7817652999997,32.494596820000005,5.170983671,37.665580491,50.910440759,5.845784319,56.756225078,170.20365705000003,32.56690976,202.77056681000002,627.1897679,0,627.1897679,2336.1639055789997,6282.776051365425
Mass,H1,Ideal,CH,Hhigh,HPl_Rb-Ro,4,1776.936809571554,2905.404787230428,81791.42707750785,4682.341596801983,1.185594177476421,1134.6157125,537.5473211,1672.1630335999998,32.494596820000005,7.693414729,40.188011549,50.910440759,11.3375562,62.247996959,170.20365705000003,63.16161347,233.36527052000002,627.1897679,0,627.1897679,2635.1540805279997,7317.495677329982
Mass,H1,Ideal,CH,Hhigh,HPl_Rb-Ro,5,1776.936809571554,3445.49999451619,91807.37707750784,5222.436804087744,1.4459390050626277,1134.6157125,537.5473211,1672.1630335999998,32.494596820000005,7.693414729,40.188011549,50.910440759,11.3375562,62.247996959,170.20365705000003,63.16161347,233.36527052000002,627.1897679,0,627.1897679,2635.1540805279997,7857.590884615744
Mass,H1,Ideal,CH,Hhigh,HYD1000-HYD1000,3,NA,NA,33961.96797018283,2307.4787927343536,1.0094985827839158,NA,NA,3677.333192,NA,NA,124.0935889,NA,NA,112.32240350000001,NA,NA,717.9529673000001,NA,NA,2096.290777,6727.9929287,9035.471721434355
Mass,H1,Ideal,CH,Hhigh,HYD1000-HYD1000,4,NA,NA,37111.047744209965,2471.1172155347044,0.9890772698206612,NA,NA,3677.333192,NA,NA,124.0935889,NA,NA,112.32240350000001,NA,NA,717.9529673000001,NA,NA,2096.290777,6727.9929287,9199.110144234704
Mass,H1,Ideal,CH,Hhigh,HYD1000-HYD1000,5,NA,NA,40262.973409347505,2649.5073708808823,1.1026588988511234,NA,NA,3677.333192,NA,NA,124.0935889,NA,NA,112.32240350000001,NA,NA,717.9529673000001,NA,NA,2096.290777,6727.9929287,9377.500299580883
Mass,H1,Ideal,CH,Hhigh,HYD200-HYD200,3,NA,NA,28570.852770529444,1975.9159364781233,0.8239087132363403,NA,NA,3294.880518,NA,NA,120.05053259999998,NA,NA,118.0814058,NA,NA,553.0027961,NA,NA,2249.519027,6335.5342795,8311.450215978122
Mass,H1,Ideal,CH,Hhigh,HYD200-HYD200,4,NA,NA,31386.12611125514,2114.778979227746,0.8036656242138535,NA,NA,3294.880518,NA,NA,120.05053259999998,NA,NA,118.0814058,NA,NA,553.0027961,NA,NA,2249.519027,6335.5342795,8450.313258727745
Mass,H1,Ideal,CH,Hhigh,HYD200-HYD200,5,NA,NA,34333.47443431575,2272.47408862404,0.8721846478991944,NA,NA,3294.880518,NA,NA,120.05053259999998,NA,NA,118.0814058,NA,NA,553.0027961,NA,NA,2249.519027,6335.5342795,8608.00836812404
Mass,H1,Ideal,CH,Hhigh,HYD500-HYD500,3,NA,NA,30418.85844581611,2042.9190995879471,0.8870462927966823,NA,NA,3393.333459,NA,NA,118.33822830000001,NA,NA,114.78148169999999,NA,NA,594.4341117,NA,NA,2118.180527,6339.067807699999,8381.986907287946
Mass,H1,Ideal,CH,Hhigh,HYD500-HYD500,4,NA,NA,33520.43368169569,2195.1309188428763,0.88095247399336,NA,NA,3393.333459,NA,NA,118.33822830000001,NA,NA,114.78148169999999,NA,NA,594.4341117,NA,NA,2118.180527,6339.067807699999,8534.198726542876
Mass,H1,Ideal,CH,Hhigh,HYD500-HYD500,5,NA,NA,36736.55883260742,2368.5819690471317,0.9669645854077604,NA,NA,3393.333459,NA,NA,118.33822830000001,NA,NA,114.78148169999999,NA,NA,594.4341117,NA,NA,2118.180527,6339.067807699999,8707.64977674713
Mass,H1,Ideal,CH,Hhigh,R-HP,1,3120.6971201247707,282.04680145820726,45904.76524678659,3402.743921582978,1.447661758403675,831.3671301,479.5114065,1310.8785366,38.89839479,19.34982176,58.24821655,4.400098522,13.95159063,18.351689152000002,46.09699423,74.17019318,120.26718741,0,285.3529412,285.3529412,1793.098570912,5195.842492494978
Mass,H1,Ideal,CH,Hhigh,R-HP,2,3120.6971201247707,403.90937220439395,48385.68230342569,3524.6064923291647,1.4447439695398594,831.3671301,479.5114065,1310.8785366,38.89839479,19.34982176,58.24821655,4.400098522,13.95159063,18.351689152000002,46.09699423,74.17019318,120.26718741,0,285.3529412,285.3529412,1793.098570912,5317.705063241165
Mass,H1,Ideal,CH,Hhigh,R-HP,3,3120.6971201247707,564.7534295043026,51320.02485510975,3685.4505496290735,1.5172152388200495,831.3671301,543.696683,1375.0638131000003,38.89839479,24.404181279999996,63.30257606999999,4.400098522,17.98784422,22.387942742,46.09699423,81.10948345,127.20647767999999,0,285.3529412,285.3529412,1873.3137507920003,5558.764300421074
Mass,H1,Ideal,CH,Hhigh,R-HP,4,3120.6971201247707,754.8694595112469,55234.355706524555,3875.5665796360177,1.5361255279280701,831.3671301,715.28243,1546.6495601000001,38.89839479,37.88247335,76.78086814,4.400098522,28.75118714,33.151285662,46.09699423,99.6142575,145.71125173,0,285.3529412,285.3529412,2087.645906832,5963.212486468017
Mass,H1,Ideal,CH,Hhigh,R-HP,5,3120.6971201247707,888.9741241944542,57710.89447147601,4009.671244319225,1.581576840723122,831.3671301,715.28243,1546.6495601000001,38.89839479,37.88247335,76.78086814,4.400098522,28.75118714,33.151285662,46.09699423,99.6142575,145.71125173,0,285.3529412,285.3529412,2087.645906832,6097.317151151225
Mass,H1,Ideal,CH,Hhigh,R-HPo,1,3120.6971201247707,295.73400347728034,46160.55132917762,3416.431123602051,1.453054763074212,831.3671301,517.9205701,1349.2877002,38.89839479,22.38243748,61.280832270000005,4.400098522,16.37334279,20.773441312,46.09699423,78.33376735,124.43076158,0,285.3529412,285.3529412,1841.125676562,5257.556800164051
Mass,H1,Ideal,CH,Hhigh,R-HPo,2,3120.6971201247707,417.35439119887747,48636.44915551544,3538.0515113236484,1.450010520175703,831.3671301,517.9205701,1349.2877002,38.89839479,22.38243748,61.280832270000005,4.400098522,16.37334279,20.773441312,46.09699423,78.33376735,124.43076158,0,285.3529412,285.3529412,1841.125676562,5379.177187885649
Mass,H1,Ideal,CH,Hhigh,R-HPo,3,3120.6971201247707,587.2692911080169,51740.15924434815,3707.966411232788,1.5260241723333015,831.3671301,595.2489089,1426.6160389999998,38.89839479,28.4476689,67.34606369,4.400098522,21.2168471,25.616945622,46.09699423,86.66091566999998,132.7579099,0,285.3529412,285.3529412,1937.6898994119997,5645.6563106447875
Mass,H1,Ideal,CH,Hhigh,R-HPo,4,3120.6971201247707,796.1302113773987,55990.094205684036,3916.8273315021693,1.5345921894319252,831.3671301,800.9478006000002,1632.3149307,38.89839479,44.62161938,83.52001417,4.400098522,34.1328586,38.532957122,46.09699423,108.86664449999999,154.96363872999999,0,285.3529412,285.3529412,2194.684481922,6111.511813424169
Mass,H1,Ideal,CH,Hhigh,R-HPo,5,3120.6971201247707,929.2906170233788,58463.55425645771,4049.98773714815,1.5907135990375751,831.3671301,800.9478006000002,1632.3149307,38.89839479,44.62161938,83.52001417,4.400098522,34.1328586,38.532957122,46.09699423,108.86664449999999,154.96363872999999,0,285.3529412,285.3529412,2194.684481922,6244.672219070149
Mass,H1,Ideal,CH,Hhigh,R-R,1,3120.6971201247707,1017.9099785103258,61497.46486860519,4138.607098635097,1.565652616418952,831.3671301,190.9509894,1022.3181195,38.89839479,3.783646588,42.682041378,4.400098522,4.027399057,8.427497579,46.09699423,22.43667136,68.53366559,0,0,0,1141.9613240469998,5280.568422682097
Mass,H1,Ideal,CH,Hhigh,R-R,2,3120.6971201247707,1497.6272280104167,71503.9648686052,4618.324348135187,1.5587560646948142,831.3671301,190.9509894,1022.3181195,38.89839479,3.783646588,42.682041378,4.400098522,4.027399057,8.427497579,46.09699423,22.43667136,68.53366559,0,0,0,1141.9613240469998,5760.285672182187
Mass,H1,Ideal,CH,Hhigh,R-R,3,3120.6971201247707,2101.9362859458083,82890.16486860519,5222.6334060705785,1.812204340556883,831.3671301,234.8663891,1066.2335192,38.89839479,4.540375906,43.438770696,4.400098522,4.953630649,9.353729171,46.09699423,27.59671475,73.69370898,0,0,0,1192.719728047,6415.3531341175785
Mass,H1,Ideal,CH,Hhigh,R-R,4,3120.6971201247707,2783.434276846971,97646.86486860519,5904.131396971742,1.8811698577982625,831.3671301,407.89785810000006,1239.2649882,38.89839479,6.558320753,45.456715542999994,4.400098522,8.603084246,13.003182767999999,46.09699423,47.92784903,94.02484326,0,0,0,1391.749729771,7295.881126742742
Mass,H1,Ideal,CH,Hhigh,R-R,5,3120.6971201247707,3322.0704794753774,107673.3148686052,6442.767599600148,2.086342271591366,831.3671301,407.89785810000006,1239.2649882,38.89839479,6.558320753,45.456715542999994,4.400098522,8.603084246,13.003182767999999,46.09699423,47.92784903,94.02484326,0,0,0,1391.749729771,7834.517329371148
Mass,H1,Ideal,CH,Hhigh,R-Ro,1,3120.6971201247707,1061.738149900497,62326.96486860519,4182.4352700252675,1.5708250302120554,831.3671301,216.2027869,1047.569917,38.89839479,4.116960628,43.015355418000006,4.400098522,4.559991558,8.96009008,46.09699423,25.40374832,71.50074255,0,0,0,1171.046105048,5353.481375073267
Mass,H1,Ideal,CH,Hhigh,R-Ro,2,3120.6971201247707,1538.456345263346,72318.7648686052,4659.153465388117,1.5708250302120554,831.3671301,216.2027869,1047.569917,38.89839479,4.116960628,43.015355418000006,4.400098522,4.559991558,8.96009008,46.09699423,25.40374832,71.50074255,0,0,0,1171.046105048,5830.199570436117
Mass,H1,Ideal,CH,Hhigh,R-Ro,3,3120.6971201247707,2169.6753362148706,84242.5648686052,5290.372456339641,1.8484112371086072,831.3671301,277.1660528,1108.5331829000002,38.89839479,5.170983671,44.069378461,4.400098522,5.845784319,10.245882841,46.09699423,32.56690976,78.66390399,0,0,0,1241.512348192,6531.884804531641
Mass,H1,Ideal,CH,Hhigh,R-Ro,4,3120.6971201247707,2905.404787230428,100082.86486860519,6026.101907355199,1.882893995729297,831.3671301,537.5473211,1368.9144511999998,38.89839479,7.693414729,46.591809519,4.400098522,11.3375562,15.737654722000002,46.09699423,63.16161347,109.2586077,0,0,0,1540.502523141,7566.604430496199
Mass,H1,Ideal,CH,Hhigh,R-Ro,5,3120.6971201247707,3445.49999451619,110098.8148686052,6566.1971146409605,2.143238823315504,831.3671301,537.5473211,1368.9144511999998,38.89839479,7.693414729,46.591809519,4.400098522,11.3375562,15.737654722000002,46.09699423,63.16161347,109.2586077,0,0,0,1540.502523141,8106.6996377819605
Mass,H1,Ideal,CH,Hlow,HP-HP,1,1386.2092572655947,372.30840607725435,17884.299858449016,1758.5176633428491,0.48239548664023996,1248.729155,479.5114065,1728.2405615000002,28.28269202,19.34982176,47.63251378,81.11150315,13.95159063,95.06309378,246.4902634,74.17019318,320.66045658,1275.71918,285.3529412,1561.0721212,3752.6687468400005,5511.18641018285
Mass,H1,Ideal,CH,Hlow,HP-HP,2,1386.2092572655947,532.223798557884,20365.216915088116,1918.4330558234788,0.47947769777642424,1248.729155,479.5114065,1728.2405615000002,28.28269202,19.34982176,47.63251378,81.11150315,13.95159063,95.06309378,246.4902634,74.17019318,320.66045658,1275.71918,285.3529412,1561.0721212,3752.6687468400005,5671.101802663479
Mass,H1,Ideal,CH,Hlow,HP-HP,3,1386.2092572655947,748.8334885818209,23299.559466772167,2135.042745847416,0.5519489670566143,1248.729155,543.696683,1792.425838,28.28269202,24.404181279999996,52.686873299999995,81.11150315,17.98784422,99.09934736999999,246.4902634,81.10948345,327.59974685000003,1275.71918,285.3529412,1561.0721212,3832.88392672,5967.926672567416
Mass,H1,Ideal,CH,Hlow,HP-HP,4,1386.2092572655947,980.1839765985918,27213.890318186983,2366.3932338641866,0.5708592561646351,1248.729155,715.28243,1964.011585,28.28269202,37.88247335,66.16516537,81.11150315,28.75118714,109.86269029,246.4902634,99.6142575,346.1045209,1275.71918,285.3529412,1561.0721212,4047.21608276,6413.609316624186
Mass,H1,Ideal,CH,Hlow,HP-HP,5,1386.2092572655947,1142.7371888019713,29690.42908313843,2528.946446067566,0.616310568959687,1248.729155,715.28243,1964.011585,28.28269202,37.88247335,66.16516537,81.11150315,28.75118714,109.86269029,246.4902634,99.6142575,346.1045209,1275.71918,285.3529412,1561.0721212,4047.21608276,6576.162528827566
Mass,H1,Ideal,CH,Hlow,HP-HPo,1,1386.2092572655947,389.14955936195724,18140.085940840047,1775.3588166275522,0.48778849131077706,1248.729155,517.9205701,1766.6497251,28.28269202,22.38243748,50.6651295,81.11150315,16.37334279,97.48484594000001,246.4902634,78.33376735,324.82403075,1275.71918,285.3529412,1561.0721212,3800.69585249,5576.054669117552
Mass,H1,Ideal,CH,Hlow,HP-HPo,2,1386.2092572655947,549.0544418571677,20615.983767177873,1935.2636991227625,0.4847442484122678,1248.729155,517.9205701,1766.6497251,28.28269202,22.38243748,50.6651295,81.11150315,16.37334279,97.48484594000001,246.4902634,78.33376735,324.82403075,1275.71918,285.3529412,1561.0721212,3800.69585249,5735.959551612763
Mass,H1,Ideal,CH,Hlow,HP-HPo,3,1386.2092572655947,778.0206423000375,23719.69385601058,2164.2298995656324,0.5607579005698664,1248.729155,595.2489089,1843.9780638999998,28.28269202,28.4476689,56.730360919999995,81.11150315,21.2168471,102.32835025,246.4902634,86.66091566999998,333.15117907,1275.71918,285.3529412,1561.0721212,3897.26007534,6061.489974905633
Mass,H1,Ideal,CH,Hlow,HP-HPo,4,1386.2092572655947,1031.9915143232504,27969.628817346464,2418.2007715888453,0.5693259176684901,1248.729155,800.9478006000002,2049.6769556000004,28.28269202,44.62161938,72.9043114,81.11150315,34.1328586,115.24436175,246.4902634,108.86664449999999,355.3569079,1275.71918,285.3529412,1561.0721212,4154.2546578500005,6572.455429438845
Mass,H1,Ideal,CH,Hlow,HP-HPo,5,1386.2092572655947,1193.5070035008418,30443.088868120143,2579.716260766437,0.6254473272741401,1248.729155,800.9478006000002,2049.6769556000004,28.28269202,44.62161938,72.9043114,81.11150315,34.1328586,115.24436175,246.4902634,108.86664449999999,355.3569079,1275.71918,285.3529412,1561.0721212,4154.2546578500005,6733.970918616437
Mass,H1,Ideal,CH,Hlow,HP-R,1,1386.2092572655947,1326.4772221627102,33476.99948026762,2712.686479428305,0.6003863446555169,1248.729155,190.9509894,1439.6801444,28.28269202,3.783646588,32.066338607999995,81.11150315,4.027399057,85.138902207,246.4902634,22.43667136,268.92693476000005,1275.71918,0,1275.71918,3101.531499975,5814.217979403305
Mass,H1,Ideal,CH,Hlow,HP-R,2,1386.2092572655947,1953.0899037321874,43483.49948026763,3339.299160997782,0.593489792931379,1248.729155,190.9509894,1439.6801444,28.28269202,3.783646588,32.066338607999995,81.11150315,4.027399057,85.138902207,246.4902634,22.43667136,268.92693476000005,1275.71918,0,1275.71918,3101.531499975,6440.830660972782
Mass,H1,Ideal,CH,Hlow,HP-R,3,1386.2092572655947,2755.547060955901,54869.69948026763,4141.756318221496,0.846938068793448,1248.729155,234.8663891,1483.5955440999999,28.28269202,4.540375906,32.823067926,81.11150315,4.953630649,86.065133799,246.4902634,27.59671475,274.08697815,1275.71918,0,1275.71918,3152.289903975,7294.046222196496
Mass,H1,Ideal,CH,Hlow,HP-R,4,1386.2092572655947,3559.8614306749255,69626.39948026762,4946.070687940521,0.9159035860348272,1248.729155,407.89785810000006,1656.6270131,28.28269202,6.558320753,34.841012773,81.11150315,8.603084246,89.714587396,246.4902634,47.92784903,294.41811243,1275.71918,0,1275.71918,3351.319905699,8297.39059363952
Mass,H1,Ideal,CH,Hlow,HP-R,5,1386.2092572655947,4209.577289410385,79652.84948026763,5595.7865466759795,1.1210759998279307,1248.729155,407.89785810000006,1656.6270131,28.28269202,6.558320753,34.841012773,81.11150315,8.603084246,89.714587396,246.4902634,47.92784903,294.41811243,1275.71918,0,1275.71918,3351.319905699,8947.10645237498
Mass,H1,Ideal,CH,Hlow,HP-Ro,1,1386.2092572655947,1378.3703594628885,34306.49948026762,2764.5796167284834,0.6055587584486204,1248.729155,216.2027869,1464.9319419,28.28269202,4.116960628,32.399652648,81.11150315,4.559991558,85.67149470800001,246.4902634,25.40374832,271.89401172000004,1275.71918,0,1275.71918,3130.616280976,5895.195897704483
Mass,H1,Ideal,CH,Hlow,HP-Ro,2,1386.2092572655947,2003.5109954738573,44298.299480267626,3389.720252739452,0.6055587584486204,1248.729155,216.2027869,1464.9319419,28.28269202,4.116960628,32.399652648,81.11150315,4.559991558,85.67149470800001,246.4902634,25.40374832,271.89401172000004,1275.71918,0,1275.71918,3130.616280976,6520.336533715452
Mass,H1,Ideal,CH,Hlow,HP-Ro,3,1386.2092572655947,2837.534301570244,56222.09948026763,4223.743558835839,0.8831449653451722,1248.729155,277.1660528,1525.8952077999998,28.28269202,5.170983671,33.453675690999994,81.11150315,5.845784319,86.95728746900001,246.4902634,32.56690976,279.05717316,1275.71918,0,1275.71918,3201.08252412,7424.826082955839
Mass,H1,Ideal,CH,Hlow,HP-Ro,4,1386.2092572655947,3712.6020944108504,72062.39948026762,5098.811351676445,0.9176277239658618,1248.729155,537.5473211,1786.2764760999999,28.28269202,7.693414729,35.976106748999996,81.11150315,11.3375562,92.44905935,246.4902634,63.16161347,309.65187686999997,1275.71918,0,1275.71918,3500.0726990689996,8598.884050745444
Mass,H1,Ideal,CH,Hlow,HP-Ro,5,1386.2092572655947,4362.2475957763645,82078.34948026763,5748.456853041959,1.1779725515520687,1248.729155,537.5473211,1786.2764760999999,28.28269202,7.693414729,35.976106748999996,81.11150315,11.3375562,92.44905935,246.4902634,63.16161347,309.65187686999997,1275.71918,0,1275.71918,3500.0726990689996,9248.529552110958
Mass,H1,Ideal,CH,Hlow,HPl_Rb-HP,1,2546.914750246836,372.30840607725435,27613.327455689243,2919.2231563240903,0.750361940150799,1134.6157125,479.5114065,1614.1271189999998,32.494596820000005,19.34982176,51.84441858,50.910440759,13.95159063,64.862031389,170.20365705000003,74.17019318,244.37385023000004,627.1897679,285.3529412,912.5427091,2887.7501282989997,5806.97328462309
Mass,H1,Ideal,CH,Hlow,HPl_Rb-HP,2,2546.914750246836,532.223798557884,30094.244512328343,3079.13854880472,0.7474441512869833,1134.6157125,479.5114065,1614.1271189999998,32.494596820000005,19.34982176,51.84441858,50.910440759,13.95159063,64.862031389,170.20365705000003,74.17019318,244.37385023000004,627.1897679,285.3529412,912.5427091,2887.7501282989997,5966.88867710372
Mass,H1,Ideal,CH,Hlow,HPl_Rb-HP,3,2546.914750246836,748.8334885818209,33028.5870640124,3295.7482388286567,0.8199154205671735,1134.6157125,543.696683,1678.3123954999999,32.494596820000005,24.404181279999996,56.8987781,50.910440759,17.98784422,68.898284979,170.20365705000003,81.10948345,251.31314050000003,627.1897679,285.3529412,912.5427091,2967.965308179,6263.713547007657
Mass,H1,Ideal,CH,Hlow,HPl_Rb-HP,4,2546.914750246836,980.1839765985918,36942.917915427206,3527.098726845428,0.8388257096751942,1134.6157125,715.28243,1849.8981425,32.494596820000005,37.88247335,70.37707017000001,50.910440759,28.75118714,79.661627899,170.20365705000003,99.6142575,269.81791455,627.1897679,285.3529412,912.5427091,3182.297464219,6709.396191064428
Mass,H1,Ideal,CH,Hlow,HPl_Rb-HP,5,2546.914750246836,1142.7371888019713,39419.45668037866,3689.651939048807,0.8842770224702461,1134.6157125,715.28243,1849.8981425,32.494596820000005,37.88247335,70.37707017000001,50.910440759,28.75118714,79.661627899,170.20365705000003,99.6142575,269.81791455,627.1897679,285.3529412,912.5427091,3182.297464219,6871.949403267807
Mass,H1,Ideal,CH,Hlow,HPl_Rb-HPo,1,2546.914750246836,389.14955936195724,27869.113538080273,2936.064309608793,0.7557549448213362,1134.6157125,517.9205701,1652.5362826,32.494596820000005,22.38243748,54.877034300000005,50.910440759,16.37334279,67.28378354899999,170.20365705000003,78.33376735,248.53742440000005,627.1897679,285.3529412,912.5427091,2935.777233949,5871.841543557794
Mass,H1,Ideal,CH,Hlow,HPl_Rb-HPo,2,2546.914750246836,549.0544418571677,30345.0113644181,3095.9691921040035,0.752710701922827,1134.6157125,517.9205701,1652.5362826,32.494596820000005,22.38243748,54.877034300000005,50.910440759,16.37334279,67.28378354899999,170.20365705000003,78.33376735,248.53742440000005,627.1897679,285.3529412,912.5427091,2935.777233949,6031.746426053003
Mass,H1,Ideal,CH,Hlow,HPl_Rb-HPo,3,2546.914750246836,778.0206423000375,33448.721453250815,3324.9353925468736,0.8287243540804254,1134.6157125,595.2489089,1729.8646213999998,32.494596820000005,28.4476689,60.942265719999995,50.910440759,21.2168471,72.12728785899999,170.20365705000003,86.66091566999998,256.86457272,627.1897679,285.3529412,912.5427091,3032.341456799,6357.276849345873
Mass,H1,Ideal,CH,Hlow,HPl_Rb-HPo,4,2546.914750246836,1031.9915143232504,37698.656414586694,3578.9062645700865,0.8372923711790492,1134.6157125,800.9478006000002,1935.5635131,32.494596820000005,44.62161938,77.1162162,50.910440759,34.1328586,85.04329935899999,170.20365705000003,108.86664449999999,279.07030155,627.1897679,285.3529412,912.5427091,3289.3360393089997,6868.242303879086
Mass,H1,Ideal,CH,Hlow,HPl_Rb-HPo,5,2546.914750246836,1193.5070035008418,40172.11646536037,3740.421753747678,0.8934137807846992,1134.6157125,800.9478006000002,1935.5635131,32.494596820000005,44.62161938,77.1162162,50.910440759,34.1328586,85.04329935899999,170.20365705000003,108.86664449999999,279.07030155,627.1897679,285.3529412,912.5427091,3289.3360393089997,7029.757793056678
Mass,H1,Ideal,CH,Hlow,HPl_Rb-R,1,2546.914750246836,1326.4772221627102,43206.02707750785,3873.391972409546,0.868352798166076,1134.6157125,190.9509894,1325.5667018999998,32.494596820000005,3.783646588,36.278243408,50.910440759,4.027399057,54.93783981599999,170.20365705000003,22.43667136,192.64032841,627.1897679,0,627.1897679,2236.6128814339995,6110.004853843546
Mass,H1,Ideal,CH,Hlow,HPl_Rb-R,2,2546.914750246836,1953.0899037321874,53212.52707750786,4500.004653979024,0.8614562464419382,1134.6157125,190.9509894,1325.5667018999998,32.494596820000005,3.783646588,36.278243408,50.910440759,4.027399057,54.93783981599999,170.20365705000003,22.43667136,192.64032841,627.1897679,0,627.1897679,2236.6128814339995,6736.617535413023
Mass,H1,Ideal,CH,Hlow,HPl_Rb-R,3,2546.914750246836,2755.547060955901,64598.72707750786,5302.461811202737,1.114904522304007,1134.6157125,234.8663891,1369.4821015999999,32.494596820000005,4.540375906,37.034972726,50.910440759,4.953630649,55.864071407999994,170.20365705000003,27.59671475,197.80037180000002,627.1897679,0,627.1897679,2287.3712854339997,7589.8330966367375
Mass,H1,Ideal,CH,Hlow,HPl_Rb-R,4,2546.914750246836,3559.8614306749255,79355.42707750785,6106.776180921761,1.1838700395453863,1134.6157125,407.89785810000006,1542.5135706,32.494596820000005,6.558320753,39.05291757300001,50.910440759,8.603084246,59.513525005,170.20365705000003,47.92784903,218.13150608,627.1897679,0,627.1897679,2486.4012871580003,8593.17746807976
Mass,H1,Ideal,CH,Hlow,HPl_Rb-R,5,2546.914750246836,4209.577289410385,89381.87707750784,6756.492039657221,1.3890424533384897,1134.6157125,407.89785810000006,1542.5135706,32.494596820000005,6.558320753,39.05291757300001,50.910440759,8.603084246,59.513525005,170.20365705000003,47.92784903,218.13150608,627.1897679,0,627.1897679,2486.4012871580003,9242.893326815221
Mass,H1,Ideal,CH,Hlow,HPl_Rb-Ro,1,2546.914750246836,1378.3703594628885,44035.52707750785,3925.2851097097246,0.8735252119591794,1134.6157125,216.2027869,1350.8184994,32.494596820000005,4.116960628,36.611557448,50.910440759,4.559991558,55.470432317,170.20365705000003,25.40374832,195.60740537000004,627.1897679,0,627.1897679,2265.697662435,6190.982772144725
Mass,H1,Ideal,CH,Hlow,HPl_Rb-Ro,2,2546.914750246836,2003.5109954738573,54027.32707750784,4550.425745720693,0.8735252119591794,1134.6157125,216.2027869,1350.8184994,32.494596820000005,4.116960628,36.611557448,50.910440759,4.559991558,55.470432317,170.20365705000003,25.40374832,195.60740537000004,627.1897679,0,627.1897679,2265.697662435,6816.123408155693
Mass,H1,Ideal,CH,Hlow,HPl_Rb-Ro,3,2546.914750246836,2837.534301570244,65951.12707750784,5384.4490518170805,1.1511114188557312,1134.6157125,277.1660528,1411.7817652999997,32.494596820000005,5.170983671,37.665580491,50.910440759,5.845784319,56.756225078,170.20365705000003,32.56690976,202.77056681000002,627.1897679,0,627.1897679,2336.1639055789997,7720.612957396081
Mass,H1,Ideal,CH,Hlow,HPl_Rb-Ro,4,2546.914750246836,3712.6020944108504,81791.42707750785,6259.516844657686,1.185594177476421,1134.6157125,537.5473211,1672.1630335999998,32.494596820000005,7.693414729,40.188011549,50.910440759,11.3375562,62.247996959,170.20365705000003,63.16161347,233.36527052000002,627.1897679,0,627.1897679,2635.1540805279997,8894.670925185686
Mass,H1,Ideal,CH,Hlow,HPl_Rb-Ro,5,2546.914750246836,4362.2475957763645,91807.37707750784,6909.1623460232,1.4459390050626277,1134.6157125,537.5473211,1672.1630335999998,32.494596820000005,7.693414729,40.188011549,50.910440759,11.3375562,62.247996959,170.20365705000003,63.16161347,233.36527052000002,627.1897679,0,627.1897679,2635.1540805279997,9544.3164265512
Mass,H1,Ideal,CH,Hlow,HYD1000-HYD1000,3,NA,NA,33961.96797018283,3169.4111590552557,1.0094985827839158,NA,NA,3677.333192,NA,NA,124.0935889,NA,NA,112.32240350000001,NA,NA,717.9529673000001,NA,NA,2096.290777,6727.9929287,9897.404087755256
Mass,H1,Ideal,CH,Hlow,HYD1000-HYD1000,4,NA,NA,37111.047744209965,3365.107634543622,0.9890772698206612,NA,NA,3677.333192,NA,NA,124.0935889,NA,NA,112.32240350000001,NA,NA,717.9529673000001,NA,NA,2096.290777,6727.9929287,10093.100563243623
Mass,H1,Ideal,CH,Hlow,HYD1000-HYD1000,5,NA,NA,40262.973409347505,3579.1111450999906,1.1026588988511234,NA,NA,3677.333192,NA,NA,124.0935889,NA,NA,112.32240350000001,NA,NA,717.9529673000001,NA,NA,2096.290777,6727.9929287,10307.10407379999
Mass,H1,Ideal,CH,Hlow,HYD200-HYD200,3,NA,NA,28570.852770529444,2757.0798586403102,0.8239087132363403,NA,NA,3294.880518,NA,NA,120.05053259999998,NA,NA,118.0814058,NA,NA,553.0027961,NA,NA,2249.519027,6335.5342795,9092.61413814031
Mass,H1,Ideal,CH,Hlow,HYD200-HYD200,4,NA,NA,31386.12611125514,2924.898676533326,0.8036656242138535,NA,NA,3294.880518,NA,NA,120.05053259999998,NA,NA,118.0814058,NA,NA,553.0027961,NA,NA,2249.519027,6335.5342795,9260.432956033326
Mass,H1,Ideal,CH,Hlow,HYD200-HYD200,5,NA,NA,34333.47443431575,3121.2637640456464,0.8721846478991944,NA,NA,3294.880518,NA,NA,120.05053259999998,NA,NA,118.0814058,NA,NA,553.0027961,NA,NA,2249.519027,6335.5342795,9456.798043545647
Mass,H1,Ideal,CH,Hlow,HYD500-HYD500,3,NA,NA,30418.85844581611,2811.3549038967926,0.8870462927966823,NA,NA,3393.333459,NA,NA,118.33822830000001,NA,NA,114.78148169999999,NA,NA,594.4341117,NA,NA,2118.180527,6339.067807699999,9150.422711596791
Mass,H1,Ideal,CH,Hlow,HYD500-HYD500,4,NA,NA,33520.43368169569,2990.8543342866337,0.88095247399336,NA,NA,3393.333459,NA,NA,118.33822830000001,NA,NA,114.78148169999999,NA,NA,594.4341117,NA,NA,2118.180527,6339.067807699999,9329.922141986634
Mass,H1,Ideal,CH,Hlow,HYD500-HYD500,5,NA,NA,36736.55883260742,3201.494135731845,0.9669645854077604,NA,NA,3393.333459,NA,NA,118.33822830000001,NA,NA,114.78148169999999,NA,NA,594.4341117,NA,NA,2118.180527,6339.067807699999,9540.561943431843
Mass,H1,Ideal,CH,Hlow,R-HP,1,4442.039021985682,372.30840607725435,45904.76524678659,4814.347428062936,1.447661758403675,831.3671301,479.5114065,1310.8785366,38.89839479,19.34982176,58.24821655,4.400098522,13.95159063,18.351689152000002,46.09699423,74.17019318,120.26718741,0,285.3529412,285.3529412,1793.098570912,6607.445998974936
Mass,H1,Ideal,CH,Hlow,R-HP,2,4442.039021985682,532.223798557884,48385.68230342569,4974.262820543566,1.4447439695398594,831.3671301,479.5114065,1310.8785366,38.89839479,19.34982176,58.24821655,4.400098522,13.95159063,18.351689152000002,46.09699423,74.17019318,120.26718741,0,285.3529412,285.3529412,1793.098570912,6767.361391455566
Mass,H1,Ideal,CH,Hlow,R-HP,3,4442.039021985682,748.8334885818209,51320.02485510975,5190.872510567503,1.5172152388200495,831.3671301,543.696683,1375.0638131000003,38.89839479,24.404181279999996,63.30257606999999,4.400098522,17.98784422,22.387942742,46.09699423,81.10948345,127.20647767999999,0,285.3529412,285.3529412,1873.3137507920003,7064.186261359503
Mass,H1,Ideal,CH,Hlow,R-HP,4,4442.039021985682,980.1839765985918,55234.355706524555,5422.222998584274,1.5361255279280701,831.3671301,715.28243,1546.6495601000001,38.89839479,37.88247335,76.78086814,4.400098522,28.75118714,33.151285662,46.09699423,99.6142575,145.71125173,0,285.3529412,285.3529412,2087.645906832,7509.868905416274
Mass,H1,Ideal,CH,Hlow,R-HP,5,4442.039021985682,1142.7371888019713,57710.89447147601,5584.776210787653,1.581576840723122,831.3671301,715.28243,1546.6495601000001,38.89839479,37.88247335,76.78086814,4.400098522,28.75118714,33.151285662,46.09699423,99.6142575,145.71125173,0,285.3529412,285.3529412,2087.645906832,7672.422117619653
Mass,H1,Ideal,CH,Hlow,R-HPo,1,4442.039021985682,389.14955936195724,46160.55132917762,4831.188581347639,1.453054763074212,831.3671301,517.9205701,1349.2877002,38.89839479,22.38243748,61.280832270000005,4.400098522,16.37334279,20.773441312,46.09699423,78.33376735,124.43076158,0,285.3529412,285.3529412,1841.125676562,6672.314257909639
Mass,H1,Ideal,CH,Hlow,R-HPo,2,4442.039021985682,549.0544418571677,48636.44915551544,4991.09346384285,1.450010520175703,831.3671301,517.9205701,1349.2877002,38.89839479,22.38243748,61.280832270000005,4.400098522,16.37334279,20.773441312,46.09699423,78.33376735,124.43076158,0,285.3529412,285.3529412,1841.125676562,6832.21914040485
Mass,H1,Ideal,CH,Hlow,R-HPo,3,4442.039021985682,778.0206423000375,51740.15924434815,5220.05966428572,1.5260241723333015,831.3671301,595.2489089,1426.6160389999998,38.89839479,28.4476689,67.34606369,4.400098522,21.2168471,25.616945622,46.09699423,86.66091566999998,132.7579099,0,285.3529412,285.3529412,1937.6898994119997,7157.74956369772
Mass,H1,Ideal,CH,Hlow,R-HPo,4,4442.039021985682,1031.9915143232504,55990.094205684036,5474.030536308933,1.5345921894319252,831.3671301,800.9478006000002,1632.3149307,38.89839479,44.62161938,83.52001417,4.400098522,34.1328586,38.532957122,46.09699423,108.86664449999999,154.96363872999999,0,285.3529412,285.3529412,2194.684481922,7668.715018230932
Mass,H1,Ideal,CH,Hlow,R-HPo,5,4442.039021985682,1193.5070035008418,58463.55425645771,5635.546025486524,1.5907135990375751,831.3671301,800.9478006000002,1632.3149307,38.89839479,44.62161938,83.52001417,4.400098522,34.1328586,38.532957122,46.09699423,108.86664449999999,154.96363872999999,0,285.3529412,285.3529412,2194.684481922,7830.230507408523
Mass,H1,Ideal,CH,Hlow,R-R,1,4442.039021985682,1326.4772221627102,61497.46486860519,5768.516244148392,1.565652616418952,831.3671301,190.9509894,1022.3181195,38.89839479,3.783646588,42.682041378,4.400098522,4.027399057,8.427497579,46.09699423,22.43667136,68.53366559,0,0,0,1141.9613240469998,6910.4775681953915
Mass,H1,Ideal,CH,Hlow,R-R,2,4442.039021985682,1953.0899037321874,71503.9648686052,6395.128925717869,1.5587560646948142,831.3671301,190.9509894,1022.3181195,38.89839479,3.783646588,42.682041378,4.400098522,4.027399057,8.427497579,46.09699423,22.43667136,68.53366559,0,0,0,1141.9613240469998,7537.0902497648685
Mass,H1,Ideal,CH,Hlow,R-R,3,4442.039021985682,2755.547060955901,82890.16486860519,7197.586082941583,1.812204340556883,831.3671301,234.8663891,1066.2335192,38.89839479,4.540375906,43.438770696,4.400098522,4.953630649,9.353729171,46.09699423,27.59671475,73.69370898,0,0,0,1192.719728047,8390.305810988582
Mass,H1,Ideal,CH,Hlow,R-R,4,4442.039021985682,3559.8614306749255,97646.86486860519,8001.900452660608,1.8811698577982625,831.3671301,407.89785810000006,1239.2649882,38.89839479,6.558320753,45.456715542999994,4.400098522,8.603084246,13.003182767999999,46.09699423,47.92784903,94.02484326,0,0,0,1391.749729771,9393.650182431607
Mass,H1,Ideal,CH,Hlow,R-R,5,4442.039021985682,4209.577289410385,107673.3148686052,8651.616311396067,2.086342271591366,831.3671301,407.89785810000006,1239.2649882,38.89839479,6.558320753,45.456715542999994,4.400098522,8.603084246,13.003182767999999,46.09699423,47.92784903,94.02484326,0,0,0,1391.749729771,10043.366041167066
Mass,H1,Ideal,CH,Hlow,R-Ro,1,4442.039021985682,1378.3703594628885,62326.96486860519,5820.4093814485705,1.5708250302120554,831.3671301,216.2027869,1047.569917,38.89839479,4.116960628,43.015355418000006,4.400098522,4.559991558,8.96009008,46.09699423,25.40374832,71.50074255,0,0,0,1171.046105048,6991.45548649657
Mass,H1,Ideal,CH,Hlow,R-Ro,2,4442.039021985682,2003.5109954738573,72318.7648686052,6445.550017459539,1.5708250302120554,831.3671301,216.2027869,1047.569917,38.89839479,4.116960628,43.015355418000006,4.400098522,4.559991558,8.96009008,46.09699423,25.40374832,71.50074255,0,0,0,1171.046105048,7616.596122507539
Mass,H1,Ideal,CH,Hlow,R-Ro,3,4442.039021985682,2837.534301570244,84242.5648686052,7279.573323555926,1.8484112371086072,831.3671301,277.1660528,1108.5331829000002,38.89839479,5.170983671,44.069378461,4.400098522,5.845784319,10.245882841,46.09699423,32.56690976,78.66390399,0,0,0,1241.512348192,8521.085671747926
Mass,H1,Ideal,CH,Hlow,R-Ro,4,4442.039021985682,3712.6020944108504,100082.86486860519,8154.641116396532,1.882893995729297,831.3671301,537.5473211,1368.9144511999998,38.89839479,7.693414729,46.591809519,4.400098522,11.3375562,15.737654722000002,46.09699423,63.16161347,109.2586077,0,0,0,1540.502523141,9695.143639537531
Mass,H1,Ideal,CH,Hlow,R-Ro,5,4442.039021985682,4362.2475957763645,110098.8148686052,8804.286617762047,2.143238823315504,831.3671301,537.5473211,1368.9144511999998,38.89839479,7.693414729,46.591809519,4.400098522,11.3375562,15.737654722000002,46.09699423,63.16161347,109.2586077,0,0,0,1540.502523141,10344.789140903047
Mass,H1,Real,AK,Hhigh,HP-HP,1,222.06065168757596,253.60213377482708,7965.9932040714575,475.662785462403,0.17783721919308548,1215.547618,479.5114065,1695.0590245000003,27.44847036,19.34982176,46.79829212000001,76.31200903,13.95159063,90.26359966,241.3279934,74.17019318,315.49818658000004,1264.174085,285.3529412,1549.5270262000004,3697.146129060001,4172.808914522404
Mass,H1,Real,AK,Hhigh,HP-HP,2,222.06065168757596,367.86899239150006,10314.049178219091,589.929644079076,0.17685199779843522,1215.547618,479.5114065,1695.0590245000003,27.44847036,19.34982176,46.79829212000001,76.31200903,13.95159063,90.26359966,241.3279934,74.17019318,315.49818658000004,1264.174085,285.3529412,1549.5270262000004,3697.146129060001,4287.075773139077
Mass,H1,Real,AK,Hhigh,HP-HP,3,222.06065168757596,514.3746227915257,13042.947943663656,736.4352744791016,0.23947118608546145,1215.547618,543.696683,1759.2443010000002,27.44847036,24.404181279999996,51.85265164,76.31200903,17.98784422,94.29985325,241.3279934,81.10948345,322.43747685,1264.174085,285.3529412,1549.5270262000004,3777.3613089400005,4513.796583419102
Mass,H1,Real,AK,Hhigh,HP-HP,4,222.06065168757596,683.8242802357358,16619.816256386424,905.8849319233118,0.25561774452407726,1215.547618,715.28243,1930.830048,27.44847036,37.88247335,65.33094371,76.31200903,28.75118714,105.06319617,241.3279934,99.6142575,340.9422509,1264.174085,285.3529412,1549.5270262000004,3991.6934649800005,4897.578396903313
Mass,H1,Real,AK,Hhigh,HP-HP,5,222.06065168757596,811.0471489691697,18983.05462528758,1033.1078006567457,0.30441045009155304,1215.547618,715.28243,1930.830048,27.44847036,37.88247335,65.33094371,76.31200903,28.75118714,105.06319617,241.3279934,99.6142575,340.9422509,1264.174085,285.3529412,1549.5270262000004,3991.6934649800005,5024.801265636746
Mass,H1,Real,AK,Hhigh,HP-HPo,1,222.06065168757596,265.3347192220931,8185.383887608316,487.39537090966905,0.17786473107126935,1215.547618,517.9205701,1733.4681881000001,27.44847036,22.38243748,49.83090784000001,76.31200903,16.37334279,92.68535182000001,241.3279934,78.33376735,319.66176075000004,1264.174085,285.3529412,1549.5270262000004,3745.1732347100005,4232.56860561967
Mass,H1,Real,AK,Hhigh,HP-HPo,2,222.06065168757596,378.6058320634824,10529.333730524977,600.6664837510583,0.17886730707595566,1215.547618,517.9205701,1733.4681881000001,27.44847036,22.38243748,49.83090784000001,76.31200903,16.37334279,92.68535182000001,241.3279934,78.33376735,319.66176075000004,1264.174085,285.3529412,1549.5270262000004,3745.1732347100005,4345.8397184610585
Mass,H1,Real,AK,Hhigh,HP-HPo,3,222.06065168757596,533.3331801228186,13402.273424774805,755.3938318103945,0.25157881055891496,1215.547618,595.2489089,1810.7965269000001,27.44847036,28.4476689,55.896139260000005,76.31200903,21.2168471,97.52885613,241.3279934,86.66091566999998,327.98890907,1264.174085,285.3529412,1549.5270262000004,3841.73745756,4597.131289370394
Mass,H1,Real,AK,Hhigh,HP-HPo,4,222.06065168757596,718.1717882443478,17268.680706615905,940.23243993192375,0.2621709888099627,1215.547618,800.9478006000002,2016.4954186000004,27.44847036,44.62161938,72.07008974,76.31200903,34.1328586,110.44486763,241.3279934,108.86664449999999,350.1946379,1264.174085,285.3529412,1549.5270262000004,4098.732040070001,5038.964480001925
Mass,H1,Real,AK,Hhigh,HP-HPo,5,222.06065168757596,844.8073449193391,19628.80424858318,1066.867996606915,0.3089691046769596,1215.547618,800.9478006000002,2016.4954186000004,27.44847036,44.62161938,72.07008974,76.31200903,34.1328586,110.44486763,241.3279934,108.86664449999999,350.1946379,1264.174085,285.3529412,1549.5270262000004,4098.732040070001,5165.600036676916
Mass,H1,Real,AK,Hhigh,HP-R,1,222.06065168757596,1017.9099785103258,24005.32421367906,1239.9706301979018,0.30143918096213473,1215.547618,190.9509894,1406.4986074,27.44847036,3.783646588,31.232116948,76.31200903,4.027399057,80.33940808700001,241.3279934,22.43667136,263.76466475999996,1264.174085,0,1264.174085,3046.0088821950003,4285.979512392902
Mass,H1,Real,AK,Hhigh,HP-R,2,222.06065168757596,1497.6272280104167,34011.824213679065,1719.6878796979927,0.2945426292379968,1215.547618,190.9509894,1406.4986074,27.44847036,3.783646588,31.232116948,76.31200903,4.027399057,80.33940808700001,241.3279934,22.43667136,263.76466475999996,1264.174085,0,1264.174085,3046.0088821950003,4765.696761892993
Mass,H1,Real,AK,Hhigh,HP-R,3,222.06065168757596,2101.9362859458083,45398.02421367906,2323.996937633384,0.5479909051000658,1215.547618,234.8663891,1450.4140071,27.44847036,4.540375906,31.988846266000003,76.31200903,4.953630649,81.265639679,241.3279934,27.59671475,268.92470815,1264.174085,0,1264.174085,3096.7672861950005,5420.764223828384
Mass,H1,Real,AK,Hhigh,HP-R,4,222.06065168757596,2783.434276846971,60154.72421367906,3005.4949285345474,0.6169564223414451,1215.547618,407.89785810000006,1623.4454761000002,27.44847036,6.558320753,34.006791113000006,76.31200903,8.603084246,84.915093276,241.3279934,47.92784903,289.25584243,1264.174085,0,1264.174085,3295.797287919,6301.292216453548
Mass,H1,Real,AK,Hhigh,HP-R,5,222.06065168757596,3322.0704794753774,70181.17421367907,3544.1311311629534,0.8221288361345486,1215.547618,407.89785810000006,1623.4454761000002,27.44847036,6.558320753,34.006791113000006,76.31200903,8.603084246,84.915093276,241.3279934,47.92784903,289.25584243,1264.174085,0,1264.174085,3295.797287919,6839.9284190819535
Mass,H1,Real,AK,Hhigh,HP-Ro,1,222.06065168757596,1061.738149900497,24834.82421367906,1283.7988015880733,0.30661159475523814,1215.547618,216.2027869,1431.7504049000001,27.44847036,4.116960628,31.565430988000003,76.31200903,4.559991558,80.87200058799999,241.3279934,25.40374832,266.73174172,1264.174085,0,1264.174085,3075.0936631960003,4358.892464784074
Mass,H1,Real,AK,Hhigh,HP-Ro,2,222.06065168757596,1538.456345263346,34826.62421367906,1760.516996950922,0.30661159475523814,1215.547618,216.2027869,1431.7504049000001,27.44847036,4.116960628,31.565430988000003,76.31200903,4.559991558,80.87200058799999,241.3279934,25.40374832,266.73174172,1264.174085,0,1264.174085,3075.0936631960003,4835.610660146922
Mass,H1,Real,AK,Hhigh,HP-Ro,3,222.06065168757596,2169.6753362148706,46750.42421367906,2391.7359879024466,0.5841978016517899,1215.547618,277.1660528,1492.7136708,27.44847036,5.170983671,32.619454031000004,76.31200903,5.845784319,82.157793349,241.3279934,32.56690976,273.89490316,1264.174085,0,1264.174085,3145.5599063400005,5537.295894242447
Mass,H1,Real,AK,Hhigh,HP-Ro,4,222.06065168757596,2905.404787230428,62590.72421367906,3127.465438918004,0.6186805602724795,1215.547618,537.5473211,1753.0949391,27.44847036,7.693414729,35.141885089,76.31200903,11.3375562,87.64956523,241.3279934,63.16161347,304.48960687000005,1264.174085,0,1264.174085,3444.550081289,6572.015520207004
Mass,H1,Real,AK,Hhigh,HP-Ro,5,222.06065168757596,3445.49999451619,72606.67421367907,3667.560646203766,0.8790253878586864,1215.547618,537.5473211,1753.0949391,27.44847036,7.693414729,35.141885089,76.31200903,11.3375562,87.64956523,241.3279934,63.16161347,304.48960687000005,1264.174085,0,1264.174085,3444.550081289,7112.110727492765
Mass,H1,Real,AK,Hhigh,HPl_Rb-HP,1,341.52187492358485,253.60213377482708,9340.386399489313,595.1240086984119,0.2395761415656647,1032.8235931,479.5114065,1512.3349996000002,27.15465691,19.34982176,46.50447867,45.932528555,13.95159063,59.884119185,159.74576161000002,74.17019318,233.91595479,615.6446734,285.3529412,900.9976146,2753.637166845,3348.761175543412
Mass,H1,Real,AK,Hhigh,HPl_Rb-HP,2,341.52187492358485,367.86899239150006,11688.44237363695,709.390867315085,0.2385909201710144,1032.8235931,479.5114065,1512.3349996000002,27.15465691,19.34982176,46.50447867,45.932528555,13.95159063,59.884119185,159.74576161000002,74.17019318,233.91595479,615.6446734,285.3529412,900.9976146,2753.637166845,3463.028034160085
Mass,H1,Real,AK,Hhigh,HPl_Rb-HP,3,341.52187492358485,514.3746227915257,14417.341139081513,855.8964977151105,0.30121010845804064,1032.8235931,543.696683,1576.5202761,27.15465691,24.404181279999996,51.558838189999996,45.932528555,17.98784422,63.920372775,159.74576161000002,81.10948345,240.85524506,615.6446734,285.3529412,900.9976146,2833.852346725,3689.7488444401106
Mass,H1,Real,AK,Hhigh,HPl_Rb-HP,4,341.52187492358485,683.8242802357358,17994.20945180428,1025.3461551593207,0.3173566668966564,1032.8235931,715.28243,1748.1060231,27.15465691,37.88247335,65.03713026,45.932528555,28.75118714,74.68371569499999,159.74576161000002,99.6142575,259.36001911,615.6446734,285.3529412,900.9976146,3048.1845027649997,4073.5306579243206
Mass,H1,Real,AK,Hhigh,HPl_Rb-HP,5,341.52187492358485,811.0471489691697,20357.447820705434,1152.5690238927546,0.36614937246413226,1032.8235931,715.28243,1748.1060231,27.15465691,37.88247335,65.03713026,45.932528555,28.75118714,74.68371569499999,159.74576161000002,99.6142575,259.36001911,615.6446734,285.3529412,900.9976146,3048.1845027649997,4200.753526657754
Mass,H1,Real,AK,Hhigh,HPl_Rb-HPo,1,341.52187492358485,265.3347192220931,9559.777083026172,606.856594145678,0.23960365344384854,1032.8235931,517.9205701,1550.7441632,27.15465691,22.38243748,49.53709439,45.932528555,16.37334279,62.30587134499999,159.74576161000002,78.33376735,238.07952896,615.6446734,285.3529412,900.9976146,2801.664272495,3408.520866640678
Mass,H1,Real,AK,Hhigh,HPl_Rb-HPo,2,341.52187492358485,378.6058320634824,11903.726925942834,720.1277069870672,0.24060622944853485,1032.8235931,517.9205701,1550.7441632,27.15465691,22.38243748,49.53709439,45.932528555,16.37334279,62.30587134499999,159.74576161000002,78.33376735,238.07952896,615.6446734,285.3529412,900.9976146,2801.664272495,3521.7919794820673
Mass,H1,Real,AK,Hhigh,HPl_Rb-HPo,3,341.52187492358485,533.3331801228186,14776.66662019266,874.8550550464034,0.3133177329314941,1032.8235931,595.2489089,1628.0725020000002,27.15465691,28.4476689,55.602325809999996,45.932528555,21.2168471,67.149375655,159.74576161000002,86.66091566999998,246.40667728,615.6446734,285.3529412,900.9976146,2898.2284953450003,3773.0835503914036
Mass,H1,Real,AK,Hhigh,HPl_Rb-HPo,4,341.52187492358485,718.1717882443478,18643.07390203376,1059.6936631679328,0.32390991118254187,1032.8235931,800.9478006000002,1833.7713937,27.15465691,44.62161938,71.77627629,45.932528555,34.1328586,80.065387155,159.74576161000002,108.86664449999999,268.61240611,615.6446734,285.3529412,900.9976146,3155.223077855,4214.916741022933
Mass,H1,Real,AK,Hhigh,HPl_Rb-HPo,5,341.52187492358485,844.8073449193391,21003.197444001034,1186.329219842924,0.37070802704953876,1032.8235931,800.9478006000002,1833.7713937,27.15465691,44.62161938,71.77627629,45.932528555,34.1328586,80.065387155,159.74576161000002,108.86664449999999,268.61240611,615.6446734,285.3529412,900.9976146,3155.223077855,4341.552297697925
Mass,H1,Real,AK,Hhigh,HPl_Rb-R,1,341.52187492358485,1017.9099785103258,25379.717409096917,1359.4318534339106,0.3631781033347139,1032.8235931,190.9509894,1223.7745825,27.15465691,3.783646588,30.938303497999996,45.932528555,4.027399057,49.95992761199999,159.74576161000002,22.43667136,182.18243297,615.6446734,0,615.6446734,2102.49991998,3461.9317734139104
Mass,H1,Real,AK,Hhigh,HPl_Rb-R,2,341.52187492358485,1497.6272280104167,35386.21740909692,1839.1491029340018,0.356281551610576,1032.8235931,190.9509894,1223.7745825,27.15465691,3.783646588,30.938303497999996,45.932528555,4.027399057,49.95992761199999,159.74576161000002,22.43667136,182.18243297,615.6446734,0,615.6446734,2102.49991998,3941.6490229140018
Mass,H1,Real,AK,Hhigh,HPl_Rb-R,3,341.52187492358485,2101.9362859458083,46772.41740909692,2443.458160869393,0.6097298274726449,1032.8235931,234.8663891,1267.6899822,27.15465691,4.540375906,31.695032815999998,45.932528555,4.953630649,50.886159203999995,159.74576161000002,27.59671475,187.34247635999998,615.6446734,0,615.6446734,2153.25832398,4596.716484849393
Mass,H1,Real,AK,Hhigh,HPl_Rb-R,4,341.52187492358485,2783.434276846971,61529.117409096914,3124.956151770556,0.6786953447140243,1032.8235931,407.89785810000006,1440.7214512,27.15465691,6.558320753,33.712977663000004,45.932528555,8.603084246,54.535612801,159.74576161000002,47.92784903,207.67361064000002,615.6446734,0,615.6446734,2352.2883257040003,5477.244477474556
Mass,H1,Real,AK,Hhigh,HPl_Rb-R,5,341.52187492358485,3322.0704794753774,71555.56740909693,3663.592354398962,0.8838677585071277,1032.8235931,407.89785810000006,1440.7214512,27.15465691,6.558320753,33.712977663000004,45.932528555,8.603084246,54.535612801,159.74576161000002,47.92784903,207.67361064000002,615.6446734,0,615.6446734,2352.2883257040003,6015.880680102962
Mass,H1,Real,AK,Hhigh,HPl_Rb-Ro,1,341.52187492358485,1061.738149900497,26209.217409096917,1403.260024824082,0.3683505171278173,1032.8235931,216.2027869,1249.02638,27.15465691,4.116960628,31.271617537999997,45.932528555,4.559991558,50.492520113,159.74576161000002,25.40374832,185.14950993,615.6446734,0,615.6446734,2131.584700981,3534.844725805082
Mass,H1,Real,AK,Hhigh,HPl_Rb-Ro,2,341.52187492358485,1538.456345263346,36201.017409096916,1879.9782201869311,0.3683505171278173,1032.8235931,216.2027869,1249.02638,27.15465691,4.116960628,31.271617537999997,45.932528555,4.559991558,50.492520113,159.74576161000002,25.40374832,185.14950993,615.6446734,0,615.6446734,2131.584700981,4011.562921167931
Mass,H1,Real,AK,Hhigh,HPl_Rb-Ro,3,341.52187492358485,2169.6753362148706,48124.81740909692,2511.1972111384557,0.6459367240243691,1032.8235931,277.1660528,1309.9896459000001,27.15465691,5.170983671,32.325640580999995,45.932528555,5.845784319,51.778312873999994,159.74576161000002,32.56690976,192.31267137000003,615.6446734,0,615.6446734,2202.050944125,4713.248155263456
Mass,H1,Real,AK,Hhigh,HPl_Rb-Ro,4,341.52187492358485,2905.404787230428,63965.117409096914,3246.9266621540132,0.6804194826450587,1032.8235931,537.5473211,1570.3709142000002,27.15465691,7.693414729,34.848071639,45.932528555,11.3375562,57.270084755,159.74576161000002,63.16161347,222.90737508,615.6446734,0,615.6446734,2501.041119074,5747.967781228013
Mass,H1,Real,AK,Hhigh,HPl_Rb-Ro,5,341.52187492358485,3445.49999451619,73981.06740909693,3787.021869439775,0.9407643102312656,1032.8235931,537.5473211,1570.3709142000002,27.15465691,7.693414729,34.848071639,45.932528555,11.3375562,57.270084755,159.74576161000002,63.16161347,222.90737508,615.6446734,0,615.6446734,2501.041119074,6288.062988513775
Mass,H1,Real,AK,Hhigh,HYD1000-HYD1000,3,NA,NA,19402.300207433036,1148.3922769207684,0.49084348687274576,NA,NA,3529.373143,NA,NA,120.3758619,NA,NA,110.2336872,NA,NA,694.3871549,NA,NA,1914.8617479999998,6369.231594999999,7517.623871920768
Mass,H1,Real,AK,Hhigh,HYD1000-HYD1000,4,NA,NA,22298.711426755555,1287.3573892162997,0.5219732104085307,NA,NA,3529.373143,NA,NA,120.3758619,NA,NA,110.2336872,NA,NA,694.3871549,NA,NA,1914.8617479999998,6369.231594999999,7656.588984216299
Mass,H1,Real,AK,Hhigh,HYD1000-HYD1000,5,NA,NA,25234.974504637903,1449.5808372654158,0.566851147910581,NA,NA,3529.373143,NA,NA,120.3758619,NA,NA,110.2336872,NA,NA,694.3871549,NA,NA,1914.8617479999998,6369.231594999999,7818.812432265415
Mass,H1,Real,AK,Hhigh,HYD200-HYD200,3,NA,NA,16916.942367876603,1010.4104800317735,0.4242089279857074,NA,NA,3028.14694,NA,NA,111.70017279999999,NA,NA,108.6154548,NA,NA,484.7662779,NA,NA,2002.420748,5735.6495935,6746.060073531774
Mass,H1,Real,AK,Hhigh,HYD200-HYD200,4,NA,NA,19886.79254878942,1145.149843847179,0.41373626958715753,NA,NA,3028.14694,NA,NA,111.70017279999999,NA,NA,108.6154548,NA,NA,484.7662779,NA,NA,2002.420748,5735.6495935,6880.799437347179
Mass,H1,Real,AK,Hhigh,HYD200-HYD200,5,NA,NA,22988.113776428952,1309.6762048889623,0.48782278414918107,NA,NA,3028.14694,NA,NA,111.70017279999999,NA,NA,108.6154548,NA,NA,484.7662779,NA,NA,2002.420748,5735.6495935,7045.3257983889625
Mass,H1,Real,AK,Hhigh,HYD500-HYD500,3,NA,NA,17463.79149147242,1039.09896451631,0.4452392443420059,NA,NA,3205.782234,NA,NA,113.0762903,NA,NA,110.2336872,NA,NA,555.978064,NA,NA,1914.8617479999998,5899.9320235,6939.0309880163095
Mass,H1,Real,AK,Hhigh,HYD500-HYD500,4,NA,NA,20376.931250719426,1173.8504874546911,0.47183582906666194,NA,NA,3205.782234,NA,NA,113.0762903,NA,NA,110.2336872,NA,NA,555.978064,NA,NA,1914.8617479999998,5899.9320235,7073.78251095469
Mass,H1,Real,AK,Hhigh,HYD500-HYD500,5,NA,NA,23328.527821193657,1331.443427739306,0.5093371838755829,NA,NA,3205.782234,NA,NA,113.0762903,NA,NA,110.2336872,NA,NA,555.978064,NA,NA,1914.8617479999998,5899.9320235,7231.375451239305
Mass,H1,Real,AK,Hhigh,R-HP,1,881.7618535146786,253.60213377482708,16302.304776291709,1135.3639872895058,0.5977662863206145,762.7565478000001,479.5114065,1242.2679543000002,34.39267655,19.34982176,53.742498309999995,4.221680447,13.95159063,18.173271077000003,40.8013688,74.17019318,114.97156197999999,0,285.3529412,285.3529412,1714.508226867,2849.872214156506
Mass,H1,Real,AK,Hhigh,R-HP,2,881.7618535146786,367.86899239150006,18650.36075043934,1249.6308459061786,0.5967810649259643,762.7565478000001,479.5114065,1242.2679543000002,34.39267655,19.34982176,53.742498309999995,4.221680447,13.95159063,18.173271077000003,40.8013688,74.17019318,114.97156197999999,0,285.3529412,285.3529412,1714.508226867,2964.1390727731787
Mass,H1,Real,AK,Hhigh,R-HP,3,881.7618535146786,514.3746227915257,21379.259515883907,1396.1364763062043,0.6594002532129905,762.7565478000001,543.696683,1306.4532308,34.39267655,24.404181279999996,58.79685782999999,4.221680447,17.98784422,22.209524666999997,40.8013688,81.10948345,121.91085225,0,285.3529412,285.3529412,1794.7234067470001,3190.8598830532046
Mass,H1,Real,AK,Hhigh,R-HP,4,881.7618535146786,683.8242802357358,24956.127828606674,1565.5861337504145,0.6755468116516062,762.7565478000001,715.28243,1478.0389777999999,34.39267655,37.88247335,72.2751499,4.221680447,28.75118714,32.972867586999996,40.8013688,99.6142575,140.41562629999999,0,285.3529412,285.3529412,2009.055562787,3574.6416965374146
Mass,H1,Real,AK,Hhigh,R-HP,5,881.7618535146786,811.0471489691697,27319.36619750783,1692.8090024838484,0.7243395172190821,762.7565478000001,715.28243,1478.0389777999999,34.39267655,37.88247335,72.2751499,4.221680447,28.75118714,32.972867586999996,40.8013688,99.6142575,140.41562629999999,0,285.3529412,285.3529412,2009.055562787,3701.8645652708483
Mass,H1,Real,AK,Hhigh,R-HPo,1,881.7618535146786,265.3347192220931,16521.695459828567,1147.0965727367718,0.5977937981987984,762.7565478000001,517.9205701,1280.6771179,34.39267655,22.38243748,56.77511403,4.221680447,16.37334279,20.595023237,40.8013688,78.33376735,119.13513615,0,285.3529412,285.3529412,1762.5353325170001,2909.631905253772
Mass,H1,Real,AK,Hhigh,R-HPo,2,881.7618535146786,378.6058320634824,18865.645302745226,1260.367685578161,0.5987963742034846,762.7565478000001,517.9205701,1280.6771179,34.39267655,22.38243748,56.77511403,4.221680447,16.37334279,20.595023237,40.8013688,78.33376735,119.13513615,0,285.3529412,285.3529412,1762.5353325170001,3022.9030180951613
Mass,H1,Real,AK,Hhigh,R-HPo,3,881.7618535146786,533.3331801228186,21738.584996995058,1415.0950336374972,0.6715078776864439,762.7565478000001,595.2489089,1358.0054567000002,34.39267655,28.4476689,62.840345449999994,4.221680447,21.2168471,25.438527546999996,40.8013688,86.66091566999998,127.46228446999999,0,285.3529412,285.3529412,1859.0995553670002,3274.194589004497
Mass,H1,Real,AK,Hhigh,R-HPo,4,881.7618535146786,718.1717882443478,25604.99227883616,1599.9336417590264,0.6821000559374917,762.7565478000001,800.9478006000002,1563.7043484,34.39267655,44.62161938,79.01429592999999,4.221680447,34.1328586,38.354539046999996,40.8013688,108.86664449999999,149.66801329999998,0,285.3529412,285.3529412,2116.094137877,3716.027779636026
Mass,H1,Real,AK,Hhigh,R-HPo,5,881.7618535146786,844.8073449193391,27965.11582080343,1726.5691984340178,0.7288981718044886,762.7565478000001,800.9478006000002,1563.7043484,34.39267655,44.62161938,79.01429592999999,4.221680447,34.1328586,38.354539046999996,40.8013688,108.86664449999999,149.66801329999998,0,285.3529412,285.3529412,2116.094137877,3842.6633363110177
Mass,H1,Real,AK,Hhigh,R-R,1,881.7618535146786,1017.9099785103258,32341.63578589931,1899.6718320250045,0.7213682480896637,762.7565478000001,190.9509894,953.7075372,34.39267655,3.783646588,38.176323137999994,4.221680447,4.027399057,8.249079504000001,40.8013688,22.43667136,63.23804015999999,0,0,0,1063.3709800020001,2963.0428120270044
Mass,H1,Real,AK,Hhigh,R-R,2,881.7618535146786,1497.6272280104167,42348.13578589932,2379.389081525095,0.7144716963655258,762.7565478000001,190.9509894,953.7075372,34.39267655,3.783646588,38.176323137999994,4.221680447,4.027399057,8.249079504000001,40.8013688,22.43667136,63.23804015999999,0,0,0,1063.3709800020001,3442.7600615270953
Mass,H1,Real,AK,Hhigh,R-R,3,881.7618535146786,2101.9362859458083,53734.33578589932,2983.698139460487,0.9679199722275947,762.7565478000001,234.8663891,997.6229369000001,34.39267655,4.540375906,38.933052456,4.221680447,4.953630649,9.175311096,40.8013688,27.59671475,68.39808355,0,0,0,1114.129384002,4097.827523462487
Mass,H1,Real,AK,Hhigh,R-R,4,881.7618535146786,2783.434276846971,68491.03578589931,3665.1961303616495,1.036885489468974,762.7565478000001,407.89785810000006,1170.6544059,34.39267655,6.558320753,40.950997303,4.221680447,8.603084246,12.824764693,40.8013688,47.92784903,88.72921783,0,0,0,1313.1593857259998,4978.355516087649
Mass,H1,Real,AK,Hhigh,R-R,5,881.7618535146786,3322.0704794753774,78517.48578589932,4203.832332990056,1.2420579032620775,762.7565478000001,407.89785810000006,1170.6544059,34.39267655,6.558320753,40.950997303,4.221680447,8.603084246,12.824764693,40.8013688,47.92784903,88.72921783,0,0,0,1313.1593857259998,5516.991718716055
Mass,H1,Real,AK,Hhigh,R-Ro,1,881.7618535146786,1061.738149900497,33171.135785899314,1943.5000034151758,0.7265406618827671,762.7565478000001,216.2027869,978.9593347,34.39267655,4.116960628,38.509637178,4.221680447,4.559991558,8.781672005,40.8013688,25.40374832,66.20511712,0,0,0,1092.4557610030001,3035.955764418176
Mass,H1,Real,AK,Hhigh,R-Ro,2,881.7618535146786,1538.456345263346,43162.93578589932,2420.218198778025,0.7265406618827671,762.7565478000001,216.2027869,978.9593347,34.39267655,4.116960628,38.509637178,4.221680447,4.559991558,8.781672005,40.8013688,25.40374832,66.20511712,0,0,0,1092.4557610030001,3512.673959781025
Mass,H1,Real,AK,Hhigh,R-Ro,3,881.7618535146786,2169.6753362148706,55086.73578589932,3051.4371897295496,1.004126868779319,762.7565478000001,277.1660528,1039.9226006000001,34.39267655,5.170983671,39.563660221,4.221680447,5.845784319,10.067464766,40.8013688,32.56690976,73.36827856000001,0,0,0,1162.922004147,4214.359193876549
Mass,H1,Real,AK,Hhigh,R-Ro,4,881.7618535146786,2905.404787230428,70927.03578589931,3787.1666407451066,1.0386096274000085,762.7565478000001,537.5473211,1300.3038689,34.39267655,7.693414729,42.086091278999994,4.221680447,11.3375562,15.559236647,40.8013688,63.16161347,103.96298226999998,0,0,0,1461.9121790959998,5249.078819841106
Mass,H1,Real,AK,Hhigh,R-Ro,5,881.7618535146786,3445.49999451619,80942.98578589932,4327.261848030868,1.2989544549862155,762.7565478000001,537.5473211,1300.3038689,34.39267655,7.693414729,42.086091278999994,4.221680447,11.3375562,15.559236647,40.8013688,63.16161347,103.96298226999998,0,0,0,1461.9121790959998,5789.174027126868
Mass,H1,Real,AK,Hlow,HP-HP,1,328.40660201610444,335.53177670674734,7965.9932040714575,663.9383787228518,0.17783721919308548,1215.547618,479.5114065,1695.0590245000003,27.44847036,19.34982176,46.79829212000001,76.31200903,13.95159063,90.26359966,241.3279934,74.17019318,315.49818658000004,1264.174085,285.3529412,1549.5270262000004,3697.146129060001,4361.084507782853
Mass,H1,Real,AK,Hlow,HP-HP,2,328.40660201610444,485.51763329380327,10314.049178219091,813.9242353099078,0.17685199779843522,1215.547618,479.5114065,1695.0590245000003,27.44847036,19.34982176,46.79829212000001,76.31200903,13.95159063,90.26359966,241.3279934,74.17019318,315.49818658000004,1264.174085,285.3529412,1549.5270262000004,3697.146129060001,4511.070364369909
Mass,H1,Real,AK,Hlow,HP-HP,3,328.40660201610444,682.4646325489807,13042.947943663656,1010.8712345650853,0.23947118608546145,1215.547618,543.696683,1759.2443010000002,27.44847036,24.404181279999996,51.85265164,76.31200903,17.98784422,94.29985325,241.3279934,81.10948345,322.43747685,1264.174085,285.3529412,1549.5270262000004,3777.3613089400005,4788.232543505086
Mass,H1,Real,AK,Hlow,HP-HP,4,328.40660201610444,887.3493422675774,16619.816256386424,1215.7559442836819,0.25561774452407726,1215.547618,715.28243,1930.830048,27.44847036,37.88247335,65.33094371,76.31200903,28.75118714,105.06319617,241.3279934,99.6142575,340.9422509,1264.174085,285.3529412,1549.5270262000004,3991.6934649800005,5207.449409263682
Mass,H1,Real,AK,Hlow,HP-HP,5,328.40660201610444,1043.157557361154,18983.05462528758,1371.5641593772586,0.30441045009155304,1215.547618,715.28243,1930.830048,27.44847036,37.88247335,65.33094371,76.31200903,28.75118714,105.06319617,241.3279934,99.6142575,340.9422509,1264.174085,285.3529412,1549.5270262000004,3991.6934649800005,5363.257624357259
Mass,H1,Real,AK,Hlow,HP-HPo,1,328.40660201610444,349.8222574479155,8185.383887608316,678.2288594640199,0.17786473107126935,1215.547618,517.9205701,1733.4681881000001,27.44847036,22.38243748,49.83090784000001,76.31200903,16.37334279,92.68535182000001,241.3279934,78.33376735,319.66176075000004,1264.174085,285.3529412,1549.5270262000004,3745.1732347100005,4423.40209417402
Mass,H1,Real,AK,Hlow,HP-HPo,2,328.40660201610444,499.2268232586933,10529.333730524977,827.6334252747977,0.17886730707595566,1215.547618,517.9205701,1733.4681881000001,27.44847036,22.38243748,49.83090784000001,76.31200903,16.37334279,92.68535182000001,241.3279934,78.33376735,319.66176075000004,1264.174085,285.3529412,1549.5270262000004,3745.1732347100005,4572.806659984798
Mass,H1,Real,AK,Hlow,HP-HPo,3,328.40660201610444,706.9001932214436,13402.273424774805,1035.3067952375482,0.25157881055891496,1215.547618,595.2489089,1810.7965269000001,27.44847036,28.4476689,55.896139260000005,76.31200903,21.2168471,97.52885613,241.3279934,86.66091566999998,327.98890907,1264.174085,285.3529412,1549.5270262000004,3841.73745756,4877.044252797548
Mass,H1,Real,AK,Hlow,HP-HPo,4,328.40660201610444,931.3798223105739,17268.680706615905,1259.7864243266783,0.2621709888099627,1215.547618,800.9478006000002,2016.4954186000004,27.44847036,44.62161938,72.07008974,76.31200903,34.1328586,110.44486763,241.3279934,108.86664449999999,350.1946379,1264.174085,285.3529412,1549.5270262000004,4098.732040070001,5358.5184643966795
Mass,H1,Real,AK,Hlow,HP-HPo,5,328.40660201610444,1086.1256052351712,19628.80424858318,1414.5322072512756,0.3089691046769596,1215.547618,800.9478006000002,2016.4954186000004,27.44847036,44.62161938,72.07008974,76.31200903,34.1328586,110.44486763,241.3279934,108.86664449999999,350.1946379,1264.174085,285.3529412,1549.5270262000004,4098.732040070001,5513.264247321276
Mass,H1,Real,AK,Hlow,HP-R,1,328.40660201610444,1326.4772221627102,24005.32421367906,1654.8838241788146,0.30143918096213473,1215.547618,190.9509894,1406.4986074,27.44847036,3.783646588,31.232116948,76.31200903,4.027399057,80.33940808700001,241.3279934,22.43667136,263.76466475999996,1264.174085,0,1264.174085,3046.0088821950003,4700.892706373815
Mass,H1,Real,AK,Hlow,HP-R,2,328.40660201610444,1953.0899037321874,34011.824213679065,2281.496505748292,0.2945426292379968,1215.547618,190.9509894,1406.4986074,27.44847036,3.783646588,31.232116948,76.31200903,4.027399057,80.33940808700001,241.3279934,22.43667136,263.76466475999996,1264.174085,0,1264.174085,3046.0088821950003,5327.505387943293
Mass,H1,Real,AK,Hlow,HP-R,3,328.40660201610444,2755.547060955901,45398.02421367906,3083.9536629720055,0.5479909051000658,1215.547618,234.8663891,1450.4140071,27.44847036,4.540375906,31.988846266000003,76.31200903,4.953630649,81.265639679,241.3279934,27.59671475,268.92470815,1264.174085,0,1264.174085,3096.7672861950005,6180.7209491670055
Mass,H1,Real,AK,Hlow,HP-R,4,328.40660201610444,3559.8614306749255,60154.72421367906,3888.26803269103,0.6169564223414451,1215.547618,407.89785810000006,1623.4454761000002,27.44847036,6.558320753,34.006791113000006,76.31200903,8.603084246,84.915093276,241.3279934,47.92784903,289.25584243,1264.174085,0,1264.174085,3295.797287919,7184.0653206100305
Mass,H1,Real,AK,Hlow,HP-R,5,328.40660201610444,4209.577289410385,70181.17421367907,4537.983891426489,0.8221288361345486,1215.547618,407.89785810000006,1623.4454761000002,27.44847036,6.558320753,34.006791113000006,76.31200903,8.603084246,84.915093276,241.3279934,47.92784903,289.25584243,1264.174085,0,1264.174085,3295.797287919,7833.781179345489
Mass,H1,Real,AK,Hlow,HP-Ro,1,328.40660201610444,1378.3703594628885,24834.82421367906,1706.776961478993,0.30661159475523814,1215.547618,216.2027869,1431.7504049000001,27.44847036,4.116960628,31.565430988000003,76.31200903,4.559991558,80.87200058799999,241.3279934,25.40374832,266.73174172,1264.174085,0,1264.174085,3075.0936631960003,4781.870624674993
Mass,H1,Real,AK,Hlow,HP-Ro,2,328.40660201610444,2003.5109954738573,34826.62421367906,2331.9175974899617,0.30661159475523814,1215.547618,216.2027869,1431.7504049000001,27.44847036,4.116960628,31.565430988000003,76.31200903,4.559991558,80.87200058799999,241.3279934,25.40374832,266.73174172,1264.174085,0,1264.174085,3075.0936631960003,5407.011260685962
Mass,H1,Real,AK,Hlow,HP-Ro,3,328.40660201610444,2837.534301570244,46750.42421367906,3165.9409035863487,0.5841978016517899,1215.547618,277.1660528,1492.7136708,27.44847036,5.170983671,32.619454031000004,76.31200903,5.845784319,82.157793349,241.3279934,32.56690976,273.89490316,1264.174085,0,1264.174085,3145.5599063400005,6311.500809926349
Mass,H1,Real,AK,Hlow,HP-Ro,4,328.40660201610444,3712.6020944108504,62590.72421367906,4041.008696426955,0.6186805602724795,1215.547618,537.5473211,1753.0949391,27.44847036,7.693414729,35.141885089,76.31200903,11.3375562,87.64956523,241.3279934,63.16161347,304.48960687000005,1264.174085,0,1264.174085,3444.550081289,7485.558777715954
Mass,H1,Real,AK,Hlow,HP-Ro,5,328.40660201610444,4362.2475957763645,72606.67421367907,4690.654197792469,0.8790253878586864,1215.547618,537.5473211,1753.0949391,27.44847036,7.693414729,35.141885089,76.31200903,11.3375562,87.64956523,241.3279934,63.16161347,304.48960687000005,1264.174085,0,1264.174085,3444.550081289,8135.2042790814685
Mass,H1,Real,AK,Hlow,HPl_Rb-HP,1,504.95925227249063,335.53177670674734,9340.386399489313,840.491028979238,0.2395761415656647,1032.8235931,479.5114065,1512.3349996000002,27.15465691,19.34982176,46.50447867,45.932528555,13.95159063,59.884119185,159.74576161000002,74.17019318,233.91595479,615.6446734,285.3529412,900.9976146,2753.637166845,3594.128195824238
Mass,H1,Real,AK,Hlow,HPl_Rb-HP,2,504.95925227249063,485.51763329380327,11688.44237363695,990.476885566294,0.2385909201710144,1032.8235931,479.5114065,1512.3349996000002,27.15465691,19.34982176,46.50447867,45.932528555,13.95159063,59.884119185,159.74576161000002,74.17019318,233.91595479,615.6446734,285.3529412,900.9976146,2753.637166845,3744.1140524112943
Mass,H1,Real,AK,Hlow,HPl_Rb-HP,3,504.95925227249063,682.4646325489807,14417.341139081513,1187.4238848214713,0.30121010845804064,1032.8235931,543.696683,1576.5202761,27.15465691,24.404181279999996,51.558838189999996,45.932528555,17.98784422,63.920372775,159.74576161000002,81.10948345,240.85524506,615.6446734,285.3529412,900.9976146,2833.852346725,4021.2762315464715
Mass,H1,Real,AK,Hlow,HPl_Rb-HP,4,504.95925227249063,887.3493422675774,17994.20945180428,1392.308594540068,0.3173566668966564,1032.8235931,715.28243,1748.1060231,27.15465691,37.88247335,65.03713026,45.932528555,28.75118714,74.68371569499999,159.74576161000002,99.6142575,259.36001911,615.6446734,285.3529412,900.9976146,3048.1845027649997,4440.493097305068
Mass,H1,Real,AK,Hlow,HPl_Rb-HP,5,504.95925227249063,1043.157557361154,20357.447820705434,1548.1168096336446,0.36614937246413226,1032.8235931,715.28243,1748.1060231,27.15465691,37.88247335,65.03713026,45.932528555,28.75118714,74.68371569499999,159.74576161000002,99.6142575,259.36001911,615.6446734,285.3529412,900.9976146,3048.1845027649997,4596.301312398644
Mass,H1,Real,AK,Hlow,HPl_Rb-HPo,1,504.95925227249063,349.8222574479155,9559.777083026172,854.7815097204061,0.23960365344384854,1032.8235931,517.9205701,1550.7441632,27.15465691,22.38243748,49.53709439,45.932528555,16.37334279,62.30587134499999,159.74576161000002,78.33376735,238.07952896,615.6446734,285.3529412,900.9976146,2801.664272495,3656.4457822154063
Mass,H1,Real,AK,Hlow,HPl_Rb-HPo,2,504.95925227249063,499.2268232586933,11903.726925942834,1004.186075531184,0.24060622944853485,1032.8235931,517.9205701,1550.7441632,27.15465691,22.38243748,49.53709439,45.932528555,16.37334279,62.30587134499999,159.74576161000002,78.33376735,238.07952896,615.6446734,285.3529412,900.9976146,2801.664272495,3805.8503480261843
Mass,H1,Real,AK,Hlow,HPl_Rb-HPo,3,504.95925227249063,706.9001932214436,14776.66662019266,1211.8594454939343,0.3133177329314941,1032.8235931,595.2489089,1628.0725020000002,27.15465691,28.4476689,55.602325809999996,45.932528555,21.2168471,67.149375655,159.74576161000002,86.66091566999998,246.40667728,615.6446734,285.3529412,900.9976146,2898.2284953450003,4110.087940838935
Mass,H1,Real,AK,Hlow,HPl_Rb-HPo,4,504.95925227249063,931.3798223105739,18643.07390203376,1436.3390745830645,0.32390991118254187,1032.8235931,800.9478006000002,1833.7713937,27.15465691,44.62161938,71.77627629,45.932528555,34.1328586,80.065387155,159.74576161000002,108.86664449999999,268.61240611,615.6446734,285.3529412,900.9976146,3155.223077855,4591.562152438065
Mass,H1,Real,AK,Hlow,HPl_Rb-HPo,5,504.95925227249063,1086.1256052351712,21003.197444001034,1591.0848575076618,0.37070802704953876,1032.8235931,800.9478006000002,1833.7713937,27.15465691,44.62161938,71.77627629,45.932528555,34.1328586,80.065387155,159.74576161000002,108.86664449999999,268.61240611,615.6446734,285.3529412,900.9976146,3155.223077855,4746.307935362662
Mass,H1,Real,AK,Hlow,HPl_Rb-R,1,504.95925227249063,1326.4772221627102,25379.717409096917,1831.4364744352008,0.3631781033347139,1032.8235931,190.9509894,1223.7745825,27.15465691,3.783646588,30.938303497999996,45.932528555,4.027399057,49.95992761199999,159.74576161000002,22.43667136,182.18243297,615.6446734,0,615.6446734,2102.49991998,3933.936394415201
Mass,H1,Real,AK,Hlow,HPl_Rb-R,2,504.95925227249063,1953.0899037321874,35386.21740909692,2458.049156004678,0.356281551610576,1032.8235931,190.9509894,1223.7745825,27.15465691,3.783646588,30.938303497999996,45.932528555,4.027399057,49.95992761199999,159.74576161000002,22.43667136,182.18243297,615.6446734,0,615.6446734,2102.49991998,4560.549075984678
Mass,H1,Real,AK,Hlow,HPl_Rb-R,3,504.95925227249063,2755.547060955901,46772.41740909692,3260.5063132283917,0.6097298274726449,1032.8235931,234.8663891,1267.6899822,27.15465691,4.540375906,31.695032815999998,45.932528555,4.953630649,50.886159203999995,159.74576161000002,27.59671475,187.34247635999998,615.6446734,0,615.6446734,2153.25832398,5413.764637208392
Mass,H1,Real,AK,Hlow,HPl_Rb-R,4,504.95925227249063,3559.8614306749255,61529.117409096914,4064.820682947416,0.6786953447140243,1032.8235931,407.89785810000006,1440.7214512,27.15465691,6.558320753,33.712977663000004,45.932528555,8.603084246,54.535612801,159.74576161000002,47.92784903,207.67361064000002,615.6446734,0,615.6446734,2352.2883257040003,6417.109008651416
Mass,H1,Real,AK,Hlow,HPl_Rb-R,5,504.95925227249063,4209.577289410385,71555.56740909693,4714.5365416828745,0.8838677585071277,1032.8235931,407.89785810000006,1440.7214512,27.15465691,6.558320753,33.712977663000004,45.932528555,8.603084246,54.535612801,159.74576161000002,47.92784903,207.67361064000002,615.6446734,0,615.6446734,2352.2883257040003,7066.824867386875
Mass,H1,Real,AK,Hlow,HPl_Rb-Ro,1,504.95925227249063,1378.3703594628885,26209.217409096917,1883.329611735379,0.3683505171278173,1032.8235931,216.2027869,1249.02638,27.15465691,4.116960628,31.271617537999997,45.932528555,4.559991558,50.492520113,159.74576161000002,25.40374832,185.14950993,615.6446734,0,615.6446734,2131.584700981,4014.914312716379
Mass,H1,Real,AK,Hlow,HPl_Rb-Ro,2,504.95925227249063,2003.5109954738573,36201.017409096916,2508.470247746348,0.3683505171278173,1032.8235931,216.2027869,1249.02638,27.15465691,4.116960628,31.271617537999997,45.932528555,4.559991558,50.492520113,159.74576161000002,25.40374832,185.14950993,615.6446734,0,615.6446734,2131.584700981,4640.054948727347
Mass,H1,Real,AK,Hlow,HPl_Rb-Ro,3,504.95925227249063,2837.534301570244,48124.81740909692,3342.493553842735,0.6459367240243691,1032.8235931,277.1660528,1309.9896459000001,27.15465691,5.170983671,32.325640580999995,45.932528555,5.845784319,51.778312873999994,159.74576161000002,32.56690976,192.31267137000003,615.6446734,0,615.6446734,2202.050944125,5544.544497967735
Mass,H1,Real,AK,Hlow,HPl_Rb-Ro,4,504.95925227249063,3712.6020944108504,63965.117409096914,4217.561346683341,0.6804194826450587,1032.8235931,537.5473211,1570.3709142000002,27.15465691,7.693414729,34.848071639,45.932528555,11.3375562,57.270084755,159.74576161000002,63.16161347,222.90737508,615.6446734,0,615.6446734,2501.041119074,6718.602465757342
Mass,H1,Real,AK,Hlow,HPl_Rb-Ro,5,504.95925227249063,4362.2475957763645,73981.06740909693,4867.206848048855,0.9407643102312656,1032.8235931,537.5473211,1570.3709142000002,27.15465691,7.693414729,34.848071639,45.932528555,11.3375562,57.270084755,159.74576161000002,63.16161347,222.90737508,615.6446734,0,615.6446734,2501.041119074,7368.247967122856
Mass,H1,Real,AK,Hlow,HYD1000-HYD1000,3,NA,NA,19402.300207433036,1554.7567773821715,0.49084348687274576,NA,NA,3529.373143,NA,NA,120.3758619,NA,NA,110.2336872,NA,NA,694.3871549,NA,NA,1914.8617479999998,6369.231594999999,7923.988372382171
Mass,H1,Real,AK,Hlow,HYD1000-HYD1000,4,NA,NA,22298.711426755555,1715.577159907022,0.5219732104085307,NA,NA,3529.373143,NA,NA,120.3758619,NA,NA,110.2336872,NA,NA,694.3871549,NA,NA,1914.8617479999998,6369.231594999999,8084.8087549070215
Mass,H1,Real,AK,Hlow,HYD1000-HYD1000,5,NA,NA,25234.974504637903,1914.0585288719174,0.566851147910581,NA,NA,3529.373143,NA,NA,120.3758619,NA,NA,110.2336872,NA,NA,694.3871549,NA,NA,1914.8617479999998,6369.231594999999,8283.290123871917
Mass,H1,Real,AK,Hlow,HYD200-HYD200,3,NA,NA,16916.942367876603,1398.0213064462719,0.4242089279857074,NA,NA,3028.14694,NA,NA,111.70017279999999,NA,NA,108.6154548,NA,NA,484.7662779,NA,NA,2002.420748,5735.6495935,7133.670899946272
Mass,H1,Real,AK,Hlow,HYD200-HYD200,4,NA,NA,19886.79254878942,1555.7162089228805,0.41373626958715753,NA,NA,3028.14694,NA,NA,111.70017279999999,NA,NA,108.6154548,NA,NA,484.7662779,NA,NA,2002.420748,5735.6495935,7291.365802422881
Mass,H1,Real,AK,Hlow,HYD200-HYD200,5,NA,NA,22988.113776428952,1763.2750643612567,0.48782278414918107,NA,NA,3028.14694,NA,NA,111.70017279999999,NA,NA,108.6154548,NA,NA,484.7662779,NA,NA,2002.420748,5735.6495935,7498.9246578612565
Mass,H1,Real,AK,Hlow,HYD500-HYD500,3,NA,NA,17463.79149147242,1415.0523066543299,0.4452392443420059,NA,NA,3205.782234,NA,NA,113.0762903,NA,NA,110.2336872,NA,NA,555.978064,NA,NA,1914.8617479999998,5899.9320235,7314.98433015433
Mass,H1,Real,AK,Hlow,HYD500-HYD500,4,NA,NA,20376.931250719426,1570.8345621330675,0.47183582906666194,NA,NA,3205.782234,NA,NA,113.0762903,NA,NA,110.2336872,NA,NA,555.978064,NA,NA,1914.8617479999998,5899.9320235,7470.766585633067
Mass,H1,Real,AK,Hlow,HYD500-HYD500,5,NA,NA,23328.527821193657,1763.4461664354676,0.5093371838755829,NA,NA,3205.782234,NA,NA,113.0762903,NA,NA,110.2336872,NA,NA,555.978064,NA,NA,1914.8617479999998,5899.9320235,7663.378189935467
Mass,H1,Real,AK,Hlow,R-HP,1,1302.457726228895,335.53177670674734,16302.304776291709,1637.9895029356421,0.5977662863206145,762.7565478000001,479.5114065,1242.2679543000002,34.39267655,19.34982176,53.742498309999995,4.221680447,13.95159063,18.173271077000003,40.8013688,74.17019318,114.97156197999999,0,285.3529412,285.3529412,1714.508226867,3352.4977298026424
Mass,H1,Real,AK,Hlow,R-HP,2,1302.457726228895,485.51763329380327,18650.36075043934,1787.9753595226982,0.5967810649259643,762.7565478000001,479.5114065,1242.2679543000002,34.39267655,19.34982176,53.742498309999995,4.221680447,13.95159063,18.173271077000003,40.8013688,74.17019318,114.97156197999999,0,285.3529412,285.3529412,1714.508226867,3502.4835863896983
Mass,H1,Real,AK,Hlow,R-HP,3,1302.457726228895,682.4646325489807,21379.259515883907,1984.9223587778756,0.6594002532129905,762.7565478000001,543.696683,1306.4532308,34.39267655,24.404181279999996,58.79685782999999,4.221680447,17.98784422,22.209524666999997,40.8013688,81.10948345,121.91085225,0,285.3529412,285.3529412,1794.7234067470001,3779.645765524876
Mass,H1,Real,AK,Hlow,R-HP,4,1302.457726228895,887.3493422675774,24956.127828606674,2189.8070684964723,0.6755468116516062,762.7565478000001,715.28243,1478.0389777999999,34.39267655,37.88247335,72.2751499,4.221680447,28.75118714,32.972867586999996,40.8013688,99.6142575,140.41562629999999,0,285.3529412,285.3529412,2009.055562787,4198.862631283472
Mass,H1,Real,AK,Hlow,R-HP,5,1302.457726228895,1043.157557361154,27319.36619750783,2345.615283590049,0.7243395172190821,762.7565478000001,715.28243,1478.0389777999999,34.39267655,37.88247335,72.2751499,4.221680447,28.75118714,32.972867586999996,40.8013688,99.6142575,140.41562629999999,0,285.3529412,285.3529412,2009.055562787,4354.670846377049
Mass,H1,Real,AK,Hlow,R-HPo,1,1302.457726228895,349.8222574479155,16521.695459828567,1652.2799836768104,0.5977937981987984,762.7565478000001,517.9205701,1280.6771179,34.39267655,22.38243748,56.77511403,4.221680447,16.37334279,20.595023237,40.8013688,78.33376735,119.13513615,0,285.3529412,285.3529412,1762.5353325170001,3414.8153161938108
Mass,H1,Real,AK,Hlow,R-HPo,2,1302.457726228895,499.2268232586933,18865.645302745226,1801.6845494875884,0.5987963742034846,762.7565478000001,517.9205701,1280.6771179,34.39267655,22.38243748,56.77511403,4.221680447,16.37334279,20.595023237,40.8013688,78.33376735,119.13513615,0,285.3529412,285.3529412,1762.5353325170001,3564.2198820045887
Mass,H1,Real,AK,Hlow,R-HPo,3,1302.457726228895,706.9001932214436,21738.584996995058,2009.3579194503384,0.6715078776864439,762.7565478000001,595.2489089,1358.0054567000002,34.39267655,28.4476689,62.840345449999994,4.221680447,21.2168471,25.438527546999996,40.8013688,86.66091566999998,127.46228446999999,0,285.3529412,285.3529412,1859.0995553670002,3868.4574748173386
Mass,H1,Real,AK,Hlow,R-HPo,4,1302.457726228895,931.3798223105739,25604.99227883616,2233.8375485394686,0.6821000559374917,762.7565478000001,800.9478006000002,1563.7043484,34.39267655,44.62161938,79.01429592999999,4.221680447,34.1328586,38.354539046999996,40.8013688,108.86664449999999,149.66801329999998,0,285.3529412,285.3529412,2116.094137877,4349.931686416468
Mass,H1,Real,AK,Hlow,R-HPo,5,1302.457726228895,1086.1256052351712,27965.11582080343,2388.583331464066,0.7288981718044886,762.7565478000001,800.9478006000002,1563.7043484,34.39267655,44.62161938,79.01429592999999,4.221680447,34.1328586,38.354539046999996,40.8013688,108.86664449999999,149.66801329999998,0,285.3529412,285.3529412,2116.094137877,4504.677469341066
Mass,H1,Real,AK,Hlow,R-R,1,1302.457726228895,1326.4772221627102,32341.63578589931,2628.934948391605,0.7213682480896637,762.7565478000001,190.9509894,953.7075372,34.39267655,3.783646588,38.176323137999994,4.221680447,4.027399057,8.249079504000001,40.8013688,22.43667136,63.23804015999999,0,0,0,1063.3709800020001,3692.305928393605
Mass,H1,Real,AK,Hlow,R-R,2,1302.457726228895,1953.0899037321874,42348.13578589932,3255.5476299610823,0.7144716963655258,762.7565478000001,190.9509894,953.7075372,34.39267655,3.783646588,38.176323137999994,4.221680447,4.027399057,8.249079504000001,40.8013688,22.43667136,63.23804015999999,0,0,0,1063.3709800020001,4318.918609963082
Mass,H1,Real,AK,Hlow,R-R,3,1302.457726228895,2755.547060955901,53734.33578589932,4058.004787184796,0.9679199722275947,762.7565478000001,234.8663891,997.6229369000001,34.39267655,4.540375906,38.933052456,4.221680447,4.953630649,9.175311096,40.8013688,27.59671475,68.39808355,0,0,0,1114.129384002,5172.134171186796
Mass,H1,Real,AK,Hlow,R-R,4,1302.457726228895,3559.8614306749255,68491.03578589931,4862.31915690382,1.036885489468974,762.7565478000001,407.89785810000006,1170.6544059,34.39267655,6.558320753,40.950997303,4.221680447,8.603084246,12.824764693,40.8013688,47.92784903,88.72921783,0,0,0,1313.1593857259998,6175.4785426298195
Mass,H1,Real,AK,Hlow,R-R,5,1302.457726228895,4209.577289410385,78517.48578589932,5512.03501563928,1.2420579032620775,762.7565478000001,407.89785810000006,1170.6544059,34.39267655,6.558320753,40.950997303,4.221680447,8.603084246,12.824764693,40.8013688,47.92784903,88.72921783,0,0,0,1313.1593857259998,6825.194401365279
Mass,H1,Real,AK,Hlow,R-Ro,1,1302.457726228895,1378.3703594628885,33171.135785899314,2680.828085691783,0.7265406618827671,762.7565478000001,216.2027869,978.9593347,34.39267655,4.116960628,38.509637178,4.221680447,4.559991558,8.781672005,40.8013688,25.40374832,66.20511712,0,0,0,1092.4557610030001,3773.2838466947833
Mass,H1,Real,AK,Hlow,R-Ro,2,1302.457726228895,2003.5109954738573,43162.93578589932,3305.968721702752,0.7265406618827671,762.7565478000001,216.2027869,978.9593347,34.39267655,4.116960628,38.509637178,4.221680447,4.559991558,8.781672005,40.8013688,25.40374832,66.20511712,0,0,0,1092.4557610030001,4398.424482705752
Mass,H1,Real,AK,Hlow,R-Ro,3,1302.457726228895,2837.534301570244,55086.73578589932,4139.99202779914,1.004126868779319,762.7565478000001,277.1660528,1039.9226006000001,34.39267655,5.170983671,39.563660221,4.221680447,5.845784319,10.067464766,40.8013688,32.56690976,73.36827856000001,0,0,0,1162.922004147,5302.914031946139
Mass,H1,Real,AK,Hlow,R-Ro,4,1302.457726228895,3712.6020944108504,70927.03578589931,5015.059820639745,1.0386096274000085,762.7565478000001,537.5473211,1300.3038689,34.39267655,7.693414729,42.086091278999994,4.221680447,11.3375562,15.559236647,40.8013688,63.16161347,103.96298226999998,0,0,0,1461.9121790959998,6476.971999735745
Mass,H1,Real,AK,Hlow,R-Ro,5,1302.457726228895,4362.2475957763645,80942.98578589932,5664.705322005259,1.2989544549862155,762.7565478000001,537.5473211,1300.3038689,34.39267655,7.693414729,42.086091278999994,4.221680447,11.3375562,15.559236647,40.8013688,63.16161347,103.96298226999998,0,0,0,1461.9121790959998,7126.617501101259
Mass,H1,Real,CH,Hhigh,HP-HP,1,908.3481439239602,282.04680145820726,16955.529686210146,1190.3949453821674,0.5365676828280006,1248.729155,479.5114065,1728.2405615000002,28.28269202,19.34982176,47.63251378,81.11150315,13.95159063,95.06309378,246.4902634,74.17019318,320.66045658,1275.71918,285.3529412,1561.0721212,3752.6687468400005,4943.063692222167
Mass,H1,Real,CH,Hhigh,HP-HP,2,908.3481439239602,403.90937220439395,19436.446742849243,1312.2575161283542,0.5336498939641848,1248.729155,479.5114065,1728.2405615000002,28.28269202,19.34982176,47.63251378,81.11150315,13.95159063,95.06309378,246.4902634,74.17019318,320.66045658,1275.71918,285.3529412,1561.0721212,3752.6687468400005,5064.926262968354
Mass,H1,Real,CH,Hhigh,HP-HP,3,908.3481439239602,564.7534295043026,22370.789294533293,1473.1015734282628,0.6061211632443749,1248.729155,543.696683,1792.425838,28.28269202,24.404181279999996,52.686873299999995,81.11150315,17.98784422,99.09934736999999,246.4902634,81.10948345,327.59974685000003,1275.71918,285.3529412,1561.0721212,3832.88392672,5305.985500148263
Mass,H1,Real,CH,Hhigh,HP-HP,4,908.3481439239602,754.8694595112469,26285.12014594811,1663.217603435207,0.6250314523523957,1248.729155,715.28243,1964.011585,28.28269202,37.88247335,66.16516537,81.11150315,28.75118714,109.86269029,246.4902634,99.6142575,346.1045209,1275.71918,285.3529412,1561.0721212,4047.21608276,5710.433686195207
Mass,H1,Real,CH,Hhigh,HP-HP,5,908.3481439239602,888.9741241944542,28761.658910899558,1797.3222681184143,0.6704827651474476,1248.729155,715.28243,1964.011585,28.28269202,37.88247335,66.16516537,81.11150315,28.75118714,109.86269029,246.4902634,99.6142575,346.1045209,1275.71918,285.3529412,1561.0721212,4047.21608276,5844.538350878414
Mass,H1,Real,CH,Hhigh,HP-HPo,1,908.3481439239602,295.73400347728034,17211.315768601173,1204.0821474012405,0.5419606874985377,1248.729155,517.9205701,1766.6497251,28.28269202,22.38243748,50.6651295,81.11150315,16.37334279,97.48484594000001,246.4902634,78.33376735,324.82403075,1275.71918,285.3529412,1561.0721212,3800.69585249,5004.777999891241
Mass,H1,Real,CH,Hhigh,HP-HPo,2,908.3481439239602,417.35439119887747,19687.213594939,1325.7025351228376,0.5389164446000284,1248.729155,517.9205701,1766.6497251,28.28269202,22.38243748,50.6651295,81.11150315,16.37334279,97.48484594000001,246.4902634,78.33376735,324.82403075,1275.71918,285.3529412,1561.0721212,3800.69585249,5126.398387612838
Mass,H1,Real,CH,Hhigh,HP-HPo,3,908.3481439239602,587.2692911080169,22790.923683771707,1495.617435031977,0.614930096757627,1248.729155,595.2489089,1843.9780638999998,28.28269202,28.4476689,56.730360919999995,81.11150315,21.2168471,102.32835025,246.4902634,86.66091566999998,333.15117907,1275.71918,285.3529412,1561.0721212,3897.26007534,5392.877510371977
Mass,H1,Real,CH,Hhigh,HP-HPo,4,908.3481439239602,796.1302113773987,27040.85864510759,1704.4783553013588,0.6234981138562506,1248.729155,800.9478006000002,2049.6769556000004,28.28269202,44.62161938,72.9043114,81.11150315,34.1328586,115.24436175,246.4902634,108.86664449999999,355.3569079,1275.71918,285.3529412,1561.0721212,4154.2546578500005,5858.733013151359
Mass,H1,Real,CH,Hhigh,HP-HPo,5,908.3481439239602,929.2906170233788,29514.31869588127,1837.6387609473388,0.6796195234619007,1248.729155,800.9478006000002,2049.6769556000004,28.28269202,44.62161938,72.9043114,81.11150315,34.1328586,115.24436175,246.4902634,108.86664449999999,355.3569079,1275.71918,285.3529412,1561.0721212,4154.2546578500005,5991.893418797339
Mass,H1,Real,CH,Hhigh,HP-R,1,908.3481439239602,1017.9099785103258,32548.229308028745,1926.258122434286,0.6545585408432775,1248.729155,190.9509894,1439.6801444,28.28269202,3.783646588,32.066338607999995,81.11150315,4.027399057,85.138902207,246.4902634,22.43667136,268.92693476000005,1275.71918,0,1275.71918,3101.531499975,5027.789622409286
Mass,H1,Real,CH,Hhigh,HP-R,2,908.3481439239602,1497.6272280104167,42554.729308028756,2405.9753719343767,0.6476619891191396,1248.729155,190.9509894,1439.6801444,28.28269202,3.783646588,32.066338607999995,81.11150315,4.027399057,85.138902207,246.4902634,22.43667136,268.92693476000005,1275.71918,0,1275.71918,3101.531499975,5507.506871909376
Mass,H1,Real,CH,Hhigh,HP-R,3,908.3481439239602,2101.9362859458083,53940.92930802875,3010.2844298697682,0.9011102649812086,1248.729155,234.8663891,1483.5955440999999,28.28269202,4.540375906,32.823067926,81.11150315,4.953630649,86.065133799,246.4902634,27.59671475,274.08697815,1275.71918,0,1275.71918,3152.289903975,6162.574333844768
Mass,H1,Real,CH,Hhigh,HP-R,4,908.3481439239602,2783.434276846971,68697.62930802874,3691.7824207709314,0.9700757822225878,1248.729155,407.89785810000006,1656.6270131,28.28269202,6.558320753,34.841012773,81.11150315,8.603084246,89.714587396,246.4902634,47.92784903,294.41811243,1275.71918,0,1275.71918,3351.319905699,7043.1023264699315
Mass,H1,Real,CH,Hhigh,HP-R,5,908.3481439239602,3322.0704794753774,78724.07930802875,4230.418623399338,1.1752481960156913,1248.729155,407.89785810000006,1656.6270131,28.28269202,6.558320753,34.841012773,81.11150315,8.603084246,89.714587396,246.4902634,47.92784903,294.41811243,1275.71918,0,1275.71918,3351.319905699,7581.738529098338
Mass,H1,Real,CH,Hhigh,HP-Ro,1,908.3481439239602,1061.738149900497,33377.72930802875,1970.0862938244572,0.659730954636381,1248.729155,216.2027869,1464.9319419,28.28269202,4.116960628,32.399652648,81.11150315,4.559991558,85.67149470800001,246.4902634,25.40374832,271.89401172000004,1275.71918,0,1275.71918,3130.616280976,5100.702574800457
Mass,H1,Real,CH,Hhigh,HP-Ro,2,908.3481439239602,1538.456345263346,43369.52930802875,2446.8044891873064,0.659730954636381,1248.729155,216.2027869,1464.9319419,28.28269202,4.116960628,32.399652648,81.11150315,4.559991558,85.67149470800001,246.4902634,25.40374832,271.89401172000004,1275.71918,0,1275.71918,3130.616280976,5577.420770163306
Mass,H1,Real,CH,Hhigh,HP-Ro,3,908.3481439239602,2169.6753362148706,55293.329308028755,3078.023480138831,0.9373171615329328,1248.729155,277.1660528,1525.8952077999998,28.28269202,5.170983671,33.453675690999994,81.11150315,5.845784319,86.95728746900001,246.4902634,32.56690976,279.05717316,1275.71918,0,1275.71918,3201.08252412,6279.106004258831
Mass,H1,Real,CH,Hhigh,HP-Ro,4,908.3481439239602,2905.404787230428,71133.62930802874,3813.752931154388,0.9717999201536224,1248.729155,537.5473211,1786.2764760999999,28.28269202,7.693414729,35.976106748999996,81.11150315,11.3375562,92.44905935,246.4902634,63.16161347,309.65187686999997,1275.71918,0,1275.71918,3500.0726990689996,7313.825630223388
Mass,H1,Real,CH,Hhigh,HP-Ro,5,908.3481439239602,3445.49999451619,81149.57930802875,4353.84813844015,1.2321447477398293,1248.729155,537.5473211,1786.2764760999999,28.28269202,7.693414729,35.976106748999996,81.11150315,11.3375562,92.44905935,246.4902634,63.16161347,309.65187686999997,1275.71918,0,1275.71918,3500.0726990689996,7853.920837509149
Mass,H1,Real,CH,Hhigh,HPl_Rb-HP,1,1605.2932454700556,282.04680145820726,25072.96705202218,1887.3400469282628,0.9124179110391405,1134.6157125,479.5114065,1614.1271189999998,32.494596820000005,19.34982176,51.84441858,50.910440759,13.95159063,64.862031389,170.20365705000003,74.17019318,244.37385023000004,627.1897679,285.3529412,912.5427091,2887.7501282989997,4775.090175227262
Mass,H1,Real,CH,Hhigh,HPl_Rb-HP,2,1605.2932454700556,403.90937220439395,27553.884108661277,2009.2026176744496,0.9095001221753247,1134.6157125,479.5114065,1614.1271189999998,32.494596820000005,19.34982176,51.84441858,50.910440759,13.95159063,64.862031389,170.20365705000003,74.17019318,244.37385023000004,627.1897679,285.3529412,912.5427091,2887.7501282989997,4896.952745973449
Mass,H1,Real,CH,Hhigh,HPl_Rb-HP,3,1605.2932454700556,564.7534295043026,30488.226660345328,2170.046674974358,0.9819713914555148,1134.6157125,543.696683,1678.3123954999999,32.494596820000005,24.404181279999996,56.8987781,50.910440759,17.98784422,68.898284979,170.20365705000003,81.10948345,251.31314050000003,627.1897679,285.3529412,912.5427091,2967.965308179,5138.011983153358
Mass,H1,Real,CH,Hhigh,HPl_Rb-HP,4,1605.2932454700556,754.8694595112469,34402.55751176015,2360.1627049813023,1.0008816805635357,1134.6157125,715.28243,1849.8981425,32.494596820000005,37.88247335,70.37707017000001,50.910440759,28.75118714,79.661627899,170.20365705000003,99.6142575,269.81791455,627.1897679,285.3529412,912.5427091,3182.297464219,5542.4601692003025
Mass,H1,Real,CH,Hhigh,HPl_Rb-HP,5,1605.2932454700556,888.9741241944542,36879.09627671159,2494.2673696645097,1.0463329933585874,1134.6157125,715.28243,1849.8981425,32.494596820000005,37.88247335,70.37707017000001,50.910440759,28.75118714,79.661627899,170.20365705000003,99.6142575,269.81791455,627.1897679,285.3529412,912.5427091,3182.297464219,5676.56483388351
Mass,H1,Real,CH,Hhigh,HPl_Rb-HPo,1,1605.2932454700556,295.73400347728034,25328.753134413208,1901.027248947336,0.9178109157096777,1134.6157125,517.9205701,1652.5362826,32.494596820000005,22.38243748,54.877034300000005,50.910440759,16.37334279,67.28378354899999,170.20365705000003,78.33376735,248.53742440000005,627.1897679,285.3529412,912.5427091,2935.777233949,4836.804482896336
Mass,H1,Real,CH,Hhigh,HPl_Rb-HPo,2,1605.2932454700556,417.35439119887747,27804.65096075103,2022.647636668933,0.9147666728111684,1134.6157125,517.9205701,1652.5362826,32.494596820000005,22.38243748,54.877034300000005,50.910440759,16.37334279,67.28378354899999,170.20365705000003,78.33376735,248.53742440000005,627.1897679,285.3529412,912.5427091,2935.777233949,4958.424870617933
Mass,H1,Real,CH,Hhigh,HPl_Rb-HPo,3,1605.2932454700556,587.2692911080169,30908.361049583742,2192.5625365780725,0.9907803249687669,1134.6157125,595.2489089,1729.8646213999998,32.494596820000005,28.4476689,60.942265719999995,50.910440759,21.2168471,72.12728785899999,170.20365705000003,86.66091566999998,256.86457272,627.1897679,285.3529412,912.5427091,3032.341456799,5224.903993377073
Mass,H1,Real,CH,Hhigh,HPl_Rb-HPo,4,1605.2932454700556,796.1302113773987,35158.29601091963,2401.4234568474544,0.9993483420673906,1134.6157125,800.9478006000002,1935.5635131,32.494596820000005,44.62161938,77.1162162,50.910440759,34.1328586,85.04329935899999,170.20365705000003,108.86664449999999,279.07030155,627.1897679,285.3529412,912.5427091,3289.3360393089997,5690.759496156454
Mass,H1,Real,CH,Hhigh,HPl_Rb-HPo,5,1605.2932454700556,929.2906170233788,37631.756061693304,2534.583862493434,1.0554697516730407,1134.6157125,800.9478006000002,1935.5635131,32.494596820000005,44.62161938,77.1162162,50.910440759,34.1328586,85.04329935899999,170.20365705000003,108.86664449999999,279.07030155,627.1897679,285.3529412,912.5427091,3289.3360393089997,5823.919901802434
Mass,H1,Real,CH,Hhigh,HPl_Rb-R,1,1605.2932454700556,1017.9099785103258,40665.66667384078,2623.2032239803816,1.0304087690544175,1134.6157125,190.9509894,1325.5667018999998,32.494596820000005,3.783646588,36.278243408,50.910440759,4.027399057,54.93783981599999,170.20365705000003,22.43667136,192.64032841,627.1897679,0,627.1897679,2236.6128814339995,4859.816105414381
Mass,H1,Real,CH,Hhigh,HPl_Rb-R,2,1605.2932454700556,1497.6272280104167,50672.166673840795,3102.9204734804725,1.0235122173302795,1134.6157125,190.9509894,1325.5667018999998,32.494596820000005,3.783646588,36.278243408,50.910440759,4.027399057,54.93783981599999,170.20365705000003,22.43667136,192.64032841,627.1897679,0,627.1897679,2236.6128814339995,5339.5333549144725
Mass,H1,Real,CH,Hhigh,HPl_Rb-R,3,1605.2932454700556,2101.9362859458083,62058.366673840785,3707.2295314158637,1.2769604931923486,1134.6157125,234.8663891,1369.4821015999999,32.494596820000005,4.540375906,37.034972726,50.910440759,4.953630649,55.864071407999994,170.20365705000003,27.59671475,197.80037180000002,627.1897679,0,627.1897679,2287.3712854339997,5994.600816849863
Mass,H1,Real,CH,Hhigh,HPl_Rb-R,4,1605.2932454700556,2783.434276846971,76815.06667384079,4388.727522317026,1.3459260104337278,1134.6157125,407.89785810000006,1542.5135706,32.494596820000005,6.558320753,39.05291757300001,50.910440759,8.603084246,59.513525005,170.20365705000003,47.92784903,218.13150608,627.1897679,0,627.1897679,2486.4012871580003,6875.128809475027
Mass,H1,Real,CH,Hhigh,HPl_Rb-R,5,1605.2932454700556,3322.0704794753774,86841.51667384079,4927.363724945432,1.5510984242268313,1134.6157125,407.89785810000006,1542.5135706,32.494596820000005,6.558320753,39.05291757300001,50.910440759,8.603084246,59.513525005,170.20365705000003,47.92784903,218.13150608,627.1897679,0,627.1897679,2486.4012871580003,7413.765012103433
Mass,H1,Real,CH,Hhigh,HPl_Rb-Ro,1,1605.2932454700556,1061.738149900497,41495.16667384078,2667.0313953705527,1.035581182847521,1134.6157125,216.2027869,1350.8184994,32.494596820000005,4.116960628,36.611557448,50.910440759,4.559991558,55.470432317,170.20365705000003,25.40374832,195.60740537000004,627.1897679,0,627.1897679,2265.697662435,4932.729057805553
Mass,H1,Real,CH,Hhigh,HPl_Rb-Ro,2,1605.2932454700556,1538.456345263346,51486.96667384078,3143.749590733402,1.035581182847521,1134.6157125,216.2027869,1350.8184994,32.494596820000005,4.116960628,36.611557448,50.910440759,4.559991558,55.470432317,170.20365705000003,25.40374832,195.60740537000004,627.1897679,0,627.1897679,2265.697662435,5409.447253168402
Mass,H1,Real,CH,Hhigh,HPl_Rb-Ro,3,1605.2932454700556,2169.6753362148706,63410.766673840786,3774.968581684926,1.3131673897440725,1134.6157125,277.1660528,1411.7817652999997,32.494596820000005,5.170983671,37.665580491,50.910440759,5.845784319,56.756225078,170.20365705000003,32.56690976,202.77056681000002,627.1897679,0,627.1897679,2336.1639055789997,6111.132487263925
Mass,H1,Real,CH,Hhigh,HPl_Rb-Ro,4,1605.2932454700556,2905.404787230428,79251.06667384079,4510.698032700484,1.3476501483647623,1134.6157125,537.5473211,1672.1630335999998,32.494596820000005,7.693414729,40.188011549,50.910440759,11.3375562,62.247996959,170.20365705000003,63.16161347,233.36527052000002,627.1897679,0,627.1897679,2635.1540805279997,7145.852113228484
Mass,H1,Real,CH,Hhigh,HPl_Rb-Ro,5,1605.2932454700556,3445.49999451619,89267.01667384079,5050.793239986245,1.607994975950969,1134.6157125,537.5473211,1672.1630335999998,32.494596820000005,7.693414729,40.188011549,50.910440759,11.3375562,62.247996959,170.20365705000003,63.16161347,233.36527052000002,627.1897679,0,627.1897679,2635.1540805279997,7685.947320514244
Mass,H1,Real,CH,Hhigh,HYD1000-HYD1000,3,NA,NA,32680.60253817034,2228.500521555075,1.1318706610804292,NA,NA,3677.333192,NA,NA,124.0935889,NA,NA,112.32240350000001,NA,NA,717.9529673000001,NA,NA,2096.290777,6727.9929287,8956.493450255075
Mass,H1,Real,CH,Hhigh,HYD1000-HYD1000,4,NA,NA,35817.73422561584,2390.5272042954903,1.1448254400842748,NA,NA,3677.333192,NA,NA,124.0935889,NA,NA,112.32240350000001,NA,NA,717.9529673000001,NA,NA,2096.290777,6727.9929287,9118.52013299549
Mass,H1,Real,CH,Hhigh,HYD1000-HYD1000,5,NA,NA,38971.78516997633,2569.218990941523,1.244208218674496,NA,NA,3677.333192,NA,NA,124.0935889,NA,NA,112.32240350000001,NA,NA,717.9529673000001,NA,NA,2096.290777,6727.9929287,9297.211919641522
Mass,H1,Real,CH,Hhigh,HYD200-HYD200,3,NA,NA,27329.972047923242,1901.008237955331,0.9413069152133032,NA,NA,3294.880518,NA,NA,120.05053259999998,NA,NA,118.0814058,NA,NA,553.0027961,NA,NA,2249.519027,6335.5342795,8236.542517455331
Mass,H1,Real,CH,Hhigh,HYD200-HYD200,4,NA,NA,30143.769926012756,2038.640880007532,0.9223907820378532,NA,NA,3294.880518,NA,NA,120.05053259999998,NA,NA,118.0814058,NA,NA,553.0027961,NA,NA,2249.519027,6335.5342795,8374.175159507531
Mass,H1,Real,CH,Hhigh,HYD200-HYD200,5,NA,NA,33089.532845512316,2197.0934615601454,1.0081739778662155,NA,NA,3294.880518,NA,NA,120.05053259999998,NA,NA,118.0814058,NA,NA,553.0027961,NA,NA,2249.519027,6335.5342795,8532.627741060145
Mass,H1,Real,CH,Hhigh,HYD500-HYD500,3,NA,NA,29364.28654695003,1982.5974897689,1.002034055005577,NA,NA,3393.333459,NA,NA,118.33822830000001,NA,NA,114.78148169999999,NA,NA,594.4341117,NA,NA,2118.180527,6339.067807699999,8321.665297468899
Mass,H1,Real,CH,Hhigh,HYD500-HYD500,4,NA,NA,32462.871823591435,2134.999262846443,1.021994163970383,NA,NA,3393.333459,NA,NA,118.33822830000001,NA,NA,114.78148169999999,NA,NA,594.4341117,NA,NA,2118.180527,6339.067807699999,8474.067070546442
Mass,H1,Real,CH,Hhigh,HYD500-HYD500,5,NA,NA,35681.14662582105,2308.7533025083817,1.0931570979623393,NA,NA,3393.333459,NA,NA,118.33822830000001,NA,NA,114.78148169999999,NA,NA,594.4341117,NA,NA,2118.180527,6339.067807699999,8647.82111020838
Mass,H1,Real,CH,Hhigh,R-HP,1,2950.60965214302,282.04680145820726,43370.0617100107,3232.6564536012274,1.610513023973629,831.3671301,479.5114065,1310.8785366,38.89839479,19.34982176,58.24821655,4.400098522,13.95159063,18.351689152000002,46.09699423,74.17019318,120.26718741,0,285.3529412,285.3529412,1793.098570912,5025.755024513228
Mass,H1,Real,CH,Hhigh,R-HP,2,2950.60965214302,403.90937220439395,45850.978766649794,3354.519024347414,1.6075952351098133,831.3671301,479.5114065,1310.8785366,38.89839479,19.34982176,58.24821655,4.400098522,13.95159063,18.351689152000002,46.09699423,74.17019318,120.26718741,0,285.3529412,285.3529412,1793.098570912,5147.617595259414
Mass,H1,Real,CH,Hhigh,R-HP,3,2950.60965214302,564.7534295043026,48785.321318333845,3515.3630816473224,1.6800665043900034,831.3671301,543.696683,1375.0638131000003,38.89839479,24.404181279999996,63.30257606999999,4.400098522,17.98784422,22.387942742,46.09699423,81.10948345,127.20647767999999,0,285.3529412,285.3529412,1873.3137507920003,5388.676832439322
Mass,H1,Real,CH,Hhigh,R-HP,4,2950.60965214302,754.8694595112469,52699.65216974866,3705.4791116542665,1.698976793498024,831.3671301,715.28243,1546.6495601000001,38.89839479,37.88247335,76.78086814,4.400098522,28.75118714,33.151285662,46.09699423,99.6142575,145.71125173,0,285.3529412,285.3529412,2087.645906832,5793.1250184862665
Mass,H1,Real,CH,Hhigh,R-HP,5,2950.60965214302,888.9741241944542,55176.190934700106,3839.5837763374743,1.744428106293076,831.3671301,715.28243,1546.6495601000001,38.89839479,37.88247335,76.78086814,4.400098522,28.75118714,33.151285662,46.09699423,99.6142575,145.71125173,0,285.3529412,285.3529412,2087.645906832,5927.229683169475
Mass,H1,Real,CH,Hhigh,R-HPo,1,2950.60965214302,295.73400347728034,43625.84779240172,3246.3436556203,1.615906028644166,831.3671301,517.9205701,1349.2877002,38.89839479,22.38243748,61.280832270000005,4.400098522,16.37334279,20.773441312,46.09699423,78.33376735,124.43076158,0,285.3529412,285.3529412,1841.125676562,5087.4693321823
Mass,H1,Real,CH,Hhigh,R-HPo,2,2950.60965214302,417.35439119887747,46101.74561873955,3367.9640433418976,1.6128617857456569,831.3671301,517.9205701,1349.2877002,38.89839479,22.38243748,61.280832270000005,4.400098522,16.37334279,20.773441312,46.09699423,78.33376735,124.43076158,0,285.3529412,285.3529412,1841.125676562,5209.089719903897
Mass,H1,Real,CH,Hhigh,R-HPo,3,2950.60965214302,587.2692911080169,49205.45570757226,3537.878943251037,1.6888754379032553,831.3671301,595.2489089,1426.6160389999998,38.89839479,28.4476689,67.34606369,4.400098522,21.2168471,25.616945622,46.09699423,86.66091566999998,132.7579099,0,285.3529412,285.3529412,1937.6898994119997,5475.568842663037
Mass,H1,Real,CH,Hhigh,R-HPo,4,2950.60965214302,796.1302113773987,53455.39066890815,3746.7398635204186,1.697443455001879,831.3671301,800.9478006000002,1632.3149307,38.89839479,44.62161938,83.52001417,4.400098522,34.1328586,38.532957122,46.09699423,108.86664449999999,154.96363872999999,0,285.3529412,285.3529412,2194.684481922,5941.424345442419
Mass,H1,Real,CH,Hhigh,R-HPo,5,2950.60965214302,929.2906170233788,55928.850719681825,3879.900269166399,1.753564864607529,831.3671301,800.9478006000002,1632.3149307,38.89839479,44.62161938,83.52001417,4.400098522,34.1328586,38.532957122,46.09699423,108.86664449999999,154.96363872999999,0,285.3529412,285.3529412,2194.684481922,6074.5847510884
Mass,H1,Real,CH,Hhigh,R-R,1,2950.60965214302,1017.9099785103258,58962.7613318293,3968.5196306533458,1.7285038819889058,831.3671301,190.9509894,1022.3181195,38.89839479,3.783646588,42.682041378,4.400098522,4.027399057,8.427497579,46.09699423,22.43667136,68.53366559,0,0,0,1141.9613240469998,5110.480954700346
Mass,H1,Real,CH,Hhigh,R-R,2,2950.60965214302,1497.6272280104167,68969.2613318293,4448.236880153437,1.721607330264768,831.3671301,190.9509894,1022.3181195,38.89839479,3.783646588,42.682041378,4.400098522,4.027399057,8.427497579,46.09699423,22.43667136,68.53366559,0,0,0,1141.9613240469998,5590.1982042004365
Mass,H1,Real,CH,Hhigh,R-R,3,2950.60965214302,2101.9362859458083,80355.4613318293,5052.545938088828,1.975055606126837,831.3671301,234.8663891,1066.2335192,38.89839479,4.540375906,43.438770696,4.400098522,4.953630649,9.353729171,46.09699423,27.59671475,73.69370898,0,0,0,1192.719728047,6245.265666135828
Mass,H1,Real,CH,Hhigh,R-R,4,2950.60965214302,2783.434276846971,95112.1613318293,5734.043928989991,2.0440211233682164,831.3671301,407.89785810000006,1239.2649882,38.89839479,6.558320753,45.456715542999994,4.400098522,8.603084246,13.003182767999999,46.09699423,47.92784903,94.02484326,0,0,0,1391.749729771,7125.793658760991
Mass,H1,Real,CH,Hhigh,R-R,5,2950.60965214302,3322.0704794753774,105138.6113318293,6272.680131618397,2.24919353716132,831.3671301,407.89785810000006,1239.2649882,38.89839479,6.558320753,45.456715542999994,4.400098522,8.603084246,13.003182767999999,46.09699423,47.92784903,94.02484326,0,0,0,1391.749729771,7664.429861389397
Mass,H1,Real,CH,Hhigh,R-Ro,1,2950.60965214302,1061.738149900497,59792.2613318293,4012.3478020435173,1.7336762957820093,831.3671301,216.2027869,1047.569917,38.89839479,4.116960628,43.015355418000006,4.400098522,4.559991558,8.96009008,46.09699423,25.40374832,71.50074255,0,0,0,1171.046105048,5183.393907091518
Mass,H1,Real,CH,Hhigh,R-Ro,2,2950.60965214302,1538.456345263346,69784.0613318293,4489.0659974063665,1.7336762957820093,831.3671301,216.2027869,1047.569917,38.89839479,4.116960628,43.015355418000006,4.400098522,4.559991558,8.96009008,46.09699423,25.40374832,71.50074255,0,0,0,1171.046105048,5660.112102454366
Mass,H1,Real,CH,Hhigh,R-Ro,3,2950.60965214302,2169.6753362148706,81707.8613318293,5120.28498835789,2.0112625026785613,831.3671301,277.1660528,1108.5331829000002,38.89839479,5.170983671,44.069378461,4.400098522,5.845784319,10.245882841,46.09699423,32.56690976,78.66390399,0,0,0,1241.512348192,6361.79733654989
Mass,H1,Real,CH,Hhigh,R-Ro,4,2950.60965214302,2905.404787230428,97548.1613318293,5856.014439373448,2.045745261299251,831.3671301,537.5473211,1368.9144511999998,38.89839479,7.693414729,46.591809519,4.400098522,11.3375562,15.737654722000002,46.09699423,63.16161347,109.2586077,0,0,0,1540.502523141,7396.516962514448
Mass,H1,Real,CH,Hhigh,R-Ro,5,2950.60965214302,3445.49999451619,107564.1113318293,6396.10964665921,2.3060900888854574,831.3671301,537.5473211,1368.9144511999998,38.89839479,7.693414729,46.591809519,4.400098522,11.3375562,15.737654722000002,46.09699423,63.16161347,109.2586077,0,0,0,1540.502523141,7936.61216980021
Mass,H1,Real,CH,Hlow,HP-HP,1,1288.469073259442,372.30840607725435,16955.529686210146,1660.7774793366964,0.5365676828280006,1248.729155,479.5114065,1728.2405615000002,28.28269202,19.34982176,47.63251378,81.11150315,13.95159063,95.06309378,246.4902634,74.17019318,320.66045658,1275.71918,285.3529412,1561.0721212,3752.6687468400005,5413.446226176697
Mass,H1,Real,CH,Hlow,HP-HP,2,1288.469073259442,532.223798557884,19436.446742849243,1820.692871817326,0.5336498939641848,1248.729155,479.5114065,1728.2405615000002,28.28269202,19.34982176,47.63251378,81.11150315,13.95159063,95.06309378,246.4902634,74.17019318,320.66045658,1275.71918,285.3529412,1561.0721212,3752.6687468400005,5573.361618657326
Mass,H1,Real,CH,Hlow,HP-HP,3,1288.469073259442,748.8334885818209,22370.789294533293,2037.302561841263,0.6061211632443749,1248.729155,543.696683,1792.425838,28.28269202,24.404181279999996,52.686873299999995,81.11150315,17.98784422,99.09934736999999,246.4902634,81.10948345,327.59974685000003,1275.71918,285.3529412,1561.0721212,3832.88392672,5870.186488561263
Mass,H1,Real,CH,Hlow,HP-HP,4,1288.469073259442,980.1839765985918,26285.12014594811,2268.6530498580337,0.6250314523523957,1248.729155,715.28243,1964.011585,28.28269202,37.88247335,66.16516537,81.11150315,28.75118714,109.86269029,246.4902634,99.6142575,346.1045209,1275.71918,285.3529412,1561.0721212,4047.21608276,6315.869132618034
Mass,H1,Real,CH,Hlow,HP-HP,5,1288.469073259442,1142.7371888019713,28761.658910899558,2431.2062620614133,0.6704827651474476,1248.729155,715.28243,1964.011585,28.28269202,37.88247335,66.16516537,81.11150315,28.75118714,109.86269029,246.4902634,99.6142575,346.1045209,1275.71918,285.3529412,1561.0721212,4047.21608276,6478.422344821413
Mass,H1,Real,CH,Hlow,HP-HPo,1,1288.469073259442,389.14955936195724,17211.315768601173,1677.6186326213992,0.5419606874985377,1248.729155,517.9205701,1766.6497251,28.28269202,22.38243748,50.6651295,81.11150315,16.37334279,97.48484594000001,246.4902634,78.33376735,324.82403075,1275.71918,285.3529412,1561.0721212,3800.69585249,5478.314485111399
Mass,H1,Real,CH,Hlow,HP-HPo,2,1288.469073259442,549.0544418571677,19687.213594939,1837.5235151166098,0.5389164446000284,1248.729155,517.9205701,1766.6497251,28.28269202,22.38243748,50.6651295,81.11150315,16.37334279,97.48484594000001,246.4902634,78.33376735,324.82403075,1275.71918,285.3529412,1561.0721212,3800.69585249,5638.21936760661
Mass,H1,Real,CH,Hlow,HP-HPo,3,1288.469073259442,778.0206423000375,22790.923683771707,2066.4897155594795,0.614930096757627,1248.729155,595.2489089,1843.9780638999998,28.28269202,28.4476689,56.730360919999995,81.11150315,21.2168471,102.32835025,246.4902634,86.66091566999998,333.15117907,1275.71918,285.3529412,1561.0721212,3897.26007534,5963.749790899479
Mass,H1,Real,CH,Hlow,HP-HPo,4,1288.469073259442,1031.9915143232504,27040.85864510759,2320.4605875826924,0.6234981138562506,1248.729155,800.9478006000002,2049.6769556000004,28.28269202,44.62161938,72.9043114,81.11150315,34.1328586,115.24436175,246.4902634,108.86664449999999,355.3569079,1275.71918,285.3529412,1561.0721212,4154.2546578500005,6474.715245432693
Mass,H1,Real,CH,Hlow,HP-HPo,5,1288.469073259442,1193.5070035008418,29514.31869588127,2481.976076760284,0.6796195234619007,1248.729155,800.9478006000002,2049.6769556000004,28.28269202,44.62161938,72.9043114,81.11150315,34.1328586,115.24436175,246.4902634,108.86664449999999,355.3569079,1275.71918,285.3529412,1561.0721212,4154.2546578500005,6636.230734610284
Mass,H1,Real,CH,Hlow,HP-R,1,1288.469073259442,1326.4772221627102,32548.229308028745,2614.946295422152,0.6545585408432775,1248.729155,190.9509894,1439.6801444,28.28269202,3.783646588,32.066338607999995,81.11150315,4.027399057,85.138902207,246.4902634,22.43667136,268.92693476000005,1275.71918,0,1275.71918,3101.531499975,5716.477795397152
Mass,H1,Real,CH,Hlow,HP-R,2,1288.469073259442,1953.0899037321874,42554.729308028756,3241.558976991629,0.6476619891191396,1248.729155,190.9509894,1439.6801444,28.28269202,3.783646588,32.066338607999995,81.11150315,4.027399057,85.138902207,246.4902634,22.43667136,268.92693476000005,1275.71918,0,1275.71918,3101.531499975,6343.090476966629
Mass,H1,Real,CH,Hlow,HP-R,3,1288.469073259442,2755.547060955901,53940.92930802875,4044.0161342153433,0.9011102649812086,1248.729155,234.8663891,1483.5955440999999,28.28269202,4.540375906,32.823067926,81.11150315,4.953630649,86.065133799,246.4902634,27.59671475,274.08697815,1275.71918,0,1275.71918,3152.289903975,7196.306038190343
Mass,H1,Real,CH,Hlow,HP-R,4,1288.469073259442,3559.8614306749255,68697.62930802874,4848.330503934368,0.9700757822225878,1248.729155,407.89785810000006,1656.6270131,28.28269202,6.558320753,34.841012773,81.11150315,8.603084246,89.714587396,246.4902634,47.92784903,294.41811243,1275.71918,0,1275.71918,3351.319905699,8199.650409633368
Mass,H1,Real,CH,Hlow,HP-R,5,1288.469073259442,4209.577289410385,78724.07930802875,5498.0463626698265,1.1752481960156913,1248.729155,407.89785810000006,1656.6270131,28.28269202,6.558320753,34.841012773,81.11150315,8.603084246,89.714587396,246.4902634,47.92784903,294.41811243,1275.71918,0,1275.71918,3351.319905699,8849.366268368827
Mass,H1,Real,CH,Hlow,HP-Ro,1,1288.469073259442,1378.3703594628885,33377.72930802875,2666.8394327223305,0.659730954636381,1248.729155,216.2027869,1464.9319419,28.28269202,4.116960628,32.399652648,81.11150315,4.559991558,85.67149470800001,246.4902634,25.40374832,271.89401172000004,1275.71918,0,1275.71918,3130.616280976,5797.45571369833
Mass,H1,Real,CH,Hlow,HP-Ro,2,1288.469073259442,2003.5109954738573,43369.52930802875,3291.9800687332995,0.659730954636381,1248.729155,216.2027869,1464.9319419,28.28269202,4.116960628,32.399652648,81.11150315,4.559991558,85.67149470800001,246.4902634,25.40374832,271.89401172000004,1275.71918,0,1275.71918,3130.616280976,6422.5963497093
Mass,H1,Real,CH,Hlow,HP-Ro,3,1288.469073259442,2837.534301570244,55293.329308028755,4126.003374829686,0.9373171615329328,1248.729155,277.1660528,1525.8952077999998,28.28269202,5.170983671,33.453675690999994,81.11150315,5.845784319,86.95728746900001,246.4902634,32.56690976,279.05717316,1275.71918,0,1275.71918,3201.08252412,7327.085898949686
Mass,H1,Real,CH,Hlow,HP-Ro,4,1288.469073259442,3712.6020944108504,71133.62930802874,5001.071167670292,0.9717999201536224,1248.729155,537.5473211,1786.2764760999999,28.28269202,7.693414729,35.976106748999996,81.11150315,11.3375562,92.44905935,246.4902634,63.16161347,309.65187686999997,1275.71918,0,1275.71918,3500.0726990689996,8501.143866739292
Mass,H1,Real,CH,Hlow,HP-Ro,5,1288.469073259442,4362.2475957763645,81149.57930802875,5650.716669035807,1.2321447477398293,1248.729155,537.5473211,1786.2764760999999,28.28269202,7.693414729,35.976106748999996,81.11150315,11.3375562,92.44905935,246.4902634,63.16161347,309.65187686999997,1275.71918,0,1275.71918,3500.0726990689996,9150.789368104806
Mass,H1,Real,CH,Hlow,HPl_Rb-HP,1,2279.9918989918665,372.30840607725435,25072.96705202218,2652.300305069121,0.9124179110391405,1134.6157125,479.5114065,1614.1271189999998,32.494596820000005,19.34982176,51.84441858,50.910440759,13.95159063,64.862031389,170.20365705000003,74.17019318,244.37385023000004,627.1897679,285.3529412,912.5427091,2887.7501282989997,5540.05043336812
Mass,H1,Real,CH,Hlow,HPl_Rb-HP,2,2279.9918989918665,532.223798557884,27553.884108661277,2812.21569754975,0.9095001221753247,1134.6157125,479.5114065,1614.1271189999998,32.494596820000005,19.34982176,51.84441858,50.910440759,13.95159063,64.862031389,170.20365705000003,74.17019318,244.37385023000004,627.1897679,285.3529412,912.5427091,2887.7501282989997,5699.96582584875
Mass,H1,Real,CH,Hlow,HPl_Rb-HP,3,2279.9918989918665,748.8334885818209,30488.226660345328,3028.8253875736873,0.9819713914555148,1134.6157125,543.696683,1678.3123954999999,32.494596820000005,24.404181279999996,56.8987781,50.910440759,17.98784422,68.898284979,170.20365705000003,81.10948345,251.31314050000003,627.1897679,285.3529412,912.5427091,2967.965308179,5996.7906957526875
Mass,H1,Real,CH,Hlow,HPl_Rb-HP,4,2279.9918989918665,980.1839765985918,34402.55751176015,3260.1758755904584,1.0008816805635357,1134.6157125,715.28243,1849.8981425,32.494596820000005,37.88247335,70.37707017000001,50.910440759,28.75118714,79.661627899,170.20365705000003,99.6142575,269.81791455,627.1897679,285.3529412,912.5427091,3182.297464219,6442.473339809459
Mass,H1,Real,CH,Hlow,HPl_Rb-HP,5,2279.9918989918665,1142.7371888019713,36879.09627671159,3422.7290877938376,1.0463329933585874,1134.6157125,715.28243,1849.8981425,32.494596820000005,37.88247335,70.37707017000001,50.910440759,28.75118714,79.661627899,170.20365705000003,99.6142575,269.81791455,627.1897679,285.3529412,912.5427091,3182.297464219,6605.026552012838
Mass,H1,Real,CH,Hlow,HPl_Rb-HPo,1,2279.9918989918665,389.14955936195724,25328.753134413208,2669.1414583538235,0.9178109157096777,1134.6157125,517.9205701,1652.5362826,32.494596820000005,22.38243748,54.877034300000005,50.910440759,16.37334279,67.28378354899999,170.20365705000003,78.33376735,248.53742440000005,627.1897679,285.3529412,912.5427091,2935.777233949,5604.918692302824
Mass,H1,Real,CH,Hlow,HPl_Rb-HPo,2,2279.9918989918665,549.0544418571677,27804.65096075103,2829.046340849034,0.9147666728111684,1134.6157125,517.9205701,1652.5362826,32.494596820000005,22.38243748,54.877034300000005,50.910440759,16.37334279,67.28378354899999,170.20365705000003,78.33376735,248.53742440000005,627.1897679,285.3529412,912.5427091,2935.777233949,5764.823574798034
Mass,H1,Real,CH,Hlow,HPl_Rb-HPo,3,2279.9918989918665,778.0206423000375,30908.361049583742,3058.0125412919037,0.9907803249687669,1134.6157125,595.2489089,1729.8646213999998,32.494596820000005,28.4476689,60.942265719999995,50.910440759,21.2168471,72.12728785899999,170.20365705000003,86.66091566999998,256.86457272,627.1897679,285.3529412,912.5427091,3032.341456799,6090.353998090904
Mass,H1,Real,CH,Hlow,HPl_Rb-HPo,4,2279.9918989918665,1031.9915143232504,35158.29601091963,3311.9834133151166,0.9993483420673906,1134.6157125,800.9478006000002,1935.5635131,32.494596820000005,44.62161938,77.1162162,50.910440759,34.1328586,85.04329935899999,170.20365705000003,108.86664449999999,279.07030155,627.1897679,285.3529412,912.5427091,3289.3360393089997,6601.319452624117
Mass,H1,Real,CH,Hlow,HPl_Rb-HPo,5,2279.9918989918665,1193.5070035008418,37631.756061693304,3473.498902492708,1.0554697516730407,1134.6157125,800.9478006000002,1935.5635131,32.494596820000005,44.62161938,77.1162162,50.910440759,34.1328586,85.04329935899999,170.20365705000003,108.86664449999999,279.07030155,627.1897679,285.3529412,912.5427091,3289.3360393089997,6762.834941801708
Mass,H1,Real,CH,Hlow,HPl_Rb-R,1,2279.9918989918665,1326.4772221627102,40665.66667384078,3606.4691211545764,1.0304087690544175,1134.6157125,190.9509894,1325.5667018999998,32.494596820000005,3.783646588,36.278243408,50.910440759,4.027399057,54.93783981599999,170.20365705000003,22.43667136,192.64032841,627.1897679,0,627.1897679,2236.6128814339995,5843.082002588576
Mass,H1,Real,CH,Hlow,HPl_Rb-R,2,2279.9918989918665,1953.0899037321874,50672.166673840795,4233.081802724054,1.0235122173302795,1134.6157125,190.9509894,1325.5667018999998,32.494596820000005,3.783646588,36.278243408,50.910440759,4.027399057,54.93783981599999,170.20365705000003,22.43667136,192.64032841,627.1897679,0,627.1897679,2236.6128814339995,6469.694684158054
Mass,H1,Real,CH,Hlow,HPl_Rb-R,3,2279.9918989918665,2755.547060955901,62058.366673840785,5035.538959947768,1.2769604931923486,1134.6157125,234.8663891,1369.4821015999999,32.494596820000005,4.540375906,37.034972726,50.910440759,4.953630649,55.864071407999994,170.20365705000003,27.59671475,197.80037180000002,627.1897679,0,627.1897679,2287.3712854339997,7322.910245381767
Mass,H1,Real,CH,Hlow,HPl_Rb-R,4,2279.9918989918665,3559.8614306749255,76815.06667384079,5839.853329666792,1.3459260104337278,1134.6157125,407.89785810000006,1542.5135706,32.494596820000005,6.558320753,39.05291757300001,50.910440759,8.603084246,59.513525005,170.20365705000003,47.92784903,218.13150608,627.1897679,0,627.1897679,2486.4012871580003,8326.254616824792
Mass,H1,Real,CH,Hlow,HPl_Rb-R,5,2279.9918989918665,4209.577289410385,86841.51667384079,6489.569188402251,1.5510984242268313,1134.6157125,407.89785810000006,1542.5135706,32.494596820000005,6.558320753,39.05291757300001,50.910440759,8.603084246,59.513525005,170.20365705000003,47.92784903,218.13150608,627.1897679,0,627.1897679,2486.4012871580003,8975.97047556025
Mass,H1,Real,CH,Hlow,HPl_Rb-Ro,1,2279.9918989918665,1378.3703594628885,41495.16667384078,3658.3622584547547,1.035581182847521,1134.6157125,216.2027869,1350.8184994,32.494596820000005,4.116960628,36.611557448,50.910440759,4.559991558,55.470432317,170.20365705000003,25.40374832,195.60740537000004,627.1897679,0,627.1897679,2265.697662435,5924.059920889755
Mass,H1,Real,CH,Hlow,HPl_Rb-Ro,2,2279.9918989918665,2003.5109954738573,51486.96667384078,4283.502894465723,1.035581182847521,1134.6157125,216.2027869,1350.8184994,32.494596820000005,4.116960628,36.611557448,50.910440759,4.559991558,55.470432317,170.20365705000003,25.40374832,195.60740537000004,627.1897679,0,627.1897679,2265.697662435,6549.200556900723
Mass,H1,Real,CH,Hlow,HPl_Rb-Ro,3,2279.9918989918665,2837.534301570244,63410.766673840786,5117.526200562111,1.3131673897440725,1134.6157125,277.1660528,1411.7817652999997,32.494596820000005,5.170983671,37.665580491,50.910440759,5.845784319,56.756225078,170.20365705000003,32.56690976,202.77056681000002,627.1897679,0,627.1897679,2336.1639055789997,7453.69010614111
Mass,H1,Real,CH,Hlow,HPl_Rb-Ro,4,2279.9918989918665,3712.6020944108504,79251.06667384079,5992.593993402717,1.3476501483647623,1134.6157125,537.5473211,1672.1630335999998,32.494596820000005,7.693414729,40.188011549,50.910440759,11.3375562,62.247996959,170.20365705000003,63.16161347,233.36527052000002,627.1897679,0,627.1897679,2635.1540805279997,8627.748073930718
Mass,H1,Real,CH,Hlow,HPl_Rb-Ro,5,2279.9918989918665,4362.2475957763645,89267.01667384079,6642.239494768231,1.607994975950969,1134.6157125,537.5473211,1672.1630335999998,32.494596820000005,7.693414729,40.188011549,50.910440759,11.3375562,62.247996959,170.20365705000003,63.16161347,233.36527052000002,627.1897679,0,627.1897679,2635.1540805279997,9277.393575296232
Mass,H1,Real,CH,Hlow,HYD1000-HYD1000,3,NA,NA,32680.60253817034,3045.145216460729,1.1318706610804292,NA,NA,3677.333192,NA,NA,124.0935889,NA,NA,112.32240350000001,NA,NA,717.9529673000001,NA,NA,2096.290777,6727.9929287,9773.13814516073
Mass,H1,Real,CH,Hlow,HYD1000-HYD1000,4,NA,NA,35817.73422561584,3238.786182612866,1.1448254400842748,NA,NA,3677.333192,NA,NA,124.0935889,NA,NA,112.32240350000001,NA,NA,717.9529673000001,NA,NA,2096.290777,6727.9929287,9966.779111312866
Mass,H1,Real,CH,Hlow,HYD1000-HYD1000,5,NA,NA,38971.78516997633,3453.0462515157797,1.244208218674496,NA,NA,3677.333192,NA,NA,124.0935889,NA,NA,112.32240350000001,NA,NA,717.9529673000001,NA,NA,2096.290777,6727.9929287,10181.03918021578
Mass,H1,Real,CH,Hlow,HYD200-HYD200,3,NA,NA,27329.972047923242,2637.278939806801,0.9413069152133032,NA,NA,3294.880518,NA,NA,120.05053259999998,NA,NA,118.0814058,NA,NA,553.0027961,NA,NA,2249.519027,6335.5342795,8972.813219306801
Mass,H1,Real,CH,Hlow,HYD200-HYD200,4,NA,NA,30143.769926012756,2803.4369899368617,0.9223907820378532,NA,NA,3294.880518,NA,NA,120.05053259999998,NA,NA,118.0814058,NA,NA,553.0027961,NA,NA,2249.519027,6335.5342795,9138.97126943686
Mass,H1,Real,CH,Hlow,HYD200-HYD200,5,NA,NA,33089.532845512316,3000.2671535704526,1.0081739778662155,NA,NA,3294.880518,NA,NA,120.05053259999998,NA,NA,118.0814058,NA,NA,553.0027961,NA,NA,2249.519027,6335.5342795,9335.801433070452
Mass,H1,Real,CH,Hlow,HYD500-HYD500,3,NA,NA,29364.28654695003,2711.519140736884,1.002034055005577,NA,NA,3393.333459,NA,NA,118.33822830000001,NA,NA,114.78148169999999,NA,NA,594.4341117,NA,NA,2118.180527,6339.067807699999,9050.586948436883
Mass,H1,Real,CH,Hlow,HYD500-HYD500,4,NA,NA,32462.871823591435,2891.4885853131905,1.021994163970383,NA,NA,3393.333459,NA,NA,118.33822830000001,NA,NA,114.78148169999999,NA,NA,594.4341117,NA,NA,2118.180527,6339.067807699999,9230.55639301319
Mass,H1,Real,CH,Hlow,HYD500-HYD500,5,NA,NA,35681.14662582105,3102.6228150080615,1.0931570979623393,NA,NA,3393.333459,NA,NA,118.33822830000001,NA,NA,114.78148169999999,NA,NA,594.4341117,NA,NA,2118.180527,6339.067807699999,9441.690622708062
Mass,H1,Real,CH,Hlow,R-HP,1,4177.3469344105315,372.30840607725435,43370.0617100107,4549.655340487786,1.610513023973629,831.3671301,479.5114065,1310.8785366,38.89839479,19.34982176,58.24821655,4.400098522,13.95159063,18.351689152000002,46.09699423,74.17019318,120.26718741,0,285.3529412,285.3529412,1793.098570912,6342.753911399786
Mass,H1,Real,CH,Hlow,R-HP,2,4177.3469344105315,532.223798557884,45850.978766649794,4709.5707329684155,1.6075952351098133,831.3671301,479.5114065,1310.8785366,38.89839479,19.34982176,58.24821655,4.400098522,13.95159063,18.351689152000002,46.09699423,74.17019318,120.26718741,0,285.3529412,285.3529412,1793.098570912,6502.669303880415
Mass,H1,Real,CH,Hlow,R-HP,3,4177.3469344105315,748.8334885818209,48785.321318333845,4926.180422992353,1.6800665043900034,831.3671301,543.696683,1375.0638131000003,38.89839479,24.404181279999996,63.30257606999999,4.400098522,17.98784422,22.387942742,46.09699423,81.10948345,127.20647767999999,0,285.3529412,285.3529412,1873.3137507920003,6799.494173784353
Mass,H1,Real,CH,Hlow,R-HP,4,4177.3469344105315,980.1839765985918,52699.65216974866,5157.530911009124,1.698976793498024,831.3671301,715.28243,1546.6495601000001,38.89839479,37.88247335,76.78086814,4.400098522,28.75118714,33.151285662,46.09699423,99.6142575,145.71125173,0,285.3529412,285.3529412,2087.645906832,7245.176817841124
Mass,H1,Real,CH,Hlow,R-HP,5,4177.3469344105315,1142.7371888019713,55176.190934700106,5320.084123212503,1.744428106293076,831.3671301,715.28243,1546.6495601000001,38.89839479,37.88247335,76.78086814,4.400098522,28.75118714,33.151285662,46.09699423,99.6142575,145.71125173,0,285.3529412,285.3529412,2087.645906832,7407.730030044503
Mass,H1,Real,CH,Hlow,R-HPo,1,4177.3469344105315,389.14955936195724,43625.84779240172,4566.496493772489,1.615906028644166,831.3671301,517.9205701,1349.2877002,38.89839479,22.38243748,61.280832270000005,4.400098522,16.37334279,20.773441312,46.09699423,78.33376735,124.43076158,0,285.3529412,285.3529412,1841.125676562,6407.622170334489
Mass,H1,Real,CH,Hlow,R-HPo,2,4177.3469344105315,549.0544418571677,46101.74561873955,4726.4013762677,1.6128617857456569,831.3671301,517.9205701,1349.2877002,38.89839479,22.38243748,61.280832270000005,4.400098522,16.37334279,20.773441312,46.09699423,78.33376735,124.43076158,0,285.3529412,285.3529412,1841.125676562,6567.5270528297
Mass,H1,Real,CH,Hlow,R-HPo,3,4177.3469344105315,778.0206423000375,49205.45570757226,4955.36757671057,1.6888754379032553,831.3671301,595.2489089,1426.6160389999998,38.89839479,28.4476689,67.34606369,4.400098522,21.2168471,25.616945622,46.09699423,86.66091566999998,132.7579099,0,285.3529412,285.3529412,1937.6898994119997,6893.057476122569
Mass,H1,Real,CH,Hlow,R-HPo,4,4177.3469344105315,1031.9915143232504,53455.39066890815,5209.338448733783,1.697443455001879,831.3671301,800.9478006000002,1632.3149307,38.89839479,44.62161938,83.52001417,4.400098522,34.1328586,38.532957122,46.09699423,108.86664449999999,154.96363872999999,0,285.3529412,285.3529412,2194.684481922,7404.022930655783
Mass,H1,Real,CH,Hlow,R-HPo,5,4177.3469344105315,1193.5070035008418,55928.850719681825,5370.853937911374,1.753564864607529,831.3671301,800.9478006000002,1632.3149307,38.89839479,44.62161938,83.52001417,4.400098522,34.1328586,38.532957122,46.09699423,108.86664449999999,154.96363872999999,0,285.3529412,285.3529412,2194.684481922,7565.538419833374
Mass,H1,Real,CH,Hlow,R-R,1,4177.3469344105315,1326.4772221627102,58962.7613318293,5503.824156573242,1.7285038819889058,831.3671301,190.9509894,1022.3181195,38.89839479,3.783646588,42.682041378,4.400098522,4.027399057,8.427497579,46.09699423,22.43667136,68.53366559,0,0,0,1141.9613240469998,6645.785480620242
Mass,H1,Real,CH,Hlow,R-R,2,4177.3469344105315,1953.0899037321874,68969.2613318293,6130.436838142719,1.721607330264768,831.3671301,190.9509894,1022.3181195,38.89839479,3.783646588,42.682041378,4.400098522,4.027399057,8.427497579,46.09699423,22.43667136,68.53366559,0,0,0,1141.9613240469998,7272.398162189719
Mass,H1,Real,CH,Hlow,R-R,3,4177.3469344105315,2755.547060955901,80355.4613318293,6932.893995366432,1.975055606126837,831.3671301,234.8663891,1066.2335192,38.89839479,4.540375906,43.438770696,4.400098522,4.953630649,9.353729171,46.09699423,27.59671475,73.69370898,0,0,0,1192.719728047,8125.613723413432
Mass,H1,Real,CH,Hlow,R-R,4,4177.3469344105315,3559.8614306749255,95112.1613318293,7737.2083650854565,2.0440211233682164,831.3671301,407.89785810000006,1239.2649882,38.89839479,6.558320753,45.456715542999994,4.400098522,8.603084246,13.003182767999999,46.09699423,47.92784903,94.02484326,0,0,0,1391.749729771,9128.958094856456
Mass,H1,Real,CH,Hlow,R-R,5,4177.3469344105315,4209.577289410385,105138.6113318293,8386.924223820915,2.24919353716132,831.3671301,407.89785810000006,1239.2649882,38.89839479,6.558320753,45.456715542999994,4.400098522,8.603084246,13.003182767999999,46.09699423,47.92784903,94.02484326,0,0,0,1391.749729771,9778.673953591915
Mass,H1,Real,CH,Hlow,R-Ro,1,4177.3469344105315,1378.3703594628885,59792.2613318293,5555.71729387342,1.7336762957820093,831.3671301,216.2027869,1047.569917,38.89839479,4.116960628,43.015355418000006,4.400098522,4.559991558,8.96009008,46.09699423,25.40374832,71.50074255,0,0,0,1171.046105048,6726.76339892142
Mass,H1,Real,CH,Hlow,R-Ro,2,4177.3469344105315,2003.5109954738573,69784.0613318293,6180.857929884389,1.7336762957820093,831.3671301,216.2027869,1047.569917,38.89839479,4.116960628,43.015355418000006,4.400098522,4.559991558,8.96009008,46.09699423,25.40374832,71.50074255,0,0,0,1171.046105048,7351.904034932389
Mass,H1,Real,CH,Hlow,R-Ro,3,4177.3469344105315,2837.534301570244,81707.8613318293,7014.881235980776,2.0112625026785613,831.3671301,277.1660528,1108.5331829000002,38.89839479,5.170983671,44.069378461,4.400098522,5.845784319,10.245882841,46.09699423,32.56690976,78.66390399,0,0,0,1241.512348192,8256.393584172776
Mass,H1,Real,CH,Hlow,R-Ro,4,4177.3469344105315,3712.6020944108504,97548.1613318293,7889.949028821383,2.045745261299251,831.3671301,537.5473211,1368.9144511999998,38.89839479,7.693414729,46.591809519,4.400098522,11.3375562,15.737654722000002,46.09699423,63.16161347,109.2586077,0,0,0,1540.502523141,9430.451551962382
Mass,H1,Real,CH,Hlow,R-Ro,5,4177.3469344105315,4362.2475957763645,107564.1113318293,8539.594530186896,2.3060900888854574,831.3671301,537.5473211,1368.9144511999998,38.89839479,7.693414729,46.591809519,4.400098522,11.3375562,15.737654722000002,46.09699423,63.16161347,109.2586077,0,0,0,1540.502523141,10080.097053327896
Mass,Nom,Ideal,AK,Hhigh,HP-HP,1,960.6706255909047,253.60213377482708,18246.907649042845,1214.2727593657319,0.4120752476312941,1534.508245,479.5114065,2014.0196515,36.84429465,19.34982176,56.19411641,92.15653846000001,13.95159063,106.10812908999999,284.4334613,74.17019318,358.60365448,1321.899557,285.3529412,1607.2524982,4142.17804968,5356.450809045732
Mass,Nom,Ideal,AK,Hhigh,HP-HP,2,960.6706255909047,367.86899239150006,20594.96362319048,1328.5396179824047,0.4110900262366438,1534.508245,479.5114065,2014.0196515,36.84429465,19.34982176,56.19411641,92.15653846000001,13.95159063,106.10812908999999,284.4334613,74.17019318,358.60365448,1321.899557,285.3529412,1607.2524982,4142.17804968,5470.717667662405
Mass,Nom,Ideal,AK,Hhigh,HP-HP,3,960.6706255909047,514.3746227915257,23323.862388635043,1475.0452483824304,0.47370921452367004,1534.508245,543.696683,2078.2049279999997,36.84429465,24.404181279999996,61.24847593,92.15653846000001,17.98784422,110.14438267999999,284.4334613,81.10948345,365.54294474999995,1321.899557,285.3529412,1607.2524982,4222.39322956,5697.43847794243
Mass,Nom,Ideal,AK,Hhigh,HP-HP,4,960.6706255909047,683.8242802357358,26900.73070135781,1644.4949058266407,0.48985577296228583,1534.508245,715.28243,2249.7906749999997,36.84429465,37.88247335,74.726768,92.15653846000001,28.75118714,120.90772559999999,284.4334613,99.6142575,384.0477188,1321.899557,285.3529412,1607.2524982,4436.7253856,6081.22029142664
Mass,Nom,Ideal,AK,Hhigh,HP-HP,5,960.6706255909047,811.0471489691697,29263.96907025897,1771.7177745600745,0.5386484785297616,1534.508245,715.28243,2249.7906749999997,36.84429465,37.88247335,74.726768,92.15653846000001,28.75118714,120.90772559999999,284.4334613,99.6142575,384.0477188,1321.899557,285.3529412,1607.2524982,4436.7253856,6208.4431601600745
Mass,Nom,Ideal,AK,Hhigh,HP-HPo,1,960.6706255909047,265.3347192220931,18466.298332579707,1226.005344812998,0.41210275950947794,1534.508245,517.9205701,2052.4288150999996,36.84429465,22.38243748,59.22673213,92.15653846000001,16.37334279,108.52988125000002,284.4334613,78.33376735,362.76722864999994,1321.899557,285.3529412,1607.2524982,4190.20515533,5416.210500142997
Mass,Nom,Ideal,AK,Hhigh,HP-HPo,2,960.6706255909047,378.6058320634824,20810.248175496366,1339.276457654387,0.4131053355141643,1534.508245,517.9205701,2052.4288150999996,36.84429465,22.38243748,59.22673213,92.15653846000001,16.37334279,108.52988125000002,284.4334613,78.33376735,362.76722864999994,1321.899557,285.3529412,1607.2524982,4190.20515533,5529.481612984387
Mass,Nom,Ideal,AK,Hhigh,HP-HPo,3,960.6706255909047,533.3331801228186,23683.187869746198,1494.0038057137233,0.4858168389971235,1534.508245,595.2489089,2129.7571539,36.84429465,28.4476689,65.29196354999999,92.15653846000001,21.2168471,113.37338555999999,284.4334613,86.66091566999998,371.09437697,1321.899557,285.3529412,1607.2524982,4286.769378180001,5780.773183893724
Mass,Nom,Ideal,AK,Hhigh,HP-HPo,4,960.6706255909047,718.1717882443478,27549.595151587295,1678.8424138352525,0.49640901724817127,1534.508245,800.9478006000002,2335.4560456,36.84429465,44.62161938,81.46591403,92.15653846000001,34.1328586,126.28939706,284.4334613,108.86664449999999,393.3001058,1321.899557,285.3529412,1607.2524982,4543.763960689999,6222.606374525252
Mass,Nom,Ideal,AK,Hhigh,HP-HPo,5,960.6706255909047,844.8073449193391,29909.71869355457,1805.4779705102437,0.5432071331151682,1534.508245,800.9478006000002,2335.4560456,36.84429465,44.62161938,81.46591403,92.15653846000001,34.1328586,126.28939706,284.4334613,108.86664449999999,393.3001058,1321.899557,285.3529412,1607.2524982,4543.763960689999,6349.241931200243
Mass,Nom,Ideal,AK,Hhigh,HP-R,1,960.6706255909047,1017.9099785103258,34286.23865865045,1978.5806041012306,0.5356772094003432,1534.508245,190.9509894,1725.4592344,36.84429465,3.783646588,40.627941238,92.15653846000001,4.027399057,96.183937517,284.4334613,22.43667136,306.87013265999997,1321.899557,0,1321.899557,3491.0408028149996,5469.621406916231
Mass,Nom,Ideal,AK,Hhigh,HP-R,2,960.6706255909047,1497.6272280104167,44292.73865865046,2458.2978536013215,0.5287806576762054,1534.508245,190.9509894,1725.4592344,36.84429465,3.783646588,40.627941238,92.15653846000001,4.027399057,96.183937517,284.4334613,22.43667136,306.87013265999997,1321.899557,0,1321.899557,3491.0408028149996,5949.338656416321
Mass,Nom,Ideal,AK,Hhigh,HP-R,3,960.6706255909047,2101.9362859458083,55678.938658650455,3062.6069115367127,0.7822289335382744,1534.508245,234.8663891,1769.3746340999999,36.84429465,4.540375906,41.384670556,92.15653846000001,4.953630649,97.110169109,284.4334613,27.59671475,312.03017604999997,1321.899557,0,1321.899557,3541.7992068149997,6604.406118351712
Mass,Nom,Ideal,AK,Hhigh,HP-R,4,960.6706255909047,2783.434276846971,70435.63865865045,3744.104902437876,0.8511944507796536,1534.508245,407.89785810000006,1942.4061030999999,36.84429465,6.558320753,43.402615403000006,92.15653846000001,8.603084246,100.759622706,284.4334613,47.92784903,332.36131033,1321.899557,0,1321.899557,3740.8292085389994,7484.934110976876
Mass,Nom,Ideal,AK,Hhigh,HP-R,5,960.6706255909047,3322.0704794753774,80462.08865865046,4282.741105066282,1.056366864572757,1534.508245,407.89785810000006,1942.4061030999999,36.84429465,6.558320753,43.402615403000006,92.15653846000001,8.603084246,100.759622706,284.4334613,47.92784903,332.36131033,1321.899557,0,1321.899557,3740.8292085389994,8023.570313605282
Mass,Nom,Ideal,AK,Hhigh,HP-Ro,1,960.6706255909047,1061.738149900497,35115.73865865045,2022.408775491402,0.5408496231934468,1534.508245,216.2027869,1750.7110318999999,36.84429465,4.116960628,40.961255278,92.15653846000001,4.559991558,96.71653001800001,284.4334613,25.40374832,309.83720962,1321.899557,0,1321.899557,3520.1255838159996,5542.534359307401
Mass,Nom,Ideal,AK,Hhigh,HP-Ro,2,960.6706255909047,1538.456345263346,45107.538658650454,2499.126970854251,0.5408496231934468,1534.508245,216.2027869,1750.7110318999999,36.84429465,4.116960628,40.961255278,92.15653846000001,4.559991558,96.71653001800001,284.4334613,25.40374832,309.83720962,1321.899557,0,1321.899557,3520.1255838159996,6019.252554670251
Mass,Nom,Ideal,AK,Hhigh,HP-Ro,3,960.6706255909047,2169.6753362148706,57031.33865865046,3130.3459618057755,0.8184358300899985,1534.508245,277.1660528,1811.6742978,36.84429465,5.170983671,42.015278321000004,92.15653846000001,5.845784319,98.002322779,284.4334613,32.56690976,317.00037105999996,1321.899557,0,1321.899557,3590.5918269599997,6720.937788765776
Mass,Nom,Ideal,AK,Hhigh,HP-Ro,4,960.6706255909047,2905.404787230428,72871.63865865045,3866.075412821333,0.8529185887106882,1534.508245,537.5473211,2072.0555661,36.84429465,7.693414729,44.537709379,92.15653846000001,11.3375562,103.49409466,284.4334613,63.16161347,347.59507476999994,1321.899557,0,1321.899557,3889.5820019089997,7755.657414730333
Mass,Nom,Ideal,AK,Hhigh,HP-Ro,5,960.6706255909047,3445.49999451619,82887.58865865046,4406.170620107095,1.113263416296895,1534.508245,537.5473211,2072.0555661,36.84429465,7.693414729,44.537709379,92.15653846000001,11.3375562,103.49409466,284.4334613,63.16161347,347.59507476999994,1321.899557,0,1321.899557,3889.5820019089997,8295.752622016094
Mass,Nom,Ideal,AK,Hhigh,HPl_Rb-HP,1,1958.6997322258792,253.60213377482708,31872.333442535717,2212.301866000706,0.6927505467805253,1290.2120549,479.5114065,1769.7234614000001,37.33338953,19.34982176,56.68321129,70.167889941,13.95159063,84.119480571,192.61794583,74.17019318,266.78813901,673.3701455,285.3529412,958.7230867,3136.0373789709997,5348.339244971706
Mass,Nom,Ideal,AK,Hhigh,HPl_Rb-HP,2,1958.6997322258792,367.86899239150006,34220.38941668335,2326.5687246173793,0.6917653253858751,1290.2120549,479.5114065,1769.7234614000001,37.33338953,19.34982176,56.68321129,70.167889941,13.95159063,84.119480571,192.61794583,74.17019318,266.78813901,673.3701455,285.3529412,958.7230867,3136.0373789709997,5462.6061035883795
Mass,Nom,Ideal,AK,Hhigh,HPl_Rb-HP,3,1958.6997322258792,514.3746227915257,36949.288182127915,2473.0743550174047,0.7543845136729013,1290.2120549,543.696683,1833.9087379,37.33338953,24.404181279999996,61.737570809999994,70.167889941,17.98784422,88.155734161,192.61794583,81.10948345,273.72742928,673.3701455,285.3529412,958.7230867,3216.252558851,5689.3269138684045
Mass,Nom,Ideal,AK,Hhigh,HPl_Rb-HP,4,1958.6997322258792,683.8242802357358,40526.15649485068,2642.524012461615,0.7705310721115171,1290.2120549,715.28243,2005.4944848999999,37.33338953,37.88247335,75.21586288,70.167889941,28.75118714,98.919077081,192.61794583,99.6142575,292.23220333,673.3701455,285.3529412,958.7230867,3430.5847148909997,6073.108727352615
Mass,Nom,Ideal,AK,Hhigh,HPl_Rb-HP,5,1958.6997322258792,811.0471489691697,42889.39486375184,2769.746881195049,0.8193237776789929,1290.2120549,715.28243,2005.4944848999999,37.33338953,37.88247335,75.21586288,70.167889941,28.75118714,98.919077081,192.61794583,99.6142575,292.23220333,673.3701455,285.3529412,958.7230867,3430.5847148909997,6200.331596086049
Mass,Nom,Ideal,AK,Hhigh,HPl_Rb-HPo,1,1958.6997322258792,265.3347192220931,32091.72412607258,2224.034451447972,0.6927780586587092,1290.2120549,517.9205701,1808.132625,37.33338953,22.38243748,59.715827010000005,70.167889941,16.37334279,86.54123273100001,192.61794583,78.33376735,270.95171317999996,673.3701455,285.3529412,958.7230867,3184.064484621,5408.098936068972
Mass,Nom,Ideal,AK,Hhigh,HPl_Rb-HPo,2,1958.6997322258792,378.6058320634824,34435.673968989235,2337.3055642893614,0.6937806346633955,1290.2120549,517.9205701,1808.132625,37.33338953,22.38243748,59.715827010000005,70.167889941,16.37334279,86.54123273100001,192.61794583,78.33376735,270.95171317999996,673.3701455,285.3529412,958.7230867,3184.064484621,5521.370048910361
Mass,Nom,Ideal,AK,Hhigh,HPl_Rb-HPo,3,1958.6997322258792,533.3331801228186,37308.61366323906,2492.0329123486977,0.7664921381463548,1290.2120549,595.2489089,1885.4609638000002,37.33338953,28.4476689,65.78105843,70.167889941,21.2168471,91.384737041,192.61794583,86.66091566999998,279.2788615,673.3701455,285.3529412,958.7230867,3280.628707471,5772.661619819697
Mass,Nom,Ideal,AK,Hhigh,HPl_Rb-HPo,4,1958.6997322258792,718.1717882443478,41175.02094508016,2676.8715204702266,0.7770843163974025,1290.2120549,800.9478006000002,2091.1598555,37.33338953,44.62161938,81.95500891,70.167889941,34.1328586,104.30074854099999,192.61794583,108.86664449999999,301.48459033,673.3701455,285.3529412,958.7230867,3537.6232899809997,6214.494810451226
Mass,Nom,Ideal,AK,Hhigh,HPl_Rb-HPo,5,1958.6997322258792,844.8073449193391,43535.14448704744,2803.507077145218,0.8238824322643994,1290.2120549,800.9478006000002,2091.1598555,37.33338953,44.62161938,81.95500891,70.167889941,34.1328586,104.30074854099999,192.61794583,108.86664449999999,301.48459033,673.3701455,285.3529412,958.7230867,3537.6232899809997,6341.130367126218
Mass,Nom,Ideal,AK,Hhigh,HPl_Rb-R,1,1958.6997322258792,1017.9099785103258,47911.664452143326,2976.6097107362048,0.8163525085495745,1290.2120549,190.9509894,1481.1630443000001,37.33338953,3.783646588,41.117036118,70.167889941,4.027399057,74.195288998,192.61794583,22.43667136,215.05461719000002,673.3701455,0,673.3701455,2484.9001321060005,5461.509842842205
Mass,Nom,Ideal,AK,Hhigh,HPl_Rb-R,2,1958.6997322258792,1497.6272280104167,57918.164452143326,3456.3269602362957,0.8094559568254367,1290.2120549,190.9509894,1481.1630443000001,37.33338953,3.783646588,41.117036118,70.167889941,4.027399057,74.195288998,192.61794583,22.43667136,215.05461719000002,673.3701455,0,673.3701455,2484.9001321060005,5941.227092342297
Mass,Nom,Ideal,AK,Hhigh,HPl_Rb-R,3,1958.6997322258792,2101.9362859458083,69304.36445214332,4060.6360181716873,1.0629042326875056,1290.2120549,234.8663891,1525.078444,37.33338953,4.540375906,41.873765436,70.167889941,4.953630649,75.12152059,192.61794583,27.59671475,220.21466058000001,673.3701455,0,673.3701455,2535.658536106,6596.294554277687
Mass,Nom,Ideal,AK,Hhigh,HPl_Rb-R,4,1958.6997322258792,2783.434276846971,84061.06445214331,4742.13400907285,1.1318697499288848,1290.2120549,407.89785810000006,1698.109913,37.33338953,6.558320753,43.891710283,70.167889941,8.603084246,78.77097418700001,192.61794583,47.92784903,240.54579486,673.3701455,0,673.3701455,2734.6885378300003,7476.82254690285
Mass,Nom,Ideal,AK,Hhigh,HPl_Rb-R,5,1958.6997322258792,3322.0704794753774,94087.51445214331,5280.770211701256,1.3370421637219883,1290.2120549,407.89785810000006,1698.109913,37.33338953,6.558320753,43.891710283,70.167889941,8.603084246,78.77097418700001,192.61794583,47.92784903,240.54579486,673.3701455,0,673.3701455,2734.6885378300003,8015.458749531256
Mass,Nom,Ideal,AK,Hhigh,HPl_Rb-Ro,1,1958.6997322258792,1061.738149900497,48741.164452143326,3020.4378821263763,0.8215249223426779,1290.2120549,216.2027869,1506.4148418,37.33338953,4.116960628,41.450350158,70.167889941,4.559991558,74.72788149899999,192.61794583,25.40374832,218.02169415,673.3701455,0,673.3701455,2513.984913107,5534.422795233377
Mass,Nom,Ideal,AK,Hhigh,HPl_Rb-Ro,2,1958.6997322258792,1538.456345263346,58732.96445214332,3497.156077489225,0.8215249223426779,1290.2120549,216.2027869,1506.4148418,37.33338953,4.116960628,41.450350158,70.167889941,4.559991558,74.72788149899999,192.61794583,25.40374832,218.02169415,673.3701455,0,673.3701455,2513.984913107,6011.140990596225
Mass,Nom,Ideal,AK,Hhigh,HPl_Rb-Ro,3,1958.6997322258792,2169.6753362148706,70656.76445214332,4128.37506844075,1.0991111292392297,1290.2120549,277.1660528,1567.3781077,37.33338953,5.170983671,42.50437320100001,70.167889941,5.845784319,76.01367426,192.61794583,32.56690976,225.18485558999998,673.3701455,0,673.3701455,2584.451156251,6712.826224691749
Mass,Nom,Ideal,AK,Hhigh,HPl_Rb-Ro,4,1958.6997322258792,2905.404787230428,86497.06445214331,4864.104519456307,1.1335938878599194,1290.2120549,537.5473211,1827.7593760000002,37.33338953,7.693414729,45.026804259,70.167889941,11.3375562,81.505446141,192.61794583,63.16161347,255.7795593,673.3701455,0,673.3701455,2883.4413312,7747.545850656306
Mass,Nom,Ideal,AK,Hhigh,HPl_Rb-Ro,5,1958.6997322258792,3445.49999451619,96513.01445214331,5404.199726742069,1.3939387154461262,1290.2120549,537.5473211,1827.7593760000002,37.33338953,7.693414729,45.026804259,70.167889941,11.3375562,81.505446141,192.61794583,63.16161347,255.7795593,673.3701455,0,673.3701455,2883.4413312,8287.64105794207
Mass,Nom,Ideal,AK,Hhigh,HYD1000-HYD1000,3,NA,NA,32820.09689783262,2160.8615984301687,0.822982468420289,NA,NA,3864.853886,NA,NA,129.3555268,NA,NA,116.870198,NA,NA,756.4090149,NA,NA,2299.609556,7167.098181699999,9327.959780130168
Mass,Nom,Ideal,AK,Hhigh,HYD1000-HYD1000,4,NA,NA,35634.00168331389,2306.1104531676265,0.8150270046453544,NA,NA,3864.853886,NA,NA,129.3555268,NA,NA,116.870198,NA,NA,756.4090149,NA,NA,2299.609556,7167.098181699999,9473.208634867626
Mass,Nom,Ideal,AK,Hhigh,HYD1000-HYD1000,5,NA,NA,38586.813503376005,2475.116953839738,0.913263801957265,NA,NA,3864.853886,NA,NA,129.3555268,NA,NA,116.870198,NA,NA,756.4090149,NA,NA,2299.609556,7167.098181699999,9642.215135539736
Mass,Nom,Ideal,AK,Hhigh,HYD200-HYD200,3,NA,NA,25924.143804794327,1708.579759796372,0.6340162619190206,NA,NA,3442.810036,NA,NA,123.7682596,NA,NA,120.17012209999999,NA,NA,576.5686085,NA,NA,2430.948056,6694.2650822,8402.844841996372
Mass,Nom,Ideal,AK,Hhigh,HYD200-HYD200,4,NA,NA,28326.48935909748,1820.2042983674057,0.6042471503782092,NA,NA,3442.810036,NA,NA,123.7682596,NA,NA,120.17012209999999,NA,NA,576.5686085,NA,NA,2430.948056,6694.2650822,8514.469380567405
Mass,Nom,Ideal,AK,Hhigh,HYD200-HYD200,5,NA,NA,30858.17920425125,1955.702393220126,0.6756832774392781,NA,NA,3442.810036,NA,NA,123.7682596,NA,NA,120.17012209999999,NA,NA,576.5686085,NA,NA,2430.948056,6694.2650822,8649.967475420126
Mass,Nom,Ideal,AK,Hhigh,HYD500-HYD500,3,NA,NA,32480.795390947867,2136.624250479506,0.8426422989665967,NA,NA,3660.036507,NA,NA,126.688588,NA,NA,124.2474328,NA,NA,662.6706299,NA,NA,2365.278806,6938.921963699999,9075.546214179505
Mass,Nom,Ideal,AK,Hhigh,HYD500-HYD500,4,NA,NA,35454.141351813196,2281.3811609411177,0.8173883992510984,NA,NA,3660.036507,NA,NA,126.688588,NA,NA,124.2474328,NA,NA,662.6706299,NA,NA,2365.278806,6938.921963699999,9220.303124641116
Mass,Nom,Ideal,AK,Hhigh,HYD500-HYD500,5,NA,NA,38560.80886910348,2449.070876112856,0.9084984012715516,NA,NA,3660.036507,NA,NA,126.688588,NA,NA,124.2474328,NA,NA,662.6706299,NA,NA,2365.278806,6938.921963699999,9387.992839812854
Mass,Nom,Ideal,AK,Hhigh,R-HP,1,3774.2570768118126,253.60213377482708,56654.413546642136,4027.8592105866396,1.54898530992002,945.7181005,479.5114065,1425.229507,46.4079252,19.34982176,65.75774696,4.69746198,13.95159063,18.64905261,54.923036620000005,74.17019318,129.09322980000002,0,285.3529412,285.3529412,1924.08247757,5951.941688156639
Mass,Nom,Ideal,AK,Hhigh,R-HP,2,3774.2570768118126,367.86899239150006,59002.46952078977,4142.126069203313,1.5480000885253697,945.7181005,479.5114065,1425.229507,46.4079252,19.34982176,65.75774696,4.69746198,13.95159063,18.64905261,54.923036620000005,74.17019318,129.09322980000002,0,285.3529412,285.3529412,1924.08247757,6066.208546773313
Mass,Nom,Ideal,AK,Hhigh,R-HP,3,3774.2570768118126,514.3746227915257,61731.36828623433,4288.631699603338,1.610619276812396,945.7181005,543.696683,1489.4147835,46.4079252,24.404181279999996,70.81210648,4.69746198,17.98784422,22.685306200000003,54.923036620000005,81.10948345,136.03252007,0,285.3529412,285.3529412,2004.29765745,6292.929357053338
Mass,Nom,Ideal,AK,Hhigh,R-HP,4,3774.2570768118126,683.8242802357358,65308.236598957104,4458.081357047548,1.6267658352510117,945.7181005,715.28243,1661.0005305,46.4079252,37.88247335,84.29039854999999,4.69746198,28.75118714,33.44864912,54.923036620000005,99.6142575,154.53729411999998,0,285.3529412,285.3529412,2218.62981349,6676.711170537548
Mass,Nom,Ideal,AK,Hhigh,R-HP,5,3774.2570768118126,811.0471489691697,67671.47496785826,4585.304225780982,1.6755585408184874,945.7181005,715.28243,1661.0005305,46.4079252,37.88247335,84.29039854999999,4.69746198,28.75118714,33.44864912,54.923036620000005,99.6142575,154.53729411999998,0,285.3529412,285.3529412,2218.62981349,6803.934039270982
Mass,Nom,Ideal,AK,Hhigh,R-HPo,1,3774.2570768118126,265.3347192220931,56873.80423017899,4039.5917960339057,1.5490128217982038,945.7181005,517.9205701,1463.6386706,46.4079252,22.38243748,68.79036268,4.69746198,16.37334279,21.070804770000002,54.923036620000005,78.33376735,133.25680397,0,285.3529412,285.3529412,1972.10958322,6011.7013792539055
Mass,Nom,Ideal,AK,Hhigh,R-HPo,2,3774.2570768118126,378.6058320634824,59217.75407309565,4152.862908875295,1.55001539780289,945.7181005,517.9205701,1463.6386706,46.4079252,22.38243748,68.79036268,4.69746198,16.37334279,21.070804770000002,54.923036620000005,78.33376735,133.25680397,0,285.3529412,285.3529412,1972.10958322,6124.972492095295
Mass,Nom,Ideal,AK,Hhigh,R-HPo,3,3774.2570768118126,533.3331801228186,62090.69376734548,4307.590256934631,1.6227269012858494,945.7181005,595.2489089,1540.9670094,46.4079252,28.4476689,74.8555941,4.69746198,21.2168471,25.91430908,54.923036620000005,86.66091566999998,141.58395228999998,0,285.3529412,285.3529412,2068.67380607,6376.264063004631
Mass,Nom,Ideal,AK,Hhigh,R-HPo,4,3774.2570768118126,718.1717882443478,65957.10104918657,4492.42886505616,1.6333190795368973,945.7181005,800.9478006000002,1746.6659011,46.4079252,44.62161938,91.02954457999999,4.69746198,34.1328586,38.83032058,54.923036620000005,108.86664449999999,163.78968112,0,285.3529412,285.3529412,2325.66838858,6818.0972536361605
Mass,Nom,Ideal,AK,Hhigh,R-HPo,5,3774.2570768118126,844.8073449193391,68317.22459115385,4619.064421731152,1.680117195403894,945.7181005,800.9478006000002,1746.6659011,46.4079252,44.62161938,91.02954457999999,4.69746198,34.1328586,38.83032058,54.923036620000005,108.86664449999999,163.78968112,0,285.3529412,285.3529412,2325.66838858,6944.732810311152
Mass,Nom,Ideal,AK,Hhigh,R-R,1,3774.2570768118126,1017.9099785103258,72693.74455624973,4792.167055322138,1.672587271689069,945.7181005,190.9509894,1136.6690899,46.4079252,3.783646588,50.191571788,4.69746198,4.027399057,8.724861037,54.923036620000005,22.43667136,77.35970798,0,0,0,1272.9452307049999,6065.112286027138
Mass,Nom,Ideal,AK,Hhigh,R-R,2,3774.2570768118126,1497.6272280104167,82700.24455624975,5271.88430482223,1.6656907199649313,945.7181005,190.9509894,1136.6690899,46.4079252,3.783646588,50.191571788,4.69746198,4.027399057,8.724861037,54.923036620000005,22.43667136,77.35970798,0,0,0,1272.9452307049999,6544.829535527229
Mass,Nom,Ideal,AK,Hhigh,R-R,3,3774.2570768118126,2101.9362859458083,94086.44455624973,5876.193362757621,1.9191389958270002,945.7181005,234.8663891,1180.5844895999999,46.4079252,4.540375906,50.948301106,4.69746198,4.953630649,9.651092629,54.923036620000005,27.59671475,82.51975137,0,0,0,1323.7036347049998,7199.896997462621
Mass,Nom,Ideal,AK,Hhigh,R-R,4,3774.2570768118126,2783.434276846971,108843.14455624974,6557.691353658784,1.9881045130683797,945.7181005,407.89785810000006,1353.6159586,46.4079252,6.558320753,52.966245953000005,4.69746198,8.603084246,13.300546226,54.923036620000005,47.92784903,102.85088564999998,0,0,0,1522.7336364290002,8080.424990087784
Mass,Nom,Ideal,AK,Hhigh,R-R,5,3774.2570768118126,3322.0704794753774,118869.59455624974,7096.3275562871895,2.193276926861483,945.7181005,407.89785810000006,1353.6159586,46.4079252,6.558320753,52.966245953000005,4.69746198,8.603084246,13.300546226,54.923036620000005,47.92784903,102.85088564999998,0,0,0,1522.7336364290002,8619.06119271619
Mass,Nom,Ideal,AK,Hhigh,R-Ro,1,3774.2570768118126,1061.738149900497,73523.24455624973,4835.99522671231,1.6777596854821726,945.7181005,216.2027869,1161.9208874,46.4079252,4.116960628,50.524885828,4.69746198,4.559991558,9.257453538,54.923036620000005,25.40374832,80.32678494,0,0,0,1302.0300117059999,6138.0252384183095
Mass,Nom,Ideal,AK,Hhigh,R-Ro,2,3774.2570768118126,1538.456345263346,83515.04455624973,5312.713422075159,1.6777596854821726,945.7181005,216.2027869,1161.9208874,46.4079252,4.116960628,50.524885828,4.69746198,4.559991558,9.257453538,54.923036620000005,25.40374832,80.32678494,0,0,0,1302.0300117059999,6614.743433781158
Mass,Nom,Ideal,AK,Hhigh,R-Ro,3,3774.2570768118126,2169.6753362148706,95438.84455624974,5943.932413026683,1.9553458923787244,945.7181005,277.1660528,1222.8841533,46.4079252,5.170983671,51.578908870999996,4.69746198,5.845784319,10.543246299,54.923036620000005,32.56690976,87.48994637999999,0,0,0,1372.49625485,7316.428667876683
Mass,Nom,Ideal,AK,Hhigh,R-Ro,4,3774.2570768118126,2905.404787230428,111279.14455624974,6679.66186404224,1.989828650999414,945.7181005,537.5473211,1483.2654216,46.4079252,7.693414729,54.101339929,4.69746198,11.3375562,16.035018179999998,54.923036620000005,63.16161347,118.08465009,0,0,0,1671.486429799,8351.148293841241
Mass,Nom,Ideal,AK,Hhigh,R-Ro,5,3774.2570768118126,3445.49999451619,121295.09455624974,7219.757071328002,2.250173478585621,945.7181005,537.5473211,1483.2654216,46.4079252,7.693414729,54.101339929,4.69746198,11.3375562,16.035018179999998,54.923036620000005,63.16161347,118.08465009,0,0,0,1671.486429799,8891.243501127003
Mass,Nom,Ideal,AK,Hlow,HP-HP,1,1452.7459560021287,335.53177670674734,18246.907649042845,1788.277732708876,0.4120752476312941,1534.508245,479.5114065,2014.0196515,36.84429465,19.34982176,56.19411641,92.15653846000001,13.95159063,106.10812908999999,284.4334613,74.17019318,358.60365448,1321.899557,285.3529412,1607.2524982,4142.17804968,5930.455782388876
Mass,Nom,Ideal,AK,Hlow,HP-HP,2,1452.7459560021287,485.51763329380327,20594.96362319048,1938.263589295932,0.4110900262366438,1534.508245,479.5114065,2014.0196515,36.84429465,19.34982176,56.19411641,92.15653846000001,13.95159063,106.10812908999999,284.4334613,74.17019318,358.60365448,1321.899557,285.3529412,1607.2524982,4142.17804968,6080.441638975932
Mass,Nom,Ideal,AK,Hlow,HP-HP,3,1452.7459560021287,682.4646325489807,23323.862388635043,2135.2105885511096,0.47370921452367004,1534.508245,543.696683,2078.2049279999997,36.84429465,24.404181279999996,61.24847593,92.15653846000001,17.98784422,110.14438267999999,284.4334613,81.10948345,365.54294474999995,1321.899557,285.3529412,1607.2524982,4222.39322956,6357.603818111109
Mass,Nom,Ideal,AK,Hlow,HP-HP,4,1452.7459560021287,887.3493422675774,26900.73070135781,2340.0952982697063,0.48985577296228583,1534.508245,715.28243,2249.7906749999997,36.84429465,37.88247335,74.726768,92.15653846000001,28.75118714,120.90772559999999,284.4334613,99.6142575,384.0477188,1321.899557,285.3529412,1607.2524982,4436.7253856,6776.820683869706
Mass,Nom,Ideal,AK,Hlow,HP-HP,5,1452.7459560021287,1043.157557361154,29263.96907025897,2495.903513363283,0.5386484785297616,1534.508245,715.28243,2249.7906749999997,36.84429465,37.88247335,74.726768,92.15653846000001,28.75118714,120.90772559999999,284.4334613,99.6142575,384.0477188,1321.899557,285.3529412,1607.2524982,4436.7253856,6932.628898963283
Mass,Nom,Ideal,AK,Hlow,HP-HPo,1,1452.7459560021287,349.8222574479155,18466.298332579707,1802.5682134500441,0.41210275950947794,1534.508245,517.9205701,2052.4288150999996,36.84429465,22.38243748,59.22673213,92.15653846000001,16.37334279,108.52988125000002,284.4334613,78.33376735,362.76722864999994,1321.899557,285.3529412,1607.2524982,4190.20515533,5992.773368780044
Mass,Nom,Ideal,AK,Hlow,HP-HPo,2,1452.7459560021287,499.2268232586933,20810.248175496366,1951.9727792608219,0.4131053355141643,1534.508245,517.9205701,2052.4288150999996,36.84429465,22.38243748,59.22673213,92.15653846000001,16.37334279,108.52988125000002,284.4334613,78.33376735,362.76722864999994,1321.899557,285.3529412,1607.2524982,4190.20515533,6142.177934590822
Mass,Nom,Ideal,AK,Hlow,HP-HPo,3,1452.7459560021287,706.9001932214436,23683.187869746198,2159.646149223572,0.4858168389971235,1534.508245,595.2489089,2129.7571539,36.84429465,28.4476689,65.29196354999999,92.15653846000001,21.2168471,113.37338555999999,284.4334613,86.66091566999998,371.09437697,1321.899557,285.3529412,1607.2524982,4286.769378180001,6446.415527403573
Mass,Nom,Ideal,AK,Hlow,HP-HPo,4,1452.7459560021287,931.3798223105739,27549.595151587295,2384.1257783127026,0.49640901724817127,1534.508245,800.9478006000002,2335.4560456,36.84429465,44.62161938,81.46591403,92.15653846000001,34.1328586,126.28939706,284.4334613,108.86664449999999,393.3001058,1321.899557,285.3529412,1607.2524982,4543.763960689999,6927.889739002701
Mass,Nom,Ideal,AK,Hlow,HP-HPo,5,1452.7459560021287,1086.1256052351712,29909.71869355457,2538.8715612373,0.5432071331151682,1534.508245,800.9478006000002,2335.4560456,36.84429465,44.62161938,81.46591403,92.15653846000001,34.1328586,126.28939706,284.4334613,108.86664449999999,393.3001058,1321.899557,285.3529412,1607.2524982,4543.763960689999,7082.635521927299
Mass,Nom,Ideal,AK,Hlow,HP-R,1,1452.7459560021287,1326.4772221627102,34286.23865865045,2779.223178164839,0.5356772094003432,1534.508245,190.9509894,1725.4592344,36.84429465,3.783646588,40.627941238,92.15653846000001,4.027399057,96.183937517,284.4334613,22.43667136,306.87013265999997,1321.899557,0,1321.899557,3491.0408028149996,6270.263980979838
Mass,Nom,Ideal,AK,Hlow,HP-R,2,1452.7459560021287,1953.0899037321874,44292.73865865046,3405.8358597343163,0.5287806576762054,1534.508245,190.9509894,1725.4592344,36.84429465,3.783646588,40.627941238,92.15653846000001,4.027399057,96.183937517,284.4334613,22.43667136,306.87013265999997,1321.899557,0,1321.899557,3491.0408028149996,6896.876662549315
Mass,Nom,Ideal,AK,Hlow,HP-R,3,1452.7459560021287,2755.547060955901,55678.938658650455,4208.2930169580295,0.7822289335382744,1534.508245,234.8663891,1769.3746340999999,36.84429465,4.540375906,41.384670556,92.15653846000001,4.953630649,97.110169109,284.4334613,27.59671475,312.03017604999997,1321.899557,0,1321.899557,3541.7992068149997,7750.092223773029
Mass,Nom,Ideal,AK,Hlow,HP-R,4,1452.7459560021287,3559.8614306749255,70435.63865865045,5012.607386677054,0.8511944507796536,1534.508245,407.89785810000006,1942.4061030999999,36.84429465,6.558320753,43.402615403000006,92.15653846000001,8.603084246,100.759622706,284.4334613,47.92784903,332.36131033,1321.899557,0,1321.899557,3740.8292085389994,8753.436595216053
Mass,Nom,Ideal,AK,Hlow,HP-R,5,1452.7459560021287,4209.577289410385,80462.08865865046,5662.323245412513,1.056366864572757,1534.508245,407.89785810000006,1942.4061030999999,36.84429465,6.558320753,43.402615403000006,92.15653846000001,8.603084246,100.759622706,284.4334613,47.92784903,332.36131033,1321.899557,0,1321.899557,3740.8292085389994,9403.152453951512
Mass,Nom,Ideal,AK,Hlow,HP-Ro,1,1452.7459560021287,1378.3703594628885,35115.73865865045,2831.116315465017,0.5408496231934468,1534.508245,216.2027869,1750.7110318999999,36.84429465,4.116960628,40.961255278,92.15653846000001,4.559991558,96.71653001800001,284.4334613,25.40374832,309.83720962,1321.899557,0,1321.899557,3520.1255838159996,6351.241899281016
Mass,Nom,Ideal,AK,Hlow,HP-Ro,2,1452.7459560021287,2003.5109954738573,45107.538658650454,3456.2569514759857,0.5408496231934468,1534.508245,216.2027869,1750.7110318999999,36.84429465,4.116960628,40.961255278,92.15653846000001,4.559991558,96.71653001800001,284.4334613,25.40374832,309.83720962,1321.899557,0,1321.899557,3520.1255838159996,6976.382535291985
Mass,Nom,Ideal,AK,Hlow,HP-Ro,3,1452.7459560021287,2837.534301570244,57031.33865865046,4290.280257572374,0.8184358300899985,1534.508245,277.1660528,1811.6742978,36.84429465,5.170983671,42.015278321000004,92.15653846000001,5.845784319,98.002322779,284.4334613,32.56690976,317.00037105999996,1321.899557,0,1321.899557,3590.5918269599997,7880.872084532373
Mass,Nom,Ideal,AK,Hlow,HP-Ro,4,1452.7459560021287,3712.6020944108504,72871.63865865045,5165.348050412979,0.8529185887106882,1534.508245,537.5473211,2072.0555661,36.84429465,7.693414729,44.537709379,92.15653846000001,11.3375562,103.49409466,284.4334613,63.16161347,347.59507476999994,1321.899557,0,1321.899557,3889.5820019089997,9054.930052321979
Mass,Nom,Ideal,AK,Hlow,HP-Ro,5,1452.7459560021287,4362.2475957763645,82887.58865865046,5814.993551778493,1.113263416296895,1534.508245,537.5473211,2072.0555661,36.84429465,7.693414729,44.537709379,92.15653846000001,11.3375562,103.49409466,284.4334613,63.16161347,347.59507476999994,1321.899557,0,1321.899557,3889.5820019089997,9704.575553687493
Mass,Nom,Ideal,AK,Hlow,HPl_Rb-HP,1,2997.866258607806,335.53177670674734,31872.333442535717,3333.3980353145535,0.6927505467805253,1290.2120549,479.5114065,1769.7234614000001,37.33338953,19.34982176,56.68321129,70.167889941,13.95159063,84.119480571,192.61794583,74.17019318,266.78813901,673.3701455,285.3529412,958.7230867,3136.0373789709997,6469.435414285554
Mass,Nom,Ideal,AK,Hlow,HPl_Rb-HP,2,2997.866258607806,485.51763329380327,34220.38941668335,3483.3838919016093,0.6917653253858751,1290.2120549,479.5114065,1769.7234614000001,37.33338953,19.34982176,56.68321129,70.167889941,13.95159063,84.119480571,192.61794583,74.17019318,266.78813901,673.3701455,285.3529412,958.7230867,3136.0373789709997,6619.421270872609
Mass,Nom,Ideal,AK,Hlow,HPl_Rb-HP,3,2997.866258607806,682.4646325489807,36949.288182127915,3680.3308911567865,0.7543845136729013,1290.2120549,543.696683,1833.9087379,37.33338953,24.404181279999996,61.737570809999994,70.167889941,17.98784422,88.155734161,192.61794583,81.10948345,273.72742928,673.3701455,285.3529412,958.7230867,3216.252558851,6896.583450007786
Mass,Nom,Ideal,AK,Hlow,HPl_Rb-HP,4,2997.866258607806,887.3493422675774,40526.15649485068,3885.215600875383,0.7705310721115171,1290.2120549,715.28243,2005.4944848999999,37.33338953,37.88247335,75.21586288,70.167889941,28.75118714,98.919077081,192.61794583,99.6142575,292.23220333,673.3701455,285.3529412,958.7230867,3430.5847148909997,7315.8003157663825
Mass,Nom,Ideal,AK,Hlow,HPl_Rb-HP,5,2997.866258607806,1043.157557361154,42889.39486375184,4041.0238159689598,0.8193237776789929,1290.2120549,715.28243,2005.4944848999999,37.33338953,37.88247335,75.21586288,70.167889941,28.75118714,98.919077081,192.61794583,99.6142575,292.23220333,673.3701455,285.3529412,958.7230867,3430.5847148909997,7471.6085308599595
Mass,Nom,Ideal,AK,Hlow,HPl_Rb-HPo,1,2997.866258607806,349.8222574479155,32091.72412607258,3347.6885160557213,0.6927780586587092,1290.2120549,517.9205701,1808.132625,37.33338953,22.38243748,59.715827010000005,70.167889941,16.37334279,86.54123273100001,192.61794583,78.33376735,270.95171317999996,673.3701455,285.3529412,958.7230867,3184.064484621,6531.753000676721
Mass,Nom,Ideal,AK,Hlow,HPl_Rb-HPo,2,2997.866258607806,499.2268232586933,34435.673968989235,3497.0930818664992,0.6937806346633955,1290.2120549,517.9205701,1808.132625,37.33338953,22.38243748,59.715827010000005,70.167889941,16.37334279,86.54123273100001,192.61794583,78.33376735,270.95171317999996,673.3701455,285.3529412,958.7230867,3184.064484621,6681.157566487499
Mass,Nom,Ideal,AK,Hlow,HPl_Rb-HPo,3,2997.866258607806,706.9001932214436,37308.61366323906,3704.7664518292495,0.7664921381463548,1290.2120549,595.2489089,1885.4609638000002,37.33338953,28.4476689,65.78105843,70.167889941,21.2168471,91.384737041,192.61794583,86.66091566999998,279.2788615,673.3701455,285.3529412,958.7230867,3280.628707471,6985.395159300249
Mass,Nom,Ideal,AK,Hlow,HPl_Rb-HPo,4,2997.866258607806,931.3798223105739,41175.02094508016,3929.24608091838,0.7770843163974025,1290.2120549,800.9478006000002,2091.1598555,37.33338953,44.62161938,81.95500891,70.167889941,34.1328586,104.30074854099999,192.61794583,108.86664449999999,301.48459033,673.3701455,285.3529412,958.7230867,3537.6232899809997,7466.86937089938
Mass,Nom,Ideal,AK,Hlow,HPl_Rb-HPo,5,2997.866258607806,1086.1256052351712,43535.14448704744,4083.991863842977,0.8238824322643994,1290.2120549,800.9478006000002,2091.1598555,37.33338953,44.62161938,81.95500891,70.167889941,34.1328586,104.30074854099999,192.61794583,108.86664449999999,301.48459033,673.3701455,285.3529412,958.7230867,3537.6232899809997,7621.615153823977
Mass,Nom,Ideal,AK,Hlow,HPl_Rb-R,1,2997.866258607806,1326.4772221627102,47911.664452143326,4324.343480770516,0.8163525085495745,1290.2120549,190.9509894,1481.1630443000001,37.33338953,3.783646588,41.117036118,70.167889941,4.027399057,74.195288998,192.61794583,22.43667136,215.05461719000002,673.3701455,0,673.3701455,2484.9001321060005,6809.243612876517
Mass,Nom,Ideal,AK,Hlow,HPl_Rb-R,2,2997.866258607806,1953.0899037321874,57918.164452143326,4950.956162339993,0.8094559568254367,1290.2120549,190.9509894,1481.1630443000001,37.33338953,3.783646588,41.117036118,70.167889941,4.027399057,74.195288998,192.61794583,22.43667136,215.05461719000002,673.3701455,0,673.3701455,2484.9001321060005,7435.856294445994
Mass,Nom,Ideal,AK,Hlow,HPl_Rb-R,3,2997.866258607806,2755.547060955901,69304.36445214332,5753.413319563707,1.0629042326875056,1290.2120549,234.8663891,1525.078444,37.33338953,4.540375906,41.873765436,70.167889941,4.953630649,75.12152059,192.61794583,27.59671475,220.21466058000001,673.3701455,0,673.3701455,2535.658536106,8289.071855669707
Mass,Nom,Ideal,AK,Hlow,HPl_Rb-R,4,2997.866258607806,3559.8614306749255,84061.06445214331,6557.727689282731,1.1318697499288848,1290.2120549,407.89785810000006,1698.109913,37.33338953,6.558320753,43.891710283,70.167889941,8.603084246,78.77097418700001,192.61794583,47.92784903,240.54579486,673.3701455,0,673.3701455,2734.6885378300003,9292.416227112732
Mass,Nom,Ideal,AK,Hlow,HPl_Rb-R,5,2997.866258607806,4209.577289410385,94087.51445214331,7207.44354801819,1.3370421637219883,1290.2120549,407.89785810000006,1698.109913,37.33338953,6.558320753,43.891710283,70.167889941,8.603084246,78.77097418700001,192.61794583,47.92784903,240.54579486,673.3701455,0,673.3701455,2734.6885378300003,9942.13208584819
Mass,Nom,Ideal,AK,Hlow,HPl_Rb-Ro,1,2997.866258607806,1378.3703594628885,48741.164452143326,4376.236618070694,0.8215249223426779,1290.2120549,216.2027869,1506.4148418,37.33338953,4.116960628,41.450350158,70.167889941,4.559991558,74.72788149899999,192.61794583,25.40374832,218.02169415,673.3701455,0,673.3701455,2513.984913107,6890.2215311776945
Mass,Nom,Ideal,AK,Hlow,HPl_Rb-Ro,2,2997.866258607806,2003.5109954738573,58732.96445214332,5001.3772540816635,0.8215249223426779,1290.2120549,216.2027869,1506.4148418,37.33338953,4.116960628,41.450350158,70.167889941,4.559991558,74.72788149899999,192.61794583,25.40374832,218.02169415,673.3701455,0,673.3701455,2513.984913107,7515.362167188663
Mass,Nom,Ideal,AK,Hlow,HPl_Rb-Ro,3,2997.866258607806,2837.534301570244,70656.76445214332,5835.40056017805,1.0991111292392297,1290.2120549,277.1660528,1567.3781077,37.33338953,5.170983671,42.50437320100001,70.167889941,5.845784319,76.01367426,192.61794583,32.56690976,225.18485558999998,673.3701455,0,673.3701455,2584.451156251,8419.85171642905
Mass,Nom,Ideal,AK,Hlow,HPl_Rb-Ro,4,2997.866258607806,3712.6020944108504,86497.06445214331,6710.468353018657,1.1335938878599194,1290.2120549,537.5473211,1827.7593760000002,37.33338953,7.693414729,45.026804259,70.167889941,11.3375562,81.505446141,192.61794583,63.16161347,255.7795593,673.3701455,0,673.3701455,2883.4413312,9593.909684218657
Mass,Nom,Ideal,AK,Hlow,HPl_Rb-Ro,5,2997.866258607806,4362.2475957763645,96513.01445214331,7360.113854384171,1.3939387154461262,1290.2120549,537.5473211,1827.7593760000002,37.33338953,7.693414729,45.026804259,70.167889941,11.3375562,81.505446141,192.61794583,63.16161347,255.7795593,673.3701455,0,673.3701455,2883.4413312,10243.555185584171
Mass,Nom,Ideal,AK,Hlow,HYD1000-HYD1000,3,NA,NA,32820.09689783262,3098.2483598019903,0.822982468420289,NA,NA,3864.853886,NA,NA,129.3555268,NA,NA,116.870198,NA,NA,756.4090149,NA,NA,2299.609556,7167.098181699999,10265.34654150199
Mass,Nom,Ideal,AK,Hlow,HYD1000-HYD1000,4,NA,NA,35634.00168331389,3271.4023681062804,0.8150270046453544,NA,NA,3864.853886,NA,NA,129.3555268,NA,NA,116.870198,NA,NA,756.4090149,NA,NA,2299.609556,7167.098181699999,10438.50054980628
Mass,Nom,Ideal,AK,Hlow,HYD1000-HYD1000,5,NA,NA,38586.813503376005,3479.116166196721,0.913263801957265,NA,NA,3864.853886,NA,NA,129.3555268,NA,NA,116.870198,NA,NA,756.4090149,NA,NA,2299.609556,7167.098181699999,10646.214347896721
Mass,Nom,Ideal,AK,Hlow,HYD200-HYD200,3,NA,NA,25924.143804794327,2497.750927423858,0.6340162619190206,NA,NA,3442.810036,NA,NA,123.7682596,NA,NA,120.17012209999999,NA,NA,576.5686085,NA,NA,2430.948056,6694.2650822,9192.016009623858
Mass,Nom,Ideal,AK,Hlow,HYD200-HYD200,4,NA,NA,28326.48935909748,2630.138843946684,0.6042471503782092,NA,NA,3442.810036,NA,NA,123.7682596,NA,NA,120.17012209999999,NA,NA,576.5686085,NA,NA,2430.948056,6694.2650822,9324.403926146684
Mass,Nom,Ideal,AK,Hlow,HYD200-HYD200,5,NA,NA,30858.17920425125,2801.7491769826556,0.6756832774392781,NA,NA,3442.810036,NA,NA,123.7682596,NA,NA,120.17012209999999,NA,NA,576.5686085,NA,NA,2430.948056,6694.2650822,9496.014259182655
Mass,Nom,Ideal,AK,Hlow,HYD500-HYD500,3,NA,NA,32480.795390947867,3082.172979509184,0.8426422989665967,NA,NA,3660.036507,NA,NA,126.688588,NA,NA,124.2474328,NA,NA,662.6706299,NA,NA,2365.278806,6938.921963699999,10021.094943209184
Mass,Nom,Ideal,AK,Hlow,HYD500-HYD500,4,NA,NA,35454.141351813196,3252.5040122404116,0.8173883992510984,NA,NA,3660.036507,NA,NA,126.688588,NA,NA,124.2474328,NA,NA,662.6706299,NA,NA,2365.278806,6938.921963699999,10191.42597594041
Mass,Nom,Ideal,AK,Hlow,HYD500-HYD500,5,NA,NA,38560.80886910348,3460.9169617752855,0.9084984012715516,NA,NA,3660.036507,NA,NA,126.688588,NA,NA,124.2474328,NA,NA,662.6706299,NA,NA,2365.278806,6938.921963699999,10399.838925475284
Mass,Nom,Ideal,AK,Hlow,R-HP,1,5688.765057164595,335.53177670674734,56654.413546642136,6024.296833871343,1.54898530992002,945.7181005,479.5114065,1425.229507,46.4079252,19.34982176,65.75774696,4.69746198,13.95159063,18.64905261,54.923036620000005,74.17019318,129.09322980000002,0,285.3529412,285.3529412,1924.08247757,7948.379311441343
Mass,Nom,Ideal,AK,Hlow,R-HP,2,5688.765057164595,485.51763329380327,59002.46952078977,6174.282690458399,1.5480000885253697,945.7181005,479.5114065,1425.229507,46.4079252,19.34982176,65.75774696,4.69746198,13.95159063,18.64905261,54.923036620000005,74.17019318,129.09322980000002,0,285.3529412,285.3529412,1924.08247757,8098.365168028399
Mass,Nom,Ideal,AK,Hlow,R-HP,3,5688.765057164595,682.4646325489807,61731.36828623433,6371.229689713577,1.610619276812396,945.7181005,543.696683,1489.4147835,46.4079252,24.404181279999996,70.81210648,4.69746198,17.98784422,22.685306200000003,54.923036620000005,81.10948345,136.03252007,0,285.3529412,285.3529412,2004.29765745,8375.527347163577
Mass,Nom,Ideal,AK,Hlow,R-HP,4,5688.765057164595,887.3493422675774,65308.236598957104,6576.114399432173,1.6267658352510117,945.7181005,715.28243,1661.0005305,46.4079252,37.88247335,84.29039854999999,4.69746198,28.75118714,33.44864912,54.923036620000005,99.6142575,154.53729411999998,0,285.3529412,285.3529412,2218.62981349,8794.744212922173
Mass,Nom,Ideal,AK,Hlow,R-HP,5,5688.765057164595,1043.157557361154,67671.47496785826,6731.92261452575,1.6755585408184874,945.7181005,715.28243,1661.0005305,46.4079252,37.88247335,84.29039854999999,4.69746198,28.75118714,33.44864912,54.923036620000005,99.6142575,154.53729411999998,0,285.3529412,285.3529412,2218.62981349,8950.55242801575
Mass,Nom,Ideal,AK,Hlow,R-HPo,1,5688.765057164595,349.8222574479155,56873.80423017899,6038.587314612511,1.5490128217982038,945.7181005,517.9205701,1463.6386706,46.4079252,22.38243748,68.79036268,4.69746198,16.37334279,21.070804770000002,54.923036620000005,78.33376735,133.25680397,0,285.3529412,285.3529412,1972.10958322,8010.696897832511
Mass,Nom,Ideal,AK,Hlow,R-HPo,2,5688.765057164595,499.2268232586933,59217.75407309565,6187.991880423289,1.55001539780289,945.7181005,517.9205701,1463.6386706,46.4079252,22.38243748,68.79036268,4.69746198,16.37334279,21.070804770000002,54.923036620000005,78.33376735,133.25680397,0,285.3529412,285.3529412,1972.10958322,8160.101463643289
Mass,Nom,Ideal,AK,Hlow,R-HPo,3,5688.765057164595,706.9001932214436,62090.69376734548,6395.66525038604,1.6227269012858494,945.7181005,595.2489089,1540.9670094,46.4079252,28.4476689,74.8555941,4.69746198,21.2168471,25.91430908,54.923036620000005,86.66091566999998,141.58395228999998,0,285.3529412,285.3529412,2068.67380607,8464.33905645604
Mass,Nom,Ideal,AK,Hlow,R-HPo,4,5688.765057164595,931.3798223105739,65957.10104918657,6620.1448794751695,1.6333190795368973,945.7181005,800.9478006000002,1746.6659011,46.4079252,44.62161938,91.02954457999999,4.69746198,34.1328586,38.83032058,54.923036620000005,108.86664449999999,163.78968112,0,285.3529412,285.3529412,2325.66838858,8945.81326805517
Mass,Nom,Ideal,AK,Hlow,R-HPo,5,5688.765057164595,1086.1256052351712,68317.22459115385,6774.890662399767,1.680117195403894,945.7181005,800.9478006000002,1746.6659011,46.4079252,44.62161938,91.02954457999999,4.69746198,34.1328586,38.83032058,54.923036620000005,108.86664449999999,163.78968112,0,285.3529412,285.3529412,2325.66838858,9100.559050979768
Mass,Nom,Ideal,AK,Hlow,R-R,1,5688.765057164595,1326.4772221627102,72693.74455624973,7015.242279327306,1.672587271689069,945.7181005,190.9509894,1136.6690899,46.4079252,3.783646588,50.191571788,4.69746198,4.027399057,8.724861037,54.923036620000005,22.43667136,77.35970798,0,0,0,1272.9452307049999,8288.187510032307
Mass,Nom,Ideal,AK,Hlow,R-R,2,5688.765057164595,1953.0899037321874,82700.24455624975,7641.854960896783,1.6656907199649313,945.7181005,190.9509894,1136.6690899,46.4079252,3.783646588,50.191571788,4.69746198,4.027399057,8.724861037,54.923036620000005,22.43667136,77.35970798,0,0,0,1272.9452307049999,8914.800191601784
Mass,Nom,Ideal,AK,Hlow,R-R,3,5688.765057164595,2755.547060955901,94086.44455624973,8444.312118120497,1.9191389958270002,945.7181005,234.8663891,1180.5844895999999,46.4079252,4.540375906,50.948301106,4.69746198,4.953630649,9.651092629,54.923036620000005,27.59671475,82.51975137,0,0,0,1323.7036347049998,9768.015752825497
Mass,Nom,Ideal,AK,Hlow,R-R,4,5688.765057164595,3559.8614306749255,108843.14455624974,9248.626487839521,1.9881045130683797,945.7181005,407.89785810000006,1353.6159586,46.4079252,6.558320753,52.966245953000005,4.69746198,8.603084246,13.300546226,54.923036620000005,47.92784903,102.85088564999998,0,0,0,1522.7336364290002,10771.360124268522
Mass,Nom,Ideal,AK,Hlow,R-R,5,5688.765057164595,4209.577289410385,118869.59455624974,9898.34234657498,2.193276926861483,945.7181005,407.89785810000006,1353.6159586,46.4079252,6.558320753,52.966245953000005,4.69746198,8.603084246,13.300546226,54.923036620000005,47.92784903,102.85088564999998,0,0,0,1522.7336364290002,11421.07598300398
Mass,Nom,Ideal,AK,Hlow,R-Ro,1,5688.765057164595,1378.3703594628885,73523.24455624973,7067.135416627484,1.6777596854821726,945.7181005,216.2027869,1161.9208874,46.4079252,4.116960628,50.524885828,4.69746198,4.559991558,9.257453538,54.923036620000005,25.40374832,80.32678494,0,0,0,1302.0300117059999,8369.165428333485
Mass,Nom,Ideal,AK,Hlow,R-Ro,2,5688.765057164595,2003.5109954738573,83515.04455624973,7692.276052638454,1.6777596854821726,945.7181005,216.2027869,1161.9208874,46.4079252,4.116960628,50.524885828,4.69746198,4.559991558,9.257453538,54.923036620000005,25.40374832,80.32678494,0,0,0,1302.0300117059999,8994.306064344453
Mass,Nom,Ideal,AK,Hlow,R-Ro,3,5688.765057164595,2837.534301570244,95438.84455624974,8526.29935873484,1.9553458923787244,945.7181005,277.1660528,1222.8841533,46.4079252,5.170983671,51.578908870999996,4.69746198,5.845784319,10.543246299,54.923036620000005,32.56690976,87.48994637999999,0,0,0,1372.49625485,9898.79561358484
Mass,Nom,Ideal,AK,Hlow,R-Ro,4,5688.765057164595,3712.6020944108504,111279.14455624974,9401.367151575447,1.989828650999414,945.7181005,537.5473211,1483.2654216,46.4079252,7.693414729,54.101339929,4.69746198,11.3375562,16.035018179999998,54.923036620000005,63.16161347,118.08465009,0,0,0,1671.486429799,11072.853581374447
Mass,Nom,Ideal,AK,Hlow,R-Ro,5,5688.765057164595,4362.2475957763645,121295.09455624974,10051.01265294096,2.250173478585621,945.7181005,537.5473211,1483.2654216,46.4079252,7.693414729,54.101339929,4.69746198,11.3375562,16.035018179999998,54.923036620000005,63.16161347,118.08465009,0,0,0,1671.486429799,11722.499082739962
Mass,Nom,Ideal,CH,Hhigh,HP-HP,1,3027.0892273134873,282.04680145820726,47413.841565142,3309.136028771695,0.8978595348109606,2011.682268,479.5114065,2491.1936745000003,51.02573656,19.34982176,70.37555832,123.72560910000001,13.95159063,137.67719973,517.2085068,74.17019318,591.37869998,1648.064252,285.3529412,1933.4171931999997,5224.04232573,8533.178354501695
Mass,Nom,Ideal,CH,Hhigh,HP-HP,2,3027.0892273134873,403.90937220439395,49894.7586217811,3430.9985995178813,0.8949417459471448,2011.682268,479.5114065,2491.1936745000003,51.02573656,19.34982176,70.37555832,123.72560910000001,13.95159063,137.67719973,517.2085068,74.17019318,591.37869998,1648.064252,285.3529412,1933.4171931999997,5224.04232573,8655.040925247882
Mass,Nom,Ideal,CH,Hhigh,HP-HP,3,3027.0892273134873,564.7534295043026,52829.10117346515,3591.84265681779,0.967413015227335,2011.682268,543.696683,2555.378951,51.02573656,24.404181279999996,75.42991784,123.72560910000001,17.98784422,141.71345332,517.2085068,81.10948345,598.31799025,1648.064252,285.3529412,1933.4171931999997,5304.25750561,8896.10016242779
Mass,Nom,Ideal,CH,Hhigh,HP-HP,4,3027.0892273134873,754.8694595112469,56743.43202487996,3781.9586868247343,0.9863233043353558,2011.682268,715.28243,2726.9646979999998,51.02573656,37.88247335,88.90820991000001,123.72560910000001,28.75118714,152.47679624,517.2085068,99.6142575,616.8227643,1648.064252,285.3529412,1933.4171931999997,5518.5896616499995,9300.548348474735
Mass,Nom,Ideal,CH,Hhigh,HP-HP,5,3027.0892273134873,888.9741241944542,59219.97078983141,3916.0633515079417,1.0317746171304076,2011.682268,715.28243,2726.9646979999998,51.02573656,37.88247335,88.90820991000001,123.72560910000001,28.75118714,152.47679624,517.2085068,99.6142575,616.8227643,1648.064252,285.3529412,1933.4171931999997,5518.5896616499995,9434.653013157942
Mass,Nom,Ideal,CH,Hhigh,HP-HPo,1,3027.0892273134873,295.73400347728034,47669.62764753302,3322.8232307907674,0.9032525394814978,2011.682268,517.9205701,2529.6028381,51.02573656,22.38243748,73.40817404,123.72560910000001,16.37334279,140.09895189,517.2085068,78.33376735,595.54227415,1648.064252,285.3529412,1933.4171931999997,5272.06943138,8594.892662170769
Mass,Nom,Ideal,CH,Hhigh,HP-HPo,2,3027.0892273134873,417.35439119887747,50145.525473870846,3444.443618512365,0.9002082965829885,2011.682268,517.9205701,2529.6028381,51.02573656,22.38243748,73.40817404,123.72560910000001,16.37334279,140.09895189,517.2085068,78.33376735,595.54227415,1648.064252,285.3529412,1933.4171931999997,5272.06943138,8716.513049892365
Mass,Nom,Ideal,CH,Hhigh,HP-HPo,3,3027.0892273134873,587.2692911080169,53249.23556270356,3614.3585184215044,0.976221948740587,2011.682268,595.2489089,2606.9311769,51.02573656,28.4476689,79.47340546,123.72560910000001,21.2168471,144.9424562,517.2085068,86.66091566999998,603.86942247,1648.064252,285.3529412,1933.4171931999997,5368.63365423,8982.992172651504
Mass,Nom,Ideal,CH,Hhigh,HP-HPo,4,3027.0892273134873,796.1302113773987,57499.17052403944,3823.219438690886,0.9847899658392107,2011.682268,800.9478006000002,2812.6300686000004,51.02573656,44.62161938,95.64735593999998,123.72560910000001,34.1328586,157.8584677,517.2085068,108.86664449999999,626.0751513,1648.064252,285.3529412,1933.4171931999997,5625.62823674,9448.847675430887
Mass,Nom,Ideal,CH,Hhigh,HP-HPo,5,3027.0892273134873,929.2906170233788,59972.63057481312,3956.379844336866,1.0409113754448607,2011.682268,800.9478006000002,2812.6300686000004,51.02573656,44.62161938,95.64735593999998,123.72560910000001,34.1328586,157.8584677,517.2085068,108.86664449999999,626.0751513,1648.064252,285.3529412,1933.4171931999997,5625.62823674,9582.008081076867
Mass,Nom,Ideal,CH,Hhigh,HP-R,1,3027.0892273134873,1017.9099785103258,63006.541186960596,4044.999205823813,1.0158503928262377,2011.682268,190.9509894,2202.6332574000003,51.02573656,3.783646588,54.809383147999995,123.72560910000001,4.027399057,127.75300815700001,517.2085068,22.43667136,539.64517816,1648.064252,0,1648.064252,4572.905078865,8617.904284688813
Mass,Nom,Ideal,CH,Hhigh,HP-R,2,3027.0892273134873,1497.6272280104167,73013.0411869606,4524.7164553239045,1.0089538411020997,2011.682268,190.9509894,2202.6332574000003,51.02573656,3.783646588,54.809383147999995,123.72560910000001,4.027399057,127.75300815700001,517.2085068,22.43667136,539.64517816,1648.064252,0,1648.064252,4572.905078865,9097.621534188904
Mass,Nom,Ideal,CH,Hhigh,HP-R,3,3027.0892273134873,2101.9362859458083,84399.2411869606,5129.025513259296,1.2624021169641686,2011.682268,234.8663891,2246.5486571,51.02573656,4.540375906,55.566112466,123.72560910000001,4.953630649,128.679239749,517.2085068,27.59671475,544.8052215499999,1648.064252,0,1648.064252,4623.663482865,9752.688996124296
Mass,Nom,Ideal,CH,Hhigh,HP-R,4,3027.0892273134873,2783.434276846971,99155.94118696058,5810.523504160458,1.3313676342055478,2011.682268,407.89785810000006,2419.5801261,51.02573656,6.558320753,57.584057313,123.72560910000001,8.603084246,132.32869334600002,517.2085068,47.92784903,565.13635583,1648.064252,0,1648.064252,4822.693484589,10633.216988749458
Mass,Nom,Ideal,CH,Hhigh,HP-R,5,3027.0892273134873,3322.0704794753774,109182.3911869606,6349.159706788864,1.5365400479986513,2011.682268,407.89785810000006,2419.5801261,51.02573656,6.558320753,57.584057313,123.72560910000001,8.603084246,132.32869334600002,517.2085068,47.92784903,565.13635583,1648.064252,0,1648.064252,4822.693484589,11171.853191377864
Mass,Nom,Ideal,CH,Hhigh,HP-Ro,1,3027.0892273134873,1061.738149900497,63836.041186960596,4088.8273772139846,1.021022806619341,2011.682268,216.2027869,2227.8850549,51.02573656,4.116960628,55.142697188,123.72560910000001,4.559991558,128.28560065800002,517.2085068,25.40374832,542.61225512,1648.064252,0,1648.064252,4601.989859866,8690.817237079984
Mass,Nom,Ideal,CH,Hhigh,HP-Ro,2,3027.0892273134873,1538.456345263346,73827.84118696059,4565.545572576833,1.021022806619341,2011.682268,216.2027869,2227.8850549,51.02573656,4.116960628,55.142697188,123.72560910000001,4.559991558,128.28560065800002,517.2085068,25.40374832,542.61225512,1648.064252,0,1648.064252,4601.989859866,9167.535432442834
Mass,Nom,Ideal,CH,Hhigh,HP-Ro,3,3027.0892273134873,2169.6753362148706,85751.6411869606,5196.764563528358,1.2986090135158928,2011.682268,277.1660528,2288.8483208000002,51.02573656,5.170983671,56.196720231,123.72560910000001,5.845784319,129.571393419,517.2085068,32.56690976,549.77541656,1648.064252,0,1648.064252,4672.45610301,9869.220666538358
Mass,Nom,Ideal,CH,Hhigh,HP-Ro,4,3027.0892273134873,2905.404787230428,101591.94118696058,5932.494014543916,1.3330917721365825,2011.682268,537.5473211,2549.2295891000003,51.02573656,7.693414729,58.719151288999996,123.72560910000001,11.3375562,135.0631653,517.2085068,63.16161347,580.37012027,1648.064252,0,1648.064252,4971.446277959,10903.940292502917
Mass,Nom,Ideal,CH,Hhigh,HP-Ro,5,3027.0892273134873,3445.49999451619,111607.8911869606,6472.589221829677,1.5934365997227893,2011.682268,537.5473211,2549.2295891000003,51.02573656,7.693414729,58.719151288999996,123.72560910000001,11.3375562,135.0631653,517.2085068,63.16161347,580.37012027,1648.064252,0,1648.064252,4971.446277959,11444.035499788677
Mass,Nom,Ideal,CH,Hhigh,HPl_Rb-HP,1,6472.093270369448,282.04680145820726,95258.07146877023,6754.1400718276545,1.526646930742499,1674.5024406,479.5114065,2154.0138471,53.302821460000004,19.34982176,72.65264322,86.052896039,13.95159063,100.00448666899999,224.05882359999998,74.17019318,298.22901678,708.0054287,285.3529412,993.3583699,3618.258363669,10372.398435496654
Mass,Nom,Ideal,CH,Hhigh,HPl_Rb-HP,2,6472.093270369448,403.90937220439395,97738.98852540934,6876.002642573842,1.5237291418786834,1674.5024406,479.5114065,2154.0138471,53.302821460000004,19.34982176,72.65264322,86.052896039,13.95159063,100.00448666899999,224.05882359999998,74.17019318,298.22901678,708.0054287,285.3529412,993.3583699,3618.258363669,10494.261006242843
Mass,Nom,Ideal,CH,Hhigh,HPl_Rb-HP,3,6472.093270369448,564.7534295043026,100673.33107709339,7036.84669987375,1.5962004111588735,1674.5024406,543.696683,2218.1991236,53.302821460000004,24.404181279999996,77.70700274,86.052896039,17.98784422,104.04074025899999,224.05882359999998,81.10948345,305.16830705,708.0054287,285.3529412,993.3583699,3698.4735435489997,10735.32024342275
Mass,Nom,Ideal,CH,Hhigh,HPl_Rb-HP,4,6472.093270369448,754.8694595112469,104587.66192850821,7226.9627298806945,1.615110700266894,1674.5024406,715.28243,2389.7848705999995,53.302821460000004,37.88247335,91.18529481,86.052896039,28.75118714,114.804083179,224.05882359999998,99.6142575,323.6730811,708.0054287,285.3529412,993.3583699,3912.8056995889992,11139.768429469694
Mass,Nom,Ideal,CH,Hhigh,HPl_Rb-HP,5,6472.093270369448,888.9741241944542,107064.20069345966,7361.067394563903,1.660562013061946,1674.5024406,715.28243,2389.7848705999995,53.302821460000004,37.88247335,91.18529481,86.052896039,28.75118714,114.804083179,224.05882359999998,99.6142575,323.6730811,708.0054287,285.3529412,993.3583699,3912.8056995889992,11273.873094152903
Mass,Nom,Ideal,CH,Hhigh,HPl_Rb-HPo,1,6472.093270369448,295.73400347728034,95513.85755116127,6767.8272738467285,1.532039935413036,1674.5024406,517.9205701,2192.4230107,53.302821460000004,22.38243748,75.68525894,86.052896039,16.37334279,102.42623882899998,224.05882359999998,78.33376735,302.39259095,708.0054287,285.3529412,993.3583699,3666.2854693189997,10434.112743165728
Mass,Nom,Ideal,CH,Hhigh,HPl_Rb-HPo,2,6472.093270369448,417.35439119887747,97989.7553774991,6889.447661568325,1.528995692514527,1674.5024406,517.9205701,2192.4230107,53.302821460000004,22.38243748,75.68525894,86.052896039,16.37334279,102.42623882899998,224.05882359999998,78.33376735,302.39259095,708.0054287,285.3529412,993.3583699,3666.2854693189997,10555.733130887325
Mass,Nom,Ideal,CH,Hhigh,HPl_Rb-HPo,3,6472.093270369448,587.2692911080169,101093.4654663318,7059.362561477465,1.6050093446721254,1674.5024406,595.2489089,2269.7513495,53.302821460000004,28.4476689,81.75049036,86.052896039,21.2168471,107.26974313899998,224.05882359999998,86.66091566999998,310.71973927,708.0054287,285.3529412,993.3583699,3762.8496921690003,10822.212253646465
Mass,Nom,Ideal,CH,Hhigh,HPl_Rb-HPo,4,6472.093270369448,796.1302113773987,105343.4004276677,7268.223481746847,1.6135773617707492,1674.5024406,800.9478006000002,2475.4502412,53.302821460000004,44.62161938,97.92444083999999,86.052896039,34.1328586,120.185754639,224.05882359999998,108.86664449999999,332.9254681,708.0054287,285.3529412,993.3583699,4019.8442746790006,11288.067756425848
Mass,Nom,Ideal,CH,Hhigh,HPl_Rb-HPo,5,6472.093270369448,929.2906170233788,107816.86047844138,7401.383887392826,1.669698771376399,1674.5024406,800.9478006000002,2475.4502412,53.302821460000004,44.62161938,97.92444083999999,86.052896039,34.1328586,120.185754639,224.05882359999998,108.86664449999999,332.9254681,708.0054287,285.3529412,993.3583699,4019.8442746790006,11421.228162071828
Mass,Nom,Ideal,CH,Hhigh,HPl_Rb-R,1,6472.093270369448,1017.9099785103258,110850.77109058885,7490.003248879773,1.6446377887577759,1674.5024406,190.9509894,1865.45343,53.302821460000004,3.783646588,57.086468048,86.052896039,4.027399057,90.080295096,224.05882359999998,22.43667136,246.49549496,708.0054287,0,708.0054287,2967.121116804,10457.124365683772
Mass,Nom,Ideal,CH,Hhigh,HPl_Rb-R,2,6472.093270369448,1497.6272280104167,120857.27109058885,7969.720498379865,1.6377412370336382,1674.5024406,190.9509894,1865.45343,53.302821460000004,3.783646588,57.086468048,86.052896039,4.027399057,90.080295096,224.05882359999998,22.43667136,246.49549496,708.0054287,0,708.0054287,2967.121116804,10936.841615183865
Mass,Nom,Ideal,CH,Hhigh,HPl_Rb-R,3,6472.093270369448,2101.9362859458083,132243.47109058884,8574.029556315256,1.891189512895707,1674.5024406,234.8663891,1909.3688296999999,53.302821460000004,4.540375906,57.843197366000005,86.052896039,4.953630649,91.006526688,224.05882359999998,27.59671475,251.65553835,708.0054287,0,708.0054287,3017.879520804,11591.909077119257
Mass,Nom,Ideal,CH,Hhigh,HPl_Rb-R,4,6472.093270369448,2783.434276846971,147000.17109058885,9255.52754721642,1.9601550301370865,1674.5024406,407.89785810000006,2082.4002987,53.302821460000004,6.558320753,59.86114221300001,86.052896039,8.603084246,94.655980285,224.05882359999998,47.92784903,271.98667263,708.0054287,0,708.0054287,3216.9095225280007,12472.437069744421
Mass,Nom,Ideal,CH,Hhigh,HPl_Rb-R,5,6472.093270369448,3322.0704794753774,157026.62109058883,9794.163749844825,2.16532744393019,1674.5024406,407.89785810000006,2082.4002987,53.302821460000004,6.558320753,59.86114221300001,86.052896039,8.603084246,94.655980285,224.05882359999998,47.92784903,271.98667263,708.0054287,0,708.0054287,3216.9095225280007,13011.073272372825
Mass,Nom,Ideal,CH,Hhigh,HPl_Rb-Ro,1,6472.093270369448,1061.738149900497,111680.27109058885,7533.831420269945,1.6498102025508794,1674.5024406,216.2027869,1890.7052274999999,53.302821460000004,4.116960628,57.419782088,86.052896039,4.559991558,90.61288759700001,224.05882359999998,25.40374832,249.46257192000002,708.0054287,0,708.0054287,2996.205897805,10530.037318074945
Mass,Nom,Ideal,CH,Hhigh,HPl_Rb-Ro,2,6472.093270369448,1538.456345263346,121672.07109058886,8010.549615632794,1.6498102025508794,1674.5024406,216.2027869,1890.7052274999999,53.302821460000004,4.116960628,57.419782088,86.052896039,4.559991558,90.61288759700001,224.05882359999998,25.40374832,249.46257192000002,708.0054287,0,708.0054287,2996.205897805,11006.755513437794
Mass,Nom,Ideal,CH,Hhigh,HPl_Rb-Ro,3,6472.093270369448,2169.6753362148706,133595.87109058883,8641.768606584319,1.9273964094474312,1674.5024406,277.1660528,1951.6684934,53.302821460000004,5.170983671,58.473805131,86.052896039,5.845784319,91.89868035800001,224.05882359999998,32.56690976,256.62573335999997,708.0054287,0,708.0054287,3066.672140949,11708.44074753332
Mass,Nom,Ideal,CH,Hhigh,HPl_Rb-Ro,4,6472.093270369448,2905.404787230428,149436.17109058885,9377.498057599876,1.961879168068121,1674.5024406,537.5473211,2212.0497617,53.302821460000004,7.693414729,60.996236189,86.052896039,11.3375562,97.390452239,224.05882359999998,63.16161347,287.22043707,708.0054287,0,708.0054287,3365.662315898,12743.160373497876
Mass,Nom,Ideal,CH,Hhigh,HPl_Rb-Ro,5,6472.093270369448,3445.49999451619,159452.12109058883,9917.593264885638,2.2222239956543275,1674.5024406,537.5473211,2212.0497617,53.302821460000004,7.693414729,60.996236189,86.052896039,11.3375562,97.390452239,224.05882359999998,63.16161347,287.22043707,708.0054287,0,708.0054287,3365.662315898,13283.255580783638
Mass,Nom,Ideal,CH,Hhigh,HYD1000-HYD1000,3,NA,NA,70629.07990773025,4948.474519790818,1.6261299180087865,NA,NA,4472.224741,NA,NA,147.9151098,NA,NA,136.8464583,NA,NA,904.6649576,NA,NA,2884.520629,8546.171895700001,13494.646415490819
Mass,Nom,Ideal,CH,Hhigh,HYD1000-HYD1000,4,NA,NA,73503.06410052642,5105.33757488855,1.5684068856231628,NA,NA,4472.224741,NA,NA,147.9151098,NA,NA,136.8464583,NA,NA,904.6649576,NA,NA,2884.520629,8546.171895700001,13651.509470588551
Mass,Nom,Ideal,CH,Hhigh,HYD1000-HYD1000,5,NA,NA,76474.25366199974,5280.4627808481055,1.7313662975924549,NA,NA,4472.224741,NA,NA,147.9151098,NA,NA,136.8464583,NA,NA,904.6649576,NA,NA,2884.520629,8546.171895700001,13826.634676548107
Mass,Nom,Ideal,CH,Hhigh,HYD200-HYD200,3,NA,NA,64866.95144099878,4471.431528717651,1.3303792653244133,NA,NA,3891.816184,NA,NA,136.1509989,NA,NA,130.3100694,NA,NA,665.26361,NA,NA,2928.3001289999997,7751.8409913,12223.27252001765
Mass,Nom,Ideal,CH,Hhigh,HYD200-HYD200,4,NA,NA,67789.41500581508,4610.066410737112,1.3152339817413896,NA,NA,3891.816184,NA,NA,136.1509989,NA,NA,130.3100694,NA,NA,665.26361,NA,NA,2928.3001289999997,7751.8409913,12361.907402037112
Mass,Nom,Ideal,CH,Hhigh,HYD200-HYD200,5,NA,NA,70843.87568779841,4774.138108685332,1.39867820814859,NA,NA,3891.816184,NA,NA,136.1509989,NA,NA,130.3100694,NA,NA,665.26361,NA,NA,2928.3001289999997,7751.8409913,12525.979099985332
Mass,Nom,Ideal,CH,Hhigh,HYD500-HYD500,3,NA,NA,66901.33457521255,4624.677332310146,1.47162226224402,NA,NA,4227.816184,NA,NA,143.7039601,NA,NA,141.7646148,NA,NA,796.0363372999999,NA,NA,2928.3001289999997,8237.6212252,12862.298557510147
Mass,Nom,Ideal,CH,Hhigh,HYD500-HYD500,4,NA,NA,69821.48018541741,4768.6364313030635,1.4604378423635216,NA,NA,4227.816184,NA,NA,143.7039601,NA,NA,141.7646148,NA,NA,796.0363372999999,NA,NA,2928.3001289999997,8237.6212252,13006.257656503065
Mass,Nom,Ideal,CH,Hhigh,HYD500-HYD500,5,NA,NA,72876.07711674203,4937.073611724941,1.5561409689455608,NA,NA,4227.816184,NA,NA,143.7039601,NA,NA,141.7646148,NA,NA,796.0363372999999,NA,NA,2928.3001289999997,8237.6212252,13174.69483692494
Mass,Nom,Ideal,CH,Hhigh,R-HP,1,10020.394187522837,282.04680145820726,147506.47666075407,10302.440988981043,2.8613216081444475,1372.836763,479.5114065,1852.3481695,66.60807563,19.34982176,85.95789739,6.927247586,13.95159063,20.878838216,78.85413798,74.17019318,153.02433116,0,285.3529412,285.3529412,2397.562177466,12700.003166447043
Mass,Nom,Ideal,CH,Hhigh,R-HP,2,10020.394187522837,403.90937220439395,149987.39371739316,10424.30355972723,2.858403819280632,1372.836763,479.5114065,1852.3481695,66.60807563,19.34982176,85.95789739,6.927247586,13.95159063,20.878838216,78.85413798,74.17019318,153.02433116,0,285.3529412,285.3529412,2397.562177466,12821.86573719323
Mass,Nom,Ideal,CH,Hhigh,R-HP,3,10020.394187522837,564.7534295043026,152921.7362690772,10585.14761702714,2.9308750885608217,1372.836763,543.696683,1916.5334460000004,66.60807563,24.404181279999996,91.01225690999999,6.927247586,17.98784422,24.915091806,78.85413798,81.10948345,159.96362143000002,0,285.3529412,285.3529412,2477.777357346,13062.92497437314
Mass,Nom,Ideal,CH,Hhigh,R-HP,4,10020.394187522837,754.8694595112469,156836.06712049202,10775.263647034084,2.9497853776688427,1372.836763,715.28243,2088.119193,66.60807563,37.88247335,104.49054898,6.927247586,28.75118714,35.678434726,78.85413798,99.6142575,178.46839547999997,0,285.3529412,285.3529412,2692.1095133859994,13467.373160420084
Mass,Nom,Ideal,CH,Hhigh,R-HP,5,10020.394187522837,888.9741241944542,159312.60588544348,10909.368311717291,2.9952366904638943,1372.836763,715.28243,2088.119193,66.60807563,37.88247335,104.49054898,6.927247586,28.75118714,35.678434726,78.85413798,99.6142575,178.46839547999997,0,285.3529412,285.3529412,2692.1095133859994,13601.477825103291
Mass,Nom,Ideal,CH,Hhigh,R-HPo,1,10020.394187522837,295.73400347728034,147762.2627431451,10316.128191000116,2.8667146128149845,1372.836763,517.9205701,1890.7573330999999,66.60807563,22.38243748,88.99051311000001,6.927247586,16.37334279,23.300590376,78.85413798,78.33376735,157.18790533,0,285.3529412,285.3529412,2445.5892831159995,12761.717474116116
Mass,Nom,Ideal,CH,Hhigh,R-HPo,2,10020.394187522837,417.35439119887747,150238.16056948292,10437.748578721714,2.863670369916475,1372.836763,517.9205701,1890.7573330999999,66.60807563,22.38243748,88.99051311000001,6.927247586,16.37334279,23.300590376,78.85413798,78.33376735,157.18790533,0,285.3529412,285.3529412,2445.5892831159995,12883.337861837714
Mass,Nom,Ideal,CH,Hhigh,R-HPo,3,10020.394187522837,587.2692911080169,153341.87065831563,10607.663478630853,2.939684022074074,1372.836763,595.2489089,1968.0856718999999,66.60807563,28.4476689,95.05574453,6.927247586,21.2168471,28.144094685999995,78.85413798,86.66091566999998,165.51505365,0,285.3529412,285.3529412,2542.1535059659996,13149.816984596853
Mass,Nom,Ideal,CH,Hhigh,R-HPo,4,10020.394187522837,796.1302113773987,157591.8056196515,10816.524398900236,2.9482520391726976,1372.836763,800.9478006000002,2173.7845636,66.60807563,44.62161938,111.22969500999999,6.927247586,34.1328586,41.060106186,78.85413798,108.86664449999999,187.72078248,0,285.3529412,285.3529412,2799.148088476,13615.672487376236
Mass,Nom,Ideal,CH,Hhigh,R-HPo,5,10020.394187522837,929.2906170233788,160065.2656704252,10949.684804546216,3.0043734487783476,1372.836763,800.9478006000002,2173.7845636,66.60807563,44.62161938,111.22969500999999,6.927247586,34.1328586,41.060106186,78.85413798,108.86664449999999,187.72078248,0,285.3529412,285.3529412,2799.148088476,13748.832893022216
Mass,Nom,Ideal,CH,Hhigh,R-R,1,10020.394187522837,1017.9099785103258,163099.17628257268,11038.304166033162,2.9793124661597243,1372.836763,190.9509894,1563.7877524000003,66.60807563,3.783646588,70.391722218,6.927247586,4.027399057,10.954646642999998,78.85413798,22.43667136,101.29080934000001,0,0,0,1746.4249306010001,12784.729096634162
Mass,Nom,Ideal,CH,Hhigh,R-R,2,10020.394187522837,1497.6272280104167,173105.6762825727,11518.021415533254,2.9724159144355866,1372.836763,190.9509894,1563.7877524000003,66.60807563,3.783646588,70.391722218,6.927247586,4.027399057,10.954646642999998,78.85413798,22.43667136,101.29080934000001,0,0,0,1746.4249306010001,13264.446346134255
Mass,Nom,Ideal,CH,Hhigh,R-R,3,10020.394187522837,2101.9362859458083,184491.87628257266,12122.330473468644,3.2258641902976555,1372.836763,234.8663891,1607.7031521000001,66.60807563,4.540375906,71.148451536,6.927247586,4.953630649,11.880878235,78.85413798,27.59671475,106.45085273000001,0,0,0,1797.183334601,13919.513808069645
Mass,Nom,Ideal,CH,Hhigh,R-R,4,10020.394187522837,2783.434276846971,199248.57628257264,12803.828464369808,3.294829707539035,1372.836763,407.89785810000006,1780.7346211,66.60807563,6.558320753,73.166396383,6.927247586,8.603084246,15.530331832000002,78.85413798,47.92784903,126.78198701,0,0,0,1996.213336325,14800.041800694808
Mass,Nom,Ideal,CH,Hhigh,R-R,5,10020.394187522837,3322.0704794753774,209275.02628257265,13342.464666998214,3.5000021213321384,1372.836763,407.89785810000006,1780.7346211,66.60807563,6.558320753,73.166396383,6.927247586,8.603084246,15.530331832000002,78.85413798,47.92784903,126.78198701,0,0,0,1996.213336325,15338.678003323213
Mass,Nom,Ideal,CH,Hhigh,R-Ro,1,10020.394187522837,1061.738149900497,163928.67628257268,11082.132337423334,2.984484879952828,1372.836763,216.2027869,1589.0395499,66.60807563,4.116960628,70.725036258,6.927247586,4.559991558,11.487239144,78.85413798,25.40374832,104.25788630000001,0,0,0,1775.5097116020004,12857.642049025335
Mass,Nom,Ideal,CH,Hhigh,R-Ro,2,10020.394187522837,1538.456345263346,173920.47628257266,11558.850532786182,2.984484879952828,1372.836763,216.2027869,1589.0395499,66.60807563,4.116960628,70.725036258,6.927247586,4.559991558,11.487239144,78.85413798,25.40374832,104.25788630000001,0,0,0,1775.5097116020004,13334.360244388183
Mass,Nom,Ideal,CH,Hhigh,R-Ro,3,10020.394187522837,2169.6753362148706,185844.27628257265,12190.069523737708,3.26207108684938,1372.836763,277.1660528,1650.0028158,66.60807563,5.170983671,71.779059301,6.927247586,5.845784319,12.773031905000002,78.85413798,32.56690976,111.42104774,0,0,0,1845.9759547459998,14036.045478483707
Mass,Nom,Ideal,CH,Hhigh,R-Ro,4,10020.394187522837,2905.404787230428,201684.57628257264,12925.798974753265,3.2965538454700694,1372.836763,537.5473211,1910.3840840999999,66.60807563,7.693414729,74.301490359,6.927247586,11.3375562,18.264803785999998,78.85413798,63.16161347,142.01575145,0,0,0,2144.966129695,15070.765104448265
Mass,Nom,Ideal,CH,Hhigh,R-Ro,5,10020.394187522837,3445.49999451619,211700.52628257265,13465.894182039026,3.556898673056276,1372.836763,537.5473211,1910.3840840999999,66.60807563,7.693414729,74.301490359,6.927247586,11.3375562,18.264803785999998,78.85413798,63.16161347,142.01575145,0,0,0,2144.966129695,15610.860311734026
Mass,Nom,Ideal,CH,Hlow,HP-HP,1,4214.084319111985,372.30840607725435,47413.841565142,4586.392725189239,0.8978595348109606,2011.682268,479.5114065,2491.1936745000003,51.02573656,19.34982176,70.37555832,123.72560910000001,13.95159063,137.67719973,517.2085068,74.17019318,591.37869998,1648.064252,285.3529412,1933.4171931999997,5224.04232573,9810.435050919239
Mass,Nom,Ideal,CH,Hlow,HP-HP,2,4214.084319111985,532.223798557884,49894.7586217811,4746.308117669869,0.8949417459471448,2011.682268,479.5114065,2491.1936745000003,51.02573656,19.34982176,70.37555832,123.72560910000001,13.95159063,137.67719973,517.2085068,74.17019318,591.37869998,1648.064252,285.3529412,1933.4171931999997,5224.04232573,9970.350443399868
Mass,Nom,Ideal,CH,Hlow,HP-HP,3,4214.084319111985,748.8334885818209,52829.10117346515,4962.917807693805,0.967413015227335,2011.682268,543.696683,2555.378951,51.02573656,24.404181279999996,75.42991784,123.72560910000001,17.98784422,141.71345332,517.2085068,81.10948345,598.31799025,1648.064252,285.3529412,1933.4171931999997,5304.25750561,10267.175313303806
Mass,Nom,Ideal,CH,Hlow,HP-HP,4,4214.084319111985,980.1839765985918,56743.43202487996,5194.268295710576,0.9863233043353558,2011.682268,715.28243,2726.9646979999998,51.02573656,37.88247335,88.90820991000001,123.72560910000001,28.75118714,152.47679624,517.2085068,99.6142575,616.8227643,1648.064252,285.3529412,1933.4171931999997,5518.5896616499995,10712.857957360575
Mass,Nom,Ideal,CH,Hlow,HP-HP,5,4214.084319111985,1142.7371888019713,59219.97078983141,5356.821507913955,1.0317746171304076,2011.682268,715.28243,2726.9646979999998,51.02573656,37.88247335,88.90820991000001,123.72560910000001,28.75118714,152.47679624,517.2085068,99.6142575,616.8227643,1648.064252,285.3529412,1933.4171931999997,5518.5896616499995,10875.411169563955
Mass,Nom,Ideal,CH,Hlow,HP-HPo,1,4214.084319111985,389.14955936195724,47669.62764753302,4603.233878473942,0.9032525394814978,2011.682268,517.9205701,2529.6028381,51.02573656,22.38243748,73.40817404,123.72560910000001,16.37334279,140.09895189,517.2085068,78.33376735,595.54227415,1648.064252,285.3529412,1933.4171931999997,5272.06943138,9875.303309853942
Mass,Nom,Ideal,CH,Hlow,HP-HPo,2,4214.084319111985,549.0544418571677,50145.525473870846,4763.138760969152,0.9002082965829885,2011.682268,517.9205701,2529.6028381,51.02573656,22.38243748,73.40817404,123.72560910000001,16.37334279,140.09895189,517.2085068,78.33376735,595.54227415,1648.064252,285.3529412,1933.4171931999997,5272.06943138,10035.208192349153
Mass,Nom,Ideal,CH,Hlow,HP-HPo,3,4214.084319111985,778.0206423000375,53249.23556270356,4992.104961412022,0.976221948740587,2011.682268,595.2489089,2606.9311769,51.02573656,28.4476689,79.47340546,123.72560910000001,21.2168471,144.9424562,517.2085068,86.66091566999998,603.86942247,1648.064252,285.3529412,1933.4171931999997,5368.63365423,10360.738615642022
Mass,Nom,Ideal,CH,Hlow,HP-HPo,4,4214.084319111985,1031.9915143232504,57499.17052403944,5246.075833435235,0.9847899658392107,2011.682268,800.9478006000002,2812.6300686000004,51.02573656,44.62161938,95.64735593999998,123.72560910000001,34.1328586,157.8584677,517.2085068,108.86664449999999,626.0751513,1648.064252,285.3529412,1933.4171931999997,5625.62823674,10871.704070175234
Mass,Nom,Ideal,CH,Hlow,HP-HPo,5,4214.084319111985,1193.5070035008418,59972.63057481312,5407.591322612827,1.0409113754448607,2011.682268,800.9478006000002,2812.6300686000004,51.02573656,44.62161938,95.64735593999998,123.72560910000001,34.1328586,157.8584677,517.2085068,108.86664449999999,626.0751513,1648.064252,285.3529412,1933.4171931999997,5625.62823674,11033.219559352827
Mass,Nom,Ideal,CH,Hlow,HP-R,1,4214.084319111985,1326.4772221627102,63006.541186960596,5540.561541274695,1.0158503928262377,2011.682268,190.9509894,2202.6332574000003,51.02573656,3.783646588,54.809383147999995,123.72560910000001,4.027399057,127.75300815700001,517.2085068,22.43667136,539.64517816,1648.064252,0,1648.064252,4572.905078865,10113.466620139694
Mass,Nom,Ideal,CH,Hlow,HP-R,2,4214.084319111985,1953.0899037321874,73013.0411869606,6167.174222844172,1.0089538411020997,2011.682268,190.9509894,2202.6332574000003,51.02573656,3.783646588,54.809383147999995,123.72560910000001,4.027399057,127.75300815700001,517.2085068,22.43667136,539.64517816,1648.064252,0,1648.064252,4572.905078865,10740.079301709171
Mass,Nom,Ideal,CH,Hlow,HP-R,3,4214.084319111985,2755.547060955901,84399.2411869606,6969.631380067886,1.2624021169641686,2011.682268,234.8663891,2246.5486571,51.02573656,4.540375906,55.566112466,123.72560910000001,4.953630649,128.679239749,517.2085068,27.59671475,544.8052215499999,1648.064252,0,1648.064252,4623.663482865,11593.294862932886
Mass,Nom,Ideal,CH,Hlow,HP-R,4,4214.084319111985,3559.8614306749255,99155.94118696058,7773.94574978691,1.3313676342055478,2011.682268,407.89785810000006,2419.5801261,51.02573656,6.558320753,57.584057313,123.72560910000001,8.603084246,132.32869334600002,517.2085068,47.92784903,565.13635583,1648.064252,0,1648.064252,4822.693484589,12596.63923437591
Mass,Nom,Ideal,CH,Hlow,HP-R,5,4214.084319111985,4209.577289410385,109182.3911869606,8423.661608522369,1.5365400479986513,2011.682268,407.89785810000006,2419.5801261,51.02573656,6.558320753,57.584057313,123.72560910000001,8.603084246,132.32869334600002,517.2085068,47.92784903,565.13635583,1648.064252,0,1648.064252,4822.693484589,13246.355093111368
Mass,Nom,Ideal,CH,Hlow,HP-Ro,1,4214.084319111985,1378.3703594628885,63836.041186960596,5592.4546785748735,1.021022806619341,2011.682268,216.2027869,2227.8850549,51.02573656,4.116960628,55.142697188,123.72560910000001,4.559991558,128.28560065800002,517.2085068,25.40374832,542.61225512,1648.064252,0,1648.064252,4601.989859866,10194.444538440874
Mass,Nom,Ideal,CH,Hlow,HP-Ro,2,4214.084319111985,2003.5109954738573,73827.84118696059,6217.595314585842,1.021022806619341,2011.682268,216.2027869,2227.8850549,51.02573656,4.116960628,55.142697188,123.72560910000001,4.559991558,128.28560065800002,517.2085068,25.40374832,542.61225512,1648.064252,0,1648.064252,4601.989859866,10819.585174451842
Mass,Nom,Ideal,CH,Hlow,HP-Ro,3,4214.084319111985,2837.534301570244,85751.6411869606,7051.6186206822285,1.2986090135158928,2011.682268,277.1660528,2288.8483208000002,51.02573656,5.170983671,56.196720231,123.72560910000001,5.845784319,129.571393419,517.2085068,32.56690976,549.77541656,1648.064252,0,1648.064252,4672.45610301,11724.074723692229
Mass,Nom,Ideal,CH,Hlow,HP-Ro,4,4214.084319111985,3712.6020944108504,101591.94118696058,7926.686413522835,1.3330917721365825,2011.682268,537.5473211,2549.2295891000003,51.02573656,7.693414729,58.719151288999996,123.72560910000001,11.3375562,135.0631653,517.2085068,63.16161347,580.37012027,1648.064252,0,1648.064252,4971.446277959,12898.132691481835
Mass,Nom,Ideal,CH,Hlow,HP-Ro,5,4214.084319111985,4362.2475957763645,111607.8911869606,8576.33191488835,1.5934365997227893,2011.682268,537.5473211,2549.2295891000003,51.02573656,7.693414729,58.719151288999996,123.72560910000001,11.3375562,135.0631653,517.2085068,63.16161347,580.37012027,1648.064252,0,1648.064252,4971.446277959,13547.778192847349
Mass,Nom,Ideal,CH,Hlow,HPl_Rb-HP,1,8994.304582013743,372.30840607725435,95258.07146877023,9366.612988090998,1.526646930742499,1674.5024406,479.5114065,2154.0138471,53.302821460000004,19.34982176,72.65264322,86.052896039,13.95159063,100.00448666899999,224.05882359999998,74.17019318,298.22901678,708.0054287,285.3529412,993.3583699,3618.258363669,12984.871351759997
Mass,Nom,Ideal,CH,Hlow,HPl_Rb-HP,2,8994.304582013743,532.223798557884,97738.98852540934,9526.528380571626,1.5237291418786834,1674.5024406,479.5114065,2154.0138471,53.302821460000004,19.34982176,72.65264322,86.052896039,13.95159063,100.00448666899999,224.05882359999998,74.17019318,298.22901678,708.0054287,285.3529412,993.3583699,3618.258363669,13144.786744240626
Mass,Nom,Ideal,CH,Hlow,HPl_Rb-HP,3,8994.304582013743,748.8334885818209,100673.33107709339,9743.138070595563,1.5962004111588735,1674.5024406,543.696683,2218.1991236,53.302821460000004,24.404181279999996,77.70700274,86.052896039,17.98784422,104.04074025899999,224.05882359999998,81.10948345,305.16830705,708.0054287,285.3529412,993.3583699,3698.4735435489997,13441.611614144564
Mass,Nom,Ideal,CH,Hlow,HPl_Rb-HP,4,8994.304582013743,980.1839765985918,104587.66192850821,9974.488558612335,1.615110700266894,1674.5024406,715.28243,2389.7848705999995,53.302821460000004,37.88247335,91.18529481,86.052896039,28.75118714,114.804083179,224.05882359999998,99.6142575,323.6730811,708.0054287,285.3529412,993.3583699,3912.8056995889992,13887.294258201335
Mass,Nom,Ideal,CH,Hlow,HPl_Rb-HP,5,8994.304582013743,1142.7371888019713,107064.20069345966,10137.041770815715,1.660562013061946,1674.5024406,715.28243,2389.7848705999995,53.302821460000004,37.88247335,91.18529481,86.052896039,28.75118714,114.804083179,224.05882359999998,99.6142575,323.6730811,708.0054287,285.3529412,993.3583699,3912.8056995889992,14049.847470404715
Mass,Nom,Ideal,CH,Hlow,HPl_Rb-HPo,1,8994.304582013743,389.14955936195724,95513.85755116127,9383.4541413757,1.532039935413036,1674.5024406,517.9205701,2192.4230107,53.302821460000004,22.38243748,75.68525894,86.052896039,16.37334279,102.42623882899998,224.05882359999998,78.33376735,302.39259095,708.0054287,285.3529412,993.3583699,3666.2854693189997,13049.7396106947
Mass,Nom,Ideal,CH,Hlow,HPl_Rb-HPo,2,8994.304582013743,549.0544418571677,97989.7553774991,9543.359023870911,1.528995692514527,1674.5024406,517.9205701,2192.4230107,53.302821460000004,22.38243748,75.68525894,86.052896039,16.37334279,102.42623882899998,224.05882359999998,78.33376735,302.39259095,708.0054287,285.3529412,993.3583699,3666.2854693189997,13209.644493189911
Mass,Nom,Ideal,CH,Hlow,HPl_Rb-HPo,3,8994.304582013743,778.0206423000375,101093.4654663318,9772.32522431378,1.6050093446721254,1674.5024406,595.2489089,2269.7513495,53.302821460000004,28.4476689,81.75049036,86.052896039,21.2168471,107.26974313899998,224.05882359999998,86.66091566999998,310.71973927,708.0054287,285.3529412,993.3583699,3762.8496921690003,13535.17491648278
Mass,Nom,Ideal,CH,Hlow,HPl_Rb-HPo,4,8994.304582013743,1031.9915143232504,105343.4004276677,10026.296096336993,1.6135773617707492,1674.5024406,800.9478006000002,2475.4502412,53.302821460000004,44.62161938,97.92444083999999,86.052896039,34.1328586,120.185754639,224.05882359999998,108.86664449999999,332.9254681,708.0054287,285.3529412,993.3583699,4019.8442746790006,14046.140371015994
Mass,Nom,Ideal,CH,Hlow,HPl_Rb-HPo,5,8994.304582013743,1193.5070035008418,107816.86047844138,10187.811585514584,1.669698771376399,1674.5024406,800.9478006000002,2475.4502412,53.302821460000004,44.62161938,97.92444083999999,86.052896039,34.1328586,120.185754639,224.05882359999998,108.86664449999999,332.9254681,708.0054287,285.3529412,993.3583699,4019.8442746790006,14207.655860193585
Mass,Nom,Ideal,CH,Hlow,HPl_Rb-R,1,8994.304582013743,1326.4772221627102,110850.77109058885,10320.781804176453,1.6446377887577759,1674.5024406,190.9509894,1865.45343,53.302821460000004,3.783646588,57.086468048,86.052896039,4.027399057,90.080295096,224.05882359999998,22.43667136,246.49549496,708.0054287,0,708.0054287,2967.121116804,13287.902920980454
Mass,Nom,Ideal,CH,Hlow,HPl_Rb-R,2,8994.304582013743,1953.0899037321874,120857.27109058885,10947.39448574593,1.6377412370336382,1674.5024406,190.9509894,1865.45343,53.302821460000004,3.783646588,57.086468048,86.052896039,4.027399057,90.080295096,224.05882359999998,22.43667136,246.49549496,708.0054287,0,708.0054287,2967.121116804,13914.515602549931
Mass,Nom,Ideal,CH,Hlow,HPl_Rb-R,3,8994.304582013743,2755.547060955901,132243.47109058884,11749.851642969643,1.891189512895707,1674.5024406,234.8663891,1909.3688296999999,53.302821460000004,4.540375906,57.843197366000005,86.052896039,4.953630649,91.006526688,224.05882359999998,27.59671475,251.65553835,708.0054287,0,708.0054287,3017.879520804,14767.731163773642
Mass,Nom,Ideal,CH,Hlow,HPl_Rb-R,4,8994.304582013743,3559.8614306749255,147000.17109058885,12554.166012688667,1.9601550301370865,1674.5024406,407.89785810000006,2082.4002987,53.302821460000004,6.558320753,59.86114221300001,86.052896039,8.603084246,94.655980285,224.05882359999998,47.92784903,271.98667263,708.0054287,0,708.0054287,3216.9095225280007,15771.075535216667
Mass,Nom,Ideal,CH,Hlow,HPl_Rb-R,5,8994.304582013743,4209.577289410385,157026.62109058883,13203.881871424126,2.16532744393019,1674.5024406,407.89785810000006,2082.4002987,53.302821460000004,6.558320753,59.86114221300001,86.052896039,8.603084246,94.655980285,224.05882359999998,47.92784903,271.98667263,708.0054287,0,708.0054287,3216.9095225280007,16420.791393952128
Mass,Nom,Ideal,CH,Hlow,HPl_Rb-Ro,1,8994.304582013743,1378.3703594628885,111680.27109058885,10372.674941476631,1.6498102025508794,1674.5024406,216.2027869,1890.7052274999999,53.302821460000004,4.116960628,57.419782088,86.052896039,4.559991558,90.61288759700001,224.05882359999998,25.40374832,249.46257192000002,708.0054287,0,708.0054287,2996.205897805,13368.880839281632
Mass,Nom,Ideal,CH,Hlow,HPl_Rb-Ro,2,8994.304582013743,2003.5109954738573,121672.07109058886,10997.8155774876,1.6498102025508794,1674.5024406,216.2027869,1890.7052274999999,53.302821460000004,4.116960628,57.419782088,86.052896039,4.559991558,90.61288759700001,224.05882359999998,25.40374832,249.46257192000002,708.0054287,0,708.0054287,2996.205897805,13994.0214752926
Mass,Nom,Ideal,CH,Hlow,HPl_Rb-Ro,3,8994.304582013743,2837.534301570244,133595.87109058883,11831.838883583987,1.9273964094474312,1674.5024406,277.1660528,1951.6684934,53.302821460000004,5.170983671,58.473805131,86.052896039,5.845784319,91.89868035800001,224.05882359999998,32.56690976,256.62573335999997,708.0054287,0,708.0054287,3066.672140949,14898.511024532987
Mass,Nom,Ideal,CH,Hlow,HPl_Rb-Ro,4,8994.304582013743,3712.6020944108504,149436.17109058885,12706.906676424593,1.961879168068121,1674.5024406,537.5473211,2212.0497617,53.302821460000004,7.693414729,60.996236189,86.052896039,11.3375562,97.390452239,224.05882359999998,63.16161347,287.22043707,708.0054287,0,708.0054287,3365.662315898,16072.568992322593
Mass,Nom,Ideal,CH,Hlow,HPl_Rb-Ro,5,8994.304582013743,4362.2475957763645,159452.12109058883,13356.552177790109,2.2222239956543275,1674.5024406,537.5473211,2212.0497617,53.302821460000004,7.693414729,60.996236189,86.052896039,11.3375562,97.390452239,224.05882359999998,63.16161347,287.22043707,708.0054287,0,708.0054287,3365.662315898,16722.21449368811
Mass,Nom,Ideal,CH,Hlow,HYD1000-HYD1000,3,NA,NA,70629.07990773025,6818.737926879528,1.6261299180087865,NA,NA,4472.224741,NA,NA,147.9151098,NA,NA,136.8464583,NA,NA,904.6649576,NA,NA,2884.520629,8546.171895700001,15364.909822579528
Mass,Nom,Ideal,CH,Hlow,HYD1000-HYD1000,4,NA,NA,73503.06410052642,7005.830960328109,1.5684068856231628,NA,NA,4472.224741,NA,NA,147.9151098,NA,NA,136.8464583,NA,NA,904.6649576,NA,NA,2884.520629,8546.171895700001,15552.00285602811
Mass,Nom,Ideal,CH,Hlow,HYD1000-HYD1000,5,NA,NA,76474.25366199974,7218.804605959056,1.7313662975924549,NA,NA,4472.224741,NA,NA,147.9151098,NA,NA,136.8464583,NA,NA,904.6649576,NA,NA,2884.520629,8546.171895700001,15764.976501659057
Mass,Nom,Ideal,CH,Hlow,HYD200-HYD200,3,NA,NA,64866.95144099878,6185.727645025493,1.3303792653244133,NA,NA,3891.816184,NA,NA,136.1509989,NA,NA,130.3100694,NA,NA,665.26361,NA,NA,2928.3001289999997,7751.8409913,13937.568636325494
Mass,Nom,Ideal,CH,Hlow,HYD200-HYD200,4,NA,NA,67789.41500581508,6351.838712315282,1.3152339817413896,NA,NA,3891.816184,NA,NA,136.1509989,NA,NA,130.3100694,NA,NA,665.26361,NA,NA,2928.3001289999997,7751.8409913,14103.679703615282
Mass,Nom,Ideal,CH,Hlow,HYD200-HYD200,5,NA,NA,70843.87568779841,6557.327718372911,1.39867820814859,NA,NA,3891.816184,NA,NA,136.1509989,NA,NA,130.3100694,NA,NA,665.26361,NA,NA,2928.3001289999997,7751.8409913,14309.168709672911
Mass,Nom,Ideal,CH,Hlow,HYD500-HYD500,3,NA,NA,66901.33457521255,6376.837426631173,1.47162226224402,NA,NA,4227.816184,NA,NA,143.7039601,NA,NA,141.7646148,NA,NA,796.0363372999999,NA,NA,2928.3001289999997,8237.6212252,14614.458651831173
Mass,Nom,Ideal,CH,Hlow,HYD500-HYD500,4,NA,NA,69821.48018541741,6548.060012275229,1.4604378423635216,NA,NA,4227.816184,NA,NA,143.7039601,NA,NA,141.7646148,NA,NA,796.0363372999999,NA,NA,2928.3001289999997,8237.6212252,14785.68123747523
Mass,Nom,Ideal,CH,Hlow,HYD500-HYD500,5,NA,NA,72876.07711674203,6756.204128235654,1.5561409689455608,NA,NA,4227.816184,NA,NA,143.7039601,NA,NA,141.7646148,NA,NA,796.0363372999999,NA,NA,2928.3001289999997,8237.6212252,14993.825353435655
Mass,Nom,Ideal,CH,Hlow,R-HP,1,13852.994346877162,372.30840607725435,147506.47666075407,14225.302752954416,2.8613216081444475,1372.836763,479.5114065,1852.3481695,66.60807563,19.34982176,85.95789739,6.927247586,13.95159063,20.878838216,78.85413798,74.17019318,153.02433116,0,285.3529412,285.3529412,2397.562177466,16622.864930420415
Mass,Nom,Ideal,CH,Hlow,R-HP,2,13852.994346877162,532.223798557884,149987.39371739316,14385.218145435047,2.858403819280632,1372.836763,479.5114065,1852.3481695,66.60807563,19.34982176,85.95789739,6.927247586,13.95159063,20.878838216,78.85413798,74.17019318,153.02433116,0,285.3529412,285.3529412,2397.562177466,16782.780322901046
Mass,Nom,Ideal,CH,Hlow,R-HP,3,13852.994346877162,748.8334885818209,152921.7362690772,14601.827835458984,2.9308750885608217,1372.836763,543.696683,1916.5334460000004,66.60807563,24.404181279999996,91.01225690999999,6.927247586,17.98784422,24.915091806,78.85413798,81.10948345,159.96362143000002,0,285.3529412,285.3529412,2477.777357346,17079.605192804986
Mass,Nom,Ideal,CH,Hlow,R-HP,4,13852.994346877162,980.1839765985918,156836.06712049202,14833.178323475753,2.9497853776688427,1372.836763,715.28243,2088.119193,66.60807563,37.88247335,104.49054898,6.927247586,28.75118714,35.678434726,78.85413798,99.6142575,178.46839547999997,0,285.3529412,285.3529412,2692.1095133859994,17525.287836861753
Mass,Nom,Ideal,CH,Hlow,R-HP,5,13852.994346877162,1142.7371888019713,159312.60588544348,14995.731535679133,2.9952366904638943,1372.836763,715.28243,2088.119193,66.60807563,37.88247335,104.49054898,6.927247586,28.75118714,35.678434726,78.85413798,99.6142575,178.46839547999997,0,285.3529412,285.3529412,2692.1095133859994,17687.841049065133
Mass,Nom,Ideal,CH,Hlow,R-HPo,1,13852.994346877162,389.14955936195724,147762.2627431451,14242.143906239118,2.8667146128149845,1372.836763,517.9205701,1890.7573330999999,66.60807563,22.38243748,88.99051311000001,6.927247586,16.37334279,23.300590376,78.85413798,78.33376735,157.18790533,0,285.3529412,285.3529412,2445.5892831159995,16687.733189355116
Mass,Nom,Ideal,CH,Hlow,R-HPo,2,13852.994346877162,549.0544418571677,150238.16056948292,14402.04878873433,2.863670369916475,1372.836763,517.9205701,1890.7573330999999,66.60807563,22.38243748,88.99051311000001,6.927247586,16.37334279,23.300590376,78.85413798,78.33376735,157.18790533,0,285.3529412,285.3529412,2445.5892831159995,16847.638071850328
Mass,Nom,Ideal,CH,Hlow,R-HPo,3,13852.994346877162,778.0206423000375,153341.87065831563,14631.0149891772,2.939684022074074,1372.836763,595.2489089,1968.0856718999999,66.60807563,28.4476689,95.05574453,6.927247586,21.2168471,28.144094685999995,78.85413798,86.66091566999998,165.51505365,0,285.3529412,285.3529412,2542.1535059659996,17173.1684951432
Mass,Nom,Ideal,CH,Hlow,R-HPo,4,13852.994346877162,1031.9915143232504,157591.8056196515,14884.985861200414,2.9482520391726976,1372.836763,800.9478006000002,2173.7845636,66.60807563,44.62161938,111.22969500999999,6.927247586,34.1328586,41.060106186,78.85413798,108.86664449999999,187.72078248,0,285.3529412,285.3529412,2799.148088476,17684.133949676412
Mass,Nom,Ideal,CH,Hlow,R-HPo,5,13852.994346877162,1193.5070035008418,160065.2656704252,15046.501350378005,3.0043734487783476,1372.836763,800.9478006000002,2173.7845636,66.60807563,44.62161938,111.22969500999999,6.927247586,34.1328586,41.060106186,78.85413798,108.86664449999999,187.72078248,0,285.3529412,285.3529412,2799.148088476,17845.649438854005
Mass,Nom,Ideal,CH,Hlow,R-R,1,13852.994346877162,1326.4772221627102,163099.17628257268,15179.471569039873,2.9793124661597243,1372.836763,190.9509894,1563.7877524000003,66.60807563,3.783646588,70.391722218,6.927247586,4.027399057,10.954646642999998,78.85413798,22.43667136,101.29080934000001,0,0,0,1746.4249306010001,16925.896499640872
Mass,Nom,Ideal,CH,Hlow,R-R,2,13852.994346877162,1953.0899037321874,173105.6762825727,15806.08425060935,2.9724159144355866,1372.836763,190.9509894,1563.7877524000003,66.60807563,3.783646588,70.391722218,6.927247586,4.027399057,10.954646642999998,78.85413798,22.43667136,101.29080934000001,0,0,0,1746.4249306010001,17552.50918121035
Mass,Nom,Ideal,CH,Hlow,R-R,3,13852.994346877162,2755.547060955901,184491.87628257266,16608.541407833065,3.2258641902976555,1372.836763,234.8663891,1607.7031521000001,66.60807563,4.540375906,71.148451536,6.927247586,4.953630649,11.880878235,78.85413798,27.59671475,106.45085273000001,0,0,0,1797.183334601,18405.724742434064
Mass,Nom,Ideal,CH,Hlow,R-R,4,13852.994346877162,3559.8614306749255,199248.57628257264,17412.855777552086,3.294829707539035,1372.836763,407.89785810000006,1780.7346211,66.60807563,6.558320753,73.166396383,6.927247586,8.603084246,15.530331832000002,78.85413798,47.92784903,126.78198701,0,0,0,1996.213336325,19409.069113877085
Mass,Nom,Ideal,CH,Hlow,R-R,5,13852.994346877162,4209.577289410385,209275.02628257265,18062.571636287546,3.5000021213321384,1372.836763,407.89785810000006,1780.7346211,66.60807563,6.558320753,73.166396383,6.927247586,8.603084246,15.530331832000002,78.85413798,47.92784903,126.78198701,0,0,0,1996.213336325,20058.784972612546
Mass,Nom,Ideal,CH,Hlow,R-Ro,1,13852.994346877162,1378.3703594628885,163928.67628257268,15231.364706340051,2.984484879952828,1372.836763,216.2027869,1589.0395499,66.60807563,4.116960628,70.725036258,6.927247586,4.559991558,11.487239144,78.85413798,25.40374832,104.25788630000001,0,0,0,1775.5097116020004,17006.87441794205
Mass,Nom,Ideal,CH,Hlow,R-Ro,2,13852.994346877162,2003.5109954738573,173920.47628257266,15856.50534235102,2.984484879952828,1372.836763,216.2027869,1589.0395499,66.60807563,4.116960628,70.725036258,6.927247586,4.559991558,11.487239144,78.85413798,25.40374832,104.25788630000001,0,0,0,1775.5097116020004,17632.01505395302
Mass,Nom,Ideal,CH,Hlow,R-Ro,3,13852.994346877162,2837.534301570244,185844.27628257265,16690.528648447405,3.26207108684938,1372.836763,277.1660528,1650.0028158,66.60807563,5.170983671,71.779059301,6.927247586,5.845784319,12.773031905000002,78.85413798,32.56690976,111.42104774,0,0,0,1845.9759547459998,18536.504603193403
Mass,Nom,Ideal,CH,Hlow,R-Ro,4,13852.994346877162,3712.6020944108504,201684.57628257264,17565.596441288013,3.2965538454700694,1372.836763,537.5473211,1910.3840840999999,66.60807563,7.693414729,74.301490359,6.927247586,11.3375562,18.264803785999998,78.85413798,63.16161347,142.01575145,0,0,0,2144.966129695,19710.562570983013
Mass,Nom,Ideal,CH,Hlow,R-Ro,5,13852.994346877162,4362.2475957763645,211700.52628257265,18215.241942653527,3.556898673056276,1372.836763,537.5473211,1910.3840840999999,66.60807563,7.693414729,74.301490359,6.927247586,11.3375562,18.264803785999998,78.85413798,63.16161347,142.01575145,0,0,0,2144.966129695,20360.208072348527
Mass,Nom,Real,AK,Hhigh,HP-HP,1,843.5912061150902,253.60213377482708,16459.551674976938,1097.1933398899173,0.43255483579753345,1534.508245,479.5114065,2014.0196515,36.84429465,19.34982176,56.19411641,92.15653846000001,13.95159063,106.10812908999999,284.4334613,74.17019318,358.60365448,1321.899557,285.3529412,1607.2524982,4142.17804968,5239.3713895699175
Mass,Nom,Real,AK,Hhigh,HP-HP,2,843.5912061150902,367.86899239150006,18807.607649124573,1211.4601985065904,0.43156961440288316,1534.508245,479.5114065,2014.0196515,36.84429465,19.34982176,56.19411641,92.15653846000001,13.95159063,106.10812908999999,284.4334613,74.17019318,358.60365448,1321.899557,285.3529412,1607.2524982,4142.17804968,5353.63824818659
Mass,Nom,Real,AK,Hhigh,HP-HP,3,843.5912061150902,514.3746227915257,21536.50641456914,1357.9658289066158,0.4941888026899094,1534.508245,543.696683,2078.2049279999997,36.84429465,24.404181279999996,61.24847593,92.15653846000001,17.98784422,110.14438267999999,284.4334613,81.10948345,365.54294474999995,1321.899557,285.3529412,1607.2524982,4222.39322956,5580.359058466615
Mass,Nom,Real,AK,Hhigh,HP-HP,4,843.5912061150902,683.8242802357358,25113.374727291903,1527.415486350826,0.5103353611285252,1534.508245,715.28243,2249.7906749999997,36.84429465,37.88247335,74.726768,92.15653846000001,28.75118714,120.90772559999999,284.4334613,99.6142575,384.0477188,1321.899557,285.3529412,1607.2524982,4436.7253856,5964.140871950825
Mass,Nom,Real,AK,Hhigh,HP-HP,5,843.5912061150902,811.0471489691697,27476.61309619306,1654.63835508426,0.559128066696001,1534.508245,715.28243,2249.7906749999997,36.84429465,37.88247335,74.726768,92.15653846000001,28.75118714,120.90772559999999,284.4334613,99.6142575,384.0477188,1321.899557,285.3529412,1607.2524982,4436.7253856,6091.36374068426
Mass,Nom,Real,AK,Hhigh,HP-HPo,1,843.5912061150902,265.3347192220931,16678.942358513796,1108.9259253371833,0.4325823476757173,1534.508245,517.9205701,2052.4288150999996,36.84429465,22.38243748,59.22673213,92.15653846000001,16.37334279,108.52988125000002,284.4334613,78.33376735,362.76722864999994,1321.899557,285.3529412,1607.2524982,4190.20515533,5299.131080667183
Mass,Nom,Real,AK,Hhigh,HP-HPo,2,843.5912061150902,378.6058320634824,19022.89220143046,1222.1970381785727,0.4335849236804036,1534.508245,517.9205701,2052.4288150999996,36.84429465,22.38243748,59.22673213,92.15653846000001,16.37334279,108.52988125000002,284.4334613,78.33376735,362.76722864999994,1321.899557,285.3529412,1607.2524982,4190.20515533,5412.402193508573
Mass,Nom,Real,AK,Hhigh,HP-HPo,3,843.5912061150902,533.3331801228186,21895.831895680287,1376.9243862379087,0.5062964271633629,1534.508245,595.2489089,2129.7571539,36.84429465,28.4476689,65.29196354999999,92.15653846000001,21.2168471,113.37338555999999,284.4334613,86.66091566999998,371.09437697,1321.899557,285.3529412,1607.2524982,4286.769378180001,5663.69376441791
Mass,Nom,Real,AK,Hhigh,HP-HPo,4,843.5912061150902,718.1717882443478,25762.239177521384,1561.762994359438,0.5168886054144106,1534.508245,800.9478006000002,2335.4560456,36.84429465,44.62161938,81.46591403,92.15653846000001,34.1328586,126.28939706,284.4334613,108.86664449999999,393.3001058,1321.899557,285.3529412,1607.2524982,4543.763960689999,6105.526955049438
Mass,Nom,Real,AK,Hhigh,HP-HPo,5,843.5912061150902,844.8073449193391,28122.362719488658,1688.3985510344294,0.5636867212814075,1534.508245,800.9478006000002,2335.4560456,36.84429465,44.62161938,81.46591403,92.15653846000001,34.1328586,126.28939706,284.4334613,108.86664449999999,393.3001058,1321.899557,285.3529412,1607.2524982,4543.763960689999,6232.162511724428
Mass,Nom,Real,AK,Hhigh,HP-R,1,843.5912061150902,1017.9099785103258,32498.882684584543,1861.501184625416,0.5561567975665827,1534.508245,190.9509894,1725.4592344,36.84429465,3.783646588,40.627941238,92.15653846000001,4.027399057,96.183937517,284.4334613,22.43667136,306.87013265999997,1321.899557,0,1321.899557,3491.0408028149996,5352.541987440416
Mass,Nom,Real,AK,Hhigh,HP-R,2,843.5912061150902,1497.6272280104167,42505.38268458455,2341.218434125507,0.5492602458424447,1534.508245,190.9509894,1725.4592344,36.84429465,3.783646588,40.627941238,92.15653846000001,4.027399057,96.183937517,284.4334613,22.43667136,306.87013265999997,1321.899557,0,1321.899557,3491.0408028149996,5832.2592369405065
Mass,Nom,Real,AK,Hhigh,HP-R,3,843.5912061150902,2101.9362859458083,53891.582684584544,2945.527492060898,0.8027085217045137,1534.508245,234.8663891,1769.3746340999999,36.84429465,4.540375906,41.384670556,92.15653846000001,4.953630649,97.110169109,284.4334613,27.59671475,312.03017604999997,1321.899557,0,1321.899557,3541.7992068149997,6487.326698875898
Mass,Nom,Real,AK,Hhigh,HP-R,4,843.5912061150902,2783.434276846971,68648.28268458454,3627.0254829620617,0.871674038945893,1534.508245,407.89785810000006,1942.4061030999999,36.84429465,6.558320753,43.402615403000006,92.15653846000001,8.603084246,100.759622706,284.4334613,47.92784903,332.36131033,1321.899557,0,1321.899557,3740.8292085389994,7367.854691501061
Mass,Nom,Real,AK,Hhigh,HP-R,5,843.5912061150902,3322.0704794753774,78674.73268458455,4165.661685590468,1.0768464527389965,1534.508245,407.89785810000006,1942.4061030999999,36.84429465,6.558320753,43.402615403000006,92.15653846000001,8.603084246,100.759622706,284.4334613,47.92784903,332.36131033,1321.899557,0,1321.899557,3740.8292085389994,7906.490894129467
Mass,Nom,Real,AK,Hhigh,HP-Ro,1,843.5912061150902,1061.738149900497,33328.38268458454,1905.3293560155873,0.561329211359686,1534.508245,216.2027869,1750.7110318999999,36.84429465,4.116960628,40.961255278,92.15653846000001,4.559991558,96.71653001800001,284.4334613,25.40374832,309.83720962,1321.899557,0,1321.899557,3520.1255838159996,5425.454939831587
Mass,Nom,Real,AK,Hhigh,HP-Ro,2,843.5912061150902,1538.456345263346,43320.18268458454,2382.0475513784363,0.561329211359686,1534.508245,216.2027869,1750.7110318999999,36.84429465,4.116960628,40.961255278,92.15653846000001,4.559991558,96.71653001800001,284.4334613,25.40374832,309.83720962,1321.899557,0,1321.899557,3520.1255838159996,5902.173135194436
Mass,Nom,Real,AK,Hhigh,HP-Ro,3,843.5912061150902,2169.6753362148706,55243.982684584545,3013.266542329961,0.8389154182562378,1534.508245,277.1660528,1811.6742978,36.84429465,5.170983671,42.015278321000004,92.15653846000001,5.845784319,98.002322779,284.4334613,32.56690976,317.00037105999996,1321.899557,0,1321.899557,3590.5918269599997,6603.858369289961
Mass,Nom,Real,AK,Hhigh,HP-Ro,4,843.5912061150902,2905.404787230428,71084.28268458454,3748.9959933455184,0.8733981768769274,1534.508245,537.5473211,2072.0555661,36.84429465,7.693414729,44.537709379,92.15653846000001,11.3375562,103.49409466,284.4334613,63.16161347,347.59507476999994,1321.899557,0,1321.899557,3889.5820019089997,7638.577995254518
Mass,Nom,Real,AK,Hhigh,HP-Ro,5,843.5912061150902,3445.49999451619,81100.23268458455,4289.09120063128,1.1337430044631343,1534.508245,537.5473211,2072.0555661,36.84429465,7.693414729,44.537709379,92.15653846000001,11.3375562,103.49409466,284.4334613,63.16161347,347.59507476999994,1321.899557,0,1321.899557,3889.5820019089997,8178.67320254028
Mass,Nom,Real,AK,Hhigh,HPl_Rb-HP,1,1553.101411779569,253.60213377482708,25607.006269748414,1806.703545554396,0.7854973673111534,1290.2120549,479.5114065,1769.7234614000001,37.33338953,19.34982176,56.68321129,70.167889941,13.95159063,84.119480571,192.61794583,74.17019318,266.78813901,673.3701455,285.3529412,958.7230867,3136.0373789709997,4942.740924525396
Mass,Nom,Real,AK,Hhigh,HPl_Rb-HP,2,1553.101411779569,367.86899239150006,27955.062243896045,1920.970404171069,0.7845121459165032,1290.2120549,479.5114065,1769.7234614000001,37.33338953,19.34982176,56.68321129,70.167889941,13.95159063,84.119480571,192.61794583,74.17019318,266.78813901,673.3701455,285.3529412,958.7230867,3136.0373789709997,5057.007783142069
Mass,Nom,Real,AK,Hhigh,HPl_Rb-HP,3,1553.101411779569,514.3746227915257,30683.96100934061,2067.4760345710947,0.8471313342035294,1290.2120549,543.696683,1833.9087379,37.33338953,24.404181279999996,61.737570809999994,70.167889941,17.98784422,88.155734161,192.61794583,81.10948345,273.72742928,673.3701455,285.3529412,958.7230867,3216.252558851,5283.7285934220945
Mass,Nom,Real,AK,Hhigh,HPl_Rb-HP,4,1553.101411779569,683.8242802357358,34260.82932206338,2236.925692015305,0.8632778926421452,1290.2120549,715.28243,2005.4944848999999,37.33338953,37.88247335,75.21586288,70.167889941,28.75118714,98.919077081,192.61794583,99.6142575,292.23220333,673.3701455,285.3529412,958.7230867,3430.5847148909997,5667.5104069063045
Mass,Nom,Real,AK,Hhigh,HPl_Rb-HP,5,1553.101411779569,811.0471489691697,36624.06769096453,2364.148560748739,0.912070598209621,1290.2120549,715.28243,2005.4944848999999,37.33338953,37.88247335,75.21586288,70.167889941,28.75118714,98.919077081,192.61794583,99.6142575,292.23220333,673.3701455,285.3529412,958.7230867,3430.5847148909997,5794.733275639739
Mass,Nom,Real,AK,Hhigh,HPl_Rb-HPo,1,1553.101411779569,265.3347192220931,25826.39695328527,1818.436131001662,0.7855248791893373,1290.2120549,517.9205701,1808.132625,37.33338953,22.38243748,59.715827010000005,70.167889941,16.37334279,86.54123273100001,192.61794583,78.33376735,270.95171317999996,673.3701455,285.3529412,958.7230867,3184.064484621,5002.500615622662
Mass,Nom,Real,AK,Hhigh,HPl_Rb-HPo,2,1553.101411779569,378.6058320634824,28170.34679620193,1931.7072438430514,0.7865274551940236,1290.2120549,517.9205701,1808.132625,37.33338953,22.38243748,59.715827010000005,70.167889941,16.37334279,86.54123273100001,192.61794583,78.33376735,270.95171317999996,673.3701455,285.3529412,958.7230867,3184.064484621,5115.771728464051
Mass,Nom,Real,AK,Hhigh,HPl_Rb-HPo,3,1553.101411779569,533.3331801228186,31043.28649045176,2086.4345919023876,0.8592389586769829,1290.2120549,595.2489089,1885.4609638000002,37.33338953,28.4476689,65.78105843,70.167889941,21.2168471,91.384737041,192.61794583,86.66091566999998,279.2788615,673.3701455,285.3529412,958.7230867,3280.628707471,5367.063299373387
Mass,Nom,Real,AK,Hhigh,HPl_Rb-HPo,4,1553.101411779569,718.1717882443478,34909.693772292856,2271.2732000239166,0.8698311369280306,1290.2120549,800.9478006000002,2091.1598555,37.33338953,44.62161938,81.95500891,70.167889941,34.1328586,104.30074854099999,192.61794583,108.86664449999999,301.48459033,673.3701455,285.3529412,958.7230867,3537.6232899809997,5808.896490004916
Mass,Nom,Real,AK,Hhigh,HPl_Rb-HPo,5,1553.101411779569,844.8073449193391,37269.81731426013,2397.908756698908,0.9166292527950275,1290.2120549,800.9478006000002,2091.1598555,37.33338953,44.62161938,81.95500891,70.167889941,34.1328586,104.30074854099999,192.61794583,108.86664449999999,301.48459033,673.3701455,285.3529412,958.7230867,3537.6232899809997,5935.532046679908
Mass,Nom,Real,AK,Hhigh,HPl_Rb-R,1,1553.101411779569,1017.9099785103258,41646.33727935601,2571.0113902898947,0.9090993290802026,1290.2120549,190.9509894,1481.1630443000001,37.33338953,3.783646588,41.117036118,70.167889941,4.027399057,74.195288998,192.61794583,22.43667136,215.05461719000002,673.3701455,0,673.3701455,2484.9001321060005,5055.911522395895
Mass,Nom,Real,AK,Hhigh,HPl_Rb-R,2,1553.101411779569,1497.6272280104167,51652.83727935602,3050.7286397899857,0.9022027773560648,1290.2120549,190.9509894,1481.1630443000001,37.33338953,3.783646588,41.117036118,70.167889941,4.027399057,74.195288998,192.61794583,22.43667136,215.05461719000002,673.3701455,0,673.3701455,2484.9001321060005,5535.628771895987
Mass,Nom,Real,AK,Hhigh,HPl_Rb-R,3,1553.101411779569,2101.9362859458083,63039.03727935602,3655.0376977253773,1.1556510532181337,1290.2120549,234.8663891,1525.078444,37.33338953,4.540375906,41.873765436,70.167889941,4.953630649,75.12152059,192.61794583,27.59671475,220.21466058000001,673.3701455,0,673.3701455,2535.658536106,6190.696233831377
Mass,Nom,Real,AK,Hhigh,HPl_Rb-R,4,1553.101411779569,2783.434276846971,77795.737279356,4336.53568862654,1.224616570459513,1290.2120549,407.89785810000006,1698.109913,37.33338953,6.558320753,43.891710283,70.167889941,8.603084246,78.77097418700001,192.61794583,47.92784903,240.54579486,673.3701455,0,673.3701455,2734.6885378300003,7071.22422645654
Mass,Nom,Real,AK,Hhigh,HPl_Rb-R,5,1553.101411779569,3322.0704794753774,87822.187279356,4875.171891254947,1.4297889842526166,1290.2120549,407.89785810000006,1698.109913,37.33338953,6.558320753,43.891710283,70.167889941,8.603084246,78.77097418700001,192.61794583,47.92784903,240.54579486,673.3701455,0,673.3701455,2734.6885378300003,7609.860429084947
Mass,Nom,Real,AK,Hhigh,HPl_Rb-Ro,1,1553.101411779569,1061.738149900497,42475.83727935601,2614.8395616800663,0.914271742873306,1290.2120549,216.2027869,1506.4148418,37.33338953,4.116960628,41.450350158,70.167889941,4.559991558,74.72788149899999,192.61794583,25.40374832,218.02169415,673.3701455,0,673.3701455,2513.984913107,5128.824474787067
Mass,Nom,Real,AK,Hhigh,HPl_Rb-Ro,2,1553.101411779569,1538.456345263346,52467.637279356015,3091.557757042915,0.914271742873306,1290.2120549,216.2027869,1506.4148418,37.33338953,4.116960628,41.450350158,70.167889941,4.559991558,74.72788149899999,192.61794583,25.40374832,218.02169415,673.3701455,0,673.3701455,2513.984913107,5605.542670149915
Mass,Nom,Real,AK,Hhigh,HPl_Rb-Ro,3,1553.101411779569,2169.6753362148706,64391.43727935602,3722.7767479944396,1.1918579497698578,1290.2120549,277.1660528,1567.3781077,37.33338953,5.170983671,42.50437320100001,70.167889941,5.845784319,76.01367426,192.61794583,32.56690976,225.18485558999998,673.3701455,0,673.3701455,2584.451156251,6307.227904245439
Mass,Nom,Real,AK,Hhigh,HPl_Rb-Ro,4,1553.101411779569,2905.404787230428,80231.737279356,4458.506199009997,1.2263407083905475,1290.2120549,537.5473211,1827.7593760000002,37.33338953,7.693414729,45.026804259,70.167889941,11.3375562,81.505446141,192.61794583,63.16161347,255.7795593,673.3701455,0,673.3701455,2883.4413312,7341.947530209996
Mass,Nom,Real,AK,Hhigh,HPl_Rb-Ro,5,1553.101411779569,3445.49999451619,90247.687279356,4998.601406295759,1.4866855359767543,1290.2120549,537.5473211,1827.7593760000002,37.33338953,7.693414729,45.026804259,70.167889941,11.3375562,81.505446141,192.61794583,63.16161347,255.7795593,673.3701455,0,673.3701455,2883.4413312,7882.04273749576
Mass,Nom,Real,AK,Hhigh,HYD1000-HYD1000,3,NA,NA,30667.485395318257,2024.6547038239257,0.8991611567724214,NA,NA,3864.853886,NA,NA,129.3555268,NA,NA,116.870198,NA,NA,756.4090149,NA,NA,2299.609556,7167.098181699999,9191.752885523925
Mass,Nom,Real,AK,Hhigh,HYD1000-HYD1000,4,NA,NA,33475.71484104345,2168.772155343351,0.9148166862110428,NA,NA,3864.853886,NA,NA,129.3555268,NA,NA,116.870198,NA,NA,756.4090149,NA,NA,2299.609556,7167.098181699999,9335.87033704335
Mass,Nom,Real,AK,Hhigh,HYD1000-HYD1000,5,NA,NA,36425.83058359853,2335.9839742958866,0.993791402130208,NA,NA,3864.853886,NA,NA,129.3555268,NA,NA,116.870198,NA,NA,756.4090149,NA,NA,2299.609556,7167.098181699999,9503.082155995886
Mass,Nom,Real,AK,Hhigh,HYD200-HYD200,3,NA,NA,23880.290337529037,1583.0703439040412,0.6806493116053874,NA,NA,3442.810036,NA,NA,123.7682596,NA,NA,120.17012209999999,NA,NA,576.5686085,NA,NA,2430.948056,6694.2650822,8277.33542610404
Mass,Nom,Real,AK,Hhigh,HYD200-HYD200,4,NA,NA,26284.138987584654,1694.7112111801032,0.6708573075892214,NA,NA,3442.810036,NA,NA,123.7682596,NA,NA,120.17012209999999,NA,NA,576.5686085,NA,NA,2430.948056,6694.2650822,8388.976293380103
Mass,Nom,Real,AK,Hhigh,HYD200-HYD200,5,NA,NA,28811.824043782064,1830.0676031875107,0.735889044296647,NA,NA,3442.810036,NA,NA,123.7682596,NA,NA,120.17012209999999,NA,NA,576.5686085,NA,NA,2430.948056,6694.2650822,8524.33268538751
Mass,Nom,Real,AK,Hhigh,HYD500-HYD500,3,NA,NA,30237.421841425174,2003.0513372178598,0.918160483553072,NA,NA,3660.036507,NA,NA,126.688588,NA,NA,124.2474328,NA,NA,662.6706299,NA,NA,2365.278806,6938.921963699999,8941.973300917858
Mass,Nom,Real,AK,Hhigh,HYD500-HYD500,4,NA,NA,33210.96618049232,2147.8248472164064,0.9214293241397236,NA,NA,3660.036507,NA,NA,126.688588,NA,NA,124.2474328,NA,NA,662.6706299,NA,NA,2365.278806,6938.921963699999,9086.746810916406
Mass,Nom,Real,AK,Hhigh,HYD500-HYD500,5,NA,NA,36316.06189301788,2315.5301608905847,1.0137669739675534,NA,NA,3660.036507,NA,NA,126.688588,NA,NA,124.2474328,NA,NA,662.6706299,NA,NA,2365.278806,6938.921963699999,9254.452124590583
Mass,Nom,Real,AK,Hhigh,R-HP,1,3370.108223567031,253.60213377482708,50401.33213342338,3623.710357341858,1.6417190090748601,945.7181005,479.5114065,1425.229507,46.4079252,19.34982176,65.75774696,4.69746198,13.95159063,18.64905261,54.923036620000005,74.17019318,129.09322980000002,0,285.3529412,285.3529412,1924.08247757,5547.792834911858
Mass,Nom,Real,AK,Hhigh,R-HP,2,3370.108223567031,367.86899239150006,52749.38810757101,3737.977215958531,1.64073378768021,945.7181005,479.5114065,1425.229507,46.4079252,19.34982176,65.75774696,4.69746198,13.95159063,18.64905261,54.923036620000005,74.17019318,129.09322980000002,0,285.3529412,285.3529412,1924.08247757,5662.059693528531
Mass,Nom,Real,AK,Hhigh,R-HP,3,3370.108223567031,514.3746227915257,55478.28687301557,3884.4828463585563,1.7033529759672361,945.7181005,543.696683,1489.4147835,46.4079252,24.404181279999996,70.81210648,4.69746198,17.98784422,22.685306200000003,54.923036620000005,81.10948345,136.03252007,0,285.3529412,285.3529412,2004.29765745,5888.780503808556
Mass,Nom,Real,AK,Hhigh,R-HP,4,3370.108223567031,683.8242802357358,59055.155185738346,4053.9325038027664,1.719499534405852,945.7181005,715.28243,1661.0005305,46.4079252,37.88247335,84.29039854999999,4.69746198,28.75118714,33.44864912,54.923036620000005,99.6142575,154.53729411999998,0,285.3529412,285.3529412,2218.62981349,6272.562317292766
Mass,Nom,Real,AK,Hhigh,R-HP,5,3370.108223567031,811.0471489691697,61418.39355463949,4181.155372536201,1.7682922399733276,945.7181005,715.28243,1661.0005305,46.4079252,37.88247335,84.29039854999999,4.69746198,28.75118714,33.44864912,54.923036620000005,99.6142575,154.53729411999998,0,285.3529412,285.3529412,2218.62981349,6399.785186026201
Mass,Nom,Real,AK,Hhigh,R-HPo,1,3370.108223567031,265.3347192220931,50620.72281696023,3635.4429427891237,1.641746520953044,945.7181005,517.9205701,1463.6386706,46.4079252,22.38243748,68.79036268,4.69746198,16.37334279,21.070804770000002,54.923036620000005,78.33376735,133.25680397,0,285.3529412,285.3529412,1972.10958322,5607.5525260091235
Mass,Nom,Real,AK,Hhigh,R-HPo,2,3370.108223567031,378.6058320634824,52964.672659876895,3748.714055630513,1.6427490969577303,945.7181005,517.9205701,1463.6386706,46.4079252,22.38243748,68.79036268,4.69746198,16.37334279,21.070804770000002,54.923036620000005,78.33376735,133.25680397,0,285.3529412,285.3529412,1972.10958322,5720.823638850513
Mass,Nom,Real,AK,Hhigh,R-HPo,3,3370.108223567031,533.3331801228186,55837.61235412672,3903.4414036898493,1.7154606004406896,945.7181005,595.2489089,1540.9670094,46.4079252,28.4476689,74.8555941,4.69746198,21.2168471,25.91430908,54.923036620000005,86.66091566999998,141.58395228999998,0,285.3529412,285.3529412,2068.67380607,5972.11520975985
Mass,Nom,Real,AK,Hhigh,R-HPo,4,3370.108223567031,718.1717882443478,59704.019635967816,4088.2800118113787,1.7260527786917375,945.7181005,800.9478006000002,1746.6659011,46.4079252,44.62161938,91.02954457999999,4.69746198,34.1328586,38.83032058,54.923036620000005,108.86664449999999,163.78968112,0,285.3529412,285.3529412,2325.66838858,6413.9484003913785
Mass,Nom,Real,AK,Hhigh,R-HPo,5,3370.108223567031,844.8073449193391,62064.14317793509,4214.91556848637,1.7728508945587342,945.7181005,800.9478006000002,1746.6659011,46.4079252,44.62161938,91.02954457999999,4.69746198,34.1328586,38.83032058,54.923036620000005,108.86664449999999,163.78968112,0,285.3529412,285.3529412,2325.66838858,6540.58395706637
Mass,Nom,Real,AK,Hhigh,R-R,1,3370.108223567031,1017.9099785103258,66440.66314303098,4388.018202077356,1.7653209708439093,945.7181005,190.9509894,1136.6690899,46.4079252,3.783646588,50.191571788,4.69746198,4.027399057,8.724861037,54.923036620000005,22.43667136,77.35970798,0,0,0,1272.9452307049999,5660.963432782356
Mass,Nom,Real,AK,Hhigh,R-R,2,3370.108223567031,1497.6272280104167,76447.16314303098,4867.735451577448,1.7584244191197715,945.7181005,190.9509894,1136.6690899,46.4079252,3.783646588,50.191571788,4.69746198,4.027399057,8.724861037,54.923036620000005,22.43667136,77.35970798,0,0,0,1272.9452307049999,6140.680682282447
Mass,Nom,Real,AK,Hhigh,R-R,3,3370.108223567031,2101.9362859458083,87833.36314303096,5472.044509512839,2.0118726949818404,945.7181005,234.8663891,1180.5844895999999,46.4079252,4.540375906,50.948301106,4.69746198,4.953630649,9.651092629,54.923036620000005,27.59671475,82.51975137,0,0,0,1323.7036347049998,6795.748144217839
Mass,Nom,Real,AK,Hhigh,R-R,4,3370.108223567031,2783.434276846971,102590.06314303099,6153.542500414002,2.08083821222322,945.7181005,407.89785810000006,1353.6159586,46.4079252,6.558320753,52.966245953000005,4.69746198,8.603084246,13.300546226,54.923036620000005,47.92784903,102.85088564999998,0,0,0,1522.7336364290002,7676.276136843002
Mass,Nom,Real,AK,Hhigh,R-R,5,3370.108223567031,3322.0704794753774,112616.51314303098,6692.1787030424075,2.2860106260163233,945.7181005,407.89785810000006,1353.6159586,46.4079252,6.558320753,52.966245953000005,4.69746198,8.603084246,13.300546226,54.923036620000005,47.92784903,102.85088564999998,0,0,0,1522.7336364290002,8214.912339471408
Mass,Nom,Real,AK,Hhigh,R-Ro,1,3370.108223567031,1061.738149900497,67270.16314303098,4431.846373467528,1.7704933846370128,945.7181005,216.2027869,1161.9208874,46.4079252,4.116960628,50.524885828,4.69746198,4.559991558,9.257453538,54.923036620000005,25.40374832,80.32678494,0,0,0,1302.0300117059999,5733.8763851735275
Mass,Nom,Real,AK,Hhigh,R-Ro,2,3370.108223567031,1538.456345263346,77261.96314303098,4908.564568830377,1.7704933846370128,945.7181005,216.2027869,1161.9208874,46.4079252,4.116960628,50.524885828,4.69746198,4.559991558,9.257453538,54.923036620000005,25.40374832,80.32678494,0,0,0,1302.0300117059999,6210.594580536376
Mass,Nom,Real,AK,Hhigh,R-Ro,3,3370.108223567031,2169.6753362148706,89185.76314303098,5539.783559781902,2.048079591533565,945.7181005,277.1660528,1222.8841533,46.4079252,5.170983671,51.578908870999996,4.69746198,5.845784319,10.543246299,54.923036620000005,32.56690976,87.48994637999999,0,0,0,1372.49625485,6912.279814631902
Mass,Nom,Real,AK,Hhigh,R-Ro,4,3370.108223567031,2905.404787230428,105026.06314303099,6275.513010797459,2.0825623501542543,945.7181005,537.5473211,1483.2654216,46.4079252,7.693414729,54.101339929,4.69746198,11.3375562,16.035018179999998,54.923036620000005,63.16161347,118.08465009,0,0,0,1671.486429799,7946.999440596459
Mass,Nom,Real,AK,Hhigh,R-Ro,5,3370.108223567031,3445.49999451619,115042.01314303098,6815.608218083221,2.342907177740461,945.7181005,537.5473211,1483.2654216,46.4079252,7.693414729,54.101339929,4.69746198,11.3375562,16.035018179999998,54.923036620000005,63.16161347,118.08465009,0,0,0,1671.486429799,8487.09464788222
Mass,Nom,Real,AK,Hlow,HP-HP,1,1255.2697921991053,335.53177670674734,16459.551674976938,1590.8015689058525,0.43255483579753345,1534.508245,479.5114065,2014.0196515,36.84429465,19.34982176,56.19411641,92.15653846000001,13.95159063,106.10812908999999,284.4334613,74.17019318,358.60365448,1321.899557,285.3529412,1607.2524982,4142.17804968,5732.979618585852
Mass,Nom,Real,AK,Hlow,HP-HP,2,1255.2697921991053,485.51763329380327,18807.607649124573,1740.7874254929084,0.43156961440288316,1534.508245,479.5114065,2014.0196515,36.84429465,19.34982176,56.19411641,92.15653846000001,13.95159063,106.10812908999999,284.4334613,74.17019318,358.60365448,1321.899557,285.3529412,1607.2524982,4142.17804968,5882.965475172909
Mass,Nom,Real,AK,Hlow,HP-HP,3,1255.2697921991053,682.4646325489807,21536.50641456914,1937.734424748086,0.4941888026899094,1534.508245,543.696683,2078.2049279999997,36.84429465,24.404181279999996,61.24847593,92.15653846000001,17.98784422,110.14438267999999,284.4334613,81.10948345,365.54294474999995,1321.899557,285.3529412,1607.2524982,4222.39322956,6160.127654308086
Mass,Nom,Real,AK,Hlow,HP-HP,4,1255.2697921991053,887.3493422675774,25113.374727291903,2142.6191344666827,0.5103353611285252,1534.508245,715.28243,2249.7906749999997,36.84429465,37.88247335,74.726768,92.15653846000001,28.75118714,120.90772559999999,284.4334613,99.6142575,384.0477188,1321.899557,285.3529412,1607.2524982,4436.7253856,6579.344520066683
Mass,Nom,Real,AK,Hlow,HP-HP,5,1255.2697921991053,1043.157557361154,27476.61309619306,2298.4273495602592,0.559128066696001,1534.508245,715.28243,2249.7906749999997,36.84429465,37.88247335,74.726768,92.15653846000001,28.75118714,120.90772559999999,284.4334613,99.6142575,384.0477188,1321.899557,285.3529412,1607.2524982,4436.7253856,6735.152735160259
Mass,Nom,Real,AK,Hlow,HP-HPo,1,1255.2697921991053,349.8222574479155,16678.942358513796,1605.0920496470208,0.4325823476757173,1534.508245,517.9205701,2052.4288150999996,36.84429465,22.38243748,59.22673213,92.15653846000001,16.37334279,108.52988125000002,284.4334613,78.33376735,362.76722864999994,1321.899557,285.3529412,1607.2524982,4190.20515533,5795.297204977021
Mass,Nom,Real,AK,Hlow,HP-HPo,2,1255.2697921991053,499.2268232586933,19022.89220143046,1754.4966154577985,0.4335849236804036,1534.508245,517.9205701,2052.4288150999996,36.84429465,22.38243748,59.22673213,92.15653846000001,16.37334279,108.52988125000002,284.4334613,78.33376735,362.76722864999994,1321.899557,285.3529412,1607.2524982,4190.20515533,5944.7017707877985
Mass,Nom,Real,AK,Hlow,HP-HPo,3,1255.2697921991053,706.9001932214436,21895.831895680287,1962.1699854205488,0.5062964271633629,1534.508245,595.2489089,2129.7571539,36.84429465,28.4476689,65.29196354999999,92.15653846000001,21.2168471,113.37338555999999,284.4334613,86.66091566999998,371.09437697,1321.899557,285.3529412,1607.2524982,4286.769378180001,6248.93936360055
Mass,Nom,Real,AK,Hlow,HP-HPo,4,1255.2697921991053,931.3798223105739,25762.239177521384,2186.649614509679,0.5168886054144106,1534.508245,800.9478006000002,2335.4560456,36.84429465,44.62161938,81.46591403,92.15653846000001,34.1328586,126.28939706,284.4334613,108.86664449999999,393.3001058,1321.899557,285.3529412,1607.2524982,4543.763960689999,6730.413575199678
Mass,Nom,Real,AK,Hlow,HP-HPo,5,1255.2697921991053,1086.1256052351712,28122.362719488658,2341.395397434276,0.5636867212814075,1534.508245,800.9478006000002,2335.4560456,36.84429465,44.62161938,81.46591403,92.15653846000001,34.1328586,126.28939706,284.4334613,108.86664449999999,393.3001058,1321.899557,285.3529412,1607.2524982,4543.763960689999,6885.159358124276
Mass,Nom,Real,AK,Hlow,HP-R,1,1255.2697921991053,1326.4772221627102,32498.882684584543,2581.747014361815,0.5561567975665827,1534.508245,190.9509894,1725.4592344,36.84429465,3.783646588,40.627941238,92.15653846000001,4.027399057,96.183937517,284.4334613,22.43667136,306.87013265999997,1321.899557,0,1321.899557,3491.0408028149996,6072.787817176815
Mass,Nom,Real,AK,Hlow,HP-R,2,1255.2697921991053,1953.0899037321874,42505.38268458455,3208.3596959312927,0.5492602458424447,1534.508245,190.9509894,1725.4592344,36.84429465,3.783646588,40.627941238,92.15653846000001,4.027399057,96.183937517,284.4334613,22.43667136,306.87013265999997,1321.899557,0,1321.899557,3491.0408028149996,6699.400498746292
Mass,Nom,Real,AK,Hlow,HP-R,3,1255.2697921991053,2755.547060955901,53891.582684584544,4010.8168531550064,0.8027085217045137,1534.508245,234.8663891,1769.3746340999999,36.84429465,4.540375906,41.384670556,92.15653846000001,4.953630649,97.110169109,284.4334613,27.59671475,312.03017604999997,1321.899557,0,1321.899557,3541.7992068149997,7552.616059970006
Mass,Nom,Real,AK,Hlow,HP-R,4,1255.2697921991053,3559.8614306749255,68648.28268458454,4815.131222874031,0.871674038945893,1534.508245,407.89785810000006,1942.4061030999999,36.84429465,6.558320753,43.402615403000006,92.15653846000001,8.603084246,100.759622706,284.4334613,47.92784903,332.36131033,1321.899557,0,1321.899557,3740.8292085389994,8555.96043141303
Mass,Nom,Real,AK,Hlow,HP-R,5,1255.2697921991053,4209.577289410385,78674.73268458455,5464.84708160949,1.0768464527389965,1534.508245,407.89785810000006,1942.4061030999999,36.84429465,6.558320753,43.402615403000006,92.15653846000001,8.603084246,100.759622706,284.4334613,47.92784903,332.36131033,1321.899557,0,1321.899557,3740.8292085389994,9205.676290148489
Mass,Nom,Real,AK,Hlow,HP-Ro,1,1255.2697921991053,1378.3703594628885,33328.38268458454,2633.6401516619935,0.561329211359686,1534.508245,216.2027869,1750.7110318999999,36.84429465,4.116960628,40.961255278,92.15653846000001,4.559991558,96.71653001800001,284.4334613,25.40374832,309.83720962,1321.899557,0,1321.899557,3520.1255838159996,6153.765735477993
Mass,Nom,Real,AK,Hlow,HP-Ro,2,1255.2697921991053,2003.5109954738573,43320.18268458454,3258.7807876729626,0.561329211359686,1534.508245,216.2027869,1750.7110318999999,36.84429465,4.116960628,40.961255278,92.15653846000001,4.559991558,96.71653001800001,284.4334613,25.40374832,309.83720962,1321.899557,0,1321.899557,3520.1255838159996,6778.906371488962
Mass,Nom,Real,AK,Hlow,HP-Ro,3,1255.2697921991053,2837.534301570244,55243.982684584545,4092.8040937693495,0.8389154182562378,1534.508245,277.1660528,1811.6742978,36.84429465,5.170983671,42.015278321000004,92.15653846000001,5.845784319,98.002322779,284.4334613,32.56690976,317.00037105999996,1321.899557,0,1321.899557,3590.5918269599997,7683.395920729349
Mass,Nom,Real,AK,Hlow,HP-Ro,4,1255.2697921991053,3712.6020944108504,71084.28268458454,4967.871886609955,0.8733981768769274,1534.508245,537.5473211,2072.0555661,36.84429465,7.693414729,44.537709379,92.15653846000001,11.3375562,103.49409466,284.4334613,63.16161347,347.59507476999994,1321.899557,0,1321.899557,3889.5820019089997,8857.453888518954
Mass,Nom,Real,AK,Hlow,HP-Ro,5,1255.2697921991053,4362.2475957763645,81100.23268458455,5617.517387975469,1.1337430044631343,1534.508245,537.5473211,2072.0555661,36.84429465,7.693414729,44.537709379,92.15653846000001,11.3375562,103.49409466,284.4334613,63.16161347,347.59507476999994,1321.899557,0,1321.899557,3889.5820019089997,9507.099389884468
Mass,Nom,Real,AK,Hlow,HPl_Rb-HP,1,2312.718826497716,335.53177670674734,25607.006269748414,2648.250603204463,0.7854973673111534,1290.2120549,479.5114065,1769.7234614000001,37.33338953,19.34982176,56.68321129,70.167889941,13.95159063,84.119480571,192.61794583,74.17019318,266.78813901,673.3701455,285.3529412,958.7230867,3136.0373789709997,5784.287982175463
Mass,Nom,Real,AK,Hlow,HPl_Rb-HP,2,2312.718826497716,485.51763329380327,27955.062243896045,2798.236459791519,0.7845121459165032,1290.2120549,479.5114065,1769.7234614000001,37.33338953,19.34982176,56.68321129,70.167889941,13.95159063,84.119480571,192.61794583,74.17019318,266.78813901,673.3701455,285.3529412,958.7230867,3136.0373789709997,5934.273838762519
Mass,Nom,Real,AK,Hlow,HPl_Rb-HP,3,2312.718826497716,682.4646325489807,30683.96100934061,2995.1834590466965,0.8471313342035294,1290.2120549,543.696683,1833.9087379,37.33338953,24.404181279999996,61.737570809999994,70.167889941,17.98784422,88.155734161,192.61794583,81.10948345,273.72742928,673.3701455,285.3529412,958.7230867,3216.252558851,6211.436017897697
Mass,Nom,Real,AK,Hlow,HPl_Rb-HP,4,2312.718826497716,887.3493422675774,34260.82932206338,3200.068168765293,0.8632778926421452,1290.2120549,715.28243,2005.4944848999999,37.33338953,37.88247335,75.21586288,70.167889941,28.75118714,98.919077081,192.61794583,99.6142575,292.23220333,673.3701455,285.3529412,958.7230867,3430.5847148909997,6630.652883656293
Mass,Nom,Real,AK,Hlow,HPl_Rb-HP,5,2312.718826497716,1043.157557361154,36624.06769096453,3355.8763838588698,0.912070598209621,1290.2120549,715.28243,2005.4944848999999,37.33338953,37.88247335,75.21586288,70.167889941,28.75118714,98.919077081,192.61794583,99.6142575,292.23220333,673.3701455,285.3529412,958.7230867,3430.5847148909997,6786.461098749869
Mass,Nom,Real,AK,Hlow,HPl_Rb-HPo,1,2312.718826497716,349.8222574479155,25826.39695328527,2662.5410839456313,0.7855248791893373,1290.2120549,517.9205701,1808.132625,37.33338953,22.38243748,59.715827010000005,70.167889941,16.37334279,86.54123273100001,192.61794583,78.33376735,270.95171317999996,673.3701455,285.3529412,958.7230867,3184.064484621,5846.605568566631
Mass,Nom,Real,AK,Hlow,HPl_Rb-HPo,2,2312.718826497716,499.2268232586933,28170.34679620193,2811.9456497564092,0.7865274551940236,1290.2120549,517.9205701,1808.132625,37.33338953,22.38243748,59.715827010000005,70.167889941,16.37334279,86.54123273100001,192.61794583,78.33376735,270.95171317999996,673.3701455,285.3529412,958.7230867,3184.064484621,5996.0101343774095
Mass,Nom,Real,AK,Hlow,HPl_Rb-HPo,3,2312.718826497716,706.9001932214436,31043.28649045176,3019.6190197191595,0.8592389586769829,1290.2120549,595.2489089,1885.4609638000002,37.33338953,28.4476689,65.78105843,70.167889941,21.2168471,91.384737041,192.61794583,86.66091566999998,279.2788615,673.3701455,285.3529412,958.7230867,3280.628707471,6300.247727190159
Mass,Nom,Real,AK,Hlow,HPl_Rb-HPo,4,2312.718826497716,931.3798223105739,34909.693772292856,3244.09864880829,0.8698311369280306,1290.2120549,800.9478006000002,2091.1598555,37.33338953,44.62161938,81.95500891,70.167889941,34.1328586,104.30074854099999,192.61794583,108.86664449999999,301.48459033,673.3701455,285.3529412,958.7230867,3537.6232899809997,6781.721938789289
Mass,Nom,Real,AK,Hlow,HPl_Rb-HPo,5,2312.718826497716,1086.1256052351712,37269.81731426013,3398.844431732887,0.9166292527950275,1290.2120549,800.9478006000002,2091.1598555,37.33338953,44.62161938,81.95500891,70.167889941,34.1328586,104.30074854099999,192.61794583,108.86664449999999,301.48459033,673.3701455,285.3529412,958.7230867,3537.6232899809997,6936.467721713887
Mass,Nom,Real,AK,Hlow,HPl_Rb-R,1,2312.718826497716,1326.4772221627102,41646.33727935601,3639.1960486604257,0.9090993290802026,1290.2120549,190.9509894,1481.1630443000001,37.33338953,3.783646588,41.117036118,70.167889941,4.027399057,74.195288998,192.61794583,22.43667136,215.05461719000002,673.3701455,0,673.3701455,2484.9001321060005,6124.096180766426
Mass,Nom,Real,AK,Hlow,HPl_Rb-R,2,2312.718826497716,1953.0899037321874,51652.83727935602,4265.808730229903,0.9022027773560648,1290.2120549,190.9509894,1481.1630443000001,37.33338953,3.783646588,41.117036118,70.167889941,4.027399057,74.195288998,192.61794583,22.43667136,215.05461719000002,673.3701455,0,673.3701455,2484.9001321060005,6750.708862335903
Mass,Nom,Real,AK,Hlow,HPl_Rb-R,3,2312.718826497716,2755.547060955901,63039.03727935602,5068.265887453617,1.1556510532181337,1290.2120549,234.8663891,1525.078444,37.33338953,4.540375906,41.873765436,70.167889941,4.953630649,75.12152059,192.61794583,27.59671475,220.21466058000001,673.3701455,0,673.3701455,2535.658536106,7603.924423559618
Mass,Nom,Real,AK,Hlow,HPl_Rb-R,4,2312.718826497716,3559.8614306749255,77795.737279356,5872.580257172642,1.224616570459513,1290.2120549,407.89785810000006,1698.109913,37.33338953,6.558320753,43.891710283,70.167889941,8.603084246,78.77097418700001,192.61794583,47.92784903,240.54579486,673.3701455,0,673.3701455,2734.6885378300003,8607.268795002641
Mass,Nom,Real,AK,Hlow,HPl_Rb-R,5,2312.718826497716,4209.577289410385,87822.187279356,6522.296115908101,1.4297889842526166,1290.2120549,407.89785810000006,1698.109913,37.33338953,6.558320753,43.891710283,70.167889941,8.603084246,78.77097418700001,192.61794583,47.92784903,240.54579486,673.3701455,0,673.3701455,2734.6885378300003,9256.984653738102
Mass,Nom,Real,AK,Hlow,HPl_Rb-Ro,1,2312.718826497716,1378.3703594628885,42475.83727935601,3691.0891859606045,0.914271742873306,1290.2120549,216.2027869,1506.4148418,37.33338953,4.116960628,41.450350158,70.167889941,4.559991558,74.72788149899999,192.61794583,25.40374832,218.02169415,673.3701455,0,673.3701455,2513.984913107,6205.074099067604
Mass,Nom,Real,AK,Hlow,HPl_Rb-Ro,2,2312.718826497716,2003.5109954738573,52467.637279356015,4316.229821971573,0.914271742873306,1290.2120549,216.2027869,1506.4148418,37.33338953,4.116960628,41.450350158,70.167889941,4.559991558,74.72788149899999,192.61794583,25.40374832,218.02169415,673.3701455,0,673.3701455,2513.984913107,6830.214735078573
Mass,Nom,Real,AK,Hlow,HPl_Rb-Ro,3,2312.718826497716,2837.534301570244,64391.43727935602,5150.2531280679605,1.1918579497698578,1290.2120549,277.1660528,1567.3781077,37.33338953,5.170983671,42.50437320100001,70.167889941,5.845784319,76.01367426,192.61794583,32.56690976,225.18485558999998,673.3701455,0,673.3701455,2584.451156251,7734.704284318961
Mass,Nom,Real,AK,Hlow,HPl_Rb-Ro,4,2312.718826497716,3712.6020944108504,80231.737279356,6025.320920908566,1.2263407083905475,1290.2120549,537.5473211,1827.7593760000002,37.33338953,7.693414729,45.026804259,70.167889941,11.3375562,81.505446141,192.61794583,63.16161347,255.7795593,673.3701455,0,673.3701455,2883.4413312,8908.762252108567
Mass,Nom,Real,AK,Hlow,HPl_Rb-Ro,5,2312.718826497716,4362.2475957763645,90247.687279356,6674.96642227408,1.4866855359767543,1290.2120549,537.5473211,1827.7593760000002,37.33338953,7.693414729,45.026804259,70.167889941,11.3375562,81.505446141,192.61794583,63.16161347,255.7795593,673.3701455,0,673.3701455,2883.4413312,9558.40775347408
Mass,Nom,Real,AK,Hlow,HYD1000-HYD1000,3,NA,NA,30667.485395318257,2868.0002790528365,0.8991611567724214,NA,NA,3864.853886,NA,NA,129.3555268,NA,NA,116.870198,NA,NA,756.4090149,NA,NA,2299.609556,7167.098181699999,10035.098460752835
Mass,Nom,Real,AK,Hlow,HYD1000-HYD1000,4,NA,NA,33475.71484104345,3038.2237398566076,0.9148166862110428,NA,NA,3864.853886,NA,NA,129.3555268,NA,NA,116.870198,NA,NA,756.4090149,NA,NA,2299.609556,7167.098181699999,10205.321921556606
Mass,Nom,Real,AK,Hlow,HYD1000-HYD1000,5,NA,NA,36425.83058359853,3243.9519730743127,0.993791402130208,NA,NA,3864.853886,NA,NA,129.3555268,NA,NA,116.870198,NA,NA,756.4090149,NA,NA,2299.609556,7167.098181699999,10411.050154774312
Mass,Nom,Real,AK,Hlow,HYD200-HYD200,3,NA,NA,23880.290337529037,2279.9642734528557,0.6806493116053874,NA,NA,3442.810036,NA,NA,123.7682596,NA,NA,120.17012209999999,NA,NA,576.5686085,NA,NA,2430.948056,6694.2650822,8974.229355652855
Mass,Nom,Real,AK,Hlow,HYD200-HYD200,4,NA,NA,26284.138987584654,2412.3977430034447,0.6708573075892214,NA,NA,3442.810036,NA,NA,123.7682596,NA,NA,120.17012209999999,NA,NA,576.5686085,NA,NA,2430.948056,6694.2650822,9106.662825203444
Mass,Nom,Real,AK,Hlow,HYD200-HYD200,5,NA,NA,28811.824043782064,2583.7542713114212,0.735889044296647,NA,NA,3442.810036,NA,NA,123.7682596,NA,NA,120.17012209999999,NA,NA,576.5686085,NA,NA,2430.948056,6694.2650822,9278.019353511421
Mass,Nom,Real,AK,Hlow,HYD500-HYD500,3,NA,NA,30237.421841425174,2848.8380613445042,0.918160483553072,NA,NA,3660.036507,NA,NA,126.688588,NA,NA,124.2474328,NA,NA,662.6706299,NA,NA,2365.278806,6938.921963699999,9787.760025044503
Mass,Nom,Real,AK,Hlow,HYD500-HYD500,4,NA,NA,33210.96618049232,3018.6242600293567,0.9214293241397236,NA,NA,3660.036507,NA,NA,126.688588,NA,NA,124.2474328,NA,NA,662.6706299,NA,NA,2365.278806,6938.921963699999,9957.546223729356
Mass,Nom,Real,AK,Hlow,HYD500-HYD500,5,NA,NA,36316.06189301788,3226.942114782467,1.0137669739675534,NA,NA,3660.036507,NA,NA,126.688588,NA,NA,124.2474328,NA,NA,662.6706299,NA,NA,2365.278806,6938.921963699999,10165.864078482466
Mass,Nom,Real,AK,Hlow,R-HP,1,5006.713322700611,335.53177670674734,50401.33213342338,5342.245099407358,1.6417190090748601,945.7181005,479.5114065,1425.229507,46.4079252,19.34982176,65.75774696,4.69746198,13.95159063,18.64905261,54.923036620000005,74.17019318,129.09322980000002,0,285.3529412,285.3529412,1924.08247757,7266.327576977358
Mass,Nom,Real,AK,Hlow,R-HP,2,5006.713322700611,485.51763329380327,52749.38810757101,5492.230955994414,1.64073378768021,945.7181005,479.5114065,1425.229507,46.4079252,19.34982176,65.75774696,4.69746198,13.95159063,18.64905261,54.923036620000005,74.17019318,129.09322980000002,0,285.3529412,285.3529412,1924.08247757,7416.3134335644145
Mass,Nom,Real,AK,Hlow,R-HP,3,5006.713322700611,682.4646325489807,55478.28687301557,5689.177955249591,1.7033529759672361,945.7181005,543.696683,1489.4147835,46.4079252,24.404181279999996,70.81210648,4.69746198,17.98784422,22.685306200000003,54.923036620000005,81.10948345,136.03252007,0,285.3529412,285.3529412,2004.29765745,7693.475612699591
Mass,Nom,Real,AK,Hlow,R-HP,4,5006.713322700611,887.3493422675774,59055.155185738346,5894.062664968188,1.719499534405852,945.7181005,715.28243,1661.0005305,46.4079252,37.88247335,84.29039854999999,4.69746198,28.75118714,33.44864912,54.923036620000005,99.6142575,154.53729411999998,0,285.3529412,285.3529412,2218.62981349,8112.692478458188
Mass,Nom,Real,AK,Hlow,R-HP,5,5006.713322700611,1043.157557361154,61418.39355463949,6049.870880061764,1.7682922399733276,945.7181005,715.28243,1661.0005305,46.4079252,37.88247335,84.29039854999999,4.69746198,28.75118714,33.44864912,54.923036620000005,99.6142575,154.53729411999998,0,285.3529412,285.3529412,2218.62981349,8268.500693551763
Mass,Nom,Real,AK,Hlow,R-HPo,1,5006.713322700611,349.8222574479155,50620.72281696023,5356.535580148526,1.641746520953044,945.7181005,517.9205701,1463.6386706,46.4079252,22.38243748,68.79036268,4.69746198,16.37334279,21.070804770000002,54.923036620000005,78.33376735,133.25680397,0,285.3529412,285.3529412,1972.10958322,7328.645163368526
Mass,Nom,Real,AK,Hlow,R-HPo,2,5006.713322700611,499.2268232586933,52964.672659876895,5505.940145959304,1.6427490969577303,945.7181005,517.9205701,1463.6386706,46.4079252,22.38243748,68.79036268,4.69746198,16.37334279,21.070804770000002,54.923036620000005,78.33376735,133.25680397,0,285.3529412,285.3529412,1972.10958322,7478.0497291793035
Mass,Nom,Real,AK,Hlow,R-HPo,3,5006.713322700611,706.9001932214436,55837.61235412672,5713.613515922054,1.7154606004406896,945.7181005,595.2489089,1540.9670094,46.4079252,28.4476689,74.8555941,4.69746198,21.2168471,25.91430908,54.923036620000005,86.66091566999998,141.58395228999998,0,285.3529412,285.3529412,2068.67380607,7782.287321992054
Mass,Nom,Real,AK,Hlow,R-HPo,4,5006.713322700611,931.3798223105739,59704.019635967816,5938.093145011185,1.7260527786917375,945.7181005,800.9478006000002,1746.6659011,46.4079252,44.62161938,91.02954457999999,4.69746198,34.1328586,38.83032058,54.923036620000005,108.86664449999999,163.78968112,0,285.3529412,285.3529412,2325.66838858,8263.761533591185
Mass,Nom,Real,AK,Hlow,R-HPo,5,5006.713322700611,1086.1256052351712,62064.14317793509,6092.838927935782,1.7728508945587342,945.7181005,800.9478006000002,1746.6659011,46.4079252,44.62161938,91.02954457999999,4.69746198,34.1328586,38.83032058,54.923036620000005,108.86664449999999,163.78968112,0,285.3529412,285.3529412,2325.66838858,8418.507316515781
Mass,Nom,Real,AK,Hlow,R-R,1,5006.713322700611,1326.4772221627102,66440.66314303098,6333.190544863321,1.7653209708439093,945.7181005,190.9509894,1136.6690899,46.4079252,3.783646588,50.191571788,4.69746198,4.027399057,8.724861037,54.923036620000005,22.43667136,77.35970798,0,0,0,1272.9452307049999,7606.13577556832
Mass,Nom,Real,AK,Hlow,R-R,2,5006.713322700611,1953.0899037321874,76447.16314303098,6959.803226432798,1.7584244191197715,945.7181005,190.9509894,1136.6690899,46.4079252,3.783646588,50.191571788,4.69746198,4.027399057,8.724861037,54.923036620000005,22.43667136,77.35970798,0,0,0,1272.9452307049999,8232.748457137797
Mass,Nom,Real,AK,Hlow,R-R,3,5006.713322700611,2755.547060955901,87833.36314303096,7762.260383656511,2.0118726949818404,945.7181005,234.8663891,1180.5844895999999,46.4079252,4.540375906,50.948301106,4.69746198,4.953630649,9.651092629,54.923036620000005,27.59671475,82.51975137,0,0,0,1323.7036347049998,9085.964018361512
Mass,Nom,Real,AK,Hlow,R-R,4,5006.713322700611,3559.8614306749255,102590.06314303099,8566.574753375537,2.08083821222322,945.7181005,407.89785810000006,1353.6159586,46.4079252,6.558320753,52.966245953000005,4.69746198,8.603084246,13.300546226,54.923036620000005,47.92784903,102.85088564999998,0,0,0,1522.7336364290002,10089.308389804537
Mass,Nom,Real,AK,Hlow,R-R,5,5006.713322700611,4209.577289410385,112616.51314303098,9216.290612110995,2.2860106260163233,945.7181005,407.89785810000006,1353.6159586,46.4079252,6.558320753,52.966245953000005,4.69746198,8.603084246,13.300546226,54.923036620000005,47.92784903,102.85088564999998,0,0,0,1522.7336364290002,10739.024248539996
Mass,Nom,Real,AK,Hlow,R-Ro,1,5006.713322700611,1378.3703594628885,67270.16314303098,6385.083682163498,1.7704933846370128,945.7181005,216.2027869,1161.9208874,46.4079252,4.116960628,50.524885828,4.69746198,4.559991558,9.257453538,54.923036620000005,25.40374832,80.32678494,0,0,0,1302.0300117059999,7687.113693869498
Mass,Nom,Real,AK,Hlow,R-Ro,2,5006.713322700611,2003.5109954738573,77261.96314303098,7010.224318174468,1.7704933846370128,945.7181005,216.2027869,1161.9208874,46.4079252,4.116960628,50.524885828,4.69746198,4.559991558,9.257453538,54.923036620000005,25.40374832,80.32678494,0,0,0,1302.0300117059999,8312.254329880469
Mass,Nom,Real,AK,Hlow,R-Ro,3,5006.713322700611,2837.534301570244,89185.76314303098,7844.247624270855,2.048079591533565,945.7181005,277.1660528,1222.8841533,46.4079252,5.170983671,51.578908870999996,4.69746198,5.845784319,10.543246299,54.923036620000005,32.56690976,87.48994637999999,0,0,0,1372.49625485,9216.743879120855
Mass,Nom,Real,AK,Hlow,R-Ro,4,5006.713322700611,3712.6020944108504,105026.06314303099,8719.315417111462,2.0825623501542543,945.7181005,537.5473211,1483.2654216,46.4079252,7.693414729,54.101339929,4.69746198,11.3375562,16.035018179999998,54.923036620000005,63.16161347,118.08465009,0,0,0,1671.486429799,10390.801846910463
Mass,Nom,Real,AK,Hlow,R-Ro,5,5006.713322700611,4362.2475957763645,115042.01314303098,9368.960918476976,2.342907177740461,945.7181005,537.5473211,1483.2654216,46.4079252,7.693414729,54.101339929,4.69746198,11.3375562,16.035018179999998,54.923036620000005,63.16161347,118.08465009,0,0,0,1671.486429799,11040.447348275977
Mass,Nom,Real,CH,Hhigh,HP-HP,1,2450.3327952525583,282.04680145820726,38719.35423858536,2732.379596710766,1.046021260962927,2011.682268,479.5114065,2491.1936745000003,51.02573656,19.34982176,70.37555832,123.72560910000001,13.95159063,137.67719973,517.2085068,74.17019318,591.37869998,1648.064252,285.3529412,1933.4171931999997,5224.04232573,7956.421922440766
Mass,Nom,Real,CH,Hhigh,HP-HP,2,2450.3327952525583,403.90937220439395,41200.271295224455,2854.2421674569523,1.0431034720991113,2011.682268,479.5114065,2491.1936745000003,51.02573656,19.34982176,70.37555832,123.72560910000001,13.95159063,137.67719973,517.2085068,74.17019318,591.37869998,1648.064252,285.3529412,1933.4171931999997,5224.04232573,8078.284493186952
Mass,Nom,Real,CH,Hhigh,HP-HP,3,2450.3327952525583,564.7534295043026,44134.6138469085,3015.0862247568607,1.1155747413793013,2011.682268,543.696683,2555.378951,51.02573656,24.404181279999996,75.42991784,123.72560910000001,17.98784422,141.71345332,517.2085068,81.10948345,598.31799025,1648.064252,285.3529412,1933.4171931999997,5304.25750561,8319.343730366862
Mass,Nom,Real,CH,Hhigh,HP-HP,4,2450.3327952525583,754.8694595112469,48048.94469832332,3205.202254763805,1.134485030487322,2011.682268,715.28243,2726.9646979999998,51.02573656,37.88247335,88.90820991000001,123.72560910000001,28.75118714,152.47679624,517.2085068,99.6142575,616.8227643,1648.064252,285.3529412,1933.4171931999997,5518.5896616499995,8723.791916413804
Mass,Nom,Real,CH,Hhigh,HP-HP,5,2450.3327952525583,888.9741241944542,50525.48346327477,3339.3069194470127,1.179936343282374,2011.682268,715.28243,2726.9646979999998,51.02573656,37.88247335,88.90820991000001,123.72560910000001,28.75118714,152.47679624,517.2085068,99.6142575,616.8227643,1648.064252,285.3529412,1933.4171931999997,5518.5896616499995,8857.896581097011
Mass,Nom,Real,CH,Hhigh,HP-HPo,1,2450.3327952525583,295.73400347728034,38975.14032097638,2746.0667987298384,1.051414265633464,2011.682268,517.9205701,2529.6028381,51.02573656,22.38243748,73.40817404,123.72560910000001,16.37334279,140.09895189,517.2085068,78.33376735,595.54227415,1648.064252,285.3529412,1933.4171931999997,5272.06943138,8018.136230109839
Mass,Nom,Real,CH,Hhigh,HP-HPo,2,2450.3327952525583,417.35439119887747,41451.03814731421,2867.687186451436,1.0483700227349548,2011.682268,517.9205701,2529.6028381,51.02573656,22.38243748,73.40817404,123.72560910000001,16.37334279,140.09895189,517.2085068,78.33376735,595.54227415,1648.064252,285.3529412,1933.4171931999997,5272.06943138,8139.756617831436
Mass,Nom,Real,CH,Hhigh,HP-HPo,3,2450.3327952525583,587.2692911080169,44554.748236146916,3037.6020863605754,1.1243836748925533,2011.682268,595.2489089,2606.9311769,51.02573656,28.4476689,79.47340546,123.72560910000001,21.2168471,144.9424562,517.2085068,86.66091566999998,603.86942247,1648.064252,285.3529412,1933.4171931999997,5368.63365423,8406.235740590575
Mass,Nom,Real,CH,Hhigh,HP-HPo,4,2450.3327952525583,796.1302113773987,48804.6831974828,3246.463006629957,1.132951691991177,2011.682268,800.9478006000002,2812.6300686000004,51.02573656,44.62161938,95.64735593999998,123.72560910000001,34.1328586,157.8584677,517.2085068,108.86664449999999,626.0751513,1648.064252,285.3529412,1933.4171931999997,5625.62823674,8872.091243369956
Mass,Nom,Real,CH,Hhigh,HP-HPo,5,2450.3327952525583,929.2906170233788,51278.143248256485,3379.6234122759374,1.189073101596827,2011.682268,800.9478006000002,2812.6300686000004,51.02573656,44.62161938,95.64735593999998,123.72560910000001,34.1328586,157.8584677,517.2085068,108.86664449999999,626.0751513,1648.064252,285.3529412,1933.4171931999997,5625.62823674,9005.251649015938
Mass,Nom,Real,CH,Hhigh,HP-R,1,2450.3327952525583,1017.9099785103258,54312.05386040396,3468.242773762884,1.1640121189782038,2011.682268,190.9509894,2202.6332574000003,51.02573656,3.783646588,54.809383147999995,123.72560910000001,4.027399057,127.75300815700001,517.2085068,22.43667136,539.64517816,1648.064252,0,1648.064252,4572.905078865,8041.147852627884
Mass,Nom,Real,CH,Hhigh,HP-R,2,2450.3327952525583,1497.6272280104167,64318.55386040396,3947.960023262975,1.157115567254066,2011.682268,190.9509894,2202.6332574000003,51.02573656,3.783646588,54.809383147999995,123.72560910000001,4.027399057,127.75300815700001,517.2085068,22.43667136,539.64517816,1648.064252,0,1648.064252,4572.905078865,8520.865102127975
Mass,Nom,Real,CH,Hhigh,HP-R,3,2450.3327952525583,2101.9362859458083,75704.75386040396,4552.269081198367,1.410563843116135,2011.682268,234.8663891,2246.5486571,51.02573656,4.540375906,55.566112466,123.72560910000001,4.953630649,128.679239749,517.2085068,27.59671475,544.8052215499999,1648.064252,0,1648.064252,4623.663482865,9175.932564063367
Mass,Nom,Real,CH,Hhigh,HP-R,4,2450.3327952525583,2783.434276846971,90461.45386040396,5233.767072099529,1.4795293603575144,2011.682268,407.89785810000006,2419.5801261,51.02573656,6.558320753,57.584057313,123.72560910000001,8.603084246,132.32869334600002,517.2085068,47.92784903,565.13635583,1648.064252,0,1648.064252,4822.693484589,10056.46055668853
Mass,Nom,Real,CH,Hhigh,HP-R,5,2450.3327952525583,3322.0704794753774,100487.90386040397,5772.403274727935,1.6847017741506178,2011.682268,407.89785810000006,2419.5801261,51.02573656,6.558320753,57.584057313,123.72560910000001,8.603084246,132.32869334600002,517.2085068,47.92784903,565.13635583,1648.064252,0,1648.064252,4822.693484589,10595.096759316935
Mass,Nom,Real,CH,Hhigh,HP-Ro,1,2450.3327952525583,1061.738149900497,55141.55386040396,3512.0709451530556,1.1691845327713073,2011.682268,216.2027869,2227.8850549,51.02573656,4.116960628,55.142697188,123.72560910000001,4.559991558,128.28560065800002,517.2085068,25.40374832,542.61225512,1648.064252,0,1648.064252,4601.989859866,8114.060805019056
Mass,Nom,Real,CH,Hhigh,HP-Ro,2,2450.3327952525583,1538.456345263346,65133.35386040396,3988.7891405159044,1.1691845327713073,2011.682268,216.2027869,2227.8850549,51.02573656,4.116960628,55.142697188,123.72560910000001,4.559991558,128.28560065800002,517.2085068,25.40374832,542.61225512,1648.064252,0,1648.064252,4601.989859866,8590.779000381905
Mass,Nom,Real,CH,Hhigh,HP-Ro,3,2450.3327952525583,2169.6753362148706,77057.15386040397,4620.008131467429,1.446770739667859,2011.682268,277.1660528,2288.8483208000002,51.02573656,5.170983671,56.196720231,123.72560910000001,5.845784319,129.571393419,517.2085068,32.56690976,549.77541656,1648.064252,0,1648.064252,4672.45610301,9292.46423447743
Mass,Nom,Real,CH,Hhigh,HP-Ro,4,2450.3327952525583,2905.404787230428,92897.45386040396,5355.737582482987,1.4812534982885488,2011.682268,537.5473211,2549.2295891000003,51.02573656,7.693414729,58.719151288999996,123.72560910000001,11.3375562,135.0631653,517.2085068,63.16161347,580.37012027,1648.064252,0,1648.064252,4971.446277959,10327.183860441986
Mass,Nom,Real,CH,Hhigh,HP-Ro,5,2450.3327952525583,3445.49999451619,102913.40386040397,5895.832789768749,1.7415983258747556,2011.682268,537.5473211,2549.2295891000003,51.02573656,7.693414729,58.719151288999996,123.72560910000001,11.3375562,135.0631653,517.2085068,63.16161347,580.37012027,1648.064252,0,1648.064252,4971.446277959,10867.279067727748
Mass,Nom,Real,CH,Hhigh,HPl_Rb-HP,1,4791.39401699347,282.04680145820726,69454.75219791653,5073.440818451678,1.99707083914894,1674.5024406,479.5114065,2154.0138471,53.302821460000004,19.34982176,72.65264322,86.052896039,13.95159063,100.00448666899999,224.05882359999998,74.17019318,298.22901678,708.0054287,285.3529412,993.3583699,3618.258363669,8691.699182120678
Mass,Nom,Real,CH,Hhigh,HPl_Rb-HP,2,4791.39401699347,403.90937220439395,71935.66925455563,5195.303389197865,1.9941530502851244,1674.5024406,479.5114065,2154.0138471,53.302821460000004,19.34982176,72.65264322,86.052896039,13.95159063,100.00448666899999,224.05882359999998,74.17019318,298.22901678,708.0054287,285.3529412,993.3583699,3618.258363669,8813.561752866864
Mass,Nom,Real,CH,Hhigh,HPl_Rb-HP,3,4791.39401699347,564.7534295043026,74870.01180623967,5356.147446497773,2.0666243195653142,1674.5024406,543.696683,2218.1991236,53.302821460000004,24.404181279999996,77.70700274,86.052896039,17.98784422,104.04074025899999,224.05882359999998,81.10948345,305.16830705,708.0054287,285.3529412,993.3583699,3698.4735435489997,9054.620990046773
Mass,Nom,Real,CH,Hhigh,HPl_Rb-HP,4,4791.39401699347,754.8694595112469,78784.34265765449,5546.263476504718,2.0855346086733353,1674.5024406,715.28243,2389.7848705999995,53.302821460000004,37.88247335,91.18529481,86.052896039,28.75118714,114.804083179,224.05882359999998,99.6142575,323.6730811,708.0054287,285.3529412,993.3583699,3912.8056995889992,9459.069176093717
Mass,Nom,Real,CH,Hhigh,HPl_Rb-HP,5,4791.39401699347,888.9741241944542,81260.88142260595,5680.368141187925,2.130985921468387,1674.5024406,715.28243,2389.7848705999995,53.302821460000004,37.88247335,91.18529481,86.052896039,28.75118714,114.804083179,224.05882359999998,99.6142575,323.6730811,708.0054287,285.3529412,993.3583699,3912.8056995889992,9593.173840776924
Mass,Nom,Real,CH,Hhigh,HPl_Rb-HPo,1,4791.39401699347,295.73400347728034,69710.53828030755,5087.128020470751,2.002463843819477,1674.5024406,517.9205701,2192.4230107,53.302821460000004,22.38243748,75.68525894,86.052896039,16.37334279,102.42623882899998,224.05882359999998,78.33376735,302.39259095,708.0054287,285.3529412,993.3583699,3666.2854693189997,8753.413489789751
Mass,Nom,Real,CH,Hhigh,HPl_Rb-HPo,2,4791.39401699347,417.35439119887747,72186.43610664539,5208.748408192348,1.999419600920968,1674.5024406,517.9205701,2192.4230107,53.302821460000004,22.38243748,75.68525894,86.052896039,16.37334279,102.42623882899998,224.05882359999998,78.33376735,302.39259095,708.0054287,285.3529412,993.3583699,3666.2854693189997,8875.033877511347
Mass,Nom,Real,CH,Hhigh,HPl_Rb-HPo,3,4791.39401699347,587.2692911080169,75290.14619547808,5378.663308101488,2.0754332530785664,1674.5024406,595.2489089,2269.7513495,53.302821460000004,28.4476689,81.75049036,86.052896039,21.2168471,107.26974313899998,224.05882359999998,86.66091566999998,310.71973927,708.0054287,285.3529412,993.3583699,3762.8496921690003,9141.513000270488
Mass,Nom,Real,CH,Hhigh,HPl_Rb-HPo,4,4791.39401699347,796.1302113773987,79540.08115681396,5587.524228370869,2.08400127017719,1674.5024406,800.9478006000002,2475.4502412,53.302821460000004,44.62161938,97.92444083999999,86.052896039,34.1328586,120.185754639,224.05882359999998,108.86664449999999,332.9254681,708.0054287,285.3529412,993.3583699,4019.8442746790006,9607.368503049871
Mass,Nom,Real,CH,Hhigh,HPl_Rb-HPo,5,4791.39401699347,929.2906170233788,82013.54120758765,5720.6846340168495,2.14012267978284,1674.5024406,800.9478006000002,2475.4502412,53.302821460000004,44.62161938,97.92444083999999,86.052896039,34.1328586,120.185754639,224.05882359999998,108.86664449999999,332.9254681,708.0054287,285.3529412,993.3583699,4019.8442746790006,9740.528908695851
Mass,Nom,Real,CH,Hhigh,HPl_Rb-R,1,4791.39401699347,1017.9099785103258,85047.45181973513,5809.303995503797,2.115061697164217,1674.5024406,190.9509894,1865.45343,53.302821460000004,3.783646588,57.086468048,86.052896039,4.027399057,90.080295096,224.05882359999998,22.43667136,246.49549496,708.0054287,0,708.0054287,2967.121116804,8776.425112307796
Mass,Nom,Real,CH,Hhigh,HPl_Rb-R,2,4791.39401699347,1497.6272280104167,95053.95181973513,6289.021245003887,2.108165145440079,1674.5024406,190.9509894,1865.45343,53.302821460000004,3.783646588,57.086468048,86.052896039,4.027399057,90.080295096,224.05882359999998,22.43667136,246.49549496,708.0054287,0,708.0054287,2967.121116804,9256.142361807888
Mass,Nom,Real,CH,Hhigh,HPl_Rb-R,3,4791.39401699347,2101.9362859458083,106440.15181973513,6893.330302939279,2.361613421302148,1674.5024406,234.8663891,1909.3688296999999,53.302821460000004,4.540375906,57.843197366000005,86.052896039,4.953630649,91.006526688,224.05882359999998,27.59671475,251.65553835,708.0054287,0,708.0054287,3017.879520804,9911.20982374328
Mass,Nom,Real,CH,Hhigh,HPl_Rb-R,4,4791.39401699347,2783.434276846971,121196.85181973512,7574.828293840442,2.4305789385435275,1674.5024406,407.89785810000006,2082.4002987,53.302821460000004,6.558320753,59.86114221300001,86.052896039,8.603084246,94.655980285,224.05882359999998,47.92784903,271.98667263,708.0054287,0,708.0054287,3216.9095225280007,10791.737816368443
Mass,Nom,Real,CH,Hhigh,HPl_Rb-R,5,4791.39401699347,3322.0704794753774,131223.30181973515,8113.464496468848,2.635751352336631,1674.5024406,407.89785810000006,2082.4002987,53.302821460000004,6.558320753,59.86114221300001,86.052896039,8.603084246,94.655980285,224.05882359999998,47.92784903,271.98667263,708.0054287,0,708.0054287,3216.9095225280007,11330.374018996848
Mass,Nom,Real,CH,Hhigh,HPl_Rb-Ro,1,4791.39401699347,1061.738149900497,85876.95181973513,5853.132166893967,2.1202341109573206,1674.5024406,216.2027869,1890.7052274999999,53.302821460000004,4.116960628,57.419782088,86.052896039,4.559991558,90.61288759700001,224.05882359999998,25.40374832,249.46257192000002,708.0054287,0,708.0054287,2996.205897805,8849.338064698968
Mass,Nom,Real,CH,Hhigh,HPl_Rb-Ro,2,4791.39401699347,1538.456345263346,95868.75181973512,6329.850362256817,2.1202341109573206,1674.5024406,216.2027869,1890.7052274999999,53.302821460000004,4.116960628,57.419782088,86.052896039,4.559991558,90.61288759700001,224.05882359999998,25.40374832,249.46257192000002,708.0054287,0,708.0054287,2996.205897805,9326.056260061818
Mass,Nom,Real,CH,Hhigh,HPl_Rb-Ro,3,4791.39401699347,2169.6753362148706,107792.55181973515,6961.0693532083415,2.3978203178538724,1674.5024406,277.1660528,1951.6684934,53.302821460000004,5.170983671,58.473805131,86.052896039,5.845784319,91.89868035800001,224.05882359999998,32.56690976,256.62573335999997,708.0054287,0,708.0054287,3066.672140949,10027.74149415734
Mass,Nom,Real,CH,Hhigh,HPl_Rb-Ro,4,4791.39401699347,2905.404787230428,123632.85181973512,7696.7988042238985,2.432303076474562,1674.5024406,537.5473211,2212.0497617,53.302821460000004,7.693414729,60.996236189,86.052896039,11.3375562,97.390452239,224.05882359999998,63.16161347,287.22043707,708.0054287,0,708.0054287,3365.662315898,11062.461120121898
Mass,Nom,Real,CH,Hhigh,HPl_Rb-Ro,5,4791.39401699347,3445.49999451619,133648.80181973515,8236.89401150966,2.6926479040607685,1674.5024406,537.5473211,2212.0497617,53.302821460000004,7.693414729,60.996236189,86.052896039,11.3375562,97.390452239,224.05882359999998,63.16161347,287.22043707,708.0054287,0,708.0054287,3365.662315898,11602.55632740766
Mass,Nom,Real,CH,Hhigh,HYD1000-HYD1000,3,NA,NA,59411.773450560184,4236.178149241654,1.9391082511882485,NA,NA,4472.224741,NA,NA,147.9151098,NA,NA,136.8464583,NA,NA,904.6649576,NA,NA,2884.520629,8546.171895700001,12782.350044941655
Mass,Nom,Real,CH,Hhigh,HYD1000-HYD1000,4,NA,NA,62267.54307395308,4393.1648520061,1.918304665363581,NA,NA,4472.224741,NA,NA,147.9151098,NA,NA,136.8464583,NA,NA,904.6649576,NA,NA,2884.520629,8546.171895700001,12939.3367477061
Mass,Nom,Real,CH,Hhigh,HYD1000-HYD1000,5,NA,NA,65239.42766726291,4567.6525285315065,2.0686684613988247,NA,NA,4472.224741,NA,NA,147.9151098,NA,NA,136.8464583,NA,NA,904.6649576,NA,NA,2884.520629,8546.171895700001,13113.824424231509
Mass,Nom,Real,CH,Hhigh,HYD200-HYD200,3,NA,NA,54628.74004339811,3811.257216679454,1.5635385585969266,NA,NA,3891.816184,NA,NA,136.1509989,NA,NA,130.3100694,NA,NA,665.26361,NA,NA,2928.3001289999997,7751.8409913,11563.098207979454
Mass,Nom,Real,CH,Hhigh,HYD200-HYD200,4,NA,NA,57542.29551098214,3949.229444758374,1.5444485709198532,NA,NA,3891.816184,NA,NA,136.1509989,NA,NA,130.3100694,NA,NA,665.26361,NA,NA,2928.3001289999997,7751.8409913,11701.070436058373
Mass,Nom,Real,CH,Hhigh,HYD200-HYD200,5,NA,NA,60594.69616971546,4112.692453629128,1.646109003939444,NA,NA,3891.816184,NA,NA,136.1509989,NA,NA,130.3100694,NA,NA,665.26361,NA,NA,2928.3001289999997,7751.8409913,11864.533444929128
Mass,Nom,Real,CH,Hhigh,HYD500-HYD500,3,NA,NA,56633.5171590491,3970.7152580021248,1.7492353107936045,NA,NA,4227.816184,NA,NA,143.7039601,NA,NA,141.7646148,NA,NA,796.0363372999999,NA,NA,2928.3001289999997,8237.6212252,12208.336483202125
Mass,Nom,Real,CH,Hhigh,HYD500-HYD500,4,NA,NA,59544.96890327364,4117.4531436004145,1.7345698775961755,NA,NA,4227.816184,NA,NA,143.7039601,NA,NA,141.7646148,NA,NA,796.0363372999999,NA,NA,2928.3001289999997,8237.6212252,12355.074368800415
Mass,Nom,Real,CH,Hhigh,HYD500-HYD500,5,NA,NA,62598.48927440593,4283.282956142782,1.851888235424332,NA,NA,4227.816184,NA,NA,143.7039601,NA,NA,141.7646148,NA,NA,796.0363372999999,NA,NA,2928.3001289999997,8237.6212252,12520.904181342783
Mass,Nom,Real,CH,Hhigh,R-HP,1,8350.293820556775,282.04680145820726,121832.09612176595,8632.340622014983,3.335631502775901,1372.836763,479.5114065,1852.3481695,66.60807563,19.34982176,85.95789739,6.927247586,13.95159063,20.878838216,78.85413798,74.17019318,153.02433116,0,285.3529412,285.3529412,2397.562177466,11029.902799480982
Mass,Nom,Real,CH,Hhigh,R-HP,2,8350.293820556775,403.90937220439395,124313.01317840506,8754.20319276117,3.3327137139120855,1372.836763,479.5114065,1852.3481695,66.60807563,19.34982176,85.95789739,6.927247586,13.95159063,20.878838216,78.85413798,74.17019318,153.02433116,0,285.3529412,285.3529412,2397.562177466,11151.76537022717
Mass,Nom,Real,CH,Hhigh,R-HP,3,8350.293820556775,564.7534295043026,127247.35573008911,8915.047250061078,3.4051849831922754,1372.836763,543.696683,1916.5334460000004,66.60807563,24.404181279999996,91.01225690999999,6.927247586,17.98784422,24.915091806,78.85413798,81.10948345,159.96362143000002,0,285.3529412,285.3529412,2477.777357346,11392.824607407078
Mass,Nom,Real,CH,Hhigh,R-HP,4,8350.293820556775,754.8694595112469,131161.68658150392,9105.163280068022,3.4240952723002964,1372.836763,715.28243,2088.119193,66.60807563,37.88247335,104.49054898,6.927247586,28.75118714,35.678434726,78.85413798,99.6142575,178.46839547999997,0,285.3529412,285.3529412,2692.1095133859994,11797.272793454022
Mass,Nom,Real,CH,Hhigh,R-HP,5,8350.293820556775,888.9741241944542,133638.22534645538,9239.26794475123,3.4695465850953484,1372.836763,715.28243,2088.119193,66.60807563,37.88247335,104.49054898,6.927247586,28.75118714,35.678434726,78.85413798,99.6142575,178.46839547999997,0,285.3529412,285.3529412,2692.1095133859994,11931.377458137229
Mass,Nom,Real,CH,Hhigh,R-HPo,1,8350.293820556775,295.73400347728034,122087.882204157,8646.027824034056,3.341024507446438,1372.836763,517.9205701,1890.7573330999999,66.60807563,22.38243748,88.99051311000001,6.927247586,16.37334279,23.300590376,78.85413798,78.33376735,157.18790533,0,285.3529412,285.3529412,2445.5892831159995,11091.617107150056
Mass,Nom,Real,CH,Hhigh,R-HPo,2,8350.293820556775,417.35439119887747,124563.78003049482,8767.648211755653,3.337980264547929,1372.836763,517.9205701,1890.7573330999999,66.60807563,22.38243748,88.99051311000001,6.927247586,16.37334279,23.300590376,78.85413798,78.33376735,157.18790533,0,285.3529412,285.3529412,2445.5892831159995,11213.237494871653
Mass,Nom,Real,CH,Hhigh,R-HPo,3,8350.293820556775,587.2692911080169,127667.49011932751,8937.563111664793,3.4139939167055275,1372.836763,595.2489089,1968.0856718999999,66.60807563,28.4476689,95.05574453,6.927247586,21.2168471,28.144094685999995,78.85413798,86.66091566999998,165.51505365,0,285.3529412,285.3529412,2542.1535059659996,11479.716617630793
Mass,Nom,Real,CH,Hhigh,R-HPo,4,8350.293820556775,796.1302113773987,131917.4250806634,9146.424031934173,3.4225619338041513,1372.836763,800.9478006000002,2173.7845636,66.60807563,44.62161938,111.22969500999999,6.927247586,34.1328586,41.060106186,78.85413798,108.86664449999999,187.72078248,0,285.3529412,285.3529412,2799.148088476,11945.572120410174
Mass,Nom,Real,CH,Hhigh,R-HPo,5,8350.293820556775,929.2906170233788,134390.8851314371,9279.584437580153,3.4786833434098012,1372.836763,800.9478006000002,2173.7845636,66.60807563,44.62161938,111.22969500999999,6.927247586,34.1328586,41.060106186,78.85413798,108.86664449999999,187.72078248,0,285.3529412,285.3529412,2799.148088476,12078.732526056154
Mass,Nom,Real,CH,Hhigh,R-R,1,8350.293820556775,1017.9099785103258,137424.79574358457,9368.2037990671015,3.453622360791178,1372.836763,190.9509894,1563.7877524000003,66.60807563,3.783646588,70.391722218,6.927247586,4.027399057,10.954646642999998,78.85413798,22.43667136,101.29080934000001,0,0,0,1746.4249306010001,11114.628729668102
Mass,Nom,Real,CH,Hhigh,R-R,2,8350.293820556775,1497.6272280104167,147431.29574358457,9847.921048567192,3.4467258090670403,1372.836763,190.9509894,1563.7877524000003,66.60807563,3.783646588,70.391722218,6.927247586,4.027399057,10.954646642999998,78.85413798,22.43667136,101.29080934000001,0,0,0,1746.4249306010001,11594.345979168193
Mass,Nom,Real,CH,Hhigh,R-R,3,8350.293820556775,2101.9362859458083,158817.49574358456,10452.230106502584,3.700174084929109,1372.836763,234.8663891,1607.7031521000001,66.60807563,4.540375906,71.148451536,6.927247586,4.953630649,11.880878235,78.85413798,27.59671475,106.45085273000001,0,0,0,1797.183334601,12249.413441103585
Mass,Nom,Real,CH,Hhigh,R-R,4,8350.293820556775,2783.434276846971,173574.19574358457,11133.728097403746,3.7691396021704886,1372.836763,407.89785810000006,1780.7346211,66.60807563,6.558320753,73.166396383,6.927247586,8.603084246,15.530331832000002,78.85413798,47.92784903,126.78198701,0,0,0,1996.213336325,13129.941433728745
Mass,Nom,Real,CH,Hhigh,R-R,5,8350.293820556775,3322.0704794753774,183600.64574358455,11672.364300032152,3.974312015963592,1372.836763,407.89785810000006,1780.7346211,66.60807563,6.558320753,73.166396383,6.927247586,8.603084246,15.530331832000002,78.85413798,47.92784903,126.78198701,0,0,0,1996.213336325,13668.577636357151
Mass,Nom,Real,CH,Hhigh,R-Ro,1,8350.293820556775,1061.738149900497,138254.29574358457,9412.031970457272,3.4587947745842818,1372.836763,216.2027869,1589.0395499,66.60807563,4.116960628,70.725036258,6.927247586,4.559991558,11.487239144,78.85413798,25.40374832,104.25788630000001,0,0,0,1775.5097116020004,11187.541682059273
Mass,Nom,Real,CH,Hhigh,R-Ro,2,8350.293820556775,1538.456345263346,148246.09574358456,9888.750165820122,3.4587947745842818,1372.836763,216.2027869,1589.0395499,66.60807563,4.116960628,70.725036258,6.927247586,4.559991558,11.487239144,78.85413798,25.40374832,104.25788630000001,0,0,0,1775.5097116020004,11664.259877422122
Mass,Nom,Real,CH,Hhigh,R-Ro,3,8350.293820556775,2169.6753362148706,160169.89574358455,10519.969156771645,3.736380981480833,1372.836763,277.1660528,1650.0028158,66.60807563,5.170983671,71.779059301,6.927247586,5.845784319,12.773031905000002,78.85413798,32.56690976,111.42104774,0,0,0,1845.9759547459998,12365.945111517645
Mass,Nom,Real,CH,Hhigh,R-Ro,4,8350.293820556775,2905.404787230428,176010.19574358457,11255.698607787202,3.770863740101523,1372.836763,537.5473211,1910.3840840999999,66.60807563,7.693414729,74.301490359,6.927247586,11.3375562,18.264803785999998,78.85413798,63.16161347,142.01575145,0,0,0,2144.966129695,13400.664737482202
Mass,Nom,Real,CH,Hhigh,R-Ro,5,8350.293820556775,3445.49999451619,186026.14574358455,11795.793815072964,4.03120856768773,1372.836763,537.5473211,1910.3840840999999,66.60807563,7.693414729,74.301490359,6.927247586,11.3375562,18.264803785999998,78.85413798,63.16161347,142.01575145,0,0,0,2144.966129695,13940.759944767964
Mass,Nom,Real,CH,Hlow,HP-HP,1,3385.904181985379,372.30840607725435,38719.35423858536,3758.2125880626336,1.046021260962927,2011.682268,479.5114065,2491.1936745000003,51.02573656,19.34982176,70.37555832,123.72560910000001,13.95159063,137.67719973,517.2085068,74.17019318,591.37869998,1648.064252,285.3529412,1933.4171931999997,5224.04232573,8982.254913792633
Mass,Nom,Real,CH,Hlow,HP-HP,2,3385.904181985379,532.223798557884,41200.271295224455,3918.127980543263,1.0431034720991113,2011.682268,479.5114065,2491.1936745000003,51.02573656,19.34982176,70.37555832,123.72560910000001,13.95159063,137.67719973,517.2085068,74.17019318,591.37869998,1648.064252,285.3529412,1933.4171931999997,5224.04232573,9142.170306273263
Mass,Nom,Real,CH,Hlow,HP-HP,3,3385.904181985379,748.8334885818209,44134.6138469085,4134.7376705672,1.1155747413793013,2011.682268,543.696683,2555.378951,51.02573656,24.404181279999996,75.42991784,123.72560910000001,17.98784422,141.71345332,517.2085068,81.10948345,598.31799025,1648.064252,285.3529412,1933.4171931999997,5304.25750561,9438.9951761772
Mass,Nom,Real,CH,Hlow,HP-HP,4,3385.904181985379,980.1839765985918,48048.94469832332,4366.088158583972,1.134485030487322,2011.682268,715.28243,2726.9646979999998,51.02573656,37.88247335,88.90820991000001,123.72560910000001,28.75118714,152.47679624,517.2085068,99.6142575,616.8227643,1648.064252,285.3529412,1933.4171931999997,5518.5896616499995,9884.67782023397
Mass,Nom,Real,CH,Hlow,HP-HP,5,3385.904181985379,1142.7371888019713,50525.48346327477,4528.641370787351,1.179936343282374,2011.682268,715.28243,2726.9646979999998,51.02573656,37.88247335,88.90820991000001,123.72560910000001,28.75118714,152.47679624,517.2085068,99.6142575,616.8227643,1648.064252,285.3529412,1933.4171931999997,5518.5896616499995,10047.23103243735
Mass,Nom,Real,CH,Hlow,HP-HPo,1,3385.904181985379,389.14955936195724,38975.14032097638,3775.0537413473367,1.051414265633464,2011.682268,517.9205701,2529.6028381,51.02573656,22.38243748,73.40817404,123.72560910000001,16.37334279,140.09895189,517.2085068,78.33376735,595.54227415,1648.064252,285.3529412,1933.4171931999997,5272.06943138,9047.123172727337
Mass,Nom,Real,CH,Hlow,HP-HPo,2,3385.904181985379,549.0544418571677,41451.03814731421,3934.958623842547,1.0483700227349548,2011.682268,517.9205701,2529.6028381,51.02573656,22.38243748,73.40817404,123.72560910000001,16.37334279,140.09895189,517.2085068,78.33376735,595.54227415,1648.064252,285.3529412,1933.4171931999997,5272.06943138,9207.028055222547
Mass,Nom,Real,CH,Hlow,HP-HPo,3,3385.904181985379,778.0206423000375,44554.748236146916,4163.924824285416,1.1243836748925533,2011.682268,595.2489089,2606.9311769,51.02573656,28.4476689,79.47340546,123.72560910000001,21.2168471,144.9424562,517.2085068,86.66091566999998,603.86942247,1648.064252,285.3529412,1933.4171931999997,5368.63365423,9532.558478515417
Mass,Nom,Real,CH,Hlow,HP-HPo,4,3385.904181985379,1031.9915143232504,48804.6831974828,4417.89569630863,1.132951691991177,2011.682268,800.9478006000002,2812.6300686000004,51.02573656,44.62161938,95.64735593999998,123.72560910000001,34.1328586,157.8584677,517.2085068,108.86664449999999,626.0751513,1648.064252,285.3529412,1933.4171931999997,5625.62823674,10043.52393304863
Mass,Nom,Real,CH,Hlow,HP-HPo,5,3385.904181985379,1193.5070035008418,51278.143248256485,4579.411185486221,1.189073101596827,2011.682268,800.9478006000002,2812.6300686000004,51.02573656,44.62161938,95.64735593999998,123.72560910000001,34.1328586,157.8584677,517.2085068,108.86664449999999,626.0751513,1648.064252,285.3529412,1933.4171931999997,5625.62823674,10205.039422226222
Mass,Nom,Real,CH,Hlow,HP-R,1,3385.904181985379,1326.4772221627102,54312.05386040396,4712.381404148089,1.1640121189782038,2011.682268,190.9509894,2202.6332574000003,51.02573656,3.783646588,54.809383147999995,123.72560910000001,4.027399057,127.75300815700001,517.2085068,22.43667136,539.64517816,1648.064252,0,1648.064252,4572.905078865,9285.28648301309
Mass,Nom,Real,CH,Hlow,HP-R,2,3385.904181985379,1953.0899037321874,64318.55386040396,5338.994085717566,1.157115567254066,2011.682268,190.9509894,2202.6332574000003,51.02573656,3.783646588,54.809383147999995,123.72560910000001,4.027399057,127.75300815700001,517.2085068,22.43667136,539.64517816,1648.064252,0,1648.064252,4572.905078865,9911.899164582566
Mass,Nom,Real,CH,Hlow,HP-R,3,3385.904181985379,2755.547060955901,75704.75386040396,6141.451242941281,1.410563843116135,2011.682268,234.8663891,2246.5486571,51.02573656,4.540375906,55.566112466,123.72560910000001,4.953630649,128.679239749,517.2085068,27.59671475,544.8052215499999,1648.064252,0,1648.064252,4623.663482865,10765.114725806281
Mass,Nom,Real,CH,Hlow,HP-R,4,3385.904181985379,3559.8614306749255,90461.45386040396,6945.765612660305,1.4795293603575144,2011.682268,407.89785810000006,2419.5801261,51.02573656,6.558320753,57.584057313,123.72560910000001,8.603084246,132.32869334600002,517.2085068,47.92784903,565.13635583,1648.064252,0,1648.064252,4822.693484589,11768.459097249306
Mass,Nom,Real,CH,Hlow,HP-R,5,3385.904181985379,4209.577289410385,100487.90386040397,7595.481471395764,1.6847017741506178,2011.682268,407.89785810000006,2419.5801261,51.02573656,6.558320753,57.584057313,123.72560910000001,8.603084246,132.32869334600002,517.2085068,47.92784903,565.13635583,1648.064252,0,1648.064252,4822.693484589,12418.174955984763
Mass,Nom,Real,CH,Hlow,HP-Ro,1,3385.904181985379,1378.3703594628885,55141.55386040396,4764.274541448268,1.1691845327713073,2011.682268,216.2027869,2227.8850549,51.02573656,4.116960628,55.142697188,123.72560910000001,4.559991558,128.28560065800002,517.2085068,25.40374832,542.61225512,1648.064252,0,1648.064252,4601.989859866,9366.264401314267
Mass,Nom,Real,CH,Hlow,HP-Ro,2,3385.904181985379,2003.5109954738573,65133.35386040396,5389.4151774592365,1.1691845327713073,2011.682268,216.2027869,2227.8850549,51.02573656,4.116960628,55.142697188,123.72560910000001,4.559991558,128.28560065800002,517.2085068,25.40374832,542.61225512,1648.064252,0,1648.064252,4601.989859866,9991.405037325236
Mass,Nom,Real,CH,Hlow,HP-Ro,3,3385.904181985379,2837.534301570244,77057.15386040397,6223.438483555624,1.446770739667859,2011.682268,277.1660528,2288.8483208000002,51.02573656,5.170983671,56.196720231,123.72560910000001,5.845784319,129.571393419,517.2085068,32.56690976,549.77541656,1648.064252,0,1648.064252,4672.45610301,10895.894586565624
Mass,Nom,Real,CH,Hlow,HP-Ro,4,3385.904181985379,3712.6020944108504,92897.45386040396,7098.50627639623,1.4812534982885488,2011.682268,537.5473211,2549.2295891000003,51.02573656,7.693414729,58.719151288999996,123.72560910000001,11.3375562,135.0631653,517.2085068,63.16161347,580.37012027,1648.064252,0,1648.064252,4971.446277959,12069.95255435523
Mass,Nom,Real,CH,Hlow,HP-Ro,5,3385.904181985379,4362.2475957763645,102913.40386040397,7748.151777761744,1.7415983258747556,2011.682268,537.5473211,2549.2295891000003,51.02573656,7.693414729,58.719151288999996,123.72560910000001,11.3375562,135.0631653,517.2085068,63.16161347,580.37012027,1648.064252,0,1648.064252,4971.446277959,12719.598055720744
Mass,Nom,Real,CH,Hlow,HPl_Rb-HP,1,6589.070025735009,372.30840607725435,69454.75219791653,6961.378431812263,1.99707083914894,1674.5024406,479.5114065,2154.0138471,53.302821460000004,19.34982176,72.65264322,86.052896039,13.95159063,100.00448666899999,224.05882359999998,74.17019318,298.22901678,708.0054287,285.3529412,993.3583699,3618.258363669,10579.636795481263
Mass,Nom,Real,CH,Hlow,HPl_Rb-HP,2,6589.070025735009,532.223798557884,71935.66925455563,7121.293824292893,1.9941530502851244,1674.5024406,479.5114065,2154.0138471,53.302821460000004,19.34982176,72.65264322,86.052896039,13.95159063,100.00448666899999,224.05882359999998,74.17019318,298.22901678,708.0054287,285.3529412,993.3583699,3618.258363669,10739.552187961894
Mass,Nom,Real,CH,Hlow,HPl_Rb-HP,3,6589.070025735009,748.8334885818209,74870.01180623967,7337.903514316829,2.0666243195653142,1674.5024406,543.696683,2218.1991236,53.302821460000004,24.404181279999996,77.70700274,86.052896039,17.98784422,104.04074025899999,224.05882359999998,81.10948345,305.16830705,708.0054287,285.3529412,993.3583699,3698.4735435489997,11036.37705786583
Mass,Nom,Real,CH,Hlow,HPl_Rb-HP,4,6589.070025735009,980.1839765985918,78784.34265765449,7569.2540023336005,2.0855346086733353,1674.5024406,715.28243,2389.7848705999995,53.302821460000004,37.88247335,91.18529481,86.052896039,28.75118714,114.804083179,224.05882359999998,99.6142575,323.6730811,708.0054287,285.3529412,993.3583699,3912.8056995889992,11482.0597019226
Mass,Nom,Real,CH,Hlow,HPl_Rb-HP,5,6589.070025735009,1142.7371888019713,81260.88142260595,7731.807214536981,2.130985921468387,1674.5024406,715.28243,2389.7848705999995,53.302821460000004,37.88247335,91.18529481,86.052896039,28.75118714,114.804083179,224.05882359999998,99.6142575,323.6730811,708.0054287,285.3529412,993.3583699,3912.8056995889992,11644.61291412598
Mass,Nom,Real,CH,Hlow,HPl_Rb-HPo,1,6589.070025735009,389.14955936195724,69710.53828030755,6978.2195850969665,2.002463843819477,1674.5024406,517.9205701,2192.4230107,53.302821460000004,22.38243748,75.68525894,86.052896039,16.37334279,102.42623882899998,224.05882359999998,78.33376735,302.39259095,708.0054287,285.3529412,993.3583699,3666.2854693189997,10644.505054415966
Mass,Nom,Real,CH,Hlow,HPl_Rb-HPo,2,6589.070025735009,549.0544418571677,72186.43610664539,7138.124467592177,1.999419600920968,1674.5024406,517.9205701,2192.4230107,53.302821460000004,22.38243748,75.68525894,86.052896039,16.37334279,102.42623882899998,224.05882359999998,78.33376735,302.39259095,708.0054287,285.3529412,993.3583699,3666.2854693189997,10804.409936911177
Mass,Nom,Real,CH,Hlow,HPl_Rb-HPo,3,6589.070025735009,778.0206423000375,75290.14619547808,7367.090668035046,2.0754332530785664,1674.5024406,595.2489089,2269.7513495,53.302821460000004,28.4476689,81.75049036,86.052896039,21.2168471,107.26974313899998,224.05882359999998,86.66091566999998,310.71973927,708.0054287,285.3529412,993.3583699,3762.8496921690003,11129.940360204047
Mass,Nom,Real,CH,Hlow,HPl_Rb-HPo,4,6589.070025735009,1031.9915143232504,79540.08115681396,7621.061540058259,2.08400127017719,1674.5024406,800.9478006000002,2475.4502412,53.302821460000004,44.62161938,97.92444083999999,86.052896039,34.1328586,120.185754639,224.05882359999998,108.86664449999999,332.9254681,708.0054287,285.3529412,993.3583699,4019.8442746790006,11640.90581473726
Mass,Nom,Real,CH,Hlow,HPl_Rb-HPo,5,6589.070025735009,1193.5070035008418,82013.54120758765,7782.577029235851,2.14012267978284,1674.5024406,800.9478006000002,2475.4502412,53.302821460000004,44.62161938,97.92444083999999,86.052896039,34.1328586,120.185754639,224.05882359999998,108.86664449999999,332.9254681,708.0054287,285.3529412,993.3583699,4019.8442746790006,11802.421303914853
Mass,Nom,Real,CH,Hlow,HPl_Rb-R,1,6589.070025735009,1326.4772221627102,85047.45181973513,7915.547247897719,2.115061697164217,1674.5024406,190.9509894,1865.45343,53.302821460000004,3.783646588,57.086468048,86.052896039,4.027399057,90.080295096,224.05882359999998,22.43667136,246.49549496,708.0054287,0,708.0054287,2967.121116804,10882.66836470172
Mass,Nom,Real,CH,Hlow,HPl_Rb-R,2,6589.070025735009,1953.0899037321874,95053.95181973513,8542.159929467198,2.108165145440079,1674.5024406,190.9509894,1865.45343,53.302821460000004,3.783646588,57.086468048,86.052896039,4.027399057,90.080295096,224.05882359999998,22.43667136,246.49549496,708.0054287,0,708.0054287,2967.121116804,11509.281046271197
Mass,Nom,Real,CH,Hlow,HPl_Rb-R,3,6589.070025735009,2755.547060955901,106440.15181973513,9344.61708669091,2.361613421302148,1674.5024406,234.8663891,1909.3688296999999,53.302821460000004,4.540375906,57.843197366000005,86.052896039,4.953630649,91.006526688,224.05882359999998,27.59671475,251.65553835,708.0054287,0,708.0054287,3017.879520804,12362.496607494912
Mass,Nom,Real,CH,Hlow,HPl_Rb-R,4,6589.070025735009,3559.8614306749255,121196.85181973512,10148.931456409935,2.4305789385435275,1674.5024406,407.89785810000006,2082.4002987,53.302821460000004,6.558320753,59.86114221300001,86.052896039,8.603084246,94.655980285,224.05882359999998,47.92784903,271.98667263,708.0054287,0,708.0054287,3216.9095225280007,13365.840978937937
Mass,Nom,Real,CH,Hlow,HPl_Rb-R,5,6589.070025735009,4209.577289410385,131223.30181973515,10798.647315145394,2.635751352336631,1674.5024406,407.89785810000006,2082.4002987,53.302821460000004,6.558320753,59.86114221300001,86.052896039,8.603084246,94.655980285,224.05882359999998,47.92784903,271.98667263,708.0054287,0,708.0054287,3216.9095225280007,14015.556837673394
Mass,Nom,Real,CH,Hlow,HPl_Rb-Ro,1,6589.070025735009,1378.3703594628885,85876.95181973513,7967.440385197898,2.1202341109573206,1674.5024406,216.2027869,1890.7052274999999,53.302821460000004,4.116960628,57.419782088,86.052896039,4.559991558,90.61288759700001,224.05882359999998,25.40374832,249.46257192000002,708.0054287,0,708.0054287,2996.205897805,10963.646283002898
Mass,Nom,Real,CH,Hlow,HPl_Rb-Ro,2,6589.070025735009,2003.5109954738573,95868.75181973512,8592.581021208865,2.1202341109573206,1674.5024406,216.2027869,1890.7052274999999,53.302821460000004,4.116960628,57.419782088,86.052896039,4.559991558,90.61288759700001,224.05882359999998,25.40374832,249.46257192000002,708.0054287,0,708.0054287,2996.205897805,11588.786919013866
Mass,Nom,Real,CH,Hlow,HPl_Rb-Ro,3,6589.070025735009,2837.534301570244,107792.55181973515,9426.604327305253,2.3978203178538724,1674.5024406,277.1660528,1951.6684934,53.302821460000004,5.170983671,58.473805131,86.052896039,5.845784319,91.89868035800001,224.05882359999998,32.56690976,256.62573335999997,708.0054287,0,708.0054287,3066.672140949,12493.276468254253
Mass,Nom,Real,CH,Hlow,HPl_Rb-Ro,4,6589.070025735009,3712.6020944108504,123632.85181973512,10301.67212014586,2.432303076474562,1674.5024406,537.5473211,2212.0497617,53.302821460000004,7.693414729,60.996236189,86.052896039,11.3375562,97.390452239,224.05882359999998,63.16161347,287.22043707,708.0054287,0,708.0054287,3365.662315898,13667.33443604386
Mass,Nom,Real,CH,Hlow,HPl_Rb-Ro,5,6589.070025735009,4362.2475957763645,133648.80181973515,10951.317621511374,2.6926479040607685,1674.5024406,537.5473211,2212.0497617,53.302821460000004,7.693414729,60.996236189,86.052896039,11.3375562,97.390452239,224.05882359999998,63.16161347,287.22043707,708.0054287,0,708.0054287,3365.662315898,14316.979937409375
Mass,Nom,Real,CH,Hlow,HYD1000-HYD1000,3,NA,NA,59411.773450560184,5783.5480524720115,1.9391082511882485,NA,NA,4472.224741,NA,NA,147.9151098,NA,NA,136.8464583,NA,NA,904.6649576,NA,NA,2884.520629,8546.171895700001,14329.719948172013
Mass,Nom,Real,CH,Hlow,HYD1000-HYD1000,4,NA,NA,62267.54307395308,5971.771342445255,1.918304665363581,NA,NA,4472.224741,NA,NA,147.9151098,NA,NA,136.8464583,NA,NA,904.6649576,NA,NA,2884.520629,8546.171895700001,14517.943238145257
Mass,Nom,Real,CH,Hlow,HYD1000-HYD1000,5,NA,NA,65239.42766726291,6182.644687631313,2.0686684613988247,NA,NA,4472.224741,NA,NA,147.9151098,NA,NA,136.8464583,NA,NA,904.6649576,NA,NA,2884.520629,8546.171895700001,14728.816583331314
Mass,Nom,Real,CH,Hlow,HYD200-HYD200,3,NA,NA,54628.74004339811,5232.158150012327,1.5635385585969266,NA,NA,3891.816184,NA,NA,136.1509989,NA,NA,130.3100694,NA,NA,665.26361,NA,NA,2928.3001289999997,7751.8409913,12983.999141312326
Mass,Nom,Real,CH,Hlow,HYD200-HYD200,4,NA,NA,57542.29551098214,5396.698961767146,1.5444485709198532,NA,NA,3891.816184,NA,NA,136.1509989,NA,NA,130.3100694,NA,NA,665.26361,NA,NA,2928.3001289999997,7751.8409913,13148.539953067146
Mass,Nom,Real,CH,Hlow,HYD200-HYD200,5,NA,NA,60594.69616971546,5601.268718681728,1.646109003939444,NA,NA,3891.816184,NA,NA,136.1509989,NA,NA,130.3100694,NA,NA,665.26361,NA,NA,2928.3001289999997,7751.8409913,13353.109709981727
Mass,Nom,Real,CH,Hlow,HYD500-HYD500,3,NA,NA,56633.5171590491,5428.9763446505385,1.7492353107936045,NA,NA,4227.816184,NA,NA,143.7039601,NA,NA,141.7646148,NA,NA,796.0363372999999,NA,NA,2928.3001289999997,8237.6212252,13666.597569850539
Mass,Nom,Real,CH,Hlow,HYD500-HYD500,4,NA,NA,59544.96890327364,5602.180775093632,1.7345698775961755,NA,NA,4227.816184,NA,NA,143.7039601,NA,NA,141.7646148,NA,NA,796.0363372999999,NA,NA,2928.3001289999997,8237.6212252,13839.802000293632
Mass,Nom,Real,CH,Hlow,HYD500-HYD500,5,NA,NA,62598.48927440593,5808.174096539035,1.851888235424332,NA,NA,4227.816184,NA,NA,143.7039601,NA,NA,141.7646148,NA,NA,796.0363372999999,NA,NA,2928.3001289999997,8237.6212252,14045.795321739035
Mass,Nom,Real,CH,Hlow,R-HP,1,11463.83439059603,372.30840607725435,121832.09612176595,11836.142796673284,3.335631502775901,1372.836763,479.5114065,1852.3481695,66.60807563,19.34982176,85.95789739,6.927247586,13.95159063,20.878838216,78.85413798,74.17019318,153.02433116,0,285.3529412,285.3529412,2397.562177466,14233.704974139284
Mass,Nom,Real,CH,Hlow,R-HP,2,11463.83439059603,532.223798557884,124313.01317840506,11996.058189153915,3.3327137139120855,1372.836763,479.5114065,1852.3481695,66.60807563,19.34982176,85.95789739,6.927247586,13.95159063,20.878838216,78.85413798,74.17019318,153.02433116,0,285.3529412,285.3529412,2397.562177466,14393.620366619914
Mass,Nom,Real,CH,Hlow,R-HP,3,11463.83439059603,748.8334885818209,127247.35573008911,12212.667879177852,3.4051849831922754,1372.836763,543.696683,1916.5334460000004,66.60807563,24.404181279999996,91.01225690999999,6.927247586,17.98784422,24.915091806,78.85413798,81.10948345,159.96362143000002,0,285.3529412,285.3529412,2477.777357346,14690.445236523852
Mass,Nom,Real,CH,Hlow,R-HP,4,11463.83439059603,980.1839765985918,131161.68658150392,12444.018367194622,3.4240952723002964,1372.836763,715.28243,2088.119193,66.60807563,37.88247335,104.49054898,6.927247586,28.75118714,35.678434726,78.85413798,99.6142575,178.46839547999997,0,285.3529412,285.3529412,2692.1095133859994,15136.127880580621
Mass,Nom,Real,CH,Hlow,R-HP,5,11463.83439059603,1142.7371888019713,133638.22534645538,12606.571579398002,3.4695465850953484,1372.836763,715.28243,2088.119193,66.60807563,37.88247335,104.49054898,6.927247586,28.75118714,35.678434726,78.85413798,99.6142575,178.46839547999997,0,285.3529412,285.3529412,2692.1095133859994,15298.681092784002
Mass,Nom,Real,CH,Hlow,R-HPo,1,11463.83439059603,389.14955936195724,122087.882204157,11852.983949957987,3.341024507446438,1372.836763,517.9205701,1890.7573330999999,66.60807563,22.38243748,88.99051311000001,6.927247586,16.37334279,23.300590376,78.85413798,78.33376735,157.18790533,0,285.3529412,285.3529412,2445.5892831159995,14298.573233073987
Mass,Nom,Real,CH,Hlow,R-HPo,2,11463.83439059603,549.0544418571677,124563.78003049482,12012.888832453198,3.337980264547929,1372.836763,517.9205701,1890.7573330999999,66.60807563,22.38243748,88.99051311000001,6.927247586,16.37334279,23.300590376,78.85413798,78.33376735,157.18790533,0,285.3529412,285.3529412,2445.5892831159995,14458.478115569198
Mass,Nom,Real,CH,Hlow,R-HPo,3,11463.83439059603,778.0206423000375,127667.49011932751,12241.855032896068,3.4139939167055275,1372.836763,595.2489089,1968.0856718999999,66.60807563,28.4476689,95.05574453,6.927247586,21.2168471,28.144094685999995,78.85413798,86.66091566999998,165.51505365,0,285.3529412,285.3529412,2542.1535059659996,14784.008538862068
Mass,Nom,Real,CH,Hlow,R-HPo,4,11463.83439059603,1031.9915143232504,131917.4250806634,12495.82590491928,3.4225619338041513,1372.836763,800.9478006000002,2173.7845636,66.60807563,44.62161938,111.22969500999999,6.927247586,34.1328586,41.060106186,78.85413798,108.86664449999999,187.72078248,0,285.3529412,285.3529412,2799.148088476,15294.97399339528
Mass,Nom,Real,CH,Hlow,R-HPo,5,11463.83439059603,1193.5070035008418,134390.8851314371,12657.341394096873,3.4786833434098012,1372.836763,800.9478006000002,2173.7845636,66.60807563,44.62161938,111.22969500999999,6.927247586,34.1328586,41.060106186,78.85413798,108.86664449999999,187.72078248,0,285.3529412,285.3529412,2799.148088476,15456.489482572873
Mass,Nom,Real,CH,Hlow,R-R,1,11463.83439059603,1326.4772221627102,137424.79574358457,12790.31161275874,3.453622360791178,1372.836763,190.9509894,1563.7877524000003,66.60807563,3.783646588,70.391722218,6.927247586,4.027399057,10.954646642999998,78.85413798,22.43667136,101.29080934000001,0,0,0,1746.4249306010001,14536.73654335974
Mass,Nom,Real,CH,Hlow,R-R,2,11463.83439059603,1953.0899037321874,147431.29574358457,13416.924294328219,3.4467258090670403,1372.836763,190.9509894,1563.7877524000003,66.60807563,3.783646588,70.391722218,6.927247586,4.027399057,10.954646642999998,78.85413798,22.43667136,101.29080934000001,0,0,0,1746.4249306010001,15163.34922492922
Mass,Nom,Real,CH,Hlow,R-R,3,11463.83439059603,2755.547060955901,158817.49574358456,14219.381451551932,3.700174084929109,1372.836763,234.8663891,1607.7031521000001,66.60807563,4.540375906,71.148451536,6.927247586,4.953630649,11.880878235,78.85413798,27.59671475,106.45085273000001,0,0,0,1797.183334601,16016.564786152932
Mass,Nom,Real,CH,Hlow,R-R,4,11463.83439059603,3559.8614306749255,173574.19574358457,15023.695821270956,3.7691396021704886,1372.836763,407.89785810000006,1780.7346211,66.60807563,6.558320753,73.166396383,6.927247586,8.603084246,15.530331832000002,78.85413798,47.92784903,126.78198701,0,0,0,1996.213336325,17019.909157595957
Mass,Nom,Real,CH,Hlow,R-R,5,11463.83439059603,4209.577289410385,183600.64574358455,15673.411680006415,3.974312015963592,1372.836763,407.89785810000006,1780.7346211,66.60807563,6.558320753,73.166396383,6.927247586,8.603084246,15.530331832000002,78.85413798,47.92784903,126.78198701,0,0,0,1996.213336325,17669.625016331414
Mass,Nom,Real,CH,Hlow,R-Ro,1,11463.83439059603,1378.3703594628885,138254.29574358457,12842.20475005892,3.4587947745842818,1372.836763,216.2027869,1589.0395499,66.60807563,4.116960628,70.725036258,6.927247586,4.559991558,11.487239144,78.85413798,25.40374832,104.25788630000001,0,0,0,1775.5097116020004,14617.71446166092
Mass,Nom,Real,CH,Hlow,R-Ro,2,11463.83439059603,2003.5109954738573,148246.09574358456,13467.345386069888,3.4587947745842818,1372.836763,216.2027869,1589.0395499,66.60807563,4.116960628,70.725036258,6.927247586,4.559991558,11.487239144,78.85413798,25.40374832,104.25788630000001,0,0,0,1775.5097116020004,15242.855097671889
Mass,Nom,Real,CH,Hlow,R-Ro,3,11463.83439059603,2837.534301570244,160169.89574358455,14301.368692166276,3.736380981480833,1372.836763,277.1660528,1650.0028158,66.60807563,5.170983671,71.779059301,6.927247586,5.845784319,12.773031905000002,78.85413798,32.56690976,111.42104774,0,0,0,1845.9759547459998,16147.344646912275
Mass,Nom,Real,CH,Hlow,R-Ro,4,11463.83439059603,3712.6020944108504,176010.19574358457,15176.436485006881,3.770863740101523,1372.836763,537.5473211,1910.3840840999999,66.60807563,7.693414729,74.301490359,6.927247586,11.3375562,18.264803785999998,78.85413798,63.16161347,142.01575145,0,0,0,2144.966129695,17321.40261470188
Mass,Nom,Real,CH,Hlow,R-Ro,5,11463.83439059603,4362.2475957763645,186026.14574358455,15826.081986372395,4.03120856768773,1372.836763,537.5473211,1910.3840840999999,66.60807563,7.693414729,74.301490359,6.927247586,11.3375562,18.264803785999998,78.85413798,63.16161347,142.01575145,0,0,0,2144.966129695,17971.048116067395
Mod,H1,Ideal,AK,Hhigh,HP-HP,1,844.1668002380828,253.60213377482708,16745.88661962447,1097.76893401291,0.4763683440913314,1637.27703,479.5114065,2116.7884365,38.20523859,19.34982176,57.55506035,107.93553839999998,13.95159063,121.88712902999998,335.2103463,74.17019318,409.38053948000004,1912.703497,285.3529412,2198.0564382000002,4903.66760356,6001.43653757291
Mod,H1,Ideal,AK,Hhigh,HP-HP,2,844.1668002380828,367.86899239150006,19093.942593772106,1212.0357926295828,0.4753831226966811,1637.27703,479.5114065,2116.7884365,38.20523859,19.34982176,57.55506035,107.93553839999998,13.95159063,121.88712902999998,335.2103463,74.17019318,409.38053948000004,1912.703497,285.3529412,2198.0564382000002,4903.66760356,6115.703396189583
Mod,H1,Ideal,AK,Hhigh,HP-HP,3,844.1668002380828,514.3746227915257,21822.84135921667,1358.5414230296085,0.5380023109837073,1637.27703,543.696683,2180.973713,38.20523859,24.404181279999996,62.609419869999996,107.93553839999998,17.98784422,125.92338261999998,335.2103463,81.10948345,416.31982975000005,1912.703497,285.3529412,2198.0564382000002,4983.88278344,6342.424206469608
Mod,H1,Ideal,AK,Hhigh,HP-HP,4,844.1668002380828,683.8242802357358,25399.70967193944,1527.9910804738188,0.5541488694223231,1637.27703,715.28243,2352.55946,38.20523859,37.88247335,76.08771194,107.93553839999998,28.75118714,136.68672554,335.2103463,99.6142575,434.8246038,1912.703497,285.3529412,2198.0564382000002,5198.21493948,6726.206019953819
Mod,H1,Ideal,AK,Hhigh,HP-HP,5,844.1668002380828,811.0471489691697,27762.948040840594,1655.2139492072527,0.602941574989799,1637.27703,715.28243,2352.55946,38.20523859,37.88247335,76.08771194,107.93553839999998,28.75118714,136.68672554,335.2103463,99.6142575,434.8246038,1912.703497,285.3529412,2198.0564382000002,5198.21493948,6853.428888687253
Mod,H1,Ideal,AK,Hhigh,HP-HPo,1,844.1668002380828,265.3347192220931,16965.277303161332,1109.501519460176,0.4763958559695152,1637.27703,517.9205701,2155.1976001,38.20523859,22.38243748,60.58767607,107.93553839999998,16.37334279,124.30888118999998,335.2103463,78.33376735,413.54411365000004,1912.703497,285.3529412,2198.0564382000002,4951.69470921,6061.196228670176
Mod,H1,Ideal,AK,Hhigh,HP-HPo,2,844.1668002380828,378.6058320634824,19309.22714607799,1222.7726323015652,0.4773984319742015,1637.27703,517.9205701,2155.1976001,38.20523859,22.38243748,60.58767607,107.93553839999998,16.37334279,124.30888118999998,335.2103463,78.33376735,413.54411365000004,1912.703497,285.3529412,2198.0564382000002,4951.69470921,6174.467341511565
Mod,H1,Ideal,AK,Hhigh,HP-HPo,3,844.1668002380828,533.3331801228186,22182.16684032782,1377.4999803609014,0.5501099354571608,1637.27703,595.2489089,2232.5259389000003,38.20523859,28.4476689,66.65290748999999,107.93553839999998,21.2168471,129.15238549999998,335.2103463,86.66091566999998,421.87126197,1912.703497,285.3529412,2198.0564382000002,5048.25893206,6425.758912420902
Mod,H1,Ideal,AK,Hhigh,HP-HPo,4,844.1668002380828,718.1717882443478,26048.574122168917,1562.3385884824306,0.5607021137082085,1637.27703,800.9478006000002,2438.2248306,38.20523859,44.62161938,82.82685796999999,107.93553839999998,34.1328586,142.068397,335.2103463,108.86664449999999,444.0769908,1912.703497,285.3529412,2198.0564382000002,5305.25351457,6867.592103052431
Mod,H1,Ideal,AK,Hhigh,HP-HPo,5,844.1668002380828,844.8073449193391,28408.69766413619,1688.974145157422,0.6075002295752054,1637.27703,800.9478006000002,2438.2248306,38.20523859,44.62161938,82.82685796999999,107.93553839999998,34.1328586,142.068397,335.2103463,108.86664449999999,444.0769908,1912.703497,285.3529412,2198.0564382000002,5305.25351457,6994.227659727422
Mod,H1,Ideal,AK,Hhigh,HP-R,1,844.1668002380828,1017.9099785103258,32785.21762923208,1862.0767787484087,0.5999703058603806,1637.27703,190.9509894,1828.2280194000002,38.20523859,3.783646588,41.988885178,107.93553839999998,4.027399057,111.962937457,335.2103463,22.43667136,357.64701766,1912.703497,0,1912.703497,4252.530356695001,6114.60713544341
Mod,H1,Ideal,AK,Hhigh,HP-R,2,844.1668002380828,1497.6272280104167,42791.71762923208,2341.7940282484997,0.5930737541362427,1637.27703,190.9509894,1828.2280194000002,38.20523859,3.783646588,41.988885178,107.93553839999998,4.027399057,111.962937457,335.2103463,22.43667136,357.64701766,1912.703497,0,1912.703497,4252.530356695001,6594.3243849435
Mod,H1,Ideal,AK,Hhigh,HP-R,3,844.1668002380828,2101.9362859458083,54177.91762923208,2946.103086183891,0.8465220299983116,1637.27703,234.8663891,1872.1434191,38.20523859,4.540375906,42.745614496,107.93553839999998,4.953630649,112.88916904899999,335.2103463,27.59671475,362.80706105,1912.703497,0,1912.703497,4303.288760695,7249.391846878891
Mod,H1,Ideal,AK,Hhigh,HP-R,4,844.1668002380828,2783.434276846971,68934.61762923207,3627.601077085054,0.915487547239691,1637.27703,407.89785810000006,2045.1748881,38.20523859,6.558320753,44.763559343000004,107.93553839999998,8.603084246,116.538622646,335.2103463,47.92784903,383.13819533000003,1912.703497,0,1912.703497,4502.318762419,8129.919839504055
Mod,H1,Ideal,AK,Hhigh,HP-R,5,844.1668002380828,3322.0704794753774,78961.06762923207,4166.23727971346,1.1206599610327945,1637.27703,407.89785810000006,2045.1748881,38.20523859,6.558320753,44.763559343000004,107.93553839999998,8.603084246,116.538622646,335.2103463,47.92784903,383.13819533000003,1912.703497,0,1912.703497,4502.318762419,8668.55604213246
Mod,H1,Ideal,AK,Hhigh,HP-Ro,1,844.1668002380828,1061.738149900497,33614.71762923208,1905.90495013858,0.605142719653484,1637.27703,216.2027869,1853.4798169,38.20523859,4.116960628,42.322199218,107.93553839999998,4.559991558,112.495529958,335.2103463,25.40374832,360.61409462000006,1912.703497,0,1912.703497,4281.615137696001,6187.52008783458
Mod,H1,Ideal,AK,Hhigh,HP-Ro,2,844.1668002380828,1538.456345263346,43606.517629232076,2382.623145501429,0.605142719653484,1637.27703,216.2027869,1853.4798169,38.20523859,4.116960628,42.322199218,107.93553839999998,4.559991558,112.495529958,335.2103463,25.40374832,360.61409462000006,1912.703497,0,1912.703497,4281.615137696001,6664.23828319743
Mod,H1,Ideal,AK,Hhigh,HP-Ro,3,844.1668002380828,2169.6753362148706,55530.31762923208,3013.8421364529536,0.8827289265500358,1637.27703,277.1660528,1914.4430828000002,38.20523859,5.170983671,43.376222260999995,107.93553839999998,5.845784319,113.78132271899999,335.2103463,32.56690976,367.77725606,1912.703497,0,1912.703497,4352.08138084,7365.923517292953
Mod,H1,Ideal,AK,Hhigh,HP-Ro,4,844.1668002380828,2905.404787230428,71370.61762923207,3749.571587468511,0.9172116851707255,1637.27703,537.5473211,2174.8243511,38.20523859,7.693414729,45.898653319,107.93553839999998,11.3375562,119.2730946,335.2103463,63.16161347,398.37195977000005,1912.703497,0,1912.703497,4651.071555789,8400.643143257512
Mod,H1,Ideal,AK,Hhigh,HP-Ro,5,844.1668002380828,3445.49999451619,81386.56762923207,4289.666794754273,1.1775565127569323,1637.27703,537.5473211,2174.8243511,38.20523859,7.693414729,45.898653319,107.93553839999998,11.3375562,119.2730946,335.2103463,63.16161347,398.37195977000005,1912.703497,0,1912.703497,4651.071555789,8940.738350543274
Mod,H1,Ideal,AK,Hhigh,HPl_Rb-HP,1,1582.7693591657169,253.60213377482708,26465.494329803078,1836.371492940544,0.8206633392597102,1271.8289797,479.5114065,1751.3403862,37.61761171,19.34982176,56.967433469999996,47.30010690899999,13.95159063,61.25169753899999,172.16941223,74.17019318,246.33960541,615.6446734,285.3529412,900.9976146,3016.896737219,4853.268230159544
Mod,H1,Ideal,AK,Hhigh,HPl_Rb-HP,2,1582.7693591657169,367.86899239150006,28813.55030395071,1950.638351557217,0.8196781178650601,1271.8289797,479.5114065,1751.3403862,37.61761171,19.34982176,56.967433469999996,47.30010690899999,13.95159063,61.25169753899999,172.16941223,74.17019318,246.33960541,615.6446734,285.3529412,900.9976146,3016.896737219,4967.535088776217
Mod,H1,Ideal,AK,Hhigh,HPl_Rb-HP,3,1582.7693591657169,514.3746227915257,31542.449069395276,2097.143981957243,0.8822973061520862,1271.8289797,543.696683,1815.5256627000003,37.61761171,24.404181279999996,62.021792989999994,47.30010690899999,17.98784422,65.28795112899999,172.16941223,81.10948345,253.27889568000003,615.6446734,285.3529412,900.9976146,3097.1119170990005,5194.255899056243
Mod,H1,Ideal,AK,Hhigh,HPl_Rb-HP,4,1582.7693591657169,683.8242802357358,35119.31738211804,2266.593639401453,0.898443864590702,1271.8289797,715.28243,1987.1114097000002,37.61761171,37.88247335,75.50008506,47.30010690899999,28.75118714,76.05129404899999,172.16941223,99.6142575,271.78366973000004,615.6446734,285.3529412,900.9976146,3311.444073139,5578.037712540453
Mod,H1,Ideal,AK,Hhigh,HPl_Rb-HP,5,1582.7693591657169,811.0471489691697,37482.555751019194,2393.8165081348866,0.9472365701581779,1271.8289797,715.28243,1987.1114097000002,37.61761171,37.88247335,75.50008506,47.30010690899999,28.75118714,76.05129404899999,172.16941223,99.6142575,271.78366973000004,615.6446734,285.3529412,900.9976146,3311.444073139,5705.260581273887
Mod,H1,Ideal,AK,Hhigh,HPl_Rb-HPo,1,1582.7693591657169,265.3347192220931,26684.885013339932,1848.10407838781,0.8206908511378942,1271.8289797,517.9205701,1789.7495497999998,37.61761171,22.38243748,60.00004919,47.30010690899999,16.37334279,63.673449698999995,172.16941223,78.33376735,250.50317958,615.6446734,285.3529412,900.9976146,3064.9238428689996,4913.027921256809
Mod,H1,Ideal,AK,Hhigh,HPl_Rb-HPo,2,1582.7693591657169,378.6058320634824,29028.834856256595,1961.3751912291993,0.8216934271425804,1271.8289797,517.9205701,1789.7495497999998,37.61761171,22.38243748,60.00004919,47.30010690899999,16.37334279,63.673449698999995,172.16941223,78.33376735,250.50317958,615.6446734,285.3529412,900.9976146,3064.9238428689996,5026.299034098199
Mod,H1,Ideal,AK,Hhigh,HPl_Rb-HPo,3,1582.7693591657169,533.3331801228186,31901.774550506423,2116.102539288536,0.8944049306255397,1271.8289797,595.2489089,1867.0778885999998,37.61761171,28.4476689,66.06528060999999,47.30010690899999,21.2168471,68.51695400899999,172.16941223,86.66091566999998,258.83032790000004,615.6446734,285.3529412,900.9976146,3161.4880657189997,5277.5906050075355
Mod,H1,Ideal,AK,Hhigh,HPl_Rb-HPo,4,1582.7693591657169,718.1717882443478,35768.18183234752,2300.941147410065,0.9049971088765875,1271.8289797,800.9478006000002,2072.7767803,37.61761171,44.62161938,82.23923108999999,47.30010690899999,34.1328586,81.432965509,172.16941223,108.86664449999999,281.03605673000004,615.6446734,285.3529412,900.9976146,3418.482648229,5719.423795639064
Mod,H1,Ideal,AK,Hhigh,HPl_Rb-HPo,5,1582.7693591657169,844.8073449193391,38128.3053743148,2427.576704085056,0.9517952247435844,1271.8289797,800.9478006000002,2072.7767803,37.61761171,44.62161938,82.23923108999999,47.30010690899999,34.1328586,81.432965509,172.16941223,108.86664449999999,281.03605673000004,615.6446734,285.3529412,900.9976146,3418.482648229,5846.059352314056
Mod,H1,Ideal,AK,Hhigh,HPl_Rb-R,1,1582.7693591657169,1017.9099785103258,42504.82533941068,2600.679337676043,0.9442653010287595,1271.8289797,190.9509894,1462.7799691000002,37.61761171,3.783646588,41.401258297999995,47.30010690899999,4.027399057,51.327505966000004,172.16941223,22.43667136,194.60608359000003,615.6446734,0,615.6446734,2365.7594903540003,4966.438828030043
Mod,H1,Ideal,AK,Hhigh,HPl_Rb-R,2,1582.7693591657169,1497.6272280104167,52511.32533941068,3080.396587176134,0.9373687493046217,1271.8289797,190.9509894,1462.7799691000002,37.61761171,3.783646588,41.401258297999995,47.30010690899999,4.027399057,51.327505966000004,172.16941223,22.43667136,194.60608359000003,615.6446734,0,615.6446734,2365.7594903540003,5446.156077530134
Mod,H1,Ideal,AK,Hhigh,HPl_Rb-R,3,1582.7693591657169,2101.9362859458083,63897.52533941068,3684.705645111525,1.1908170251666905,1271.8289797,234.8663891,1506.6953688,37.61761171,4.540375906,42.157987616,47.30010690899999,4.953630649,52.253737558,172.16941223,27.59671475,199.76612698000002,615.6446734,0,615.6446734,2416.517894354,6101.223539465525
Mod,H1,Ideal,AK,Hhigh,HPl_Rb-R,4,1582.7693591657169,2783.434276846971,78654.22533941067,4366.203636012688,1.25978254240807,1271.8289797,407.89785810000006,1679.7268378,37.61761171,6.558320753,44.175932463,47.30010690899999,8.603084246,55.903191155,172.16941223,47.92784903,220.09726126,615.6446734,0,615.6446734,2615.547896078,6981.751532090688
Mod,H1,Ideal,AK,Hhigh,HPl_Rb-R,5,1582.7693591657169,3322.0704794753774,88680.67533941069,4904.8398386410945,1.4649549562011734,1271.8289797,407.89785810000006,1679.7268378,37.61761171,6.558320753,44.175932463,47.30010690899999,8.603084246,55.903191155,172.16941223,47.92784903,220.09726126,615.6446734,0,615.6446734,2615.547896078,7520.387734719095
Mod,H1,Ideal,AK,Hhigh,HPl_Rb-Ro,1,1582.7693591657169,1061.738149900497,43334.32533941068,2644.507509066214,0.9494377148218629,1271.8289797,216.2027869,1488.0317666,37.61761171,4.116960628,41.734572338,47.30010690899999,4.559991558,51.86009846699999,172.16941223,25.40374832,197.57316055,615.6446734,0,615.6446734,2394.844271355,5039.351780421213
Mod,H1,Ideal,AK,Hhigh,HPl_Rb-Ro,2,1582.7693591657169,1538.456345263346,53326.12533941068,3121.225704429063,0.9494377148218629,1271.8289797,216.2027869,1488.0317666,37.61761171,4.116960628,41.734572338,47.30010690899999,4.559991558,51.86009846699999,172.16941223,25.40374832,197.57316055,615.6446734,0,615.6446734,2394.844271355,5516.069975784063
Mod,H1,Ideal,AK,Hhigh,HPl_Rb-Ro,3,1582.7693591657169,2169.6753362148706,65249.925339410685,3752.4446953805877,1.2270239217184147,1271.8289797,277.1660528,1548.9950325000002,37.61761171,5.170983671,42.78859538099999,47.30010690899999,5.845784319,53.145891227999996,172.16941223,32.56690976,204.73632199,615.6446734,0,615.6446734,2465.3105144990004,6217.755209879588
Mod,H1,Ideal,AK,Hhigh,HPl_Rb-Ro,4,1582.7693591657169,2905.404787230428,81090.22533941067,4488.174146396145,1.2615066803391044,1271.8289797,537.5473211,1809.3763007999999,37.61761171,7.693414729,45.311026438999995,47.30010690899999,11.3375562,58.637663108999995,172.16941223,63.16161347,235.3310257,615.6446734,0,615.6446734,2764.300689448,7252.474835844145
Mod,H1,Ideal,AK,Hhigh,HPl_Rb-Ro,5,1582.7693591657169,3445.49999451619,91106.17533941069,5028.269353681907,1.5218515079253112,1271.8289797,537.5473211,1809.3763007999999,37.61761171,7.693414729,45.311026438999995,47.30010690899999,11.3375562,58.637663108999995,172.16941223,63.16161347,235.3310257,615.6446734,0,615.6446734,2764.300689448,7792.5700431299065
Mod,H1,Ideal,AK,Hhigh,HYD1000-HYD1000,3,NA,NA,30585.213263784124,1964.464286894929,0.9617522495225496,NA,NA,3886.709717,NA,NA,129.357121,NA,NA,110.5663951,NA,NA,751.3172812,NA,NA,2253.349382,7131.299896300001,9095.76418319493
Mod,H1,Ideal,AK,Hhigh,HYD1000-HYD1000,4,NA,NA,33479.70856997365,2106.3015533922526,0.9493398884173712,NA,NA,3886.709717,NA,NA,129.357121,NA,NA,110.5663951,NA,NA,751.3172812,NA,NA,2253.349382,7131.299896300001,9237.601449692254
Mod,H1,Ideal,AK,Hhigh,HYD1000-HYD1000,5,NA,NA,36427.16907994881,2271.2641594120473,1.0390474893665027,NA,NA,3886.709717,NA,NA,129.357121,NA,NA,110.5663951,NA,NA,751.3172812,NA,NA,2253.349382,7131.299896300001,9402.564055712048
Mod,H1,Ideal,AK,Hhigh,HYD200-HYD200,3,NA,NA,29225.818410350665,1883.3248630442092,0.8864663402684495,NA,NA,3385.483514,NA,NA,120.681432,NA,NA,108.9481627,NA,NA,541.6964042,NA,NA,2340.908382,6497.717894899999,8381.042757944208
Mod,H1,Ideal,AK,Hhigh,HYD200-HYD200,4,NA,NA,32199.942634824896,2019.1467463742702,0.8659825471817179,NA,NA,3385.483514,NA,NA,120.681432,NA,NA,108.9481627,NA,NA,541.6964042,NA,NA,2340.908382,6497.717894899999,8516.86464127427
Mod,H1,Ideal,AK,Hhigh,HYD200-HYD200,5,NA,NA,35304.229354476716,2183.5730533980404,0.9418730869467316,NA,NA,3385.483514,NA,NA,120.681432,NA,NA,108.9481627,NA,NA,541.6964042,NA,NA,2340.908382,6497.717894899999,8681.29094829804
Mod,H1,Ideal,AK,Hhigh,HYD500-HYD500,3,NA,NA,29296.625122381643,1900.2157414538378,0.9548618909812656,NA,NA,3602.709985,NA,NA,123.6017604,NA,NA,113.0254733,NA,NA,627.7984256,NA,NA,2275.239132,6742.374776300001,8642.590517753839
Mod,H1,Ideal,AK,Hhigh,HYD500-HYD500,4,NA,NA,32100.817240193937,2035.526345720588,0.9525978370650364,NA,NA,3602.709985,NA,NA,123.6017604,NA,NA,113.0254733,NA,NA,627.7984256,NA,NA,2275.239132,6742.374776300001,8777.901122020588
Mod,H1,Ideal,AK,Hhigh,HYD500-HYD500,5,NA,NA,35042.28126842218,2193.9004822082993,1.0225413933577685,NA,NA,3602.709985,NA,NA,123.6017604,NA,NA,113.0254733,NA,NA,627.7984256,NA,NA,2275.239132,6742.374776300001,8936.2752585083
Mod,H1,Ideal,AK,Hhigh,R-HP,1,3459.194037461141,253.60213377482708,52672.4175930331,3712.7961712359684,1.8911253215509891,905.1294352,479.5114065,1384.6408417,41.12606002,19.34982176,60.47588178,4.964942316,13.95159063,18.916532946,48.77840259,74.17019318,122.94859577,0,285.3529412,285.3529412,1872.3347933960001,5585.130964631969
Mod,H1,Ideal,AK,Hhigh,R-HP,2,3459.194037461141,367.86899239150006,55020.473567180736,3827.063029852641,1.890140100156339,905.1294352,479.5114065,1384.6408417,41.12606002,19.34982176,60.47588178,4.964942316,13.95159063,18.916532946,48.77840259,74.17019318,122.94859577,0,285.3529412,285.3529412,1872.3347933960001,5699.3978232486415
Mod,H1,Ideal,AK,Hhigh,R-HP,3,3459.194037461141,514.3746227915257,57749.372332625295,3973.5686602526666,1.952759288443365,905.1294352,543.696683,1448.8261181999999,41.12606002,24.404181279999996,65.53024129999999,4.964942316,17.98784422,22.952786536,48.77840259,81.10948345,129.88788604,0,285.3529412,285.3529412,1952.549973276,5926.118633528667
Mod,H1,Ideal,AK,Hhigh,R-HP,4,3459.194037461141,683.8242802357358,61326.24064534806,4143.018317696877,1.968905846881981,905.1294352,715.28243,1620.4118651999997,41.12606002,37.88247335,79.00853337,4.964942316,28.75118714,33.716129456,48.77840259,99.6142575,148.39266009,0,285.3529412,285.3529412,2166.8821293159995,6309.900447012877
Mod,H1,Ideal,AK,Hhigh,R-HP,5,3459.194037461141,811.0471489691697,63689.47901424922,4270.24118643031,2.0176985524494566,905.1294352,715.28243,1620.4118651999997,41.12606002,37.88247335,79.00853337,4.964942316,28.75118714,33.716129456,48.77840259,99.6142575,148.39266009,0,285.3529412,285.3529412,2166.8821293159995,6437.12331574631
Mod,H1,Ideal,AK,Hhigh,R-HPo,1,3459.194037461141,265.3347192220931,52891.80827656996,3724.528756683234,1.891152833429173,905.1294352,517.9205701,1423.0500052999998,41.12606002,22.38243748,63.508497500000004,4.964942316,16.37334279,21.338285106,48.77840259,78.33376735,127.11216994,0,285.3529412,285.3529412,1920.361899046,5644.890655729234
Mod,H1,Ideal,AK,Hhigh,R-HPo,2,3459.194037461141,378.6058320634824,55235.75811948662,3837.7998695246233,1.8921554094338593,905.1294352,517.9205701,1423.0500052999998,41.12606002,22.38243748,63.508497500000004,4.964942316,16.37334279,21.338285106,48.77840259,78.33376735,127.11216994,0,285.3529412,285.3529412,1920.361899046,5758.161768570623
Mod,H1,Ideal,AK,Hhigh,R-HPo,3,3459.194037461141,533.3331801228186,58108.69781373644,3992.5272175839596,1.9648669129168186,905.1294352,595.2489089,1500.3783441,41.12606002,28.4476689,69.57372892,4.964942316,21.2168471,26.181789415999997,48.77840259,86.66091566999998,135.43931826,0,285.3529412,285.3529412,2016.9261218959998,6009.453339479959
Mod,H1,Ideal,AK,Hhigh,R-HPo,4,3459.194037461141,718.1717882443478,61975.10509557754,4177.3658257054885,1.9754590911678664,905.1294352,800.9478006000002,1706.0772358000002,41.12606002,44.62161938,85.7476794,4.964942316,34.1328586,39.097800916,48.77840259,108.86664449999999,157.64504709,0,285.3529412,285.3529412,2273.920704406,6451.286530111489
Mod,H1,Ideal,AK,Hhigh,R-HPo,5,3459.194037461141,844.8073449193391,64335.22863754482,4304.00138238048,2.0222572070348632,905.1294352,800.9478006000002,1706.0772358000002,41.12606002,44.62161938,85.7476794,4.964942316,34.1328586,39.097800916,48.77840259,108.86664449999999,157.64504709,0,285.3529412,285.3529412,2273.920704406,6577.922086786481
Mod,H1,Ideal,AK,Hhigh,R-R,1,3459.194037461141,1017.9099785103258,68711.74860264071,4477.104015971467,2.0147272833200383,905.1294352,190.9509894,1096.0804246,41.12606002,3.783646588,44.909706608,4.964942316,4.027399057,8.992341373,48.77840259,22.43667136,71.21507394999999,0,0,0,1221.1975465310002,5698.301562502467
Mod,H1,Ideal,AK,Hhigh,R-R,2,3459.194037461141,1497.6272280104167,78718.24860264071,4956.821265471558,2.0078307315959005,905.1294352,190.9509894,1096.0804246,41.12606002,3.783646588,44.909706608,4.964942316,4.027399057,8.992341373,48.77840259,22.43667136,71.21507394999999,0,0,0,1221.1975465310002,6178.018812002558
Mod,H1,Ideal,AK,Hhigh,R-R,3,3459.194037461141,2101.9362859458083,90104.44860264071,5561.130323406949,2.2612790074579694,905.1294352,234.8663891,1139.9958243,41.12606002,4.540375906,45.666435926,4.964942316,4.953630649,9.918572965000001,48.77840259,27.59671475,76.37511734,0,0,0,1271.9559505310003,6833.08627393795
Mod,H1,Ideal,AK,Hhigh,R-R,4,3459.194037461141,2783.434276846971,104861.1486026407,6242.628314308113,2.330244524699349,905.1294352,407.89785810000006,1313.0272932999999,41.12606002,6.558320753,47.684380772999994,4.964942316,8.603084246,13.568026562,48.77840259,47.92784903,96.70625161999999,0,0,0,1470.9859522549996,7713.614266563112
Mod,H1,Ideal,AK,Hhigh,R-R,5,3459.194037461141,3322.0704794753774,114887.59860264072,6781.264516936518,2.5354169384924523,905.1294352,407.89785810000006,1313.0272932999999,41.12606002,6.558320753,47.684380772999994,4.964942316,8.603084246,13.568026562,48.77840259,47.92784903,96.70625161999999,0,0,0,1470.9859522549996,8252.250469191516
Mod,H1,Ideal,AK,Hhigh,R-Ro,1,3459.194037461141,1061.738149900497,69541.24860264071,4520.932187361638,2.019899697113142,905.1294352,216.2027869,1121.3322220999999,41.12606002,4.116960628,45.243020648,4.964942316,4.559991558,9.524933874,48.77840259,25.40374832,74.18215090999999,0,0,0,1250.282327532,5771.214514893638
Mod,H1,Ideal,AK,Hhigh,R-Ro,2,3459.194037461141,1538.456345263346,79533.0486026407,4997.650382724487,2.019899697113142,905.1294352,216.2027869,1121.3322220999999,41.12606002,4.116960628,45.243020648,4.964942316,4.559991558,9.524933874,48.77840259,25.40374832,74.18215090999999,0,0,0,1250.282327532,6247.932710256487
Mod,H1,Ideal,AK,Hhigh,R-Ro,3,3459.194037461141,2169.6753362148706,91456.84860264072,5628.869373676012,2.2974859040096938,905.1294352,277.1660528,1182.295488,41.12606002,5.170983671,46.297043691,4.964942316,5.845784319,10.810726635,48.77840259,32.56690976,81.34531235,0,0,0,1320.748570676,6949.617944352012
Mod,H1,Ideal,AK,Hhigh,R-Ro,4,3459.194037461141,2905.404787230428,107297.1486026407,6364.5988246915695,2.3319686626303833,905.1294352,537.5473211,1442.6767563,41.12606002,7.693414729,48.819474749,4.964942316,11.3375562,16.302498516,48.77840259,63.16161347,111.94001605999999,0,0,0,1619.738745625,7984.337570316569
Mod,H1,Ideal,AK,Hhigh,R-Ro,5,3459.194037461141,3445.49999451619,117313.09860264072,6904.694031977331,2.59231349021659,905.1294352,537.5473211,1442.6767563,41.12606002,7.693414729,48.819474749,4.964942316,11.3375562,16.302498516,48.77840259,63.16161347,111.94001605999999,0,0,0,1619.738745625,8524.432777602331
Mod,H1,Ideal,AK,Hlow,HP-HP,1,1399.4537860821245,335.53177670674734,16745.88661962447,1734.9855627888717,0.4763683440913314,1637.27703,479.5114065,2116.7884365,38.20523859,19.34982176,57.55506035,107.93553839999998,13.95159063,121.88712902999998,335.2103463,74.17019318,409.38053948000004,1912.703497,285.3529412,2198.0564382000002,4903.66760356,6638.653166348872
Mod,H1,Ideal,AK,Hlow,HP-HP,2,1399.4537860821245,485.51763329380327,19093.942593772106,1884.9714193759278,0.4753831226966811,1637.27703,479.5114065,2116.7884365,38.20523859,19.34982176,57.55506035,107.93553839999998,13.95159063,121.88712902999998,335.2103463,74.17019318,409.38053948000004,1912.703497,285.3529412,2198.0564382000002,4903.66760356,6788.639022935928
Mod,H1,Ideal,AK,Hlow,HP-HP,3,1399.4537860821245,682.4646325489807,21822.84135921667,2081.9184186311054,0.5380023109837073,1637.27703,543.696683,2180.973713,38.20523859,24.404181279999996,62.609419869999996,107.93553839999998,17.98784422,125.92338261999998,335.2103463,81.10948345,416.31982975000005,1912.703497,285.3529412,2198.0564382000002,4983.88278344,7065.801202071105
Mod,H1,Ideal,AK,Hlow,HP-HP,4,1399.4537860821245,887.3493422675774,25399.70967193944,2286.8031283497016,0.5541488694223231,1637.27703,715.28243,2352.55946,38.20523859,37.88247335,76.08771194,107.93553839999998,28.75118714,136.68672554,335.2103463,99.6142575,434.8246038,1912.703497,285.3529412,2198.0564382000002,5198.21493948,7485.018067829702
Mod,H1,Ideal,AK,Hlow,HP-HP,5,1399.4537860821245,1043.157557361154,27762.948040840594,2442.6113434432787,0.602941574989799,1637.27703,715.28243,2352.55946,38.20523859,37.88247335,76.08771194,107.93553839999998,28.75118714,136.68672554,335.2103463,99.6142575,434.8246038,1912.703497,285.3529412,2198.0564382000002,5198.21493948,7640.826282923279
Mod,H1,Ideal,AK,Hlow,HP-HPo,1,1399.4537860821245,349.8222574479155,16965.277303161332,1749.27604353004,0.4763958559695152,1637.27703,517.9205701,2155.1976001,38.20523859,22.38243748,60.58767607,107.93553839999998,16.37334279,124.30888118999998,335.2103463,78.33376735,413.54411365000004,1912.703497,285.3529412,2198.0564382000002,4951.69470921,6700.97075274004
Mod,H1,Ideal,AK,Hlow,HP-HPo,2,1399.4537860821245,499.2268232586933,19309.22714607799,1898.6806093408177,0.4773984319742015,1637.27703,517.9205701,2155.1976001,38.20523859,22.38243748,60.58767607,107.93553839999998,16.37334279,124.30888118999998,335.2103463,78.33376735,413.54411365000004,1912.703497,285.3529412,2198.0564382000002,4951.69470921,6850.375318550818
Mod,H1,Ideal,AK,Hlow,HP-HPo,3,1399.4537860821245,706.9001932214436,22182.16684032782,2106.353979303568,0.5501099354571608,1637.27703,595.2489089,2232.5259389000003,38.20523859,28.4476689,66.65290748999999,107.93553839999998,21.2168471,129.15238549999998,335.2103463,86.66091566999998,421.87126197,1912.703497,285.3529412,2198.0564382000002,5048.25893206,7154.612911363568
Mod,H1,Ideal,AK,Hlow,HP-HPo,4,1399.4537860821245,931.3798223105739,26048.574122168917,2330.8336083926984,0.5607021137082085,1637.27703,800.9478006000002,2438.2248306,38.20523859,44.62161938,82.82685796999999,107.93553839999998,34.1328586,142.068397,335.2103463,108.86664449999999,444.0769908,1912.703497,285.3529412,2198.0564382000002,5305.25351457,7636.087122962699
Mod,H1,Ideal,AK,Hlow,HP-HPo,5,1399.4537860821245,1086.1256052351712,28408.69766413619,2485.5793913172956,0.6075002295752054,1637.27703,800.9478006000002,2438.2248306,38.20523859,44.62161938,82.82685796999999,107.93553839999998,34.1328586,142.068397,335.2103463,108.86664449999999,444.0769908,1912.703497,285.3529412,2198.0564382000002,5305.25351457,7790.832905887296
Mod,H1,Ideal,AK,Hlow,HP-R,1,1399.4537860821245,1326.4772221627102,32785.21762923208,2725.9310082448346,0.5999703058603806,1637.27703,190.9509894,1828.2280194000002,38.20523859,3.783646588,41.988885178,107.93553839999998,4.027399057,111.962937457,335.2103463,22.43667136,357.64701766,1912.703497,0,1912.703497,4252.530356695001,6978.461364939835
Mod,H1,Ideal,AK,Hlow,HP-R,2,1399.4537860821245,1953.0899037321874,42791.71762923208,3352.543689814312,0.5930737541362427,1637.27703,190.9509894,1828.2280194000002,38.20523859,3.783646588,41.988885178,107.93553839999998,4.027399057,111.962937457,335.2103463,22.43667136,357.64701766,1912.703497,0,1912.703497,4252.530356695001,7605.074046509313
Mod,H1,Ideal,AK,Hlow,HP-R,3,1399.4537860821245,2755.547060955901,54177.91762923208,4155.000847038025,0.8465220299983116,1637.27703,234.8663891,1872.1434191,38.20523859,4.540375906,42.745614496,107.93553839999998,4.953630649,112.88916904899999,335.2103463,27.59671475,362.80706105,1912.703497,0,1912.703497,4303.288760695,8458.289607733026
Mod,H1,Ideal,AK,Hlow,HP-R,4,1399.4537860821245,3559.8614306749255,68934.61762923207,4959.31521675705,0.915487547239691,1637.27703,407.89785810000006,2045.1748881,38.20523859,6.558320753,44.763559343000004,107.93553839999998,8.603084246,116.538622646,335.2103463,47.92784903,383.13819533000003,1912.703497,0,1912.703497,4502.318762419,9461.633979176051
Mod,H1,Ideal,AK,Hlow,HP-R,5,1399.4537860821245,4209.577289410385,78961.06762923207,5609.0310754925085,1.1206599610327945,1637.27703,407.89785810000006,2045.1748881,38.20523859,6.558320753,44.763559343000004,107.93553839999998,8.603084246,116.538622646,335.2103463,47.92784903,383.13819533000003,1912.703497,0,1912.703497,4502.318762419,10111.349837911508
Mod,H1,Ideal,AK,Hlow,HP-Ro,1,1399.4537860821245,1378.3703594628885,33614.71762923208,2777.824145545013,0.605142719653484,1637.27703,216.2027869,1853.4798169,38.20523859,4.116960628,42.322199218,107.93553839999998,4.559991558,112.495529958,335.2103463,25.40374832,360.61409462000006,1912.703497,0,1912.703497,4281.615137696001,7059.439283241014
Mod,H1,Ideal,AK,Hlow,HP-Ro,2,1399.4537860821245,2003.5109954738573,43606.517629232076,3402.9647815559815,0.605142719653484,1637.27703,216.2027869,1853.4798169,38.20523859,4.116960628,42.322199218,107.93553839999998,4.559991558,112.495529958,335.2103463,25.40374832,360.61409462000006,1912.703497,0,1912.703497,4281.615137696001,7684.579919251983
Mod,H1,Ideal,AK,Hlow,HP-Ro,3,1399.4537860821245,2837.534301570244,55530.31762923208,4236.988087652368,0.8827289265500358,1637.27703,277.1660528,1914.4430828000002,38.20523859,5.170983671,43.376222260999995,107.93553839999998,5.845784319,113.78132271899999,335.2103463,32.56690976,367.77725606,1912.703497,0,1912.703497,4352.08138084,8589.06946849237
Mod,H1,Ideal,AK,Hlow,HP-Ro,4,1399.4537860821245,3712.6020944108504,71370.61762923207,5112.055880492975,0.9172116851707255,1637.27703,537.5473211,2174.8243511,38.20523859,7.693414729,45.898653319,107.93553839999998,11.3375562,119.2730946,335.2103463,63.16161347,398.37195977000005,1912.703497,0,1912.703497,4651.071555789,9763.127436281975
Mod,H1,Ideal,AK,Hlow,HP-Ro,5,1399.4537860821245,4362.2475957763645,81386.56762923207,5761.701381858489,1.1775565127569323,1637.27703,537.5473211,2174.8243511,38.20523859,7.693414729,45.898653319,107.93553839999998,11.3375562,119.2730946,335.2103463,63.16161347,398.37195977000005,1912.703497,0,1912.703497,4651.071555789,10412.772937647489
Mod,H1,Ideal,AK,Hlow,HPl_Rb-HP,1,2688.550734257401,335.53177670674734,26465.494329803078,3024.0825109641482,0.8206633392597102,1271.8289797,479.5114065,1751.3403862,37.61761171,19.34982176,56.967433469999996,47.30010690899999,13.95159063,61.25169753899999,172.16941223,74.17019318,246.33960541,615.6446734,285.3529412,900.9976146,3016.896737219,6040.979248183148
Mod,H1,Ideal,AK,Hlow,HPl_Rb-HP,2,2688.550734257401,485.51763329380327,28813.55030395071,3174.0683675512046,0.8196781178650601,1271.8289797,479.5114065,1751.3403862,37.61761171,19.34982176,56.967433469999996,47.30010690899999,13.95159063,61.25169753899999,172.16941223,74.17019318,246.33960541,615.6446734,285.3529412,900.9976146,3016.896737219,6190.965104770205
Mod,H1,Ideal,AK,Hlow,HPl_Rb-HP,3,2688.550734257401,682.4646325489807,31542.449069395276,3371.0153668063817,0.8822973061520862,1271.8289797,543.696683,1815.5256627000003,37.61761171,24.404181279999996,62.021792989999994,47.30010690899999,17.98784422,65.28795112899999,172.16941223,81.10948345,253.27889568000003,615.6446734,285.3529412,900.9976146,3097.1119170990005,6468.127283905382
Mod,H1,Ideal,AK,Hlow,HPl_Rb-HP,4,2688.550734257401,887.3493422675774,35119.31738211804,3575.9000765249784,0.898443864590702,1271.8289797,715.28243,1987.1114097000002,37.61761171,37.88247335,75.50008506,47.30010690899999,28.75118714,76.05129404899999,172.16941223,99.6142575,271.78366973000004,615.6446734,285.3529412,900.9976146,3311.444073139,6887.344149663979
Mod,H1,Ideal,AK,Hlow,HPl_Rb-HP,5,2688.550734257401,1043.157557361154,37482.555751019194,3731.708291618555,0.9472365701581779,1271.8289797,715.28243,1987.1114097000002,37.61761171,37.88247335,75.50008506,47.30010690899999,28.75118714,76.05129404899999,172.16941223,99.6142575,271.78366973000004,615.6446734,285.3529412,900.9976146,3311.444073139,7043.152364757555
Mod,H1,Ideal,AK,Hlow,HPl_Rb-HPo,1,2688.550734257401,349.8222574479155,26684.885013339932,3038.3729917053165,0.8206908511378942,1271.8289797,517.9205701,1789.7495497999998,37.61761171,22.38243748,60.00004919,47.30010690899999,16.37334279,63.673449698999995,172.16941223,78.33376735,250.50317958,615.6446734,285.3529412,900.9976146,3064.9238428689996,6103.296834574316
Mod,H1,Ideal,AK,Hlow,HPl_Rb-HPo,2,2688.550734257401,499.2268232586933,29028.834856256595,3187.777557516094,0.8216934271425804,1271.8289797,517.9205701,1789.7495497999998,37.61761171,22.38243748,60.00004919,47.30010690899999,16.37334279,63.673449698999995,172.16941223,78.33376735,250.50317958,615.6446734,285.3529412,900.9976146,3064.9238428689996,6252.701400385094
Mod,H1,Ideal,AK,Hlow,HPl_Rb-HPo,3,2688.550734257401,706.9001932214436,31901.774550506423,3395.4509274788443,0.8944049306255397,1271.8289797,595.2489089,1867.0778885999998,37.61761171,28.4476689,66.06528060999999,47.30010690899999,21.2168471,68.51695400899999,172.16941223,86.66091566999998,258.83032790000004,615.6446734,285.3529412,900.9976146,3161.4880657189997,6556.938993197844
Mod,H1,Ideal,AK,Hlow,HPl_Rb-HPo,4,2688.550734257401,931.3798223105739,35768.18183234752,3619.9305565679747,0.9049971088765875,1271.8289797,800.9478006000002,2072.7767803,37.61761171,44.62161938,82.23923108999999,47.30010690899999,34.1328586,81.432965509,172.16941223,108.86664449999999,281.03605673000004,615.6446734,285.3529412,900.9976146,3418.482648229,7038.413204796974
Mod,H1,Ideal,AK,Hlow,HPl_Rb-HPo,5,2688.550734257401,1086.1256052351712,38128.3053743148,3774.676339492572,0.9517952247435844,1271.8289797,800.9478006000002,2072.7767803,37.61761171,44.62161938,82.23923108999999,47.30010690899999,34.1328586,81.432965509,172.16941223,108.86664449999999,281.03605673000004,615.6446734,285.3529412,900.9976146,3418.482648229,7193.158987721572
Mod,H1,Ideal,AK,Hlow,HPl_Rb-R,1,2688.550734257401,1326.4772221627102,42504.82533941068,4015.027956420111,0.9442653010287595,1271.8289797,190.9509894,1462.7799691000002,37.61761171,3.783646588,41.401258297999995,47.30010690899999,4.027399057,51.327505966000004,172.16941223,22.43667136,194.60608359000003,615.6446734,0,615.6446734,2365.7594903540003,6380.787446774111
Mod,H1,Ideal,AK,Hlow,HPl_Rb-R,2,2688.550734257401,1953.0899037321874,52511.32533941068,4641.640637989589,0.9373687493046217,1271.8289797,190.9509894,1462.7799691000002,37.61761171,3.783646588,41.401258297999995,47.30010690899999,4.027399057,51.327505966000004,172.16941223,22.43667136,194.60608359000003,615.6446734,0,615.6446734,2365.7594903540003,7007.400128343589
Mod,H1,Ideal,AK,Hlow,HPl_Rb-R,3,2688.550734257401,2755.547060955901,63897.52533941068,5444.097795213302,1.1908170251666905,1271.8289797,234.8663891,1506.6953688,37.61761171,4.540375906,42.157987616,47.30010690899999,4.953630649,52.253737558,172.16941223,27.59671475,199.76612698000002,615.6446734,0,615.6446734,2416.517894354,7860.615689567301
Mod,H1,Ideal,AK,Hlow,HPl_Rb-R,4,2688.550734257401,3559.8614306749255,78654.22533941067,6248.412164932326,1.25978254240807,1271.8289797,407.89785810000006,1679.7268378,37.61761171,6.558320753,44.175932463,47.30010690899999,8.603084246,55.903191155,172.16941223,47.92784903,220.09726126,615.6446734,0,615.6446734,2615.547896078,8863.960061010326
Mod,H1,Ideal,AK,Hlow,HPl_Rb-R,5,2688.550734257401,4209.577289410385,88680.67533941069,6898.128023667786,1.4649549562011734,1271.8289797,407.89785810000006,1679.7268378,37.61761171,6.558320753,44.175932463,47.30010690899999,8.603084246,55.903191155,172.16941223,47.92784903,220.09726126,615.6446734,0,615.6446734,2615.547896078,9513.675919745787
Mod,H1,Ideal,AK,Hlow,HPl_Rb-Ro,1,2688.550734257401,1378.3703594628885,43334.32533941068,4066.9210937202893,0.9494377148218629,1271.8289797,216.2027869,1488.0317666,37.61761171,4.116960628,41.734572338,47.30010690899999,4.559991558,51.86009846699999,172.16941223,25.40374832,197.57316055,615.6446734,0,615.6446734,2394.844271355,6461.765365075289
Mod,H1,Ideal,AK,Hlow,HPl_Rb-Ro,2,2688.550734257401,2003.5109954738573,53326.12533941068,4692.061729731258,0.9494377148218629,1271.8289797,216.2027869,1488.0317666,37.61761171,4.116960628,41.734572338,47.30010690899999,4.559991558,51.86009846699999,172.16941223,25.40374832,197.57316055,615.6446734,0,615.6446734,2394.844271355,7086.906001086258
Mod,H1,Ideal,AK,Hlow,HPl_Rb-Ro,3,2688.550734257401,2837.534301570244,65249.925339410685,5526.085035827646,1.2270239217184147,1271.8289797,277.1660528,1548.9950325000002,37.61761171,5.170983671,42.78859538099999,47.30010690899999,5.845784319,53.145891227999996,172.16941223,32.56690976,204.73632199,615.6446734,0,615.6446734,2465.3105144990004,7991.395550326646
Mod,H1,Ideal,AK,Hlow,HPl_Rb-Ro,4,2688.550734257401,3712.6020944108504,81090.22533941067,6401.1528286682515,1.2615066803391044,1271.8289797,537.5473211,1809.3763007999999,37.61761171,7.693414729,45.311026438999995,47.30010690899999,11.3375562,58.637663108999995,172.16941223,63.16161347,235.3310257,615.6446734,0,615.6446734,2764.300689448,9165.453518116252
Mod,H1,Ideal,AK,Hlow,HPl_Rb-Ro,5,2688.550734257401,4362.2475957763645,91106.17533941069,7050.7983300337655,1.5218515079253112,1271.8289797,537.5473211,1809.3763007999999,37.61761171,7.693414729,45.311026438999995,47.30010690899999,11.3375562,58.637663108999995,172.16941223,63.16161347,235.3310257,615.6446734,0,615.6446734,2764.300689448,9815.099019481766
Mod,H1,Ideal,AK,Hlow,HYD1000-HYD1000,3,NA,NA,30585.213263784124,2959.523639137181,0.9617522495225496,NA,NA,3886.709717,NA,NA,129.357121,NA,NA,110.5663951,NA,NA,751.3172812,NA,NA,2253.349382,7131.299896300001,10090.823535437183
Mod,H1,Ideal,AK,Hlow,HYD1000-HYD1000,4,NA,NA,33479.70856997365,3124.5309068245774,0.9493398884173712,NA,NA,3886.709717,NA,NA,129.357121,NA,NA,110.5663951,NA,NA,751.3172812,NA,NA,2253.349382,7131.299896300001,10255.830803124578
Mod,H1,Ideal,AK,Hlow,HYD1000-HYD1000,5,NA,NA,36427.16907994881,3324.7525336621,1.0390474893665027,NA,NA,3886.709717,NA,NA,129.357121,NA,NA,110.5663951,NA,NA,751.3172812,NA,NA,2253.349382,7131.299896300001,10456.052429962101
Mod,H1,Ideal,AK,Hlow,HYD200-HYD200,3,NA,NA,29225.818410350665,2905.3800615316213,0.8864663402684495,NA,NA,3385.483514,NA,NA,120.681432,NA,NA,108.9481627,NA,NA,541.6964042,NA,NA,2340.908382,6497.717894899999,9403.09795643162
Mod,H1,Ideal,AK,Hlow,HYD200-HYD200,4,NA,NA,32199.942634824896,3065.4558891793304,0.8659825471817179,NA,NA,3385.483514,NA,NA,120.681432,NA,NA,108.9481627,NA,NA,541.6964042,NA,NA,2340.908382,6497.717894899999,9563.173784079328
Mod,H1,Ideal,AK,Hlow,HYD200-HYD200,5,NA,NA,35304.229354476716,3272.85287114407,0.9418730869467316,NA,NA,3385.483514,NA,NA,120.681432,NA,NA,108.9481627,NA,NA,541.6964042,NA,NA,2340.908382,6497.717894899999,9770.57076604407
Mod,H1,Ideal,AK,Hlow,HYD500-HYD500,3,NA,NA,29296.625122381643,2904.729701926486,0.9548618909812656,NA,NA,3602.709985,NA,NA,123.6017604,NA,NA,113.0254733,NA,NA,627.7984256,NA,NA,2275.239132,6742.374776300001,9647.104478226487
Mod,H1,Ideal,AK,Hlow,HYD500-HYD500,4,NA,NA,32100.817240193937,3064.6862578194236,0.9525978370650364,NA,NA,3602.709985,NA,NA,123.6017604,NA,NA,113.0254733,NA,NA,627.7984256,NA,NA,2275.239132,6742.374776300001,9807.061034119424
Mod,H1,Ideal,AK,Hlow,HYD500-HYD500,5,NA,NA,35042.28126842218,3262.034327206062,1.0225413933577685,NA,NA,3602.709985,NA,NA,123.6017604,NA,NA,113.0254733,NA,NA,627.7984256,NA,NA,2275.239132,6742.374776300001,10004.409103506063
Mod,H1,Ideal,AK,Hlow,R-HP,1,5734.9504700095,335.53177670674734,52672.4175930331,6070.482246716248,1.8911253215509891,905.1294352,479.5114065,1384.6408417,41.12606002,19.34982176,60.47588178,4.964942316,13.95159063,18.916532946,48.77840259,74.17019318,122.94859577,0,285.3529412,285.3529412,1872.3347933960001,7942.817040112248
Mod,H1,Ideal,AK,Hlow,R-HP,2,5734.9504700095,485.51763329380327,55020.473567180736,6220.468103303304,1.890140100156339,905.1294352,479.5114065,1384.6408417,41.12606002,19.34982176,60.47588178,4.964942316,13.95159063,18.916532946,48.77840259,74.17019318,122.94859577,0,285.3529412,285.3529412,1872.3347933960001,8092.802896699304
Mod,H1,Ideal,AK,Hlow,R-HP,3,5734.9504700095,682.4646325489807,57749.372332625295,6417.4151025584815,1.952759288443365,905.1294352,543.696683,1448.8261181999999,41.12606002,24.404181279999996,65.53024129999999,4.964942316,17.98784422,22.952786536,48.77840259,81.10948345,129.88788604,0,285.3529412,285.3529412,1952.549973276,8369.965075834481
Mod,H1,Ideal,AK,Hlow,R-HP,4,5734.9504700095,887.3493422675774,61326.24064534806,6622.299812277078,1.968905846881981,905.1294352,715.28243,1620.4118651999997,41.12606002,37.88247335,79.00853337,4.964942316,28.75118714,33.716129456,48.77840259,99.6142575,148.39266009,0,285.3529412,285.3529412,2166.8821293159995,8789.181941593077
Mod,H1,Ideal,AK,Hlow,R-HP,5,5734.9504700095,1043.157557361154,63689.47901424922,6778.108027370655,2.0176985524494566,905.1294352,715.28243,1620.4118651999997,41.12606002,37.88247335,79.00853337,4.964942316,28.75118714,33.716129456,48.77840259,99.6142575,148.39266009,0,285.3529412,285.3529412,2166.8821293159995,8944.990156686654
Mod,H1,Ideal,AK,Hlow,R-HPo,1,5734.9504700095,349.8222574479155,52891.80827656996,6084.772727457415,1.891152833429173,905.1294352,517.9205701,1423.0500052999998,41.12606002,22.38243748,63.508497500000004,4.964942316,16.37334279,21.338285106,48.77840259,78.33376735,127.11216994,0,285.3529412,285.3529412,1920.361899046,8005.134626503415
Mod,H1,Ideal,AK,Hlow,R-HPo,2,5734.9504700095,499.2268232586933,55235.75811948662,6234.177293268194,1.8921554094338593,905.1294352,517.9205701,1423.0500052999998,41.12606002,22.38243748,63.508497500000004,4.964942316,16.37334279,21.338285106,48.77840259,78.33376735,127.11216994,0,285.3529412,285.3529412,1920.361899046,8154.539192314194
Mod,H1,Ideal,AK,Hlow,R-HPo,3,5734.9504700095,706.9001932214436,58108.69781373644,6441.8506632309445,1.9648669129168186,905.1294352,595.2489089,1500.3783441,41.12606002,28.4476689,69.57372892,4.964942316,21.2168471,26.181789415999997,48.77840259,86.66091566999998,135.43931826,0,285.3529412,285.3529412,2016.9261218959998,8458.776785126944
Mod,H1,Ideal,AK,Hlow,R-HPo,4,5734.9504700095,931.3798223105739,61975.10509557754,6666.3302923200745,1.9754590911678664,905.1294352,800.9478006000002,1706.0772358000002,41.12606002,44.62161938,85.7476794,4.964942316,34.1328586,39.097800916,48.77840259,108.86664449999999,157.64504709,0,285.3529412,285.3529412,2273.920704406,8940.250996726074
Mod,H1,Ideal,AK,Hlow,R-HPo,5,5734.9504700095,1086.1256052351712,64335.22863754482,6821.076075244671,2.0222572070348632,905.1294352,800.9478006000002,1706.0772358000002,41.12606002,44.62161938,85.7476794,4.964942316,34.1328586,39.097800916,48.77840259,108.86664449999999,157.64504709,0,285.3529412,285.3529412,2273.920704406,9094.996779650672
Mod,H1,Ideal,AK,Hlow,R-R,1,5734.9504700095,1326.4772221627102,68711.74860264071,7061.42769217221,2.0147272833200383,905.1294352,190.9509894,1096.0804246,41.12606002,3.783646588,44.909706608,4.964942316,4.027399057,8.992341373,48.77840259,22.43667136,71.21507394999999,0,0,0,1221.1975465310002,8282.625238703211
Mod,H1,Ideal,AK,Hlow,R-R,2,5734.9504700095,1953.0899037321874,78718.24860264071,7688.040373741688,2.0078307315959005,905.1294352,190.9509894,1096.0804246,41.12606002,3.783646588,44.909706608,4.964942316,4.027399057,8.992341373,48.77840259,22.43667136,71.21507394999999,0,0,0,1221.1975465310002,8909.237920272688
Mod,H1,Ideal,AK,Hlow,R-R,3,5734.9504700095,2755.547060955901,90104.44860264071,8490.497530965402,2.2612790074579694,905.1294352,234.8663891,1139.9958243,41.12606002,4.540375906,45.666435926,4.964942316,4.953630649,9.918572965000001,48.77840259,27.59671475,76.37511734,0,0,0,1271.9559505310003,9762.453481496403
Mod,H1,Ideal,AK,Hlow,R-R,4,5734.9504700095,3559.8614306749255,104861.1486026407,9294.811900684426,2.330244524699349,905.1294352,407.89785810000006,1313.0272932999999,41.12606002,6.558320753,47.684380772999994,4.964942316,8.603084246,13.568026562,48.77840259,47.92784903,96.70625161999999,0,0,0,1470.9859522549996,10765.797852939426
Mod,H1,Ideal,AK,Hlow,R-R,5,5734.9504700095,4209.577289410385,114887.59860264072,9944.527759419885,2.5354169384924523,905.1294352,407.89785810000006,1313.0272932999999,41.12606002,6.558320753,47.684380772999994,4.964942316,8.603084246,13.568026562,48.77840259,47.92784903,96.70625161999999,0,0,0,1470.9859522549996,11415.513711674885
Mod,H1,Ideal,AK,Hlow,R-Ro,1,5734.9504700095,1378.3703594628885,69541.24860264071,7113.320829472389,2.019899697113142,905.1294352,216.2027869,1121.3322220999999,41.12606002,4.116960628,45.243020648,4.964942316,4.559991558,9.524933874,48.77840259,25.40374832,74.18215090999999,0,0,0,1250.282327532,8363.603157004389
Mod,H1,Ideal,AK,Hlow,R-Ro,2,5734.9504700095,2003.5109954738573,79533.0486026407,7738.461465483358,2.019899697113142,905.1294352,216.2027869,1121.3322220999999,41.12606002,4.116960628,45.243020648,4.964942316,4.559991558,9.524933874,48.77840259,25.40374832,74.18215090999999,0,0,0,1250.282327532,8988.743793015357
Mod,H1,Ideal,AK,Hlow,R-Ro,3,5734.9504700095,2837.534301570244,91456.84860264072,8572.484771579746,2.2974859040096938,905.1294352,277.1660528,1182.295488,41.12606002,5.170983671,46.297043691,4.964942316,5.845784319,10.810726635,48.77840259,32.56690976,81.34531235,0,0,0,1320.748570676,9893.233342255746
Mod,H1,Ideal,AK,Hlow,R-Ro,4,5734.9504700095,3712.6020944108504,107297.1486026407,9447.552564420352,2.3319686626303833,905.1294352,537.5473211,1442.6767563,41.12606002,7.693414729,48.819474749,4.964942316,11.3375562,16.302498516,48.77840259,63.16161347,111.94001605999999,0,0,0,1619.738745625,11067.291310045352
Mod,H1,Ideal,AK,Hlow,R-Ro,5,5734.9504700095,4362.2475957763645,117313.09860264072,10097.198065785866,2.59231349021659,905.1294352,537.5473211,1442.6767563,41.12606002,7.693414729,48.819474749,4.964942316,11.3375562,16.302498516,48.77840259,63.16161347,111.94001605999999,0,0,0,1619.738745625,11716.936811410866
Mod,H1,Ideal,CH,Hhigh,HP-HP,1,3721.9296994110864,282.04680145820726,56841.18423522175,4003.976500869294,1.273239783081405,1836.3662530000001,479.5114065,2315.8776595,43.21056854,19.34982176,62.5603903,136.7325032,13.95159063,150.68409383,366.1839667,74.17019318,440.35415988,1981.974063,285.3529412,2267.3270042,5236.803307710001,9240.779808579295
Mod,H1,Ideal,CH,Hhigh,HP-HP,2,3721.9296994110864,403.90937220439395,59322.10129186085,4125.839071615481,1.2703219942175894,1836.3662530000001,479.5114065,2315.8776595,43.21056854,19.34982176,62.5603903,136.7325032,13.95159063,150.68409383,366.1839667,74.17019318,440.35415988,1981.974063,285.3529412,2267.3270042,5236.803307710001,9362.642379325482
Mod,H1,Ideal,CH,Hhigh,HP-HP,3,3721.9296994110864,564.7534295043026,62256.44384354489,4286.683128915389,1.3427932634977795,1836.3662530000001,543.696683,2380.0629360000003,43.21056854,24.404181279999996,67.61474981999999,136.7325032,17.98784422,154.72034742,366.1839667,81.10948345,447.29345014999996,1981.974063,285.3529412,2267.3270042,5317.0184875899995,9603.701616505388
Mod,H1,Ideal,CH,Hhigh,HP-HP,4,3721.9296994110864,754.8694595112469,66170.7746949597,4476.799158922333,1.3617035526058001,1836.3662530000001,715.28243,2551.6486830000003,43.21056854,37.88247335,81.09304189,136.7325032,28.75118714,165.48369033999998,366.1839667,99.6142575,465.79822420000005,1981.974063,285.3529412,2267.3270042,5531.3506436299995,10008.149802552332
Mod,H1,Ideal,CH,Hhigh,HP-HP,5,3721.9296994110864,888.9741241944542,68647.31345991117,4610.90382360554,1.407154865400852,1836.3662530000001,715.28243,2551.6486830000003,43.21056854,37.88247335,81.09304189,136.7325032,28.75118714,165.48369033999998,366.1839667,99.6142575,465.79822420000005,1981.974063,285.3529412,2267.3270042,5531.3506436299995,10142.25446723554
Mod,H1,Ideal,CH,Hhigh,HP-HPo,1,3721.9296994110864,295.73400347728034,57096.97031761277,4017.663702888367,1.2786327877519421,1836.3662530000001,517.9205701,2354.2868230999998,43.21056854,22.38243748,65.59300601999999,136.7325032,16.37334279,153.10584598999998,366.1839667,78.33376735,444.51773405,1981.974063,285.3529412,2267.3270042,5284.8304133599995,9302.494116248366
Mod,H1,Ideal,CH,Hhigh,HP-HPo,2,3721.9296994110864,417.35439119887747,59572.8681439506,4139.284090609964,1.275588544853433,1836.3662530000001,517.9205701,2354.2868230999998,43.21056854,22.38243748,65.59300601999999,136.7325032,16.37334279,153.10584598999998,366.1839667,78.33376735,444.51773405,1981.974063,285.3529412,2267.3270042,5284.8304133599995,9424.114503969962
Mod,H1,Ideal,CH,Hhigh,HP-HPo,3,3721.9296994110864,587.2692911080169,62676.57823278331,4309.198990519103,1.3516021970110315,1836.3662530000001,595.2489089,2431.6151618999997,43.21056854,28.4476689,71.65823744,136.7325032,21.2168471,157.9493503,366.1839667,86.66091566999998,452.84488237,1981.974063,285.3529412,2267.3270042,5381.39463621,9690.593626729104
Mod,H1,Ideal,CH,Hhigh,HP-HPo,4,3721.9296994110864,796.1302113773987,66926.5131941192,4518.0599107884855,1.3601702141096552,1836.3662530000001,800.9478006000002,2637.3140536,43.21056854,44.62161938,87.83218792,136.7325032,34.1328586,170.86536180000002,366.1839667,108.86664449999999,475.05061120000005,1981.974063,285.3529412,2267.3270042,5638.38921872,10156.449129508484
Mod,H1,Ideal,CH,Hhigh,HP-HPo,5,3721.9296994110864,929.2906170233788,69399.97324489287,4651.2203164344655,1.4162916237153051,1836.3662530000001,800.9478006000002,2637.3140536,43.21056854,44.62161938,87.83218792,136.7325032,34.1328586,170.86536180000002,366.1839667,108.86664449999999,475.05061120000005,1981.974063,285.3529412,2267.3270042,5638.38921872,10289.609535154465
Mod,H1,Ideal,CH,Hhigh,HP-R,1,3721.9296994110864,1017.9099785103258,72433.88385704036,4739.839677921413,1.3912306410966822,1836.3662530000001,190.9509894,2027.3172424000002,43.21056854,3.783646588,46.99421512799999,136.7325032,4.027399057,140.759902257,366.1839667,22.43667136,388.62063806000003,1981.974063,0,1981.974063,4585.666060845,9325.505738766413
Mod,H1,Ideal,CH,Hhigh,HP-R,2,3721.9296994110864,1497.6272280104167,82440.38385704036,5219.556927421503,1.3843340893725442,1836.3662530000001,190.9509894,2027.3172424000002,43.21056854,3.783646588,46.99421512799999,136.7325032,4.027399057,140.759902257,366.1839667,22.43667136,388.62063806000003,1981.974063,0,1981.974063,4585.666060845,9805.222988266503
Mod,H1,Ideal,CH,Hhigh,HP-R,3,3721.9296994110864,2101.9362859458083,93826.58385704036,5823.865985356894,1.637782365234613,1836.3662530000001,234.8663891,2071.2326421000002,43.21056854,4.540375906,47.750944446,136.7325032,4.953630649,141.686133849,366.1839667,27.59671475,393.78068145000003,1981.974063,0,1981.974063,4636.424464845,10460.290450201894
Mod,H1,Ideal,CH,Hhigh,HP-R,4,3721.9296994110864,2783.434276846971,108583.28385704034,6505.363976258057,1.7067478824759923,1836.3662530000001,407.89785810000006,2244.2641111,43.21056854,6.558320753,49.768889292999994,136.7325032,8.603084246,145.335587446,366.1839667,47.92784903,414.11181573,1981.974063,0,1981.974063,4835.454466568999,11340.818442827056
Mod,H1,Ideal,CH,Hhigh,HP-R,5,3721.9296994110864,3322.0704794753774,118609.73385704034,7044.000178886464,1.9119202962690958,1836.3662530000001,407.89785810000006,2244.2641111,43.21056854,6.558320753,49.768889292999994,136.7325032,8.603084246,145.335587446,366.1839667,47.92784903,414.11181573,1981.974063,0,1981.974063,4835.454466568999,11879.454645455462
Mod,H1,Ideal,CH,Hhigh,HP-Ro,1,3721.9296994110864,1061.738149900497,73263.38385704036,4783.667849311584,1.3964030548897854,1836.3662530000001,216.2027869,2052.5690399,43.21056854,4.116960628,47.32752916799999,136.7325032,4.559991558,141.292494758,366.1839667,25.40374832,391.58771501999996,1981.974063,0,1981.974063,4614.750841846,9398.418691157585
Mod,H1,Ideal,CH,Hhigh,HP-Ro,2,3721.9296994110864,1538.456345263346,83255.18385704035,5260.386044674433,1.3964030548897854,1836.3662530000001,216.2027869,2052.5690399,43.21056854,4.116960628,47.32752916799999,136.7325032,4.559991558,141.292494758,366.1839667,25.40374832,391.58771501999996,1981.974063,0,1981.974063,4614.750841846,9875.136886520433
Mod,H1,Ideal,CH,Hhigh,HP-Ro,3,3721.9296994110864,2169.6753362148706,95178.98385704034,5891.6050356259575,1.6739892617863372,1836.3662530000001,277.1660528,2113.5323058,43.21056854,5.170983671,48.38155221099999,136.7325032,5.845784319,142.57828751899999,366.1839667,32.56690976,398.75087646000003,1981.974063,0,1981.974063,4685.217084989999,10576.822120615958
Mod,H1,Ideal,CH,Hhigh,HP-Ro,4,3721.9296994110864,2905.404787230428,111019.28385704034,6627.334486641515,1.708472020407027,1836.3662530000001,537.5473211,2373.9135741,43.21056854,7.693414729,50.903983268999994,136.7325032,11.3375562,148.0700594,366.1839667,63.16161347,429.34558017,1981.974063,0,1981.974063,4984.207259939,11611.541746580515
Mod,H1,Ideal,CH,Hhigh,HP-Ro,5,3721.9296994110864,3445.49999451619,121035.23385704034,7167.429693927276,1.9688168479932338,1836.3662530000001,537.5473211,2373.9135741,43.21056854,7.693414729,50.903983268999994,136.7325032,11.3375562,148.0700594,366.1839667,63.16161347,429.34558017,1981.974063,0,1981.974063,4984.207259939,12151.636953866277
Mod,H1,Ideal,CH,Hhigh,HPl_Rb-HP,1,7345.698447503316,282.04680145820726,106148.98953840804,7627.7452489615225,2.0067931580911704,1493.7883963,479.5114065,1973.2998028,44.12484774,19.34982176,63.4746695,76.15654433099999,13.95159063,90.10813496099999,204.90824111,74.17019318,279.07843429,684.9152399,285.3529412,970.2681810999999,3376.229222651,11003.974471612522
Mod,H1,Ideal,CH,Hhigh,HPl_Rb-HP,2,7345.698447503316,403.90937220439395,108629.90659504714,7749.6078197077095,2.0038753692273548,1493.7883963,479.5114065,1973.2998028,44.12484774,19.34982176,63.4746695,76.15654433099999,13.95159063,90.10813496099999,204.90824111,74.17019318,279.07843429,684.9152399,285.3529412,970.2681810999999,3376.229222651,11125.83704235871
Mod,H1,Ideal,CH,Hhigh,HPl_Rb-HP,3,7345.698447503316,564.7534295043026,111564.24914673119,7910.451877007618,2.0763466385075446,1493.7883963,543.696683,2037.4850793,44.12484774,24.404181279999996,68.52902902,76.15654433099999,17.98784422,94.14438855099999,204.90824111,81.10948345,286.01772456000003,684.9152399,285.3529412,970.2681810999999,3456.444402531,11366.896279538618
Mod,H1,Ideal,CH,Hhigh,HPl_Rb-HP,4,7345.698447503316,754.8694595112469,115478.57999814601,8100.5679070145625,2.0952569276155657,1493.7883963,715.28243,2209.0708263,44.12484774,37.88247335,82.00732109,76.15654433099999,28.75118714,104.90773147099999,204.90824111,99.6142575,304.52249860999996,684.9152399,285.3529412,970.2681810999999,3670.776558571,11771.344465585562
Mod,H1,Ideal,CH,Hhigh,HPl_Rb-HP,5,7345.698447503316,888.9741241944542,117955.11876309746,8234.67257169777,2.1407082404106177,1493.7883963,715.28243,2209.0708263,44.12484774,37.88247335,82.00732109,76.15654433099999,28.75118714,104.90773147099999,204.90824111,99.6142575,304.52249860999996,684.9152399,285.3529412,970.2681810999999,3670.776558571,11905.449130268771
Mod,H1,Ideal,CH,Hhigh,HPl_Rb-HPo,1,7345.698447503316,295.73400347728034,106404.77562079908,7641.432450980596,2.0121861627617075,1493.7883963,517.9205701,2011.7089663999998,44.12484774,22.38243748,66.50728522,76.15654433099999,16.37334279,92.529887121,204.90824111,78.33376735,283.24200846,684.9152399,285.3529412,970.2681810999999,3424.256328300999,11065.688779281594
Mod,H1,Ideal,CH,Hhigh,HPl_Rb-HPo,2,7345.698447503316,417.35439119887747,108880.67344713691,7763.052838702193,2.009141919863198,1493.7883963,517.9205701,2011.7089663999998,44.12484774,22.38243748,66.50728522,76.15654433099999,16.37334279,92.529887121,204.90824111,78.33376735,283.24200846,684.9152399,285.3529412,970.2681810999999,3424.256328300999,11187.309167003192
Mod,H1,Ideal,CH,Hhigh,HPl_Rb-HPo,3,7345.698447503316,587.2692911080169,111984.38353596961,7932.967738611333,2.085155572020797,1493.7883963,595.2489089,2089.0373051999995,44.12484774,28.4476689,72.57251663999999,76.15654433099999,21.2168471,97.37339143099999,204.90824111,86.66091566999998,291.56915677999996,684.9152399,285.3529412,970.2681810999999,3520.820551150999,11453.788289762331
Mod,H1,Ideal,CH,Hhigh,HPl_Rb-HPo,4,7345.698447503316,796.1302113773987,116234.3184973055,8141.828658880714,2.0937235891194206,1493.7883963,800.9478006000002,2294.7361969,44.12484774,44.62161938,88.74646712,76.15654433099999,34.1328586,110.289402931,204.90824111,108.86664449999999,313.77488560999996,684.9152399,285.3529412,970.2681810999999,3777.8151336609994,11919.643792541714
Mod,H1,Ideal,CH,Hhigh,HPl_Rb-HPo,5,7345.698447503316,929.2906170233788,118707.77854807918,8274.989064526695,2.1498449987250705,1493.7883963,800.9478006000002,2294.7361969,44.12484774,44.62161938,88.74646712,76.15654433099999,34.1328586,110.289402931,204.90824111,108.86664449999999,313.77488560999996,684.9152399,285.3529412,970.2681810999999,3777.8151336609994,12052.804198187694
Mod,H1,Ideal,CH,Hhigh,HPl_Rb-R,1,7345.698447503316,1017.9099785103258,121741.68916022666,8363.608426013641,2.1247840161064473,1493.7883963,190.9509894,1684.7393857,44.12484774,3.783646588,47.908494327999996,76.15654433099999,4.027399057,80.183943388,204.90824111,22.43667136,227.34491247,684.9152399,0,684.9152399,2725.091975786,11088.70040179964
Mod,H1,Ideal,CH,Hhigh,HPl_Rb-R,2,7345.698447503316,1497.6272280104167,131748.18916022667,8843.325675513732,2.1178874643823096,1493.7883963,190.9509894,1684.7393857,44.12484774,3.783646588,47.908494327999996,76.15654433099999,4.027399057,80.183943388,204.90824111,22.43667136,227.34491247,684.9152399,0,684.9152399,2725.091975786,11568.417651299733
Mod,H1,Ideal,CH,Hhigh,HPl_Rb-R,3,7345.698447503316,2101.9362859458083,143134.38916022665,9447.634733449124,2.3713357402443784,1493.7883963,234.8663891,1728.6547854,44.12484774,4.540375906,48.665223646,76.15654433099999,4.953630649,81.11017498,204.90824111,27.59671475,232.50495586,684.9152399,0,684.9152399,2775.850379786,12223.485113235123
Mod,H1,Ideal,CH,Hhigh,HPl_Rb-R,4,7345.698447503316,2783.434276846971,157891.08916022663,10129.132724350287,2.440301257485758,1493.7883963,407.89785810000006,1901.6862543999998,44.12484774,6.558320753,50.683168493000004,76.15654433099999,8.603084246,84.759628577,204.90824111,47.92784903,252.83609013999998,684.9152399,0,684.9152399,2974.88038151,13104.013105860287
Mod,H1,Ideal,CH,Hhigh,HPl_Rb-R,5,7345.698447503316,3322.0704794753774,167917.53916022668,10667.768926978693,2.6454736712788613,1493.7883963,407.89785810000006,1901.6862543999998,44.12484774,6.558320753,50.683168493000004,76.15654433099999,8.603084246,84.759628577,204.90824111,47.92784903,252.83609013999998,684.9152399,0,684.9152399,2974.88038151,13642.649308488693
Mod,H1,Ideal,CH,Hhigh,HPl_Rb-Ro,1,7345.698447503316,1061.738149900497,122571.18916022666,8407.436597403812,2.129956429899551,1493.7883963,216.2027869,1709.9911831999998,44.12484774,4.116960628,48.241808368,76.15654433099999,4.559991558,80.716535889,204.90824111,25.40374832,230.31198943,684.9152399,0,684.9152399,2754.1767567869997,11161.613354190811
Mod,H1,Ideal,CH,Hhigh,HPl_Rb-Ro,2,7345.698447503316,1538.456345263346,132562.98916022663,8884.154792766662,2.129956429899551,1493.7883963,216.2027869,1709.9911831999998,44.12484774,4.116960628,48.241808368,76.15654433099999,4.559991558,80.716535889,204.90824111,25.40374832,230.31198943,684.9152399,0,684.9152399,2754.1767567869997,11638.33154955366
Mod,H1,Ideal,CH,Hhigh,HPl_Rb-Ro,3,7345.698447503316,2169.6753362148706,144486.78916022668,9515.373783718187,2.4075426367961024,1493.7883963,277.1660528,1770.9544491,44.12484774,5.170983671,49.295831410999995,76.15654433099999,5.845784319,82.00232865,204.90824111,32.56690976,237.47515087,684.9152399,0,684.9152399,2824.642999931,12340.016783649187
Mod,H1,Ideal,CH,Hhigh,HPl_Rb-Ro,4,7345.698447503316,2905.404787230428,160327.08916022663,10251.103234733744,2.4420253954167923,1493.7883963,537.5473211,2031.3357173999998,44.12484774,7.693414729,51.818262469,76.15654433099999,11.3375562,87.49410053099999,204.90824111,63.16161347,268.06985458,684.9152399,0,684.9152399,3123.63317488,13374.736409613744
Mod,H1,Ideal,CH,Hhigh,HPl_Rb-Ro,5,7345.698447503316,3445.49999451619,170343.03916022668,10791.198442019506,2.7023702230029993,1493.7883963,537.5473211,2031.3357173999998,44.12484774,7.693414729,51.818262469,76.15654433099999,11.3375562,87.49410053099999,204.90824111,63.16161347,268.06985458,684.9152399,0,684.9152399,3123.63317488,13914.831616899506
Mod,H1,Ideal,CH,Hhigh,HYD1000-HYD1000,3,NA,NA,85281.0281058802,5880.012366809338,2.1376991152393616,NA,NA,4340.948725,NA,NA,142.9694187,NA,NA,124.5801407,NA,NA,858.0098471,NA,NA,2703.7664399999994,8170.2745715,14050.286938309338
Mod,H1,Ideal,CH,Hhigh,HYD1000-HYD1000,4,NA,NA,88573.72102339857,6051.501138526865,2.110371735123179,NA,NA,4340.948725,NA,NA,142.9694187,NA,NA,124.5801407,NA,NA,858.0098471,NA,NA,2703.7664399999994,8170.2745715,14221.775710026865
Mod,H1,Ideal,CH,Hhigh,HYD1000-HYD1000,5,NA,NA,91964.62468993131,6246.452036432181,2.253602063619548,NA,NA,4340.948725,NA,NA,142.9694187,NA,NA,124.5801407,NA,NA,858.0098471,NA,NA,2703.7664399999994,8170.2745715,14416.726607932182
Mod,H1,Ideal,CH,Hhigh,HYD200-HYD200,3,NA,NA,76705.66437601278,5410.720422967624,1.7957151587495002,NA,NA,3800.131345,NA,NA,132.7495187,NA,NA,120.50282999999999,NA,NA,633.4987348,NA,NA,2769.4356899999993,7456.3181184999985,12867.038541467622
Mod,H1,Ideal,CH,Hhigh,HYD200-HYD200,4,NA,NA,79531.36171512217,5549.927518594939,1.7841742017244828,NA,NA,3800.131345,NA,NA,132.7495187,NA,NA,120.50282999999999,NA,NA,633.4987348,NA,NA,2769.4356899999993,7456.3181184999985,13006.245637094937
Mod,H1,Ideal,CH,Hhigh,HYD200-HYD200,5,NA,NA,82479.48864372246,5708.044155325981,1.8619110523403908,NA,NA,3800.131345,NA,NA,132.7495187,NA,NA,120.50282999999999,NA,NA,633.4987348,NA,NA,2769.4356899999993,7456.3181184999985,13164.36227382598
Mod,H1,Ideal,CH,Hhigh,HYD500-HYD500,3,NA,NA,82690.44780922458,5700.498033550752,1.9959624682122024,NA,NA,4017.357816,NA,NA,135.6698472,NA,NA,124.5801407,NA,NA,719.6007562,NA,NA,2703.7664399999994,7700.975000099999,13401.473033650751
Mod,H1,Ideal,CH,Hhigh,HYD500-HYD500,4,NA,NA,85976.02512416971,5861.161706022907,1.99709742688415,NA,NA,4017.357816,NA,NA,135.6698472,NA,NA,124.5801407,NA,NA,719.6007562,NA,NA,2703.7664399999994,7700.975000099999,13562.136706122907
Mod,H1,Ideal,CH,Hhigh,HYD500-HYD500,5,NA,NA,89362.08543883212,6044.139062310145,2.078335303327806,NA,NA,4017.357816,NA,NA,135.6698472,NA,NA,124.5801407,NA,NA,719.6007562,NA,NA,2703.7664399999994,7700.975000099999,13745.114062410144
Mod,H1,Ideal,CH,Hhigh,R-HP,1,12586.629879134936,282.04680145820726,183348.00070244077,12868.676680593144,4.205299464890868,1309.377903,479.5114065,1788.8893095,59.82430438,19.34982176,79.17412614,7.135255231,13.95159063,21.086845861,70.94429546,74.17019318,145.11448864000002,0,285.3529412,285.3529412,2319.617711341,15188.294391934143
Mod,H1,Ideal,CH,Hhigh,R-HP,2,12586.629879134936,403.90937220439395,185828.91775907986,12990.53925133933,4.202381676027052,1309.377903,479.5114065,1788.8893095,59.82430438,19.34982176,79.17412614,7.135255231,13.95159063,21.086845861,70.94429546,74.17019318,145.11448864000002,0,285.3529412,285.3529412,2319.617711341,15310.15696268033
Mod,H1,Ideal,CH,Hhigh,R-HP,3,12586.629879134936,564.7534295043026,188763.2603107639,13151.38330863924,4.274852945307242,1309.377903,543.696683,1853.0745860000002,59.82430438,24.404181279999996,84.22848566,7.135255231,17.98784422,25.123099451,70.94429546,81.10948345,152.05377891,0,285.3529412,285.3529412,2399.832891221,15551.21619986024
Mod,H1,Ideal,CH,Hhigh,R-HP,4,12586.629879134936,754.8694595112469,192677.5911621787,13341.499338646183,4.293763234415263,1309.377903,715.28243,2024.660333,59.82430438,37.88247335,97.70677773,7.135255231,28.75118714,35.886442371,70.94429546,99.6142575,170.55855296000001,0,285.3529412,285.3529412,2614.165047261,15955.664385907183
Mod,H1,Ideal,CH,Hhigh,R-HP,5,12586.629879134936,888.9741241944542,195154.12992713015,13475.60400332939,4.339214547210315,1309.377903,715.28243,2024.660333,59.82430438,37.88247335,97.70677773,7.135255231,28.75118714,35.886442371,70.94429546,99.6142575,170.55855296000001,0,285.3529412,285.3529412,2614.165047261,16089.76905059039
Mod,H1,Ideal,CH,Hhigh,R-HPo,1,12586.629879134936,295.73400347728034,183603.78678483175,12882.363882612217,4.210692469561406,1309.377903,517.9205701,1827.2984731,59.82430438,22.38243748,82.20674186,7.135255231,16.37334279,23.508598021,70.94429546,78.33376735,149.27806281,0,285.3529412,285.3529412,2367.6448169909995,15250.008699603217
Mod,H1,Ideal,CH,Hhigh,R-HPo,2,12586.629879134936,417.35439119887747,186079.6846111696,13003.984270333814,4.207648226662896,1309.377903,517.9205701,1827.2984731,59.82430438,22.38243748,82.20674186,7.135255231,16.37334279,23.508598021,70.94429546,78.33376735,149.27806281,0,285.3529412,285.3529412,2367.6448169909995,15371.629087324814
Mod,H1,Ideal,CH,Hhigh,R-HPo,3,12586.629879134936,587.2692911080169,189183.39470000233,13173.899170242954,4.283661878820495,1309.377903,595.2489089,1904.6268119,59.82430438,28.4476689,88.27197328,7.135255231,21.2168471,28.352102330999998,70.94429546,86.66091566999998,157.60521113,0,285.3529412,285.3529412,2464.2090398409996,15638.108210083954
Mod,H1,Ideal,CH,Hhigh,R-HPo,4,12586.629879134936,796.1302113773987,193433.32966133818,13382.760090512336,4.292229895919118,1309.377903,800.9478006000002,2110.3257036,59.82430438,44.62161938,104.44592376,7.135255231,34.1328586,41.268113831,70.94429546,108.86664449999999,179.81093996,0,285.3529412,285.3529412,2721.2036223509995,16103.963712863337
Mod,H1,Ideal,CH,Hhigh,R-HPo,5,12586.629879134936,929.2906170233788,195906.78971211187,13515.920496158316,4.348351305524768,1309.377903,800.9478006000002,2110.3257036,59.82430438,44.62161938,104.44592376,7.135255231,34.1328586,41.268113831,70.94429546,108.86664449999999,179.81093996,0,285.3529412,285.3529412,2721.2036223509995,16237.124118509317
Mod,H1,Ideal,CH,Hhigh,R-R,1,12586.629879134936,1017.9099785103258,198940.70032425935,13604.539857645263,4.3232903229061455,1309.377903,190.9509894,1500.3288924,59.82430438,3.783646588,63.607950968,7.135255231,4.027399057,11.162654288,70.94429546,22.43667136,93.38096682,0,0,0,1668.4804644760002,15273.020322121263
Mod,H1,Ideal,CH,Hhigh,R-R,2,12586.629879134936,1497.6272280104167,208947.20032425938,14084.257107145353,4.316393771182007,1309.377903,190.9509894,1500.3288924,59.82430438,3.783646588,63.607950968,7.135255231,4.027399057,11.162654288,70.94429546,22.43667136,93.38096682,0,0,0,1668.4804644760002,15752.737571621354
Mod,H1,Ideal,CH,Hhigh,R-R,3,12586.629879134936,2101.9362859458083,220333.40032425936,14688.566165080745,4.569842047044077,1309.377903,234.8663891,1544.2442921000002,59.82430438,4.540375906,64.364680286,7.135255231,4.953630649,12.088885880000001,70.94429546,27.59671475,98.54101021000001,0,0,0,1719.238868476,16407.805033556746
Mod,H1,Ideal,CH,Hhigh,R-R,4,12586.629879134936,2783.434276846971,235090.10032425934,15370.064155981909,4.638807564285456,1309.377903,407.89785810000006,1717.2757611,59.82430438,6.558320753,66.382625133,7.135255231,8.603084246,15.738339477,70.94429546,47.92784903,118.87214449,0,0,0,1918.2688701999998,17288.33302618191
Mod,H1,Ideal,CH,Hhigh,R-R,5,12586.629879134936,3322.0704794753774,245116.55032425935,15908.700358610315,4.843979978078559,1309.377903,407.89785810000006,1717.2757611,59.82430438,6.558320753,66.382625133,7.135255231,8.603084246,15.738339477,70.94429546,47.92784903,118.87214449,0,0,0,1918.2688701999998,17826.969228810314
Mod,H1,Ideal,CH,Hhigh,R-Ro,1,12586.629879134936,1061.738149900497,199770.20032425935,13648.368029035435,4.328462736699248,1309.377903,216.2027869,1525.5806899,59.82430438,4.116960628,63.941265007999995,7.135255231,4.559991558,11.695246789,70.94429546,25.40374832,96.34804378000001,0,0,0,1697.5652454770002,15345.933274512436
Mod,H1,Ideal,CH,Hhigh,R-Ro,2,12586.629879134936,1538.456345263346,209762.00032425937,14125.086224398283,4.328462736699248,1309.377903,216.2027869,1525.5806899,59.82430438,4.116960628,63.941265007999995,7.135255231,4.559991558,11.695246789,70.94429546,25.40374832,96.34804378000001,0,0,0,1697.5652454770002,15822.651469875284
Mod,H1,Ideal,CH,Hhigh,R-Ro,3,12586.629879134936,2169.6753362148706,221685.80032425935,14756.305215349808,4.6060489435958,1309.377903,277.1660528,1586.5439558,59.82430438,5.170983671,64.99528805099999,7.135255231,5.845784319,12.98103955,70.94429546,32.56690976,103.51120522,0,0,0,1768.031488621,16524.33670397081
Mod,H1,Ideal,CH,Hhigh,R-Ro,4,12586.629879134936,2905.404787230428,237526.10032425934,15492.034666365365,4.64053170221649,1309.377903,537.5473211,1846.9252240999997,59.82430438,7.693414729,67.517719109,7.135255231,11.3375562,18.472811431,70.94429546,63.16161347,134.10590893,0,0,0,2067.02166357,17559.056329935367
Mod,H1,Ideal,CH,Hhigh,R-Ro,5,12586.629879134936,3445.49999451619,247542.05032425935,16032.129873651127,4.900876529802697,1309.377903,537.5473211,1846.9252240999997,59.82430438,7.693414729,67.517719109,7.135255231,11.3375562,18.472811431,70.94429546,63.16161347,134.10590893,0,0,0,2067.02166357,18099.15153722113
Mod,H1,Ideal,CH,Hlow,HP-HP,1,5611.585541343309,372.30840607725435,56841.18423522175,5983.893947420564,1.273239783081405,1836.3662530000001,479.5114065,2315.8776595,43.21056854,19.34982176,62.5603903,136.7325032,13.95159063,150.68409383,366.1839667,74.17019318,440.35415988,1981.974063,285.3529412,2267.3270042,5236.803307710001,11220.697255130564
Mod,H1,Ideal,CH,Hlow,HP-HP,2,5611.585541343309,532.223798557884,59322.10129186085,6143.809339901193,1.2703219942175894,1836.3662530000001,479.5114065,2315.8776595,43.21056854,19.34982176,62.5603903,136.7325032,13.95159063,150.68409383,366.1839667,74.17019318,440.35415988,1981.974063,285.3529412,2267.3270042,5236.803307710001,11380.612647611193
Mod,H1,Ideal,CH,Hlow,HP-HP,3,5611.585541343309,748.8334885818209,62256.44384354489,6360.41902992513,1.3427932634977795,1836.3662530000001,543.696683,2380.0629360000003,43.21056854,24.404181279999996,67.61474981999999,136.7325032,17.98784422,154.72034742,366.1839667,81.10948345,447.29345014999996,1981.974063,285.3529412,2267.3270042,5317.0184875899995,11677.437517515129
Mod,H1,Ideal,CH,Hlow,HP-HP,4,5611.585541343309,980.1839765985918,66170.7746949597,6591.7695179419015,1.3617035526058001,1836.3662530000001,715.28243,2551.6486830000003,43.21056854,37.88247335,81.09304189,136.7325032,28.75118714,165.48369033999998,366.1839667,99.6142575,465.79822420000005,1981.974063,285.3529412,2267.3270042,5531.3506436299995,12123.1201615719
Mod,H1,Ideal,CH,Hlow,HP-HP,5,5611.585541343309,1142.7371888019713,68647.31345991117,6754.322730145281,1.407154865400852,1836.3662530000001,715.28243,2551.6486830000003,43.21056854,37.88247335,81.09304189,136.7325032,28.75118714,165.48369033999998,366.1839667,99.6142575,465.79822420000005,1981.974063,285.3529412,2267.3270042,5531.3506436299995,12285.67337377528
Mod,H1,Ideal,CH,Hlow,HP-HPo,1,5611.585541343309,389.14955936195724,57096.97031761277,6000.735100705267,1.2786327877519421,1836.3662530000001,517.9205701,2354.2868230999998,43.21056854,22.38243748,65.59300601999999,136.7325032,16.37334279,153.10584598999998,366.1839667,78.33376735,444.51773405,1981.974063,285.3529412,2267.3270042,5284.8304133599995,11285.565514065267
Mod,H1,Ideal,CH,Hlow,HP-HPo,2,5611.585541343309,549.0544418571677,59572.8681439506,6160.639983200477,1.275588544853433,1836.3662530000001,517.9205701,2354.2868230999998,43.21056854,22.38243748,65.59300601999999,136.7325032,16.37334279,153.10584598999998,366.1839667,78.33376735,444.51773405,1981.974063,285.3529412,2267.3270042,5284.8304133599995,11445.470396560477
Mod,H1,Ideal,CH,Hlow,HP-HPo,3,5611.585541343309,778.0206423000375,62676.57823278331,6389.606183643347,1.3516021970110315,1836.3662530000001,595.2489089,2431.6151618999997,43.21056854,28.4476689,71.65823744,136.7325032,21.2168471,157.9493503,366.1839667,86.66091566999998,452.84488237,1981.974063,285.3529412,2267.3270042,5381.39463621,11771.000819853347
Mod,H1,Ideal,CH,Hlow,HP-HPo,4,5611.585541343309,1031.9915143232504,66926.5131941192,6643.577055666559,1.3601702141096552,1836.3662530000001,800.9478006000002,2637.3140536,43.21056854,44.62161938,87.83218792,136.7325032,34.1328586,170.86536180000002,366.1839667,108.86664449999999,475.05061120000005,1981.974063,285.3529412,2267.3270042,5638.38921872,12281.96627438656
Mod,H1,Ideal,CH,Hlow,HP-HPo,5,5611.585541343309,1193.5070035008418,69399.97324489287,6805.092544844151,1.4162916237153051,1836.3662530000001,800.9478006000002,2637.3140536,43.21056854,44.62161938,87.83218792,136.7325032,34.1328586,170.86536180000002,366.1839667,108.86664449999999,475.05061120000005,1981.974063,285.3529412,2267.3270042,5638.38921872,12443.481763564152
Mod,H1,Ideal,CH,Hlow,HP-R,1,5611.585541343309,1326.4772221627102,72433.88385704036,6938.062763506019,1.3912306410966822,1836.3662530000001,190.9509894,2027.3172424000002,43.21056854,3.783646588,46.99421512799999,136.7325032,4.027399057,140.759902257,366.1839667,22.43667136,388.62063806000003,1981.974063,0,1981.974063,4585.666060845,11523.72882435102
Mod,H1,Ideal,CH,Hlow,HP-R,2,5611.585541343309,1953.0899037321874,82440.38385704036,7564.675445075497,1.3843340893725442,1836.3662530000001,190.9509894,2027.3172424000002,43.21056854,3.783646588,46.99421512799999,136.7325032,4.027399057,140.759902257,366.1839667,22.43667136,388.62063806000003,1981.974063,0,1981.974063,4585.666060845,12150.341505920496
Mod,H1,Ideal,CH,Hlow,HP-R,3,5611.585541343309,2755.547060955901,93826.58385704036,8367.13260229921,1.637782365234613,1836.3662530000001,234.8663891,2071.2326421000002,43.21056854,4.540375906,47.750944446,136.7325032,4.953630649,141.686133849,366.1839667,27.59671475,393.78068145000003,1981.974063,0,1981.974063,4636.424464845,13003.557067144211
Mod,H1,Ideal,CH,Hlow,HP-R,4,5611.585541343309,3559.8614306749255,108583.28385704034,9171.446972018235,1.7067478824759923,1836.3662530000001,407.89785810000006,2244.2641111,43.21056854,6.558320753,49.768889292999994,136.7325032,8.603084246,145.335587446,366.1839667,47.92784903,414.11181573,1981.974063,0,1981.974063,4835.454466568999,14006.901438587234
Mod,H1,Ideal,CH,Hlow,HP-R,5,5611.585541343309,4209.577289410385,118609.73385704034,9821.162830753694,1.9119202962690958,1836.3662530000001,407.89785810000006,2244.2641111,43.21056854,6.558320753,49.768889292999994,136.7325032,8.603084246,145.335587446,366.1839667,47.92784903,414.11181573,1981.974063,0,1981.974063,4835.454466568999,14656.617297322693
Mod,H1,Ideal,CH,Hlow,HP-Ro,1,5611.585541343309,1378.3703594628885,73263.38385704036,6989.955900806198,1.3964030548897854,1836.3662530000001,216.2027869,2052.5690399,43.21056854,4.116960628,47.32752916799999,136.7325032,4.559991558,141.292494758,366.1839667,25.40374832,391.58771501999996,1981.974063,0,1981.974063,4614.750841846,11604.706742652197
Mod,H1,Ideal,CH,Hlow,HP-Ro,2,5611.585541343309,2003.5109954738573,83255.18385704035,7615.096536817166,1.3964030548897854,1836.3662530000001,216.2027869,2052.5690399,43.21056854,4.116960628,47.32752916799999,136.7325032,4.559991558,141.292494758,366.1839667,25.40374832,391.58771501999996,1981.974063,0,1981.974063,4614.750841846,12229.847378663166
Mod,H1,Ideal,CH,Hlow,HP-Ro,3,5611.585541343309,2837.534301570244,95178.98385704034,8449.119842913555,1.6739892617863372,1836.3662530000001,277.1660528,2113.5323058,43.21056854,5.170983671,48.38155221099999,136.7325032,5.845784319,142.57828751899999,366.1839667,32.56690976,398.75087646000003,1981.974063,0,1981.974063,4685.217084989999,13134.336927903554
Mod,H1,Ideal,CH,Hlow,HP-Ro,4,5611.585541343309,3712.6020944108504,111019.28385704034,9324.18763575416,1.708472020407027,1836.3662530000001,537.5473211,2373.9135741,43.21056854,7.693414729,50.903983268999994,136.7325032,11.3375562,148.0700594,366.1839667,63.16161347,429.34558017,1981.974063,0,1981.974063,4984.207259939,14308.39489569316
Mod,H1,Ideal,CH,Hlow,HP-Ro,5,5611.585541343309,4362.2475957763645,121035.23385704034,9973.833137119675,1.9688168479932338,1836.3662530000001,537.5473211,2373.9135741,43.21056854,7.693414729,50.903983268999994,136.7325032,11.3375562,148.0700594,366.1839667,63.16161347,429.34558017,1981.974063,0,1981.974063,4984.207259939,14958.040397058674
Mod,H1,Ideal,CH,Hlow,HPl_Rb-HP,1,11233.212290160212,372.30840607725435,106148.98953840804,11605.520696237467,2.0067931580911704,1493.7883963,479.5114065,1973.2998028,44.12484774,19.34982176,63.4746695,76.15654433099999,13.95159063,90.10813496099999,204.90824111,74.17019318,279.07843429,684.9152399,285.3529412,970.2681810999999,3376.229222651,14981.749918888467
Mod,H1,Ideal,CH,Hlow,HPl_Rb-HP,2,11233.212290160212,532.223798557884,108629.90659504714,11765.436088718096,2.0038753692273548,1493.7883963,479.5114065,1973.2998028,44.12484774,19.34982176,63.4746695,76.15654433099999,13.95159063,90.10813496099999,204.90824111,74.17019318,279.07843429,684.9152399,285.3529412,970.2681810999999,3376.229222651,15141.665311369095
Mod,H1,Ideal,CH,Hlow,HPl_Rb-HP,3,11233.212290160212,748.8334885818209,111564.24914673119,11982.045778742033,2.0763466385075446,1493.7883963,543.696683,2037.4850793,44.12484774,24.404181279999996,68.52902902,76.15654433099999,17.98784422,94.14438855099999,204.90824111,81.10948345,286.01772456000003,684.9152399,285.3529412,970.2681810999999,3456.444402531,15438.490181273033
Mod,H1,Ideal,CH,Hlow,HPl_Rb-HP,4,11233.212290160212,980.1839765985918,115478.57999814601,12213.396266758804,2.0952569276155657,1493.7883963,715.28243,2209.0708263,44.12484774,37.88247335,82.00732109,76.15654433099999,28.75118714,104.90773147099999,204.90824111,99.6142575,304.52249860999996,684.9152399,285.3529412,970.2681810999999,3670.776558571,15884.172825329804
Mod,H1,Ideal,CH,Hlow,HPl_Rb-HP,5,11233.212290160212,1142.7371888019713,117955.11876309746,12375.949478962184,2.1407082404106177,1493.7883963,715.28243,2209.0708263,44.12484774,37.88247335,82.00732109,76.15654433099999,28.75118714,104.90773147099999,204.90824111,99.6142575,304.52249860999996,684.9152399,285.3529412,970.2681810999999,3670.776558571,16046.726037533184
Mod,H1,Ideal,CH,Hlow,HPl_Rb-HPo,1,11233.212290160212,389.14955936195724,106404.77562079908,11622.361849522169,2.0121861627617075,1493.7883963,517.9205701,2011.7089663999998,44.12484774,22.38243748,66.50728522,76.15654433099999,16.37334279,92.529887121,204.90824111,78.33376735,283.24200846,684.9152399,285.3529412,970.2681810999999,3424.256328300999,15046.618177823168
Mod,H1,Ideal,CH,Hlow,HPl_Rb-HPo,2,11233.212290160212,549.0544418571677,108880.67344713691,11782.26673201738,2.009141919863198,1493.7883963,517.9205701,2011.7089663999998,44.12484774,22.38243748,66.50728522,76.15654433099999,16.37334279,92.529887121,204.90824111,78.33376735,283.24200846,684.9152399,285.3529412,970.2681810999999,3424.256328300999,15206.523060318379
Mod,H1,Ideal,CH,Hlow,HPl_Rb-HPo,3,11233.212290160212,778.0206423000375,111984.38353596961,12011.23293246025,2.085155572020797,1493.7883963,595.2489089,2089.0373051999995,44.12484774,28.4476689,72.57251663999999,76.15654433099999,21.2168471,97.37339143099999,204.90824111,86.66091566999998,291.56915677999996,684.9152399,285.3529412,970.2681810999999,3520.820551150999,15532.05348361125
Mod,H1,Ideal,CH,Hlow,HPl_Rb-HPo,4,11233.212290160212,1031.9915143232504,116234.3184973055,12265.203804483463,2.0937235891194206,1493.7883963,800.9478006000002,2294.7361969,44.12484774,44.62161938,88.74646712,76.15654433099999,34.1328586,110.289402931,204.90824111,108.86664449999999,313.77488560999996,684.9152399,285.3529412,970.2681810999999,3777.8151336609994,16043.018938144462
Mod,H1,Ideal,CH,Hlow,HPl_Rb-HPo,5,11233.212290160212,1193.5070035008418,118707.77854807918,12426.719293661055,2.1498449987250705,1493.7883963,800.9478006000002,2294.7361969,44.12484774,44.62161938,88.74646712,76.15654433099999,34.1328586,110.289402931,204.90824111,108.86664449999999,313.77488560999996,684.9152399,285.3529412,970.2681810999999,3777.8151336609994,16204.534427322054
Mod,H1,Ideal,CH,Hlow,HPl_Rb-R,1,11233.212290160212,1326.4772221627102,121741.68916022666,12559.689512322922,2.1247840161064473,1493.7883963,190.9509894,1684.7393857,44.12484774,3.783646588,47.908494327999996,76.15654433099999,4.027399057,80.183943388,204.90824111,22.43667136,227.34491247,684.9152399,0,684.9152399,2725.091975786,15284.781488108922
Mod,H1,Ideal,CH,Hlow,HPl_Rb-R,2,11233.212290160212,1953.0899037321874,131748.18916022667,13186.3021938924,2.1178874643823096,1493.7883963,190.9509894,1684.7393857,44.12484774,3.783646588,47.908494327999996,76.15654433099999,4.027399057,80.183943388,204.90824111,22.43667136,227.34491247,684.9152399,0,684.9152399,2725.091975786,15911.394169678399
Mod,H1,Ideal,CH,Hlow,HPl_Rb-R,3,11233.212290160212,2755.547060955901,143134.38916022665,13988.759351116114,2.3713357402443784,1493.7883963,234.8663891,1728.6547854,44.12484774,4.540375906,48.665223646,76.15654433099999,4.953630649,81.11017498,204.90824111,27.59671475,232.50495586,684.9152399,0,684.9152399,2775.850379786,16764.609730902113
Mod,H1,Ideal,CH,Hlow,HPl_Rb-R,4,11233.212290160212,3559.8614306749255,157891.08916022663,14793.073720835138,2.440301257485758,1493.7883963,407.89785810000006,1901.6862543999998,44.12484774,6.558320753,50.683168493000004,76.15654433099999,8.603084246,84.759628577,204.90824111,47.92784903,252.83609013999998,684.9152399,0,684.9152399,2974.88038151,17767.95410234514
Mod,H1,Ideal,CH,Hlow,HPl_Rb-R,5,11233.212290160212,4209.577289410385,167917.53916022668,15442.789579570597,2.6454736712788613,1493.7883963,407.89785810000006,1901.6862543999998,44.12484774,6.558320753,50.683168493000004,76.15654433099999,8.603084246,84.759628577,204.90824111,47.92784903,252.83609013999998,684.9152399,0,684.9152399,2974.88038151,18417.669961080595
Mod,H1,Ideal,CH,Hlow,HPl_Rb-Ro,1,11233.212290160212,1378.3703594628885,122571.18916022666,12611.582649623102,2.129956429899551,1493.7883963,216.2027869,1709.9911831999998,44.12484774,4.116960628,48.241808368,76.15654433099999,4.559991558,80.716535889,204.90824111,25.40374832,230.31198943,684.9152399,0,684.9152399,2754.1767567869997,15365.759406410101
Mod,H1,Ideal,CH,Hlow,HPl_Rb-Ro,2,11233.212290160212,2003.5109954738573,132562.98916022663,13236.723285634069,2.129956429899551,1493.7883963,216.2027869,1709.9911831999998,44.12484774,4.116960628,48.241808368,76.15654433099999,4.559991558,80.716535889,204.90824111,25.40374832,230.31198943,684.9152399,0,684.9152399,2754.1767567869997,15990.900042421068
Mod,H1,Ideal,CH,Hlow,HPl_Rb-Ro,3,11233.212290160212,2837.534301570244,144486.78916022668,14070.746591730458,2.4075426367961024,1493.7883963,277.1660528,1770.9544491,44.12484774,5.170983671,49.295831410999995,76.15654433099999,5.845784319,82.00232865,204.90824111,32.56690976,237.47515087,684.9152399,0,684.9152399,2824.642999931,16895.389591661457
Mod,H1,Ideal,CH,Hlow,HPl_Rb-Ro,4,11233.212290160212,3712.6020944108504,160327.08916022663,14945.814384571064,2.4420253954167923,1493.7883963,537.5473211,2031.3357173999998,44.12484774,7.693414729,51.818262469,76.15654433099999,11.3375562,87.49410053099999,204.90824111,63.16161347,268.06985458,684.9152399,0,684.9152399,3123.63317488,18069.447559451062
Mod,H1,Ideal,CH,Hlow,HPl_Rb-Ro,5,11233.212290160212,4362.2475957763645,170343.03916022668,15595.459885936578,2.7023702230029993,1493.7883963,537.5473211,2031.3357173999998,44.12484774,7.693414729,51.818262469,76.15654433099999,11.3375562,87.49410053099999,204.90824111,63.16161347,268.06985458,684.9152399,0,684.9152399,3123.63317488,18719.093060816576
Mod,H1,Ideal,CH,Hlow,HYD1000-HYD1000,3,NA,NA,85281.0281058802,8636.375247281389,2.1376991152393616,NA,NA,4340.948725,NA,NA,142.9694187,NA,NA,124.5801407,NA,NA,858.0098471,NA,NA,2703.7664399999994,8170.2745715,16806.64981878139
Mod,H1,Ideal,CH,Hlow,HYD1000-HYD1000,4,NA,NA,88573.72102339857,8836.537142134031,2.110371735123179,NA,NA,4340.948725,NA,NA,142.9694187,NA,NA,124.5801407,NA,NA,858.0098471,NA,NA,2703.7664399999994,8170.2745715,17006.81171363403
Mod,H1,Ideal,CH,Hlow,HYD1000-HYD1000,5,NA,NA,91964.62468993131,9074.31768655138,2.253602063619548,NA,NA,4340.948725,NA,NA,142.9694187,NA,NA,124.5801407,NA,NA,858.0098471,NA,NA,2703.7664399999994,8170.2745715,17244.59225805138
Mod,H1,Ideal,CH,Hlow,HYD200-HYD200,3,NA,NA,76705.66437601278,8039.304774542413,1.7957151587495002,NA,NA,3800.131345,NA,NA,132.7495187,NA,NA,120.50282999999999,NA,NA,633.4987348,NA,NA,2769.4356899999993,7456.3181184999985,15495.622893042411
Mod,H1,Ideal,CH,Hlow,HYD200-HYD200,4,NA,NA,79531.36171512217,8207.442646774225,1.7841742017244828,NA,NA,3800.131345,NA,NA,132.7495187,NA,NA,120.50282999999999,NA,NA,633.4987348,NA,NA,2769.4356899999993,7456.3181184999985,15663.760765274223
Mod,H1,Ideal,CH,Hlow,HYD200-HYD200,5,NA,NA,82479.48864372246,8405.844108770842,1.8619110523403908,NA,NA,3800.131345,NA,NA,132.7495187,NA,NA,120.50282999999999,NA,NA,633.4987348,NA,NA,2769.4356899999993,7456.3181184999985,15862.162227270841
Mod,H1,Ideal,CH,Hlow,HYD500-HYD500,3,NA,NA,82690.44780922458,8408.484621064736,1.9959624682122024,NA,NA,4017.357816,NA,NA,135.6698472,NA,NA,124.5801407,NA,NA,719.6007562,NA,NA,2703.7664399999994,7700.975000099999,16109.459621164735
Mod,H1,Ideal,CH,Hlow,HYD500-HYD500,4,NA,NA,85976.02512416971,8597.644082689925,1.99709742688415,NA,NA,4017.357816,NA,NA,135.6698472,NA,NA,124.5801407,NA,NA,719.6007562,NA,NA,2703.7664399999994,7700.975000099999,16298.619082789925
Mod,H1,Ideal,CH,Hlow,HYD500-HYD500,5,NA,NA,89362.08543883212,8821.964164942601,2.078335303327806,NA,NA,4017.357816,NA,NA,135.6698472,NA,NA,124.5801407,NA,NA,719.6007562,NA,NA,2703.7664399999994,7700.975000099999,16522.9391650426
Mod,H1,Ideal,CH,Hlow,R-HP,1,18999.570295109952,372.30840607725435,183348.00070244077,19371.878701187205,4.205299464890868,1309.377903,479.5114065,1788.8893095,59.82430438,19.34982176,79.17412614,7.135255231,13.95159063,21.086845861,70.94429546,74.17019318,145.11448864000002,0,285.3529412,285.3529412,2319.617711341,21691.496412528206
Mod,H1,Ideal,CH,Hlow,R-HP,2,18999.570295109952,532.223798557884,185828.91775907986,19531.794093667835,4.202381676027052,1309.377903,479.5114065,1788.8893095,59.82430438,19.34982176,79.17412614,7.135255231,13.95159063,21.086845861,70.94429546,74.17019318,145.11448864000002,0,285.3529412,285.3529412,2319.617711341,21851.411805008836
Mod,H1,Ideal,CH,Hlow,R-HP,3,18999.570295109952,748.8334885818209,188763.2603107639,19748.403783691774,4.274852945307242,1309.377903,543.696683,1853.0745860000002,59.82430438,24.404181279999996,84.22848566,7.135255231,17.98784422,25.123099451,70.94429546,81.10948345,152.05377891,0,285.3529412,285.3529412,2399.832891221,22148.236674912776
Mod,H1,Ideal,CH,Hlow,R-HP,4,18999.570295109952,980.1839765985918,192677.5911621787,19979.754271708545,4.293763234415263,1309.377903,715.28243,2024.660333,59.82430438,37.88247335,97.70677773,7.135255231,28.75118714,35.886442371,70.94429546,99.6142575,170.55855296000001,0,285.3529412,285.3529412,2614.165047261,22593.919318969543
Mod,H1,Ideal,CH,Hlow,R-HP,5,18999.570295109952,1142.7371888019713,195154.12992713015,20142.30748391192,4.339214547210315,1309.377903,715.28243,2024.660333,59.82430438,37.88247335,97.70677773,7.135255231,28.75118714,35.886442371,70.94429546,99.6142575,170.55855296000001,0,285.3529412,285.3529412,2614.165047261,22756.47253117292
Mod,H1,Ideal,CH,Hlow,R-HPo,1,18999.570295109952,389.14955936195724,183603.78678483175,19388.719854471907,4.210692469561406,1309.377903,517.9205701,1827.2984731,59.82430438,22.38243748,82.20674186,7.135255231,16.37334279,23.508598021,70.94429546,78.33376735,149.27806281,0,285.3529412,285.3529412,2367.6448169909995,21756.364671462907
Mod,H1,Ideal,CH,Hlow,R-HPo,2,18999.570295109952,549.0544418571677,186079.6846111696,19548.62473696712,4.207648226662896,1309.377903,517.9205701,1827.2984731,59.82430438,22.38243748,82.20674186,7.135255231,16.37334279,23.508598021,70.94429546,78.33376735,149.27806281,0,285.3529412,285.3529412,2367.6448169909995,21916.26955395812
Mod,H1,Ideal,CH,Hlow,R-HPo,3,18999.570295109952,778.0206423000375,189183.39470000233,19777.59093740999,4.283661878820495,1309.377903,595.2489089,1904.6268119,59.82430438,28.4476689,88.27197328,7.135255231,21.2168471,28.352102330999998,70.94429546,86.66091566999998,157.60521113,0,285.3529412,285.3529412,2464.2090398409996,22241.79997725099
Mod,H1,Ideal,CH,Hlow,R-HPo,4,18999.570295109952,1031.9915143232504,193433.32966133818,20031.561809433202,4.292229895919118,1309.377903,800.9478006000002,2110.3257036,59.82430438,44.62161938,104.44592376,7.135255231,34.1328586,41.268113831,70.94429546,108.86664449999999,179.81093996,0,285.3529412,285.3529412,2721.2036223509995,22752.765431784203
Mod,H1,Ideal,CH,Hlow,R-HPo,5,18999.570295109952,1193.5070035008418,195906.78971211187,20193.077298610795,4.348351305524768,1309.377903,800.9478006000002,2110.3257036,59.82430438,44.62161938,104.44592376,7.135255231,34.1328586,41.268113831,70.94429546,108.86664449999999,179.81093996,0,285.3529412,285.3529412,2721.2036223509995,22914.280920961795
Mod,H1,Ideal,CH,Hlow,R-R,1,18999.570295109952,1326.4772221627102,198940.70032425935,20326.047517272662,4.3232903229061455,1309.377903,190.9509894,1500.3288924,59.82430438,3.783646588,63.607950968,7.135255231,4.027399057,11.162654288,70.94429546,22.43667136,93.38096682,0,0,0,1668.4804644760002,21994.527981748663
Mod,H1,Ideal,CH,Hlow,R-R,2,18999.570295109952,1953.0899037321874,208947.20032425938,20952.66019884214,4.316393771182007,1309.377903,190.9509894,1500.3288924,59.82430438,3.783646588,63.607950968,7.135255231,4.027399057,11.162654288,70.94429546,22.43667136,93.38096682,0,0,0,1668.4804644760002,22621.14066331814
Mod,H1,Ideal,CH,Hlow,R-R,3,18999.570295109952,2755.547060955901,220333.40032425936,21755.117356065854,4.569842047044077,1309.377903,234.8663891,1544.2442921000002,59.82430438,4.540375906,64.364680286,7.135255231,4.953630649,12.088885880000001,70.94429546,27.59671475,98.54101021000001,0,0,0,1719.238868476,23474.356224541854
Mod,H1,Ideal,CH,Hlow,R-R,4,18999.570295109952,3559.8614306749255,235090.10032425934,22559.431725784878,4.638807564285456,1309.377903,407.89785810000006,1717.2757611,59.82430438,6.558320753,66.382625133,7.135255231,8.603084246,15.738339477,70.94429546,47.92784903,118.87214449,0,0,0,1918.2688701999998,24477.70059598488
Mod,H1,Ideal,CH,Hlow,R-R,5,18999.570295109952,4209.577289410385,245116.55032425935,23209.147584520335,4.843979978078559,1309.377903,407.89785810000006,1717.2757611,59.82430438,6.558320753,66.382625133,7.135255231,8.603084246,15.738339477,70.94429546,47.92784903,118.87214449,0,0,0,1918.2688701999998,25127.416454720336
Mod,H1,Ideal,CH,Hlow,R-Ro,1,18999.570295109952,1378.3703594628885,199770.20032425935,20377.94065457284,4.328462736699248,1309.377903,216.2027869,1525.5806899,59.82430438,4.116960628,63.941265007999995,7.135255231,4.559991558,11.695246789,70.94429546,25.40374832,96.34804378000001,0,0,0,1697.5652454770002,22075.50590004984
Mod,H1,Ideal,CH,Hlow,R-Ro,2,18999.570295109952,2003.5109954738573,209762.00032425937,21003.08129058381,4.328462736699248,1309.377903,216.2027869,1525.5806899,59.82430438,4.116960628,63.941265007999995,7.135255231,4.559991558,11.695246789,70.94429546,25.40374832,96.34804378000001,0,0,0,1697.5652454770002,22700.64653606081
Mod,H1,Ideal,CH,Hlow,R-Ro,3,18999.570295109952,2837.534301570244,221685.80032425935,21837.104596680198,4.6060489435958,1309.377903,277.1660528,1586.5439558,59.82430438,5.170983671,64.99528805099999,7.135255231,5.845784319,12.98103955,70.94429546,32.56690976,103.51120522,0,0,0,1768.031488621,23605.136085301197
Mod,H1,Ideal,CH,Hlow,R-Ro,4,18999.570295109952,3712.6020944108504,237526.10032425934,22712.1723895208,4.64053170221649,1309.377903,537.5473211,1846.9252240999997,59.82430438,7.693414729,67.517719109,7.135255231,11.3375562,18.472811431,70.94429546,63.16161347,134.10590893,0,0,0,2067.02166357,24779.194053090803
Mod,H1,Ideal,CH,Hlow,R-Ro,5,18999.570295109952,4362.2475957763645,247542.05032425935,23361.817890886316,4.900876529802697,1309.377903,537.5473211,1846.9252240999997,59.82430438,7.693414729,67.517719109,7.135255231,11.3375562,18.472811431,70.94429546,63.16161347,134.10590893,0,0,0,2067.02166357,25428.839554456317
Mod,H1,Real,AK,Hhigh,HP-HP,1,815.6599157113423,253.60213377482708,16292.240848359632,1069.2620494861692,0.48672864747629757,1637.27703,479.5114065,2116.7884365,38.20523859,19.34982176,57.55506035,107.93553839999998,13.95159063,121.88712902999998,335.2103463,74.17019318,409.38053948000004,1912.703497,285.3529412,2198.0564382000002,4903.66760356,5972.92965304617
Mod,H1,Real,AK,Hhigh,HP-HP,2,815.6599157113423,367.86899239150006,18640.296822507265,1183.5289081028423,0.4857434260816473,1637.27703,479.5114065,2116.7884365,38.20523859,19.34982176,57.55506035,107.93553839999998,13.95159063,121.88712902999998,335.2103463,74.17019318,409.38053948000004,1912.703497,285.3529412,2198.0564382000002,4903.66760356,6087.196511662843
Mod,H1,Real,AK,Hhigh,HP-HP,3,815.6599157113423,514.3746227915257,21369.19558795183,1330.034538502868,0.5483626143686735,1637.27703,543.696683,2180.973713,38.20523859,24.404181279999996,62.609419869999996,107.93553839999998,17.98784422,125.92338261999998,335.2103463,81.10948345,416.31982975000005,1912.703497,285.3529412,2198.0564382000002,4983.88278344,6313.917321942868
Mod,H1,Real,AK,Hhigh,HP-HP,4,815.6599157113423,683.8242802357358,24946.063900674595,1499.484195947078,0.5645091728072893,1637.27703,715.28243,2352.55946,38.20523859,37.88247335,76.08771194,107.93553839999998,28.75118714,136.68672554,335.2103463,99.6142575,434.8246038,1912.703497,285.3529412,2198.0564382000002,5198.21493948,6697.699135427078
Mod,H1,Real,AK,Hhigh,HP-HP,5,815.6599157113423,811.0471489691697,27309.302269575754,1626.707064680512,0.6133018783747651,1637.27703,715.28243,2352.55946,38.20523859,37.88247335,76.08771194,107.93553839999998,28.75118714,136.68672554,335.2103463,99.6142575,434.8246038,1912.703497,285.3529412,2198.0564382000002,5198.21493948,6824.922004160512
Mod,H1,Real,AK,Hhigh,HP-HPo,1,815.6599157113423,265.3347192220931,16511.63153189649,1080.9946349334355,0.4867561593544814,1637.27703,517.9205701,2155.1976001,38.20523859,22.38243748,60.58767607,107.93553839999998,16.37334279,124.30888118999998,335.2103463,78.33376735,413.54411365000004,1912.703497,285.3529412,2198.0564382000002,4951.69470921,6032.689344143435
Mod,H1,Real,AK,Hhigh,HP-HPo,2,815.6599157113423,378.6058320634824,18855.58137481315,1194.2657477748246,0.4877587353591677,1637.27703,517.9205701,2155.1976001,38.20523859,22.38243748,60.58767607,107.93553839999998,16.37334279,124.30888118999998,335.2103463,78.33376735,413.54411365000004,1912.703497,285.3529412,2198.0564382000002,4951.69470921,6145.960456984824
Mod,H1,Real,AK,Hhigh,HP-HPo,3,815.6599157113423,533.3331801228186,21728.521069062983,1348.9930958341608,0.560470238842127,1637.27703,595.2489089,2232.5259389000003,38.20523859,28.4476689,66.65290748999999,107.93553839999998,21.2168471,129.15238549999998,335.2103463,86.66091566999998,421.87126197,1912.703497,285.3529412,2198.0564382000002,5048.25893206,6397.252027894161
Mod,H1,Real,AK,Hhigh,HP-HPo,4,815.6599157113423,718.1717882443478,25594.928350904083,1533.83170395569,0.5710624170931747,1637.27703,800.9478006000002,2438.2248306,38.20523859,44.62161938,82.82685796999999,107.93553839999998,34.1328586,142.068397,335.2103463,108.86664449999999,444.0769908,1912.703497,285.3529412,2198.0564382000002,5305.25351457,6839.08521852569
Mod,H1,Real,AK,Hhigh,HP-HPo,5,815.6599157113423,844.8073449193391,27955.051892871354,1660.4672606306813,0.6178605329601716,1637.27703,800.9478006000002,2438.2248306,38.20523859,44.62161938,82.82685796999999,107.93553839999998,34.1328586,142.068397,335.2103463,108.86664449999999,444.0769908,1912.703497,285.3529412,2198.0564382000002,5305.25351457,6965.720775200682
Mod,H1,Real,AK,Hhigh,HP-R,1,815.6599157113423,1017.9099785103258,32331.571857967236,1833.5698942216682,0.6103306092453468,1637.27703,190.9509894,1828.2280194000002,38.20523859,3.783646588,41.988885178,107.93553839999998,4.027399057,111.962937457,335.2103463,22.43667136,357.64701766,1912.703497,0,1912.703497,4252.530356695001,6086.100250916668
Mod,H1,Real,AK,Hhigh,HP-R,2,815.6599157113423,1497.6272280104167,42338.07185796725,2313.287143721759,0.6034340575212089,1637.27703,190.9509894,1828.2280194000002,38.20523859,3.783646588,41.988885178,107.93553839999998,4.027399057,111.962937457,335.2103463,22.43667136,357.64701766,1912.703497,0,1912.703497,4252.530356695001,6565.81750041676
Mod,H1,Real,AK,Hhigh,HP-R,3,815.6599157113423,2101.9362859458083,53724.271857967244,2917.5962016571502,0.8568823333832778,1637.27703,234.8663891,1872.1434191,38.20523859,4.540375906,42.745614496,107.93553839999998,4.953630649,112.88916904899999,335.2103463,27.59671475,362.80706105,1912.703497,0,1912.703497,4303.288760695,7220.88496235215
Mod,H1,Real,AK,Hhigh,HP-R,4,815.6599157113423,2783.434276846971,68480.97185796723,3599.0941925583134,0.9258478506246571,1637.27703,407.89785810000006,2045.1748881,38.20523859,6.558320753,44.763559343000004,107.93553839999998,8.603084246,116.538622646,335.2103463,47.92784903,383.13819533000003,1912.703497,0,1912.703497,4502.318762419,8101.412954977313
Mod,H1,Real,AK,Hhigh,HP-R,5,815.6599157113423,3322.0704794753774,78507.42185796725,4137.73039518672,1.1310202644177605,1637.27703,407.89785810000006,2045.1748881,38.20523859,6.558320753,44.763559343000004,107.93553839999998,8.603084246,116.538622646,335.2103463,47.92784903,383.13819533000003,1912.703497,0,1912.703497,4502.318762419,8640.049157605721
Mod,H1,Real,AK,Hhigh,HP-Ro,1,815.6599157113423,1061.738149900497,33161.07185796723,1877.3980656118395,0.6155030230384502,1637.27703,216.2027869,1853.4798169,38.20523859,4.116960628,42.322199218,107.93553839999998,4.559991558,112.495529958,335.2103463,25.40374832,360.61409462000006,1912.703497,0,1912.703497,4281.615137696001,6159.01320330784
Mod,H1,Real,AK,Hhigh,HP-Ro,2,815.6599157113423,1538.456345263346,43152.87185796724,2354.1162609746884,0.6155030230384502,1637.27703,216.2027869,1853.4798169,38.20523859,4.116960628,42.322199218,107.93553839999998,4.559991558,112.495529958,335.2103463,25.40374832,360.61409462000006,1912.703497,0,1912.703497,4281.615137696001,6635.731398670689
Mod,H1,Real,AK,Hhigh,HP-Ro,3,815.6599157113423,2169.6753362148706,55076.671857967245,2985.335251926213,0.893089229935002,1637.27703,277.1660528,1914.4430828000002,38.20523859,5.170983671,43.376222260999995,107.93553839999998,5.845784319,113.78132271899999,335.2103463,32.56690976,367.77725606,1912.703497,0,1912.703497,4352.08138084,7337.416632766213
Mod,H1,Real,AK,Hhigh,HP-Ro,4,815.6599157113423,2905.404787230428,70916.97185796723,3721.0647029417705,0.9275719885556917,1637.27703,537.5473211,2174.8243511,38.20523859,7.693414729,45.898653319,107.93553839999998,11.3375562,119.2730946,335.2103463,63.16161347,398.37195977000005,1912.703497,0,1912.703497,4651.071555789,8372.13625873077
Mod,H1,Real,AK,Hhigh,HP-Ro,5,815.6599157113423,3445.49999451619,80932.92185796725,4261.159910227532,1.1879168161418985,1637.27703,537.5473211,2174.8243511,38.20523859,7.693414729,45.898653319,107.93553839999998,11.3375562,119.2730946,335.2103463,63.16161347,398.37195977000005,1912.703497,0,1912.703497,4651.071555789,8912.231466016532
Mod,H1,Real,AK,Hhigh,HPl_Rb-HP,1,1480.6318278473852,253.60213377482708,24816.02804152632,1734.2339616222123,0.865383532894778,1271.8289797,479.5114065,1751.3403862,37.61761171,19.34982176,56.967433469999996,47.30010690899999,13.95159063,61.25169753899999,172.16941223,74.17019318,246.33960541,615.6446734,285.3529412,900.9976146,3016.896737219,4751.1306988412125
Mod,H1,Real,AK,Hhigh,HPl_Rb-HP,2,1480.6318278473852,367.86899239150006,27164.08401567395,1848.5008202388854,0.8643983115001278,1271.8289797,479.5114065,1751.3403862,37.61761171,19.34982176,56.967433469999996,47.30010690899999,13.95159063,61.25169753899999,172.16941223,74.17019318,246.33960541,615.6446734,285.3529412,900.9976146,3016.896737219,4865.397557457885
Mod,H1,Real,AK,Hhigh,HPl_Rb-HP,3,1480.6318278473852,514.3746227915257,29892.982781118517,1995.006450638911,0.927017499787154,1271.8289797,543.696683,1815.5256627000003,37.61761171,24.404181279999996,62.021792989999994,47.30010690899999,17.98784422,65.28795112899999,172.16941223,81.10948345,253.27889568000003,615.6446734,285.3529412,900.9976146,3097.1119170990005,5092.118367737911
Mod,H1,Real,AK,Hhigh,HPl_Rb-HP,4,1480.6318278473852,683.8242802357358,33469.85109384128,2164.4561080831213,0.9431640582257698,1271.8289797,715.28243,1987.1114097000002,37.61761171,37.88247335,75.50008506,47.30010690899999,28.75118714,76.05129404899999,172.16941223,99.6142575,271.78366973000004,615.6446734,285.3529412,900.9976146,3311.444073139,5475.900181222121
Mod,H1,Real,AK,Hhigh,HPl_Rb-HP,5,1480.6318278473852,811.0471489691697,35833.08946274244,2291.678976816555,0.9919567637932456,1271.8289797,715.28243,1987.1114097000002,37.61761171,37.88247335,75.50008506,47.30010690899999,28.75118714,76.05129404899999,172.16941223,99.6142575,271.78366973000004,615.6446734,285.3529412,900.9976146,3311.444073139,5603.123049955555
Mod,H1,Real,AK,Hhigh,HPl_Rb-HPo,1,1480.6318278473852,265.3347192220931,25035.418725063177,1745.9665470694783,0.8654110447729619,1271.8289797,517.9205701,1789.7495497999998,37.61761171,22.38243748,60.00004919,47.30010690899999,16.37334279,63.673449698999995,172.16941223,78.33376735,250.50317958,615.6446734,285.3529412,900.9976146,3064.9238428689996,4810.890389938478
Mod,H1,Real,AK,Hhigh,HPl_Rb-HPo,2,1480.6318278473852,378.6058320634824,27379.368567979836,1859.2376599108677,0.8664136207776482,1271.8289797,517.9205701,1789.7495497999998,37.61761171,22.38243748,60.00004919,47.30010690899999,16.37334279,63.673449698999995,172.16941223,78.33376735,250.50317958,615.6446734,285.3529412,900.9976146,3064.9238428689996,4924.161502779867
Mod,H1,Real,AK,Hhigh,HPl_Rb-HPo,3,1480.6318278473852,533.3331801228186,30252.308262229664,2013.965007970204,0.9391251242606075,1271.8289797,595.2489089,1867.0778885999998,37.61761171,28.4476689,66.06528060999999,47.30010690899999,21.2168471,68.51695400899999,172.16941223,86.66091566999998,258.83032790000004,615.6446734,285.3529412,900.9976146,3161.4880657189997,5175.453073689204
Mod,H1,Real,AK,Hhigh,HPl_Rb-HPo,4,1480.6318278473852,718.1717882443478,34118.715544070765,2198.803616091733,0.9497173025116552,1271.8289797,800.9478006000002,2072.7767803,37.61761171,44.62161938,82.23923108999999,47.30010690899999,34.1328586,81.432965509,172.16941223,108.86664449999999,281.03605673000004,615.6446734,285.3529412,900.9976146,3418.482648229,5617.286264320734
Mod,H1,Real,AK,Hhigh,HPl_Rb-HPo,5,1480.6318278473852,844.8073449193391,36478.83908603803,2325.4391727667244,0.9965154183786521,1271.8289797,800.9478006000002,2072.7767803,37.61761171,44.62161938,82.23923108999999,47.30010690899999,34.1328586,81.432965509,172.16941223,108.86664449999999,281.03605673000004,615.6446734,285.3529412,900.9976146,3418.482648229,5743.921820995724
Mod,H1,Real,AK,Hhigh,HPl_Rb-R,1,1480.6318278473852,1017.9099785103258,40855.35905113392,2498.5418063577113,0.9889854946638272,1271.8289797,190.9509894,1462.7799691000002,37.61761171,3.783646588,41.401258297999995,47.30010690899999,4.027399057,51.327505966000004,172.16941223,22.43667136,194.60608359000003,615.6446734,0,615.6446734,2365.7594903540003,4864.301296711712
Mod,H1,Real,AK,Hhigh,HPl_Rb-R,2,1480.6318278473852,1497.6272280104167,50861.85905113393,2978.259055857802,0.9820889429396893,1271.8289797,190.9509894,1462.7799691000002,37.61761171,3.783646588,41.401258297999995,47.30010690899999,4.027399057,51.327505966000004,172.16941223,22.43667136,194.60608359000003,615.6446734,0,615.6446734,2365.7594903540003,5344.0185462118025
Mod,H1,Real,AK,Hhigh,HPl_Rb-R,3,1480.6318278473852,2101.9362859458083,62248.059051133925,3582.5681137931933,1.2355372188017584,1271.8289797,234.8663891,1506.6953688,37.61761171,4.540375906,42.157987616,47.30010690899999,4.953630649,52.253737558,172.16941223,27.59671475,199.76612698000002,615.6446734,0,615.6446734,2416.517894354,5999.086008147193
Mod,H1,Real,AK,Hhigh,HPl_Rb-R,4,1480.6318278473852,2783.434276846971,77004.75905113392,4264.066104694356,1.3045027360431376,1271.8289797,407.89785810000006,1679.7268378,37.61761171,6.558320753,44.175932463,47.30010690899999,8.603084246,55.903191155,172.16941223,47.92784903,220.09726126,615.6446734,0,615.6446734,2615.547896078,6879.614000772356
Mod,H1,Real,AK,Hhigh,HPl_Rb-R,5,1480.6318278473852,3322.0704794753774,87031.20905113392,4802.702307322763,1.509675149836241,1271.8289797,407.89785810000006,1679.7268378,37.61761171,6.558320753,44.175932463,47.30010690899999,8.603084246,55.903191155,172.16941223,47.92784903,220.09726126,615.6446734,0,615.6446734,2615.547896078,7418.250203400763
Mod,H1,Real,AK,Hhigh,HPl_Rb-Ro,1,1480.6318278473852,1061.738149900497,41684.85905113392,2542.369977747883,0.9941579084569306,1271.8289797,216.2027869,1488.0317666,37.61761171,4.116960628,41.734572338,47.30010690899999,4.559991558,51.86009846699999,172.16941223,25.40374832,197.57316055,615.6446734,0,615.6446734,2394.844271355,4937.214249102883
Mod,H1,Real,AK,Hhigh,HPl_Rb-Ro,2,1480.6318278473852,1538.456345263346,51676.659051133916,3019.0881731107315,0.9941579084569306,1271.8289797,216.2027869,1488.0317666,37.61761171,4.116960628,41.734572338,47.30010690899999,4.559991558,51.86009846699999,172.16941223,25.40374832,197.57316055,615.6446734,0,615.6446734,2394.844271355,5413.932444465731
Mod,H1,Real,AK,Hhigh,HPl_Rb-Ro,3,1480.6318278473852,2169.6753362148706,63600.45905113393,3650.307164062256,1.2717441153534823,1271.8289797,277.1660528,1548.9950325000002,37.61761171,5.170983671,42.78859538099999,47.30010690899999,5.845784319,53.145891227999996,172.16941223,32.56690976,204.73632199,615.6446734,0,615.6446734,2465.3105144990004,6115.617678561257
Mod,H1,Real,AK,Hhigh,HPl_Rb-Ro,4,1480.6318278473852,2905.404787230428,79440.75905113392,4386.036615077814,1.306226873974172,1271.8289797,537.5473211,1809.3763007999999,37.61761171,7.693414729,45.311026438999995,47.30010690899999,11.3375562,58.637663108999995,172.16941223,63.16161347,235.3310257,615.6446734,0,615.6446734,2764.300689448,7150.337304525814
Mod,H1,Real,AK,Hhigh,HPl_Rb-Ro,5,1480.6318278473852,3445.49999451619,89456.70905113392,4926.131822363575,1.5665717015603788,1271.8289797,537.5473211,1809.3763007999999,37.61761171,7.693414729,45.311026438999995,47.30010690899999,11.3375562,58.637663108999995,172.16941223,63.16161347,235.3310257,615.6446734,0,615.6446734,2764.300689448,7690.432511811576
Mod,H1,Real,AK,Hhigh,HYD1000-HYD1000,3,NA,NA,30033.154105662394,1931.30868670253,0.9826536681268956,NA,NA,3886.709717,NA,NA,129.357121,NA,NA,110.5663951,NA,NA,751.3172812,NA,NA,2253.349382,7131.299896300001,9062.608583002531
Mod,H1,Real,AK,Hhigh,HYD1000-HYD1000,4,NA,NA,32925.67631455625,2072.1332611177577,0.985008494314904,NA,NA,3886.709717,NA,NA,129.357121,NA,NA,110.5663951,NA,NA,751.3172812,NA,NA,2253.349382,7131.299896300001,9203.43315741776
Mod,H1,Real,AK,Hhigh,HYD1000-HYD1000,5,NA,NA,35872.511881177554,2236.432247903673,1.0679438206288665,NA,NA,3886.709717,NA,NA,129.357121,NA,NA,110.5663951,NA,NA,751.3172812,NA,NA,2253.349382,7131.299896300001,9367.732144203674
Mod,H1,Real,AK,Hhigh,HYD200-HYD200,3,NA,NA,28643.4330916979,1852.2205900980491,0.926537418279207,NA,NA,3385.483514,NA,NA,120.681432,NA,NA,108.9481627,NA,NA,541.6964042,NA,NA,2340.908382,6497.717894899999,8349.938484998049
Mod,H1,Real,AK,Hhigh,HYD200-HYD200,4,NA,NA,31616.982842910158,1987.5054066451057,0.92965683408724,NA,NA,3385.483514,NA,NA,120.681432,NA,NA,108.9481627,NA,NA,541.6964042,NA,NA,2340.908382,6497.717894899999,8485.223301545106
Mod,H1,Real,AK,Hhigh,HYD200-HYD200,5,NA,NA,34721.08531467091,2152.7310308733695,0.9952350674422862,NA,NA,3385.483514,NA,NA,120.681432,NA,NA,108.9481627,NA,NA,541.6964042,NA,NA,2340.908382,6497.717894899999,8650.44892577337
Mod,H1,Real,AK,Hhigh,HYD500-HYD500,3,NA,NA,28745.747340740098,1871.8061150920332,1.003003753695771,NA,NA,3602.709985,NA,NA,123.6017604,NA,NA,113.0254733,NA,NA,627.7984256,NA,NA,2275.239132,6742.374776300001,8614.180891392034
Mod,H1,Real,AK,Hhigh,HYD500-HYD500,4,NA,NA,31548.246818409676,2006.3903857881555,1.0110434276604094,NA,NA,3602.709985,NA,NA,123.6017604,NA,NA,113.0254733,NA,NA,627.7984256,NA,NA,2275.239132,6742.374776300001,8748.765162088157
Mod,H1,Real,AK,Hhigh,HYD500-HYD500,5,NA,NA,34489.19560269541,2164.782122550838,1.074109805613278,NA,NA,3602.709985,NA,NA,123.6017604,NA,NA,113.0254733,NA,NA,627.7984256,NA,NA,2275.239132,6742.374776300001,8907.156898850839
Mod,H1,Real,AK,Hhigh,R-HP,1,3359.472344987371,253.60213377482708,51057.08104259203,3613.074478762198,1.9385589463165627,905.1294352,479.5114065,1384.6408417,41.12606002,19.34982176,60.47588178,4.964942316,13.95159063,18.916532946,48.77840259,74.17019318,122.94859577,0,285.3529412,285.3529412,1872.3347933960001,5485.409272158198
Mod,H1,Real,AK,Hhigh,R-HP,2,3359.472344987371,367.86899239150006,53405.13701673966,3727.3413373788712,1.9375737249219125,905.1294352,479.5114065,1384.6408417,41.12606002,19.34982176,60.47588178,4.964942316,13.95159063,18.916532946,48.77840259,74.17019318,122.94859577,0,285.3529412,285.3529412,1872.3347933960001,5599.676130774871
Mod,H1,Real,AK,Hhigh,R-HP,3,3359.472344987371,514.3746227915257,56134.03578218422,3873.8469677788967,2.000192913208939,905.1294352,543.696683,1448.8261181999999,41.12606002,24.404181279999996,65.53024129999999,4.964942316,17.98784422,22.952786536,48.77840259,81.10948345,129.88788604,0,285.3529412,285.3529412,1952.549973276,5826.396941054896
Mod,H1,Real,AK,Hhigh,R-HP,4,3359.472344987371,683.8242802357358,59710.904094907,4043.2966252231067,2.0163394716475547,905.1294352,715.28243,1620.4118651999997,41.12606002,37.88247335,79.00853337,4.964942316,28.75118714,33.716129456,48.77840259,99.6142575,148.39266009,0,285.3529412,285.3529412,2166.8821293159995,6210.178754539106
Mod,H1,Real,AK,Hhigh,R-HP,5,3359.472344987371,811.0471489691697,62074.14246380815,4170.519493956541,2.0651321772150304,905.1294352,715.28243,1620.4118651999997,41.12606002,37.88247335,79.00853337,4.964942316,28.75118714,33.716129456,48.77840259,99.6142575,148.39266009,0,285.3529412,285.3529412,2166.8821293159995,6337.401623272541
Mod,H1,Real,AK,Hhigh,R-HPo,1,3359.472344987371,265.3347192220931,51276.47172612889,3624.807064209464,1.9385864581947465,905.1294352,517.9205701,1423.0500052999998,41.12606002,22.38243748,63.508497500000004,4.964942316,16.37334279,21.338285106,48.77840259,78.33376735,127.11216994,0,285.3529412,285.3529412,1920.361899046,5545.168963255464
Mod,H1,Real,AK,Hhigh,R-HPo,2,3359.472344987371,378.6058320634824,53620.421569045546,3738.0781770508534,1.9395890341994328,905.1294352,517.9205701,1423.0500052999998,41.12606002,22.38243748,63.508497500000004,4.964942316,16.37334279,21.338285106,48.77840259,78.33376735,127.11216994,0,285.3529412,285.3529412,1920.361899046,5658.440076096853
Mod,H1,Real,AK,Hhigh,R-HPo,3,3359.472344987371,533.3331801228186,56493.361263295374,3892.8055251101896,2.012300537682392,905.1294352,595.2489089,1500.3783441,41.12606002,28.4476689,69.57372892,4.964942316,21.2168471,26.181789415999997,48.77840259,86.66091566999998,135.43931826,0,285.3529412,285.3529412,2016.9261218959998,5909.73164700619
Mod,H1,Real,AK,Hhigh,R-HPo,4,3359.472344987371,718.1717882443478,60359.768545136474,4077.6441332317186,2.0228927159334398,905.1294352,800.9478006000002,1706.0772358000002,41.12606002,44.62161938,85.7476794,4.964942316,34.1328586,39.097800916,48.77840259,108.86664449999999,157.64504709,0,285.3529412,285.3529412,2273.920704406,6351.5648376377185
Mod,H1,Real,AK,Hhigh,R-HPo,5,3359.472344987371,844.8073449193391,62719.89208710374,4204.27968990671,2.069690831800437,905.1294352,800.9478006000002,1706.0772358000002,41.12606002,44.62161938,85.7476794,4.964942316,34.1328586,39.097800916,48.77840259,108.86664449999999,157.64504709,0,285.3529412,285.3529412,2273.920704406,6478.200394312709
Mod,H1,Real,AK,Hhigh,R-R,1,3359.472344987371,1017.9099785103258,67096.41205219962,4377.382323497697,2.062160908085612,905.1294352,190.9509894,1096.0804246,41.12606002,3.783646588,44.909706608,4.964942316,4.027399057,8.992341373,48.77840259,22.43667136,71.21507394999999,0,0,0,1221.1975465310002,5598.579870028698
Mod,H1,Real,AK,Hhigh,R-R,2,3359.472344987371,1497.6272280104167,77102.91205219964,4857.099572997788,2.055264356361474,905.1294352,190.9509894,1096.0804246,41.12606002,3.783646588,44.909706608,4.964942316,4.027399057,8.992341373,48.77840259,22.43667136,71.21507394999999,0,0,0,1221.1975465310002,6078.297119528788
Mod,H1,Real,AK,Hhigh,R-R,3,3359.472344987371,2101.9362859458083,88489.11205219963,5461.408630933179,2.3087126322235427,905.1294352,234.8663891,1139.9958243,41.12606002,4.540375906,45.666435926,4.964942316,4.953630649,9.918572965000001,48.77840259,27.59671475,76.37511734,0,0,0,1271.9559505310003,6733.364581464179
Mod,H1,Real,AK,Hhigh,R-R,4,3359.472344987371,2783.434276846971,103245.81205219962,6142.906621834342,2.377678149464922,905.1294352,407.89785810000006,1313.0272932999999,41.12606002,6.558320753,47.684380772999994,4.964942316,8.603084246,13.568026562,48.77840259,47.92784903,96.70625161999999,0,0,0,1470.9859522549996,7613.892574089342
Mod,H1,Real,AK,Hhigh,R-R,5,3359.472344987371,3322.0704794753774,113272.26205219963,6681.542824462748,2.5828505632580256,905.1294352,407.89785810000006,1313.0272932999999,41.12606002,6.558320753,47.684380772999994,4.964942316,8.603084246,13.568026562,48.77840259,47.92784903,96.70625161999999,0,0,0,1470.9859522549996,8152.528776717748
Mod,H1,Real,AK,Hhigh,R-Ro,1,3359.472344987371,1061.738149900497,67925.91205219962,4421.210494887868,2.0673333218787153,905.1294352,216.2027869,1121.3322220999999,41.12606002,4.116960628,45.243020648,4.964942316,4.559991558,9.524933874,48.77840259,25.40374832,74.18215090999999,0,0,0,1250.282327532,5671.4928224198675
Mod,H1,Real,AK,Hhigh,R-Ro,2,3359.472344987371,1538.456345263346,77917.71205219963,4897.928690250717,2.0673333218787153,905.1294352,216.2027869,1121.3322220999999,41.12606002,4.116960628,45.243020648,4.964942316,4.559991558,9.524933874,48.77840259,25.40374832,74.18215090999999,0,0,0,1250.282327532,6148.211017782717
Mod,H1,Real,AK,Hhigh,R-Ro,3,3359.472344987371,2169.6753362148706,89841.51205219963,5529.147681202241,2.344919528775267,905.1294352,277.1660528,1182.295488,41.12606002,5.170983671,46.297043691,4.964942316,5.845784319,10.810726635,48.77840259,32.56690976,81.34531235,0,0,0,1320.748570676,6849.896251878241
Mod,H1,Real,AK,Hhigh,R-Ro,4,3359.472344987371,2905.404787230428,105681.81205219962,6264.877132217799,2.3794022873959566,905.1294352,537.5473211,1442.6767563,41.12606002,7.693414729,48.819474749,4.964942316,11.3375562,16.302498516,48.77840259,63.16161347,111.94001605999999,0,0,0,1619.738745625,7884.615877842799
Mod,H1,Real,AK,Hhigh,R-Ro,5,3359.472344987371,3445.49999451619,115697.76205219963,6804.972339503561,2.6397471149821636,905.1294352,537.5473211,1442.6767563,41.12606002,7.693414729,48.819474749,4.964942316,11.3375562,16.302498516,48.77840259,63.16161347,111.94001605999999,0,0,0,1619.738745625,8424.711085128562
Mod,H1,Real,AK,Hlow,HP-HP,1,1341.6905069256557,335.53177670674734,16292.240848359632,1677.222283632403,0.48672864747629757,1637.27703,479.5114065,2116.7884365,38.20523859,19.34982176,57.55506035,107.93553839999998,13.95159063,121.88712902999998,335.2103463,74.17019318,409.38053948000004,1912.703497,285.3529412,2198.0564382000002,4903.66760356,6580.889887192403
Mod,H1,Real,AK,Hlow,HP-HP,2,1341.6905069256557,485.51763329380327,18640.296822507265,1827.208140219459,0.4857434260816473,1637.27703,479.5114065,2116.7884365,38.20523859,19.34982176,57.55506035,107.93553839999998,13.95159063,121.88712902999998,335.2103463,74.17019318,409.38053948000004,1912.703497,285.3529412,2198.0564382000002,4903.66760356,6730.875743779459
Mod,H1,Real,AK,Hlow,HP-HP,3,1341.6905069256557,682.4646325489807,21369.19558795183,2024.1551394746364,0.5483626143686735,1637.27703,543.696683,2180.973713,38.20523859,24.404181279999996,62.609419869999996,107.93553839999998,17.98784422,125.92338261999998,335.2103463,81.10948345,416.31982975000005,1912.703497,285.3529412,2198.0564382000002,4983.88278344,7008.0379229146365
Mod,H1,Real,AK,Hlow,HP-HP,4,1341.6905069256557,887.3493422675774,24946.063900674595,2229.0398491932333,0.5645091728072893,1637.27703,715.28243,2352.55946,38.20523859,37.88247335,76.08771194,107.93553839999998,28.75118714,136.68672554,335.2103463,99.6142575,434.8246038,1912.703497,285.3529412,2198.0564382000002,5198.21493948,7427.254788673234
Mod,H1,Real,AK,Hlow,HP-HP,5,1341.6905069256557,1043.157557361154,27309.302269575754,2384.84806428681,0.6133018783747651,1637.27703,715.28243,2352.55946,38.20523859,37.88247335,76.08771194,107.93553839999998,28.75118714,136.68672554,335.2103463,99.6142575,434.8246038,1912.703497,285.3529412,2198.0564382000002,5198.21493948,7583.06300376681
Mod,H1,Real,AK,Hlow,HP-HPo,1,1341.6905069256557,349.8222574479155,16511.63153189649,1691.5127643735711,0.4867561593544814,1637.27703,517.9205701,2155.1976001,38.20523859,22.38243748,60.58767607,107.93553839999998,16.37334279,124.30888118999998,335.2103463,78.33376735,413.54411365000004,1912.703497,285.3529412,2198.0564382000002,4951.69470921,6643.207473583571
Mod,H1,Real,AK,Hlow,HP-HPo,2,1341.6905069256557,499.2268232586933,18855.58137481315,1840.917330184349,0.4877587353591677,1637.27703,517.9205701,2155.1976001,38.20523859,22.38243748,60.58767607,107.93553839999998,16.37334279,124.30888118999998,335.2103463,78.33376735,413.54411365000004,1912.703497,285.3529412,2198.0564382000002,4951.69470921,6792.612039394349
Mod,H1,Real,AK,Hlow,HP-HPo,3,1341.6905069256557,706.9001932214436,21728.521069062983,2048.590700147099,0.560470238842127,1637.27703,595.2489089,2232.5259389000003,38.20523859,28.4476689,66.65290748999999,107.93553839999998,21.2168471,129.15238549999998,335.2103463,86.66091566999998,421.87126197,1912.703497,285.3529412,2198.0564382000002,5048.25893206,7096.849632207099
Mod,H1,Real,AK,Hlow,HP-HPo,4,1341.6905069256557,931.3798223105739,25594.928350904083,2273.0703292362296,0.5710624170931747,1637.27703,800.9478006000002,2438.2248306,38.20523859,44.62161938,82.82685796999999,107.93553839999998,34.1328586,142.068397,335.2103463,108.86664449999999,444.0769908,1912.703497,285.3529412,2198.0564382000002,5305.25351457,7578.32384380623
Mod,H1,Real,AK,Hlow,HP-HPo,5,1341.6905069256557,1086.1256052351712,27955.051892871354,2427.816112160827,0.6178605329601716,1637.27703,800.9478006000002,2438.2248306,38.20523859,44.62161938,82.82685796999999,107.93553839999998,34.1328586,142.068397,335.2103463,108.86664449999999,444.0769908,1912.703497,285.3529412,2198.0564382000002,5305.25351457,7733.069626730827
Mod,H1,Real,AK,Hlow,HP-R,1,1341.6905069256557,1326.4772221627102,32331.571857967236,2668.167729088366,0.6103306092453468,1637.27703,190.9509894,1828.2280194000002,38.20523859,3.783646588,41.988885178,107.93553839999998,4.027399057,111.962937457,335.2103463,22.43667136,357.64701766,1912.703497,0,1912.703497,4252.530356695001,6920.698085783366
Mod,H1,Real,AK,Hlow,HP-R,2,1341.6905069256557,1953.0899037321874,42338.07185796725,3294.780410657843,0.6034340575212089,1637.27703,190.9509894,1828.2280194000002,38.20523859,3.783646588,41.988885178,107.93553839999998,4.027399057,111.962937457,335.2103463,22.43667136,357.64701766,1912.703497,0,1912.703497,4252.530356695001,7547.310767352843
Mod,H1,Real,AK,Hlow,HP-R,3,1341.6905069256557,2755.547060955901,53724.271857967244,4097.237567881557,0.8568823333832778,1637.27703,234.8663891,1872.1434191,38.20523859,4.540375906,42.745614496,107.93553839999998,4.953630649,112.88916904899999,335.2103463,27.59671475,362.80706105,1912.703497,0,1912.703497,4303.288760695,8400.526328576558
Mod,H1,Real,AK,Hlow,HP-R,4,1341.6905069256557,3559.8614306749255,68480.97185796723,4901.551937600581,0.9258478506246571,1637.27703,407.89785810000006,2045.1748881,38.20523859,6.558320753,44.763559343000004,107.93553839999998,8.603084246,116.538622646,335.2103463,47.92784903,383.13819533000003,1912.703497,0,1912.703497,4502.318762419,9403.870700019583
Mod,H1,Real,AK,Hlow,HP-R,5,1341.6905069256557,4209.577289410385,78507.42185796725,5551.26779633604,1.1310202644177605,1637.27703,407.89785810000006,2045.1748881,38.20523859,6.558320753,44.763559343000004,107.93553839999998,8.603084246,116.538622646,335.2103463,47.92784903,383.13819533000003,1912.703497,0,1912.703497,4502.318762419,10053.58655875504
Mod,H1,Real,AK,Hlow,HP-Ro,1,1341.6905069256557,1378.3703594628885,33161.07185796723,2720.060866388544,0.6155030230384502,1637.27703,216.2027869,1853.4798169,38.20523859,4.116960628,42.322199218,107.93553839999998,4.559991558,112.495529958,335.2103463,25.40374832,360.61409462000006,1912.703497,0,1912.703497,4281.615137696001,7001.676004084545
Mod,H1,Real,AK,Hlow,HP-Ro,2,1341.6905069256557,2003.5109954738573,43152.87185796724,3345.201502399513,0.6155030230384502,1637.27703,216.2027869,1853.4798169,38.20523859,4.116960628,42.322199218,107.93553839999998,4.559991558,112.495529958,335.2103463,25.40374832,360.61409462000006,1912.703497,0,1912.703497,4281.615137696001,7626.816640095514
Mod,H1,Real,AK,Hlow,HP-Ro,3,1341.6905069256557,2837.534301570244,55076.671857967245,4179.2248084959,0.893089229935002,1637.27703,277.1660528,1914.4430828000002,38.20523859,5.170983671,43.376222260999995,107.93553839999998,5.845784319,113.78132271899999,335.2103463,32.56690976,367.77725606,1912.703497,0,1912.703497,4352.08138084,8531.3061893359
Mod,H1,Real,AK,Hlow,HP-Ro,4,1341.6905069256557,3712.6020944108504,70916.97185796723,5054.292601336506,0.9275719885556917,1637.27703,537.5473211,2174.8243511,38.20523859,7.693414729,45.898653319,107.93553839999998,11.3375562,119.2730946,335.2103463,63.16161347,398.37195977000005,1912.703497,0,1912.703497,4651.071555789,9705.364157125507
Mod,H1,Real,AK,Hlow,HP-Ro,5,1341.6905069256557,4362.2475957763645,80932.92185796725,5703.93810270202,1.1879168161418985,1637.27703,537.5473211,2174.8243511,38.20523859,7.693414729,45.898653319,107.93553839999998,11.3375562,119.2730946,335.2103463,63.16161347,398.37195977000005,1912.703497,0,1912.703497,4651.071555789,10355.00965849102
Mod,H1,Real,AK,Hlow,HPl_Rb-HP,1,2479.8844322151144,335.53177670674734,24816.02804152632,2815.4162089218617,0.865383532894778,1271.8289797,479.5114065,1751.3403862,37.61761171,19.34982176,56.967433469999996,47.30010690899999,13.95159063,61.25169753899999,172.16941223,74.17019318,246.33960541,615.6446734,285.3529412,900.9976146,3016.896737219,5832.312946140862
Mod,H1,Real,AK,Hlow,HPl_Rb-HP,2,2479.8844322151144,485.51763329380327,27164.08401567395,2965.402065508918,0.8643983115001278,1271.8289797,479.5114065,1751.3403862,37.61761171,19.34982176,56.967433469999996,47.30010690899999,13.95159063,61.25169753899999,172.16941223,74.17019318,246.33960541,615.6446734,285.3529412,900.9976146,3016.896737219,5982.298802727918
Mod,H1,Real,AK,Hlow,HPl_Rb-HP,3,2479.8844322151144,682.4646325489807,29892.982781118517,3162.349064764095,0.927017499787154,1271.8289797,543.696683,1815.5256627000003,37.61761171,24.404181279999996,62.021792989999994,47.30010690899999,17.98784422,65.28795112899999,172.16941223,81.10948345,253.27889568000003,615.6446734,285.3529412,900.9976146,3097.1119170990005,6259.460981863096
Mod,H1,Real,AK,Hlow,HPl_Rb-HP,4,2479.8844322151144,887.3493422675774,33469.85109384128,3367.233774482692,0.9431640582257698,1271.8289797,715.28243,1987.1114097000002,37.61761171,37.88247335,75.50008506,47.30010690899999,28.75118714,76.05129404899999,172.16941223,99.6142575,271.78366973000004,615.6446734,285.3529412,900.9976146,3311.444073139,6678.677847621691
Mod,H1,Real,AK,Hlow,HPl_Rb-HP,5,2479.8844322151144,1043.157557361154,35833.08946274244,3523.0419895762684,0.9919567637932456,1271.8289797,715.28243,1987.1114097000002,37.61761171,37.88247335,75.50008506,47.30010690899999,28.75118714,76.05129404899999,172.16941223,99.6142575,271.78366973000004,615.6446734,285.3529412,900.9976146,3311.444073139,6834.486062715268
Mod,H1,Real,AK,Hlow,HPl_Rb-HPo,1,2479.8844322151144,349.8222574479155,25035.418725063177,2829.7066896630304,0.8654110447729619,1271.8289797,517.9205701,1789.7495497999998,37.61761171,22.38243748,60.00004919,47.30010690899999,16.37334279,63.673449698999995,172.16941223,78.33376735,250.50317958,615.6446734,285.3529412,900.9976146,3064.9238428689996,5894.63053253203
Mod,H1,Real,AK,Hlow,HPl_Rb-HPo,2,2479.8844322151144,499.2268232586933,27379.368567979836,2979.111255473808,0.8664136207776482,1271.8289797,517.9205701,1789.7495497999998,37.61761171,22.38243748,60.00004919,47.30010690899999,16.37334279,63.673449698999995,172.16941223,78.33376735,250.50317958,615.6446734,285.3529412,900.9976146,3064.9238428689996,6044.035098342807
Mod,H1,Real,AK,Hlow,HPl_Rb-HPo,3,2479.8844322151144,706.9001932214436,30252.308262229664,3186.784625436558,0.9391251242606075,1271.8289797,595.2489089,1867.0778885999998,37.61761171,28.4476689,66.06528060999999,47.30010690899999,21.2168471,68.51695400899999,172.16941223,86.66091566999998,258.83032790000004,615.6446734,285.3529412,900.9976146,3161.4880657189997,6348.272691155558
Mod,H1,Real,AK,Hlow,HPl_Rb-HPo,4,2479.8844322151144,931.3798223105739,34118.715544070765,3411.2642545256886,0.9497173025116552,1271.8289797,800.9478006000002,2072.7767803,37.61761171,44.62161938,82.23923108999999,47.30010690899999,34.1328586,81.432965509,172.16941223,108.86664449999999,281.03605673000004,615.6446734,285.3529412,900.9976146,3418.482648229,6829.746902754689
Mod,H1,Real,AK,Hlow,HPl_Rb-HPo,5,2479.8844322151144,1086.1256052351712,36478.83908603803,3566.010037450286,0.9965154183786521,1271.8289797,800.9478006000002,2072.7767803,37.61761171,44.62161938,82.23923108999999,47.30010690899999,34.1328586,81.432965509,172.16941223,108.86664449999999,281.03605673000004,615.6446734,285.3529412,900.9976146,3418.482648229,6984.492685679286
Mod,H1,Real,AK,Hlow,HPl_Rb-R,1,2479.8844322151144,1326.4772221627102,40855.35905113392,3806.3616543778244,0.9889854946638272,1271.8289797,190.9509894,1462.7799691000002,37.61761171,3.783646588,41.401258297999995,47.30010690899999,4.027399057,51.327505966000004,172.16941223,22.43667136,194.60608359000003,615.6446734,0,615.6446734,2365.7594903540003,6172.121144731825
Mod,H1,Real,AK,Hlow,HPl_Rb-R,2,2479.8844322151144,1953.0899037321874,50861.85905113393,4432.974335947301,0.9820889429396893,1271.8289797,190.9509894,1462.7799691000002,37.61761171,3.783646588,41.401258297999995,47.30010690899999,4.027399057,51.327505966000004,172.16941223,22.43667136,194.60608359000003,615.6446734,0,615.6446734,2365.7594903540003,6798.733826301302
Mod,H1,Real,AK,Hlow,HPl_Rb-R,3,2479.8844322151144,2755.547060955901,62248.059051133925,5235.431493171016,1.2355372188017584,1271.8289797,234.8663891,1506.6953688,37.61761171,4.540375906,42.157987616,47.30010690899999,4.953630649,52.253737558,172.16941223,27.59671475,199.76612698000002,615.6446734,0,615.6446734,2416.517894354,7651.9493875250155
Mod,H1,Real,AK,Hlow,HPl_Rb-R,4,2479.8844322151144,3559.8614306749255,77004.75905113392,6039.74586289004,1.3045027360431376,1271.8289797,407.89785810000006,1679.7268378,37.61761171,6.558320753,44.175932463,47.30010690899999,8.603084246,55.903191155,172.16941223,47.92784903,220.09726126,615.6446734,0,615.6446734,2615.547896078,8655.29375896804
Mod,H1,Real,AK,Hlow,HPl_Rb-R,5,2479.8844322151144,4209.577289410385,87031.20905113392,6689.461721625499,1.509675149836241,1271.8289797,407.89785810000006,1679.7268378,37.61761171,6.558320753,44.175932463,47.30010690899999,8.603084246,55.903191155,172.16941223,47.92784903,220.09726126,615.6446734,0,615.6446734,2615.547896078,9305.0096177035
Mod,H1,Real,AK,Hlow,HPl_Rb-Ro,1,2479.8844322151144,1378.3703594628885,41684.85905113392,3858.254791678003,0.9941579084569306,1271.8289797,216.2027869,1488.0317666,37.61761171,4.116960628,41.734572338,47.30010690899999,4.559991558,51.86009846699999,172.16941223,25.40374832,197.57316055,615.6446734,0,615.6446734,2394.844271355,6253.099063033003
Mod,H1,Real,AK,Hlow,HPl_Rb-Ro,2,2479.8844322151144,2003.5109954738573,51676.659051133916,4483.395427688972,0.9941579084569306,1271.8289797,216.2027869,1488.0317666,37.61761171,4.116960628,41.734572338,47.30010690899999,4.559991558,51.86009846699999,172.16941223,25.40374832,197.57316055,615.6446734,0,615.6446734,2394.844271355,6878.239699043972
Mod,H1,Real,AK,Hlow,HPl_Rb-Ro,3,2479.8844322151144,2837.534301570244,63600.45905113393,5317.418733785359,1.2717441153534823,1271.8289797,277.1660528,1548.9950325000002,37.61761171,5.170983671,42.78859538099999,47.30010690899999,5.845784319,53.145891227999996,172.16941223,32.56690976,204.73632199,615.6446734,0,615.6446734,2465.3105144990004,7782.7292482843595
Mod,H1,Real,AK,Hlow,HPl_Rb-Ro,4,2479.8844322151144,3712.6020944108504,79440.75905113392,6192.486526625965,1.306226873974172,1271.8289797,537.5473211,1809.3763007999999,37.61761171,7.693414729,45.311026438999995,47.30010690899999,11.3375562,58.637663108999995,172.16941223,63.16161347,235.3310257,615.6446734,0,615.6446734,2764.300689448,8956.787216073964
Mod,H1,Real,AK,Hlow,HPl_Rb-Ro,5,2479.8844322151144,4362.2475957763645,89456.70905113392,6842.132027991479,1.5665717015603788,1271.8289797,537.5473211,1809.3763007999999,37.61761171,7.693414729,45.311026438999995,47.30010690899999,11.3375562,58.637663108999995,172.16941223,63.16161347,235.3310257,615.6446734,0,615.6446734,2764.300689448,9606.432717439478
Mod,H1,Real,AK,Hlow,HYD1000-HYD1000,3,NA,NA,30033.154105662394,2891.554195239636,0.9826536681268956,NA,NA,3886.709717,NA,NA,129.357121,NA,NA,110.5663951,NA,NA,751.3172812,NA,NA,2253.349382,7131.299896300001,10022.854091539637
Mod,H1,Real,AK,Hlow,HYD1000-HYD1000,4,NA,NA,32925.67631455625,3054.9915465792405,0.985008494314904,NA,NA,3886.709717,NA,NA,129.357121,NA,NA,110.5663951,NA,NA,751.3172812,NA,NA,2253.349382,7131.299896300001,10186.291442879241
Mod,H1,Real,AK,Hlow,HYD1000-HYD1000,5,NA,NA,35872.511881177554,3253.7997430706273,1.0679438206288665,NA,NA,3886.709717,NA,NA,129.357121,NA,NA,110.5663951,NA,NA,751.3172812,NA,NA,2253.349382,7131.299896300001,10385.099639370628
Mod,H1,Real,AK,Hlow,HYD200-HYD200,3,NA,NA,28643.4330916979,2837.313835787236,0.926537418279207,NA,NA,3385.483514,NA,NA,120.681432,NA,NA,108.9481627,NA,NA,541.6964042,NA,NA,2340.908382,6497.717894899999,9335.031730687235
Mod,H1,Real,AK,Hlow,HYD200-HYD200,4,NA,NA,31616.982842910158,2996.9330700537093,0.92965683408724,NA,NA,3385.483514,NA,NA,120.681432,NA,NA,108.9481627,NA,NA,541.6964042,NA,NA,2340.908382,6497.717894899999,9494.650964953707
Mod,H1,Real,AK,Hlow,HYD200-HYD200,5,NA,NA,34721.08531467091,3204.233205708998,0.9952350674422862,NA,NA,3385.483514,NA,NA,120.681432,NA,NA,108.9481627,NA,NA,541.6964042,NA,NA,2340.908382,6497.717894899999,9701.951100608996
Mod,H1,Real,AK,Hlow,HYD500-HYD500,3,NA,NA,28745.747340740098,2841.6850928615377,1.003003753695771,NA,NA,3602.709985,NA,NA,123.6017604,NA,NA,113.0254733,NA,NA,627.7984256,NA,NA,2275.239132,6742.374776300001,9584.059869161538
Mod,H1,Real,AK,Hlow,HYD500-HYD500,4,NA,NA,31548.246818409676,3000.9108070612897,1.0110434276604094,NA,NA,3602.709985,NA,NA,123.6017604,NA,NA,113.0254733,NA,NA,627.7984256,NA,NA,2275.239132,6742.374776300001,9743.28558336129
Mod,H1,Real,AK,Hlow,HYD500-HYD500,5,NA,NA,34489.19560269541,3197.273804238281,1.074109805613278,NA,NA,3602.709985,NA,NA,123.6017604,NA,NA,113.0254733,NA,NA,627.7984256,NA,NA,2275.239132,6742.374776300001,9939.648580538282
Mod,H1,Real,AK,Hlow,R-HP,1,5531.245984659932,335.53177670674734,51057.08104259203,5866.777761366679,1.9385589463165627,905.1294352,479.5114065,1384.6408417,41.12606002,19.34982176,60.47588178,4.964942316,13.95159063,18.916532946,48.77840259,74.17019318,122.94859577,0,285.3529412,285.3529412,1872.3347933960001,7739.11255476268
Mod,H1,Real,AK,Hlow,R-HP,2,5531.245984659932,485.51763329380327,53405.13701673966,6016.763617953736,1.9375737249219125,905.1294352,479.5114065,1384.6408417,41.12606002,19.34982176,60.47588178,4.964942316,13.95159063,18.916532946,48.77840259,74.17019318,122.94859577,0,285.3529412,285.3529412,1872.3347933960001,7889.098411349736
Mod,H1,Real,AK,Hlow,R-HP,3,5531.245984659932,682.4646325489807,56134.03578218422,6213.710617208913,2.000192913208939,905.1294352,543.696683,1448.8261181999999,41.12606002,24.404181279999996,65.53024129999999,4.964942316,17.98784422,22.952786536,48.77840259,81.10948345,129.88788604,0,285.3529412,285.3529412,1952.549973276,8166.260590484913
Mod,H1,Real,AK,Hlow,R-HP,4,5531.245984659932,887.3493422675774,59710.904094907,6418.59532692751,2.0163394716475547,905.1294352,715.28243,1620.4118651999997,41.12606002,37.88247335,79.00853337,4.964942316,28.75118714,33.716129456,48.77840259,99.6142575,148.39266009,0,285.3529412,285.3529412,2166.8821293159995,8585.477456243509
Mod,H1,Real,AK,Hlow,R-HP,5,5531.245984659932,1043.157557361154,62074.14246380815,6574.403542021086,2.0651321772150304,905.1294352,715.28243,1620.4118651999997,41.12606002,37.88247335,79.00853337,4.964942316,28.75118714,33.716129456,48.77840259,99.6142575,148.39266009,0,285.3529412,285.3529412,2166.8821293159995,8741.285671337086
Mod,H1,Real,AK,Hlow,R-HPo,1,5531.245984659932,349.8222574479155,51276.47172612889,5881.068242107847,1.9385864581947465,905.1294352,517.9205701,1423.0500052999998,41.12606002,22.38243748,63.508497500000004,4.964942316,16.37334279,21.338285106,48.77840259,78.33376735,127.11216994,0,285.3529412,285.3529412,1920.361899046,7801.430141153847
Mod,H1,Real,AK,Hlow,R-HPo,2,5531.245984659932,499.2268232586933,53620.421569045546,6030.472807918625,1.9395890341994328,905.1294352,517.9205701,1423.0500052999998,41.12606002,22.38243748,63.508497500000004,4.964942316,16.37334279,21.338285106,48.77840259,78.33376735,127.11216994,0,285.3529412,285.3529412,1920.361899046,7950.834706964625
Mod,H1,Real,AK,Hlow,R-HPo,3,5531.245984659932,706.9001932214436,56493.361263295374,6238.1461778813755,2.012300537682392,905.1294352,595.2489089,1500.3783441,41.12606002,28.4476689,69.57372892,4.964942316,21.2168471,26.181789415999997,48.77840259,86.66091566999998,135.43931826,0,285.3529412,285.3529412,2016.9261218959998,8255.072299777376
Mod,H1,Real,AK,Hlow,R-HPo,4,5531.245984659932,931.3798223105739,60359.768545136474,6462.625806970506,2.0228927159334398,905.1294352,800.9478006000002,1706.0772358000002,41.12606002,44.62161938,85.7476794,4.964942316,34.1328586,39.097800916,48.77840259,108.86664449999999,157.64504709,0,285.3529412,285.3529412,2273.920704406,8736.546511376506
Mod,H1,Real,AK,Hlow,R-HPo,5,5531.245984659932,1086.1256052351712,62719.89208710374,6617.371589895103,2.069690831800437,905.1294352,800.9478006000002,1706.0772358000002,41.12606002,44.62161938,85.7476794,4.964942316,34.1328586,39.097800916,48.77840259,108.86664449999999,157.64504709,0,285.3529412,285.3529412,2273.920704406,8891.292294301104
Mod,H1,Real,AK,Hlow,R-R,1,5531.245984659932,1326.4772221627102,67096.41205219962,6857.723206822642,2.062160908085612,905.1294352,190.9509894,1096.0804246,41.12606002,3.783646588,44.909706608,4.964942316,4.027399057,8.992341373,48.77840259,22.43667136,71.21507394999999,0,0,0,1221.1975465310002,8078.920753353643
Mod,H1,Real,AK,Hlow,R-R,2,5531.245984659932,1953.0899037321874,77102.91205219964,7484.335888392119,2.055264356361474,905.1294352,190.9509894,1096.0804246,41.12606002,3.783646588,44.909706608,4.964942316,4.027399057,8.992341373,48.77840259,22.43667136,71.21507394999999,0,0,0,1221.1975465310002,8705.53343492312
Mod,H1,Real,AK,Hlow,R-R,3,5531.245984659932,2755.547060955901,88489.11205219963,8286.793045615834,2.3087126322235427,905.1294352,234.8663891,1139.9958243,41.12606002,4.540375906,45.666435926,4.964942316,4.953630649,9.918572965000001,48.77840259,27.59671475,76.37511734,0,0,0,1271.9559505310003,9558.748996146835
Mod,H1,Real,AK,Hlow,R-R,4,5531.245984659932,3559.8614306749255,103245.81205219962,9091.107415334856,2.377678149464922,905.1294352,407.89785810000006,1313.0272932999999,41.12606002,6.558320753,47.684380772999994,4.964942316,8.603084246,13.568026562,48.77840259,47.92784903,96.70625161999999,0,0,0,1470.9859522549996,10562.093367589856
Mod,H1,Real,AK,Hlow,R-R,5,5531.245984659932,4209.577289410385,113272.26205219963,9740.823274070317,2.5828505632580256,905.1294352,407.89785810000006,1313.0272932999999,41.12606002,6.558320753,47.684380772999994,4.964942316,8.603084246,13.568026562,48.77840259,47.92784903,96.70625161999999,0,0,0,1470.9859522549996,11211.809226325317
Mod,H1,Real,AK,Hlow,R-Ro,1,5531.245984659932,1378.3703594628885,67925.91205219962,6909.61634412282,2.0673333218787153,905.1294352,216.2027869,1121.3322220999999,41.12606002,4.116960628,45.243020648,4.964942316,4.559991558,9.524933874,48.77840259,25.40374832,74.18215090999999,0,0,0,1250.282327532,8159.89867165482
Mod,H1,Real,AK,Hlow,R-Ro,2,5531.245984659932,2003.5109954738573,77917.71205219963,7534.7569801337895,2.0673333218787153,905.1294352,216.2027869,1121.3322220999999,41.12606002,4.116960628,45.243020648,4.964942316,4.559991558,9.524933874,48.77840259,25.40374832,74.18215090999999,0,0,0,1250.282327532,8785.03930766579
Mod,H1,Real,AK,Hlow,R-Ro,3,5531.245984659932,2837.534301570244,89841.51205219963,8368.780286230176,2.344919528775267,905.1294352,277.1660528,1182.295488,41.12606002,5.170983671,46.297043691,4.964942316,5.845784319,10.810726635,48.77840259,32.56690976,81.34531235,0,0,0,1320.748570676,9689.528856906176
Mod,H1,Real,AK,Hlow,R-Ro,4,5531.245984659932,3712.6020944108504,105681.81205219962,9243.848079070782,2.3794022873959566,905.1294352,537.5473211,1442.6767563,41.12606002,7.693414729,48.819474749,4.964942316,11.3375562,16.302498516,48.77840259,63.16161347,111.94001605999999,0,0,0,1619.738745625,10863.586824695782
Mod,H1,Real,AK,Hlow,R-Ro,5,5531.245984659932,4362.2475957763645,115697.76205219963,9893.493580436296,2.6397471149821636,905.1294352,537.5473211,1442.6767563,41.12606002,7.693414729,48.819474749,4.964942316,11.3375562,16.302498516,48.77840259,63.16161347,111.94001605999999,0,0,0,1619.738745625,11513.232326061296
Mod,H1,Real,CH,Hhigh,HP-HP,1,3226.3010997558818,282.04680145820726,49300.368320038404,3508.3479012140892,1.4105676022131706,1836.3662530000001,479.5114065,2315.8776595,43.21056854,19.34982176,62.5603903,136.7325032,13.95159063,150.68409383,366.1839667,74.17019318,440.35415988,1981.974063,285.3529412,2267.3270042,5236.803307710001,8745.15120892409
Mod,H1,Real,CH,Hhigh,HP-HP,2,3226.3010997558818,403.90937220439395,51781.28537667751,3630.2104719602758,1.407649813349355,1836.3662530000001,479.5114065,2315.8776595,43.21056854,19.34982176,62.5603903,136.7325032,13.95159063,150.68409383,366.1839667,74.17019318,440.35415988,1981.974063,285.3529412,2267.3270042,5236.803307710001,8867.013779670277
Mod,H1,Real,CH,Hhigh,HP-HP,3,3226.3010997558818,564.7534295043026,54715.62792836156,3791.054529260184,1.480121082629545,1836.3662530000001,543.696683,2380.0629360000003,43.21056854,24.404181279999996,67.61474981999999,136.7325032,17.98784422,154.72034742,366.1839667,81.10948345,447.29345014999996,1981.974063,285.3529412,2267.3270042,5317.0184875899995,9108.073016850183
Mod,H1,Real,CH,Hhigh,HP-HP,4,3226.3010997558818,754.8694595112469,58629.95877977637,3981.1705592671287,1.4990313717375656,1836.3662530000001,715.28243,2551.6486830000003,43.21056854,37.88247335,81.09304189,136.7325032,28.75118714,165.48369033999998,366.1839667,99.6142575,465.79822420000005,1981.974063,285.3529412,2267.3270042,5531.3506436299995,9512.52120289713
Mod,H1,Real,CH,Hhigh,HP-HP,5,3226.3010997558818,888.9741241944542,61106.49754472782,4115.275223950336,1.5444826845326176,1836.3662530000001,715.28243,2551.6486830000003,43.21056854,37.88247335,81.09304189,136.7325032,28.75118714,165.48369033999998,366.1839667,99.6142575,465.79822420000005,1981.974063,285.3529412,2267.3270042,5531.3506436299995,9646.625867580336
Mod,H1,Real,CH,Hhigh,HP-HPo,1,3226.3010997558818,295.73400347728034,49556.154402429434,3522.035103233162,1.4159606068837076,1836.3662530000001,517.9205701,2354.2868230999998,43.21056854,22.38243748,65.59300601999999,136.7325032,16.37334279,153.10584598999998,366.1839667,78.33376735,444.51773405,1981.974063,285.3529412,2267.3270042,5284.8304133599995,8806.865516593161
Mod,H1,Real,CH,Hhigh,HP-HPo,2,3226.3010997558818,417.35439119887747,52032.05222876725,3643.655490954759,1.4129163639851985,1836.3662530000001,517.9205701,2354.2868230999998,43.21056854,22.38243748,65.59300601999999,136.7325032,16.37334279,153.10584598999998,366.1839667,78.33376735,444.51773405,1981.974063,285.3529412,2267.3270042,5284.8304133599995,8928.485904314759
Mod,H1,Real,CH,Hhigh,HP-HPo,3,3226.3010997558818,587.2692911080169,55135.76231759996,3813.570390863899,1.488930016142797,1836.3662530000001,595.2489089,2431.6151618999997,43.21056854,28.4476689,71.65823744,136.7325032,21.2168471,157.9493503,366.1839667,86.66091566999998,452.84488237,1981.974063,285.3529412,2267.3270042,5381.39463621,9194.965027073898
Mod,H1,Real,CH,Hhigh,HP-HPo,4,3226.3010997558818,796.1302113773987,59385.69727893585,4022.4313111332804,1.4974980332414207,1836.3662530000001,800.9478006000002,2637.3140536,43.21056854,44.62161938,87.83218792,136.7325032,34.1328586,170.86536180000002,366.1839667,108.86664449999999,475.05061120000005,1981.974063,285.3529412,2267.3270042,5638.38921872,9660.820529853281
Mod,H1,Real,CH,Hhigh,HP-HPo,5,3226.3010997558818,929.2906170233788,61859.157329709524,4155.59171677926,1.5536194428470707,1836.3662530000001,800.9478006000002,2637.3140536,43.21056854,44.62161938,87.83218792,136.7325032,34.1328586,170.86536180000002,366.1839667,108.86664449999999,475.05061120000005,1981.974063,285.3529412,2267.3270042,5638.38921872,9793.980935499261
Mod,H1,Real,CH,Hhigh,HP-R,1,3226.3010997558818,1017.9099785103258,64893.067941857,4244.211078266208,1.5285584602284477,1836.3662530000001,190.9509894,2027.3172424000002,43.21056854,3.783646588,46.99421512799999,136.7325032,4.027399057,140.759902257,366.1839667,22.43667136,388.62063806000003,1981.974063,0,1981.974063,4585.666060845,8829.877139111208
Mod,H1,Real,CH,Hhigh,HP-R,2,3226.3010997558818,1497.6272280104167,74899.567941857,4723.928327766299,1.5216619085043097,1836.3662530000001,190.9509894,2027.3172424000002,43.21056854,3.783646588,46.99421512799999,136.7325032,4.027399057,140.759902257,366.1839667,22.43667136,388.62063806000003,1981.974063,0,1981.974063,4585.666060845,9309.594388611298
Mod,H1,Real,CH,Hhigh,HP-R,3,3226.3010997558818,2101.9362859458083,86285.767941857,5328.23738570169,1.7751101843663786,1836.3662530000001,234.8663891,2071.2326421000002,43.21056854,4.540375906,47.750944446,136.7325032,4.953630649,141.686133849,366.1839667,27.59671475,393.78068145000003,1981.974063,0,1981.974063,4636.424464845,9964.66185054669
Mod,H1,Real,CH,Hhigh,HP-R,4,3226.3010997558818,2783.434276846971,101042.46794185702,6009.735376602853,1.8440757016077578,1836.3662530000001,407.89785810000006,2244.2641111,43.21056854,6.558320753,49.768889292999994,136.7325032,8.603084246,145.335587446,366.1839667,47.92784903,414.11181573,1981.974063,0,1981.974063,4835.454466568999,10845.189843171851
Mod,H1,Real,CH,Hhigh,HP-R,5,3226.3010997558818,3322.0704794753774,111068.91794185701,6548.37157923126,2.0492481154008613,1836.3662530000001,407.89785810000006,2244.2641111,43.21056854,6.558320753,49.768889292999994,136.7325032,8.603084246,145.335587446,366.1839667,47.92784903,414.11181573,1981.974063,0,1981.974063,4835.454466568999,11383.826045800259
Mod,H1,Real,CH,Hhigh,HP-Ro,1,3226.3010997558818,1061.738149900497,65722.567941857,4288.039249656379,1.533730874021551,1836.3662530000001,216.2027869,2052.5690399,43.21056854,4.116960628,47.32752916799999,136.7325032,4.559991558,141.292494758,366.1839667,25.40374832,391.58771501999996,1981.974063,0,1981.974063,4614.750841846,8902.790091502378
Mod,H1,Real,CH,Hhigh,HP-Ro,2,3226.3010997558818,1538.456345263346,75714.36794185701,4764.757445019228,1.533730874021551,1836.3662530000001,216.2027869,2052.5690399,43.21056854,4.116960628,47.32752916799999,136.7325032,4.559991558,141.292494758,366.1839667,25.40374832,391.58771501999996,1981.974063,0,1981.974063,4614.750841846,9379.508286865228
Mod,H1,Real,CH,Hhigh,HP-Ro,3,3226.3010997558818,2169.6753362148706,87638.16794185701,5395.976435970752,1.8113170809181027,1836.3662530000001,277.1660528,2113.5323058,43.21056854,5.170983671,48.38155221099999,136.7325032,5.845784319,142.57828751899999,366.1839667,32.56690976,398.75087646000003,1981.974063,0,1981.974063,4685.217084989999,10081.19352096075
Mod,H1,Real,CH,Hhigh,HP-Ro,4,3226.3010997558818,2905.404787230428,103478.46794185702,6131.70588698631,1.8457998395387925,1836.3662530000001,537.5473211,2373.9135741,43.21056854,7.693414729,50.903983268999994,136.7325032,11.3375562,148.0700594,366.1839667,63.16161347,429.34558017,1981.974063,0,1981.974063,4984.207259939,11115.913146925312
Mod,H1,Real,CH,Hhigh,HP-Ro,5,3226.3010997558818,3445.49999451619,113494.41794185701,6671.801094272071,2.1061446671249993,1836.3662530000001,537.5473211,2373.9135741,43.21056854,7.693414729,50.903983268999994,136.7325032,11.3375562,148.0700594,366.1839667,63.16161347,429.34558017,1981.974063,0,1981.974063,4984.207259939,11656.008354211071
Mod,H1,Real,CH,Hhigh,HPl_Rb-HP,1,5832.759413571235,282.04680145820726,82658.98508149668,6114.806215029443,2.424448691263491,1493.7883963,479.5114065,1973.2998028,44.12484774,19.34982176,63.4746695,76.15654433099999,13.95159063,90.10813496099999,204.90824111,74.17019318,279.07843429,684.9152399,285.3529412,970.2681810999999,3376.229222651,9491.035437680443
Mod,H1,Real,CH,Hhigh,HPl_Rb-HP,2,5832.759413571235,403.90937220439395,85139.90213813579,6236.66878577563,2.421530902399675,1493.7883963,479.5114065,1973.2998028,44.12484774,19.34982176,63.4746695,76.15654433099999,13.95159063,90.10813496099999,204.90824111,74.17019318,279.07843429,684.9152399,285.3529412,970.2681810999999,3376.229222651,9612.89800842663
Mod,H1,Real,CH,Hhigh,HPl_Rb-HP,3,5832.759413571235,564.7534295043026,88074.244689819825,6397.5128430755385,2.494002171679865,1493.7883963,543.696683,2037.4850793,44.12484774,24.404181279999996,68.52902902,76.15654433099999,17.98784422,94.14438855099999,204.90824111,81.10948345,286.01772456000003,684.9152399,285.3529412,970.2681810999999,3456.444402531,9853.957245606538
Mod,H1,Real,CH,Hhigh,HPl_Rb-HP,4,5832.759413571235,754.8694595112469,91988.57554123465,6587.628873082483,2.512912460787886,1493.7883963,715.28243,2209.0708263,44.12484774,37.88247335,82.00732109,76.15654433099999,28.75118714,104.90773147099999,204.90824111,99.6142575,304.52249860999996,684.9152399,285.3529412,970.2681810999999,3670.776558571,10258.405431653482
Mod,H1,Real,CH,Hhigh,HPl_Rb-HP,5,5832.759413571235,888.9741241944542,94465.1143061861,6721.73353776569,2.558363773582938,1493.7883963,715.28243,2209.0708263,44.12484774,37.88247335,82.00732109,76.15654433099999,28.75118714,104.90773147099999,204.90824111,99.6142575,304.52249860999996,684.9152399,285.3529412,970.2681810999999,3670.776558571,10392.51009633669
Mod,H1,Real,CH,Hhigh,HPl_Rb-HPo,1,5832.759413571235,295.73400347728034,82914.77116388771,6128.493417048516,2.429841695934028,1493.7883963,517.9205701,2011.7089663999998,44.12484774,22.38243748,66.50728522,76.15654433099999,16.37334279,92.529887121,204.90824111,78.33376735,283.24200846,684.9152399,285.3529412,970.2681810999999,3424.256328300999,9552.749745349514
Mod,H1,Real,CH,Hhigh,HPl_Rb-HPo,2,5832.759413571235,417.35439119887747,85390.66899022555,6250.113804770113,2.4267974530355185,1493.7883963,517.9205701,2011.7089663999998,44.12484774,22.38243748,66.50728522,76.15654433099999,16.37334279,92.529887121,204.90824111,78.33376735,283.24200846,684.9152399,285.3529412,970.2681810999999,3424.256328300999,9674.370133071112
Mod,H1,Real,CH,Hhigh,HPl_Rb-HPo,3,5832.759413571235,587.2692911080169,88494.37907905824,6420.028704679253,2.5028111051931172,1493.7883963,595.2489089,2089.0373051999995,44.12484774,28.4476689,72.57251663999999,76.15654433099999,21.2168471,97.37339143099999,204.90824111,86.66091566999998,291.56915677999996,684.9152399,285.3529412,970.2681810999999,3520.820551150999,9940.849255830251
Mod,H1,Real,CH,Hhigh,HPl_Rb-HPo,4,5832.759413571235,796.1302113773987,92744.31404039414,6628.889624948634,2.511379122291741,1493.7883963,800.9478006000002,2294.7361969,44.12484774,44.62161938,88.74646712,76.15654433099999,34.1328586,110.289402931,204.90824111,108.86664449999999,313.77488560999996,684.9152399,285.3529412,970.2681810999999,3777.8151336609994,10406.704758609634
Mod,H1,Real,CH,Hhigh,HPl_Rb-HPo,5,5832.759413571235,929.2906170233788,95217.77409116781,6762.050030594614,2.567500531897391,1493.7883963,800.9478006000002,2294.7361969,44.12484774,44.62161938,88.74646712,76.15654433099999,34.1328586,110.289402931,204.90824111,108.86664449999999,313.77488560999996,684.9152399,285.3529412,970.2681810999999,3777.8151336609994,10539.865164255614
Mod,H1,Real,CH,Hhigh,HPl_Rb-R,1,5832.759413571235,1017.9099785103258,98251.68470331529,6850.6693920815615,2.5424395492787677,1493.7883963,190.9509894,1684.7393857,44.12484774,3.783646588,47.908494327999996,76.15654433099999,4.027399057,80.183943388,204.90824111,22.43667136,227.34491247,684.9152399,0,684.9152399,2725.091975786,9575.761367867563
Mod,H1,Real,CH,Hhigh,HPl_Rb-R,2,5832.759413571235,1497.6272280104167,108258.18470331529,7330.386641581652,2.53554299755463,1493.7883963,190.9509894,1684.7393857,44.12484774,3.783646588,47.908494327999996,76.15654433099999,4.027399057,80.183943388,204.90824111,22.43667136,227.34491247,684.9152399,0,684.9152399,2725.091975786,10055.478617367651
Mod,H1,Real,CH,Hhigh,HPl_Rb-R,3,5832.759413571235,2101.9362859458083,119644.38470331529,7934.695699517044,2.788991273416699,1493.7883963,234.8663891,1728.6547854,44.12484774,4.540375906,48.665223646,76.15654433099999,4.953630649,81.11017498,204.90824111,27.59671475,232.50495586,684.9152399,0,684.9152399,2775.850379786,10710.546079303043
Mod,H1,Real,CH,Hhigh,HPl_Rb-R,4,5832.759413571235,2783.434276846971,134401.08470331528,8616.193690418206,2.8579567906580783,1493.7883963,407.89785810000006,1901.6862543999998,44.12484774,6.558320753,50.683168493000004,76.15654433099999,8.603084246,84.759628577,204.90824111,47.92784903,252.83609013999998,684.9152399,0,684.9152399,2974.88038151,11591.074071928206
Mod,H1,Real,CH,Hhigh,HPl_Rb-R,5,5832.759413571235,3322.0704794753774,144427.5347033153,9154.829893046612,3.0631292044511818,1493.7883963,407.89785810000006,1901.6862543999998,44.12484774,6.558320753,50.683168493000004,76.15654433099999,8.603084246,84.759628577,204.90824111,47.92784903,252.83609013999998,684.9152399,0,684.9152399,2974.88038151,12129.710274556612
Mod,H1,Real,CH,Hhigh,HPl_Rb-Ro,1,5832.759413571235,1061.738149900497,99081.18470331529,6894.497563471733,2.5476119630718714,1493.7883963,216.2027869,1709.9911831999998,44.12484774,4.116960628,48.241808368,76.15654433099999,4.559991558,80.716535889,204.90824111,25.40374832,230.31198943,684.9152399,0,684.9152399,2754.1767567869997,9648.674320258733
Mod,H1,Real,CH,Hhigh,HPl_Rb-Ro,2,5832.759413571235,1538.456345263346,109072.98470331528,7371.215758834582,2.5476119630718714,1493.7883963,216.2027869,1709.9911831999998,44.12484774,4.116960628,48.241808368,76.15654433099999,4.559991558,80.716535889,204.90824111,25.40374832,230.31198943,684.9152399,0,684.9152399,2754.1767567869997,10125.392515621581
Mod,H1,Real,CH,Hhigh,HPl_Rb-Ro,3,5832.759413571235,2169.6753362148706,120996.7847033153,8002.434749786106,2.8251981699684228,1493.7883963,277.1660528,1770.9544491,44.12484774,5.170983671,49.295831410999995,76.15654433099999,5.845784319,82.00232865,204.90824111,32.56690976,237.47515087,684.9152399,0,684.9152399,2824.642999931,10827.077749717106
Mod,H1,Real,CH,Hhigh,HPl_Rb-Ro,4,5832.759413571235,2905.404787230428,136837.08470331528,8738.164200801664,2.8596809285891127,1493.7883963,537.5473211,2031.3357173999998,44.12484774,7.693414729,51.818262469,76.15654433099999,11.3375562,87.49410053099999,204.90824111,63.16161347,268.06985458,684.9152399,0,684.9152399,3123.63317488,11861.797375681665
Mod,H1,Real,CH,Hhigh,HPl_Rb-Ro,5,5832.759413571235,3445.49999451619,146853.0347033153,9278.259408087426,3.1200257561753197,1493.7883963,537.5473211,2031.3357173999998,44.12484774,7.693414729,51.818262469,76.15654433099999,11.3375562,87.49410053099999,204.90824111,63.16161347,268.06985458,684.9152399,0,684.9152399,3123.63317488,12401.892582967426
Mod,H1,Real,CH,Hhigh,HYD1000-HYD1000,3,NA,NA,75913.32632967552,5286.961914143117,2.4093917256402317,NA,NA,4340.948725,NA,NA,142.9694187,NA,NA,124.5801407,NA,NA,858.0098471,NA,NA,2703.7664399999994,8170.2745715,13457.236485643116
Mod,H1,Real,CH,Hhigh,HYD1000-HYD1000,4,NA,NA,79198.09704051714,5458.57525509407,2.399948217163246,NA,NA,4340.948725,NA,NA,142.9694187,NA,NA,124.5801407,NA,NA,858.0098471,NA,NA,2703.7664399999994,8170.2745715,13628.849826594069
Mod,H1,Real,CH,Hhigh,HYD1000-HYD1000,5,NA,NA,82587.85598295186,5652.022239484027,2.5196683285098587,NA,NA,4340.948725,NA,NA,142.9694187,NA,NA,124.5801407,NA,NA,858.0098471,NA,NA,2703.7664399999994,8170.2745715,13822.296810984026
Mod,H1,Real,CH,Hhigh,HYD200-HYD200,3,NA,NA,66906.87568901514,4774.382967555348,2.024394828812558,NA,NA,3800.131345,NA,NA,132.7495187,NA,NA,120.50282999999999,NA,NA,633.4987348,NA,NA,2769.4356899999993,7456.3181184999985,12230.701086055346
Mod,H1,Real,CH,Hhigh,HYD200-HYD200,4,NA,NA,69734.05173904423,4913.843055410145,2.03706935503299,NA,NA,3800.131345,NA,NA,132.7495187,NA,NA,120.50282999999999,NA,NA,633.4987348,NA,NA,2769.4356899999993,7456.3181184999985,12370.161173910143
Mod,H1,Real,CH,Hhigh,HYD200-HYD200,5,NA,NA,72676.8267437173,5071.825705366107,2.107922034506368,NA,NA,3800.131345,NA,NA,132.7495187,NA,NA,120.50282999999999,NA,NA,633.4987348,NA,NA,2769.4356899999993,7456.3181184999985,12528.143823866107
Mod,H1,Real,CH,Hhigh,HYD500-HYD500,3,NA,NA,73336.16672610209,5106.976117742246,2.2502732693114837,NA,NA,4017.357816,NA,NA,135.6698472,NA,NA,124.5801407,NA,NA,719.6007562,NA,NA,2703.7664399999994,7700.975000099999,12807.951117842245
Mod,H1,Real,CH,Hhigh,HYD500-HYD500,4,NA,NA,76615.7535069777,5267.574448532939,2.256670057563042,NA,NA,4017.357816,NA,NA,135.6698472,NA,NA,124.5801407,NA,NA,719.6007562,NA,NA,2703.7664399999994,7700.975000099999,12968.549448632937
Mod,H1,Real,CH,Hhigh,HYD500-HYD500,5,NA,NA,80000.67549530309,5449.58309008406,2.337671908800269,NA,NA,4017.357816,NA,NA,135.6698472,NA,NA,124.5801407,NA,NA,719.6007562,NA,NA,2703.7664399999994,7700.975000099999,13150.558090184059
Mod,H1,Real,CH,Hhigh,R-HP,1,11100.140734548968,282.04680145820726,160269.5990797462,11382.187536007175,4.6387806693547295,1309.377903,479.5114065,1788.8893095,59.82430438,19.34982176,79.17412614,7.135255231,13.95159063,21.086845861,70.94429546,74.17019318,145.11448864000002,0,285.3529412,285.3529412,2319.617711341,13701.805247348175
Mod,H1,Real,CH,Hhigh,R-HP,2,11100.140734548968,403.90937220439395,162750.5161363853,11504.05010675336,4.635862880490913,1309.377903,479.5114065,1788.8893095,59.82430438,19.34982176,79.17412614,7.135255231,13.95159063,21.086845861,70.94429546,74.17019318,145.11448864000002,0,285.3529412,285.3529412,2319.617711341,13823.66781809436
Mod,H1,Real,CH,Hhigh,R-HP,3,11100.140734548968,564.7534295043026,165684.85868806936,11664.89416405327,4.708334149771104,1309.377903,543.696683,1853.0745860000002,59.82430438,24.404181279999996,84.22848566,7.135255231,17.98784422,25.123099451,70.94429546,81.10948345,152.05377891,0,285.3529412,285.3529412,2399.832891221,14064.72705527427
Mod,H1,Real,CH,Hhigh,R-HP,4,11100.140734548968,754.8694595112469,169599.18953948418,11855.010194060214,4.727244438879125,1309.377903,715.28243,2024.660333,59.82430438,37.88247335,97.70677773,7.135255231,28.75118714,35.886442371,70.94429546,99.6142575,170.55855296000001,0,285.3529412,285.3529412,2614.165047261,14469.175241321214
Mod,H1,Real,CH,Hhigh,R-HP,5,11100.140734548968,888.9741241944542,172075.72830443562,11989.114858743422,4.772695751674177,1309.377903,715.28243,2024.660333,59.82430438,37.88247335,97.70677773,7.135255231,28.75118714,35.886442371,70.94429546,99.6142575,170.55855296000001,0,285.3529412,285.3529412,2614.165047261,14603.279906004422
Mod,H1,Real,CH,Hhigh,R-HPo,1,11100.140734548968,295.73400347728034,160525.38516213725,11395.874738026248,4.644173674025267,1309.377903,517.9205701,1827.2984731,59.82430438,22.38243748,82.20674186,7.135255231,16.37334279,23.508598021,70.94429546,78.33376735,149.27806281,0,285.3529412,285.3529412,2367.6448169909995,13763.519555017248
Mod,H1,Real,CH,Hhigh,R-HPo,2,11100.140734548968,417.35439119887747,163001.28298847505,11517.495125747844,4.641129431126758,1309.377903,517.9205701,1827.2984731,59.82430438,22.38243748,82.20674186,7.135255231,16.37334279,23.508598021,70.94429546,78.33376735,149.27806281,0,285.3529412,285.3529412,2367.6448169909995,13885.139942738844
Mod,H1,Real,CH,Hhigh,R-HPo,3,11100.140734548968,587.2692911080169,166104.99307730776,11687.410025656984,4.717143083284356,1309.377903,595.2489089,1904.6268119,59.82430438,28.4476689,88.27197328,7.135255231,21.2168471,28.352102330999998,70.94429546,86.66091566999998,157.60521113,0,285.3529412,285.3529412,2464.2090398409996,14151.619065497984
Mod,H1,Real,CH,Hhigh,R-HPo,4,11100.140734548968,796.1302113773987,170354.92803864367,11896.270945926366,4.72571110038298,1309.377903,800.9478006000002,2110.3257036,59.82430438,44.62161938,104.44592376,7.135255231,34.1328586,41.268113831,70.94429546,108.86664449999999,179.81093996,0,285.3529412,285.3529412,2721.2036223509995,14617.474568277365
Mod,H1,Real,CH,Hhigh,R-HPo,5,11100.140734548968,929.2906170233788,172828.38808941733,12029.431351572346,4.78183250998863,1309.377903,800.9478006000002,2110.3257036,59.82430438,44.62161938,104.44592376,7.135255231,34.1328586,41.268113831,70.94429546,108.86664449999999,179.81093996,0,285.3529412,285.3529412,2721.2036223509995,14750.634973923345
Mod,H1,Real,CH,Hhigh,R-R,1,11100.140734548968,1017.9099785103258,175862.2987015648,12118.050713059292,4.756771527370007,1309.377903,190.9509894,1500.3288924,59.82430438,3.783646588,63.607950968,7.135255231,4.027399057,11.162654288,70.94429546,22.43667136,93.38096682,0,0,0,1668.4804644760002,13786.531177535293
Mod,H1,Real,CH,Hhigh,R-R,2,11100.140734548968,1497.6272280104167,185868.79870156484,12597.767962559385,4.749874975645868,1309.377903,190.9509894,1500.3288924,59.82430438,3.783646588,63.607950968,7.135255231,4.027399057,11.162654288,70.94429546,22.43667136,93.38096682,0,0,0,1668.4804644760002,14266.248427035385
Mod,H1,Real,CH,Hhigh,R-R,3,11100.140734548968,2101.9362859458083,197254.99870156482,13202.077020494775,5.003323251507938,1309.377903,234.8663891,1544.2442921000002,59.82430438,4.540375906,64.364680286,7.135255231,4.953630649,12.088885880000001,70.94429546,27.59671475,98.54101021000001,0,0,0,1719.238868476,14921.315888970776
Mod,H1,Real,CH,Hhigh,R-R,4,11100.140734548968,2783.434276846971,212011.6987015648,13883.575011395938,5.072288768749317,1309.377903,407.89785810000006,1717.2757611,59.82430438,6.558320753,66.382625133,7.135255231,8.603084246,15.738339477,70.94429546,47.92784903,118.87214449,0,0,0,1918.2688701999998,15801.843881595938
Mod,H1,Real,CH,Hhigh,R-R,5,11100.140734548968,3322.0704794753774,222038.14870156482,14422.211214024344,5.27746118254242,1309.377903,407.89785810000006,1717.2757611,59.82430438,6.558320753,66.382625133,7.135255231,8.603084246,15.738339477,70.94429546,47.92784903,118.87214449,0,0,0,1918.2688701999998,16340.480084224344
Mod,H1,Real,CH,Hhigh,R-Ro,1,11100.140734548968,1061.738149900497,176691.7987015648,12161.878884449465,4.76194394116311,1309.377903,216.2027869,1525.5806899,59.82430438,4.116960628,63.941265007999995,7.135255231,4.559991558,11.695246789,70.94429546,25.40374832,96.34804378000001,0,0,0,1697.5652454770002,13859.444129926465
Mod,H1,Real,CH,Hhigh,R-Ro,2,11100.140734548968,1538.456345263346,186683.59870156483,12638.597079812314,4.76194394116311,1309.377903,216.2027869,1525.5806899,59.82430438,4.116960628,63.941265007999995,7.135255231,4.559991558,11.695246789,70.94429546,25.40374832,96.34804378000001,0,0,0,1697.5652454770002,14336.162325289315
Mod,H1,Real,CH,Hhigh,R-Ro,3,11100.140734548968,2169.6753362148706,198607.39870156482,13269.816070763838,5.0395301480596615,1309.377903,277.1660528,1586.5439558,59.82430438,5.170983671,64.99528805099999,7.135255231,5.845784319,12.98103955,70.94429546,32.56690976,103.51120522,0,0,0,1768.031488621,15037.847559384838
Mod,H1,Real,CH,Hhigh,R-Ro,4,11100.140734548968,2905.404787230428,214447.6987015648,14005.545521779395,5.074012906680351,1309.377903,537.5473211,1846.9252240999997,59.82430438,7.693414729,67.517719109,7.135255231,11.3375562,18.472811431,70.94429546,63.16161347,134.10590893,0,0,0,2067.02166357,16072.567185349395
Mod,H1,Real,CH,Hhigh,R-Ro,5,11100.140734548968,3445.49999451619,224463.64870156482,14545.640729065157,5.3343577342665585,1309.377903,537.5473211,1846.9252240999997,59.82430438,7.693414729,67.517719109,7.135255231,11.3375562,18.472811431,70.94429546,63.16161347,134.10590893,0,0,0,2067.02166357,16612.662392635157
Mod,H1,Real,CH,Hlow,HP-HP,1,4803.487166675626,372.30840607725435,49300.368320038404,5175.795572752881,1.4105676022131706,1836.3662530000001,479.5114065,2315.8776595,43.21056854,19.34982176,62.5603903,136.7325032,13.95159063,150.68409383,366.1839667,74.17019318,440.35415988,1981.974063,285.3529412,2267.3270042,5236.803307710001,10412.598880462881
Mod,H1,Real,CH,Hlow,HP-HP,2,4803.487166675626,532.223798557884,51781.28537667751,5335.71096523351,1.407649813349355,1836.3662530000001,479.5114065,2315.8776595,43.21056854,19.34982176,62.5603903,136.7325032,13.95159063,150.68409383,366.1839667,74.17019318,440.35415988,1981.974063,285.3529412,2267.3270042,5236.803307710001,10572.51427294351
Mod,H1,Real,CH,Hlow,HP-HP,3,4803.487166675626,748.8334885818209,54715.62792836156,5552.3206552574475,1.480121082629545,1836.3662530000001,543.696683,2380.0629360000003,43.21056854,24.404181279999996,67.61474981999999,136.7325032,17.98784422,154.72034742,366.1839667,81.10948345,447.29345014999996,1981.974063,285.3529412,2267.3270042,5317.0184875899995,10869.339142847446
Mod,H1,Real,CH,Hlow,HP-HP,4,4803.487166675626,980.1839765985918,58629.95877977637,5783.671143274219,1.4990313717375656,1836.3662530000001,715.28243,2551.6486830000003,43.21056854,37.88247335,81.09304189,136.7325032,28.75118714,165.48369033999998,366.1839667,99.6142575,465.79822420000005,1981.974063,285.3529412,2267.3270042,5531.3506436299995,11315.021786904217
Mod,H1,Real,CH,Hlow,HP-HP,5,4803.487166675626,1142.7371888019713,61106.49754472782,5946.224355477598,1.5444826845326176,1836.3662530000001,715.28243,2551.6486830000003,43.21056854,37.88247335,81.09304189,136.7325032,28.75118714,165.48369033999998,366.1839667,99.6142575,465.79822420000005,1981.974063,285.3529412,2267.3270042,5531.3506436299995,11477.574999107597
Mod,H1,Real,CH,Hlow,HP-HPo,1,4803.487166675626,389.14955936195724,49556.154402429434,5192.636726037584,1.4159606068837076,1836.3662530000001,517.9205701,2354.2868230999998,43.21056854,22.38243748,65.59300601999999,136.7325032,16.37334279,153.10584598999998,366.1839667,78.33376735,444.51773405,1981.974063,285.3529412,2267.3270042,5284.8304133599995,10477.467139397584
Mod,H1,Real,CH,Hlow,HP-HPo,2,4803.487166675626,549.0544418571677,52032.05222876725,5352.541608532794,1.4129163639851985,1836.3662530000001,517.9205701,2354.2868230999998,43.21056854,22.38243748,65.59300601999999,136.7325032,16.37334279,153.10584598999998,366.1839667,78.33376735,444.51773405,1981.974063,285.3529412,2267.3270042,5284.8304133599995,10637.372021892794
Mod,H1,Real,CH,Hlow,HP-HPo,3,4803.487166675626,778.0206423000375,55135.76231759996,5581.5078089756635,1.488930016142797,1836.3662530000001,595.2489089,2431.6151618999997,43.21056854,28.4476689,71.65823744,136.7325032,21.2168471,157.9493503,366.1839667,86.66091566999998,452.84488237,1981.974063,285.3529412,2267.3270042,5381.39463621,10962.902445185664
Mod,H1,Real,CH,Hlow,HP-HPo,4,4803.487166675626,1031.9915143232504,59385.69727893585,5835.478680998876,1.4974980332414207,1836.3662530000001,800.9478006000002,2637.3140536,43.21056854,44.62161938,87.83218792,136.7325032,34.1328586,170.86536180000002,366.1839667,108.86664449999999,475.05061120000005,1981.974063,285.3529412,2267.3270042,5638.38921872,11473.867899718876
Mod,H1,Real,CH,Hlow,HP-HPo,5,4803.487166675626,1193.5070035008418,61859.157329709524,5996.994170176468,1.5536194428470707,1836.3662530000001,800.9478006000002,2637.3140536,43.21056854,44.62161938,87.83218792,136.7325032,34.1328586,170.86536180000002,366.1839667,108.86664449999999,475.05061120000005,1981.974063,285.3529412,2267.3270042,5638.38921872,11635.38338889647
Mod,H1,Real,CH,Hlow,HP-R,1,4803.487166675626,1326.4772221627102,64893.067941857,6129.964388838337,1.5285584602284477,1836.3662530000001,190.9509894,2027.3172424000002,43.21056854,3.783646588,46.99421512799999,136.7325032,4.027399057,140.759902257,366.1839667,22.43667136,388.62063806000003,1981.974063,0,1981.974063,4585.666060845,10715.630449683336
Mod,H1,Real,CH,Hlow,HP-R,2,4803.487166675626,1953.0899037321874,74899.567941857,6756.577070407814,1.5216619085043097,1836.3662530000001,190.9509894,2027.3172424000002,43.21056854,3.783646588,46.99421512799999,136.7325032,4.027399057,140.759902257,366.1839667,22.43667136,388.62063806000003,1981.974063,0,1981.974063,4585.666060845,11342.243131252813
Mod,H1,Real,CH,Hlow,HP-R,3,4803.487166675626,2755.547060955901,86285.767941857,7559.034227631528,1.7751101843663786,1836.3662530000001,234.8663891,2071.2326421000002,43.21056854,4.540375906,47.750944446,136.7325032,4.953630649,141.686133849,366.1839667,27.59671475,393.78068145000003,1981.974063,0,1981.974063,4636.424464845,12195.458692476528
Mod,H1,Real,CH,Hlow,HP-R,4,4803.487166675626,3559.8614306749255,101042.46794185702,8363.348597350552,1.8440757016077578,1836.3662530000001,407.89785810000006,2244.2641111,43.21056854,6.558320753,49.768889292999994,136.7325032,8.603084246,145.335587446,366.1839667,47.92784903,414.11181573,1981.974063,0,1981.974063,4835.454466568999,13198.803063919551
Mod,H1,Real,CH,Hlow,HP-R,5,4803.487166675626,4209.577289410385,111068.91794185701,9013.064456086011,2.0492481154008613,1836.3662530000001,407.89785810000006,2244.2641111,43.21056854,6.558320753,49.768889292999994,136.7325032,8.603084246,145.335587446,366.1839667,47.92784903,414.11181573,1981.974063,0,1981.974063,4835.454466568999,13848.51892265501
Mod,H1,Real,CH,Hlow,HP-Ro,1,4803.487166675626,1378.3703594628885,65722.567941857,6181.857526138515,1.533730874021551,1836.3662530000001,216.2027869,2052.5690399,43.21056854,4.116960628,47.32752916799999,136.7325032,4.559991558,141.292494758,366.1839667,25.40374832,391.58771501999996,1981.974063,0,1981.974063,4614.750841846,10796.608367984514
Mod,H1,Real,CH,Hlow,HP-Ro,2,4803.487166675626,2003.5109954738573,75714.36794185701,6806.9981621494835,1.533730874021551,1836.3662530000001,216.2027869,2052.5690399,43.21056854,4.116960628,47.32752916799999,136.7325032,4.559991558,141.292494758,366.1839667,25.40374832,391.58771501999996,1981.974063,0,1981.974063,4614.750841846,11421.749003995483
Mod,H1,Real,CH,Hlow,HP-Ro,3,4803.487166675626,2837.534301570244,87638.16794185701,7641.021468245871,1.8113170809181027,1836.3662530000001,277.1660528,2113.5323058,43.21056854,5.170983671,48.38155221099999,136.7325032,5.845784319,142.57828751899999,366.1839667,32.56690976,398.75087646000003,1981.974063,0,1981.974063,4685.217084989999,12326.238553235871
Mod,H1,Real,CH,Hlow,HP-Ro,4,4803.487166675626,3712.6020944108504,103478.46794185702,8516.089261086476,1.8457998395387925,1836.3662530000001,537.5473211,2373.9135741,43.21056854,7.693414729,50.903983268999994,136.7325032,11.3375562,148.0700594,366.1839667,63.16161347,429.34558017,1981.974063,0,1981.974063,4984.207259939,13500.296521025477
Mod,H1,Real,CH,Hlow,HP-Ro,5,4803.487166675626,4362.2475957763645,113494.41794185701,9165.73476245199,2.1061446671249993,1836.3662530000001,537.5473211,2373.9135741,43.21056854,7.693414729,50.903983268999994,136.7325032,11.3375562,148.0700594,366.1839667,63.16161347,429.34558017,1981.974063,0,1981.974063,4984.207259939,14149.942022390991
Mod,H1,Real,CH,Hlow,HPl_Rb-HP,1,8746.114557316614,372.30840607725435,82658.98508149668,9118.422963393868,2.424448691263491,1493.7883963,479.5114065,1973.2998028,44.12484774,19.34982176,63.4746695,76.15654433099999,13.95159063,90.10813496099999,204.90824111,74.17019318,279.07843429,684.9152399,285.3529412,970.2681810999999,3376.229222651,12494.652186044868
Mod,H1,Real,CH,Hlow,HPl_Rb-HP,2,8746.114557316614,532.223798557884,85139.90213813579,9278.338355874499,2.421530902399675,1493.7883963,479.5114065,1973.2998028,44.12484774,19.34982176,63.4746695,76.15654433099999,13.95159063,90.10813496099999,204.90824111,74.17019318,279.07843429,684.9152399,285.3529412,970.2681810999999,3376.229222651,12654.567578525499
Mod,H1,Real,CH,Hlow,HPl_Rb-HP,3,8746.114557316614,748.8334885818209,88074.244689819825,9494.948045898436,2.494002171679865,1493.7883963,543.696683,2037.4850793,44.12484774,24.404181279999996,68.52902902,76.15654433099999,17.98784422,94.14438855099999,204.90824111,81.10948345,286.01772456000003,684.9152399,285.3529412,970.2681810999999,3456.444402531,12951.392448429437
Mod,H1,Real,CH,Hlow,HPl_Rb-HP,4,8746.114557316614,980.1839765985918,91988.57554123465,9726.298533915207,2.512912460787886,1493.7883963,715.28243,2209.0708263,44.12484774,37.88247335,82.00732109,76.15654433099999,28.75118714,104.90773147099999,204.90824111,99.6142575,304.52249860999996,684.9152399,285.3529412,970.2681810999999,3670.776558571,13397.075092486208
Mod,H1,Real,CH,Hlow,HPl_Rb-HP,5,8746.114557316614,1142.7371888019713,94465.1143061861,9888.851746118586,2.558363773582938,1493.7883963,715.28243,2209.0708263,44.12484774,37.88247335,82.00732109,76.15654433099999,28.75118714,104.90773147099999,204.90824111,99.6142575,304.52249860999996,684.9152399,285.3529412,970.2681810999999,3670.776558571,13559.628304689586
Mod,H1,Real,CH,Hlow,HPl_Rb-HPo,1,8746.114557316614,389.14955936195724,82914.77116388771,9135.264116678572,2.429841695934028,1493.7883963,517.9205701,2011.7089663999998,44.12484774,22.38243748,66.50728522,76.15654433099999,16.37334279,92.529887121,204.90824111,78.33376735,283.24200846,684.9152399,285.3529412,970.2681810999999,3424.256328300999,12559.520444979571
Mod,H1,Real,CH,Hlow,HPl_Rb-HPo,2,8746.114557316614,549.0544418571677,85390.66899022555,9295.168999173782,2.4267974530355185,1493.7883963,517.9205701,2011.7089663999998,44.12484774,22.38243748,66.50728522,76.15654433099999,16.37334279,92.529887121,204.90824111,78.33376735,283.24200846,684.9152399,285.3529412,970.2681810999999,3424.256328300999,12719.42532747478
Mod,H1,Real,CH,Hlow,HPl_Rb-HPo,3,8746.114557316614,778.0206423000375,88494.37907905824,9524.135199616652,2.5028111051931172,1493.7883963,595.2489089,2089.0373051999995,44.12484774,28.4476689,72.57251663999999,76.15654433099999,21.2168471,97.37339143099999,204.90824111,86.66091566999998,291.56915677999996,684.9152399,285.3529412,970.2681810999999,3520.820551150999,13044.95575076765
Mod,H1,Real,CH,Hlow,HPl_Rb-HPo,4,8746.114557316614,1031.9915143232504,92744.31404039414,9778.106071639864,2.511379122291741,1493.7883963,800.9478006000002,2294.7361969,44.12484774,44.62161938,88.74646712,76.15654433099999,34.1328586,110.289402931,204.90824111,108.86664449999999,313.77488560999996,684.9152399,285.3529412,970.2681810999999,3777.8151336609994,13555.921205300863
Mod,H1,Real,CH,Hlow,HPl_Rb-HPo,5,8746.114557316614,1193.5070035008418,95217.77409116781,9939.621560817457,2.567500531897391,1493.7883963,800.9478006000002,2294.7361969,44.12484774,44.62161938,88.74646712,76.15654433099999,34.1328586,110.289402931,204.90824111,108.86664449999999,313.77488560999996,684.9152399,285.3529412,970.2681810999999,3777.8151336609994,13717.436694478456
Mod,H1,Real,CH,Hlow,HPl_Rb-R,1,8746.114557316614,1326.4772221627102,98251.68470331529,10072.591779479326,2.5424395492787677,1493.7883963,190.9509894,1684.7393857,44.12484774,3.783646588,47.908494327999996,76.15654433099999,4.027399057,80.183943388,204.90824111,22.43667136,227.34491247,684.9152399,0,684.9152399,2725.091975786,12797.683755265327
Mod,H1,Real,CH,Hlow,HPl_Rb-R,2,8746.114557316614,1953.0899037321874,108258.18470331529,10699.204461048803,2.53554299755463,1493.7883963,190.9509894,1684.7393857,44.12484774,3.783646588,47.908494327999996,76.15654433099999,4.027399057,80.183943388,204.90824111,22.43667136,227.34491247,684.9152399,0,684.9152399,2725.091975786,13424.296436834804
Mod,H1,Real,CH,Hlow,HPl_Rb-R,3,8746.114557316614,2755.547060955901,119644.38470331529,11501.661618272516,2.788991273416699,1493.7883963,234.8663891,1728.6547854,44.12484774,4.540375906,48.665223646,76.15654433099999,4.953630649,81.11017498,204.90824111,27.59671475,232.50495586,684.9152399,0,684.9152399,2775.850379786,14277.511998058515
Mod,H1,Real,CH,Hlow,HPl_Rb-R,4,8746.114557316614,3559.8614306749255,134401.08470331528,12305.97598799154,2.8579567906580783,1493.7883963,407.89785810000006,1901.6862543999998,44.12484774,6.558320753,50.683168493000004,76.15654433099999,8.603084246,84.759628577,204.90824111,47.92784903,252.83609013999998,684.9152399,0,684.9152399,2974.88038151,15280.85636950154
Mod,H1,Real,CH,Hlow,HPl_Rb-R,5,8746.114557316614,4209.577289410385,144427.5347033153,12955.691846726999,3.0631292044511818,1493.7883963,407.89785810000006,1901.6862543999998,44.12484774,6.558320753,50.683168493000004,76.15654433099999,8.603084246,84.759628577,204.90824111,47.92784903,252.83609013999998,684.9152399,0,684.9152399,2974.88038151,15930.572228236999
Mod,H1,Real,CH,Hlow,HPl_Rb-Ro,1,8746.114557316614,1378.3703594628885,99081.18470331529,10124.484916779504,2.5476119630718714,1493.7883963,216.2027869,1709.9911831999998,44.12484774,4.116960628,48.241808368,76.15654433099999,4.559991558,80.716535889,204.90824111,25.40374832,230.31198943,684.9152399,0,684.9152399,2754.1767567869997,12878.661673566503
Mod,H1,Real,CH,Hlow,HPl_Rb-Ro,2,8746.114557316614,2003.5109954738573,109072.98470331528,10749.625552790472,2.5476119630718714,1493.7883963,216.2027869,1709.9911831999998,44.12484774,4.116960628,48.241808368,76.15654433099999,4.559991558,80.716535889,204.90824111,25.40374832,230.31198943,684.9152399,0,684.9152399,2754.1767567869997,13503.802309577472
Mod,H1,Real,CH,Hlow,HPl_Rb-Ro,3,8746.114557316614,2837.534301570244,120996.7847033153,11583.64885888686,2.8251981699684228,1493.7883963,277.1660528,1770.9544491,44.12484774,5.170983671,49.295831410999995,76.15654433099999,5.845784319,82.00232865,204.90824111,32.56690976,237.47515087,684.9152399,0,684.9152399,2824.642999931,14408.29185881786
Mod,H1,Real,CH,Hlow,HPl_Rb-Ro,4,8746.114557316614,3712.6020944108504,136837.08470331528,12458.716651727465,2.8596809285891127,1493.7883963,537.5473211,2031.3357173999998,44.12484774,7.693414729,51.818262469,76.15654433099999,11.3375562,87.49410053099999,204.90824111,63.16161347,268.06985458,684.9152399,0,684.9152399,3123.63317488,15582.349826607466
Mod,H1,Real,CH,Hlow,HPl_Rb-Ro,5,8746.114557316614,4362.2475957763645,146853.0347033153,13108.36215309298,3.1200257561753197,1493.7883963,537.5473211,2031.3357173999998,44.12484774,7.693414729,51.818262469,76.15654433099999,11.3375562,87.49410053099999,204.90824111,63.16161347,268.06985458,684.9152399,0,684.9152399,3123.63317488,16231.99532797298
Mod,H1,Real,CH,Hlow,HYD1000-HYD1000,3,NA,NA,75913.32632967552,7656.79284101236,2.4093917256402317,NA,NA,4340.948725,NA,NA,142.9694187,NA,NA,124.5801407,NA,NA,858.0098471,NA,NA,2703.7664399999994,8170.2745715,15827.06741251236
Mod,H1,Real,CH,Hlow,HYD1000-HYD1000,4,NA,NA,79198.09704051714,7857.534309055868,2.399948217163246,NA,NA,4340.948725,NA,NA,142.9694187,NA,NA,124.5801407,NA,NA,858.0098471,NA,NA,2703.7664399999994,8170.2745715,16027.80888055587
Mod,H1,Real,CH,Hlow,HYD1000-HYD1000,5,NA,NA,82587.85598295186,8091.229104625166,2.5196683285098587,NA,NA,4340.948725,NA,NA,142.9694187,NA,NA,124.5801407,NA,NA,858.0098471,NA,NA,2703.7664399999994,8170.2745715,16261.503676125165
Mod,H1,Real,CH,Hlow,HYD200-HYD200,3,NA,NA,66906.87568901514,6997.9100634922315,2.024394828812558,NA,NA,3800.131345,NA,NA,132.7495187,NA,NA,120.50282999999999,NA,NA,633.4987348,NA,NA,2769.4356899999993,7456.3181184999985,14454.22818199223
Mod,H1,Real,CH,Hlow,HYD200-HYD200,4,NA,NA,69734.05173904423,7167.426335221639,2.03706935503299,NA,NA,3800.131345,NA,NA,132.7495187,NA,NA,120.50282999999999,NA,NA,633.4987348,NA,NA,2769.4356899999993,7456.3181184999985,14623.744453721638
Mod,H1,Real,CH,Hlow,HYD200-HYD200,5,NA,NA,72676.8267437173,7363.813809935192,2.107922034506368,NA,NA,3800.131345,NA,NA,132.7495187,NA,NA,120.50282999999999,NA,NA,633.4987348,NA,NA,2769.4356899999993,7456.3181184999985,14820.13192843519
Mod,H1,Real,CH,Hlow,HYD500-HYD500,3,NA,NA,73336.16672610209,7427.502799431919,2.2502732693114837,NA,NA,4017.357816,NA,NA,135.6698472,NA,NA,124.5801407,NA,NA,719.6007562,NA,NA,2703.7664399999994,7700.975000099999,15128.477799531918
Mod,H1,Real,CH,Hlow,HYD500-HYD500,4,NA,NA,76615.7535069777,7617.738127809245,2.256670057563042,NA,NA,4017.357816,NA,NA,135.6698472,NA,NA,124.5801407,NA,NA,719.6007562,NA,NA,2703.7664399999994,7700.975000099999,15318.713127909245
Mod,H1,Real,CH,Hlow,HYD500-HYD500,5,NA,NA,80000.67549530309,7839.8419474207885,2.337671908800269,NA,NA,4017.357816,NA,NA,135.6698472,NA,NA,124.5801407,NA,NA,719.6007562,NA,NA,2703.7664399999994,7700.975000099999,15540.816947520787
Mod,H1,Real,CH,Hlow,R-HP,1,16555.466579197673,372.30840607725435,160269.5990797462,16927.774985274926,4.6387806693547295,1309.377903,479.5114065,1788.8893095,59.82430438,19.34982176,79.17412614,7.135255231,13.95159063,21.086845861,70.94429546,74.17019318,145.11448864000002,0,285.3529412,285.3529412,2319.617711341,19247.392696615927
Mod,H1,Real,CH,Hlow,R-HP,2,16555.466579197673,532.223798557884,162750.5161363853,17087.690377755556,4.635862880490913,1309.377903,479.5114065,1788.8893095,59.82430438,19.34982176,79.17412614,7.135255231,13.95159063,21.086845861,70.94429546,74.17019318,145.11448864000002,0,285.3529412,285.3529412,2319.617711341,19407.308089096558
Mod,H1,Real,CH,Hlow,R-HP,3,16555.466579197673,748.8334885818209,165684.85868806936,17304.30006777949,4.708334149771104,1309.377903,543.696683,1853.0745860000002,59.82430438,24.404181279999996,84.22848566,7.135255231,17.98784422,25.123099451,70.94429546,81.10948345,152.05377891,0,285.3529412,285.3529412,2399.832891221,19704.13295900049
Mod,H1,Real,CH,Hlow,R-HP,4,16555.466579197673,980.1839765985918,169599.18953948418,17535.650555796263,4.727244438879125,1309.377903,715.28243,2024.660333,59.82430438,37.88247335,97.70677773,7.135255231,28.75118714,35.886442371,70.94429546,99.6142575,170.55855296000001,0,285.3529412,285.3529412,2614.165047261,20149.815603057265
Mod,H1,Real,CH,Hlow,R-HP,5,16555.466579197673,1142.7371888019713,172075.72830443562,17698.203767999643,4.772695751674177,1309.377903,715.28243,2024.660333,59.82430438,37.88247335,97.70677773,7.135255231,28.75118714,35.886442371,70.94429546,99.6142575,170.55855296000001,0,285.3529412,285.3529412,2614.165047261,20312.36881526064
Mod,H1,Real,CH,Hlow,R-HPo,1,16555.466579197673,389.14955936195724,160525.38516213725,16944.616138559628,4.644173674025267,1309.377903,517.9205701,1827.2984731,59.82430438,22.38243748,82.20674186,7.135255231,16.37334279,23.508598021,70.94429546,78.33376735,149.27806281,0,285.3529412,285.3529412,2367.6448169909995,19312.260955550628
Mod,H1,Real,CH,Hlow,R-HPo,2,16555.466579197673,549.0544418571677,163001.28298847505,17104.52102105484,4.641129431126758,1309.377903,517.9205701,1827.2984731,59.82430438,22.38243748,82.20674186,7.135255231,16.37334279,23.508598021,70.94429546,78.33376735,149.27806281,0,285.3529412,285.3529412,2367.6448169909995,19472.16583804584
Mod,H1,Real,CH,Hlow,R-HPo,3,16555.466579197673,778.0206423000375,166104.99307730776,17333.48722149771,4.717143083284356,1309.377903,595.2489089,1904.6268119,59.82430438,28.4476689,88.27197328,7.135255231,21.2168471,28.352102330999998,70.94429546,86.66091566999998,157.60521113,0,285.3529412,285.3529412,2464.2090398409996,19797.69626133871
Mod,H1,Real,CH,Hlow,R-HPo,4,16555.466579197673,1031.9915143232504,170354.92803864367,17587.458093520923,4.72571110038298,1309.377903,800.9478006000002,2110.3257036,59.82430438,44.62161938,104.44592376,7.135255231,34.1328586,41.268113831,70.94429546,108.86664449999999,179.81093996,0,285.3529412,285.3529412,2721.2036223509995,20308.661715871924
Mod,H1,Real,CH,Hlow,R-HPo,5,16555.466579197673,1193.5070035008418,172828.38808941733,17748.973582698512,4.78183250998863,1309.377903,800.9478006000002,2110.3257036,59.82430438,44.62161938,104.44592376,7.135255231,34.1328586,41.268113831,70.94429546,108.86664449999999,179.81093996,0,285.3529412,285.3529412,2721.2036223509995,20470.177205049513
Mod,H1,Real,CH,Hlow,R-R,1,16555.466579197673,1326.4772221627102,175862.2987015648,17881.943801360383,4.756771527370007,1309.377903,190.9509894,1500.3288924,59.82430438,3.783646588,63.607950968,7.135255231,4.027399057,11.162654288,70.94429546,22.43667136,93.38096682,0,0,0,1668.4804644760002,19550.424265836384
Mod,H1,Real,CH,Hlow,R-R,2,16555.466579197673,1953.0899037321874,185868.79870156484,18508.55648292986,4.749874975645868,1309.377903,190.9509894,1500.3288924,59.82430438,3.783646588,63.607950968,7.135255231,4.027399057,11.162654288,70.94429546,22.43667136,93.38096682,0,0,0,1668.4804644760002,20177.03694740586
Mod,H1,Real,CH,Hlow,R-R,3,16555.466579197673,2755.547060955901,197254.99870156482,19311.013640153575,5.003323251507938,1309.377903,234.8663891,1544.2442921000002,59.82430438,4.540375906,64.364680286,7.135255231,4.953630649,12.088885880000001,70.94429546,27.59671475,98.54101021000001,0,0,0,1719.238868476,21030.252508629575
Mod,H1,Real,CH,Hlow,R-R,4,16555.466579197673,3559.8614306749255,212011.6987015648,20115.3280098726,5.072288768749317,1309.377903,407.89785810000006,1717.2757611,59.82430438,6.558320753,66.382625133,7.135255231,8.603084246,15.738339477,70.94429546,47.92784903,118.87214449,0,0,0,1918.2688701999998,22033.5968800726
Mod,H1,Real,CH,Hlow,R-R,5,16555.466579197673,4209.577289410385,222038.14870156482,20765.043868608056,5.27746118254242,1309.377903,407.89785810000006,1717.2757611,59.82430438,6.558320753,66.382625133,7.135255231,8.603084246,15.738339477,70.94429546,47.92784903,118.87214449,0,0,0,1918.2688701999998,22683.312738808057
Mod,H1,Real,CH,Hlow,R-Ro,1,16555.466579197673,1378.3703594628885,176691.7987015648,17933.83693866056,4.76194394116311,1309.377903,216.2027869,1525.5806899,59.82430438,4.116960628,63.941265007999995,7.135255231,4.559991558,11.695246789,70.94429546,25.40374832,96.34804378000001,0,0,0,1697.5652454770002,19631.402184137558
Mod,H1,Real,CH,Hlow,R-Ro,2,16555.466579197673,2003.5109954738573,186683.59870156483,18558.977574671528,4.76194394116311,1309.377903,216.2027869,1525.5806899,59.82430438,4.116960628,63.941265007999995,7.135255231,4.559991558,11.695246789,70.94429546,25.40374832,96.34804378000001,0,0,0,1697.5652454770002,20256.542820148527
Mod,H1,Real,CH,Hlow,R-Ro,3,16555.466579197673,2837.534301570244,198607.39870156482,19393.000880767915,5.0395301480596615,1309.377903,277.1660528,1586.5439558,59.82430438,5.170983671,64.99528805099999,7.135255231,5.845784319,12.98103955,70.94429546,32.56690976,103.51120522,0,0,0,1768.031488621,21161.032369388915
Mod,H1,Real,CH,Hlow,R-Ro,4,16555.466579197673,3712.6020944108504,214447.6987015648,20268.068673608523,5.074012906680351,1309.377903,537.5473211,1846.9252240999997,59.82430438,7.693414729,67.517719109,7.135255231,11.3375562,18.472811431,70.94429546,63.16161347,134.10590893,0,0,0,2067.02166357,22335.090337178524
Mod,H1,Real,CH,Hlow,R-Ro,5,16555.466579197673,4362.2475957763645,224463.64870156482,20917.714174974037,5.3343577342665585,1309.377903,537.5473211,1846.9252240999997,59.82430438,7.693414729,67.517719109,7.135255231,11.3375562,18.472811431,70.94429546,63.16161347,134.10590893,0,0,0,2067.02166357,22984.73583854404
Mod,Nom,Ideal,AK,Hhigh,HP-HP,1,1305.7691069264954,253.60213377482708,23065.660684383376,1559.3712407013224,0.5812392484683804,1869.5477900000003,479.5114065,2349.0591965000003,44.044790199999994,19.34982176,63.394611960000006,141.5319973,13.95159063,155.48358793,371.3462367000001,74.17019318,445.51642988000003,1993.5191580000003,285.3529412,2278.8720992000003,5292.325925470001,6851.697166171323
Mod,Nom,Ideal,AK,Hhigh,HP-HP,2,1305.7691069264954,367.86899239150006,25413.716658531008,1673.6380993179953,0.5802540270737302,1869.5477900000003,479.5114065,2349.0591965000003,44.044790199999994,19.34982176,63.394611960000006,141.5319973,13.95159063,155.48358793,371.3462367000001,74.17019318,445.51642988000003,1993.5191580000003,285.3529412,2278.8720992000003,5292.325925470001,6965.964024787996
Mod,Nom,Ideal,AK,Hhigh,HP-HP,3,1305.7691069264954,514.3746227915257,28142.61542397557,1820.143729718021,0.6428732153607564,1869.5477900000003,543.696683,2413.244473,44.044790199999994,24.404181279999996,68.44897148,141.5319973,17.98784422,159.51984152,371.3462367000001,81.10948345,452.45572015000005,1993.5191580000003,285.3529412,2278.8720992000003,5372.541105350001,7192.684835068022
Mod,Nom,Ideal,AK,Hhigh,HP-HP,4,1305.7691069264954,683.8242802357358,31719.48373669834,1989.5933871622312,0.6590197737993722,1869.5477900000003,715.28243,2584.83022,44.044790199999994,37.88247335,81.92726354999999,141.5319973,28.75118714,170.28318444,371.3462367000001,99.6142575,470.9604942000001,1993.5191580000003,285.3529412,2278.8720992000003,5586.87326139,7576.466648552231
Mod,Nom,Ideal,AK,Hhigh,HP-HP,5,1305.7691069264954,811.0471489691697,34082.722105599496,2116.816255895665,0.707812479366848,1869.5477900000003,715.28243,2584.83022,44.044790199999994,37.88247335,81.92726354999999,141.5319973,28.75118714,170.28318444,371.3462367000001,99.6142575,470.9604942000001,1993.5191580000003,285.3529412,2278.8720992000003,5586.87326139,7703.689517285666
Mod,Nom,Ideal,AK,Hhigh,HP-HPo,1,1305.7691069264954,265.3347192220931,23285.051367920234,1571.1038261485885,0.5812667603465643,1869.5477900000003,517.9205701,2387.4683601,44.044790199999994,22.38243748,66.42722768,141.5319973,16.37334279,157.90534009,371.3462367000001,78.33376735,449.68000405000004,1993.5191580000003,285.3529412,2278.8720992000003,5340.353031120001,6911.456857268589
Mod,Nom,Ideal,AK,Hhigh,HP-HPo,2,1305.7691069264954,378.6058320634824,25629.001210836894,1684.3749389899776,0.5822693363512506,1869.5477900000003,517.9205701,2387.4683601,44.044790199999994,22.38243748,66.42722768,141.5319973,16.37334279,157.90534009,371.3462367000001,78.33376735,449.68000405000004,1993.5191580000003,285.3529412,2278.8720992000003,5340.353031120001,7024.727970109979
Mod,Nom,Ideal,AK,Hhigh,HP-HPo,3,1305.7691069264954,533.3331801228186,28501.940905086725,1839.1022870493139,0.6549808398342098,1869.5477900000003,595.2489089,2464.7966989,44.044790199999994,28.4476689,72.4924591,141.5319973,21.2168471,162.7488444,371.3462367000001,86.66091566999998,458.00715237000003,1993.5191580000003,285.3529412,2278.8720992000003,5436.91725397,7276.019541019314
Mod,Nom,Ideal,AK,Hhigh,HP-HPo,4,1305.7691069264954,718.1717882443478,32368.34818692782,2023.940895170843,0.6655730180852576,1869.5477900000003,800.9478006000002,2670.4955906000005,44.044790199999994,44.62161938,88.66640957999999,141.5319973,34.1328586,175.66485590000002,371.3462367000001,108.86664449999999,480.2128812000001,1993.5191580000003,285.3529412,2278.8720992000003,5693.9118364800015,7717.852731650844
Mod,Nom,Ideal,AK,Hhigh,HP-HPo,5,1305.7691069264954,844.8073449193391,34728.47172889509,2150.5764518458345,0.7123711339522545,1869.5477900000003,800.9478006000002,2670.4955906000005,44.044790199999994,44.62161938,88.66640957999999,141.5319973,34.1328586,175.66485590000002,371.3462367000001,108.86664449999999,480.2128812000001,1993.5191580000003,285.3529412,2278.8720992000003,5693.9118364800015,7844.488288325836
Mod,Nom,Ideal,AK,Hhigh,HP-R,1,1305.7691069264954,1017.9099785103258,39104.99169399098,2323.679085436821,0.7048412102374296,1869.5477900000003,190.9509894,2060.4987794000003,44.044790199999994,3.783646588,47.828436788,141.5319973,4.027399057,145.55939635700003,371.3462367000001,22.43667136,393.78290806000007,1993.5191580000003,0,1993.5191580000003,4641.188678605001,6964.867764041822
Mod,Nom,Ideal,AK,Hhigh,HP-R,2,1305.7691069264954,1497.6272280104167,49111.49169399098,2803.396334936912,0.6979446585132918,1869.5477900000003,190.9509894,2060.4987794000003,44.044790199999994,3.783646588,47.828436788,141.5319973,4.027399057,145.55939635700003,371.3462367000001,22.43667136,393.78290806000007,1993.5191580000003,0,1993.5191580000003,4641.188678605001,7444.585013541913
Mod,Nom,Ideal,AK,Hhigh,HP-R,3,1305.7691069264954,2101.9362859458083,60497.69169399098,3407.7053928723035,0.9513929343753607,1869.5477900000003,234.8663891,2104.4141791,44.044790199999994,4.540375906,48.585166106,141.5319973,4.953630649,146.485627949,371.3462367000001,27.59671475,398.94295145000007,1993.5191580000003,0,1993.5191580000003,4691.947082605001,8099.6524754773045
Mod,Nom,Ideal,AK,Hhigh,HP-R,4,1305.7691069264954,2783.434276846971,75254.39169399097,4089.2033837734666,1.0203584516167399,1869.5477900000003,407.89785810000006,2277.4456481,44.044790199999994,6.558320753,50.603110953,141.5319973,8.603084246,150.135081546,371.3462367000001,47.92784903,419.27408573,1993.5191580000003,0,1993.5191580000003,4890.977084329001,8980.180468102468
Mod,Nom,Ideal,AK,Hhigh,HP-R,5,1305.7691069264954,3322.0704794753774,85280.84169399098,4627.839586401873,1.2255308654098434,1869.5477900000003,407.89785810000006,2277.4456481,44.044790199999994,6.558320753,50.603110953,141.5319973,8.603084246,150.135081546,371.3462367000001,47.92784903,419.27408573,1993.5191580000003,0,1993.5191580000003,4890.977084329001,9518.816670730874
Mod,Nom,Ideal,AK,Hhigh,HP-Ro,1,1305.7691069264954,1061.738149900497,39934.49169399098,2367.5072568269925,0.710013624030533,1869.5477900000003,216.2027869,2085.7505769,44.044790199999994,4.116960628,48.161750827999995,141.5319973,4.559991558,146.091988858,371.3462367000001,25.40374832,396.74998502,1993.5191580000003,0,1993.5191580000003,4670.273459606001,7037.780716432993
Mod,Nom,Ideal,AK,Hhigh,HP-Ro,2,1305.7691069264954,1538.456345263346,49926.29169399098,2844.2254521898417,0.710013624030533,1869.5477900000003,216.2027869,2085.7505769,44.044790199999994,4.116960628,48.161750827999995,141.5319973,4.559991558,146.091988858,371.3462367000001,25.40374832,396.74998502,1993.5191580000003,0,1993.5191580000003,4670.273459606001,7514.498911795843
Mod,Nom,Ideal,AK,Hhigh,HP-Ro,3,1305.7691069264954,2169.6753362148706,61850.09169399098,3475.4444431413663,0.9875998309270848,1869.5477900000003,277.1660528,2146.7138428000003,44.044790199999994,5.170983671,49.215773870999996,141.5319973,5.845784319,147.37778161900002,371.3462367000001,32.56690976,403.91314646000006,1993.5191580000003,0,1993.5191580000003,4740.73970275,8216.184145891366
Mod,Nom,Ideal,AK,Hhigh,HP-Ro,4,1305.7691069264954,2905.404787230428,77690.39169399097,4211.173894156924,1.0220825895477745,1869.5477900000003,537.5473211,2407.0951111000004,44.044790199999994,7.693414729,51.73820492899999,141.5319973,11.3375562,152.8695535,371.3462367000001,63.16161347,434.50785017000004,1993.5191580000003,0,1993.5191580000003,5039.729877699001,9250.903771855925
Mod,Nom,Ideal,AK,Hhigh,HP-Ro,5,1305.7691069264954,3445.49999451619,87706.34169399098,4751.2691014426855,1.2824274171339813,1869.5477900000003,537.5473211,2407.0951111000004,44.044790199999994,7.693414729,51.73820492899999,141.5319973,11.3375562,152.8695535,371.3462367000001,63.16161347,434.50785017000004,1993.5191580000003,0,1993.5191580000003,5039.729877699001,9790.998979141687
Mod,Nom,Ideal,AK,Hhigh,HPl_Rb-HP,1,2607.6241741193594,253.60213377482708,40923.679226400855,2861.2263078941864,0.9707601233359606,1504.0997390999999,479.5114065,1983.6111455999999,43.45716332,19.34982176,62.806985080000004,80.896565769,13.95159063,94.84815639899999,208.30530263,74.17019318,282.47549581,696.4603343,285.3529412,981.8132754999999,3405.555058389,6266.781366283187
Mod,Nom,Ideal,AK,Hhigh,HPl_Rb-HP,2,2607.6241741193594,367.86899239150006,43271.735200548486,2975.4931665108593,0.9697749019413104,1504.0997390999999,479.5114065,1983.6111455999999,43.45716332,19.34982176,62.806985080000004,80.896565769,13.95159063,94.84815639899999,208.30530263,74.17019318,282.47549581,696.4603343,285.3529412,981.8132754999999,3405.555058389,6381.04822489986
Mod,Nom,Ideal,AK,Hhigh,HPl_Rb-HP,3,2607.6241741193594,514.3746227915257,46000.633965993045,3121.9987969108847,1.0323940902283366,1504.0997390999999,543.696683,2047.7964220999997,43.45716332,24.404181279999996,67.8613446,80.896565769,17.98784422,98.88440998899999,208.30530263,81.10948345,289.41478608,696.4603343,285.3529412,981.8132754999999,3485.7702382689995,6607.769035179885
Mod,Nom,Ideal,AK,Hhigh,HPl_Rb-HP,4,2607.6241741193594,683.8242802357358,49577.50227871582,3291.4484543550952,1.0485406486669524,1504.0997390999999,715.28243,2219.3821690999994,43.45716332,37.88247335,81.33963666999999,80.896565769,28.75118714,109.64775290899999,208.30530263,99.6142575,307.91956013000004,696.4603343,285.3529412,981.8132754999999,3700.1023943089986,6991.550848664094
Mod,Nom,Ideal,AK,Hhigh,HPl_Rb-HP,5,2607.6241741193594,811.0471489691697,51940.74064761698,3418.671323088529,1.0973333542344281,1504.0997390999999,715.28243,2219.3821690999994,43.45716332,37.88247335,81.33963666999999,80.896565769,28.75118714,109.64775290899999,208.30530263,99.6142575,307.91956013000004,696.4603343,285.3529412,981.8132754999999,3700.1023943089986,7118.773717397527
Mod,Nom,Ideal,AK,Hhigh,HPl_Rb-HPo,1,2607.6241741193594,265.3347192220931,41143.069909937716,2872.958893341452,0.9707876352141446,1504.0997390999999,517.9205701,2022.0203091999997,43.45716332,22.38243748,65.8396008,80.896565769,16.37334279,97.26990855900002,208.30530263,78.33376735,286.63906998,696.4603343,285.3529412,981.8132754999999,3453.5821640389995,6326.541057380451
Mod,Nom,Ideal,AK,Hhigh,HPl_Rb-HPo,2,2607.6241741193594,378.6058320634824,43487.01975285437,2986.230006182842,0.9717902112188308,1504.0997390999999,517.9205701,2022.0203091999997,43.45716332,22.38243748,65.8396008,80.896565769,16.37334279,97.26990855900002,208.30530263,78.33376735,286.63906998,696.4603343,285.3529412,981.8132754999999,3453.5821640389995,6439.812170221841
Mod,Nom,Ideal,AK,Hhigh,HPl_Rb-HPo,3,2607.6241741193594,533.3331801228186,46359.9594471042,3140.957354242178,1.04450171470179,1504.0997390999999,595.2489089,2099.348648,43.45716332,28.4476689,71.90483222,80.896565769,21.2168471,102.11341286899999,208.30530263,86.66091566999998,294.9662183,696.4603343,285.3529412,981.8132754999999,3550.1463868890005,6691.103741131179
Mod,Nom,Ideal,AK,Hhigh,HPl_Rb-HPo,4,2607.6241741193594,718.1717882443478,50226.3667289453,3325.795962363707,1.0550938929528377,1504.0997390999999,800.9478006000002,2305.0475397,43.45716332,44.62161938,88.07878269999999,80.896565769,34.1328586,115.029424369,208.30530263,108.86664449999999,317.17194713000004,696.4603343,285.3529412,981.8132754999999,3807.140969399,7132.936931762707
Mod,Nom,Ideal,AK,Hhigh,HPl_Rb-HPo,5,2607.6241741193594,844.8073449193391,52586.490270912574,3452.4315190386983,1.1018920088198347,1504.0997390999999,800.9478006000002,2305.0475397,43.45716332,44.62161938,88.07878269999999,80.896565769,34.1328586,115.029424369,208.30530263,108.86664449999999,317.17194713000004,696.4603343,285.3529412,981.8132754999999,3807.140969399,7259.572488437698
Mod,Nom,Ideal,AK,Hhigh,HPl_Rb-R,1,2607.6241741193594,1017.9099785103258,56963.01023600846,3625.534152629685,1.09436208510501,1504.0997390999999,190.9509894,1695.0507284999999,43.45716332,3.783646588,47.240809907999996,80.896565769,4.027399057,84.923964826,208.30530263,22.43667136,230.74197399000002,696.4603343,0,696.4603343,2754.4178115239997,6379.9519641536845
Mod,Nom,Ideal,AK,Hhigh,HPl_Rb-R,2,2607.6241741193594,1497.6272280104167,66969.51023600846,4105.251402129776,1.087465533380872,1504.0997390999999,190.9509894,1695.0507284999999,43.45716332,3.783646588,47.240809907999996,80.896565769,4.027399057,84.923964826,208.30530263,22.43667136,230.74197399000002,696.4603343,0,696.4603343,2754.4178115239997,6859.669213653775
Mod,Nom,Ideal,AK,Hhigh,HPl_Rb-R,3,2607.6241741193594,2101.9362859458083,78355.71023600845,4709.560460065168,1.340913809242941,1504.0997390999999,234.8663891,1738.9661282,43.45716332,4.540375906,47.997539226,80.896565769,4.953630649,85.850196418,208.30530263,27.59671475,235.90201738,696.4603343,0,696.4603343,2805.176215524,7514.736675589167
Mod,Nom,Ideal,AK,Hhigh,HPl_Rb-R,4,2607.6241741193594,2783.434276846971,93112.41023600847,5391.05845096633,1.4098793264843201,1504.0997390999999,407.89785810000006,1911.9975971999997,43.45716332,6.558320753,50.015484072999996,80.896565769,8.603084246,89.499650015,208.30530263,47.92784903,256.23315166,696.4603343,0,696.4603343,3004.206217247999,8395.26466821433
Mod,Nom,Ideal,AK,Hhigh,HPl_Rb-R,5,2607.6241741193594,3322.0704794753774,103138.86023600846,5929.694653594736,1.6150517402774236,1504.0997390999999,407.89785810000006,1911.9975971999997,43.45716332,6.558320753,50.015484072999996,80.896565769,8.603084246,89.499650015,208.30530263,47.92784903,256.23315166,696.4603343,0,696.4603343,3004.206217247999,8933.900870842735
Mod,Nom,Ideal,AK,Hhigh,HPl_Rb-Ro,1,2607.6241741193594,1061.738149900497,57792.51023600846,3669.3623240198567,1.0995344988981133,1504.0997390999999,216.2027869,1720.3025259999997,43.45716332,4.116960628,47.57412394799999,80.896565769,4.559991558,85.45655732700001,208.30530263,25.40374832,233.70905095,696.4603343,0,696.4603343,2783.5025925249997,6452.864916544857
Mod,Nom,Ideal,AK,Hhigh,HPl_Rb-Ro,2,2607.6241741193594,1538.456345263346,67784.31023600846,4146.0805193827055,1.0995344988981133,1504.0997390999999,216.2027869,1720.3025259999997,43.45716332,4.116960628,47.57412394799999,80.896565769,4.559991558,85.45655732700001,208.30530263,25.40374832,233.70905095,696.4603343,0,696.4603343,2783.5025925249997,6929.583111907705
Mod,Nom,Ideal,AK,Hhigh,HPl_Rb-Ro,3,2607.6241741193594,2169.6753362148706,79708.11023600846,4777.29951033423,1.377120705794665,1504.0997390999999,277.1660528,1781.2657918999998,43.45716332,5.170983671,48.628146990999994,80.896565769,5.845784319,86.742350088,208.30530263,32.56690976,240.87221239,696.4603343,0,696.4603343,2853.968835669,7631.2683460032295
Mod,Nom,Ideal,AK,Hhigh,HPl_Rb-Ro,4,2607.6241741193594,2905.404787230428,95548.41023600847,5513.028961349787,1.4116034644153548,1504.0997390999999,537.5473211,2041.6470602,43.45716332,7.693414729,51.150578048999996,80.896565769,11.3375562,92.234121969,208.30530263,63.16161347,271.4669161,696.4603343,0,696.4603343,3152.9590106180003,8665.987971967788
Mod,Nom,Ideal,AK,Hhigh,HPl_Rb-Ro,5,2607.6241741193594,3445.49999451619,105564.36023600846,6053.12416863555,1.6719482920015616,1504.0997390999999,537.5473211,2041.6470602,43.45716332,7.693414729,51.150578048999996,80.896565769,11.3375562,92.234121969,208.30530263,63.16161347,271.4669161,696.4603343,0,696.4603343,3152.9590106180003,9206.08317925355
Mod,Nom,Ideal,AK,Hhigh,HYD1000-HYD1000,3,NA,NA,39071.76778219744,2610.0316301773983,1.1588715333261743,NA,NA,4148.195171,NA,NA,136.4779224,NA,NA,116.1585478,NA,NA,801.5562350000001,NA,NA,2547.382675,7749.7705512,10359.8021813774
Mod,Nom,Ideal,AK,Hhigh,HYD1000-HYD1000,4,NA,NA,41870.423559996605,2752.3648187636645,1.138572953500349,NA,NA,4148.195171,NA,NA,136.4779224,NA,NA,116.1585478,NA,NA,801.5562350000001,NA,NA,2547.382675,7749.7705512,10502.135369963664
Mod,Nom,Ideal,AK,Hhigh,HYD1000-HYD1000,5,NA,NA,44817.89704847016,2920.2136014812722,1.2530651457085362,NA,NA,4148.195171,NA,NA,136.4779224,NA,NA,116.1585478,NA,NA,801.5562350000001,NA,NA,2547.382675,7749.7705512,10669.984152681272
Mod,Nom,Ideal,AK,Hhigh,HYD200-HYD200,3,NA,NA,31338.446603654316,2096.8092813787794,0.8304368866811183,NA,NA,3726.151321,NA,NA,130.8906552,NA,NA,119.4584719,NA,NA,621.7158286,NA,NA,2678.721175,7276.9374517,9373.746733078779
Mod,Nom,Ideal,AK,Hhigh,HYD200-HYD200,4,NA,NA,33740.49397785607,2207.5641964738297,0.808723322094241,NA,NA,3726.151321,NA,NA,130.8906552,NA,NA,119.4584719,NA,NA,621.7158286,NA,NA,2678.721175,7276.9374517,9484.50164817383
Mod,Nom,Ideal,AK,Hhigh,HYD200-HYD200,5,NA,NA,36268.780673723406,2342.5539458583885,0.8818828351284158,NA,NA,3726.151321,NA,NA,130.8906552,NA,NA,119.4584719,NA,NA,621.7158286,NA,NA,2678.721175,7276.9374517,9619.491397558388
Mod,Nom,Ideal,AK,Hhigh,HYD500-HYD500,3,NA,NA,39050.91121947218,2604.5201554136765,1.1394563605272257,NA,NA,3943.377791,NA,NA,133.8109837,NA,NA,123.5357826,NA,NA,707.8178500000001,NA,NA,2613.051925,7521.594332300001,10126.114487713678
Mod,Nom,Ideal,AK,Hhigh,HYD500-HYD500,4,NA,NA,42018.04930138656,2746.4773928563072,1.1306961381650036,NA,NA,3943.377791,NA,NA,133.8109837,NA,NA,123.5357826,NA,NA,707.8178500000001,NA,NA,2613.051925,7521.594332300001,10268.071725156307
Mod,Nom,Ideal,AK,Hhigh,HYD500-HYD500,5,NA,NA,45120.170792862686,2913.937991603844,1.207753019893934,NA,NA,3943.377791,NA,NA,133.8109837,NA,NA,123.5357826,NA,NA,707.8178500000001,NA,NA,2613.051925,7521.594332300001,10435.532323903844
Mod,Nom,Ideal,AK,Hhigh,R-HP,1,5189.026272096851,253.60213377482708,76367.19546062227,5442.628405871679,2.262695930499339,1286.507709,479.5114065,1766.0191154999998,58.322398299999996,19.34982176,77.67222006,7.075782539,13.95159063,21.027373169,69.17908698,74.17019318,143.34928016,0,285.3529412,285.3529412,2293.4209300889997,7736.049335960679
Mod,Nom,Ideal,AK,Hhigh,R-HP,2,5189.026272096851,367.86899239150006,78715.2514347699,5556.895264488351,2.2617107091046886,1286.507709,479.5114065,1766.0191154999998,58.322398299999996,19.34982176,77.67222006,7.075782539,13.95159063,21.027373169,69.17908698,74.17019318,143.34928016,0,285.3529412,285.3529412,2293.4209300889997,7850.316194577351
Mod,Nom,Ideal,AK,Hhigh,R-HP,3,5189.026272096851,514.3746227915257,81444.15020021447,5703.4008948883775,2.324329897391715,1286.507709,543.696683,1830.204392,58.322398299999996,24.404181279999996,82.72657957999999,7.075782539,17.98784422,25.063626758999998,69.17908698,81.10948345,150.28857043000002,0,285.3529412,285.3529412,2373.636109969,8077.037004857377
Mod,Nom,Ideal,AK,Hhigh,R-HP,4,5189.026272096851,683.8242802357358,85021.01851293724,5872.8505523325875,2.3404764558303306,1286.507709,715.28243,2001.790139,58.322398299999996,37.88247335,96.20487164999999,7.075782539,28.75118714,35.826969679,69.17908698,99.6142575,168.79334448,0,285.3529412,285.3529412,2587.9682660089998,8460.818818341588
Mod,Nom,Ideal,AK,Hhigh,R-HP,5,5189.026272096851,811.0471489691697,87384.2568818384,6000.073421066021,2.3892691613978063,1286.507709,715.28243,2001.790139,58.322398299999996,37.88247335,96.20487164999999,7.075782539,28.75118714,35.826969679,69.17908698,99.6142575,168.79334448,0,285.3529412,285.3529412,2587.9682660089998,8588.041687075021
Mod,Nom,Ideal,AK,Hhigh,R-HPo,1,5189.026272096851,265.3347192220931,76586.58614415914,5454.360991318945,2.262723442377523,1286.507709,517.9205701,1804.4282791,58.322398299999996,22.38243748,80.70483578,7.075782539,16.37334279,23.449125328999997,69.17908698,78.33376735,147.51285433,0,285.3529412,285.3529412,2341.448035739,7795.809027057945
Mod,Nom,Ideal,AK,Hhigh,R-HPo,2,5189.026272096851,378.6058320634824,78930.5359870758,5567.632104160334,2.263726018382209,1286.507709,517.9205701,1804.4282791,58.322398299999996,22.38243748,80.70483578,7.075782539,16.37334279,23.449125328999997,69.17908698,78.33376735,147.51285433,0,285.3529412,285.3529412,2341.448035739,7909.0801398993335
Mod,Nom,Ideal,AK,Hhigh,R-HPo,3,5189.026272096851,533.3331801228186,81803.47568132562,5722.35945221967,2.336437521865168,1286.507709,595.2489089,1881.7566179,58.322398299999996,28.4476689,86.7700672,7.075782539,21.2168471,28.292629638999998,69.17908698,86.66091566999998,155.84000264999997,0,285.3529412,285.3529412,2438.012258589,8160.371710808669
Mod,Nom,Ideal,AK,Hhigh,R-HPo,4,5189.026272096851,718.1717882443478,85669.88296316672,5907.198060341199,2.347029700116216,1286.507709,800.9478006000002,2087.4555096,58.322398299999996,44.62161938,102.94401768,7.075782539,34.1328586,41.208641139,69.17908698,108.86664449999999,178.04573148000003,0,285.3529412,285.3529412,2695.0068410989998,8602.2049014402
Mod,Nom,Ideal,AK,Hhigh,R-HPo,5,5189.026272096851,844.8073449193391,88030.00650513399,6033.83361701619,2.393827815983213,1286.507709,800.9478006000002,2087.4555096,58.322398299999996,44.62161938,102.94401768,7.075782539,34.1328586,41.208641139,69.17908698,108.86664449999999,178.04573148000003,0,285.3529412,285.3529412,2695.0068410989998,8728.84045811519
Mod,Nom,Ideal,AK,Hhigh,R-R,1,5189.026272096851,1017.9099785103258,92406.52647022989,6206.9362506071775,2.386297892268388,1286.507709,190.9509894,1477.4586984,58.322398299999996,3.783646588,62.106044888,7.075782539,4.027399057,11.103181595999999,69.17908698,22.43667136,91.61575834,0,0,0,1642.283683224,7849.2199338311775
Mod,Nom,Ideal,AK,Hhigh,R-R,2,5189.026272096851,1497.6272280104167,102413.02647022989,6686.653500107268,2.3794013405442502,1286.507709,190.9509894,1477.4586984,58.322398299999996,3.783646588,62.106044888,7.075782539,4.027399057,11.103181595999999,69.17908698,22.43667136,91.61575834,0,0,0,1642.283683224,8328.937183331269
Mod,Nom,Ideal,AK,Hhigh,R-R,3,5189.026272096851,2101.9362859458083,113799.22647022989,7290.962558042659,2.632849616406319,1286.507709,234.8663891,1521.3740980999999,58.322398299999996,4.540375906,62.862774206000005,7.075782539,4.953630649,12.029413188000001,69.17908698,27.59671475,96.77580173,0,0,0,1693.042087224,8984.00464526666
Mod,Nom,Ideal,AK,Hhigh,R-R,4,5189.026272096851,2783.434276846971,128555.92647022987,7972.460548943823,2.7018151336476985,1286.507709,407.89785810000006,1694.4055671,58.322398299999996,6.558320753,64.880719053000007,7.075782539,8.603084246,15.678866785000002,69.17908698,47.92784903,117.10693600999998,0,0,0,1892.0720889480003,9864.532637891823
Mod,Nom,Ideal,AK,Hhigh,R-R,5,5189.026272096851,3322.0704794753774,138582.37647022988,8511.09675157223,2.906987547440802,1286.507709,407.89785810000006,1694.4055671,58.322398299999996,6.558320753,64.880719053000007,7.075782539,8.603084246,15.678866785000002,69.17908698,47.92784903,117.10693600999998,0,0,0,1892.0720889480003,10403.16884052023
Mod,Nom,Ideal,AK,Hhigh,R-Ro,1,5189.026272096851,1061.738149900497,93236.02647022989,6250.764421997349,2.3914703060614917,1286.507709,216.2027869,1502.7104959,58.322398299999996,4.116960628,62.439358928,7.075782539,4.559991558,11.635774097000002,69.17908698,25.40374832,94.5828353,0,0,0,1671.368464225,7922.132886222349
Mod,Nom,Ideal,AK,Hhigh,R-Ro,2,5189.026272096851,1538.456345263346,103227.82647022989,6727.482617360198,2.3914703060614917,1286.507709,216.2027869,1502.7104959,58.322398299999996,4.116960628,62.439358928,7.075782539,4.559991558,11.635774097000002,69.17908698,25.40374832,94.5828353,0,0,0,1671.368464225,8398.851081585199
Mod,Nom,Ideal,AK,Hhigh,R-Ro,3,5189.026272096851,2169.6753362148706,115151.62647022986,7358.701608311722,2.6690565129580435,1286.507709,277.1660528,1563.6737618,58.322398299999996,5.170983671,63.493381971,7.075782539,5.845784319,12.921566858000002,69.17908698,32.56690976,101.74599674,0,0,0,1741.834707369,9100.536315680722
Mod,Nom,Ideal,AK,Hhigh,R-Ro,4,5189.026272096851,2905.404787230428,130991.92647022987,8094.431059327279,2.703539271578733,1286.507709,537.5473211,1824.0550300999998,58.322398299999996,7.693414729,66.015813029,7.075782539,11.3375562,18.413338739,69.17908698,63.16161347,132.34070044999999,0,0,0,2040.8248823179997,10135.255941645279
Mod,Nom,Ideal,AK,Hhigh,R-Ro,5,5189.026272096851,3445.49999451619,141007.87647022988,8634.526266613042,2.9638840991649396,1286.507709,537.5473211,1824.0550300999998,58.322398299999996,7.693414729,66.015813029,7.075782539,11.3375562,18.413338739,69.17908698,63.16161347,132.34070044999999,0,0,0,2040.8248823179997,10675.351148931042
Mod,Nom,Ideal,AK,Hlow,HP-HP,1,2123.267282213737,335.53177670674734,23065.660684383376,2458.799058920484,0.5812392484683804,1869.5477900000003,479.5114065,2349.0591965000003,44.044790199999994,19.34982176,63.394611960000006,141.5319973,13.95159063,155.48358793,371.3462367000001,74.17019318,445.51642988000003,1993.5191580000003,285.3529412,2278.8720992000003,5292.325925470001,7751.124984390484
Mod,Nom,Ideal,AK,Hlow,HP-HP,2,2123.267282213737,485.51763329380327,25413.716658531008,2608.78491550754,0.5802540270737302,1869.5477900000003,479.5114065,2349.0591965000003,44.044790199999994,19.34982176,63.394611960000006,141.5319973,13.95159063,155.48358793,371.3462367000001,74.17019318,445.51642988000003,1993.5191580000003,285.3529412,2278.8720992000003,5292.325925470001,7901.110840977541
Mod,Nom,Ideal,AK,Hlow,HP-HP,3,2123.267282213737,682.4646325489807,28142.61542397557,2805.7319147627177,0.6428732153607564,1869.5477900000003,543.696683,2413.244473,44.044790199999994,24.404181279999996,68.44897148,141.5319973,17.98784422,159.51984152,371.3462367000001,81.10948345,452.45572015000005,1993.5191580000003,285.3529412,2278.8720992000003,5372.541105350001,8178.273020112719
Mod,Nom,Ideal,AK,Hlow,HP-HP,4,2123.267282213737,887.3493422675774,31719.48373669834,3010.616624481314,0.6590197737993722,1869.5477900000003,715.28243,2584.83022,44.044790199999994,37.88247335,81.92726354999999,141.5319973,28.75118714,170.28318444,371.3462367000001,99.6142575,470.9604942000001,1993.5191580000003,285.3529412,2278.8720992000003,5586.87326139,8597.489885871313
Mod,Nom,Ideal,AK,Hlow,HP-HP,5,2123.267282213737,1043.157557361154,34082.722105599496,3166.424839574891,0.707812479366848,1869.5477900000003,715.28243,2584.83022,44.044790199999994,37.88247335,81.92726354999999,141.5319973,28.75118714,170.28318444,371.3462367000001,99.6142575,470.9604942000001,1993.5191580000003,285.3529412,2278.8720992000003,5586.87326139,8753.29810096489
Mod,Nom,Ideal,AK,Hlow,HP-HPo,1,2123.267282213737,349.8222574479155,23285.051367920234,2473.0895396616525,0.5812667603465643,1869.5477900000003,517.9205701,2387.4683601,44.044790199999994,22.38243748,66.42722768,141.5319973,16.37334279,157.90534009,371.3462367000001,78.33376735,449.68000405000004,1993.5191580000003,285.3529412,2278.8720992000003,5340.353031120001,7813.442570781654
Mod,Nom,Ideal,AK,Hlow,HP-HPo,2,2123.267282213737,499.2268232586933,25629.001210836894,2622.49410547243,0.5822693363512506,1869.5477900000003,517.9205701,2387.4683601,44.044790199999994,22.38243748,66.42722768,141.5319973,16.37334279,157.90534009,371.3462367000001,78.33376735,449.68000405000004,1993.5191580000003,285.3529412,2278.8720992000003,5340.353031120001,7962.847136592431
Mod,Nom,Ideal,AK,Hlow,HP-HPo,3,2123.267282213737,706.9001932214436,28501.940905086725,2830.16747543518,0.6549808398342098,1869.5477900000003,595.2489089,2464.7966989,44.044790199999994,28.4476689,72.4924591,141.5319973,21.2168471,162.7488444,371.3462367000001,86.66091566999998,458.00715237000003,1993.5191580000003,285.3529412,2278.8720992000003,5436.91725397,8267.08472940518
Mod,Nom,Ideal,AK,Hlow,HP-HPo,4,2123.267282213737,931.3798223105739,32368.34818692782,3054.6471045243106,0.6655730180852576,1869.5477900000003,800.9478006000002,2670.4955906000005,44.044790199999994,44.62161938,88.66640957999999,141.5319973,34.1328586,175.66485590000002,371.3462367000001,108.86664449999999,480.2128812000001,1993.5191580000003,285.3529412,2278.8720992000003,5693.9118364800015,8748.558941004312
Mod,Nom,Ideal,AK,Hlow,HP-HPo,5,2123.267282213737,1086.1256052351712,34728.47172889509,3209.392887448908,0.7123711339522545,1869.5477900000003,800.9478006000002,2670.4955906000005,44.044790199999994,44.62161938,88.66640957999999,141.5319973,34.1328586,175.66485590000002,371.3462367000001,108.86664449999999,480.2128812000001,1993.5191580000003,285.3529412,2278.8720992000003,5693.9118364800015,8903.30472392891
Mod,Nom,Ideal,AK,Hlow,HP-R,1,2123.267282213737,1326.4772221627102,39104.99169399098,3449.744504376447,0.7048412102374296,1869.5477900000003,190.9509894,2060.4987794000003,44.044790199999994,3.783646588,47.828436788,141.5319973,4.027399057,145.55939635700003,371.3462367000001,22.43667136,393.78290806000007,1993.5191580000003,0,1993.5191580000003,4641.188678605001,8090.933182981447
Mod,Nom,Ideal,AK,Hlow,HP-R,2,2123.267282213737,1953.0899037321874,49111.49169399098,4076.357185945924,0.6979446585132918,1869.5477900000003,190.9509894,2060.4987794000003,44.044790199999994,3.783646588,47.828436788,141.5319973,4.027399057,145.55939635700003,371.3462367000001,22.43667136,393.78290806000007,1993.5191580000003,0,1993.5191580000003,4641.188678605001,8717.545864550924
Mod,Nom,Ideal,AK,Hlow,HP-R,3,2123.267282213737,2755.547060955901,60497.69169399098,4878.814343169638,0.9513929343753607,1869.5477900000003,234.8663891,2104.4141791,44.044790199999994,4.540375906,48.585166106,141.5319973,4.953630649,146.485627949,371.3462367000001,27.59671475,398.94295145000007,1993.5191580000003,0,1993.5191580000003,4691.947082605001,9570.761425774639
Mod,Nom,Ideal,AK,Hlow,HP-R,4,2123.267282213737,3559.8614306749255,75254.39169399097,5683.128712888662,1.0203584516167399,1869.5477900000003,407.89785810000006,2277.4456481,44.044790199999994,6.558320753,50.603110953,141.5319973,8.603084246,150.135081546,371.3462367000001,47.92784903,419.27408573,1993.5191580000003,0,1993.5191580000003,4890.977084329001,10574.105797217664
Mod,Nom,Ideal,AK,Hlow,HP-R,5,2123.267282213737,4209.577289410385,85280.84169399098,6332.844571624121,1.2255308654098434,1869.5477900000003,407.89785810000006,2277.4456481,44.044790199999994,6.558320753,50.603110953,141.5319973,8.603084246,150.135081546,371.3462367000001,47.92784903,419.27408573,1993.5191580000003,0,1993.5191580000003,4890.977084329001,11223.821655953121
Mod,Nom,Ideal,AK,Hlow,HP-Ro,1,2123.267282213737,1378.3703594628885,39934.49169399098,3501.637641676625,0.710013624030533,1869.5477900000003,216.2027869,2085.7505769,44.044790199999994,4.116960628,48.161750827999995,141.5319973,4.559991558,146.091988858,371.3462367000001,25.40374832,396.74998502,1993.5191580000003,0,1993.5191580000003,4670.273459606001,8171.911101282626
Mod,Nom,Ideal,AK,Hlow,HP-Ro,2,2123.267282213737,2003.5109954738573,49926.29169399098,4126.778277687594,0.710013624030533,1869.5477900000003,216.2027869,2085.7505769,44.044790199999994,4.116960628,48.161750827999995,141.5319973,4.559991558,146.091988858,371.3462367000001,25.40374832,396.74998502,1993.5191580000003,0,1993.5191580000003,4670.273459606001,8797.051737293594
Mod,Nom,Ideal,AK,Hlow,HP-Ro,3,2123.267282213737,2837.534301570244,61850.09169399098,4960.801583783981,0.9875998309270848,1869.5477900000003,277.1660528,2146.7138428000003,44.044790199999994,5.170983671,49.215773870999996,141.5319973,5.845784319,147.37778161900002,371.3462367000001,32.56690976,403.91314646000006,1993.5191580000003,0,1993.5191580000003,4740.73970275,9701.541286533982
Mod,Nom,Ideal,AK,Hlow,HP-Ro,4,2123.267282213737,3712.6020944108504,77690.39169399097,5835.869376624588,1.0220825895477745,1869.5477900000003,537.5473211,2407.0951111000004,44.044790199999994,7.693414729,51.73820492899999,141.5319973,11.3375562,152.8695535,371.3462367000001,63.16161347,434.50785017000004,1993.5191580000003,0,1993.5191580000003,5039.729877699001,10875.599254323588
Mod,Nom,Ideal,AK,Hlow,HP-Ro,5,2123.267282213737,4362.2475957763645,87706.34169399098,6485.514877990102,1.2824274171339813,1869.5477900000003,537.5473211,2407.0951111000004,44.044790199999994,7.693414729,51.73820492899999,141.5319973,11.3375562,152.8695535,371.3462367000001,63.16161347,434.50785017000004,1993.5191580000003,0,1993.5191580000003,5039.729877699001,11525.244755689102
Mod,Nom,Ideal,AK,Hlow,HPl_Rb-HP,1,4354.16567978226,335.53177670674734,40923.679226400855,4689.697456489007,0.9707601233359606,1504.0997390999999,479.5114065,1983.6111455999999,43.45716332,19.34982176,62.806985080000004,80.896565769,13.95159063,94.84815639899999,208.30530263,74.17019318,282.47549581,696.4603343,285.3529412,981.8132754999999,3405.555058389,8095.252514878007
Mod,Nom,Ideal,AK,Hlow,HPl_Rb-HP,2,4354.16567978226,485.51763329380327,43271.735200548486,4839.683313076063,0.9697749019413104,1504.0997390999999,479.5114065,1983.6111455999999,43.45716332,19.34982176,62.806985080000004,80.896565769,13.95159063,94.84815639899999,208.30530263,74.17019318,282.47549581,696.4603343,285.3529412,981.8132754999999,3405.555058389,8245.238371465064
Mod,Nom,Ideal,AK,Hlow,HPl_Rb-HP,3,4354.16567978226,682.4646325489807,46000.633965993045,5036.63031233124,1.0323940902283366,1504.0997390999999,543.696683,2047.7964220999997,43.45716332,24.404181279999996,67.8613446,80.896565769,17.98784422,98.88440998899999,208.30530263,81.10948345,289.41478608,696.4603343,285.3529412,981.8132754999999,3485.7702382689995,8522.40055060024
Mod,Nom,Ideal,AK,Hlow,HPl_Rb-HP,4,4354.16567978226,887.3493422675774,49577.50227871582,5241.515022049837,1.0485406486669524,1504.0997390999999,715.28243,2219.3821690999994,43.45716332,37.88247335,81.33963666999999,80.896565769,28.75118714,109.64775290899999,208.30530263,99.6142575,307.91956013000004,696.4603343,285.3529412,981.8132754999999,3700.1023943089986,8941.617416358837
Mod,Nom,Ideal,AK,Hlow,HPl_Rb-HP,5,4354.16567978226,1043.157557361154,51940.74064761698,5397.323237143413,1.0973333542344281,1504.0997390999999,715.28243,2219.3821690999994,43.45716332,37.88247335,81.33963666999999,80.896565769,28.75118714,109.64775290899999,208.30530263,99.6142575,307.91956013000004,696.4603343,285.3529412,981.8132754999999,3700.1023943089986,9097.425631452412
Mod,Nom,Ideal,AK,Hlow,HPl_Rb-HPo,1,4354.16567978226,349.8222574479155,41143.069909937716,4703.987937230175,0.9707876352141446,1504.0997390999999,517.9205701,2022.0203091999997,43.45716332,22.38243748,65.8396008,80.896565769,16.37334279,97.26990855900002,208.30530263,78.33376735,286.63906998,696.4603343,285.3529412,981.8132754999999,3453.5821640389995,8157.570101269174
Mod,Nom,Ideal,AK,Hlow,HPl_Rb-HPo,2,4354.16567978226,499.2268232586933,43487.01975285437,4853.392503040953,0.9717902112188308,1504.0997390999999,517.9205701,2022.0203091999997,43.45716332,22.38243748,65.8396008,80.896565769,16.37334279,97.26990855900002,208.30530263,78.33376735,286.63906998,696.4603343,285.3529412,981.8132754999999,3453.5821640389995,8306.974667079952
Mod,Nom,Ideal,AK,Hlow,HPl_Rb-HPo,3,4354.16567978226,706.9001932214436,46359.9594471042,5061.065873003703,1.04450171470179,1504.0997390999999,595.2489089,2099.348648,43.45716332,28.4476689,71.90483222,80.896565769,21.2168471,102.11341286899999,208.30530263,86.66091566999998,294.9662183,696.4603343,285.3529412,981.8132754999999,3550.1463868890005,8611.212259892704
Mod,Nom,Ideal,AK,Hlow,HPl_Rb-HPo,4,4354.16567978226,931.3798223105739,50226.3667289453,5285.545502092833,1.0550938929528377,1504.0997390999999,800.9478006000002,2305.0475397,43.45716332,44.62161938,88.07878269999999,80.896565769,34.1328586,115.029424369,208.30530263,108.86664449999999,317.17194713000004,696.4603343,285.3529412,981.8132754999999,3807.140969399,9092.686471491834
Mod,Nom,Ideal,AK,Hlow,HPl_Rb-HPo,5,4354.16567978226,1086.1256052351712,52586.490270912574,5440.291285017431,1.1018920088198347,1504.0997390999999,800.9478006000002,2305.0475397,43.45716332,44.62161938,88.07878269999999,80.896565769,34.1328586,115.029424369,208.30530263,108.86664449999999,317.17194713000004,696.4603343,285.3529412,981.8132754999999,3807.140969399,9247.432254416432
Mod,Nom,Ideal,AK,Hlow,HPl_Rb-R,1,4354.16567978226,1326.4772221627102,56963.01023600846,5680.64290194497,1.09436208510501,1504.0997390999999,190.9509894,1695.0507284999999,43.45716332,3.783646588,47.240809907999996,80.896565769,4.027399057,84.923964826,208.30530263,22.43667136,230.74197399000002,696.4603343,0,696.4603343,2754.4178115239997,8435.060713468969
Mod,Nom,Ideal,AK,Hlow,HPl_Rb-R,2,4354.16567978226,1953.0899037321874,66969.51023600846,6307.255583514447,1.087465533380872,1504.0997390999999,190.9509894,1695.0507284999999,43.45716332,3.783646588,47.240809907999996,80.896565769,4.027399057,84.923964826,208.30530263,22.43667136,230.74197399000002,696.4603343,0,696.4603343,2754.4178115239997,9061.673395038446
Mod,Nom,Ideal,AK,Hlow,HPl_Rb-R,3,4354.16567978226,2755.547060955901,78355.71023600845,7109.712740738161,1.340913809242941,1504.0997390999999,234.8663891,1738.9661282,43.45716332,4.540375906,47.997539226,80.896565769,4.953630649,85.850196418,208.30530263,27.59671475,235.90201738,696.4603343,0,696.4603343,2805.176215524,9914.88895626216
Mod,Nom,Ideal,AK,Hlow,HPl_Rb-R,4,4354.16567978226,3559.8614306749255,93112.41023600847,7914.027110457185,1.4098793264843201,1504.0997390999999,407.89785810000006,1911.9975971999997,43.45716332,6.558320753,50.015484072999996,80.896565769,8.603084246,89.499650015,208.30530263,47.92784903,256.23315166,696.4603343,0,696.4603343,3004.206217247999,10918.233327705184
Mod,Nom,Ideal,AK,Hlow,HPl_Rb-R,5,4354.16567978226,4209.577289410385,103138.86023600846,8563.742969192645,1.6150517402774236,1504.0997390999999,407.89785810000006,1911.9975971999997,43.45716332,6.558320753,50.015484072999996,80.896565769,8.603084246,89.499650015,208.30530263,47.92784903,256.23315166,696.4603343,0,696.4603343,3004.206217247999,11567.949186440645
Mod,Nom,Ideal,AK,Hlow,HPl_Rb-Ro,1,4354.16567978226,1378.3703594628885,57792.51023600846,5732.536039245148,1.0995344988981133,1504.0997390999999,216.2027869,1720.3025259999997,43.45716332,4.116960628,47.57412394799999,80.896565769,4.559991558,85.45655732700001,208.30530263,25.40374832,233.70905095,696.4603343,0,696.4603343,2783.5025925249997,8516.038631770147
Mod,Nom,Ideal,AK,Hlow,HPl_Rb-Ro,2,4354.16567978226,2003.5109954738573,67784.31023600846,6357.676675256116,1.0995344988981133,1504.0997390999999,216.2027869,1720.3025259999997,43.45716332,4.116960628,47.57412394799999,80.896565769,4.559991558,85.45655732700001,208.30530263,25.40374832,233.70905095,696.4603343,0,696.4603343,2783.5025925249997,9141.179267781115
Mod,Nom,Ideal,AK,Hlow,HPl_Rb-Ro,3,4354.16567978226,2837.534301570244,79708.11023600846,7191.699981352504,1.377120705794665,1504.0997390999999,277.1660528,1781.2657918999998,43.45716332,5.170983671,48.628146990999994,80.896565769,5.845784319,86.742350088,208.30530263,32.56690976,240.87221239,696.4603343,0,696.4603343,2853.968835669,10045.668817021504
Mod,Nom,Ideal,AK,Hlow,HPl_Rb-Ro,4,4354.16567978226,3712.6020944108504,95548.41023600847,8066.76777419311,1.4116034644153548,1504.0997390999999,537.5473211,2041.6470602,43.45716332,7.693414729,51.150578048999996,80.896565769,11.3375562,92.234121969,208.30530263,63.16161347,271.4669161,696.4603343,0,696.4603343,3152.9590106180003,11219.726784811111
Mod,Nom,Ideal,AK,Hlow,HPl_Rb-Ro,5,4354.16567978226,4362.2475957763645,105564.36023600846,8716.413275558623,1.6719482920015616,1504.0997390999999,537.5473211,2041.6470602,43.45716332,7.693414729,51.150578048999996,80.896565769,11.3375562,92.234121969,208.30530263,63.16161347,271.4669161,696.4603343,0,696.4603343,3152.9590106180003,11869.372286176624
Mod,Nom,Ideal,AK,Hlow,HYD1000-HYD1000,3,NA,NA,39071.76778219744,3975.3703004867402,1.1588715333261743,NA,NA,4148.195171,NA,NA,136.4779224,NA,NA,116.1585478,NA,NA,801.5562350000001,NA,NA,2547.382675,7749.7705512,11725.140851686741
Mod,Nom,Ideal,AK,Hlow,HYD1000-HYD1000,4,NA,NA,41870.423559996605,4144.3401879287085,1.138572953500349,NA,NA,4148.195171,NA,NA,136.4779224,NA,NA,116.1585478,NA,NA,801.5562350000001,NA,NA,2547.382675,7749.7705512,11894.110739128708
Mod,Nom,Ideal,AK,Hlow,HYD1000-HYD1000,5,NA,NA,44817.89704847016,4350.970776317243,1.2530651457085362,NA,NA,4148.195171,NA,NA,136.4779224,NA,NA,116.1585478,NA,NA,801.5562350000001,NA,NA,2547.382675,7749.7705512,12100.741327517244
Mod,Nom,Ideal,AK,Hlow,HYD200-HYD200,3,NA,NA,31338.446603654316,3262.2030272555544,0.8304368866811183,NA,NA,3726.151321,NA,NA,130.8906552,NA,NA,119.4584719,NA,NA,621.7158286,NA,NA,2678.721175,7276.9374517,10539.140478955554
Mod,Nom,Ideal,AK,Hlow,HYD200-HYD200,4,NA,NA,33740.49397785607,3393.4585962987385,0.808723322094241,NA,NA,3726.151321,NA,NA,130.8906552,NA,NA,119.4584719,NA,NA,621.7158286,NA,NA,2678.721175,7276.9374517,10670.396047998738
Mod,Nom,Ideal,AK,Hlow,HYD200-HYD200,5,NA,NA,36268.780673723406,3564.9060727553597,0.8818828351284158,NA,NA,3726.151321,NA,NA,130.8906552,NA,NA,119.4584719,NA,NA,621.7158286,NA,NA,2678.721175,7276.9374517,10841.843524455358
Mod,Nom,Ideal,AK,Hlow,HYD500-HYD500,3,NA,NA,39050.91121947218,3998.506340577486,1.1394563605272257,NA,NA,3943.377791,NA,NA,133.8109837,NA,NA,123.5357826,NA,NA,707.8178500000001,NA,NA,2613.051925,7521.594332300001,11520.100672877486
Mod,Nom,Ideal,AK,Hlow,HYD500-HYD500,4,NA,NA,42018.04930138656,4164.9830229792315,1.1306961381650036,NA,NA,3943.377791,NA,NA,133.8109837,NA,NA,123.5357826,NA,NA,707.8178500000001,NA,NA,2613.051925,7521.594332300001,11686.577355279233
Mod,Nom,Ideal,AK,Hlow,HYD500-HYD500,5,NA,NA,45120.170792862686,4374.405412031756,1.207753019893934,NA,NA,3943.377791,NA,NA,133.8109837,NA,NA,123.5357826,NA,NA,707.8178500000001,NA,NA,2613.051925,7521.594332300001,11895.999744331757
Mod,Nom,Ideal,AK,Hlow,R-HP,1,8430.886130165589,335.53177670674734,76367.19546062227,8766.417906872337,2.262695930499339,1286.507709,479.5114065,1766.0191154999998,58.322398299999996,19.34982176,77.67222006,7.075782539,13.95159063,21.027373169,69.17908698,74.17019318,143.34928016,0,285.3529412,285.3529412,2293.4209300889997,11059.838836961337
Mod,Nom,Ideal,AK,Hlow,R-HP,2,8430.886130165589,485.51763329380327,78715.2514347699,8916.403763459391,2.2617107091046886,1286.507709,479.5114065,1766.0191154999998,58.322398299999996,19.34982176,77.67222006,7.075782539,13.95159063,21.027373169,69.17908698,74.17019318,143.34928016,0,285.3529412,285.3529412,2293.4209300889997,11209.824693548391
Mod,Nom,Ideal,AK,Hlow,R-HP,3,8430.886130165589,682.4646325489807,81444.15020021447,9113.35076271457,2.324329897391715,1286.507709,543.696683,1830.204392,58.322398299999996,24.404181279999996,82.72657957999999,7.075782539,17.98784422,25.063626758999998,69.17908698,81.10948345,150.28857043000002,0,285.3529412,285.3529412,2373.636109969,11486.98687268357
Mod,Nom,Ideal,AK,Hlow,R-HP,4,8430.886130165589,887.3493422675774,85021.01851293724,9318.235472433165,2.3404764558303306,1286.507709,715.28243,2001.790139,58.322398299999996,37.88247335,96.20487164999999,7.075782539,28.75118714,35.826969679,69.17908698,99.6142575,168.79334448,0,285.3529412,285.3529412,2587.9682660089998,11906.203738442166
Mod,Nom,Ideal,AK,Hlow,R-HP,5,8430.886130165589,1043.157557361154,87384.2568818384,9474.043687526742,2.3892691613978063,1286.507709,715.28243,2001.790139,58.322398299999996,37.88247335,96.20487164999999,7.075782539,28.75118714,35.826969679,69.17908698,99.6142575,168.79334448,0,285.3529412,285.3529412,2587.9682660089998,12062.011953535743
Mod,Nom,Ideal,AK,Hlow,R-HPo,1,8430.886130165589,349.8222574479155,76586.58614415914,8780.708387613504,2.262723442377523,1286.507709,517.9205701,1804.4282791,58.322398299999996,22.38243748,80.70483578,7.075782539,16.37334279,23.449125328999997,69.17908698,78.33376735,147.51285433,0,285.3529412,285.3529412,2341.448035739,11122.156423352504
Mod,Nom,Ideal,AK,Hlow,R-HPo,2,8430.886130165589,499.2268232586933,78930.5359870758,8930.112953424283,2.263726018382209,1286.507709,517.9205701,1804.4282791,58.322398299999996,22.38243748,80.70483578,7.075782539,16.37334279,23.449125328999997,69.17908698,78.33376735,147.51285433,0,285.3529412,285.3529412,2341.448035739,11271.560989163283
Mod,Nom,Ideal,AK,Hlow,R-HPo,3,8430.886130165589,706.9001932214436,81803.47568132562,9137.786323387032,2.336437521865168,1286.507709,595.2489089,1881.7566179,58.322398299999996,28.4476689,86.7700672,7.075782539,21.2168471,28.292629638999998,69.17908698,86.66091566999998,155.84000264999997,0,285.3529412,285.3529412,2438.012258589,11575.798581976032
Mod,Nom,Ideal,AK,Hlow,R-HPo,4,8430.886130165589,931.3798223105739,85669.88296316672,9362.265952476162,2.347029700116216,1286.507709,800.9478006000002,2087.4555096,58.322398299999996,44.62161938,102.94401768,7.075782539,34.1328586,41.208641139,69.17908698,108.86664449999999,178.04573148000003,0,285.3529412,285.3529412,2695.0068410989998,12057.27279357516
Mod,Nom,Ideal,AK,Hlow,R-HPo,5,8430.886130165589,1086.1256052351712,88030.00650513399,9517.01173540076,2.393827815983213,1286.507709,800.9478006000002,2087.4555096,58.322398299999996,44.62161938,102.94401768,7.075782539,34.1328586,41.208641139,69.17908698,108.86664449999999,178.04573148000003,0,285.3529412,285.3529412,2695.0068410989998,12212.018576499759
Mod,Nom,Ideal,AK,Hlow,R-R,1,8430.886130165589,1326.4772221627102,92406.52647022989,9757.363352328299,2.386297892268388,1286.507709,190.9509894,1477.4586984,58.322398299999996,3.783646588,62.106044888,7.075782539,4.027399057,11.103181595999999,69.17908698,22.43667136,91.61575834,0,0,0,1642.283683224,11399.647035552298
Mod,Nom,Ideal,AK,Hlow,R-R,2,8430.886130165589,1953.0899037321874,102413.02647022989,10383.976033897776,2.3794013405442502,1286.507709,190.9509894,1477.4586984,58.322398299999996,3.783646588,62.106044888,7.075782539,4.027399057,11.103181595999999,69.17908698,22.43667136,91.61575834,0,0,0,1642.283683224,12026.259717121775
Mod,Nom,Ideal,AK,Hlow,R-R,3,8430.886130165589,2755.547060955901,113799.22647022989,11186.43319112149,2.632849616406319,1286.507709,234.8663891,1521.3740980999999,58.322398299999996,4.540375906,62.862774206000005,7.075782539,4.953630649,12.029413188000001,69.17908698,27.59671475,96.77580173,0,0,0,1693.042087224,12879.47527834549
Mod,Nom,Ideal,AK,Hlow,R-R,4,8430.886130165589,3559.8614306749255,128555.92647022987,11990.747560840515,2.7018151336476985,1286.507709,407.89785810000006,1694.4055671,58.322398299999996,6.558320753,64.880719053000007,7.075782539,8.603084246,15.678866785000002,69.17908698,47.92784903,117.10693600999998,0,0,0,1892.0720889480003,13882.819649788515
Mod,Nom,Ideal,AK,Hlow,R-R,5,8430.886130165589,4209.577289410385,138582.37647022988,12640.463419575974,2.906987547440802,1286.507709,407.89785810000006,1694.4055671,58.322398299999996,6.558320753,64.880719053000007,7.075782539,8.603084246,15.678866785000002,69.17908698,47.92784903,117.10693600999998,0,0,0,1892.0720889480003,14532.535508523973
Mod,Nom,Ideal,AK,Hlow,R-Ro,1,8430.886130165589,1378.3703594628885,93236.02647022989,9809.256489628477,2.3914703060614917,1286.507709,216.2027869,1502.7104959,58.322398299999996,4.116960628,62.439358928,7.075782539,4.559991558,11.635774097000002,69.17908698,25.40374832,94.5828353,0,0,0,1671.368464225,11480.624953853476
Mod,Nom,Ideal,AK,Hlow,R-Ro,2,8430.886130165589,2003.5109954738573,103227.82647022989,10434.397125639447,2.3914703060614917,1286.507709,216.2027869,1502.7104959,58.322398299999996,4.116960628,62.439358928,7.075782539,4.559991558,11.635774097000002,69.17908698,25.40374832,94.5828353,0,0,0,1671.368464225,12105.765589864448
Mod,Nom,Ideal,AK,Hlow,R-Ro,3,8430.886130165589,2837.534301570244,115151.62647022986,11268.420431735833,2.6690565129580435,1286.507709,277.1660528,1563.6737618,58.322398299999996,5.170983671,63.493381971,7.075782539,5.845784319,12.921566858000002,69.17908698,32.56690976,101.74599674,0,0,0,1741.834707369,13010.255139104833
Mod,Nom,Ideal,AK,Hlow,R-Ro,4,8430.886130165589,3712.6020944108504,130991.92647022987,12143.48822457644,2.703539271578733,1286.507709,537.5473211,1824.0550300999998,58.322398299999996,7.693414729,66.015813029,7.075782539,11.3375562,18.413338739,69.17908698,63.16161347,132.34070044999999,0,0,0,2040.8248823179997,14184.31310689444
Mod,Nom,Ideal,AK,Hlow,R-Ro,5,8430.886130165589,4362.2475957763645,141007.87647022988,12793.133725941952,2.9638840991649396,1286.507709,537.5473211,1824.0550300999998,58.322398299999996,7.693414729,66.015813029,7.075782539,11.3375562,18.413338739,69.17908698,63.16161347,132.34070044999999,0,0,0,2040.8248823179997,14833.958608259953
Mod,Nom,Ideal,CH,Hhigh,HP-HP,1,4775.42442613625,282.04680145820726,71456.15797747218,5057.471227594457,1.4606105264884133,2416.268872,479.5114065,2895.7802785000003,60.37758576,19.34982176,79.72740752000001,139.0069502,13.95159063,152.95854083,470.3389292,74.17019318,544.50912238,1732.919147,285.3529412,2018.2720882,5691.24743743,10748.718665024457
Mod,Nom,Ideal,CH,Hhigh,HP-HP,2,4775.42442613625,403.90937220439395,73937.07503411127,5179.333798340644,1.4576927376245976,2416.268872,479.5114065,2895.7802785000003,60.37758576,19.34982176,79.72740752000001,139.0069502,13.95159063,152.95854083,470.3389292,74.17019318,544.50912238,1732.919147,285.3529412,2018.2720882,5691.24743743,10870.581235770644
Mod,Nom,Ideal,CH,Hhigh,HP-HP,3,4775.42442613625,564.7534295043026,76871.41758579532,5340.1778556405525,1.5301640069047877,2416.268872,543.696683,2959.965555,60.37758576,24.404181279999996,84.78176704,139.0069502,17.98784422,156.99479442,470.3389292,81.10948345,551.44841265,1732.919147,285.3529412,2018.2720882,5771.4626173100005,11111.640472950552
Mod,Nom,Ideal,CH,Hhigh,HP-HP,4,4775.42442613625,754.8694595112469,80785.74843721013,5530.293885647497,1.5490742960128083,2416.268872,715.28243,3131.5513020000003,60.37758576,37.88247335,98.26005911,139.0069502,28.75118714,167.75813734000002,470.3389292,99.6142575,569.9531867000001,1732.919147,285.3529412,2018.2720882,5985.7947733500005,11516.088658997498
Mod,Nom,Ideal,CH,Hhigh,HP-HP,5,4775.42442613625,888.9741241944542,83262.28720216158,5664.398550330704,1.5945256088078603,2416.268872,715.28243,3131.5513020000003,60.37758576,37.88247335,98.26005911,139.0069502,28.75118714,167.75813734000002,470.3389292,99.6142575,569.9531867000001,1732.919147,285.3529412,2018.2720882,5985.7947733500005,11650.193323680705
Mod,Nom,Ideal,CH,Hhigh,HP-HPo,1,4775.42442613625,295.73400347728034,71711.94405986319,5071.15842961353,1.4660035311589503,2416.268872,517.9205701,2934.1894421,60.37758576,22.38243748,82.76002324000001,139.0069502,16.37334279,155.38029299000002,470.3389292,78.33376735,548.67269655,1732.919147,285.3529412,2018.2720882,5739.2745430800005,10810.43297269353
Mod,Nom,Ideal,CH,Hhigh,HP-HPo,2,4775.42442613625,417.35439119887747,74187.84188620101,5192.778817335127,1.4629592882604412,2416.268872,517.9205701,2934.1894421,60.37758576,22.38243748,82.76002324000001,139.0069502,16.37334279,155.38029299000002,470.3389292,78.33376735,548.67269655,1732.919147,285.3529412,2018.2720882,5739.2745430800005,10932.053360415128
Mod,Nom,Ideal,CH,Hhigh,HP-HPo,3,4775.42442613625,587.2692911080169,77291.55197503373,5362.693717244267,1.5389729404180397,2416.268872,595.2489089,3011.5177808999997,60.37758576,28.4476689,88.82525466,139.0069502,21.2168471,160.2237973,470.3389292,86.66091566999998,556.9998448700001,1732.919147,285.3529412,2018.2720882,5835.838765930001,11198.532483174267
Mod,Nom,Ideal,CH,Hhigh,HP-HPo,4,4775.42442613625,796.1302113773987,81541.4869363696,5571.554637513648,1.5475409575166634,2416.268872,800.9478006000002,3217.2166726,60.37758576,44.62161938,104.99920514,139.0069502,34.1328586,173.13980880000003,470.3389292,108.86664449999999,579.2055737000001,1732.919147,285.3529412,2018.2720882,6092.83334844,11664.387985953648
Mod,Nom,Ideal,CH,Hhigh,HP-HPo,5,4775.42442613625,929.2906170233788,84014.9469871433,5704.715043159628,1.6036623671223134,2416.268872,800.9478006000002,3217.2166726,60.37758576,44.62161938,104.99920514,139.0069502,34.1328586,173.13980880000003,470.3389292,108.86664449999999,579.2055737000001,1732.919147,285.3529412,2018.2720882,6092.83334844,11797.548391599628
Mod,Nom,Ideal,CH,Hhigh,HP-R,1,4775.42442613625,1017.9099785103258,87048.85759929077,5793.334404646575,1.5786013845036901,2416.268872,190.9509894,2607.2198614000004,60.37758576,3.783646588,64.161232348,139.0069502,4.027399057,143.03434925700003,470.3389292,22.43667136,492.77560056000004,1732.919147,0,1732.919147,5040.110190565,10833.444595211575
Mod,Nom,Ideal,CH,Hhigh,HP-R,2,4775.42442613625,1497.6272280104167,97055.35759929079,6273.051654146666,1.5717048327795524,2416.268872,190.9509894,2607.2198614000004,60.37758576,3.783646588,64.161232348,139.0069502,4.027399057,143.03434925700003,470.3389292,22.43667136,492.77560056000004,1732.919147,0,1732.919147,5040.110190565,11313.161844711667
Mod,Nom,Ideal,CH,Hhigh,HP-R,3,4775.42442613625,2101.9362859458083,108441.55759929077,6877.360712082058,1.8251531086416213,2416.268872,234.8663891,2651.1352611,60.37758576,4.540375906,64.917961666,139.0069502,4.953630649,143.960580849,470.3389292,27.59671475,497.93564395,1732.919147,0,1732.919147,5090.8685945649995,11968.229306647057
Mod,Nom,Ideal,CH,Hhigh,HP-R,4,4775.42442613625,2783.434276846971,123198.25759929078,7558.858702983221,1.8941186258830007,2416.268872,407.89785810000006,2824.1667301,60.37758576,6.558320753,66.935906513,139.0069502,8.603084246,147.61003444600001,470.3389292,47.92784903,518.26677823,1732.919147,0,1732.919147,5289.898596289,12848.75729927222
Mod,Nom,Ideal,CH,Hhigh,HP-R,5,4775.42442613625,3322.0704794753774,133224.70759929076,8097.494905611627,2.099291039676104,2416.268872,407.89785810000006,2824.1667301,60.37758576,6.558320753,66.935906513,139.0069502,8.603084246,147.61003444600001,470.3389292,47.92784903,518.26677823,1732.919147,0,1732.919147,5289.898596289,13387.393501900628
Mod,Nom,Ideal,CH,Hhigh,HP-Ro,1,4775.42442613625,1061.738149900497,87878.35759929077,5837.162576036747,1.5837737982967937,2416.268872,216.2027869,2632.4716589,60.37758576,4.116960628,64.494546388,139.0069502,4.559991558,143.566941758,470.3389292,25.40374832,495.74267752,1732.919147,0,1732.919147,5069.194971566,10906.357547602747
Mod,Nom,Ideal,CH,Hhigh,HP-Ro,2,4775.42442613625,1538.456345263346,97870.15759929077,6313.880771399596,1.5837737982967937,2416.268872,216.2027869,2632.4716589,60.37758576,4.116960628,64.494546388,139.0069502,4.559991558,143.566941758,470.3389292,25.40374832,495.74267752,1732.919147,0,1732.919147,5069.194971566,11383.075742965597
Mod,Nom,Ideal,CH,Hhigh,HP-Ro,3,4775.42442613625,2169.6753362148706,109793.95759929078,6945.09976235112,1.8613600051933454,2416.268872,277.1660528,2693.4349248000003,60.37758576,5.170983671,65.548569431,139.0069502,5.845784319,144.85273451900002,470.3389292,32.56690976,502.90583896000004,1732.919147,0,1732.919147,5139.66121471,12084.76097706112
Mod,Nom,Ideal,CH,Hhigh,HP-Ro,4,4775.42442613625,2905.404787230428,125634.25759929078,7680.829213366678,1.8958427638140352,2416.268872,537.5473211,2953.8161931,60.37758576,7.693414729,68.071000489,139.0069502,11.3375562,150.3445064,470.3389292,63.16161347,533.50054267,1732.919147,0,1732.919147,5438.651389659,13119.480603025679
Mod,Nom,Ideal,CH,Hhigh,HP-Ro,5,4775.42442613625,3445.49999451619,135650.20759929076,8220.92442065244,2.1561875914002417,2416.268872,537.5473211,2953.8161931,60.37758576,7.693414729,68.071000489,139.0069502,11.3375562,150.3445064,470.3389292,63.16161347,533.50054267,1732.919147,0,1732.919147,5438.651389659,13659.57581031144
Mod,Nom,Ideal,CH,Hhigh,HPl_Rb-HP,1,9848.066649554301,282.04680145820726,141914.31186737065,10130.113451012508,2.4043525155174446,1717.9953205000002,479.5114065,2197.5067270000004,53.4693587,19.34982176,72.81918046000001,95.592411587,13.95159063,109.544002217,232.61815522000003,74.17019318,306.7883484000001,731.0956175,285.3529412,1016.4485586999999,3703.1068167770004,13833.22026778951
Mod,Nom,Ideal,CH,Hhigh,HPl_Rb-HP,2,9848.066649554301,403.90937220439395,144395.22892400977,10251.976021758695,2.401434726653629,1717.9953205000002,479.5114065,2197.5067270000004,53.4693587,19.34982176,72.81918046000001,95.592411587,13.95159063,109.544002217,232.61815522000003,74.17019318,306.7883484000001,731.0956175,285.3529412,1016.4485586999999,3703.1068167770004,13955.082838535696
Mod,Nom,Ideal,CH,Hhigh,HPl_Rb-HP,3,9848.066649554301,564.7534295043026,147329.5714756938,10412.820079058603,2.4739059959338188,1717.9953205000002,543.696683,2261.6920035000003,53.4693587,24.404181279999996,77.87353998,95.592411587,17.98784422,113.580255807,232.61815522000003,81.10948345,313.72763867000003,731.0956175,285.3529412,1016.4485586999999,3783.321996657,14196.142075715603
Mod,Nom,Ideal,CH,Hhigh,HPl_Rb-HP,4,9848.066649554301,754.8694595112469,151243.90232710863,10602.936109065547,2.49281628504184,1717.9953205000002,715.28243,2433.2777505,53.4693587,37.88247335,91.35183205,95.592411587,28.75118714,124.343598727,232.61815522000003,99.6142575,332.23241272,731.0956175,285.3529412,1016.4485586999999,3997.654152697,14600.590261762547
Mod,Nom,Ideal,CH,Hhigh,HPl_Rb-HP,5,9848.066649554301,888.9741241944542,153720.4410920601,10737.040773748755,2.5382675978368914,1717.9953205000002,715.28243,2433.2777505,53.4693587,37.88247335,91.35183205,95.592411587,28.75118714,124.343598727,232.61815522000003,99.6142575,332.23241272,731.0956175,285.3529412,1016.4485586999999,3997.654152697,14734.694926445754
Mod,Nom,Ideal,CH,Hhigh,HPl_Rb-HPo,1,9848.066649554301,295.73400347728034,142170.0979497617,10143.800653031582,2.4097455201879816,1717.9953205000002,517.9205701,2235.9158906000002,53.4693587,22.38243748,75.85179618000001,95.592411587,16.37334279,111.96575437700001,232.61815522000003,78.33376735,310.9519225700001,731.0956175,285.3529412,1016.4485586999999,3751.133922427,13894.934575458581
Mod,Nom,Ideal,CH,Hhigh,HPl_Rb-HPo,2,9848.066649554301,417.35439119887747,144645.99577609953,10265.42104075318,2.4067012772894723,1717.9953205000002,517.9205701,2235.9158906000002,53.4693587,22.38243748,75.85179618000001,95.592411587,16.37334279,111.96575437700001,232.61815522000003,78.33376735,310.9519225700001,731.0956175,285.3529412,1016.4485586999999,3751.133922427,14016.554963180179
Mod,Nom,Ideal,CH,Hhigh,HPl_Rb-HPo,3,9848.066649554301,587.2692911080169,147749.7058649322,10435.335940662319,2.482714929447071,1717.9953205000002,595.2489089,2313.2442294,53.4693587,28.4476689,81.91702760000001,95.592411587,21.2168471,116.809258687,232.61815522000003,86.66091566999998,319.27907089,731.0956175,285.3529412,1016.4485586999999,3847.698145277,14283.034085939318
Mod,Nom,Ideal,CH,Hhigh,HPl_Rb-HPo,4,9848.066649554301,796.1302113773987,151999.64082626812,10644.1968609317,2.4912829465456947,1717.9953205000002,800.9478006000002,2518.9431211,53.4693587,44.62161938,98.09097808,95.592411587,34.1328586,129.725270187,232.61815522000003,108.86664449999999,341.48479972,731.0956175,285.3529412,1016.4485586999999,4104.692727787,14748.889588718699
Mod,Nom,Ideal,CH,Hhigh,HPl_Rb-HPo,5,9848.066649554301,929.2906170233788,154473.10087704178,10777.357266577681,2.5474043561513446,1717.9953205000002,800.9478006000002,2518.9431211,53.4693587,44.62161938,98.09097808,95.592411587,34.1328586,129.725270187,232.61815522000003,108.86664449999999,341.48479972,731.0956175,285.3529412,1016.4485586999999,4104.692727787,14882.049994364681
Mod,Nom,Ideal,CH,Hhigh,HPl_Rb-R,1,9848.066649554301,1017.9099785103258,157507.01148918926,10865.976628064627,2.5223433735327214,1717.9953205000002,190.9509894,1908.9463099000004,53.4693587,3.783646588,57.253005288,95.592411587,4.027399057,99.61981064400001,232.61815522000003,22.43667136,255.05482658,731.0956175,0,731.0956175,3051.969569912,13917.946197976627
Mod,Nom,Ideal,CH,Hhigh,HPl_Rb-R,2,9848.066649554301,1497.6272280104167,167513.51148918926,11345.693877564718,2.5154468218085837,1717.9953205000002,190.9509894,1908.9463099000004,53.4693587,3.783646588,57.253005288,95.592411587,4.027399057,99.61981064400001,232.61815522000003,22.43667136,255.05482658,731.0956175,0,731.0956175,3051.969569912,14397.663447476718
Mod,Nom,Ideal,CH,Hhigh,HPl_Rb-R,3,9848.066649554301,2101.9362859458083,178899.71148918927,11950.00293550011,2.7688950976706526,1717.9953205000002,234.8663891,1952.8617096000003,53.4693587,4.540375906,58.00973460600001,95.592411587,4.953630649,100.54604223599999,232.61815522000003,27.59671475,260.21486997000005,731.0956175,0,731.0956175,3102.7279739120004,15052.73090941211
Mod,Nom,Ideal,CH,Hhigh,HPl_Rb-R,4,9848.066649554301,2783.434276846971,193656.41148918925,12631.500926401273,2.837860614912032,1717.9953205000002,407.89785810000006,2125.8931786000003,53.4693587,6.558320753,60.027679453000005,95.592411587,8.603084246,104.19549583300001,232.61815522000003,47.92784903,280.54600425,731.0956175,0,731.0956175,3301.7579756360005,15933.258902037274
Mod,Nom,Ideal,CH,Hhigh,HPl_Rb-R,5,9848.066649554301,3322.0704794753774,203682.86148918926,13170.137129029677,3.0430330287051355,1717.9953205000002,407.89785810000006,2125.8931786000003,53.4693587,6.558320753,60.027679453000005,95.592411587,8.603084246,104.19549583300001,232.61815522000003,47.92784903,280.54600425,731.0956175,0,731.0956175,3301.7579756360005,16471.895104665677
Mod,Nom,Ideal,CH,Hhigh,HPl_Rb-Ro,1,9848.066649554301,1061.738149900497,158336.51148918926,10909.804799454798,2.527515787325825,1717.9953205000002,216.2027869,1934.1981074,53.4693587,4.116960628,57.586319328,95.592411587,4.559991558,100.15240314500001,232.61815522000003,25.40374832,258.02190354000004,731.0956175,0,731.0956175,3081.0543509130002,13990.859150367798
Mod,Nom,Ideal,CH,Hhigh,HPl_Rb-Ro,2,9848.066649554301,1538.456345263346,168328.31148918928,11386.522994817647,2.527515787325825,1717.9953205000002,216.2027869,1934.1981074,53.4693587,4.116960628,57.586319328,95.592411587,4.559991558,100.15240314500001,232.61815522000003,25.40374832,258.02190354000004,731.0956175,0,731.0956175,3081.0543509130002,14467.577345730648
Mod,Nom,Ideal,CH,Hhigh,HPl_Rb-Ro,3,9848.066649554301,2169.6753362148706,180252.11148918926,12017.741985769173,2.805101994222377,1717.9953205000002,277.1660528,1995.1613733000002,53.4693587,5.170983671,58.640342371,95.592411587,5.845784319,101.438195906,232.61815522000003,32.56690976,265.18506498000005,731.0956175,0,731.0956175,3151.5205940570004,15169.262579826172
Mod,Nom,Ideal,CH,Hhigh,HPl_Rb-Ro,4,9848.066649554301,2905.404787230428,196092.41148918925,12753.471436784728,2.8395847528430664,1717.9953205000002,537.5473211,2255.5426416000005,53.4693587,7.693414729,61.162773429,95.592411587,11.3375562,106.929967787,232.61815522000003,63.16161347,295.77976869,731.0956175,0,731.0956175,3450.5107690060004,16203.98220579073
Mod,Nom,Ideal,CH,Hhigh,HPl_Rb-Ro,5,9848.066649554301,3445.49999451619,206108.36148918926,13293.566644070492,3.099929580429273,1717.9953205000002,537.5473211,2255.5426416000005,53.4693587,7.693414729,61.162773429,95.592411587,11.3375562,106.929967787,232.61815522000003,63.16161347,295.77976869,731.0956175,0,731.0956175,3450.5107690060004,16744.07741307649
Mod,Nom,Ideal,CH,Hhigh,HYD1000-HYD1000,3,NA,NA,99662.28507215106,7012.6702532549,2.3962225170014886,NA,NA,4908.774199,NA,NA,159.9847908,NA,NA,142.0973227,NA,NA,991.3755545,NA,NA,3266.787762,9469.019629000002,16481.6898822549
Mod,Nom,Ideal,CH,Hhigh,HYD1000-HYD1000,4,NA,NA,102595.4575883662,7168.8431324354915,2.3334013411491457,NA,NA,4908.774199,NA,NA,159.9847908,NA,NA,142.0973227,NA,NA,991.3755545,NA,NA,3266.787762,9469.019629000002,16637.862761435492
Mod,Nom,Ideal,CH,Hhigh,HYD1000-HYD1000,5,NA,NA,105651.01784685595,7346.015934588582,2.513448810972421,NA,NA,4908.774199,NA,NA,159.9847908,NA,NA,142.0973227,NA,NA,991.3755545,NA,NA,3266.787762,9469.019629000002,16815.035563588586
Mod,Nom,Ideal,CH,Hhigh,HYD200-HYD200,3,NA,NA,95249.49967660302,6686.0505237819525,2.055917403559966,NA,NA,4249.18329,NA,NA,145.1322581,NA,NA,130.6427773,NA,NA,722.1937363,NA,NA,3266.787762,8513.939823699999,15199.990347481951
Mod,Nom,Ideal,CH,Hhigh,HYD200-HYD200,4,NA,NA,98166.45131690042,6824.814950998557,2.0377800494535574,NA,NA,4249.18329,NA,NA,145.1322581,NA,NA,130.6427773,NA,NA,722.1937363,NA,NA,3266.787762,8513.939823699999,15338.754774698555
Mod,Nom,Ideal,CH,Hhigh,HYD200-HYD200,5,NA,NA,101222.86588756877,6989.03961283937,2.1258752290446643,NA,NA,4249.18329,NA,NA,145.1322581,NA,NA,130.6427773,NA,NA,722.1937363,NA,NA,3266.787762,8513.939823699999,15502.979436539368
Mod,Nom,Ideal,CH,Hhigh,HYD500-HYD500,3,NA,NA,97179.54775663231,6833.85534849592,2.217918575988161,NA,NA,4585.18329,NA,NA,152.6852193,NA,NA,142.0973227,NA,NA,852.9664635999999,NA,NA,3266.787762,8999.7200576,15833.575406095919
Mod,Nom,Ideal,CH,Hhigh,HYD500-HYD500,4,NA,NA,100092.6492102356,6977.9640538452295,2.200615592072013,NA,NA,4585.18329,NA,NA,152.6852193,NA,NA,142.0973227,NA,NA,852.9664635999999,NA,NA,3266.787762,8999.7200576,15977.684111445229
Mod,Nom,Ideal,CH,Hhigh,HYD500-HYD500,5,NA,NA,103144.62778861032,7144.67078932101,2.3019569032867047,NA,NA,4585.18329,NA,NA,152.6852193,NA,NA,142.0973227,NA,NA,852.9664635999999,NA,NA,3266.787762,8999.7200576,16144.39084692101
Mod,Nom,Ideal,CH,Hhigh,R-HP,1,16277.985808887133,282.04680145820726,235011.04574974682,16560.03261034534,4.927234964198147,1446.5990679999998,479.5114065,1926.1104744999998,68.83574087,19.34982176,88.18556262999999,7.49209138,13.95159063,21.443682009999996,81.53554633,74.17019318,155.70573951,0,285.3529412,285.3529412,2476.7983998499994,19036.83101019534
Mod,Nom,Ideal,CH,Hhigh,R-HP,2,16277.985808887133,403.90937220439395,237491.9628063859,16681.895181091528,4.924317175334331,1446.5990679999998,479.5114065,1926.1104744999998,68.83574087,19.34982176,88.18556262999999,7.49209138,13.95159063,21.443682009999996,81.53554633,74.17019318,155.70573951,0,285.3529412,285.3529412,2476.7983998499994,19158.693580941526
Mod,Nom,Ideal,CH,Hhigh,R-HP,3,16277.985808887133,564.7534295043026,240426.30535806998,16842.739238391438,4.996788444614522,1446.5990679999998,543.696683,1990.2957509999997,68.83574087,24.404181279999996,93.23992214999998,7.49209138,17.98784422,25.479935599999997,81.53554633,81.10948345,162.64502978000002,0,285.3529412,285.3529412,2557.0135797299995,19399.752818121437
Mod,Nom,Ideal,CH,Hhigh,R-HP,4,16277.985808887133,754.8694595112469,244340.63620948477,17032.85526839838,5.015698733722543,1446.5990679999998,715.28243,2161.8814979999997,68.83574087,37.88247335,106.71821422,7.49209138,28.75118714,36.243278520000004,81.53554633,99.6142575,181.14980382999997,0,285.3529412,285.3529412,2771.3457357699995,19804.20100416838
Mod,Nom,Ideal,CH,Hhigh,R-HP,5,16277.985808887133,888.9741241944542,246817.1749744362,17166.959933081587,5.061150046517595,1446.5990679999998,715.28243,2161.8814979999997,68.83574087,37.88247335,106.71821422,7.49209138,28.75118714,36.243278520000004,81.53554633,99.6142575,181.14980382999997,0,285.3529412,285.3529412,2771.3457357699995,19938.305668851586
Mod,Nom,Ideal,CH,Hhigh,R-HPo,1,16277.985808887133,295.73400347728034,235266.83183213783,16573.719812364412,4.932627968868685,1446.5990679999998,517.9205701,1964.5196380999998,68.83574087,22.38243748,91.21817834999999,7.49209138,16.37334279,23.86543417,81.53554633,78.33376735,159.86931368,0,285.3529412,285.3529412,2524.825505499999,19098.54531786441
Mod,Nom,Ideal,CH,Hhigh,R-HPo,2,16277.985808887133,417.35439119887747,237742.72965847564,16695.34020008601,4.929583725970176,1446.5990679999998,517.9205701,1964.5196380999998,68.83574087,22.38243748,91.21817834999999,7.49209138,16.37334279,23.86543417,81.53554633,78.33376735,159.86931368,0,285.3529412,285.3529412,2524.825505499999,19220.165705586012
Mod,Nom,Ideal,CH,Hhigh,R-HPo,3,16277.985808887133,587.2692911080169,240846.43974730838,16865.25509999515,5.005597378127774,1446.5990679999998,595.2489089,2041.8479769,68.83574087,28.4476689,97.28340976999999,7.49209138,21.2168471,28.708938479999997,81.53554633,86.66091566999998,168.19646199999997,0,285.3529412,285.3529412,2621.38972835,19486.64482834515
Mod,Nom,Ideal,CH,Hhigh,R-HPo,4,16277.985808887133,796.1302113773987,245096.37470864426,17074.116020264533,5.014165395226398,1446.5990679999998,800.9478006000002,2247.5468686,68.83574087,44.62161938,113.45736025,7.49209138,34.1328586,41.624949980000004,81.53554633,108.86664449999999,190.40219083,0,285.3529412,285.3529412,2878.38431086,19952.500331124535
Mod,Nom,Ideal,CH,Hhigh,R-HPo,5,16277.985808887133,929.2906170233788,247569.83475941795,17207.276425910513,5.0702868048320475,1446.5990679999998,800.9478006000002,2247.5468686,68.83574087,44.62161938,113.45736025,7.49209138,34.1328586,41.624949980000004,81.53554633,108.86664449999999,190.40219083,0,285.3529412,285.3529412,2878.38431086,20085.660736770515
Mod,Nom,Ideal,CH,Hhigh,R-R,1,16277.985808887133,1017.9099785103258,250603.7453715654,17295.895787397458,5.045225822213425,1446.5990679999998,190.9509894,1637.5500574,68.83574087,3.783646588,72.61938745799999,7.49209138,4.027399057,11.519490437,81.53554633,22.43667136,103.97221769,0,0,0,1825.661152985,19121.55694038246
Mod,Nom,Ideal,CH,Hhigh,R-R,2,16277.985808887133,1497.6272280104167,260610.24537156546,17775.61303689755,5.038329270489286,1446.5990679999998,190.9509894,1637.5500574,68.83574087,3.783646588,72.61938745799999,7.49209138,4.027399057,11.519490437,81.53554633,22.43667136,103.97221769,0,0,0,1825.661152985,19601.27418988255
Mod,Nom,Ideal,CH,Hhigh,R-R,3,16277.985808887133,2101.9362859458083,271996.4453715654,18379.922094832942,5.291777546351355,1446.5990679999998,234.8663891,1681.4654570999999,68.83574087,4.540375906,73.37611677599999,7.49209138,4.953630649,12.445722028999999,81.53554633,27.59671475,109.13226108,0,0,0,1876.4195569849999,20256.341651817944
Mod,Nom,Ideal,CH,Hhigh,R-R,4,16277.985808887133,2783.434276846971,286753.1453715654,19061.420085734106,5.360743063592735,1446.5990679999998,407.89785810000006,1854.4969260999999,68.83574087,6.558320753,75.394061623,7.49209138,8.603084246,16.095175626,81.53554633,47.92784903,129.46339536,0,0,0,2075.4495587089996,21136.869644443104
Mod,Nom,Ideal,CH,Hhigh,R-R,5,16277.985808887133,3322.0704794753774,296779.59537156543,19600.05628836251,5.565915477385838,1446.5990679999998,407.89785810000006,1854.4969260999999,68.83574087,6.558320753,75.394061623,7.49209138,8.603084246,16.095175626,81.53554633,47.92784903,129.46339536,0,0,0,2075.4495587089996,21675.50584707151
Mod,Nom,Ideal,CH,Hhigh,R-Ro,1,16277.985808887133,1061.738149900497,251433.2453715654,17339.723958787632,5.050398236006528,1446.5990679999998,216.2027869,1662.8018548999999,68.83574087,4.116960628,72.952701498,7.49209138,4.559991558,12.052082938,81.53554633,25.40374832,106.93929465000001,0,0,0,1854.7459339859997,19194.46989277363
Mod,Nom,Ideal,CH,Hhigh,R-Ro,2,16277.985808887133,1538.456345263346,261425.04537156541,17816.442154150478,5.050398236006528,1446.5990679999998,216.2027869,1662.8018548999999,68.83574087,4.116960628,72.952701498,7.49209138,4.559991558,12.052082938,81.53554633,25.40374832,106.93929465000001,0,0,0,1854.7459339859997,19671.188088136478
Mod,Nom,Ideal,CH,Hhigh,R-Ro,3,16277.985808887133,2169.6753362148706,273348.84537156543,18447.661145102004,5.327984442903079,1446.5990679999998,277.1660528,1723.7651208,68.83574087,5.170983671,74.006724541,7.49209138,5.845784319,13.337875699,81.53554633,32.56690976,114.10245608999999,0,0,0,1925.21217713,20372.873322232004
Mod,Nom,Ideal,CH,Hhigh,R-Ro,4,16277.985808887133,2905.404787230428,289189.1453715654,19183.390596117562,5.362467201523769,1446.5990679999998,537.5473211,1984.1463890999999,68.83574087,7.693414729,76.52915559899999,7.49209138,11.3375562,18.82964758,81.53554633,63.16161347,144.6971598,0,0,0,2224.202352079,21407.59294819656
Mod,Nom,Ideal,CH,Hhigh,R-Ro,5,16277.985808887133,3445.49999451619,299205.09537156543,19723.485803403324,5.622812029109976,1446.5990679999998,537.5473211,1984.1463890999999,68.83574087,7.693414729,76.52915559899999,7.49209138,11.3375562,18.82964758,81.53554633,63.16161347,144.6971598,0,0,0,2224.202352079,21947.688155482323
Mod,Nom,Ideal,CH,Hlow,HP-HP,1,7027.162423230378,372.30840607725435,71456.15797747218,7399.470829307633,1.4606105264884133,2416.268872,479.5114065,2895.7802785000003,60.37758576,19.34982176,79.72740752000001,139.0069502,13.95159063,152.95854083,470.3389292,74.17019318,544.50912238,1732.919147,285.3529412,2018.2720882,5691.24743743,13090.718266737633
Mod,Nom,Ideal,CH,Hlow,HP-HP,2,7027.162423230378,532.223798557884,73937.07503411127,7559.386221788262,1.4576927376245976,2416.268872,479.5114065,2895.7802785000003,60.37758576,19.34982176,79.72740752000001,139.0069502,13.95159063,152.95854083,470.3389292,74.17019318,544.50912238,1732.919147,285.3529412,2018.2720882,5691.24743743,13250.633659218263
Mod,Nom,Ideal,CH,Hlow,HP-HP,3,7027.162423230378,748.8334885818209,76871.41758579532,7775.9959118122,1.5301640069047877,2416.268872,543.696683,2959.965555,60.37758576,24.404181279999996,84.78176704,139.0069502,17.98784422,156.99479442,470.3389292,81.10948345,551.44841265,1732.919147,285.3529412,2018.2720882,5771.4626173100005,13547.4585291222
Mod,Nom,Ideal,CH,Hlow,HP-HP,4,7027.162423230378,980.1839765985918,80785.74843721013,8007.34639982897,1.5490742960128083,2416.268872,715.28243,3131.5513020000003,60.37758576,37.88247335,98.26005911,139.0069502,28.75118714,167.75813734000002,470.3389292,99.6142575,569.9531867000001,1732.919147,285.3529412,2018.2720882,5985.7947733500005,13993.14117317897
Mod,Nom,Ideal,CH,Hlow,HP-HP,5,7027.162423230378,1142.7371888019713,83262.28720216158,8169.89961203235,1.5945256088078603,2416.268872,715.28243,3131.5513020000003,60.37758576,37.88247335,98.26005911,139.0069502,28.75118714,167.75813734000002,470.3389292,99.6142575,569.9531867000001,1732.919147,285.3529412,2018.2720882,5985.7947733500005,14155.69438538235
Mod,Nom,Ideal,CH,Hlow,HP-HPo,1,7027.162423230378,389.14955936195724,71711.94405986319,7416.311982592336,1.4660035311589503,2416.268872,517.9205701,2934.1894421,60.37758576,22.38243748,82.76002324000001,139.0069502,16.37334279,155.38029299000002,470.3389292,78.33376735,548.67269655,1732.919147,285.3529412,2018.2720882,5739.2745430800005,13155.586525672337
Mod,Nom,Ideal,CH,Hlow,HP-HPo,2,7027.162423230378,549.0544418571677,74187.84188620101,7576.2168650875465,1.4629592882604412,2416.268872,517.9205701,2934.1894421,60.37758576,22.38243748,82.76002324000001,139.0069502,16.37334279,155.38029299000002,470.3389292,78.33376735,548.67269655,1732.919147,285.3529412,2018.2720882,5739.2745430800005,13315.491408167547
Mod,Nom,Ideal,CH,Hlow,HP-HPo,3,7027.162423230378,778.0206423000375,77291.55197503373,7805.183065530416,1.5389729404180397,2416.268872,595.2489089,3011.5177808999997,60.37758576,28.4476689,88.82525466,139.0069502,21.2168471,160.2237973,470.3389292,86.66091566999998,556.9998448700001,1732.919147,285.3529412,2018.2720882,5835.838765930001,13641.021831460417
Mod,Nom,Ideal,CH,Hlow,HP-HPo,4,7027.162423230378,1031.9915143232504,81541.4869363696,8059.153937553629,1.5475409575166634,2416.268872,800.9478006000002,3217.2166726,60.37758576,44.62161938,104.99920514,139.0069502,34.1328586,173.13980880000003,470.3389292,108.86664449999999,579.2055737000001,1732.919147,285.3529412,2018.2720882,6092.83334844,14151.98728599363
Mod,Nom,Ideal,CH,Hlow,HP-HPo,5,7027.162423230378,1193.5070035008418,84014.9469871433,8220.669426731221,1.6036623671223134,2416.268872,800.9478006000002,3217.2166726,60.37758576,44.62161938,104.99920514,139.0069502,34.1328586,173.13980880000003,470.3389292,108.86664449999999,579.2055737000001,1732.919147,285.3529412,2018.2720882,6092.83334844,14313.502775171222
Mod,Nom,Ideal,CH,Hlow,HP-R,1,7027.162423230378,1326.4772221627102,87048.85759929077,8353.639645393088,1.5786013845036901,2416.268872,190.9509894,2607.2198614000004,60.37758576,3.783646588,64.161232348,139.0069502,4.027399057,143.03434925700003,470.3389292,22.43667136,492.77560056000004,1732.919147,0,1732.919147,5040.110190565,13393.74983595809
Mod,Nom,Ideal,CH,Hlow,HP-R,2,7027.162423230378,1953.0899037321874,97055.35759929079,8980.252326962565,1.5717048327795524,2416.268872,190.9509894,2607.2198614000004,60.37758576,3.783646588,64.161232348,139.0069502,4.027399057,143.03434925700003,470.3389292,22.43667136,492.77560056000004,1732.919147,0,1732.919147,5040.110190565,14020.362517527567
Mod,Nom,Ideal,CH,Hlow,HP-R,3,7027.162423230378,2755.547060955901,108441.55759929077,9782.70948418628,1.8251531086416213,2416.268872,234.8663891,2651.1352611,60.37758576,4.540375906,64.917961666,139.0069502,4.953630649,143.960580849,470.3389292,27.59671475,497.93564395,1732.919147,0,1732.919147,5090.8685945649995,14873.57807875128
Mod,Nom,Ideal,CH,Hlow,HP-R,4,7027.162423230378,3559.8614306749255,123198.25759929078,10587.023853905304,1.8941186258830007,2416.268872,407.89785810000006,2824.1667301,60.37758576,6.558320753,66.935906513,139.0069502,8.603084246,147.61003444600001,470.3389292,47.92784903,518.26677823,1732.919147,0,1732.919147,5289.898596289,15876.922450194304
Mod,Nom,Ideal,CH,Hlow,HP-R,5,7027.162423230378,4209.577289410385,133224.70759929076,11236.739712640763,2.099291039676104,2416.268872,407.89785810000006,2824.1667301,60.37758576,6.558320753,66.935906513,139.0069502,8.603084246,147.61003444600001,470.3389292,47.92784903,518.26677823,1732.919147,0,1732.919147,5289.898596289,16526.638308929763
Mod,Nom,Ideal,CH,Hlow,HP-Ro,1,7027.162423230378,1378.3703594628885,87878.35759929077,8405.532782693266,1.5837737982967937,2416.268872,216.2027869,2632.4716589,60.37758576,4.116960628,64.494546388,139.0069502,4.559991558,143.566941758,470.3389292,25.40374832,495.74267752,1732.919147,0,1732.919147,5069.194971566,13474.727754259267
Mod,Nom,Ideal,CH,Hlow,HP-Ro,2,7027.162423230378,2003.5109954738573,97870.15759929077,9030.673418704237,1.5837737982967937,2416.268872,216.2027869,2632.4716589,60.37758576,4.116960628,64.494546388,139.0069502,4.559991558,143.566941758,470.3389292,25.40374832,495.74267752,1732.919147,0,1732.919147,5069.194971566,14099.868390270236
Mod,Nom,Ideal,CH,Hlow,HP-Ro,3,7027.162423230378,2837.534301570244,109793.95759929078,9864.696724800622,1.8613600051933454,2416.268872,277.1660528,2693.4349248000003,60.37758576,5.170983671,65.548569431,139.0069502,5.845784319,144.85273451900002,470.3389292,32.56690976,502.90583896000004,1732.919147,0,1732.919147,5139.66121471,15004.357939510623
Mod,Nom,Ideal,CH,Hlow,HP-Ro,4,7027.162423230378,3712.6020944108504,125634.25759929078,10739.76451764123,1.8958427638140352,2416.268872,537.5473211,2953.8161931,60.37758576,7.693414729,68.071000489,139.0069502,11.3375562,150.3445064,470.3389292,63.16161347,533.50054267,1732.919147,0,1732.919147,5438.651389659,16178.41590730023
Mod,Nom,Ideal,CH,Hlow,HP-Ro,5,7027.162423230378,4362.2475957763645,135650.20759929076,11389.410019006742,2.1561875914002417,2416.268872,537.5473211,2953.8161931,60.37758576,7.693414729,68.071000489,139.0069502,11.3375562,150.3445064,470.3389292,63.16161347,533.50054267,1732.919147,0,1732.919147,5438.651389659,16828.061408665744
Mod,Nom,Ideal,CH,Hlow,HPl_Rb-HP,1,14628.373775200971,372.30840607725435,141914.31186737065,15000.682181278225,2.4043525155174446,1717.9953205000002,479.5114065,2197.5067270000004,53.4693587,19.34982176,72.81918046000001,95.592411587,13.95159063,109.544002217,232.61815522000003,74.17019318,306.7883484000001,731.0956175,285.3529412,1016.4485586999999,3703.1068167770004,18703.788998055225
Mod,Nom,Ideal,CH,Hlow,HPl_Rb-HP,2,14628.373775200971,532.223798557884,144395.22892400977,15160.597573758854,2.401434726653629,1717.9953205000002,479.5114065,2197.5067270000004,53.4693587,19.34982176,72.81918046000001,95.592411587,13.95159063,109.544002217,232.61815522000003,74.17019318,306.7883484000001,731.0956175,285.3529412,1016.4485586999999,3703.1068167770004,18863.704390535855
Mod,Nom,Ideal,CH,Hlow,HPl_Rb-HP,3,14628.373775200971,748.8334885818209,147329.5714756938,15377.207263782791,2.4739059959338188,1717.9953205000002,543.696683,2261.6920035000003,53.4693587,24.404181279999996,77.87353998,95.592411587,17.98784422,113.580255807,232.61815522000003,81.10948345,313.72763867000003,731.0956175,285.3529412,1016.4485586999999,3783.321996657,19160.52926043979
Mod,Nom,Ideal,CH,Hlow,HPl_Rb-HP,4,14628.373775200971,980.1839765985918,151243.90232710863,15608.557751799563,2.49281628504184,1717.9953205000002,715.28243,2433.2777505,53.4693587,37.88247335,91.35183205,95.592411587,28.75118714,124.343598727,232.61815522000003,99.6142575,332.23241272,731.0956175,285.3529412,1016.4485586999999,3997.654152697,19606.211904496562
Mod,Nom,Ideal,CH,Hlow,HPl_Rb-HP,5,14628.373775200971,1142.7371888019713,153720.4410920601,15771.110964002943,2.5382675978368914,1717.9953205000002,715.28243,2433.2777505,53.4693587,37.88247335,91.35183205,95.592411587,28.75118714,124.343598727,232.61815522000003,99.6142575,332.23241272,731.0956175,285.3529412,1016.4485586999999,3997.654152697,19768.765116699942
Mod,Nom,Ideal,CH,Hlow,HPl_Rb-HPo,1,14628.373775200971,389.14955936195724,142170.0979497617,15017.523334562928,2.4097455201879816,1717.9953205000002,517.9205701,2235.9158906000002,53.4693587,22.38243748,75.85179618000001,95.592411587,16.37334279,111.96575437700001,232.61815522000003,78.33376735,310.9519225700001,731.0956175,285.3529412,1016.4485586999999,3751.133922427,18768.65725698993
Mod,Nom,Ideal,CH,Hlow,HPl_Rb-HPo,2,14628.373775200971,549.0544418571677,144645.99577609953,15177.42821705814,2.4067012772894723,1717.9953205000002,517.9205701,2235.9158906000002,53.4693587,22.38243748,75.85179618000001,95.592411587,16.37334279,111.96575437700001,232.61815522000003,78.33376735,310.9519225700001,731.0956175,285.3529412,1016.4485586999999,3751.133922427,18928.56213948514
Mod,Nom,Ideal,CH,Hlow,HPl_Rb-HPo,3,14628.373775200971,778.0206423000375,147749.7058649322,15406.39441750101,2.482714929447071,1717.9953205000002,595.2489089,2313.2442294,53.4693587,28.4476689,81.91702760000001,95.592411587,21.2168471,116.809258687,232.61815522000003,86.66091566999998,319.27907089,731.0956175,285.3529412,1016.4485586999999,3847.698145277,19254.09256277801
Mod,Nom,Ideal,CH,Hlow,HPl_Rb-HPo,4,14628.373775200971,1031.9915143232504,151999.64082626812,15660.365289524221,2.4912829465456947,1717.9953205000002,800.9478006000002,2518.9431211,53.4693587,44.62161938,98.09097808,95.592411587,34.1328586,129.725270187,232.61815522000003,108.86664449999999,341.48479972,731.0956175,285.3529412,1016.4485586999999,4104.692727787,19765.05801731122
Mod,Nom,Ideal,CH,Hlow,HPl_Rb-HPo,5,14628.373775200971,1193.5070035008418,154473.10087704178,15821.880778701812,2.5474043561513446,1717.9953205000002,800.9478006000002,2518.9431211,53.4693587,44.62161938,98.09097808,95.592411587,34.1328586,129.725270187,232.61815522000003,108.86664449999999,341.48479972,731.0956175,285.3529412,1016.4485586999999,4104.692727787,19926.573506488814
Mod,Nom,Ideal,CH,Hlow,HPl_Rb-R,1,14628.373775200971,1326.4772221627102,157507.01148918926,15954.850997363681,2.5223433735327214,1717.9953205000002,190.9509894,1908.9463099000004,53.4693587,3.783646588,57.253005288,95.592411587,4.027399057,99.61981064400001,232.61815522000003,22.43667136,255.05482658,731.0956175,0,731.0956175,3051.969569912,19006.82056727568
Mod,Nom,Ideal,CH,Hlow,HPl_Rb-R,2,14628.373775200971,1953.0899037321874,167513.51148918926,16581.46367893316,2.5154468218085837,1717.9953205000002,190.9509894,1908.9463099000004,53.4693587,3.783646588,57.253005288,95.592411587,4.027399057,99.61981064400001,232.61815522000003,22.43667136,255.05482658,731.0956175,0,731.0956175,3051.969569912,19633.433248845162
Mod,Nom,Ideal,CH,Hlow,HPl_Rb-R,3,14628.373775200971,2755.547060955901,178899.71148918927,17383.92083615687,2.7688950976706526,1717.9953205000002,234.8663891,1952.8617096000003,53.4693587,4.540375906,58.00973460600001,95.592411587,4.953630649,100.54604223599999,232.61815522000003,27.59671475,260.21486997000005,731.0956175,0,731.0956175,3102.7279739120004,20486.648810068873
Mod,Nom,Ideal,CH,Hlow,HPl_Rb-R,4,14628.373775200971,3559.8614306749255,193656.41148918925,18188.235205875895,2.837860614912032,1717.9953205000002,407.89785810000006,2125.8931786000003,53.4693587,6.558320753,60.027679453000005,95.592411587,8.603084246,104.19549583300001,232.61815522000003,47.92784903,280.54600425,731.0956175,0,731.0956175,3301.7579756360005,21489.993181511894
Mod,Nom,Ideal,CH,Hlow,HPl_Rb-R,5,14628.373775200971,4209.577289410385,203682.86148918926,18837.951064611356,3.0430330287051355,1717.9953205000002,407.89785810000006,2125.8931786000003,53.4693587,6.558320753,60.027679453000005,95.592411587,8.603084246,104.19549583300001,232.61815522000003,47.92784903,280.54600425,731.0956175,0,731.0956175,3301.7579756360005,22139.709040247355
Mod,Nom,Ideal,CH,Hlow,HPl_Rb-Ro,1,14628.373775200971,1378.3703594628885,158336.51148918926,16006.744134663859,2.527515787325825,1717.9953205000002,216.2027869,1934.1981074,53.4693587,4.116960628,57.586319328,95.592411587,4.559991558,100.15240314500001,232.61815522000003,25.40374832,258.02190354000004,731.0956175,0,731.0956175,3081.0543509130002,19087.79848557686
Mod,Nom,Ideal,CH,Hlow,HPl_Rb-Ro,2,14628.373775200971,2003.5109954738573,168328.31148918928,16631.884770674827,2.527515787325825,1717.9953205000002,216.2027869,1934.1981074,53.4693587,4.116960628,57.586319328,95.592411587,4.559991558,100.15240314500001,232.61815522000003,25.40374832,258.02190354000004,731.0956175,0,731.0956175,3081.0543509130002,19712.939121587828
Mod,Nom,Ideal,CH,Hlow,HPl_Rb-Ro,3,14628.373775200971,2837.534301570244,180252.11148918926,17465.908076771215,2.805101994222377,1717.9953205000002,277.1660528,1995.1613733000002,53.4693587,5.170983671,58.640342371,95.592411587,5.845784319,101.438195906,232.61815522000003,32.56690976,265.18506498000005,731.0956175,0,731.0956175,3151.5205940570004,20617.428670828216
Mod,Nom,Ideal,CH,Hlow,HPl_Rb-Ro,4,14628.373775200971,3712.6020944108504,196092.41148918925,18340.975869611822,2.8395847528430664,1717.9953205000002,537.5473211,2255.5426416000005,53.4693587,7.693414729,61.162773429,95.592411587,11.3375562,106.929967787,232.61815522000003,63.16161347,295.77976869,731.0956175,0,731.0956175,3450.5107690060004,21791.486638617822
Mod,Nom,Ideal,CH,Hlow,HPl_Rb-Ro,5,14628.373775200971,4362.2475957763645,206108.36148918926,18990.621370977336,3.099929580429273,1717.9953205000002,537.5473211,2255.5426416000005,53.4693587,7.693414729,61.162773429,95.592411587,11.3375562,106.929967787,232.61815522000003,63.16161347,295.77976869,731.0956175,0,731.0956175,3450.5107690060004,22441.132139983336
Mod,Nom,Ideal,CH,Hlow,HYD1000-HYD1000,3,NA,NA,99662.28507215106,10165.131373990638,2.3962225170014886,NA,NA,4908.774199,NA,NA,159.9847908,NA,NA,142.0973227,NA,NA,991.3755545,NA,NA,3266.787762,9469.019629000002,19634.151002990642
Mod,Nom,Ideal,CH,Hlow,HYD1000-HYD1000,4,NA,NA,102595.4575883662,10349.805367639856,2.3334013411491457,NA,NA,4908.774199,NA,NA,159.9847908,NA,NA,142.0973227,NA,NA,991.3755545,NA,NA,3266.787762,9469.019629000002,19818.824996639858
Mod,Nom,Ideal,CH,Hlow,HYD1000-HYD1000,5,NA,NA,105651.01784685595,10568.285828042972,2.513448810972421,NA,NA,4908.774199,NA,NA,159.9847908,NA,NA,142.0973227,NA,NA,991.3755545,NA,NA,3266.787762,9469.019629000002,20037.305457042974
Mod,Nom,Ideal,CH,Hlow,HYD200-HYD200,3,NA,NA,95249.49967660302,9761.054482952117,2.055917403559966,NA,NA,4249.18329,NA,NA,145.1322581,NA,NA,130.6427773,NA,NA,722.1937363,NA,NA,3266.787762,8513.939823699999,18274.994306652115
Mod,Nom,Ideal,CH,Hlow,HYD200-HYD200,4,NA,NA,98166.45131690042,9927.163257997468,2.0377800494535574,NA,NA,4249.18329,NA,NA,145.1322581,NA,NA,130.6427773,NA,NA,722.1937363,NA,NA,3266.787762,8513.939823699999,18441.103081697467
Mod,Nom,Ideal,CH,Hlow,HYD200-HYD200,5,NA,NA,101222.86588756877,10132.54932494324,2.1258752290446643,NA,NA,4249.18329,NA,NA,145.1322581,NA,NA,130.6427773,NA,NA,722.1937363,NA,NA,3266.787762,8513.939823699999,18646.48914864324
Mod,Nom,Ideal,CH,Hlow,HYD500-HYD500,3,NA,NA,97179.54775663231,9943.705772503328,2.217918575988161,NA,NA,4585.18329,NA,NA,152.6852193,NA,NA,142.0973227,NA,NA,852.9664635999999,NA,NA,3266.787762,8999.7200576,18943.425830103326
Mod,Nom,Ideal,CH,Hlow,HYD500-HYD500,4,NA,NA,100092.6492102356,10114.244298677675,2.200615592072013,NA,NA,4585.18329,NA,NA,152.6852193,NA,NA,142.0973227,NA,NA,852.9664635999999,NA,NA,3266.787762,8999.7200576,19113.964356277676
Mod,Nom,Ideal,CH,Hlow,HYD500-HYD500,5,NA,NA,103144.62778861032,10322.304207604579,2.3019569032867047,NA,NA,4585.18329,NA,NA,152.6852193,NA,NA,142.0973227,NA,NA,852.9664635999999,NA,NA,3266.787762,8999.7200576,19322.024265204578
Mod,Nom,Ideal,CH,Hlow,R-HP,1,23949.56171503322,372.30840607725435,235011.04574974682,24321.870121110474,4.927234964198147,1446.5990679999998,479.5114065,1926.1104744999998,68.83574087,19.34982176,88.18556262999999,7.49209138,13.95159063,21.443682009999996,81.53554633,74.17019318,155.70573951,0,285.3529412,285.3529412,2476.7983998499994,26798.668520960473
Mod,Nom,Ideal,CH,Hlow,R-HP,2,23949.56171503322,532.223798557884,237491.9628063859,24481.785513591105,4.924317175334331,1446.5990679999998,479.5114065,1926.1104744999998,68.83574087,19.34982176,88.18556262999999,7.49209138,13.95159063,21.443682009999996,81.53554633,74.17019318,155.70573951,0,285.3529412,285.3529412,2476.7983998499994,26958.583913441104
Mod,Nom,Ideal,CH,Hlow,R-HP,3,23949.56171503322,748.8334885818209,240426.30535806998,24698.39520361504,4.996788444614522,1446.5990679999998,543.696683,1990.2957509999997,68.83574087,24.404181279999996,93.23992214999998,7.49209138,17.98784422,25.479935599999997,81.53554633,81.10948345,162.64502978000002,0,285.3529412,285.3529412,2557.0135797299995,27255.40878334504
Mod,Nom,Ideal,CH,Hlow,R-HP,4,23949.56171503322,980.1839765985918,244340.63620948477,24929.74569163181,5.015698733722543,1446.5990679999998,715.28243,2161.8814979999997,68.83574087,37.88247335,106.71821422,7.49209138,28.75118714,36.243278520000004,81.53554633,99.6142575,181.14980382999997,0,285.3529412,285.3529412,2771.3457357699995,27701.09142740181
Mod,Nom,Ideal,CH,Hlow,R-HP,5,23949.56171503322,1142.7371888019713,246817.1749744362,25092.29890383519,5.061150046517595,1446.5990679999998,715.28243,2161.8814979999997,68.83574087,37.88247335,106.71821422,7.49209138,28.75118714,36.243278520000004,81.53554633,99.6142575,181.14980382999997,0,285.3529412,285.3529412,2771.3457357699995,27863.64463960519
Mod,Nom,Ideal,CH,Hlow,R-HPo,1,23949.56171503322,389.14955936195724,235266.83183213783,24338.711274395177,4.932627968868685,1446.5990679999998,517.9205701,1964.5196380999998,68.83574087,22.38243748,91.21817834999999,7.49209138,16.37334279,23.86543417,81.53554633,78.33376735,159.86931368,0,285.3529412,285.3529412,2524.825505499999,26863.536779895177
Mod,Nom,Ideal,CH,Hlow,R-HPo,2,23949.56171503322,549.0544418571677,237742.72965847564,24498.616156890388,4.929583725970176,1446.5990679999998,517.9205701,1964.5196380999998,68.83574087,22.38243748,91.21817834999999,7.49209138,16.37334279,23.86543417,81.53554633,78.33376735,159.86931368,0,285.3529412,285.3529412,2524.825505499999,27023.44166239039
Mod,Nom,Ideal,CH,Hlow,R-HPo,3,23949.56171503322,778.0206423000375,240846.43974730838,24727.582357333256,5.005597378127774,1446.5990679999998,595.2489089,2041.8479769,68.83574087,28.4476689,97.28340976999999,7.49209138,21.2168471,28.708938479999997,81.53554633,86.66091566999998,168.19646199999997,0,285.3529412,285.3529412,2621.38972835,27348.972085683257
Mod,Nom,Ideal,CH,Hlow,R-HPo,4,23949.56171503322,1031.9915143232504,245096.37470864426,24981.553229356472,5.014165395226398,1446.5990679999998,800.9478006000002,2247.5468686,68.83574087,44.62161938,113.45736025,7.49209138,34.1328586,41.624949980000004,81.53554633,108.86664449999999,190.40219083,0,285.3529412,285.3529412,2878.38431086,27859.937540216473
Mod,Nom,Ideal,CH,Hlow,R-HPo,5,23949.56171503322,1193.5070035008418,247569.83475941795,25143.06871853406,5.0702868048320475,1446.5990679999998,800.9478006000002,2247.5468686,68.83574087,44.62161938,113.45736025,7.49209138,34.1328586,41.624949980000004,81.53554633,108.86664449999999,190.40219083,0,285.3529412,285.3529412,2878.38431086,28021.453029394062
Mod,Nom,Ideal,CH,Hlow,R-R,1,23949.56171503322,1326.4772221627102,250603.7453715654,25276.03893719593,5.045225822213425,1446.5990679999998,190.9509894,1637.5500574,68.83574087,3.783646588,72.61938745799999,7.49209138,4.027399057,11.519490437,81.53554633,22.43667136,103.97221769,0,0,0,1825.661152985,27101.700090180933
Mod,Nom,Ideal,CH,Hlow,R-R,2,23949.56171503322,1953.0899037321874,260610.24537156546,25902.651618765405,5.038329270489286,1446.5990679999998,190.9509894,1637.5500574,68.83574087,3.783646588,72.61938745799999,7.49209138,4.027399057,11.519490437,81.53554633,22.43667136,103.97221769,0,0,0,1825.661152985,27728.312771750407
Mod,Nom,Ideal,CH,Hlow,R-R,3,23949.56171503322,2755.547060955901,271996.4453715654,26705.10877598912,5.291777546351355,1446.5990679999998,234.8663891,1681.4654570999999,68.83574087,4.540375906,73.37611677599999,7.49209138,4.953630649,12.445722028999999,81.53554633,27.59671475,109.13226108,0,0,0,1876.4195569849999,28581.52833297412
Mod,Nom,Ideal,CH,Hlow,R-R,4,23949.56171503322,3559.8614306749255,286753.1453715654,27509.423145708144,5.360743063592735,1446.5990679999998,407.89785810000006,1854.4969260999999,68.83574087,6.558320753,75.394061623,7.49209138,8.603084246,16.095175626,81.53554633,47.92784903,129.46339536,0,0,0,2075.4495587089996,29584.872704417143
Mod,Nom,Ideal,CH,Hlow,R-R,5,23949.56171503322,4209.577289410385,296779.59537156543,28159.139004443605,5.565915477385838,1446.5990679999998,407.89785810000006,1854.4969260999999,68.83574087,6.558320753,75.394061623,7.49209138,8.603084246,16.095175626,81.53554633,47.92784903,129.46339536,0,0,0,2075.4495587089996,30234.588563152603
Mod,Nom,Ideal,CH,Hlow,R-Ro,1,23949.56171503322,1378.3703594628885,251433.2453715654,25327.932074496108,5.050398236006528,1446.5990679999998,216.2027869,1662.8018548999999,68.83574087,4.116960628,72.952701498,7.49209138,4.559991558,12.052082938,81.53554633,25.40374832,106.93929465000001,0,0,0,1854.7459339859997,27182.678008482108
Mod,Nom,Ideal,CH,Hlow,R-Ro,2,23949.56171503322,2003.5109954738573,261425.04537156541,25953.072710507076,5.050398236006528,1446.5990679999998,216.2027869,1662.8018548999999,68.83574087,4.116960628,72.952701498,7.49209138,4.559991558,12.052082938,81.53554633,25.40374832,106.93929465000001,0,0,0,1854.7459339859997,27807.818644493076
Mod,Nom,Ideal,CH,Hlow,R-Ro,3,23949.56171503322,2837.534301570244,273348.84537156543,26787.096016603464,5.327984442903079,1446.5990679999998,277.1660528,1723.7651208,68.83574087,5.170983671,74.006724541,7.49209138,5.845784319,13.337875699,81.53554633,32.56690976,114.10245608999999,0,0,0,1925.21217713,28712.308193733465
Mod,Nom,Ideal,CH,Hlow,R-Ro,4,23949.56171503322,3712.6020944108504,289189.1453715654,27662.16380944407,5.362467201523769,1446.5990679999998,537.5473211,1984.1463890999999,68.83574087,7.693414729,76.52915559899999,7.49209138,11.3375562,18.82964758,81.53554633,63.16161347,144.6971598,0,0,0,2224.202352079,29886.36616152307
Mod,Nom,Ideal,CH,Hlow,R-Ro,5,23949.56171503322,4362.2475957763645,299205.09537156543,28311.80931080958,5.622812029109976,1446.5990679999998,537.5473211,1984.1463890999999,68.83574087,7.693414729,76.52915559899999,7.49209138,11.3375562,18.82964758,81.53554633,63.16161347,144.6971598,0,0,0,2224.202352079,30536.01166288858
Mod,Nom,Real,AK,Hhigh,HP-HP,1,1191.9295736366973,253.60213377482708,21221.912739334788,1445.5317074115244,0.6001072974719791,1869.5477900000003,479.5114065,2349.0591965000003,44.044790199999994,19.34982176,63.394611960000006,141.5319973,13.95159063,155.48358793,371.3462367000001,74.17019318,445.51642988000003,1993.5191580000003,285.3529412,2278.8720992000003,5292.325925470001,6737.857632881525
Mod,Nom,Real,AK,Hhigh,HP-HP,2,1191.9295736366973,367.86899239150006,23569.96871348242,1559.7985660281975,0.5991220760773289,1869.5477900000003,479.5114065,2349.0591965000003,44.044790199999994,19.34982176,63.394611960000006,141.5319973,13.95159063,155.48358793,371.3462367000001,74.17019318,445.51642988000003,1993.5191580000003,285.3529412,2278.8720992000003,5292.325925470001,6852.124491498198
Mod,Nom,Real,AK,Hhigh,HP-HP,3,1191.9295736366973,514.3746227915257,26298.867478926986,1706.304196428223,0.6617412643643551,1869.5477900000003,543.696683,2413.244473,44.044790199999994,24.404181279999996,68.44897148,141.5319973,17.98784422,159.51984152,371.3462367000001,81.10948345,452.45572015000005,1993.5191580000003,285.3529412,2278.8720992000003,5372.541105350001,7078.845301778224
Mod,Nom,Real,AK,Hhigh,HP-HP,4,1191.9295736366973,683.8242802357358,29875.73579164975,1875.7538538724332,0.6778878228029709,1869.5477900000003,715.28243,2584.83022,44.044790199999994,37.88247335,81.92726354999999,141.5319973,28.75118714,170.28318444,371.3462367000001,99.6142575,470.9604942000001,1993.5191580000003,285.3529412,2278.8720992000003,5586.87326139,7462.627115262433
Mod,Nom,Real,AK,Hhigh,HP-HP,5,1191.9295736366973,811.0471489691697,32238.974160550908,2002.976722605867,0.7266805283704467,1869.5477900000003,715.28243,2584.83022,44.044790199999994,37.88247335,81.92726354999999,141.5319973,28.75118714,170.28318444,371.3462367000001,99.6142575,470.9604942000001,1993.5191580000003,285.3529412,2278.8720992000003,5586.87326139,7589.849983995868
Mod,Nom,Real,AK,Hhigh,HP-HPo,1,1191.9295736366973,265.3347192220931,21441.303422871646,1457.2642928587904,0.6001348093501631,1869.5477900000003,517.9205701,2387.4683601,44.044790199999994,22.38243748,66.42722768,141.5319973,16.37334279,157.90534009,371.3462367000001,78.33376735,449.68000405000004,1993.5191580000003,285.3529412,2278.8720992000003,5340.353031120001,6797.617323978791
Mod,Nom,Real,AK,Hhigh,HP-HPo,2,1191.9295736366973,378.6058320634824,23785.253265788306,1570.5354057001798,0.6011373853548493,1869.5477900000003,517.9205701,2387.4683601,44.044790199999994,22.38243748,66.42722768,141.5319973,16.37334279,157.90534009,371.3462367000001,78.33376735,449.68000405000004,1993.5191580000003,285.3529412,2278.8720992000003,5340.353031120001,6910.888436820181
Mod,Nom,Real,AK,Hhigh,HP-HPo,3,1191.9295736366973,533.3331801228186,26658.192960038137,1725.262753759516,0.6738488888378086,1869.5477900000003,595.2489089,2464.7966989,44.044790199999994,28.4476689,72.4924591,141.5319973,21.2168471,162.7488444,371.3462367000001,86.66091566999998,458.00715237000003,1993.5191580000003,285.3529412,2278.8720992000003,5436.91725397,7162.180007729517
Mod,Nom,Real,AK,Hhigh,HP-HPo,4,1191.9295736366973,718.1717882443478,30524.600241879238,1910.1013618810452,0.6844410670888563,1869.5477900000003,800.9478006000002,2670.4955906000005,44.044790199999994,44.62161938,88.66640957999999,141.5319973,34.1328586,175.66485590000002,371.3462367000001,108.86664449999999,480.2128812000001,1993.5191580000003,285.3529412,2278.8720992000003,5693.9118364800015,7604.013198361046
Mod,Nom,Real,AK,Hhigh,HP-HPo,5,1191.9295736366973,844.8073449193391,32884.72378384651,2036.7369185560365,0.7312391829558532,1869.5477900000003,800.9478006000002,2670.4955906000005,44.044790199999994,44.62161938,88.66640957999999,141.5319973,34.1328586,175.66485590000002,371.3462367000001,108.86664449999999,480.2128812000001,1993.5191580000003,285.3529412,2278.8720992000003,5693.9118364800015,7730.648755036038
Mod,Nom,Real,AK,Hhigh,HP-R,1,1191.9295736366973,1017.9099785103258,37261.24374894239,2209.8395521470234,0.7237092592410284,1869.5477900000003,190.9509894,2060.4987794000003,44.044790199999994,3.783646588,47.828436788,141.5319973,4.027399057,145.55939635700003,371.3462367000001,22.43667136,393.78290806000007,1993.5191580000003,0,1993.5191580000003,4641.188678605001,6851.028230752025
Mod,Nom,Real,AK,Hhigh,HP-R,2,1191.9295736366973,1497.6272280104167,47267.7437489424,2689.5568016471143,0.7168127075168904,1869.5477900000003,190.9509894,2060.4987794000003,44.044790199999994,3.783646588,47.828436788,141.5319973,4.027399057,145.55939635700003,371.3462367000001,22.43667136,393.78290806000007,1993.5191580000003,0,1993.5191580000003,4641.188678605001,7330.745480252115
Mod,Nom,Real,AK,Hhigh,HP-R,3,1191.9295736366973,2101.9362859458083,58653.943748942394,3293.8658595825054,0.9702609833789594,1869.5477900000003,234.8663891,2104.4141791,44.044790199999994,4.540375906,48.585166106,141.5319973,4.953630649,146.485627949,371.3462367000001,27.59671475,398.94295145000007,1993.5191580000003,0,1993.5191580000003,4691.947082605001,7985.812942187506
Mod,Nom,Real,AK,Hhigh,HP-R,4,1191.9295736366973,2783.434276846971,73410.6437489424,3975.3638504836686,1.0392265006203387,1869.5477900000003,407.89785810000006,2277.4456481,44.044790199999994,6.558320753,50.603110953,141.5319973,8.603084246,150.135081546,371.3462367000001,47.92784903,419.27408573,1993.5191580000003,0,1993.5191580000003,4890.977084329001,8866.34093481267
Mod,Nom,Real,AK,Hhigh,HP-R,5,1191.9295736366973,3322.0704794753774,83437.0937489424,4514.000053112075,1.2443989144134422,1869.5477900000003,407.89785810000006,2277.4456481,44.044790199999994,6.558320753,50.603110953,141.5319973,8.603084246,150.135081546,371.3462367000001,47.92784903,419.27408573,1993.5191580000003,0,1993.5191580000003,4890.977084329001,9404.977137441076
Mod,Nom,Real,AK,Hhigh,HP-Ro,1,1191.9295736366973,1061.738149900497,38090.74374894239,2253.6677235371944,0.7288816730341318,1869.5477900000003,216.2027869,2085.7505769,44.044790199999994,4.116960628,48.161750827999995,141.5319973,4.559991558,146.091988858,371.3462367000001,25.40374832,396.74998502,1993.5191580000003,0,1993.5191580000003,4670.273459606001,6923.941183143195
Mod,Nom,Real,AK,Hhigh,HP-Ro,2,1191.9295736366973,1538.456345263346,48082.54374894239,2730.3859189000436,0.7288816730341318,1869.5477900000003,216.2027869,2085.7505769,44.044790199999994,4.116960628,48.161750827999995,141.5319973,4.559991558,146.091988858,371.3462367000001,25.40374832,396.74998502,1993.5191580000003,0,1993.5191580000003,4670.273459606001,7400.659378506045
Mod,Nom,Real,AK,Hhigh,HP-Ro,3,1191.9295736366973,2169.6753362148706,60006.343748942396,3361.604909851568,1.0064678799306837,1869.5477900000003,277.1660528,2146.7138428000003,44.044790199999994,5.170983671,49.215773870999996,141.5319973,5.845784319,147.37778161900002,371.3462367000001,32.56690976,403.91314646000006,1993.5191580000003,0,1993.5191580000003,4740.73970275,8102.344612601568
Mod,Nom,Real,AK,Hhigh,HP-Ro,4,1191.9295736366973,2905.404787230428,75846.6437489424,4097.334360867126,1.0409506385513732,1869.5477900000003,537.5473211,2407.0951111000004,44.044790199999994,7.693414729,51.73820492899999,141.5319973,11.3375562,152.8695535,371.3462367000001,63.16161347,434.50785017000004,1993.5191580000003,0,1993.5191580000003,5039.729877699001,9137.064238566127
Mod,Nom,Real,AK,Hhigh,HP-Ro,5,1191.9295736366973,3445.49999451619,85862.5937489424,4637.429568152887,1.3012954661375802,1869.5477900000003,537.5473211,2407.0951111000004,44.044790199999994,7.693414729,51.73820492899999,141.5319973,11.3375562,152.8695535,371.3462367000001,63.16161347,434.50785017000004,1993.5191580000003,0,1993.5191580000003,5039.729877699001,9677.159445851888
Mod,Nom,Real,AK,Hhigh,HPl_Rb-HP,1,2199.529196581079,253.60213377482708,34217.59952128185,2453.131330355906,1.0551105876401532,1504.0997390999999,479.5114065,1983.6111455999999,43.45716332,19.34982176,62.806985080000004,80.896565769,13.95159063,94.84815639899999,208.30530263,74.17019318,282.47549581,696.4603343,285.3529412,981.8132754999999,3405.555058389,5858.686388744905
Mod,Nom,Real,AK,Hhigh,HPl_Rb-HP,2,2199.529196581079,367.86899239150006,36565.655495429484,2567.3981889725787,1.054125366245503,1504.0997390999999,479.5114065,1983.6111455999999,43.45716332,19.34982176,62.806985080000004,80.896565769,13.95159063,94.84815639899999,208.30530263,74.17019318,282.47549581,696.4603343,285.3529412,981.8132754999999,3405.555058389,5972.953247361578
Mod,Nom,Real,AK,Hhigh,HPl_Rb-HP,3,2199.529196581079,514.3746227915257,39294.55426087405,2713.9038193726046,1.1167445545325292,1504.0997390999999,543.696683,2047.7964220999997,43.45716332,24.404181279999996,67.8613446,80.896565769,17.98784422,98.88440998899999,208.30530263,81.10948345,289.41478608,696.4603343,285.3529412,981.8132754999999,3485.7702382689995,6199.674057641604
Mod,Nom,Real,AK,Hhigh,HPl_Rb-HP,4,2199.529196581079,683.8242802357358,42871.422573596814,2883.3534768168147,1.132891112971145,1504.0997390999999,715.28243,2219.3821690999994,43.45716332,37.88247335,81.33963666999999,80.896565769,28.75118714,109.64775290899999,208.30530263,99.6142575,307.91956013000004,696.4603343,285.3529412,981.8132754999999,3700.1023943089986,6583.455871125813
Mod,Nom,Real,AK,Hhigh,HPl_Rb-HP,5,2199.529196581079,811.0471489691697,45234.660942497976,3010.5763455502483,1.1816838185386207,1504.0997390999999,715.28243,2219.3821690999994,43.45716332,37.88247335,81.33963666999999,80.896565769,28.75118714,109.64775290899999,208.30530263,99.6142575,307.91956013000004,696.4603343,285.3529412,981.8132754999999,3700.1023943089986,6710.678739859247
Mod,Nom,Real,AK,Hhigh,HPl_Rb-HPo,1,2199.529196581079,265.3347192220931,34436.99020481871,2464.863915803172,1.055138099518337,1504.0997390999999,517.9205701,2022.0203091999997,43.45716332,22.38243748,65.8396008,80.896565769,16.37334279,97.26990855900002,208.30530263,78.33376735,286.63906998,696.4603343,285.3529412,981.8132754999999,3453.5821640389995,5918.4460798421715
Mod,Nom,Real,AK,Hhigh,HPl_Rb-HPo,2,2199.529196581079,378.6058320634824,36780.94004773537,2578.1350286445613,1.0561406755230234,1504.0997390999999,517.9205701,2022.0203091999997,43.45716332,22.38243748,65.8396008,80.896565769,16.37334279,97.26990855900002,208.30530263,78.33376735,286.63906998,696.4603343,285.3529412,981.8132754999999,3453.5821640389995,6031.717192683561
Mod,Nom,Real,AK,Hhigh,HPl_Rb-HPo,3,2199.529196581079,533.3331801228186,39653.8797419852,2732.862376703897,1.1288521790059827,1504.0997390999999,595.2489089,2099.348648,43.45716332,28.4476689,71.90483222,80.896565769,21.2168471,102.11341286899999,208.30530263,86.66091566999998,294.9662183,696.4603343,285.3529412,981.8132754999999,3550.1463868890005,6283.008763592898
Mod,Nom,Real,AK,Hhigh,HPl_Rb-HPo,4,2199.529196581079,718.1717882443478,43520.2870238263,2917.7009848254265,1.1394443572570303,1504.0997390999999,800.9478006000002,2305.0475397,43.45716332,44.62161938,88.07878269999999,80.896565769,34.1328586,115.029424369,208.30530263,108.86664449999999,317.17194713000004,696.4603343,285.3529412,981.8132754999999,3807.140969399,6724.841954224426
Mod,Nom,Real,AK,Hhigh,HPl_Rb-HPo,5,2199.529196581079,844.8073449193391,45880.410565793565,3044.3365415004178,1.1862424731240273,1504.0997390999999,800.9478006000002,2305.0475397,43.45716332,44.62161938,88.07878269999999,80.896565769,34.1328586,115.029424369,208.30530263,108.86664449999999,317.17194713000004,696.4603343,285.3529412,981.8132754999999,3807.140969399,6851.477510899418
Mod,Nom,Real,AK,Hhigh,HPl_Rb-R,1,2199.529196581079,1017.9099785103258,50256.93053088946,3217.4391750914046,1.1787125494092026,1504.0997390999999,190.9509894,1695.0507284999999,43.45716332,3.783646588,47.240809907999996,80.896565769,4.027399057,84.923964826,208.30530263,22.43667136,230.74197399000002,696.4603343,0,696.4603343,2754.4178115239997,5971.856986615405
Mod,Nom,Real,AK,Hhigh,HPl_Rb-R,2,2199.529196581079,1497.6272280104167,60263.43053088946,3697.1564245914956,1.1718159976850646,1504.0997390999999,190.9509894,1695.0507284999999,43.45716332,3.783646588,47.240809907999996,80.896565769,4.027399057,84.923964826,208.30530263,22.43667136,230.74197399000002,696.4603343,0,696.4603343,2754.4178115239997,6451.574236115495
Mod,Nom,Real,AK,Hhigh,HPl_Rb-R,3,2199.529196581079,2101.9362859458083,71649.63053088945,4301.465482526887,1.4252642735471335,1504.0997390999999,234.8663891,1738.9661282,43.45716332,4.540375906,47.997539226,80.896565769,4.953630649,85.850196418,208.30530263,27.59671475,235.90201738,696.4603343,0,696.4603343,2805.176215524,7106.6416980508875
Mod,Nom,Real,AK,Hhigh,HPl_Rb-R,4,2199.529196581079,2783.434276846971,86406.33053088945,4982.96347342805,1.4942297907885127,1504.0997390999999,407.89785810000006,1911.9975971999997,43.45716332,6.558320753,50.015484072999996,80.896565769,8.603084246,89.499650015,208.30530263,47.92784903,256.23315166,696.4603343,0,696.4603343,3004.206217247999,7987.169690676049
Mod,Nom,Real,AK,Hhigh,HPl_Rb-R,5,2199.529196581079,3322.0704794753774,96432.78053088945,5521.599676056456,1.6994022045816162,1504.0997390999999,407.89785810000006,1911.9975971999997,43.45716332,6.558320753,50.015484072999996,80.896565769,8.603084246,89.499650015,208.30530263,47.92784903,256.23315166,696.4603343,0,696.4603343,3004.206217247999,8525.805893304456
Mod,Nom,Real,AK,Hhigh,HPl_Rb-Ro,1,2199.529196581079,1061.738149900497,51086.43053088946,3261.267346481576,1.1838849632023059,1504.0997390999999,216.2027869,1720.3025259999997,43.45716332,4.116960628,47.57412394799999,80.896565769,4.559991558,85.45655732700001,208.30530263,25.40374832,233.70905095,696.4603343,0,696.4603343,2783.5025925249997,6044.769939006575
Mod,Nom,Real,AK,Hhigh,HPl_Rb-Ro,2,2199.529196581079,1538.456345263346,61078.23053088945,3737.985541844425,1.1838849632023059,1504.0997390999999,216.2027869,1720.3025259999997,43.45716332,4.116960628,47.57412394799999,80.896565769,4.559991558,85.45655732700001,208.30530263,25.40374832,233.70905095,696.4603343,0,696.4603343,2783.5025925249997,6521.488134369425
Mod,Nom,Real,AK,Hhigh,HPl_Rb-Ro,3,2199.529196581079,2169.6753362148706,73002.03053088946,4369.2045327959495,1.4614711700988576,1504.0997390999999,277.1660528,1781.2657918999998,43.45716332,5.170983671,48.628146990999994,80.896565769,5.845784319,86.742350088,208.30530263,32.56690976,240.87221239,696.4603343,0,696.4603343,2853.968835669,7223.17336846495
Mod,Nom,Real,AK,Hhigh,HPl_Rb-Ro,4,2199.529196581079,2905.404787230428,88842.33053088945,5104.933983811507,1.4959539287195474,1504.0997390999999,537.5473211,2041.6470602,43.45716332,7.693414729,51.150578048999996,80.896565769,11.3375562,92.234121969,208.30530263,63.16161347,271.4669161,696.4603343,0,696.4603343,3152.9590106180003,8257.892994429507
Mod,Nom,Real,AK,Hhigh,HPl_Rb-Ro,5,2199.529196581079,3445.49999451619,98858.28053088945,5645.029191097268,1.7562987563057542,1504.0997390999999,537.5473211,2041.6470602,43.45716332,7.693414729,51.150578048999996,80.896565769,11.3375562,92.234121969,208.30530263,63.16161347,271.4669161,696.4603343,0,696.4603343,3152.9590106180003,8797.988201715269
Mod,Nom,Real,AK,Hhigh,HYD1000-HYD1000,3,NA,NA,36823.732137342806,2477.852551057436,1.217910532519952,NA,NA,4148.195171,NA,NA,136.4779224,NA,NA,116.1585478,NA,NA,801.5562350000001,NA,NA,2547.382675,7749.7705512,10227.623102257436
Mod,Nom,Real,AK,Hhigh,HYD1000-HYD1000,4,NA,NA,39618.357833049085,2619.023779733347,1.2186868475988224,NA,NA,4148.195171,NA,NA,136.4779224,NA,NA,116.1585478,NA,NA,801.5562350000001,NA,NA,2547.382675,7749.7705512,10368.794330933348
Mod,Nom,Real,AK,Hhigh,HYD1000-HYD1000,5,NA,NA,42564.795737281005,2786.048422500354,1.3131490685028102,NA,NA,4148.195171,NA,NA,136.4779224,NA,NA,116.1585478,NA,NA,801.5562350000001,NA,NA,2547.382675,7749.7705512,10535.818973700354
Mod,Nom,Real,AK,Hhigh,HYD200-HYD200,3,NA,NA,29200.91719041296,1972.3256284840147,0.8869560694697572,NA,NA,3726.151321,NA,NA,130.8906552,NA,NA,119.4584719,NA,NA,621.7158286,NA,NA,2678.721175,7276.9374517,9249.263080184015
Mod,Nom,Real,AK,Hhigh,HYD200-HYD200,4,NA,NA,31601.501462981527,2082.507444770488,0.8770912771952661,NA,NA,3726.151321,NA,NA,130.8906552,NA,NA,119.4584719,NA,NA,621.7158286,NA,NA,2678.721175,7276.9374517,9359.444896470488
Mod,Nom,Real,AK,Hhigh,HYD200-HYD200,5,NA,NA,34129.620389896314,2218.026049735207,0.9415678844745572,NA,NA,3726.151321,NA,NA,130.8906552,NA,NA,119.4584719,NA,NA,621.7158286,NA,NA,2678.721175,7276.9374517,9494.963501435206
Mod,Nom,Real,AK,Hhigh,HYD500-HYD500,3,NA,NA,36688.655847368296,2470.6901472769273,1.2162134816325667,NA,NA,3943.377791,NA,NA,133.8109837,NA,NA,123.5357826,NA,NA,707.8178500000001,NA,NA,2613.051925,7521.594332300001,9992.284479576929
Mod,Nom,Real,AK,Hhigh,HYD500-HYD500,4,NA,NA,39655.54887598552,2613.1510747690663,1.224718042360502,NA,NA,3943.377791,NA,NA,133.8109837,NA,NA,123.5357826,NA,NA,707.8178500000001,NA,NA,2613.051925,7521.594332300001,10134.745407069067
Mod,Nom,Real,AK,Hhigh,HYD500-HYD500,5,NA,NA,42756.6875905304,2780.618878376916,1.3199029080311429,NA,NA,3943.377791,NA,NA,133.8109837,NA,NA,123.5357826,NA,NA,707.8178500000001,NA,NA,2613.051925,7521.594332300001,10302.213210676917
Mod,Nom,Real,AK,Hhigh,R-HP,1,4785.670816166902,253.60213377482708,69737.6656398221,5039.272949941729,2.352071973124763,1286.507709,479.5114065,1766.0191154999998,58.322398299999996,19.34982176,77.67222006,7.075782539,13.95159063,21.027373169,69.17908698,74.17019318,143.34928016,0,285.3529412,285.3529412,2293.4209300889997,7332.693880030729
Mod,Nom,Real,AK,Hhigh,R-HP,2,4785.670816166902,367.86899239150006,72085.72161396973,5153.539808558402,2.351086751730113,1286.507709,479.5114065,1766.0191154999998,58.322398299999996,19.34982176,77.67222006,7.075782539,13.95159063,21.027373169,69.17908698,74.17019318,143.34928016,0,285.3529412,285.3529412,2293.4209300889997,7446.960738647402
Mod,Nom,Real,AK,Hhigh,R-HP,3,4785.670816166902,514.3746227915257,74814.6203794143,5300.045438958427,2.413705940017139,1286.507709,543.696683,1830.204392,58.322398299999996,24.404181279999996,82.72657957999999,7.075782539,17.98784422,25.063626758999998,69.17908698,81.10948345,150.28857043000002,0,285.3529412,285.3529412,2373.636109969,7673.681548927427
Mod,Nom,Real,AK,Hhigh,R-HP,4,4785.670816166902,683.8242802357358,78391.48869213705,5469.495096402638,2.429852498455755,1286.507709,715.28243,2001.790139,58.322398299999996,37.88247335,96.20487164999999,7.075782539,28.75118714,35.826969679,69.17908698,99.6142575,168.79334448,0,285.3529412,285.3529412,2587.9682660089998,8057.463362411638
Mod,Nom,Real,AK,Hhigh,R-HP,5,4785.670816166902,811.0471489691697,80754.72706103821,5596.717965136072,2.4786452040232305,1286.507709,715.28243,2001.790139,58.322398299999996,37.88247335,96.20487164999999,7.075782539,28.75118714,35.826969679,69.17908698,99.6142575,168.79334448,0,285.3529412,285.3529412,2587.9682660089998,8184.686231145071
Mod,Nom,Real,AK,Hhigh,R-HPo,1,4785.670816166902,265.3347192220931,69957.05632335895,5051.005535388995,2.352099485002947,1286.507709,517.9205701,1804.4282791,58.322398299999996,22.38243748,80.70483578,7.075782539,16.37334279,23.449125328999997,69.17908698,78.33376735,147.51285433,0,285.3529412,285.3529412,2341.448035739,7392.453571127995
Mod,Nom,Real,AK,Hhigh,R-HPo,2,4785.670816166902,378.6058320634824,72301.00616627562,5164.276648230385,2.3531020610076334,1286.507709,517.9205701,1804.4282791,58.322398299999996,22.38243748,80.70483578,7.075782539,16.37334279,23.449125328999997,69.17908698,78.33376735,147.51285433,0,285.3529412,285.3529412,2341.448035739,7505.724683969385
Mod,Nom,Real,AK,Hhigh,R-HPo,3,4785.670816166902,533.3331801228186,75173.94586052545,5319.003996289721,2.4258135644905927,1286.507709,595.2489089,1881.7566179,58.322398299999996,28.4476689,86.7700672,7.075782539,21.2168471,28.292629638999998,69.17908698,86.66091566999998,155.84000264999997,0,285.3529412,285.3529412,2438.012258589,7757.016254878721
Mod,Nom,Real,AK,Hhigh,R-HPo,4,4785.670816166902,718.1717882443478,79040.35314236654,5503.84260441125,2.4364057427416403,1286.507709,800.9478006000002,2087.4555096,58.322398299999996,44.62161938,102.94401768,7.075782539,34.1328586,41.208641139,69.17908698,108.86664449999999,178.04573148000003,0,285.3529412,285.3529412,2695.0068410989998,8198.84944551025
Mod,Nom,Real,AK,Hhigh,R-HPo,5,4785.670816166902,844.8073449193391,81400.47668433381,5630.478161086241,2.483203858608637,1286.507709,800.9478006000002,2087.4555096,58.322398299999996,44.62161938,102.94401768,7.075782539,34.1328586,41.208641139,69.17908698,108.86664449999999,178.04573148000003,0,285.3529412,285.3529412,2695.0068410989998,8325.48500218524
Mod,Nom,Real,AK,Hhigh,R-R,1,4785.670816166902,1017.9099785103258,85776.9966494297,5803.580794677228,2.475673934893812,1286.507709,190.9509894,1477.4586984,58.322398299999996,3.783646588,62.106044888,7.075782539,4.027399057,11.103181595999999,69.17908698,22.43667136,91.61575834,0,0,0,1642.283683224,7445.864477901228
Mod,Nom,Real,AK,Hhigh,R-R,2,4785.670816166902,1497.6272280104167,95783.4966494297,6283.298044177319,2.4687773831696744,1286.507709,190.9509894,1477.4586984,58.322398299999996,3.783646588,62.106044888,7.075782539,4.027399057,11.103181595999999,69.17908698,22.43667136,91.61575834,0,0,0,1642.283683224,7925.581727401319
Mod,Nom,Real,AK,Hhigh,R-R,3,4785.670816166902,2101.9362859458083,107169.6966494297,6887.60710211271,2.7222256590317433,1286.507709,234.8663891,1521.3740980999999,58.322398299999996,4.540375906,62.862774206000005,7.075782539,4.953630649,12.029413188000001,69.17908698,27.59671475,96.77580173,0,0,0,1693.042087224,8580.64918933671
Mod,Nom,Real,AK,Hhigh,R-R,4,4785.670816166902,2783.434276846971,121926.39664942969,7569.105093013874,2.7911911762731227,1286.507709,407.89785810000006,1694.4055671,58.322398299999996,6.558320753,64.880719053000007,7.075782539,8.603084246,15.678866785000002,69.17908698,47.92784903,117.10693600999998,0,0,0,1892.0720889480003,9461.177181961873
Mod,Nom,Real,AK,Hhigh,R-R,5,4785.670816166902,3322.0704794753774,131952.8466494297,8107.7412956422795,2.996363590066226,1286.507709,407.89785810000006,1694.4055671,58.322398299999996,6.558320753,64.880719053000007,7.075782539,8.603084246,15.678866785000002,69.17908698,47.92784903,117.10693600999998,0,0,0,1892.0720889480003,9999.81338459028
Mod,Nom,Real,AK,Hhigh,R-Ro,1,4785.670816166902,1061.738149900497,86606.4966494297,5847.4089660674,2.480846348686916,1286.507709,216.2027869,1502.7104959,58.322398299999996,4.116960628,62.439358928,7.075782539,4.559991558,11.635774097000002,69.17908698,25.40374832,94.5828353,0,0,0,1671.368464225,7518.7774302924
Mod,Nom,Real,AK,Hhigh,R-Ro,2,4785.670816166902,1538.456345263346,96598.29664942971,6324.127161430249,2.480846348686916,1286.507709,216.2027869,1502.7104959,58.322398299999996,4.116960628,62.439358928,7.075782539,4.559991558,11.635774097000002,69.17908698,25.40374832,94.5828353,0,0,0,1671.368464225,7995.495625655249
Mod,Nom,Real,AK,Hhigh,R-Ro,3,4785.670816166902,2169.6753362148706,108522.09664942969,6955.346152381772,2.7584325555834672,1286.507709,277.1660528,1563.6737618,58.322398299999996,5.170983671,63.493381971,7.075782539,5.845784319,12.921566858000002,69.17908698,32.56690976,101.74599674,0,0,0,1741.834707369,8697.180859750772
Mod,Nom,Real,AK,Hhigh,R-Ro,4,4785.670816166902,2905.404787230428,124362.39664942969,7691.07560339733,2.792915314204157,1286.507709,537.5473211,1824.0550300999998,58.322398299999996,7.693414729,66.015813029,7.075782539,11.3375562,18.413338739,69.17908698,63.16161347,132.34070044999999,0,0,0,2040.8248823179997,9731.90048571533
Mod,Nom,Real,AK,Hhigh,R-Ro,5,4785.670816166902,3445.49999451619,134378.3466494297,8231.170810683092,3.053260141790364,1286.507709,537.5473211,1824.0550300999998,58.322398299999996,7.693414729,66.015813029,7.075782539,11.3375562,18.413338739,69.17908698,63.16161347,132.34070044999999,0,0,0,2040.8248823179997,10271.995693001092
Mod,Nom,Real,AK,Hlow,HP-HP,1,1906.9541324651968,335.53177670674734,21221.912739334788,2242.485909171944,0.6001072974719791,1869.5477900000003,479.5114065,2349.0591965000003,44.044790199999994,19.34982176,63.394611960000006,141.5319973,13.95159063,155.48358793,371.3462367000001,74.17019318,445.51642988000003,1993.5191580000003,285.3529412,2278.8720992000003,5292.325925470001,7534.811834641945
Mod,Nom,Real,AK,Hlow,HP-HP,2,1906.9541324651968,485.51763329380327,23569.96871348242,2392.471765759,0.5991220760773289,1869.5477900000003,479.5114065,2349.0591965000003,44.044790199999994,19.34982176,63.394611960000006,141.5319973,13.95159063,155.48358793,371.3462367000001,74.17019318,445.51642988000003,1993.5191580000003,285.3529412,2278.8720992000003,5292.325925470001,7684.7976912290005
Mod,Nom,Real,AK,Hlow,HP-HP,3,1906.9541324651968,682.4646325489807,26298.867478926986,2589.4187650141776,0.6617412643643551,1869.5477900000003,543.696683,2413.244473,44.044790199999994,24.404181279999996,68.44897148,141.5319973,17.98784422,159.51984152,371.3462367000001,81.10948345,452.45572015000005,1993.5191580000003,285.3529412,2278.8720992000003,5372.541105350001,7961.959870364179
Mod,Nom,Real,AK,Hlow,HP-HP,4,1906.9541324651968,887.3493422675774,29875.73579164975,2794.3034747327742,0.6778878228029709,1869.5477900000003,715.28243,2584.83022,44.044790199999994,37.88247335,81.92726354999999,141.5319973,28.75118714,170.28318444,371.3462367000001,99.6142575,470.9604942000001,1993.5191580000003,285.3529412,2278.8720992000003,5586.87326139,8381.176736122774
Mod,Nom,Real,AK,Hlow,HP-HP,5,1906.9541324651968,1043.157557361154,32238.974160550908,2950.111689826351,0.7266805283704467,1869.5477900000003,715.28243,2584.83022,44.044790199999994,37.88247335,81.92726354999999,141.5319973,28.75118714,170.28318444,371.3462367000001,99.6142575,470.9604942000001,1993.5191580000003,285.3529412,2278.8720992000003,5586.87326139,8536.984951216351
Mod,Nom,Real,AK,Hlow,HP-HPo,1,1906.9541324651968,349.8222574479155,21441.303422871646,2256.7763899131123,0.6001348093501631,1869.5477900000003,517.9205701,2387.4683601,44.044790199999994,22.38243748,66.42722768,141.5319973,16.37334279,157.90534009,371.3462367000001,78.33376735,449.68000405000004,1993.5191580000003,285.3529412,2278.8720992000003,5340.353031120001,7597.129421033113
Mod,Nom,Real,AK,Hlow,HP-HPo,2,1906.9541324651968,499.2268232586933,23785.253265788306,2406.1809557238903,0.6011373853548493,1869.5477900000003,517.9205701,2387.4683601,44.044790199999994,22.38243748,66.42722768,141.5319973,16.37334279,157.90534009,371.3462367000001,78.33376735,449.68000405000004,1993.5191580000003,285.3529412,2278.8720992000003,5340.353031120001,7746.533986843891
Mod,Nom,Real,AK,Hlow,HP-HPo,3,1906.9541324651968,706.9001932214436,26658.192960038137,2613.8543256866405,0.6738488888378086,1869.5477900000003,595.2489089,2464.7966989,44.044790199999994,28.4476689,72.4924591,141.5319973,21.2168471,162.7488444,371.3462367000001,86.66091566999998,458.00715237000003,1993.5191580000003,285.3529412,2278.8720992000003,5436.91725397,8050.771579656641
Mod,Nom,Real,AK,Hlow,HP-HPo,4,1906.9541324651968,931.3798223105739,30524.600241879238,2838.3339547757705,0.6844410670888563,1869.5477900000003,800.9478006000002,2670.4955906000005,44.044790199999994,44.62161938,88.66640957999999,141.5319973,34.1328586,175.66485590000002,371.3462367000001,108.86664449999999,480.2128812000001,1993.5191580000003,285.3529412,2278.8720992000003,5693.9118364800015,8532.245791255773
Mod,Nom,Real,AK,Hlow,HP-HPo,5,1906.9541324651968,1086.1256052351712,32884.72378384651,2993.079737700368,0.7312391829558532,1869.5477900000003,800.9478006000002,2670.4955906000005,44.044790199999994,44.62161938,88.66640957999999,141.5319973,34.1328586,175.66485590000002,371.3462367000001,108.86664449999999,480.2128812000001,1993.5191580000003,285.3529412,2278.8720992000003,5693.9118364800015,8686.991574180369
Mod,Nom,Real,AK,Hlow,HP-R,1,1906.9541324651968,1326.4772221627102,37261.24374894239,3233.431354627907,0.7237092592410284,1869.5477900000003,190.9509894,2060.4987794000003,44.044790199999994,3.783646588,47.828436788,141.5319973,4.027399057,145.55939635700003,371.3462367000001,22.43667136,393.78290806000007,1993.5191580000003,0,1993.5191580000003,4641.188678605001,7874.620033232908
Mod,Nom,Real,AK,Hlow,HP-R,2,1906.9541324651968,1953.0899037321874,47267.7437489424,3860.0440361973842,0.7168127075168904,1869.5477900000003,190.9509894,2060.4987794000003,44.044790199999994,3.783646588,47.828436788,141.5319973,4.027399057,145.55939635700003,371.3462367000001,22.43667136,393.78290806000007,1993.5191580000003,0,1993.5191580000003,4641.188678605001,8501.232714802385
Mod,Nom,Real,AK,Hlow,HP-R,3,1906.9541324651968,2755.547060955901,58653.943748942394,4662.501193421098,0.9702609833789594,1869.5477900000003,234.8663891,2104.4141791,44.044790199999994,4.540375906,48.585166106,141.5319973,4.953630649,146.485627949,371.3462367000001,27.59671475,398.94295145000007,1993.5191580000003,0,1993.5191580000003,4691.947082605001,9354.448276026098
Mod,Nom,Real,AK,Hlow,HP-R,4,1906.9541324651968,3559.8614306749255,73410.6437489424,5466.815563140122,1.0392265006203387,1869.5477900000003,407.89785810000006,2277.4456481,44.044790199999994,6.558320753,50.603110953,141.5319973,8.603084246,150.135081546,371.3462367000001,47.92784903,419.27408573,1993.5191580000003,0,1993.5191580000003,4890.977084329001,10357.792647469123
Mod,Nom,Real,AK,Hlow,HP-R,5,1906.9541324651968,4209.577289410385,83437.0937489424,6116.531421875581,1.2443989144134422,1869.5477900000003,407.89785810000006,2277.4456481,44.044790199999994,6.558320753,50.603110953,141.5319973,8.603084246,150.135081546,371.3462367000001,47.92784903,419.27408573,1993.5191580000003,0,1993.5191580000003,4890.977084329001,11007.508506204582
Mod,Nom,Real,AK,Hlow,HP-Ro,1,1906.9541324651968,1378.3703594628885,38090.74374894239,3285.324491928085,0.7288816730341318,1869.5477900000003,216.2027869,2085.7505769,44.044790199999994,4.116960628,48.161750827999995,141.5319973,4.559991558,146.091988858,371.3462367000001,25.40374832,396.74998502,1993.5191580000003,0,1993.5191580000003,4670.273459606001,7955.597951534086
Mod,Nom,Real,AK,Hlow,HP-Ro,2,1906.9541324651968,2003.5109954738573,48082.54374894239,3910.465127939054,0.7288816730341318,1869.5477900000003,216.2027869,2085.7505769,44.044790199999994,4.116960628,48.161750827999995,141.5319973,4.559991558,146.091988858,371.3462367000001,25.40374832,396.74998502,1993.5191580000003,0,1993.5191580000003,4670.273459606001,8580.738587545055
Mod,Nom,Real,AK,Hlow,HP-Ro,3,1906.9541324651968,2837.534301570244,60006.343748942396,4744.488434035441,1.0064678799306837,1869.5477900000003,277.1660528,2146.7138428000003,44.044790199999994,5.170983671,49.215773870999996,141.5319973,5.845784319,147.37778161900002,371.3462367000001,32.56690976,403.91314646000006,1993.5191580000003,0,1993.5191580000003,4740.73970275,9485.228136785441
Mod,Nom,Real,AK,Hlow,HP-Ro,4,1906.9541324651968,3712.6020944108504,75846.6437489424,5619.556226876048,1.0409506385513732,1869.5477900000003,537.5473211,2407.0951111000004,44.044790199999994,7.693414729,51.73820492899999,141.5319973,11.3375562,152.8695535,371.3462367000001,63.16161347,434.50785017000004,1993.5191580000003,0,1993.5191580000003,5039.729877699001,10659.286104575049
Mod,Nom,Real,AK,Hlow,HP-Ro,5,1906.9541324651968,4362.2475957763645,85862.5937489424,6269.201728241562,1.3012954661375802,1869.5477900000003,537.5473211,2407.0951111000004,44.044790199999994,7.693414729,51.73820492899999,141.5319973,11.3375562,152.8695535,371.3462367000001,63.16161347,434.50785017000004,1993.5191580000003,0,1993.5191580000003,5039.729877699001,11308.931605940563
Mod,Nom,Real,AK,Hlow,HPl_Rb-HP,1,3574.173591367407,335.53177670674734,34217.59952128185,3909.7053680741546,1.0551105876401532,1504.0997390999999,479.5114065,1983.6111455999999,43.45716332,19.34982176,62.806985080000004,80.896565769,13.95159063,94.84815639899999,208.30530263,74.17019318,282.47549581,696.4603343,285.3529412,981.8132754999999,3405.555058389,7315.2604264631545
Mod,Nom,Real,AK,Hlow,HPl_Rb-HP,2,3574.173591367407,485.51763329380327,36565.655495429484,4059.6912246612105,1.054125366245503,1504.0997390999999,479.5114065,1983.6111455999999,43.45716332,19.34982176,62.806985080000004,80.896565769,13.95159063,94.84815639899999,208.30530263,74.17019318,282.47549581,696.4603343,285.3529412,981.8132754999999,3405.555058389,7465.24628305021
Mod,Nom,Real,AK,Hlow,HPl_Rb-HP,3,3574.173591367407,682.4646325489807,39294.55426087405,4256.638223916388,1.1167445545325292,1504.0997390999999,543.696683,2047.7964220999997,43.45716332,24.404181279999996,67.8613446,80.896565769,17.98784422,98.88440998899999,208.30530263,81.10948345,289.41478608,696.4603343,285.3529412,981.8132754999999,3485.7702382689995,7742.408462185387
Mod,Nom,Real,AK,Hlow,HPl_Rb-HP,4,3574.173591367407,887.3493422675774,42871.422573596814,4461.522933634985,1.132891112971145,1504.0997390999999,715.28243,2219.3821690999994,43.45716332,37.88247335,81.33963666999999,80.896565769,28.75118714,109.64775290899999,208.30530263,99.6142575,307.91956013000004,696.4603343,285.3529412,981.8132754999999,3700.1023943089986,8161.625327943983
Mod,Nom,Real,AK,Hlow,HPl_Rb-HP,5,3574.173591367407,1043.157557361154,45234.660942497976,4617.331148728561,1.1816838185386207,1504.0997390999999,715.28243,2219.3821690999994,43.45716332,37.88247335,81.33963666999999,80.896565769,28.75118714,109.64775290899999,208.30530263,99.6142575,307.91956013000004,696.4603343,285.3529412,981.8132754999999,3700.1023943089986,8317.43354303756
Mod,Nom,Real,AK,Hlow,HPl_Rb-HPo,1,3574.173591367407,349.8222574479155,34436.99020481871,3923.995848815323,1.055138099518337,1504.0997390999999,517.9205701,2022.0203091999997,43.45716332,22.38243748,65.8396008,80.896565769,16.37334279,97.26990855900002,208.30530263,78.33376735,286.63906998,696.4603343,285.3529412,981.8132754999999,3453.5821640389995,7377.578012854323
Mod,Nom,Real,AK,Hlow,HPl_Rb-HPo,2,3574.173591367407,499.2268232586933,36780.94004773537,4073.4004146261004,1.0561406755230234,1504.0997390999999,517.9205701,2022.0203091999997,43.45716332,22.38243748,65.8396008,80.896565769,16.37334279,97.26990855900002,208.30530263,78.33376735,286.63906998,696.4603343,285.3529412,981.8132754999999,3453.5821640389995,7526.9825786651
Mod,Nom,Real,AK,Hlow,HPl_Rb-HPo,3,3574.173591367407,706.9001932214436,39653.8797419852,4281.073784588851,1.1288521790059827,1504.0997390999999,595.2489089,2099.348648,43.45716332,28.4476689,71.90483222,80.896565769,21.2168471,102.11341286899999,208.30530263,86.66091566999998,294.9662183,696.4603343,285.3529412,981.8132754999999,3550.1463868890005,7831.220171477851
Mod,Nom,Real,AK,Hlow,HPl_Rb-HPo,4,3574.173591367407,931.3798223105739,43520.2870238263,4505.553413677981,1.1394443572570303,1504.0997390999999,800.9478006000002,2305.0475397,43.45716332,44.62161938,88.07878269999999,80.896565769,34.1328586,115.029424369,208.30530263,108.86664449999999,317.17194713000004,696.4603343,285.3529412,981.8132754999999,3807.140969399,8312.694383076981
Mod,Nom,Real,AK,Hlow,HPl_Rb-HPo,5,3574.173591367407,1086.1256052351712,45880.410565793565,4660.299196602578,1.1862424731240273,1504.0997390999999,800.9478006000002,2305.0475397,43.45716332,44.62161938,88.07878269999999,80.896565769,34.1328586,115.029424369,208.30530263,108.86664449999999,317.17194713000004,696.4603343,285.3529412,981.8132754999999,3807.140969399,8467.44016600158
Mod,Nom,Real,AK,Hlow,HPl_Rb-R,1,3574.173591367407,1326.4772221627102,50256.93053088946,4900.650813530117,1.1787125494092026,1504.0997390999999,190.9509894,1695.0507284999999,43.45716332,3.783646588,47.240809907999996,80.896565769,4.027399057,84.923964826,208.30530263,22.43667136,230.74197399000002,696.4603343,0,696.4603343,2754.4178115239997,7655.068625054117
Mod,Nom,Real,AK,Hlow,HPl_Rb-R,2,3574.173591367407,1953.0899037321874,60263.43053088946,5527.263495099594,1.1718159976850646,1504.0997390999999,190.9509894,1695.0507284999999,43.45716332,3.783646588,47.240809907999996,80.896565769,4.027399057,84.923964826,208.30530263,22.43667136,230.74197399000002,696.4603343,0,696.4603343,2754.4178115239997,8281.681306623594
Mod,Nom,Real,AK,Hlow,HPl_Rb-R,3,3574.173591367407,2755.547060955901,71649.63053088945,6329.720652323308,1.4252642735471335,1504.0997390999999,234.8663891,1738.9661282,43.45716332,4.540375906,47.997539226,80.896565769,4.953630649,85.850196418,208.30530263,27.59671475,235.90201738,696.4603343,0,696.4603343,2805.176215524,9134.896867847308
Mod,Nom,Real,AK,Hlow,HPl_Rb-R,4,3574.173591367407,3559.8614306749255,86406.33053088945,7134.0350220423325,1.4942297907885127,1504.0997390999999,407.89785810000006,1911.9975971999997,43.45716332,6.558320753,50.015484072999996,80.896565769,8.603084246,89.499650015,208.30530263,47.92784903,256.23315166,696.4603343,0,696.4603343,3004.206217247999,10138.241239290332
Mod,Nom,Real,AK,Hlow,HPl_Rb-R,5,3574.173591367407,4209.577289410385,96432.78053088945,7783.750880777791,1.6994022045816162,1504.0997390999999,407.89785810000006,1911.9975971999997,43.45716332,6.558320753,50.015484072999996,80.896565769,8.603084246,89.499650015,208.30530263,47.92784903,256.23315166,696.4603343,0,696.4603343,3004.206217247999,10787.95709802579
Mod,Nom,Real,AK,Hlow,HPl_Rb-Ro,1,3574.173591367407,1378.3703594628885,51086.43053088946,4952.543950830295,1.1838849632023059,1504.0997390999999,216.2027869,1720.3025259999997,43.45716332,4.116960628,47.57412394799999,80.896565769,4.559991558,85.45655732700001,208.30530263,25.40374832,233.70905095,696.4603343,0,696.4603343,2783.5025925249997,7736.0465433552945
Mod,Nom,Real,AK,Hlow,HPl_Rb-Ro,2,3574.173591367407,2003.5109954738573,61078.23053088945,5577.684586841265,1.1838849632023059,1504.0997390999999,216.2027869,1720.3025259999997,43.45716332,4.116960628,47.57412394799999,80.896565769,4.559991558,85.45655732700001,208.30530263,25.40374832,233.70905095,696.4603343,0,696.4603343,2783.5025925249997,8361.187179366265
Mod,Nom,Real,AK,Hlow,HPl_Rb-Ro,3,3574.173591367407,2837.534301570244,73002.03053088946,6411.707892937651,1.4614711700988576,1504.0997390999999,277.1660528,1781.2657918999998,43.45716332,5.170983671,48.628146990999994,80.896565769,5.845784319,86.742350088,208.30530263,32.56690976,240.87221239,696.4603343,0,696.4603343,2853.968835669,9265.676728606652
Mod,Nom,Real,AK,Hlow,HPl_Rb-Ro,4,3574.173591367407,3712.6020944108504,88842.33053088945,7286.775685778258,1.4959539287195474,1504.0997390999999,537.5473211,2041.6470602,43.45716332,7.693414729,51.150578048999996,80.896565769,11.3375562,92.234121969,208.30530263,63.16161347,271.4669161,696.4603343,0,696.4603343,3152.9590106180003,10439.73469639626
Mod,Nom,Real,AK,Hlow,HPl_Rb-Ro,5,3574.173591367407,4362.2475957763645,98858.28053088945,7936.421187143772,1.7562987563057542,1504.0997390999999,537.5473211,2041.6470602,43.45716332,7.693414729,51.150578048999996,80.896565769,11.3375562,92.234121969,208.30530263,63.16161347,271.4669161,696.4603343,0,696.4603343,3152.9590106180003,11089.380197761773
Mod,Nom,Real,AK,Hlow,HYD1000-HYD1000,3,NA,NA,36823.732137342806,3718.7957897048086,1.217910532519952,NA,NA,4148.195171,NA,NA,136.4779224,NA,NA,116.1585478,NA,NA,801.5562350000001,NA,NA,2547.382675,7749.7705512,11468.566340904808
Mod,Nom,Real,AK,Hlow,HYD1000-HYD1000,4,NA,NA,39618.357833049085,3885.819443432912,1.2186868475988224,NA,NA,4148.195171,NA,NA,136.4779224,NA,NA,116.1585478,NA,NA,801.5562350000001,NA,NA,2547.382675,7749.7705512,11635.589994632912
Mod,Nom,Real,AK,Hlow,HYD1000-HYD1000,5,NA,NA,42564.795737281005,4091.303738335699,1.3131490685028102,NA,NA,4148.195171,NA,NA,136.4779224,NA,NA,116.1585478,NA,NA,801.5562350000001,NA,NA,2547.382675,7749.7705512,11841.0742895357
Mod,Nom,Real,AK,Hlow,HYD200-HYD200,3,NA,NA,29200.91719041296,3017.8411277337104,0.8869560694697572,NA,NA,3726.151321,NA,NA,130.8906552,NA,NA,119.4584719,NA,NA,621.7158286,NA,NA,2678.721175,7276.9374517,10294.77857943371
Mod,Nom,Real,AK,Hlow,HYD200-HYD200,4,NA,NA,31601.501462981527,3149.2598109050846,0.8770912771952661,NA,NA,3726.151321,NA,NA,130.8906552,NA,NA,119.4584719,NA,NA,621.7158286,NA,NA,2678.721175,7276.9374517,10426.197262605085
Mod,Nom,Real,AK,Hlow,HYD200-HYD200,5,NA,NA,34129.620389896314,3320.87230993095,0.9415678844745572,NA,NA,3726.151321,NA,NA,130.8906552,NA,NA,119.4584719,NA,NA,621.7158286,NA,NA,2678.721175,7276.9374517,10597.80976163095
Mod,Nom,Real,AK,Hlow,HYD500-HYD500,3,NA,NA,36688.655847368296,3733.3203822214678,1.2162134816325667,NA,NA,3943.377791,NA,NA,133.8109837,NA,NA,123.5357826,NA,NA,707.8178500000001,NA,NA,2613.051925,7521.594332300001,11254.914714521468
Mod,Nom,Real,AK,Hlow,HYD500-HYD500,4,NA,NA,39655.54887598552,3900.966166955728,1.224718042360502,NA,NA,3943.377791,NA,NA,133.8109837,NA,NA,123.5357826,NA,NA,707.8178500000001,NA,NA,2613.051925,7521.594332300001,11422.56049925573
Mod,Nom,Real,AK,Hlow,HYD500-HYD500,5,NA,NA,42756.6875905304,4109.141672130804,1.3199029080311429,NA,NA,3943.377791,NA,NA,133.8109837,NA,NA,123.5357826,NA,NA,707.8178500000001,NA,NA,2613.051925,7521.594332300001,11630.736004430804
Mod,Nom,Real,AK,Hlow,R-HP,1,7659.843936152455,335.53177670674734,69737.6656398221,7995.375712859202,2.352071973124763,1286.507709,479.5114065,1766.0191154999998,58.322398299999996,19.34982176,77.67222006,7.075782539,13.95159063,21.027373169,69.17908698,74.17019318,143.34928016,0,285.3529412,285.3529412,2293.4209300889997,10288.796642948202
Mod,Nom,Real,AK,Hlow,R-HP,2,7659.843936152455,485.51763329380327,72085.72161396973,8145.361569446259,2.351086751730113,1286.507709,479.5114065,1766.0191154999998,58.322398299999996,19.34982176,77.67222006,7.075782539,13.95159063,21.027373169,69.17908698,74.17019318,143.34928016,0,285.3529412,285.3529412,2293.4209300889997,10438.782499535258
Mod,Nom,Real,AK,Hlow,R-HP,3,7659.843936152455,682.4646325489807,74814.6203794143,8342.308568701435,2.413705940017139,1286.507709,543.696683,1830.204392,58.322398299999996,24.404181279999996,82.72657957999999,7.075782539,17.98784422,25.063626758999998,69.17908698,81.10948345,150.28857043000002,0,285.3529412,285.3529412,2373.636109969,10715.944678670436
Mod,Nom,Real,AK,Hlow,R-HP,4,7659.843936152455,887.3493422675774,78391.48869213705,8547.193278420033,2.429852498455755,1286.507709,715.28243,2001.790139,58.322398299999996,37.88247335,96.20487164999999,7.075782539,28.75118714,35.826969679,69.17908698,99.6142575,168.79334448,0,285.3529412,285.3529412,2587.9682660089998,11135.161544429033
Mod,Nom,Real,AK,Hlow,R-HP,5,7659.843936152455,1043.157557361154,80754.72706103821,8703.00149351361,2.4786452040232305,1286.507709,715.28243,2001.790139,58.322398299999996,37.88247335,96.20487164999999,7.075782539,28.75118714,35.826969679,69.17908698,99.6142575,168.79334448,0,285.3529412,285.3529412,2587.9682660089998,11290.96975952261
Mod,Nom,Real,AK,Hlow,R-HPo,1,7659.843936152455,349.8222574479155,69957.05632335895,8009.66619360037,2.352099485002947,1286.507709,517.9205701,1804.4282791,58.322398299999996,22.38243748,80.70483578,7.075782539,16.37334279,23.449125328999997,69.17908698,78.33376735,147.51285433,0,285.3529412,285.3529412,2341.448035739,10351.11422933937
Mod,Nom,Real,AK,Hlow,R-HPo,2,7659.843936152455,499.2268232586933,72301.00616627562,8159.070759411148,2.3531020610076334,1286.507709,517.9205701,1804.4282791,58.322398299999996,22.38243748,80.70483578,7.075782539,16.37334279,23.449125328999997,69.17908698,78.33376735,147.51285433,0,285.3529412,285.3529412,2341.448035739,10500.518795150148
Mod,Nom,Real,AK,Hlow,R-HPo,3,7659.843936152455,706.9001932214436,75173.94586052545,8366.7441293739,2.4258135644905927,1286.507709,595.2489089,1881.7566179,58.322398299999996,28.4476689,86.7700672,7.075782539,21.2168471,28.292629638999998,69.17908698,86.66091566999998,155.84000264999997,0,285.3529412,285.3529412,2438.012258589,10804.7563879629
Mod,Nom,Real,AK,Hlow,R-HPo,4,7659.843936152455,931.3798223105739,79040.35314236654,8591.22375846303,2.4364057427416403,1286.507709,800.9478006000002,2087.4555096,58.322398299999996,44.62161938,102.94401768,7.075782539,34.1328586,41.208641139,69.17908698,108.86664449999999,178.04573148000003,0,285.3529412,285.3529412,2695.0068410989998,11286.23059956203
Mod,Nom,Real,AK,Hlow,R-HPo,5,7659.843936152455,1086.1256052351712,81400.47668433381,8745.969541387627,2.483203858608637,1286.507709,800.9478006000002,2087.4555096,58.322398299999996,44.62161938,102.94401768,7.075782539,34.1328586,41.208641139,69.17908698,108.86664449999999,178.04573148000003,0,285.3529412,285.3529412,2695.0068410989998,11440.976382486628
Mod,Nom,Real,AK,Hlow,R-R,1,7659.843936152455,1326.4772221627102,85776.9966494297,8986.321158315166,2.475673934893812,1286.507709,190.9509894,1477.4586984,58.322398299999996,3.783646588,62.106044888,7.075782539,4.027399057,11.103181595999999,69.17908698,22.43667136,91.61575834,0,0,0,1642.283683224,10628.604841539167
Mod,Nom,Real,AK,Hlow,R-R,2,7659.843936152455,1953.0899037321874,95783.4966494297,9612.933839884643,2.4687773831696744,1286.507709,190.9509894,1477.4586984,58.322398299999996,3.783646588,62.106044888,7.075782539,4.027399057,11.103181595999999,69.17908698,22.43667136,91.61575834,0,0,0,1642.283683224,11255.217523108644
Mod,Nom,Real,AK,Hlow,R-R,3,7659.843936152455,2755.547060955901,107169.6966494297,10415.390997108356,2.7222256590317433,1286.507709,234.8663891,1521.3740980999999,58.322398299999996,4.540375906,62.862774206000005,7.075782539,4.953630649,12.029413188000001,69.17908698,27.59671475,96.77580173,0,0,0,1693.042087224,12108.433084332355
Mod,Nom,Real,AK,Hlow,R-R,4,7659.843936152455,3559.8614306749255,121926.39664942969,11219.70536682738,2.7911911762731227,1286.507709,407.89785810000006,1694.4055671,58.322398299999996,6.558320753,64.880719053000007,7.075782539,8.603084246,15.678866785000002,69.17908698,47.92784903,117.10693600999998,0,0,0,1892.0720889480003,13111.77745577538
Mod,Nom,Real,AK,Hlow,R-R,5,7659.843936152455,4209.577289410385,131952.8466494297,11869.421225562839,2.996363590066226,1286.507709,407.89785810000006,1694.4055671,58.322398299999996,6.558320753,64.880719053000007,7.075782539,8.603084246,15.678866785000002,69.17908698,47.92784903,117.10693600999998,0,0,0,1892.0720889480003,13761.493314510839
Mod,Nom,Real,AK,Hlow,R-Ro,1,7659.843936152455,1378.3703594628885,86606.4966494297,9038.214295615344,2.480846348686916,1286.507709,216.2027869,1502.7104959,58.322398299999996,4.116960628,62.439358928,7.075782539,4.559991558,11.635774097000002,69.17908698,25.40374832,94.5828353,0,0,0,1671.368464225,10709.582759840345
Mod,Nom,Real,AK,Hlow,R-Ro,2,7659.843936152455,2003.5109954738573,96598.29664942971,9663.354931626312,2.480846348686916,1286.507709,216.2027869,1502.7104959,58.322398299999996,4.116960628,62.439358928,7.075782539,4.559991558,11.635774097000002,69.17908698,25.40374832,94.5828353,0,0,0,1671.368464225,11334.723395851313
Mod,Nom,Real,AK,Hlow,R-Ro,3,7659.843936152455,2837.534301570244,108522.09664942969,10497.3782377227,2.7584325555834672,1286.507709,277.1660528,1563.6737618,58.322398299999996,5.170983671,63.493381971,7.075782539,5.845784319,12.921566858000002,69.17908698,32.56690976,101.74599674,0,0,0,1741.834707369,12239.2129450917
Mod,Nom,Real,AK,Hlow,R-Ro,4,7659.843936152455,3712.6020944108504,124362.39664942969,11372.446030563306,2.792915314204157,1286.507709,537.5473211,1824.0550300999998,58.322398299999996,7.693414729,66.015813029,7.075782539,11.3375562,18.413338739,69.17908698,63.16161347,132.34070044999999,0,0,0,2040.8248823179997,13413.270912881306
Mod,Nom,Real,AK,Hlow,R-Ro,5,7659.843936152455,4362.2475957763645,134378.3466494297,12022.09153192882,3.053260141790364,1286.507709,537.5473211,1824.0550300999998,58.322398299999996,7.693414729,66.015813029,7.075782539,11.3375562,18.413338739,69.17908698,63.16161347,132.34070044999999,0,0,0,2040.8248823179997,14062.91641424682
Mod,Nom,Real,CH,Hhigh,HP-HP,1,3869.385034001674,282.04680145820726,57747.08426755435,4151.431835459881,1.601752390828094,2416.268872,479.5114065,2895.7802785000003,60.37758576,19.34982176,79.72740752000001,139.0069502,13.95159063,152.95854083,470.3389292,74.17019318,544.50912238,1732.919147,285.3529412,2018.2720882,5691.24743743,9842.67927288988
Mod,Nom,Real,CH,Hhigh,HP-HP,2,3869.385034001674,403.90937220439395,60228.00132419345,4273.294406206068,1.5988346019642783,2416.268872,479.5114065,2895.7802785000003,60.37758576,19.34982176,79.72740752000001,139.0069502,13.95159063,152.95854083,470.3389292,74.17019318,544.50912238,1732.919147,285.3529412,2018.2720882,5691.24743743,9964.541843636067
Mod,Nom,Real,CH,Hhigh,HP-HP,3,3869.385034001674,564.7534295043026,63162.3438758775,4434.138463505977,1.6713058712444684,2416.268872,543.696683,2959.965555,60.37758576,24.404181279999996,84.78176704,139.0069502,17.98784422,156.99479442,470.3389292,81.10948345,551.44841265,1732.919147,285.3529412,2018.2720882,5771.4626173100005,10205.601080815977
Mod,Nom,Real,CH,Hhigh,HP-HP,4,3869.385034001674,754.8694595112469,67076.67472729232,4624.254493512921,1.690216160352489,2416.268872,715.28243,3131.5513020000003,60.37758576,37.88247335,98.26005911,139.0069502,28.75118714,167.75813734000002,470.3389292,99.6142575,569.9531867000001,1732.919147,285.3529412,2018.2720882,5985.7947733500005,10610.049266862921
Mod,Nom,Real,CH,Hhigh,HP-HP,5,3869.385034001674,888.9741241944542,69553.21349224377,4758.359158196128,1.735667473147541,2416.268872,715.28243,3131.5513020000003,60.37758576,37.88247335,98.26005911,139.0069502,28.75118714,167.75813734000002,470.3389292,99.6142575,569.9531867000001,1732.919147,285.3529412,2018.2720882,5985.7947733500005,10744.153931546129
Mod,Nom,Real,CH,Hhigh,HP-HPo,1,3869.385034001674,295.73400347728034,58002.870349945384,4165.119037478954,1.607145395498631,2416.268872,517.9205701,2934.1894421,60.37758576,22.38243748,82.76002324000001,139.0069502,16.37334279,155.38029299000002,470.3389292,78.33376735,548.67269655,1732.919147,285.3529412,2018.2720882,5739.2745430800005,9904.393580558954
Mod,Nom,Real,CH,Hhigh,HP-HPo,2,3869.385034001674,417.35439119887747,60478.76817628321,4286.7394252005515,1.6041011526001219,2416.268872,517.9205701,2934.1894421,60.37758576,22.38243748,82.76002324000001,139.0069502,16.37334279,155.38029299000002,470.3389292,78.33376735,548.67269655,1732.919147,285.3529412,2018.2720882,5739.2745430800005,10026.013968280553
Mod,Nom,Real,CH,Hhigh,HP-HPo,3,3869.385034001674,587.2692911080169,63582.47826511591,4456.654325109691,1.6801148047577203,2416.268872,595.2489089,3011.5177808999997,60.37758576,28.4476689,88.82525466,139.0069502,21.2168471,160.2237973,470.3389292,86.66091566999998,556.9998448700001,1732.919147,285.3529412,2018.2720882,5835.838765930001,10292.49309103969
Mod,Nom,Real,CH,Hhigh,HP-HPo,4,3869.385034001674,796.1302113773987,67832.4132264518,4665.515245379072,1.688682821856344,2416.268872,800.9478006000002,3217.2166726,60.37758576,44.62161938,104.99920514,139.0069502,34.1328586,173.13980880000003,470.3389292,108.86664449999999,579.2055737000001,1732.919147,285.3529412,2018.2720882,6092.83334844,10758.348593819072
Mod,Nom,Real,CH,Hhigh,HP-HPo,5,3869.385034001674,929.2906170233788,70305.87327722549,4798.6756510250525,1.744804231461994,2416.268872,800.9478006000002,3217.2166726,60.37758576,44.62161938,104.99920514,139.0069502,34.1328586,173.13980880000003,470.3389292,108.86664449999999,579.2055737000001,1732.919147,285.3529412,2018.2720882,6092.83334844,10891.508999465052
Mod,Nom,Real,CH,Hhigh,HP-R,1,3869.385034001674,1017.9099785103258,73339.78388937296,4887.295012512,1.719743248843371,2416.268872,190.9509894,2607.2198614000004,60.37758576,3.783646588,64.161232348,139.0069502,4.027399057,143.03434925700003,470.3389292,22.43667136,492.77560056000004,1732.919147,0,1732.919147,5040.110190565,9927.405203077
Mod,Nom,Real,CH,Hhigh,HP-R,2,3869.385034001674,1497.6272280104167,83346.28388937296,5367.012262012091,1.712846697119233,2416.268872,190.9509894,2607.2198614000004,60.37758576,3.783646588,64.161232348,139.0069502,4.027399057,143.03434925700003,470.3389292,22.43667136,492.77560056000004,1732.919147,0,1732.919147,5040.110190565,10407.122452577092
Mod,Nom,Real,CH,Hhigh,HP-R,3,3869.385034001674,2101.9362859458083,94732.48388937296,5971.321319947482,1.966294972981302,2416.268872,234.8663891,2651.1352611,60.37758576,4.540375906,64.917961666,139.0069502,4.953630649,143.960580849,470.3389292,27.59671475,497.93564395,1732.919147,0,1732.919147,5090.8685945649995,11062.18991451248
Mod,Nom,Real,CH,Hhigh,HP-R,4,3869.385034001674,2783.434276846971,109489.18388937296,6652.819310848645,2.035260490222681,2416.268872,407.89785810000006,2824.1667301,60.37758576,6.558320753,66.935906513,139.0069502,8.603084246,147.61003444600001,470.3389292,47.92784903,518.26677823,1732.919147,0,1732.919147,5289.898596289,11942.717907137645
Mod,Nom,Real,CH,Hhigh,HP-R,5,3869.385034001674,3322.0704794753774,119515.63388937297,7191.455513477051,2.2404329040157847,2416.268872,407.89785810000006,2824.1667301,60.37758576,6.558320753,66.935906513,139.0069502,8.603084246,147.61003444600001,470.3389292,47.92784903,518.26677823,1732.919147,0,1732.919147,5289.898596289,12481.35410976605
Mod,Nom,Real,CH,Hhigh,HP-Ro,1,3869.385034001674,1061.738149900497,74169.28388937296,4931.123183902171,1.7249156626364743,2416.268872,216.2027869,2632.4716589,60.37758576,4.116960628,64.494546388,139.0069502,4.559991558,143.566941758,470.3389292,25.40374832,495.74267752,1732.919147,0,1732.919147,5069.194971566,10000.318155468172
Mod,Nom,Real,CH,Hhigh,HP-Ro,2,3869.385034001674,1538.456345263346,84161.08388937295,5407.84137926502,1.7249156626364743,2416.268872,216.2027869,2632.4716589,60.37758576,4.116960628,64.494546388,139.0069502,4.559991558,143.566941758,470.3389292,25.40374832,495.74267752,1732.919147,0,1732.919147,5069.194971566,10477.03635083102
Mod,Nom,Real,CH,Hhigh,HP-Ro,3,3869.385034001674,2169.6753362148706,96084.88388937297,6039.0603702165445,2.002501869533026,2416.268872,277.1660528,2693.4349248000003,60.37758576,5.170983671,65.548569431,139.0069502,5.845784319,144.85273451900002,470.3389292,32.56690976,502.90583896000004,1732.919147,0,1732.919147,5139.66121471,11178.721584926545
Mod,Nom,Real,CH,Hhigh,HP-Ro,4,3869.385034001674,2905.404787230428,111925.18388937296,6774.7898212321015,2.0369846281537156,2416.268872,537.5473211,2953.8161931,60.37758576,7.693414729,68.071000489,139.0069502,11.3375562,150.3445064,470.3389292,63.16161347,533.50054267,1732.919147,0,1732.919147,5438.651389659,12213.441210891102
Mod,Nom,Real,CH,Hhigh,HP-Ro,5,3869.385034001674,3445.49999451619,121941.13388937297,7314.885028517863,2.2973294557399226,2416.268872,537.5473211,2953.8161931,60.37758576,7.693414729,68.071000489,139.0069502,11.3375562,150.3445064,470.3389292,63.16161347,533.50054267,1732.919147,0,1732.919147,5438.651389659,12753.536418176864
Mod,Nom,Real,CH,Hhigh,HPl_Rb-HP,1,7107.3153734678035,282.04680145820726,99489.84057062554,7389.36217492601,2.849566856806908,1717.9953205000002,479.5114065,2197.5067270000004,53.4693587,19.34982176,72.81918046000001,95.592411587,13.95159063,109.544002217,232.61815522000003,74.17019318,306.7883484000001,731.0956175,285.3529412,1016.4485586999999,3703.1068167770004,11092.46899170301
Mod,Nom,Real,CH,Hhigh,HPl_Rb-HP,2,7107.3153734678035,403.90937220439395,101970.75762726465,7511.224745672197,2.8466490679430922,1717.9953205000002,479.5114065,2197.5067270000004,53.4693587,19.34982176,72.81918046000001,95.592411587,13.95159063,109.544002217,232.61815522000003,74.17019318,306.7883484000001,731.0956175,285.3529412,1016.4485586999999,3703.1068167770004,11214.331562449197
Mod,Nom,Real,CH,Hhigh,HPl_Rb-HP,3,7107.3153734678035,564.7534295043026,104905.10017894869,7672.068802972106,2.919120337223282,1717.9953205000002,543.696683,2261.6920035000003,53.4693587,24.404181279999996,77.87353998,95.592411587,17.98784422,113.580255807,232.61815522000003,81.10948345,313.72763867000003,731.0956175,285.3529412,1016.4485586999999,3783.321996657,11455.390799629105
Mod,Nom,Real,CH,Hhigh,HPl_Rb-HP,4,7107.3153734678035,754.8694595112469,108819.43103036351,7862.18483297905,2.938030626331303,1717.9953205000002,715.28243,2433.2777505,53.4693587,37.88247335,91.35183205,95.592411587,28.75118714,124.343598727,232.61815522000003,99.6142575,332.23241272,731.0956175,285.3529412,1016.4485586999999,3997.654152697,11859.83898567605
Mod,Nom,Real,CH,Hhigh,HPl_Rb-HP,5,7107.3153734678035,888.9741241944542,111295.96979531496,7996.289497662257,2.9834819391263547,1717.9953205000002,715.28243,2433.2777505,53.4693587,37.88247335,91.35183205,95.592411587,28.75118714,124.343598727,232.61815522000003,99.6142575,332.23241272,731.0956175,285.3529412,1016.4485586999999,3997.654152697,11993.943650359257
Mod,Nom,Real,CH,Hhigh,HPl_Rb-HPo,1,7107.3153734678035,295.73400347728034,99745.62665301657,7403.049376945083,2.854959861477445,1717.9953205000002,517.9205701,2235.9158906000002,53.4693587,22.38243748,75.85179618000001,95.592411587,16.37334279,111.96575437700001,232.61815522000003,78.33376735,310.9519225700001,731.0956175,285.3529412,1016.4485586999999,3751.133922427,11154.183299372084
Mod,Nom,Real,CH,Hhigh,HPl_Rb-HPo,2,7107.3153734678035,417.35439119887747,102221.52447935441,7524.669764666681,2.8519156185789356,1717.9953205000002,517.9205701,2235.9158906000002,53.4693587,22.38243748,75.85179618000001,95.592411587,16.37334279,111.96575437700001,232.61815522000003,78.33376735,310.9519225700001,731.0956175,285.3529412,1016.4485586999999,3751.133922427,11275.803687093681
Mod,Nom,Real,CH,Hhigh,HPl_Rb-HPo,3,7107.3153734678035,587.2692911080169,105325.23456818711,7694.58466457582,2.9279292707365343,1717.9953205000002,595.2489089,2313.2442294,53.4693587,28.4476689,81.91702760000001,95.592411587,21.2168471,116.809258687,232.61815522000003,86.66091566999998,319.27907089,731.0956175,285.3529412,1016.4485586999999,3847.698145277,11542.28280985282
Mod,Nom,Real,CH,Hhigh,HPl_Rb-HPo,4,7107.3153734678035,796.1302113773987,109575.169529523,7903.445584845202,2.936497287835158,1717.9953205000002,800.9478006000002,2518.9431211,53.4693587,44.62161938,98.09097808,95.592411587,34.1328586,129.725270187,232.61815522000003,108.86664449999999,341.48479972,731.0956175,285.3529412,1016.4485586999999,4104.692727787,12008.138312632202
Mod,Nom,Real,CH,Hhigh,HPl_Rb-HPo,5,7107.3153734678035,929.2906170233788,112048.62958029668,8036.605990491182,2.992618697440808,1717.9953205000002,800.9478006000002,2518.9431211,53.4693587,44.62161938,98.09097808,95.592411587,34.1328586,129.725270187,232.61815522000003,108.86664449999999,341.48479972,731.0956175,285.3529412,1016.4485586999999,4104.692727787,12141.298718278182
Mod,Nom,Real,CH,Hhigh,HPl_Rb-R,1,7107.3153734678035,1017.9099785103258,115082.54019244415,8125.225351978129,2.9675577148221848,1717.9953205000002,190.9509894,1908.9463099000004,53.4693587,3.783646588,57.253005288,95.592411587,4.027399057,99.61981064400001,232.61815522000003,22.43667136,255.05482658,731.0956175,0,731.0956175,3051.969569912,11177.194921890128
Mod,Nom,Real,CH,Hhigh,HPl_Rb-R,2,7107.3153734678035,1497.6272280104167,125089.04019244415,8604.94260147822,2.960661163098047,1717.9953205000002,190.9509894,1908.9463099000004,53.4693587,3.783646588,57.253005288,95.592411587,4.027399057,99.61981064400001,232.61815522000003,22.43667136,255.05482658,731.0956175,0,731.0956175,3051.969569912,11656.91217139022
Mod,Nom,Real,CH,Hhigh,HPl_Rb-R,3,7107.3153734678035,2101.9362859458083,136475.24019244415,9209.25165941361,3.214109438960116,1717.9953205000002,234.8663891,1952.8617096000003,53.4693587,4.540375906,58.00973460600001,95.592411587,4.953630649,100.54604223599999,232.61815522000003,27.59671475,260.21486997000005,731.0956175,0,731.0956175,3102.7279739120004,12311.97963332561
Mod,Nom,Real,CH,Hhigh,HPl_Rb-R,4,7107.3153734678035,2783.434276846971,151231.94019244413,9890.749650314774,3.2830749562014954,1717.9953205000002,407.89785810000006,2125.8931786000003,53.4693587,6.558320753,60.027679453000005,95.592411587,8.603084246,104.19549583300001,232.61815522000003,47.92784903,280.54600425,731.0956175,0,731.0956175,3301.7579756360005,13192.507625950775
Mod,Nom,Real,CH,Hhigh,HPl_Rb-R,5,7107.3153734678035,3322.0704794753774,161258.39019244415,10429.38585294318,3.488247369994599,1717.9953205000002,407.89785810000006,2125.8931786000003,53.4693587,6.558320753,60.027679453000005,95.592411587,8.603084246,104.19549583300001,232.61815522000003,47.92784903,280.54600425,731.0956175,0,731.0956175,3301.7579756360005,13731.143828579181
Mod,Nom,Real,CH,Hhigh,HPl_Rb-Ro,1,7107.3153734678035,1061.738149900497,115912.04019244415,8169.0535233683,2.9727301286152885,1717.9953205000002,216.2027869,1934.1981074,53.4693587,4.116960628,57.586319328,95.592411587,4.559991558,100.15240314500001,232.61815522000003,25.40374832,258.02190354000004,731.0956175,0,731.0956175,3081.0543509130002,11250.1078742813
Mod,Nom,Real,CH,Hhigh,HPl_Rb-Ro,2,7107.3153734678035,1538.456345263346,125903.84019244416,8645.771718731148,2.9727301286152885,1717.9953205000002,216.2027869,1934.1981074,53.4693587,4.116960628,57.586319328,95.592411587,4.559991558,100.15240314500001,232.61815522000003,25.40374832,258.02190354000004,731.0956175,0,731.0956175,3081.0543509130002,11726.826069644148
Mod,Nom,Real,CH,Hhigh,HPl_Rb-Ro,3,7107.3153734678035,2169.6753362148706,137827.64019244415,9276.990709682674,3.2503163355118403,1717.9953205000002,277.1660528,1995.1613733000002,53.4693587,5.170983671,58.640342371,95.592411587,5.845784319,101.438195906,232.61815522000003,32.56690976,265.18506498000005,731.0956175,0,731.0956175,3151.5205940570004,12428.511303739673
Mod,Nom,Real,CH,Hhigh,HPl_Rb-Ro,4,7107.3153734678035,2905.404787230428,153667.94019244413,10012.72016069823,3.28479909413253,1717.9953205000002,537.5473211,2255.5426416000005,53.4693587,7.693414729,61.162773429,95.592411587,11.3375562,106.929967787,232.61815522000003,63.16161347,295.77976869,731.0956175,0,731.0956175,3450.5107690060004,13463.23092970423
Mod,Nom,Real,CH,Hhigh,HPl_Rb-Ro,5,7107.3153734678035,3445.49999451619,163683.89019244415,10552.815367983992,3.5451439217187364,1717.9953205000002,537.5473211,2255.5426416000005,53.4693587,7.693414729,61.162773429,95.592411587,11.3375562,106.929967787,232.61815522000003,63.16161347,295.77976869,731.0956175,0,731.0956175,3450.5107690060004,14003.326136989992
Mod,Nom,Real,CH,Hhigh,HYD1000-HYD1000,3,NA,NA,83246.25094076464,5963.730438476466,2.685109454181308,NA,NA,4908.774199,NA,NA,159.9847908,NA,NA,142.0973227,NA,NA,991.3755545,NA,NA,3266.787762,9469.019629000002,15432.750067476467
Mod,Nom,Real,CH,Hhigh,HYD1000-HYD1000,4,NA,NA,86167.77864953432,6120.563560683712,2.6279014902903346,NA,NA,4908.774199,NA,NA,159.9847908,NA,NA,142.0973227,NA,NA,991.3755545,NA,NA,3266.787762,9469.019629000002,15589.583189683715
Mod,Nom,Real,CH,Hhigh,HYD1000-HYD1000,5,NA,NA,89225.34486557187,6295.4529071353945,2.8302644351676056,NA,NA,4908.774199,NA,NA,159.9847908,NA,NA,142.0973227,NA,NA,991.3755545,NA,NA,3266.787762,9469.019629000002,15764.472536135396
Mod,Nom,Real,CH,Hhigh,HYD200-HYD200,3,NA,NA,78854.50933416815,5623.4741297416585,2.2814921809406705,NA,NA,4249.18329,NA,NA,145.1322581,NA,NA,130.6427773,NA,NA,722.1937363,NA,NA,3266.787762,8513.939823699999,14137.413953441657
Mod,Nom,Real,CH,Hhigh,HYD200-HYD200,4,NA,NA,81769.73770047183,5762.029675660591,2.2680046195137837,NA,NA,4249.18329,NA,NA,145.1322581,NA,NA,130.6427773,NA,NA,722.1937363,NA,NA,3266.787762,8513.939823699999,14275.96949936059
Mod,Nom,Real,CH,Hhigh,HYD200-HYD200,5,NA,NA,84824.87249512762,5926.246322280078,2.365793379328095,NA,NA,4249.18329,NA,NA,145.1322581,NA,NA,130.6427773,NA,NA,722.1937363,NA,NA,3266.787762,8513.939823699999,14440.186145980077
Mod,Nom,Real,CH,Hhigh,HYD500-HYD500,3,NA,NA,80776.68906957305,5778.5430708608765,2.4787603553071,NA,NA,4585.18329,NA,NA,152.6852193,NA,NA,142.0973227,NA,NA,852.9664635999999,NA,NA,3266.787762,8999.7200576,14778.263128460876
Mod,Nom,Real,CH,Hhigh,HYD500-HYD500,4,NA,NA,83681.15358197957,5923.235547719717,2.471965425267924,NA,NA,4585.18329,NA,NA,152.6852193,NA,NA,142.0973227,NA,NA,852.9664635999999,NA,NA,3266.787762,8999.7200576,14922.955605319716
Mod,Nom,Real,CH,Hhigh,HYD500-HYD500,5,NA,NA,86726.59625965534,6088.16623868506,2.584672517396322,NA,NA,4585.18329,NA,NA,152.6852193,NA,NA,142.0973227,NA,NA,852.9664635999999,NA,NA,3266.787762,8999.7200576,15087.88629628506
Mod,Nom,Real,CH,Hhigh,R-HP,1,13567.066884905149,282.04680145820726,193041.58009566224,13849.113686363355,5.391711126965168,1446.5990679999998,479.5114065,1926.1104744999998,68.83574087,19.34982176,88.18556262999999,7.49209138,13.95159063,21.443682009999996,81.53554633,74.17019318,155.70573951,0,285.3529412,285.3529412,2476.7983998499994,16325.912086213353
Mod,Nom,Real,CH,Hhigh,R-HP,2,13567.066884905149,403.90937220439395,195522.4971523013,13970.976257109542,5.388793338101352,1446.5990679999998,479.5114065,1926.1104744999998,68.83574087,19.34982176,88.18556262999999,7.49209138,13.95159063,21.443682009999996,81.53554633,74.17019318,155.70573951,0,285.3529412,285.3529412,2476.7983998499994,16447.77465695954
Mod,Nom,Real,CH,Hhigh,R-HP,3,13567.066884905149,564.7534295043026,198456.83970398537,14131.820314409451,5.461264607381542,1446.5990679999998,543.696683,1990.2957509999997,68.83574087,24.404181279999996,93.23992214999998,7.49209138,17.98784422,25.479935599999997,81.53554633,81.10948345,162.64502978000002,0,285.3529412,285.3529412,2557.0135797299995,16688.83389413945
Mod,Nom,Real,CH,Hhigh,R-HP,4,13567.066884905149,754.8694595112469,202371.17055540017,14321.936344416396,5.480174896489563,1446.5990679999998,715.28243,2161.8814979999997,68.83574087,37.88247335,106.71821422,7.49209138,28.75118714,36.243278520000004,81.53554633,99.6142575,181.14980382999997,0,285.3529412,285.3529412,2771.3457357699995,17093.282080186396
Mod,Nom,Real,CH,Hhigh,R-HP,5,13567.066884905149,888.9741241944542,204847.7093203516,14456.041009099603,5.525626209284615,1446.5990679999998,715.28243,2161.8814979999997,68.83574087,37.88247335,106.71821422,7.49209138,28.75118714,36.243278520000004,81.53554633,99.6142575,181.14980382999997,0,285.3529412,285.3529412,2771.3457357699995,17227.386744869604
Mod,Nom,Real,CH,Hhigh,R-HPo,1,13567.066884905149,295.73400347728034,193297.36617805323,13862.800888382428,5.397104131635706,1446.5990679999998,517.9205701,1964.5196380999998,68.83574087,22.38243748,91.21817834999999,7.49209138,16.37334279,23.86543417,81.53554633,78.33376735,159.86931368,0,285.3529412,285.3529412,2524.825505499999,16387.626393882427
Mod,Nom,Real,CH,Hhigh,R-HPo,2,13567.066884905149,417.35439119887747,195773.26400439107,13984.421276104025,5.394059888737196,1446.5990679999998,517.9205701,1964.5196380999998,68.83574087,22.38243748,91.21817834999999,7.49209138,16.37334279,23.86543417,81.53554633,78.33376735,159.86931368,0,285.3529412,285.3529412,2524.825505499999,16509.246781604023
Mod,Nom,Real,CH,Hhigh,R-HPo,3,13567.066884905149,587.2692911080169,198876.9740932238,14154.336176013165,5.470073540894795,1446.5990679999998,595.2489089,2041.8479769,68.83574087,28.4476689,97.28340976999999,7.49209138,21.2168471,28.708938479999997,81.53554633,86.66091566999998,168.19646199999997,0,285.3529412,285.3529412,2621.38972835,16775.725904363164
Mod,Nom,Real,CH,Hhigh,R-HPo,4,13567.066884905149,796.1302113773987,203126.90905455966,14363.197096282547,5.478641557993418,1446.5990679999998,800.9478006000002,2247.5468686,68.83574087,44.62161938,113.45736025,7.49209138,34.1328586,41.624949980000004,81.53554633,108.86664449999999,190.40219083,0,285.3529412,285.3529412,2878.38431086,17241.58140714255
Mod,Nom,Real,CH,Hhigh,R-HPo,5,13567.066884905149,929.2906170233788,205600.36910533335,14496.357501928527,5.534762967599068,1446.5990679999998,800.9478006000002,2247.5468686,68.83574087,44.62161938,113.45736025,7.49209138,34.1328586,41.624949980000004,81.53554633,108.86664449999999,190.40219083,0,285.3529412,285.3529412,2878.38431086,17374.74181278853
Mod,Nom,Real,CH,Hhigh,R-R,1,13567.066884905149,1017.9099785103258,208634.2797174808,14584.976863415473,5.509701984980445,1446.5990679999998,190.9509894,1637.5500574,68.83574087,3.783646588,72.61938745799999,7.49209138,4.027399057,11.519490437,81.53554633,22.43667136,103.97221769,0,0,0,1825.661152985,16410.638016400473
Mod,Nom,Real,CH,Hhigh,R-R,2,13567.066884905149,1497.6272280104167,218640.77971748085,15064.694112915566,5.502805433256307,1446.5990679999998,190.9509894,1637.5500574,68.83574087,3.783646588,72.61938745799999,7.49209138,4.027399057,11.519490437,81.53554633,22.43667136,103.97221769,0,0,0,1825.661152985,16890.355265900565
Mod,Nom,Real,CH,Hhigh,R-R,3,13567.066884905149,2101.9362859458083,230026.97971748083,15669.003170850956,5.756253709118376,1446.5990679999998,234.8663891,1681.4654570999999,68.83574087,4.540375906,73.37611677599999,7.49209138,4.953630649,12.445722028999999,81.53554633,27.59671475,109.13226108,0,0,0,1876.4195569849999,17545.422727835954
Mod,Nom,Real,CH,Hhigh,R-R,4,13567.066884905149,2783.434276846971,244783.6797174808,16350.50116175212,5.8252192263597555,1446.5990679999998,407.89785810000006,1854.4969260999999,68.83574087,6.558320753,75.394061623,7.49209138,8.603084246,16.095175626,81.53554633,47.92784903,129.46339536,0,0,0,2075.4495587089996,18425.950720461118
Mod,Nom,Real,CH,Hhigh,R-R,5,13567.066884905149,3322.0704794753774,254810.1297174808,16889.137364380524,6.030391640152859,1446.5990679999998,407.89785810000006,1854.4969260999999,68.83574087,6.558320753,75.394061623,7.49209138,8.603084246,16.095175626,81.53554633,47.92784903,129.46339536,0,0,0,2075.4495587089996,18964.586923089522
Mod,Nom,Real,CH,Hhigh,R-Ro,1,13567.066884905149,1061.738149900497,209463.7797174808,14628.805034805646,5.514874398773548,1446.5990679999998,216.2027869,1662.8018548999999,68.83574087,4.116960628,72.952701498,7.49209138,4.559991558,12.052082938,81.53554633,25.40374832,106.93929465000001,0,0,0,1854.7459339859997,16483.550968791646
Mod,Nom,Real,CH,Hhigh,R-Ro,2,13567.066884905149,1538.456345263346,219455.57971748084,15105.523230168496,5.514874398773548,1446.5990679999998,216.2027869,1662.8018548999999,68.83574087,4.116960628,72.952701498,7.49209138,4.559991558,12.052082938,81.53554633,25.40374832,106.93929465000001,0,0,0,1854.7459339859997,16960.269164154495
Mod,Nom,Real,CH,Hhigh,R-Ro,3,13567.066884905149,2169.6753362148706,231379.3797174808,15736.74222112002,5.7924606056701,1446.5990679999998,277.1660528,1723.7651208,68.83574087,5.170983671,74.006724541,7.49209138,5.845784319,13.337875699,81.53554633,32.56690976,114.10245608999999,0,0,0,1925.21217713,17661.954398250018
Mod,Nom,Real,CH,Hhigh,R-Ro,4,13567.066884905149,2905.404787230428,247219.6797174808,16472.471672135576,5.8269433642907895,1446.5990679999998,537.5473211,1984.1463890999999,68.83574087,7.693414729,76.52915559899999,7.49209138,11.3375562,18.82964758,81.53554633,63.16161347,144.6971598,0,0,0,2224.202352079,18696.674024214575
Mod,Nom,Real,CH,Hhigh,R-Ro,5,13567.066884905149,3445.49999451619,257235.6297174808,17012.566879421338,6.087288191876997,1446.5990679999998,537.5473211,1984.1463890999999,68.83574087,7.693414729,76.52915559899999,7.49209138,11.3375562,18.82964758,81.53554633,63.16161347,144.6971598,0,0,0,2224.202352079,19236.769231500337
Mod,Nom,Real,CH,Hlow,HP-HP,1,5624.838839368453,372.30840607725435,57747.08426755435,5997.147245445707,1.601752390828094,2416.268872,479.5114065,2895.7802785000003,60.37758576,19.34982176,79.72740752000001,139.0069502,13.95159063,152.95854083,470.3389292,74.17019318,544.50912238,1732.919147,285.3529412,2018.2720882,5691.24743743,11688.394682875707
Mod,Nom,Real,CH,Hlow,HP-HP,2,5624.838839368453,532.223798557884,60228.00132419345,6157.062637926337,1.5988346019642783,2416.268872,479.5114065,2895.7802785000003,60.37758576,19.34982176,79.72740752000001,139.0069502,13.95159063,152.95854083,470.3389292,74.17019318,544.50912238,1732.919147,285.3529412,2018.2720882,5691.24743743,11848.310075356338
Mod,Nom,Real,CH,Hlow,HP-HP,3,5624.838839368453,748.8334885818209,63162.3438758775,6373.672327950273,1.6713058712444684,2416.268872,543.696683,2959.965555,60.37758576,24.404181279999996,84.78176704,139.0069502,17.98784422,156.99479442,470.3389292,81.10948345,551.44841265,1732.919147,285.3529412,2018.2720882,5771.4626173100005,12145.134945260274
Mod,Nom,Real,CH,Hlow,HP-HP,4,5624.838839368453,980.1839765985918,67076.67472729232,6605.022815967044,1.690216160352489,2416.268872,715.28243,3131.5513020000003,60.37758576,37.88247335,98.26005911,139.0069502,28.75118714,167.75813734000002,470.3389292,99.6142575,569.9531867000001,1732.919147,285.3529412,2018.2720882,5985.7947733500005,12590.817589317045
Mod,Nom,Real,CH,Hlow,HP-HP,5,5624.838839368453,1142.7371888019713,69553.21349224377,6767.576028170424,1.735667473147541,2416.268872,715.28243,3131.5513020000003,60.37758576,37.88247335,98.26005911,139.0069502,28.75118714,167.75813734000002,470.3389292,99.6142575,569.9531867000001,1732.919147,285.3529412,2018.2720882,5985.7947733500005,12753.370801520425
Mod,Nom,Real,CH,Hlow,HP-HPo,1,5624.838839368453,389.14955936195724,58002.870349945384,6013.988398730409,1.607145395498631,2416.268872,517.9205701,2934.1894421,60.37758576,22.38243748,82.76002324000001,139.0069502,16.37334279,155.38029299000002,470.3389292,78.33376735,548.67269655,1732.919147,285.3529412,2018.2720882,5739.2745430800005,11753.26294181041
Mod,Nom,Real,CH,Hlow,HP-HPo,2,5624.838839368453,549.0544418571677,60478.76817628321,6173.893281225621,1.6041011526001219,2416.268872,517.9205701,2934.1894421,60.37758576,22.38243748,82.76002324000001,139.0069502,16.37334279,155.38029299000002,470.3389292,78.33376735,548.67269655,1732.919147,285.3529412,2018.2720882,5739.2745430800005,11913.167824305621
Mod,Nom,Real,CH,Hlow,HP-HPo,3,5624.838839368453,778.0206423000375,63582.47826511591,6402.85948166849,1.6801148047577203,2416.268872,595.2489089,3011.5177808999997,60.37758576,28.4476689,88.82525466,139.0069502,21.2168471,160.2237973,470.3389292,86.66091566999998,556.9998448700001,1732.919147,285.3529412,2018.2720882,5835.838765930001,12238.698247598491
Mod,Nom,Real,CH,Hlow,HP-HPo,4,5624.838839368453,1031.9915143232504,67832.4132264518,6656.830353691703,1.688682821856344,2416.268872,800.9478006000002,3217.2166726,60.37758576,44.62161938,104.99920514,139.0069502,34.1328586,173.13980880000003,470.3389292,108.86664449999999,579.2055737000001,1732.919147,285.3529412,2018.2720882,6092.83334844,12749.663702131704
Mod,Nom,Real,CH,Hlow,HP-HPo,5,5624.838839368453,1193.5070035008418,70305.87327722549,6818.345842869295,1.744804231461994,2416.268872,800.9478006000002,3217.2166726,60.37758576,44.62161938,104.99920514,139.0069502,34.1328586,173.13980880000003,470.3389292,108.86664449999999,579.2055737000001,1732.919147,285.3529412,2018.2720882,6092.83334844,12911.179191309295
Mod,Nom,Real,CH,Hlow,HP-R,1,5624.838839368453,1326.4772221627102,73339.78388937296,6951.316061531163,1.719743248843371,2416.268872,190.9509894,2607.2198614000004,60.37758576,3.783646588,64.161232348,139.0069502,4.027399057,143.03434925700003,470.3389292,22.43667136,492.77560056000004,1732.919147,0,1732.919147,5040.110190565,11991.426252096164
Mod,Nom,Real,CH,Hlow,HP-R,2,5624.838839368453,1953.0899037321874,83346.28388937296,7577.92874310064,1.712846697119233,2416.268872,190.9509894,2607.2198614000004,60.37758576,3.783646588,64.161232348,139.0069502,4.027399057,143.03434925700003,470.3389292,22.43667136,492.77560056000004,1732.919147,0,1732.919147,5040.110190565,12618.03893366564
Mod,Nom,Real,CH,Hlow,HP-R,3,5624.838839368453,2755.547060955901,94732.48388937296,8380.385900324354,1.966294972981302,2416.268872,234.8663891,2651.1352611,60.37758576,4.540375906,64.917961666,139.0069502,4.953630649,143.960580849,470.3389292,27.59671475,497.93564395,1732.919147,0,1732.919147,5090.8685945649995,13471.254494889354
Mod,Nom,Real,CH,Hlow,HP-R,4,5624.838839368453,3559.8614306749255,109489.18388937296,9184.700270043379,2.035260490222681,2416.268872,407.89785810000006,2824.1667301,60.37758576,6.558320753,66.935906513,139.0069502,8.603084246,147.61003444600001,470.3389292,47.92784903,518.26677823,1732.919147,0,1732.919147,5289.898596289,14474.598866332379
Mod,Nom,Real,CH,Hlow,HP-R,5,5624.838839368453,4209.577289410385,119515.63388937297,9834.416128778837,2.2404329040157847,2416.268872,407.89785810000006,2824.1667301,60.37758576,6.558320753,66.935906513,139.0069502,8.603084246,147.61003444600001,470.3389292,47.92784903,518.26677823,1732.919147,0,1732.919147,5289.898596289,15124.314725067838
Mod,Nom,Real,CH,Hlow,HP-Ro,1,5624.838839368453,1378.3703594628885,74169.28388937296,7003.2091988313405,1.7249156626364743,2416.268872,216.2027869,2632.4716589,60.37758576,4.116960628,64.494546388,139.0069502,4.559991558,143.566941758,470.3389292,25.40374832,495.74267752,1732.919147,0,1732.919147,5069.194971566,12072.404170397342
Mod,Nom,Real,CH,Hlow,HP-Ro,2,5624.838839368453,2003.5109954738573,84161.08388937295,7628.34983484231,1.7249156626364743,2416.268872,216.2027869,2632.4716589,60.37758576,4.116960628,64.494546388,139.0069502,4.559991558,143.566941758,470.3389292,25.40374832,495.74267752,1732.919147,0,1732.919147,5069.194971566,12697.54480640831
Mod,Nom,Real,CH,Hlow,HP-Ro,3,5624.838839368453,2837.534301570244,96084.88388937297,8462.373140938696,2.002501869533026,2416.268872,277.1660528,2693.4349248000003,60.37758576,5.170983671,65.548569431,139.0069502,5.845784319,144.85273451900002,470.3389292,32.56690976,502.90583896000004,1732.919147,0,1732.919147,5139.66121471,13602.034355648697
Mod,Nom,Real,CH,Hlow,HP-Ro,4,5624.838839368453,3712.6020944108504,111925.18388937296,9337.440933779302,2.0369846281537156,2416.268872,537.5473211,2953.8161931,60.37758576,7.693414729,68.071000489,139.0069502,11.3375562,150.3445064,470.3389292,63.16161347,533.50054267,1732.919147,0,1732.919147,5438.651389659,14776.092323438303
Mod,Nom,Real,CH,Hlow,HP-Ro,5,5624.838839368453,4362.2475957763645,121941.13388937297,9987.086435144818,2.2973294557399226,2416.268872,537.5473211,2953.8161931,60.37758576,7.693414729,68.071000489,139.0069502,11.3375562,150.3445064,470.3389292,63.16161347,533.50054267,1732.919147,0,1732.919147,5438.651389659,15425.737824803819
Mod,Nom,Real,CH,Hlow,HPl_Rb-HP,1,10366.838847133733,372.30840607725435,99489.84057062554,10739.147253210987,2.849566856806908,1717.9953205000002,479.5114065,2197.5067270000004,53.4693587,19.34982176,72.81918046000001,95.592411587,13.95159063,109.544002217,232.61815522000003,74.17019318,306.7883484000001,731.0956175,285.3529412,1016.4485586999999,3703.1068167770004,14442.254069987988
Mod,Nom,Real,CH,Hlow,HPl_Rb-HP,2,10366.838847133733,532.223798557884,101970.75762726465,10899.062645691618,2.8466490679430922,1717.9953205000002,479.5114065,2197.5067270000004,53.4693587,19.34982176,72.81918046000001,95.592411587,13.95159063,109.544002217,232.61815522000003,74.17019318,306.7883484000001,731.0956175,285.3529412,1016.4485586999999,3703.1068167770004,14602.169462468619
Mod,Nom,Real,CH,Hlow,HPl_Rb-HP,3,10366.838847133733,748.8334885818209,104905.10017894869,11115.672335715555,2.919120337223282,1717.9953205000002,543.696683,2261.6920035000003,53.4693587,24.404181279999996,77.87353998,95.592411587,17.98784422,113.580255807,232.61815522000003,81.10948345,313.72763867000003,731.0956175,285.3529412,1016.4485586999999,3783.321996657,14898.994332372555
Mod,Nom,Real,CH,Hlow,HPl_Rb-HP,4,10366.838847133733,980.1839765985918,108819.43103036351,11347.022823732324,2.938030626331303,1717.9953205000002,715.28243,2433.2777505,53.4693587,37.88247335,91.35183205,95.592411587,28.75118714,124.343598727,232.61815522000003,99.6142575,332.23241272,731.0956175,285.3529412,1016.4485586999999,3997.654152697,15344.676976429324
Mod,Nom,Real,CH,Hlow,HPl_Rb-HP,5,10366.838847133733,1142.7371888019713,111295.96979531496,11509.576035935705,2.9834819391263547,1717.9953205000002,715.28243,2433.2777505,53.4693587,37.88247335,91.35183205,95.592411587,28.75118714,124.343598727,232.61815522000003,99.6142575,332.23241272,731.0956175,285.3529412,1016.4485586999999,3997.654152697,15507.230188632704
Mod,Nom,Real,CH,Hlow,HPl_Rb-HPo,1,10366.838847133733,389.14955936195724,99745.62665301657,10755.988406495691,2.854959861477445,1717.9953205000002,517.9205701,2235.9158906000002,53.4693587,22.38243748,75.85179618000001,95.592411587,16.37334279,111.96575437700001,232.61815522000003,78.33376735,310.9519225700001,731.0956175,285.3529412,1016.4485586999999,3751.133922427,14507.122328922691
Mod,Nom,Real,CH,Hlow,HPl_Rb-HPo,2,10366.838847133733,549.0544418571677,102221.52447935441,10915.893288990901,2.8519156185789356,1717.9953205000002,517.9205701,2235.9158906000002,53.4693587,22.38243748,75.85179618000001,95.592411587,16.37334279,111.96575437700001,232.61815522000003,78.33376735,310.9519225700001,731.0956175,285.3529412,1016.4485586999999,3751.133922427,14667.0272114179
Mod,Nom,Real,CH,Hlow,HPl_Rb-HPo,3,10366.838847133733,778.0206423000375,105325.23456818711,11144.859489433771,2.9279292707365343,1717.9953205000002,595.2489089,2313.2442294,53.4693587,28.4476689,81.91702760000001,95.592411587,21.2168471,116.809258687,232.61815522000003,86.66091566999998,319.27907089,731.0956175,285.3529412,1016.4485586999999,3847.698145277,14992.55763471077
Mod,Nom,Real,CH,Hlow,HPl_Rb-HPo,4,10366.838847133733,1031.9915143232504,109575.169529523,11398.830361456985,2.936497287835158,1717.9953205000002,800.9478006000002,2518.9431211,53.4693587,44.62161938,98.09097808,95.592411587,34.1328586,129.725270187,232.61815522000003,108.86664449999999,341.48479972,731.0956175,285.3529412,1016.4485586999999,4104.692727787,15503.523089243985
Mod,Nom,Real,CH,Hlow,HPl_Rb-HPo,5,10366.838847133733,1193.5070035008418,112048.62958029668,11560.345850634576,2.992618697440808,1717.9953205000002,800.9478006000002,2518.9431211,53.4693587,44.62161938,98.09097808,95.592411587,34.1328586,129.725270187,232.61815522000003,108.86664449999999,341.48479972,731.0956175,285.3529412,1016.4485586999999,4104.692727787,15665.038578421576
Mod,Nom,Real,CH,Hlow,HPl_Rb-R,1,10366.838847133733,1326.4772221627102,115082.54019244415,11693.316069296445,2.9675577148221848,1717.9953205000002,190.9509894,1908.9463099000004,53.4693587,3.783646588,57.253005288,95.592411587,4.027399057,99.61981064400001,232.61815522000003,22.43667136,255.05482658,731.0956175,0,731.0956175,3051.969569912,14745.285639208445
Mod,Nom,Real,CH,Hlow,HPl_Rb-R,2,10366.838847133733,1953.0899037321874,125089.04019244415,12319.928750865922,2.960661163098047,1717.9953205000002,190.9509894,1908.9463099000004,53.4693587,3.783646588,57.253005288,95.592411587,4.027399057,99.61981064400001,232.61815522000003,22.43667136,255.05482658,731.0956175,0,731.0956175,3051.969569912,15371.898320777922
Mod,Nom,Real,CH,Hlow,HPl_Rb-R,3,10366.838847133733,2755.547060955901,136475.24019244415,13122.385908089636,3.214109438960116,1717.9953205000002,234.8663891,1952.8617096000003,53.4693587,4.540375906,58.00973460600001,95.592411587,4.953630649,100.54604223599999,232.61815522000003,27.59671475,260.21486997000005,731.0956175,0,731.0956175,3102.7279739120004,16225.113882001637
Mod,Nom,Real,CH,Hlow,HPl_Rb-R,4,10366.838847133733,3559.8614306749255,151231.94019244413,13926.700277808659,3.2830749562014954,1717.9953205000002,407.89785810000006,2125.8931786000003,53.4693587,6.558320753,60.027679453000005,95.592411587,8.603084246,104.19549583300001,232.61815522000003,47.92784903,280.54600425,731.0956175,0,731.0956175,3301.7579756360005,17228.45825344466
Mod,Nom,Real,CH,Hlow,HPl_Rb-R,5,10366.838847133733,4209.577289410385,161258.39019244415,14576.416136544118,3.488247369994599,1717.9953205000002,407.89785810000006,2125.8931786000003,53.4693587,6.558320753,60.027679453000005,95.592411587,8.603084246,104.19549583300001,232.61815522000003,47.92784903,280.54600425,731.0956175,0,731.0956175,3301.7579756360005,17878.174112180117
Mod,Nom,Real,CH,Hlow,HPl_Rb-Ro,1,10366.838847133733,1378.3703594628885,115912.04019244415,11745.209206596623,2.9727301286152885,1717.9953205000002,216.2027869,1934.1981074,53.4693587,4.116960628,57.586319328,95.592411587,4.559991558,100.15240314500001,232.61815522000003,25.40374832,258.02190354000004,731.0956175,0,731.0956175,3081.0543509130002,14826.263557509623
Mod,Nom,Real,CH,Hlow,HPl_Rb-Ro,2,10366.838847133733,2003.5109954738573,125903.84019244416,12370.349842607591,2.9727301286152885,1717.9953205000002,216.2027869,1934.1981074,53.4693587,4.116960628,57.586319328,95.592411587,4.559991558,100.15240314500001,232.61815522000003,25.40374832,258.02190354000004,731.0956175,0,731.0956175,3081.0543509130002,15451.404193520591
Mod,Nom,Real,CH,Hlow,HPl_Rb-Ro,3,10366.838847133733,2837.534301570244,137827.64019244415,13204.373148703977,3.2503163355118403,1717.9953205000002,277.1660528,1995.1613733000002,53.4693587,5.170983671,58.640342371,95.592411587,5.845784319,101.438195906,232.61815522000003,32.56690976,265.18506498000005,731.0956175,0,731.0956175,3151.5205940570004,16355.893742760978
Mod,Nom,Real,CH,Hlow,HPl_Rb-Ro,4,10366.838847133733,3712.6020944108504,153667.94019244413,14079.440941544584,3.28479909413253,1717.9953205000002,537.5473211,2255.5426416000005,53.4693587,7.693414729,61.162773429,95.592411587,11.3375562,106.929967787,232.61815522000003,63.16161347,295.77976869,731.0956175,0,731.0956175,3450.5107690060004,17529.951710550584
Mod,Nom,Real,CH,Hlow,HPl_Rb-Ro,5,10366.838847133733,4362.2475957763645,163683.89019244415,14729.086442910098,3.5451439217187364,1717.9953205000002,537.5473211,2255.5426416000005,53.4693587,7.693414729,61.162773429,95.592411587,11.3375562,106.929967787,232.61815522000003,63.16161347,295.77976869,731.0956175,0,731.0956175,3450.5107690060004,18179.597211916098
Mod,Nom,Real,CH,Hlow,HYD1000-HYD1000,3,NA,NA,83246.25094076464,8523.040886482915,2.685109454181308,NA,NA,4908.774199,NA,NA,159.9847908,NA,NA,142.0973227,NA,NA,991.3755545,NA,NA,3266.787762,9469.019629000002,17992.060515482917
Mod,Nom,Real,CH,Hlow,HYD1000-HYD1000,4,NA,NA,86167.77864953432,8708.506448411166,2.6279014902903346,NA,NA,4908.774199,NA,NA,159.9847908,NA,NA,142.0973227,NA,NA,991.3755545,NA,NA,3266.787762,9469.019629000002,18177.526077411167
Mod,Nom,Real,CH,Hlow,HYD1000-HYD1000,5,NA,NA,89225.34486557187,8923.918576114813,2.8302644351676056,NA,NA,4908.774199,NA,NA,159.9847908,NA,NA,142.0973227,NA,NA,991.3755545,NA,NA,3266.787762,9469.019629000002,18392.938205114813
Mod,Nom,Real,CH,Hlow,HYD200-HYD200,3,NA,NA,78854.50933416815,8104.980161495257,2.2814921809406705,NA,NA,4249.18329,NA,NA,145.1322581,NA,NA,130.6427773,NA,NA,722.1937363,NA,NA,3266.787762,8513.939823699999,16618.919985195254
Mod,Nom,Real,CH,Hlow,HYD200-HYD200,4,NA,NA,81769.73770047183,8270.364971880002,2.2680046195137837,NA,NA,4249.18329,NA,NA,145.1322581,NA,NA,130.6427773,NA,NA,722.1937363,NA,NA,3266.787762,8513.939823699999,16784.30479558
Mod,Nom,Real,CH,Hlow,HYD200-HYD200,5,NA,NA,84824.87249512762,8476.634475309807,2.365793379328095,NA,NA,4249.18329,NA,NA,145.1322581,NA,NA,130.6427773,NA,NA,722.1937363,NA,NA,3266.787762,8513.939823699999,16990.574299009808
Mod,Nom,Real,CH,Hlow,HYD500-HYD500,3,NA,NA,80776.68906957305,8294.510909503524,2.4787603553071,NA,NA,4585.18329,NA,NA,152.6852193,NA,NA,142.0973227,NA,NA,852.9664635999999,NA,NA,3266.787762,8999.7200576,17294.230967103525
Mod,Nom,Real,CH,Hlow,HYD500-HYD500,4,NA,NA,83681.15358197957,8467.045316720263,2.471965425267924,NA,NA,4585.18329,NA,NA,152.6852193,NA,NA,142.0973227,NA,NA,852.9664635999999,NA,NA,3266.787762,8999.7200576,17466.76537432026
Mod,Nom,Real,CH,Hlow,HYD500-HYD500,5,NA,NA,86726.59625965534,8672.233600527614,2.584672517396322,NA,NA,4585.18329,NA,NA,152.6852193,NA,NA,142.0973227,NA,NA,852.9664635999999,NA,NA,3266.787762,8999.7200576,17671.95365812761
Mod,Nom,Real,CH,Hlow,R-HP,1,19733.61467172138,372.30840607725435,193041.58009566224,20105.923077798638,5.391711126965168,1446.5990679999998,479.5114065,1926.1104744999998,68.83574087,19.34982176,88.18556262999999,7.49209138,13.95159063,21.443682009999996,81.53554633,74.17019318,155.70573951,0,285.3529412,285.3529412,2476.7983998499994,22582.721477648636
Mod,Nom,Real,CH,Hlow,R-HP,2,19733.61467172138,532.223798557884,195522.4971523013,20265.838470279265,5.388793338101352,1446.5990679999998,479.5114065,1926.1104744999998,68.83574087,19.34982176,88.18556262999999,7.49209138,13.95159063,21.443682009999996,81.53554633,74.17019318,155.70573951,0,285.3529412,285.3529412,2476.7983998499994,22742.636870129263
Mod,Nom,Real,CH,Hlow,R-HP,3,19733.61467172138,748.8334885818209,198456.83970398537,20482.448160303204,5.461264607381542,1446.5990679999998,543.696683,1990.2957509999997,68.83574087,24.404181279999996,93.23992214999998,7.49209138,17.98784422,25.479935599999997,81.53554633,81.10948345,162.64502978000002,0,285.3529412,285.3529412,2557.0135797299995,23039.461740033203
Mod,Nom,Real,CH,Hlow,R-HP,4,19733.61467172138,980.1839765985918,202371.17055540017,20713.798648319975,5.480174896489563,1446.5990679999998,715.28243,2161.8814979999997,68.83574087,37.88247335,106.71821422,7.49209138,28.75118714,36.243278520000004,81.53554633,99.6142575,181.14980382999997,0,285.3529412,285.3529412,2771.3457357699995,23485.144384089974
Mod,Nom,Real,CH,Hlow,R-HP,5,19733.61467172138,1142.7371888019713,204847.7093203516,20876.351860523355,5.525626209284615,1446.5990679999998,715.28243,2161.8814979999997,68.83574087,37.88247335,106.71821422,7.49209138,28.75118714,36.243278520000004,81.53554633,99.6142575,181.14980382999997,0,285.3529412,285.3529412,2771.3457357699995,23647.697596293354
Mod,Nom,Real,CH,Hlow,R-HPo,1,19733.61467172138,389.14955936195724,193297.36617805323,20122.76423108334,5.397104131635706,1446.5990679999998,517.9205701,1964.5196380999998,68.83574087,22.38243748,91.21817834999999,7.49209138,16.37334279,23.86543417,81.53554633,78.33376735,159.86931368,0,285.3529412,285.3529412,2524.825505499999,22647.589736583337
Mod,Nom,Real,CH,Hlow,R-HPo,2,19733.61467172138,549.0544418571677,195773.26400439107,20282.669113578548,5.394059888737196,1446.5990679999998,517.9205701,1964.5196380999998,68.83574087,22.38243748,91.21817834999999,7.49209138,16.37334279,23.86543417,81.53554633,78.33376735,159.86931368,0,285.3529412,285.3529412,2524.825505499999,22807.49461907855
Mod,Nom,Real,CH,Hlow,R-HPo,3,19733.61467172138,778.0206423000375,198876.9740932238,20511.63531402142,5.470073540894795,1446.5990679999998,595.2489089,2041.8479769,68.83574087,28.4476689,97.28340976999999,7.49209138,21.2168471,28.708938479999997,81.53554633,86.66091566999998,168.19646199999997,0,285.3529412,285.3529412,2621.38972835,23133.02504237142
Mod,Nom,Real,CH,Hlow,R-HPo,4,19733.61467172138,1031.9915143232504,203126.90905455966,20765.60618604463,5.478641557993418,1446.5990679999998,800.9478006000002,2247.5468686,68.83574087,44.62161938,113.45736025,7.49209138,34.1328586,41.624949980000004,81.53554633,108.86664449999999,190.40219083,0,285.3529412,285.3529412,2878.38431086,23643.990496904633
Mod,Nom,Real,CH,Hlow,R-HPo,5,19733.61467172138,1193.5070035008418,205600.36910533335,20927.121675222224,5.534762967599068,1446.5990679999998,800.9478006000002,2247.5468686,68.83574087,44.62161938,113.45736025,7.49209138,34.1328586,41.624949980000004,81.53554633,108.86664449999999,190.40219083,0,285.3529412,285.3529412,2878.38431086,23805.505986082226
Mod,Nom,Real,CH,Hlow,R-R,1,19733.61467172138,1326.4772221627102,208634.2797174808,21060.09189388409,5.509701984980445,1446.5990679999998,190.9509894,1637.5500574,68.83574087,3.783646588,72.61938745799999,7.49209138,4.027399057,11.519490437,81.53554633,22.43667136,103.97221769,0,0,0,1825.661152985,22885.753046869093
Mod,Nom,Real,CH,Hlow,R-R,2,19733.61467172138,1953.0899037321874,218640.77971748085,21686.70457545357,5.502805433256307,1446.5990679999998,190.9509894,1637.5500574,68.83574087,3.783646588,72.61938745799999,7.49209138,4.027399057,11.519490437,81.53554633,22.43667136,103.97221769,0,0,0,1825.661152985,23512.36572843857
Mod,Nom,Real,CH,Hlow,R-R,3,19733.61467172138,2755.547060955901,230026.97971748083,22489.161732677283,5.756253709118376,1446.5990679999998,234.8663891,1681.4654570999999,68.83574087,4.540375906,73.37611677599999,7.49209138,4.953630649,12.445722028999999,81.53554633,27.59671475,109.13226108,0,0,0,1876.4195569849999,24365.58128966228
Mod,Nom,Real,CH,Hlow,R-R,4,19733.61467172138,3559.8614306749255,244783.6797174808,23293.476102396307,5.8252192263597555,1446.5990679999998,407.89785810000006,1854.4969260999999,68.83574087,6.558320753,75.394061623,7.49209138,8.603084246,16.095175626,81.53554633,47.92784903,129.46339536,0,0,0,2075.4495587089996,25368.925661105306
Mod,Nom,Real,CH,Hlow,R-R,5,19733.61467172138,4209.577289410385,254810.1297174808,23943.191961131764,6.030391640152859,1446.5990679999998,407.89785810000006,1854.4969260999999,68.83574087,6.558320753,75.394061623,7.49209138,8.603084246,16.095175626,81.53554633,47.92784903,129.46339536,0,0,0,2075.4495587089996,26018.641519840763
Mod,Nom,Real,CH,Hlow,R-Ro,1,19733.61467172138,1378.3703594628885,209463.7797174808,21111.98503118427,5.514874398773548,1446.5990679999998,216.2027869,1662.8018548999999,68.83574087,4.116960628,72.952701498,7.49209138,4.559991558,12.052082938,81.53554633,25.40374832,106.93929465000001,0,0,0,1854.7459339859997,22966.73096517027
Mod,Nom,Real,CH,Hlow,R-Ro,2,19733.61467172138,2003.5109954738573,219455.57971748084,21737.12566719524,5.514874398773548,1446.5990679999998,216.2027869,1662.8018548999999,68.83574087,4.116960628,72.952701498,7.49209138,4.559991558,12.052082938,81.53554633,25.40374832,106.93929465000001,0,0,0,1854.7459339859997,23591.87160118124
Mod,Nom,Real,CH,Hlow,R-Ro,3,19733.61467172138,2837.534301570244,231379.3797174808,22571.148973291627,5.7924606056701,1446.5990679999998,277.1660528,1723.7651208,68.83574087,5.170983671,74.006724541,7.49209138,5.845784319,13.337875699,81.53554633,32.56690976,114.10245608999999,0,0,0,1925.21217713,24496.361150421628
Mod,Nom,Real,CH,Hlow,R-Ro,4,19733.61467172138,3712.6020944108504,247219.6797174808,23446.21676613223,5.8269433642907895,1446.5990679999998,537.5473211,1984.1463890999999,68.83574087,7.693414729,76.52915559899999,7.49209138,11.3375562,18.82964758,81.53554633,63.16161347,144.6971598,0,0,0,2224.202352079,25670.41911821123
Mod,Nom,Real,CH,Hlow,R-Ro,5,19733.61467172138,4362.2475957763645,257235.6297174808,24095.862267497745,6.087288191876997,1446.5990679999998,537.5473211,1984.1463890999999,68.83574087,7.693414729,76.52915559899999,7.49209138,11.3375562,18.82964758,81.53554633,63.16161347,144.6971598,0,0,0,2224.202352079,26320.064619576744
