house_type,insulation,schedule,Loc_code,Hydro_resource,SH_code,DW_code,Occ_code,R_cap,HP_cap,Tank_Volume (L),kgCO2_oper_life,P_annual_kWh_life,kgCO2_manuf_life,kgCO2_dist_life,kgCO2_inst_life,kgCO2_eol_life,kgCO2_other_life,kgCO2_EOL_S_life,kgCO2_Other_S_life,MJ_manuf_life,MJ_dist_life,MJ_inst_life,MJ_eol_life,MJ_other_life,kgCO2_total_life,kgCO2_total_life_R,MJ_total_life
Mass,H1,Ideal,AK,Hhigh,HP,NA,NA,NA,6.5,NA,222.25032822259885,2855.0548309277096,1215.547618,27.44847036,76.31200903,241.3279934,1264.174085,85.71820780999998,480.35241140000005,32134.63109,581.3213807,1385.819188,6795.395899,7331.117876,3047.0605040125993,2107.629044822599,58498.26683991478
Mass,H1,Ideal,AK,Hhigh,HPl,NA,NA,NA,4.5,NA,193.2037197195407,2529.423166391112,793.8182066,16.69170212,44.5649502,147.322111,615.6446734,65.82997252,283.9406467,17752.10168,353.5076162,775.5838942,2636.160605,3421.411994,1811.2453630395407,1398.0491978595405,34037.41027282127
Mass,H1,Ideal,AK,Hhigh,HYD1000,HYD1000,3,NA,5,1000,1150.458729598163,19472.846563073326,3529.373143,120.3758619,110.2336872,694.3871549,1914.8617479999998,586.2123397,1564.740503,109067.607,2602.280317,194.4919868,25296.23871,57321.96113000001,7519.690324598161,7061.394264398162,264528.7898023372
Mass,H1,Ideal,AK,Hhigh,HYD1000,HYD1000,4,NA,5,1000,1292.955170595546,22373.148518637863,3529.373143,120.3758619,110.2336872,694.3871549,1914.8617479999998,586.2123397,1564.740503,109067.607,2602.280317,194.4919868,25296.23871,57321.96113000001,7662.186765595545,7203.890705395545,274961.5306496916
Mass,H1,Ideal,AK,Hhigh,HYD1000,HYD1000,5,NA,5,1000,1459.9244646548525,25309.113823383097,3529.373143,120.3758619,110.2336872,694.3871549,1914.8617479999998,586.2123397,1564.740503,109067.607,2602.280317,194.4919868,25296.23871,57321.96113000001,7829.156059654852,7370.859999454852,285522.5569257536
Mass,H1,Ideal,AK,Hhigh,HYD200,HYD200,3,NA,8.5,200,1009.2689466170642,16985.381365412137,3028.14694,111.70017279999999,108.6154548,484.7662779,2002.420748,334.7054195,1549.553277,89913.64324,2365.658189,177.6010271,4660.875072,57409.52012999999,6744.918540117065,6141.990210717065,215625.79177828753
Mass,H1,Ideal,AK,Hhigh,HYD200,HYD200,4,NA,8.5,200,1147.0837346036246,19954.37495369954,3028.14694,111.70017279999999,108.6154548,484.7662779,2002.420748,334.7054195,1549.553277,89913.64324,2365.658189,177.6010271,4660.875072,57409.52012999999,6882.733328103624,6279.804998703625,226305.62482968107
Mass,H1,Ideal,AK,Hhigh,HYD200,HYD200,5,NA,8.5,200,1317.9591778823558,23055.005108828525,3028.14694,111.70017279999999,108.6154548,484.7662779,2002.420748,334.7054195,1549.553277,89913.64324,2365.658189,177.6010271,4660.875072,57409.52012999999,7053.608771382356,6450.680441982356,237458.97071144
Mass,H1,Ideal,AK,Hhigh,HYD500,HYD500,3,NA,5,500,1037.8366258587366,17526.5985520008,3205.782234,113.0762903,110.2336872,555.978064,1914.8617479999998,447.80324880000006,1564.740503,99107.87975,2421.694991,188.764714,15159.92053,57321.96113000001,6937.768649358735,6479.472589158736,237245.53964737698
Mass,H1,Ideal,AK,Hhigh,HYD500,HYD500,4,NA,5,500,1175.6153561160793,20442.409335086402,3205.782234,113.0762903,110.2336872,555.978064,1914.8617479999998,447.80324880000006,1564.740503,99107.87975,2421.694991,188.764714,15159.92053,57321.96113000001,7075.547379616079,6617.251319416079,247734.06764408777
Mass,H1,Ideal,AK,Hhigh,HYD500,HYD500,5,NA,5,500,1338.9795862851447,23395.034389350934,3205.782234,113.0762903,110.2336872,555.978064,1914.8617479999998,447.80324880000006,1564.740503,99107.87975,2421.694991,188.764714,15159.92053,57321.96113000001,7238.911609785144,6780.615549585144,258355.021076694
Mass,H1,Ideal,AK,Hhigh,R,NA,NA,7,NA,NA,879.5550446439252,11317.613790472351,762.7565478000001,34.39267655,4.221680447,40.8013688,0,40.8013688,0,19975.70971,728.390251,14.55723013,86.55247726999998,0,1721.7273182409253,1721.7273182409253,61516.05064132212
Mass,H1,Ideal,AK,Hhigh,Rb,NA,NA,2,NA,NA,155.40653491425343,1814.3390296115833,239.0053865,10.46295479,1.367578355,12.423650609999997,0,12.423650609999997,0,6248.774369,221.5911942,4.575650373,27.59470672,0,418.6661051692534,418.6661051692534,13028.935307385027
Mass,H1,Ideal,AK,Hhigh,Rl,NA,NA,5,NA,NA,724.1485097296717,9503.274760860771,523.7511613,23.92972175,2.854102092,28.37771819,0,28.37771819,0,13726.93534,506.7990568,9.981579754,58.95777055,0,1303.0612130616717,1303.0612130616717,48487.1153329341
Mass,H1,Ideal,AK,Hlow,HP,NA,NA,NA,6.5,NA,346.23698733711245,2855.0548309277096,1215.547618,27.44847036,76.31200903,241.3279934,1264.174085,85.71820780999998,480.35241140000005,32134.63109,581.3213807,1385.819188,6795.395899,7331.117876,3171.0471631271125,2231.6157039371124,58498.26683991478
Mass,H1,Ideal,AK,Hlow,HPl,NA,NA,NA,4.5,NA,300.36423682894724,2529.423166391112,793.8182066,16.69170212,44.5649502,147.322111,615.6446734,65.82997252,283.9406467,17752.10168,353.5076162,775.5838942,2636.160605,3421.411994,1918.4058801489473,1505.209714968947,34037.41027282127
Mass,H1,Ideal,AK,Hlow,HYD1000,HYD1000,3,NA,5,1000,1607.6996379690454,19472.846563073326,3529.373143,120.3758619,110.2336872,694.3871549,1914.8617479999998,586.2123397,1564.740503,109067.607,2602.280317,194.4919868,25296.23871,57321.96113000001,7976.931232969044,7518.635172769044,264528.7898023372
Mass,H1,Ideal,AK,Hlow,HYD1000,HYD1000,4,NA,5,1000,1769.085307820631,22373.148518637863,3529.373143,120.3758619,110.2336872,694.3871549,1914.8617479999998,586.2123397,1564.740503,109067.607,2602.280317,194.4919868,25296.23871,57321.96113000001,8138.31690282063,7680.020842620631,274961.5306496916
Mass,H1,Ideal,AK,Hlow,HYD1000,HYD1000,5,NA,5,1000,1969.016529332369,25309.113823383097,3529.373143,120.3758619,110.2336872,694.3871549,1914.8617479999998,586.2123397,1564.740503,109067.607,2602.280317,194.4919868,25296.23871,57321.96113000001,8338.248124332367,7879.952064132368,285522.5569257536
Mass,H1,Ideal,AK,Hlow,HYD200,HYD200,3,NA,8.5,200,1445.1183490967815,16985.381365412137,3028.14694,111.70017279999999,108.6154548,484.7662779,2002.420748,334.7054195,1549.553277,89913.64324,2365.658189,177.6010271,4660.875072,57409.52012999999,7180.767942596782,6577.839613196782,215625.79177828753
Mass,H1,Ideal,AK,Hlow,HYD200,HYD200,4,NA,8.5,200,1602.640124861,19954.37495369954,3028.14694,111.70017279999999,108.6154548,484.7662779,2002.420748,334.7054195,1549.553277,89913.64324,2365.658189,177.6010271,4660.875072,57409.52012999999,7338.289718361,6735.361388961001,226305.62482968107
Mass,H1,Ideal,AK,Hlow,HYD200,HYD200,5,NA,8.5,200,1813.5203871181225,23055.005108828525,3028.14694,111.70017279999999,108.6154548,484.7662779,2002.420748,334.7054195,1549.553277,89913.64324,2365.658189,177.6010271,4660.875072,57409.52012999999,7549.169980618122,6946.241651218123,237458.97071144
Mass,H1,Ideal,AK,Hlow,HYD500,HYD500,3,NA,5,500,1460.005365502441,17526.5985520008,3205.782234,113.0762903,110.2336872,555.978064,1914.8617479999998,447.80324880000006,1564.740503,99107.87975,2421.694991,188.764714,15159.92053,57321.96113000001,7359.93738900244,6901.6413288024405,237245.53964737698
Mass,H1,Ideal,AK,Hlow,HYD500,HYD500,4,NA,5,500,1615.4769089089048,20442.409335086402,3205.782234,113.0762903,110.2336872,555.978064,1914.8617479999998,447.80324880000006,1564.740503,99107.87975,2421.694991,188.764714,15159.92053,57321.96113000001,7515.408932408904,7057.112872208904,247734.06764408777
Mass,H1,Ideal,AK,Hlow,HYD500,HYD500,5,NA,5,500,1811.9480615973334,23395.034389350934,3205.782234,113.0762903,110.2336872,555.978064,1914.8617479999998,447.80324880000006,1564.740503,99107.87975,2421.694991,188.764714,15159.92053,57321.96113000001,7711.880085097333,7253.584024897334,258355.021076694
Mass,H1,Ideal,AK,Hlow,R,NA,NA,7,NA,NA,1368.6542566416279,11317.613790472351,762.7565478000001,34.39267655,4.221680447,40.8013688,0,40.8013688,0,19975.70971,728.390251,14.55723013,86.55247726999998,0,2210.826530238628,2210.826530238628,61516.05064132212
Mass,H1,Ideal,AK,Hlow,Rb,NA,NA,2,NA,NA,244.18314611775196,1814.3390296115833,239.0053865,10.46295479,1.367578355,12.423650609999997,0,12.423650609999997,0,6248.774369,221.5911942,4.575650373,27.59470672,0,507.44271637275193,507.44271637275193,13028.935307385027
Mass,H1,Ideal,AK,Hlow,Rl,NA,NA,5,NA,NA,1124.471110523876,9503.274760860771,523.7511613,23.92972175,2.854102092,28.37771819,0,28.37771819,0,13726.93534,506.7990568,9.981579754,58.95777055,0,1703.3838138558758,1703.3838138558758,48487.1153329341
Mass,H1,Ideal,CH,Hhigh,HP,NA,NA,NA,8,NA,973.6763218467461,12271.199480267622,1248.729155,28.28269202,81.11150315,246.4902634,1275.71918,84.80252784,473.4802876,33081.0646,598.9890642,1446.560704,7130.219531,7510.587813,3854.0091154167458,2890.0824874567456,93908.42703690367
Mass,H1,Ideal,CH,Hhigh,HPl,NA,NA,NA,5,NA,607.6777250343314,7962.039772749726,826.9997436999998,17.52592378,49.36444432999999,152.484381,627.1897679,64.91429254,277.0685229,18698.53519,371.1752997,836.32541,2970.9842370000006,3600.88193,2281.2419857443315,1843.5506522843314,55118.33290392923
Mass,H1,Ideal,CH,Hhigh,HYD1000,HYD1000,3,NA,5,1000,2309.9506095090046,33961.96797018283,3677.333192,124.0935889,112.32240350000001,717.9529673000001,2096.290777,609.77815210000006,1746.169532,114086.819,2681.016733,217.3684033,25655.336800000005,65734.59143,9037.943538209005,8579.647478009005,330540.4847770296
Mass,H1,Ideal,CH,Hhigh,HYD1000,HYD1000,4,NA,5,1000,2476.224583418253,37111.047744209965,3677.333192,124.0935889,112.32240350000001,717.9529673000001,2096.290777,609.77815210000006,1746.169532,114086.819,2681.016733,217.3684033,25655.336800000005,65734.59143,9204.217512118254,8745.921451918253,341868.1098634581
Mass,H1,Ideal,CH,Hhigh,HYD1000,HYD1000,5,NA,5,1000,2659.3066794047204,40262.973409347505,3677.333192,124.0935889,112.32240350000001,717.9529673000001,2096.290777,609.77815210000006,1746.169532,114086.819,2681.016733,217.3684033,25655.336800000005,65734.59143,9387.29960810472,8929.003547904722,353205.97196826944
Mass,H1,Ideal,CH,Hhigh,HYD200,HYD200,3,NA,11.2,200,1980.722505084676,28570.852770529444,3294.880518,120.05053259999998,118.0814058,553.0027961,2249.519027,382.4415344,1746.3641830000001,95997.37103,2542.507485,207.8546784,5019.973165,65887.81968,8316.256784584675,7642.540678884676,272428.377730952
Mass,H1,Ideal,CH,Hhigh,HYD200,HYD200,4,NA,11.2,200,2121.2674708781915,31386.12611125514,3294.880518,120.05053259999998,118.0814058,553.0027961,2249.519027,382.4415344,1746.3641830000001,95997.37103,2542.507485,207.8546784,5019.973165,65887.81968,8456.80175037819,7783.085644678191,282555.260251548
Mass,H1,Ideal,CH,Hhigh,HYD200,HYD200,5,NA,11.2,200,2285.8822465966227,34333.47443431575,3294.880518,120.05053259999998,118.0814058,553.0027961,2249.519027,382.4415344,1746.3641830000001,95997.37103,2542.507485,207.8546784,5019.973165,65887.81968,8621.416526096622,7947.700420396623,293157.2326366581
Mass,H1,Ideal,CH,Hhigh,HYD500,HYD500,3,NA,6,500,2046.7494776333263,30418.85844581611,3393.333459,118.33822830000001,114.78148169999999,594.4341117,2118.180527,473.26694900000007,1736.189128,104481.93029999999,2533.135701,214.10020880000002,15519.01862,65756.48118,8385.817285333327,7882.658723633326,297925.02013144066
Mass,H1,Ideal,CH,Hhigh,HYD500,HYD500,4,NA,6,500,2201.3163502875395,33520.43368169569,3393.333459,118.33822830000001,114.78148169999999,594.4341117,2118.180527,473.26694900000007,1736.189128,104481.93029999999,2533.135701,214.10020880000002,15519.01862,65756.48118,8540.384157987539,8037.225596287539,309081.7655842449
Mass,H1,Ideal,CH,Hhigh,HYD500,HYD500,5,NA,6,500,2380.8038191217697,36736.55883260742,3393.333459,118.33822830000001,114.78148169999999,594.4341117,2118.180527,473.26694900000007,1736.189128,104481.93029999999,2533.135701,214.10020880000002,15519.01862,65756.48118,8719.87162682177,8216.71306512177,320650.56109112164
Mass,H1,Ideal,CH,Hhigh,R,NA,NA,8.5,NA,NA,3129.548678830191,40291.66486860519,831.3671301,38.89839479,4.400098522,46.09699423,0,46.09699423,0,21819.789600000004,823.8152535,15.80264864,92.20501295,0,4050.311296472191,4050.311296472191,167685.65880503674
Mass,H1,Ideal,CH,Hhigh,Rb,NA,NA,3.5,NA,NA,1172.725053948282,14038.187304758125,307.6159688,14.96867304,1.545996429,17.71927605,0,17.71927605,0,8092.854267,317.0161967,5.821068885,33.2472424,0,1514.5749682672822,1514.5749682672822,58946.015410805594
Mass,H1,Ideal,CH,Hhigh,Rl,NA,NA,5,NA,NA,1956.8236248819076,26253.477563847075,523.7511613,23.92972175,2.854102092,28.37771819,0,28.37771819,0,13726.93534,506.7990568,9.981579754,58.95777055,0,2535.736328213908,2535.736328213908,108739.64340123016
Mass,H1,Ideal,CH,Hlow,HP,NA,NA,NA,8,NA,1444.5996088541826,12271.199480267622,1248.729155,28.28269202,81.11150315,246.4902634,1275.71918,84.80252784,473.4802876,33081.0646,598.9890642,1446.560704,7130.219531,7510.587813,4324.932402424182,3361.005774464182,93908.42703690367
Mass,H1,Ideal,CH,Hlow,HPl,NA,NA,NA,5,NA,891.0452064952323,7962.039772749726,826.9997436999998,17.52592378,49.36444432999999,152.484381,627.1897679,64.91429254,277.0685229,18698.53519,371.1752997,836.32541,2970.9842370000006,3600.88193,2564.6094672052322,2126.918133745232,55118.33290392923
Mass,H1,Ideal,CH,Hlow,HYD1000,HYD1000,3,NA,5,1000,3276.658701830784,33961.96797018283,3677.333192,124.0935889,112.32240350000001,717.9529673000001,2096.290777,609.77815210000006,1746.169532,114086.819,2681.016733,217.3684033,25655.336800000005,65734.59143,10004.651630530785,9546.355570330783,330540.4847770296
Mass,H1,Ideal,CH,Hlow,HYD1000,HYD1000,4,NA,5,1000,3470.618061322023,37111.047744209965,3677.333192,124.0935889,112.32240350000001,717.9529673000001,2096.290777,609.77815210000006,1746.169532,114086.819,2681.016733,217.3684033,25655.336800000005,65734.59143,10198.610990022024,9740.314929822023,341868.1098634581
Mass,H1,Ideal,CH,Hlow,HYD1000,HYD1000,5,NA,5,1000,3686.597899618138,40262.973409347505,3677.333192,124.0935889,112.32240350000001,717.9529673000001,2096.290777,609.77815210000006,1746.169532,114086.819,2681.016733,217.3684033,25655.336800000005,65734.59143,10414.59082831814,9956.29476811814,353205.97196826944
Mass,H1,Ideal,CH,Hlow,HYD200,HYD200,3,NA,11.2,200,2860.689643647771,28570.852770529444,3294.880518,120.05053259999998,118.0814058,553.0027961,2249.519027,382.4415344,1746.3641830000001,95997.37103,2542.507485,207.8546784,5019.973165,65887.81968,9196.22392314777,8522.507817447771,272428.377730952
Mass,H1,Ideal,CH,Hlow,HYD200,HYD200,4,NA,11.2,200,3027.4728530242724,31386.12611125514,3294.880518,120.05053259999998,118.0814058,553.0027961,2249.519027,382.4415344,1746.3641830000001,95997.37103,2542.507485,207.8546784,5019.973165,65887.81968,9363.007132524272,8689.291026824272,282555.260251548
Mass,H1,Ideal,CH,Hlow,HYD200,HYD200,5,NA,11.2,200,3226.8799001365173,34333.47443431575,3294.880518,120.05053259999998,118.0814058,553.0027961,2249.519027,382.4415344,1746.3641830000001,95997.37103,2542.507485,207.8546784,5019.973165,65887.81968,9562.414179636517,8888.698073936517,293157.2326366581
Mass,H1,Ideal,CH,Hlow,HYD500,HYD500,3,NA,6,500,2909.1866234452345,30418.85844581611,3393.333459,118.33822830000001,114.78148169999999,594.4341117,2118.180527,473.26694900000007,1736.189128,104481.93029999999,2533.135701,214.10020880000002,15519.01862,65756.48118,9248.254431145235,8745.095869445235,297925.02013144066
Mass,H1,Ideal,CH,Hlow,HYD500,HYD500,4,NA,6,500,3087.942443990085,33520.43368169569,3393.333459,118.33822830000001,114.78148169999999,594.4341117,2118.180527,473.26694900000007,1736.189128,104481.93029999999,2533.135701,214.10020880000002,15519.01862,65756.48118,9427.010251690084,8923.851689990084,309081.7655842449
Mass,H1,Ideal,CH,Hlow,HYD500,HYD500,5,NA,6,500,3301.882392553048,36736.55883260742,3393.333459,118.33822830000001,114.78148169999999,594.4341117,2118.180527,473.26694900000007,1736.189128,104481.93029999999,2533.135701,214.10020880000002,15519.01862,65756.48118,9640.950200253048,9137.791638553048,320650.56109112164
Mass,H1,Ideal,CH,Hlow,R,NA,NA,8.5,NA,NA,4637.558176958051,40291.66486860519,831.3671301,38.89839479,4.400098522,46.09699423,0,46.09699423,0,21819.789600000004,823.8152535,15.80264864,92.20501295,0,5558.320794600051,5558.320794600051,167685.65880503674
Mass,H1,Ideal,CH,Hlow,Rb,NA,NA,3.5,NA,NA,1772.1045394836835,14038.187304758125,307.6159688,14.96867304,1.545996429,17.71927605,0,17.71927605,0,8092.854267,317.0161967,5.821068885,33.2472424,0,2113.9544538026835,2113.9544538026835,58946.015410805594
Mass,H1,Ideal,CH,Hlow,Rl,NA,NA,5,NA,NA,2865.4536374743684,26253.477563847075,523.7511613,23.92972175,2.854102092,28.37771819,0,28.37771819,0,13726.93534,506.7990568,9.981579754,58.95777055,0,3444.366340806369,3444.366340806369,108739.64340123016
Mass,H1,Real,AK,Hhigh,HP,NA,NA,NA,6.5,NA,217.87726298133921,2799.5242136790635,1215.547618,27.44847036,76.31200903,241.3279934,1264.174085,85.71820780999998,480.35241140000005,32134.63109,581.3213807,1385.819188,6795.395899,7331.117876,3042.6874387713397,2103.2559795813395,58298.51641815707
Mass,H1,Real,AK,Hhigh,HPl,NA,NA,NA,4.5,NA,192.87242867540638,2525.132156077758,793.8182066,16.69170212,44.5649502,147.322111,615.6446734,65.82997252,283.9406467,17752.10168,353.5076162,775.5838942,2636.160605,3421.411994,1810.9140719954062,1397.7179068154064,34021.97498392431
Mass,H1,Real,AK,Hhigh,HYD1000,HYD1000,3,NA,5,1000,1144.8766691810426,19402.300207433036,3529.373143,120.3758619,110.2336872,694.3871549,1914.8617479999998,586.2123397,1564.740503,109067.607,2602.280317,194.4919868,25296.23871,57321.96113000001,7514.108264181041,7055.812203981041,264275.0259331275
Mass,H1,Real,AK,Hhigh,HYD1000,HYD1000,4,NA,5,1000,1286.9096899058727,22298.711426755555,3529.373143,120.3758619,110.2336872,694.3871549,1914.8617479999998,586.2123397,1564.740503,109067.607,2602.280317,194.4919868,25296.23871,57321.96113000001,7656.141284905871,7197.845224705871,274693.7713263739
Mass,H1,Real,AK,Hhigh,HYD1000,HYD1000,5,NA,5,1000,1453.9580400926,25234.974504637903,3529.373143,120.3758619,110.2336872,694.3871549,1914.8617479999998,586.2123397,1564.740503,109067.607,2602.280317,194.4919868,25296.23871,57321.96113000001,7823.189635092598,7364.893574892599,285255.8687288285
Mass,H1,Real,AK,Hhigh,HYD200,HYD200,3,NA,8.5,200,1005.147251344591,16916.942367876603,3028.14694,111.70017279999999,108.6154548,484.7662779,2002.420748,334.7054195,1549.553277,89913.64324,2365.658189,177.6010271,4660.875072,57409.52012999999,6740.796844844592,6137.868515444591,215379.6083339151
Mass,H1,Real,AK,Hhigh,HYD200,HYD200,4,NA,8.5,200,1143.0584812909196,19886.79254878942,3028.14694,111.70017279999999,108.6154548,484.7662779,2002.420748,334.7054195,1549.553277,89913.64324,2365.658189,177.6010271,4660.875072,57409.52012999999,6878.70807479092,6275.77974539092,226062.5226537454
Mass,H1,Real,AK,Hhigh,HYD200,HYD200,5,NA,8.5,200,1313.4907445917008,22988.113776428952,3028.14694,111.70017279999999,108.6154548,484.7662779,2002.420748,334.7054195,1549.553277,89913.64324,2365.658189,177.6010271,4660.875072,57409.52012999999,7049.140338091702,6446.212008691701,237218.35440784442
Mass,H1,Real,AK,Hhigh,HYD500,HYD500,3,NA,5,500,1033.6385709097517,17463.79149147242,3205.782234,113.0762903,110.2336872,555.978064,1914.8617479999998,447.80324880000006,1564.740503,99107.87975,2421.694991,188.764714,15159.92053,57321.96113000001,6933.570594409752,6475.274534209751,237019.61496921733
Mass,H1,Real,AK,Hhigh,HYD500,HYD500,4,NA,5,500,1171.8090282304408,20376.931250719426,3205.782234,113.0762903,110.2336872,555.978064,1914.8617479999998,447.80324880000006,1564.740503,99107.87975,2421.694991,188.764714,15159.92053,57321.96113000001,7071.74105173044,6613.44499153044,247498.5349665087
Mass,H1,Real,AK,Hhigh,HYD500,HYD500,5,NA,5,500,1334.5891509491416,23328.527821193657,3205.782234,113.0762903,110.2336872,555.978064,1914.8617479999998,447.80324880000006,1564.740503,99107.87975,2421.694991,188.764714,15159.92053,57321.96113000001,7234.521174449141,6776.225114249141,258115.78881713544
Mass,H1,Real,AK,Hhigh,R,NA,NA,7,NA,NA,865.4194394750896,11135.835785899315,762.7565478000001,34.39267655,4.221680447,40.8013688,0,40.8013688,0,19975.70971,728.390251,14.55723013,86.55247726999998,0,1707.5917130720898,1707.5917130720898,60862.17292703062
Mass,H1,Real,AK,Hhigh,Rb,NA,NA,2,NA,NA,142.52209036674677,1648.7852530191615,239.0053865,10.46295479,1.367578355,12.423650609999997,0,12.423650609999997,0,6248.774369,221.5911942,4.575650373,27.59470672,0,405.7816606217467,405.7816606217467,12433.418125397897
Mass,H1,Real,AK,Hhigh,Rl,NA,NA,5,NA,NA,722.8973491083428,9487.05053288015,523.7511613,23.92972175,2.854102092,28.37771819,0,28.37771819,0,13726.93534,506.7990568,9.981579754,58.95777055,0,1301.8100524403428,1301.8100524403428,48428.754800629715
Mass,H1,Real,AK,Hlow,HP,NA,NA,NA,6.5,NA,338.76953698129086,2799.5242136790635,1215.547618,27.44847036,76.31200903,241.3279934,1264.174085,85.71820780999998,480.35241140000005,32134.63109,581.3213807,1385.819188,6795.395899,7331.117876,3163.5797127712913,2224.148253581291,58298.51641815707
Mass,H1,Real,AK,Hlow,HPl,NA,NA,NA,4.5,NA,299.80283432544263,2525.132156077758,793.8182066,16.69170212,44.5649502,147.322111,615.6446734,65.82997252,283.9406467,17752.10168,353.5076162,775.5838942,2636.160605,3421.411994,1917.8444776454426,1504.6483124654424,34021.97498392431
Mass,H1,Real,AK,Hlow,HYD1000,HYD1000,3,NA,5,1000,1598.230383011046,19402.300207433036,3529.373143,120.3758619,110.2336872,694.3871549,1914.8617479999998,586.2123397,1564.740503,109067.607,2602.280317,194.4919868,25296.23871,57321.96113000001,7967.461978011044,7509.165917811045,264275.0259331275
Mass,H1,Real,AK,Hlow,HYD1000,HYD1000,4,NA,5,1000,1758.567297170293,22298.711426755555,3529.373143,120.3758619,110.2336872,694.3871549,1914.8617479999998,586.2123397,1564.740503,109067.607,2602.280317,194.4919868,25296.23871,57321.96113000001,8127.798892170291,7669.5028319702915,274693.7713263739
Mass,H1,Real,AK,Hlow,HYD1000,HYD1000,5,NA,5,1000,1958.5586425607494,25234.974504637903,3529.373143,120.3758619,110.2336872,694.3871549,1914.8617479999998,586.2123397,1564.740503,109067.607,2602.280317,194.4919868,25296.23871,57321.96113000001,8327.790237560748,7869.494177360749,285255.8687288285
Mass,H1,Real,AK,Hlow,HYD200,HYD200,3,NA,8.5,200,1437.610135171547,16916.942367876603,3028.14694,111.70017279999999,108.6154548,484.7662779,2002.420748,334.7054195,1549.553277,89913.64324,2365.658189,177.6010271,4660.875072,57409.52012999999,7173.259728671546,6570.331399271547,215379.6083339151
Mass,H1,Real,AK,Hlow,HYD200,HYD200,4,NA,8.5,200,1594.1411125011477,19886.79254878942,3028.14694,111.70017279999999,108.6154548,484.7662779,2002.420748,334.7054195,1549.553277,89913.64324,2365.658189,177.6010271,4660.875072,57409.52012999999,7329.790706001148,6726.862376601148,226062.5226537454
Mass,H1,Real,AK,Hlow,HYD200,HYD200,5,NA,8.5,200,1804.6839130572603,22988.113776428952,3028.14694,111.70017279999999,108.6154548,484.7662779,2002.420748,334.7054195,1549.553277,89913.64324,2365.658189,177.6010271,4660.875072,57409.52012999999,7540.333506557261,6937.40517715726,237218.35440784442
Mass,H1,Real,AK,Hlow,HYD500,HYD500,3,NA,5,500,1452.0537644643618,17463.79149147242,3205.782234,113.0762903,110.2336872,555.978064,1914.8617479999998,447.80324880000006,1564.740503,99107.87975,2421.694991,188.764714,15159.92053,57321.96113000001,7351.9857879643605,6893.689727764361,237019.61496921733
Mass,H1,Real,AK,Hlow,HYD500,HYD500,4,NA,5,500,1607.5379439690055,20376.931250719426,3205.782234,113.0762903,110.2336872,555.978064,1914.8617479999998,447.80324880000006,1564.740503,99107.87975,2421.694991,188.764714,15159.92053,57321.96113000001,7507.4699674690055,7049.173907269005,247498.5349665087
Mass,H1,Real,AK,Hlow,HYD500,HYD500,5,NA,5,500,1802.8957398396426,23328.527821193657,3205.782234,113.0762903,110.2336872,555.978064,1914.8617479999998,447.80324880000006,1564.740503,99107.87975,2421.694991,188.764714,15159.92053,57321.96113000001,7702.827763339643,7244.531703139643,258115.78881713544
Mass,H1,Real,AK,Hlow,R,NA,NA,7,NA,NA,1344.4275381350835,11135.835785899315,762.7565478000001,34.39267655,4.221680447,40.8013688,0,40.8013688,0,19975.70971,728.390251,14.55723013,86.55247726999998,0,2186.5998117320837,2186.5998117320837,60862.17292703062
Mass,H1,Real,AK,Hlow,Rb,NA,NA,2,NA,NA,222.0847020079621,1648.7852530191615,239.0053865,10.46295479,1.367578355,12.423650609999997,0,12.423650609999997,0,6248.774369,221.5911942,4.575650373,27.59470672,0,485.3442722629621,485.3442722629621,12433.418125397897
Mass,H1,Real,AK,Hlow,Rl,NA,NA,5,NA,NA,1122.3428361271215,9487.05053288015,523.7511613,23.92972175,2.854102092,28.37771819,0,28.37771819,0,13726.93534,506.7990568,9.981579754,58.95777055,0,1701.2555394591213,1701.2555394591213,48428.754800629715
Mass,H1,Real,CH,Hhigh,HP,NA,NA,NA,8,NA,907.4064191289722,11342.42930802875,1248.729155,28.28269202,81.11150315,246.4902634,1275.71918,84.80252784,473.4802876,33081.0646,598.9890642,1446.560704,7130.219531,7510.587813,3787.739212698972,2823.812584738972,90567.52713676385
Mass,H1,Real,CH,Hhigh,HPl,NA,NA,NA,5,NA,608.3478692679822,7965.460262396259,826.9997436999998,17.52592378,49.36444432999999,152.484381,627.1897679,64.91429254,277.0685229,18698.53519,371.1752997,836.32541,2970.9842370000006,3600.88193,2281.912129977982,1844.220796517982,55130.63682352108
Mass,H1,Real,CH,Hhigh,HYD1000,HYD1000,3,NA,5,1000,2225.4390406770285,32680.60253817034,3677.333192,124.0935889,112.32240350000001,717.9529673000001,2096.290777,609.77815210000006,1746.169532,114086.819,2681.016733,217.3684033,25655.336800000005,65734.59143,8953.43196937703,8495.135909177028,325931.2566043228
Mass,H1,Real,CH,Hhigh,HYD1000,HYD1000,4,NA,5,1000,2390.877451604226,35817.73422561584,3677.333192,124.0935889,112.32240350000001,717.9529673000001,2096.290777,609.77815210000006,1746.169532,114086.819,2681.016733,217.3684033,25655.336800000005,65734.59143,9118.870380304226,8660.574320104226,337215.9029620404
Mass,H1,Real,CH,Hhigh,HYD1000,HYD1000,5,NA,5,1000,2574.432127645445,38971.78516997633,3677.333192,124.0935889,112.32240350000001,717.9529673000001,2096.290777,609.77815210000006,1746.169532,114086.819,2681.016733,217.3684033,25655.336800000005,65734.59143,9302.425056345444,8844.128996145446,348561.4099561429
Mass,H1,Real,CH,Hhigh,HYD200,HYD200,3,NA,11.2,200,1898.840576590762,27329.972047923242,3294.880518,120.05053259999998,118.0814058,553.0027961,2249.519027,382.4415344,1746.3641830000001,95997.37103,2542.507485,207.8546784,5019.973165,65887.81968,8234.37485609076,7560.658750390761,267964.7780093469
Mass,H1,Real,CH,Hhigh,HYD200,HYD200,4,NA,11.2,200,2038.8453410321968,30143.769926012756,3294.880518,120.05053259999998,118.0814058,553.0027961,2249.519027,382.4415344,1746.3641830000001,95997.37103,2542.507485,207.8546784,5019.973165,65887.81968,8374.379620532196,7700.663514832197,278086.3531103883
Mass,H1,Real,CH,Hhigh,HYD200,HYD200,5,NA,11.2,200,2203.9628158336077,33089.532845512316,3294.880518,120.05053259999998,118.0814058,553.0027961,2249.519027,382.4415344,1746.3641830000001,95997.37103,2542.507485,207.8546784,5019.973165,65887.81968,8539.497095333607,7865.7809896336075,288682.6226049911
Mass,H1,Real,CH,Hhigh,HYD500,HYD500,3,NA,6,500,1979.72685561774,29364.28654695003,3393.333459,118.33822830000001,114.78148169999999,594.4341117,2118.180527,473.26694900000007,1736.189128,104481.93029999999,2533.135701,214.10020880000002,15519.01862,65756.48118,8318.79466331774,7815.63610161774,294131.59603480005
Mass,H1,Real,CH,Hhigh,HYD500,HYD500,4,NA,6,500,2134.5910699439305,32462.871823591435,3393.333459,118.33822830000001,114.78148169999999,594.4341117,2118.180527,473.26694900000007,1736.189128,104481.93029999999,2533.135701,214.10020880000002,15519.01862,65756.48118,8473.658877643931,7970.50031594393,305277.5862385461
Mass,H1,Real,CH,Hhigh,HYD500,HYD500,5,NA,6,500,2314.5139206139434,35681.14662582105,3393.333459,118.33822830000001,114.78148169999999,594.4341117,2118.180527,473.26694900000007,1736.189128,104481.93029999999,2533.135701,214.10020880000002,15519.01862,65756.48118,8653.581728313944,8150.423166613943,316854.1143041203
Mass,H1,Real,CH,Hhigh,R,NA,NA,8.5,NA,NA,2950.7473182125295,37756.961331829305,831.3671301,38.89839479,4.400098522,46.09699423,0,46.09699423,0,21819.789600000004,823.8152535,15.80264864,92.20501295,0,3871.5099358545294,3871.5099358545294,158568.02018354076
Mass,H1,Real,CH,Hhigh,Rb,NA,NA,3.5,NA,NA,991.7720635686901,11494.406411444526,307.6159688,14.96867304,1.545996429,17.71927605,0,17.71927605,0,8092.854267,317.0161967,5.821068885,33.2472424,0,1333.6219778876903,1333.6219778876903,49795.72442766315
Mass,H1,Real,CH,Hhigh,Rl,NA,NA,5,NA,NA,1958.9752546438385,26262.554920384788,523.7511613,23.92972175,2.854102092,28.37771819,0,28.37771819,0,13726.93534,506.7990568,9.981579754,58.95777055,0,2537.887957975839,2537.887957975839,108772.2957628766
Mass,H1,Real,CH,Hlow,HP,NA,NA,NA,8,NA,1336.9150774946163,11342.42930802875,1248.729155,28.28269202,81.11150315,246.4902634,1275.71918,84.80252784,473.4802876,33081.0646,598.9890642,1446.560704,7130.219531,7510.587813,4217.247871064616,3253.3212431046163,90567.52713676385
Mass,H1,Real,CH,Hlow,HPl,NA,NA,NA,5,NA,892.0770488763924,7965.460262396259,826.9997436999998,17.52592378,49.36444432999999,152.484381,627.1897679,64.91429254,277.0685229,18698.53519,371.1752997,836.32541,2970.9842370000006,3600.88193,2565.6413095863923,2127.949976126392,55130.63682352108
Mass,H1,Real,CH,Hlow,HYD1000,HYD1000,3,NA,5,1000,3138.173956211843,32680.60253817034,3677.333192,124.0935889,112.32240350000001,717.9529673000001,2096.290777,609.77815210000006,1746.169532,114086.819,2681.016733,217.3684033,25655.336800000005,65734.59143,9866.166884911843,9407.870824711843,325931.2566043228
Mass,H1,Real,CH,Hlow,HYD1000,HYD1000,4,NA,5,1000,3328.8986943845084,35817.73422561584,3677.333192,124.0935889,112.32240350000001,717.9529673000001,2096.290777,609.77815210000006,1746.169532,114086.819,2681.016733,217.3684033,25655.336800000005,65734.59143,10056.89162308451,9598.595562884508,337215.9029620404
Mass,H1,Real,CH,Hlow,HYD1000,HYD1000,5,NA,5,1000,3546.225183976798,38971.78516997633,3677.333192,124.0935889,112.32240350000001,717.9529673000001,2096.290777,609.77815210000006,1746.169532,114086.819,2681.016733,217.3684033,25655.336800000005,65734.59143,10274.218112676797,9815.922052476799,348561.4099561429
Mass,H1,Real,CH,Hlow,HYD200,HYD200,3,NA,11.2,200,2724.4710140337625,27329.972047923242,3294.880518,120.05053259999998,118.0814058,553.0027961,2249.519027,382.4415344,1746.3641830000001,95997.37103,2542.507485,207.8546784,5019.973165,65887.81968,9060.005293533763,8386.289187833763,267964.7780093469
Mass,H1,Real,CH,Hlow,HYD200,HYD200,4,NA,11.2,200,2890.290812225015,30143.769926012756,3294.880518,120.05053259999998,118.0814058,553.0027961,2249.519027,382.4415344,1746.3641830000001,95997.37103,2542.507485,207.8546784,5019.973165,65887.81968,9225.825091725015,8552.108986025016,278086.3531103883
Mass,H1,Real,CH,Hlow,HYD200,HYD200,5,NA,11.2,200,3090.415137483985,33089.532845512316,3294.880518,120.05053259999998,118.0814058,553.0027961,2249.519027,382.4415344,1746.3641830000001,95997.37103,2542.507485,207.8546784,5019.973165,65887.81968,9425.949416983984,8752.233311283984,288682.6226049911
Mass,H1,Real,CH,Hlow,HYD500,HYD500,3,NA,6,500,2795.1834023224114,29364.28654695003,3393.333459,118.33822830000001,114.78148169999999,594.4341117,2118.180527,473.26694900000007,1736.189128,104481.93029999999,2533.135701,214.10020880000002,15519.01862,65756.48118,9134.251210022412,8631.09264832241,294131.59603480005
Mass,H1,Real,CH,Hlow,HYD500,HYD500,4,NA,6,500,2973.4771157089644,32462.871823591435,3393.333459,118.33822830000001,114.78148169999999,594.4341117,2118.180527,473.26694900000007,1736.189128,104481.93029999999,2533.135701,214.10020880000002,15519.01862,65756.48118,9312.544923408965,8809.386361708965,305277.5862385461
Mass,H1,Real,CH,Hlow,HYD500,HYD500,5,NA,6,500,3188.4939360920825,35681.14662582105,3393.333459,118.33822830000001,114.78148169999999,594.4341117,2118.180527,473.26694900000007,1736.189128,104481.93029999999,2533.135701,214.10020880000002,15519.01862,65756.48118,9527.561743792083,9024.403182092083,316854.1143041203
Mass,H1,Real,CH,Hlow,R,NA,NA,8.5,NA,NA,4345.657156088121,37756.961331829305,831.3671301,38.89839479,4.400098522,46.09699423,0,46.09699423,0,21819.789600000004,823.8152535,15.80264864,92.20501295,0,5266.419773730121,5266.419773730121,158568.02018354076
Mass,H1,Real,CH,Hlow,Rb,NA,NA,3.5,NA,NA,1476.898082407864,11494.406411444526,307.6159688,14.96867304,1.545996429,17.71927605,0,17.71927605,0,8092.854267,317.0161967,5.821068885,33.2472424,0,1818.7479967268641,1818.7479967268641,49795.72442766315
Mass,H1,Real,CH,Hlow,Rl,NA,NA,5,NA,NA,2868.759073680257,26262.554920384788,523.7511613,23.92972175,2.854102092,28.37771819,0,28.37771819,0,13726.93534,506.7990568,9.981579754,58.95777055,0,3447.6717770122573,3447.6717770122573,108772.2957628766
Mass,Nom,Ideal,AK,Hhigh,HP,NA,NA,NA,11,NA,948.2586480507509,13080.438658650453,1534.508245,36.84429465,92.15653846000001,284.4334613,1321.899557,107.6106739,460.8446789000001,36866.79866,780.3121979,1689.5267680000002,8469.514058,8228.467559,4218.10074446075,3180.2230789607506,103086.55686394479
Mass,Nom,Ideal,AK,Hhigh,HPl,NA,NA,NA,7,NA,583.9528298817658,8059.431615396971,959.725892,20.86281041,68.56242082,173.1334613,673.3701455,70.42832091,264.4329142,22484.26925,441.8460335,1079.291473,4310.278764,4318.761677,2479.6075599117657,1967.9651882217659,61625.20840396392
Mass,Nom,Ideal,AK,Hhigh,HYD1000,HYD1000,3,NA,6,1000,2140.642349052217,32820.09689783262,3864.853886,129.3555268,116.870198,756.4090149,2299.609556,635.2418523,1917.618157,119460.8696,2792.457443,242.70389810000003,26014.43489,74169.11148,9307.740530752217,8804.581969152216,340737.4798212893
Mass,Nom,Ideal,AK,Hhigh,HYD1000,HYD1000,4,NA,6,1000,2287.1218539199276,35634.00168331389,3864.853886,129.3555268,116.870198,756.4090149,2299.609556,635.2418523,1917.618157,119460.8696,2792.457443,242.70389810000003,26014.43489,74169.11148,9454.220035619928,8951.061474019927,350859.43948129384
Mass,Nom,Ideal,AK,Hhigh,HYD1000,HYD1000,5,NA,6,1000,2459.490237152291,38586.813503376005,3864.853886,129.3555268,116.870198,756.4090149,2299.609556,635.2418523,1917.618157,119460.8696,2792.457443,242.70389810000003,26014.43489,74169.11148,9626.58841885229,9123.42985725229,361481.06473331584
Mass,Nom,Ideal,AK,Hhigh,HYD200,HYD200,3,NA,11.2,200,1694.7287654302368,25924.143804794327,3442.810036,123.7682596,120.17012209999999,576.5686085,2430.948056,406.0073468,1927.793212,101016.58299999998,2621.243902,230.73109499999998,5379.071258,74300.44998,8388.993847630238,7715.277741930238,276800.39507958386
Mass,Nom,Ideal,AK,Hhigh,HYD200,HYD200,4,NA,11.2,200,1808.305993805089,28326.48935909748,3442.810036,123.7682596,120.17012209999999,576.5686085,2430.948056,406.0073468,1927.793212,101016.58299999998,2621.243902,230.73109499999998,5379.071258,74300.44998,8502.57107600509,7828.85497030509,285441.92585045856
Mass,Nom,Ideal,AK,Hhigh,HYD200,HYD200,5,NA,11.2,200,1948.214417074158,30858.17920425125,3442.810036,123.7682596,120.17012209999999,576.5686085,2430.948056,406.0073468,1927.793212,101016.58299999998,2621.243902,230.73109499999998,5379.071258,74300.44998,8642.479499274159,7968.76339357416,294548.72385460883
Mass,Nom,Ideal,AK,Hhigh,HYD500,HYD500,3,NA,8.5,500,2117.0018782446978,32480.795390947867,3660.036507,126.688588,124.2474328,662.6706299,2365.278806,512.6097715,1912.411335,110565.6581,2709.9849969999996,244.3538602,15878.11671,74234.78073,9055.923841944697,8452.995512544698,320470.2878898182
Mass,Nom,Ideal,AK,Hhigh,HYD500,HYD500,4,NA,8.5,500,2264.028009212218,35454.141351813196,3660.036507,126.688588,124.2474328,662.6706299,2365.278806,512.6097715,1912.411335,110565.6581,2709.9849969999996,244.3538602,15878.11671,74234.78073,9202.949972912218,8600.021643512218,331165.7769576791
Mass,Nom,Ideal,AK,Hhigh,HYD500,HYD500,5,NA,8.5,500,2436.28037160874,38560.80886910348,3660.036507,126.688588,124.2474328,662.6706299,2365.278806,512.6097715,1912.411335,110565.6581,2709.9849969999996,244.3538602,15878.11671,74234.78073,9375.202335308739,8772.27400590874,342340.83996951464
Mass,Nom,Ideal,AK,Hhigh,R,NA,NA,11,NA,NA,3725.9210006847397,51487.944556249735,945.7181005,46.4079252,4.69746198,54.923036620000005,0,54.923036620000005,0,24893.2561,982.8569241999999,17.87834616,101.62590580000001,0,4777.66752498474,4777.66752498474,211204.05093173456
Mass,Nom,Ideal,AK,Hhigh,Rb,NA,NA,4,NA,NA,1352.622752417395,18646.432836746353,330.4861629,16.47057912,1.6054691209999998,19.48448453,0,19.48448453,0,8707.547566,348.82453079999993,6.236208389,35.13142096,0,1720.6694480883948,1720.6694480883948,76171.23913890566
Mass,Nom,Ideal,AK,Hhigh,Rl,NA,NA,7,NA,NA,2373.2982482673438,32841.511719503374,615.2319376,29.93734608,3.091992859,35.4385521,0,35.4385521,0,16185.70853,634.0323934,11.64213777,66.4944848,0,3056.998076906344,3056.998076906344,135032.81178878786
Mass,Nom,Ideal,AK,Hlow,HP,NA,NA,NA,11,NA,1504.7797726472068,13080.438658650453,1534.508245,36.84429465,92.15653846000001,284.4334613,1321.899557,107.6106739,460.8446789000001,36866.79866,780.3121979,1689.5267680000002,8469.514058,8228.467559,4774.621869057207,3736.7442035572067,103086.55686394479
Mass,Nom,Ideal,AK,Hlow,HPl,NA,NA,NA,7,NA,908.9548363645189,8059.431615396971,959.725892,20.86281041,68.56242082,173.1334613,673.3701455,70.42832091,264.4329142,22484.26925,441.8460335,1079.291473,4310.278764,4318.761677,2804.609566394519,2292.967194704519,61625.20840396392
Mass,Nom,Ideal,AK,Hlow,HYD1000,HYD1000,3,NA,6,1000,3191.6822383694653,32820.09689783262,3864.853886,129.3555268,116.870198,756.4090149,2299.609556,635.2418523,1917.618157,119460.8696,2792.457443,242.70389810000003,26014.43489,74169.11148,10358.780420069465,9855.621858469465,340737.4798212893
Mass,Nom,Ideal,AK,Hlow,HYD1000,HYD1000,4,NA,6,1000,3362.0335283320724,35634.00168331389,3864.853886,129.3555268,116.870198,756.4090149,2299.609556,635.2418523,1917.618157,119460.8696,2792.457443,242.70389810000003,26014.43489,74169.11148,10529.13171003207,10025.973148432071,350859.43948129384
Mass,Nom,Ideal,AK,Hlow,HYD1000,HYD1000,5,NA,6,1000,3572.955008988232,38586.813503376005,3864.853886,129.3555268,116.870198,756.4090149,2299.609556,635.2418523,1917.618157,119460.8696,2792.457443,242.70389810000003,26014.43489,74169.11148,10740.05319068823,10236.894629088232,361481.06473331584
Mass,Nom,Ideal,AK,Hlow,HYD200,HYD200,3,NA,11.2,200,2579.3068386954606,25924.143804794327,3442.810036,123.7682596,120.17012209999999,576.5686085,2430.948056,406.0073468,1927.793212,101016.58299999998,2621.243902,230.73109499999998,5379.071258,74300.44998,9273.571920895462,8599.855815195462,276800.39507958386
Mass,Nom,Ideal,AK,Hlow,HYD200,HYD200,4,NA,11.2,200,2710.939669608019,28326.48935909748,3442.810036,123.7682596,120.17012209999999,576.5686085,2430.948056,406.0073468,1927.793212,101016.58299999998,2621.243902,230.73109499999998,5379.071258,74300.44998,9405.20475180802,8731.48864610802,285441.92585045856
Mass,Nom,Ideal,AK,Hlow,HYD200,HYD200,5,NA,11.2,200,2885.294744708849,30858.17920425125,3442.810036,123.7682596,120.17012209999999,576.5686085,2430.948056,406.0073468,1927.793212,101016.58299999998,2621.243902,230.73109499999998,5379.071258,74300.44998,9579.55982690885,8905.84372120885,294548.72385460883
Mass,Nom,Ideal,AK,Hlow,HYD500,HYD500,3,NA,8.5,500,3177.8387863987014,32480.795390947867,3660.036507,126.688588,124.2474328,662.6706299,2365.278806,512.6097715,1912.411335,110565.6581,2709.9849969999996,244.3538602,15878.11671,74234.78073,10116.760750098701,9513.832420698702,320470.2878898182
Mass,Nom,Ideal,AK,Hlow,HYD500,HYD500,4,NA,8.5,500,3346.501575216479,35454.141351813196,3660.036507,126.688588,124.2474328,662.6706299,2365.278806,512.6097715,1912.411335,110565.6581,2709.9849969999996,244.3538602,15878.11671,74234.78073,10285.423538916479,9682.495209516479,331165.7769576791
Mass,Nom,Ideal,AK,Hlow,HYD500,HYD500,5,NA,8.5,500,3558.328423739121,38560.80886910348,3660.036507,126.688588,124.2474328,662.6706299,2365.278806,512.6097715,1912.411335,110565.6581,2709.9849969999996,244.3538602,15878.11671,74234.78073,10497.25038743912,9894.32205803912,342340.83996951464
Mass,Nom,Ideal,AK,Hlow,R,NA,NA,11,NA,NA,5895.3814119997505,51487.944556249735,945.7181005,46.4079252,4.69746198,54.923036620000005,0,54.923036620000005,0,24893.2561,982.8569241999999,17.87834616,101.62590580000001,0,6947.127936299751,6947.127936299751,211204.05093173456
Mass,Nom,Ideal,AK,Hlow,Rb,NA,NA,4,NA,NA,2208.3519545419017,18646.432836746353,330.4861629,16.47057912,1.6054691209999998,19.48448453,0,19.48448453,0,8707.547566,348.82453079999993,6.236208389,35.13142096,0,2576.398650212902,2576.398650212902,76171.23913890566
Mass,Nom,Ideal,AK,Hlow,Rl,NA,NA,7,NA,NA,3687.0294574578484,32841.511719503374,615.2319376,29.93734608,3.091992859,35.4385521,0,35.4385521,0,16185.70853,634.0323934,11.64213777,66.4944848,0,4370.729286096849,4370.729286096849,135032.81178878786
Mass,Nom,Ideal,CH,Hhigh,HP,NA,NA,NA,15.5,NA,3044.0916211702265,41800.7411869606,2011.682268,51.02573656,123.72560910000001,517.2085068,1648.064252,340.3857194,591.2470042,50797.80508,1080.655907,1890.280727,15405.86731,8767.038676,7395.797993630226,6162.157958430227,228304.02607036187
Mass,Nom,Ideal,CH,Hhigh,HPl,NA,NA,NA,8.5,NA,1437.919226932473,20247.617406804336,1059.270503,23.36547538,82.96090318,188.6202715,708.0054287,85.91513111,265.1293572,25323.56978,494.8490839,1261.516021,5314.749659,4857.171486,3500.141808692473,2954.560596802473,110085.01216948395
Mass,Nom,Ideal,CH,Hhigh,HYD1000,HYD1000,3,NA,11.2,1000,4969.130068958948,70629.07990773025,4472.224741,147.9151098,136.8464583,904.6649576,2884.520629,734.1036959000002,2381.365785,134137.9312,3185.524244,314.649409,26912.18013,95332.02573,13515.30196465895,12841.585858958948,513943.74923001527
Mass,Nom,Ideal,CH,Hhigh,HYD1000,HYD1000,4,NA,11.2,1000,5127.666296788755,73503.06410052642,4472.224741,147.9151098,136.8464583,904.6649576,2884.520629,734.1036959000002,2381.365785,134137.9312,3185.524244,314.649409,26912.18013,95332.02573,13673.838192488756,13000.122086788755,524281.82186597266
Mass,Nom,Ideal,CH,Hhigh,HYD1000,HYD1000,5,NA,11.2,1000,5306.7267573924,76474.25366199974,4472.224741,147.9151098,136.8464583,904.6649576,2884.520629,734.1036959000002,2381.365785,134137.9312,3185.524244,314.649409,26912.18013,95332.02573,13852.898653092401,13179.1825473924,534969.5541014883
Mass,Nom,Ideal,CH,Hhigh,HYD200,HYD200,3,NA,14,200,4495.230974339466,64866.95144099878,3891.816184,136.1509989,130.3100694,665.26361,2928.3001289999997,483.7174749999999,2398.199453,114274.2902,2883.49353,292.8402928,6276.8164910000005,95375.80523,12247.071965639467,11535.425154639466,452437.6034452344
Mass,Nom,Ideal,CH,Hhigh,HYD200,HYD200,4,NA,14,200,4636.698961097902,67789.41500581508,3891.816184,136.1509989,130.3100694,665.26361,2928.3001289999997,483.7174749999999,2398.199453,114274.2902,2883.49353,292.8402928,6276.8164910000005,95375.80523,12388.539952397901,11676.8931413979,462950.0623114801
Mass,Nom,Ideal,CH,Hhigh,HYD200,HYD200,5,NA,14,200,4806.7680667374925,70843.87568779841,3891.816184,136.1509989,130.3100694,665.26361,2928.3001289999997,483.7174749999999,2398.199453,114274.2902,2883.49353,292.8402928,6276.8164910000005,95375.80523,12558.609058037493,11846.962247037492,473937.3309517079
Mass,Nom,Ideal,CH,Hhigh,HYD500,HYD500,3,NA,14,500,4645.913465364556,66901.33457521255,4227.816184,143.7039601,141.7646148,796.0363372999999,2928.3001289999997,614.4902023,2398.199453,124887.8811,3070.347504,313.8402928,16775.86195,95375.80523,12883.534690564555,12171.887879564554,481076.01872144936
Mass,Nom,Ideal,CH,Hhigh,HYD500,HYD500,4,NA,14,500,4792.0753553707955,69821.48018541741,4227.816184,143.7039601,141.7646148,796.0363372999999,2928.3001289999997,614.4902023,2398.199453,124887.8811,3070.347504,313.8402928,16775.86195,95375.80523,13029.696580570795,12318.049769570796,491580.1396214669
Mass,Nom,Ideal,CH,Hhigh,HYD500,HYD500,5,NA,14,500,4965.4222518039005,72876.07711674203,4227.816184,143.7039601,141.7646148,796.0363372999999,2928.3001289999997,614.4902023,2398.199453,124887.8811,3070.347504,313.8402928,16775.86195,95375.80523,13203.043477003901,12491.3966660039,502567.89836723893
Mass,Nom,Ideal,CH,Hhigh,R,NA,NA,15.5,NA,NA,10084.05039225217,141893.37628257266,1372.836763,66.60807563,6.927247586,78.85413798,0,78.85413798,0,36110.49755,1410.668718,25.987240229999998,148.6705015,0,11609.276616448169,11609.276616448169,548103.6523643078
Mass,Nom,Ideal,CH,Hhigh,Rb,NA,NA,7,NA,NA,5075.93198812635,69397.35368378452,615.2319376,29.93734608,3.091992859,35.4385521,0,35.4385521,0,16185.70853,634.0323934,11.64213777,66.4944848,0,5759.631816765351,5759.631816765351,266528.64619267685
Mass,Nom,Ideal,CH,Hhigh,Rl,NA,NA,8.5,NA,NA,5008.118404125821,72496.02259878816,757.604825,36.67072956,3.8352547279999993,43.41558588,0,43.41558588,0,19924.78902,776.6363246000001,14.34510246,82.17601672,0,5849.644799293822,5849.644799293822,281575.0061716511
Mass,Nom,Ideal,CH,Hlow,HP,NA,NA,NA,15.5,NA,4395.512163196994,41800.7411869606,2011.682268,51.02573656,123.72560910000001,517.2085068,1648.064252,340.3857194,591.2470042,50797.80508,1080.655907,1890.280727,15405.86731,8767.038676,8747.218535656993,7513.578500456995,228304.02607036187
Mass,Nom,Ideal,CH,Hlow,HPl,NA,NA,NA,8.5,NA,2048.7739309545304,20247.617406804336,1059.270503,23.36547538,82.96090318,188.6202715,708.0054287,85.91513111,265.1293572,25323.56978,494.8490839,1261.516021,5314.749659,4857.171486,4110.996512714531,3565.4153008245303,110085.01216948395
Mass,Nom,Ideal,CH,Hlow,HYD1000,HYD1000,3,NA,11.2,1000,7090.325909526754,70629.07990773025,4472.224741,147.9151098,136.8464583,904.6649576,2884.520629,734.1036959000002,2381.365785,134137.9312,3185.524244,314.649409,26912.18013,95332.02573,15636.497805226756,14962.781699526755,513943.74923001527
Mass,Nom,Ideal,CH,Hlow,HYD1000,HYD1000,4,NA,11.2,1000,7276.559087931378,73503.06410052642,4472.224741,147.9151098,136.8464583,904.6649576,2884.520629,734.1036959000002,2381.365785,134137.9312,3185.524244,314.649409,26912.18013,95332.02573,15822.730983631378,15149.014877931377,524281.82186597266
Mass,Nom,Ideal,CH,Hlow,HYD1000,HYD1000,5,NA,11.2,1000,7490.4038753735995,76474.25366199974,4472.224741,147.9151098,136.8464583,904.6649576,2884.520629,734.1036959000002,2381.365785,134137.9312,3185.524244,314.649409,26912.18013,95332.02573,16036.575771073602,15362.8596653736,534969.5541014883
Mass,Nom,Ideal,CH,Hlow,HYD200,HYD200,3,NA,14,200,6444.292699877542,64866.95144099878,3891.816184,136.1509989,130.3100694,665.26361,2928.3001289999997,483.7174749999999,2398.199453,114274.2902,2883.49353,292.8402928,6276.8164910000005,95375.80523,14196.133691177542,13484.486880177541,452437.6034452344
Mass,Nom,Ideal,CH,Hlow,HYD200,HYD200,4,NA,14,200,6608.690231613044,67789.41500581508,3891.816184,136.1509989,130.3100694,665.26361,2928.3001289999997,483.7174749999999,2398.199453,114274.2902,2883.49353,292.8402928,6276.8164910000005,95375.80523,14360.531222913043,13648.884411913044,462950.0623114801
Mass,Nom,Ideal,CH,Hlow,HYD200,HYD200,5,NA,14,200,6817.433196328553,70843.87568779841,3891.816184,136.1509989,130.3100694,665.26361,2928.3001289999997,483.7174749999999,2398.199453,114274.2902,2883.49353,292.8402928,6276.8164910000005,95375.80523,14569.274187628553,13857.627376628552,473937.3309517079
Mass,Nom,Ideal,CH,Hlow,HYD500,HYD500,3,NA,14,500,6635.264070940559,66901.33457521255,4227.816184,143.7039601,141.7646148,796.0363372999999,2928.3001289999997,614.4902023,2398.199453,124887.8811,3070.347504,313.8402928,16775.86195,95375.80523,14872.88529614056,14161.238485140559,481076.01872144936
Mass,Nom,Ideal,CH,Hlow,HYD500,HYD500,4,NA,14,500,6805.507332633711,69821.48018541741,4227.816184,143.7039601,141.7646148,796.0363372999999,2928.3001289999997,614.4902023,2398.199453,124887.8811,3070.347504,313.8402928,16775.86195,95375.80523,15043.12855783371,14331.48174683371,491580.1396214669
Mass,Nom,Ideal,CH,Hlow,HYD500,HYD500,5,NA,14,500,7015.026569014596,72876.07711674203,4227.816184,143.7039601,141.7646148,796.0363372999999,2928.3001289999997,614.4902023,2398.199453,124887.8811,3070.347504,313.8402928,16775.86195,95375.80523,15252.647794214596,14541.000983214595,502567.89836723893
Mass,Nom,Ideal,CH,Hlow,R,NA,NA,15.5,NA,NA,14452.572913100294,141893.37628257266,1372.836763,66.60807563,6.927247586,78.85413798,0,78.85413798,0,36110.49755,1410.668718,25.987240229999998,148.6705015,0,15977.799137296293,15977.799137296293,548103.6523643078
Mass,Nom,Ideal,CH,Hlow,Rb,NA,NA,7,NA,NA,7361.449776977687,69397.35368378452,615.2319376,29.93734608,3.091992859,35.4385521,0,35.4385521,0,16185.70853,634.0323934,11.64213777,66.4944848,0,8045.149605616688,8045.149605616688,266528.64619267685
Mass,Nom,Ideal,CH,Hlow,Rl,NA,NA,8.5,NA,NA,7091.123136122605,72496.02259878816,757.604825,36.67072956,3.8352547279999993,43.41558588,0,43.41558588,0,19924.78902,776.6363246000001,14.34510246,82.17601672,0,7932.649531290605,7932.649531290605,281575.0061716511
Mass,Nom,Real,AK,Hhigh,HP,NA,NA,NA,11,NA,829.0914791052993,11293.082684584544,1534.508245,36.84429465,92.15653846000001,284.4334613,1321.899557,107.6106739,460.8446789000001,36866.79866,780.3121979,1689.5267680000002,8469.514058,8228.467559,4098.933575515299,3061.055910015299,96657.21882773648
Mass,Nom,Real,AK,Hhigh,HPl,NA,NA,NA,7,NA,584.4545104615507,8064.237307209007,959.725892,20.86281041,68.56242082,173.1334613,673.3701455,70.42832091,264.4329142,22484.26925,441.8460335,1079.291473,4310.278764,4318.761677,2480.1092404915507,1968.4668688015508,61642.4950651583
Mass,Nom,Real,AK,Hhigh,HYD1000,HYD1000,3,NA,6,1000,2000.499732628777,30667.485395318257,3864.853886,129.3555268,116.870198,756.4090149,2299.609556,635.2418523,1917.618157,119460.8696,2792.457443,242.70389810000003,26014.43489,74169.11148,9167.597914328777,8664.439352728776,332994.27297771245
Mass,Nom,Real,AK,Hhigh,HYD1000,HYD1000,4,NA,6,1000,2146.370970110209,33475.71484104345,3864.853886,129.3555268,116.870198,756.4090149,2299.609556,635.2418523,1917.618157,119460.8696,2792.457443,242.70389810000003,26014.43489,74169.11148,9313.469151810208,8810.310590210209,343095.8177465081
Mass,Nom,Real,AK,Hhigh,HYD1000,HYD1000,5,NA,6,1000,2317.46514296552,36425.83058359853,3864.853886,129.3555268,116.870198,756.4090149,2299.609556,635.2418523,1917.618157,119460.8696,2792.457443,242.70389810000003,26014.43489,74169.11148,9484.56332466552,8981.404763065519,353707.74487800116
Mass,Nom,Real,AK,Hhigh,HYD200,HYD200,3,NA,11.2,200,1563.967855891476,23880.290337529037,3442.810036,123.7682596,120.17012209999999,576.5686085,2430.948056,406.0073468,1927.793212,101016.58299999998,2621.243902,230.73109499999998,5379.071258,74300.44998,8258.232938091476,7584.516832391477,269448.4041901404
Mass,Nom,Real,AK,Hhigh,HYD200,HYD200,4,NA,11.2,200,1677.890643078512,26284.138987584654,3442.810036,123.7682596,120.17012209999999,576.5686085,2430.948056,406.0073468,1927.793212,101016.58299999998,2621.243902,230.73109499999998,5379.071258,74300.44998,8372.155725278513,7698.439619578512,278095.34178026847
Mass,Nom,Real,AK,Hhigh,HYD200,HYD200,5,NA,11.2,200,1817.6688015527586,28811.824043782064,3442.810036,123.7682596,120.17012209999999,576.5686085,2430.948056,406.0073468,1927.793212,101016.58299999998,2621.243902,230.73109499999998,5379.071258,74300.44998,8511.93388375276,7838.21777805276,287187.7340687484
Mass,Nom,Real,AK,Hhigh,HYD500,HYD500,3,NA,8.5,500,1976.1708041410143,30237.421841425174,3660.036507,126.688588,124.2474328,662.6706299,2365.278806,512.6097715,1912.411335,110565.6581,2709.9849969999996,244.3538602,15878.11671,74234.78073,8915.092767841013,8312.164438441014,312400.59886275814
Mass,Nom,Real,AK,Hhigh,HYD500,HYD500,4,NA,8.5,500,2123.9003432472423,33210.96618049232,3660.036507,126.688588,124.2474328,662.6706299,2365.278806,512.6097715,1912.411335,110565.6581,2709.9849969999996,244.3538602,15878.11671,74234.78073,9062.822306947242,8459.893977547243,323096.8015212731
Mass,Nom,Real,AK,Hhigh,HYD500,HYD500,5,NA,8.5,500,2295.869581883104,36316.06189301788,3660.036507,126.688588,124.2474328,662.6706299,2365.278806,512.6097715,1912.411335,110565.6581,2709.9849969999996,244.3538602,15878.11671,74234.78073,9234.791545583103,8631.863216183103,334266.21055913484
Mass,Nom,Real,AK,Hhigh,R,NA,NA,11,NA,NA,3312.734644000394,45234.863143030976,945.7181005,46.4079252,4.69746198,54.923036620000005,0,54.923036620000005,0,24893.2561,982.8569241999999,17.87834616,101.62590580000001,0,4364.4811683003945,4364.4811683003945,188710.952323034
Mass,Nom,Real,AK,Hhigh,Rb,NA,NA,4,NA,NA,937.5399875739415,12376.29997214701,330.4861629,16.47057912,1.6054691209999998,19.48448453,0,19.48448453,0,8707.547566,348.82453079999993,6.236208389,35.13142096,0,1305.5866832449412,1305.5866832449412,53616.804374159816
Mass,Nom,Real,AK,Hhigh,Rl,NA,NA,7,NA,NA,2375.1946564264526,32858.56317088399,615.2319376,29.93734608,3.091992859,35.4385521,0,35.4385521,0,16185.70853,634.0323934,11.64213777,66.4944848,0,3058.894485065453,3058.894485065453,135094.14794483324
Mass,Nom,Real,AK,Hlow,HP,NA,NA,NA,11,NA,1295.2791685611924,11293.082684584544,1534.508245,36.84429465,92.15653846000001,284.4334613,1321.899557,107.6106739,460.8446789000001,36866.79866,780.3121979,1689.5267680000002,8469.514058,8228.467559,4565.121264971192,3527.2435994711923,96657.21882773648
Mass,Nom,Real,AK,Hlow,HPl,NA,NA,NA,7,NA,910.0598740963206,8064.237307209007,959.725892,20.86281041,68.56242082,173.1334613,673.3701455,70.42832091,264.4329142,22484.26925,441.8460335,1079.291473,4310.278764,4318.761677,2805.714604126321,2294.0722324363205,61642.4950651583
Mass,Nom,Real,AK,Hlow,HYD1000,HYD1000,3,NA,6,1000,2944.679875794369,30667.485395318257,3864.853886,129.3555268,116.870198,756.4090149,2299.609556,635.2418523,1917.618157,119460.8696,2792.457443,242.70389810000003,26014.43489,74169.11148,10111.778057494368,9608.619495894369,332994.27297771245
Mass,Nom,Real,AK,Hlow,HYD1000,HYD1000,4,NA,6,1000,3112.0704513908363,33475.71484104345,3864.853886,129.3555268,116.870198,756.4090149,2299.609556,635.2418523,1917.618157,119460.8696,2792.457443,242.70389810000003,26014.43489,74169.11148,10279.168633090836,9776.010071490835,343095.8177465081
Mass,Nom,Real,AK,Hlow,HYD1000,HYD1000,5,NA,6,1000,3321.627275351376,36425.83058359853,3864.853886,129.3555268,116.870198,756.4090149,2299.609556,635.2418523,1917.618157,119460.8696,2792.457443,242.70389810000003,26014.43489,74169.11148,10488.725457051376,9985.566895451375,353707.74487800116
Mass,Nom,Real,AK,Hlow,HYD200,HYD200,3,NA,11.2,200,2344.7379787568952,23880.290337529037,3442.810036,123.7682596,120.17012209999999,576.5686085,2430.948056,406.0073468,1927.793212,101016.58299999998,2621.243902,230.73109499999998,5379.071258,74300.44998,9039.003060956897,8365.286955256895,269448.4041901404
Mass,Nom,Real,AK,Hlow,HYD200,HYD200,4,NA,11.2,200,2476.3810598054847,26284.138987584654,3442.810036,123.7682596,120.17012209999999,576.5686085,2430.948056,406.0073468,1927.793212,101016.58299999998,2621.243902,230.73109499999998,5379.071258,74300.44998,9170.646142005486,8496.930036305486,278095.34178026847
Mass,Nom,Real,AK,Hlow,HYD200,HYD200,5,NA,11.2,200,2650.9440458096474,28811.824043782064,3442.810036,123.7682596,120.17012209999999,576.5686085,2430.948056,406.0073468,1927.793212,101016.58299999998,2621.243902,230.73109499999998,5379.071258,74300.44998,9345.209128009648,8671.493022309649,287187.7340687484
Mass,Nom,Real,AK,Hlow,HYD500,HYD500,3,NA,8.5,500,2924.07010021603,30237.421841425174,3660.036507,126.688588,124.2474328,662.6706299,2365.278806,512.6097715,1912.411335,110565.6581,2709.9849969999996,244.3538602,15878.11671,74234.78073,9862.99206391603,9260.06373451603,312400.59886275814
Mass,Nom,Real,AK,Hlow,HYD500,HYD500,4,NA,8.5,500,3092.4950613681535,33210.96618049232,3660.036507,126.688588,124.2474328,662.6706299,2365.278806,512.6097715,1912.411335,110565.6581,2709.9849969999996,244.3538602,15878.11671,74234.78073,10031.417025068153,9428.488695668153,323096.8015212731
Mass,Nom,Real,AK,Hlow,HYD500,HYD500,5,NA,8.5,500,3304.3660048315064,36316.06189301788,3660.036507,126.688588,124.2474328,662.6706299,2365.278806,512.6097715,1912.411335,110565.6581,2709.9849969999996,244.3538602,15878.11671,74234.78073,10243.287968531506,9640.359639131506,334266.21055913484
Mass,Nom,Real,AK,Hlow,R,NA,NA,11,NA,NA,5169.051916527738,45234.863143030976,945.7181005,46.4079252,4.69746198,54.923036620000005,0,54.923036620000005,0,24893.2561,982.8569241999999,17.87834616,101.62590580000001,0,6220.798440827739,6220.798440827739,188710.952323034
Mass,Nom,Real,AK,Hlow,Rb,NA,NA,4,NA,NA,1477.7352900704602,12376.29997214701,330.4861629,16.47057912,1.6054691209999998,19.48448453,0,19.48448453,0,8707.547566,348.82453079999993,6.236208389,35.13142096,0,1845.78198574146,1845.78198574146,53616.804374159816
Mass,Nom,Real,AK,Hlow,Rl,NA,NA,7,NA,NA,3691.3166264572774,32858.56317088399,615.2319376,29.93734608,3.091992859,35.4385521,0,35.4385521,0,16185.70853,634.0323934,11.64213777,66.4944848,0,4375.016455096277,4375.016455096277,135094.14794483324
Mass,Nom,Real,CH,Hhigh,HP,NA,NA,NA,15.5,NA,2448.7564984427863,33106.25386040396,2011.682268,51.02573656,123.72560910000001,517.2085068,1648.064252,340.3857194,591.2470042,50797.80508,1080.655907,1890.280727,15405.86731,8767.038676,6800.462870902787,5566.822835702787,197028.8918021725
Mass,Nom,Real,CH,Hhigh,HPl,NA,NA,NA,8.5,NA,1441.8637489519283,20295.185987281493,1059.270503,23.36547538,82.96090318,188.6202715,708.0054287,85.91513111,265.1293572,25323.56978,494.8490839,1261.516021,5314.749659,4857.171486,3504.086330711929,2958.5051188219286,110256.12217120033
Mass,Nom,Real,CH,Hhigh,HYD1000,HYD1000,3,NA,11.2,1000,4223.404555007078,59411.773450560184,4472.224741,147.9151098,136.8464583,904.6649576,2884.520629,734.1036959000002,2381.365785,134137.9312,3185.524244,314.649409,26912.18013,95332.02573,12769.57645070708,12095.860345007079,473593.72600278474
Mass,Nom,Real,CH,Hhigh,HYD1000,HYD1000,4,NA,11.2,1000,4381.643265559839,62267.54307395308,4472.224741,147.9151098,136.8464583,904.6649576,2884.520629,734.1036959000002,2381.365785,134137.9312,3185.524244,314.649409,26912.18013,95332.02573,12927.81516125984,12254.099055559838,483866.2786049175
Mass,Nom,Real,CH,Hhigh,HYD1000,HYD1000,5,NA,11.2,1000,4560.776147213603,65239.42766726291,4472.224741,147.9151098,136.8464583,904.6649576,2884.520629,734.1036959000002,2381.365785,134137.9312,3185.524244,314.649409,26912.18013,95332.02573,13106.948042913604,12433.231937213603,494556.51095495286
Mass,Nom,Real,CH,Hhigh,HYD200,HYD200,3,NA,14,200,3808.8203044616985,54628.74004339811,3891.816184,136.1509989,130.3100694,665.26361,2928.3001289999997,483.7174749999999,2398.199453,114274.2902,2883.49353,292.8402928,6276.8164910000005,95375.80523,11560.661295761696,10849.014484761698,415609.50489271403
Mass,Nom,Real,CH,Hhigh,HYD200,HYD200,4,NA,14,200,3949.558321883707,57542.29551098214,3891.816184,136.1509989,130.3100694,665.26361,2928.3001289999997,483.7174749999999,2398.199453,114274.2902,2883.49353,292.8402928,6276.8164910000005,95375.80523,11701.399313183705,10989.752502183706,426089.9202437357
Mass,Nom,Real,CH,Hhigh,HYD200,HYD200,5,NA,14,200,4119.027984820082,60594.69616971546,3891.816184,136.1509989,130.3100694,665.26361,2928.3001289999997,483.7174749999999,2398.199453,114274.2902,2883.49353,292.8402928,6276.8164910000005,95375.80523,11870.86897612008,11159.222165120082,437069.77872838796
Mass,Nom,Real,CH,Hhigh,HYD500,HYD500,3,NA,14,500,3963.1496657851435,56633.5171590491,4227.816184,143.7039601,141.7646148,796.0363372999999,2928.3001289999997,614.4902023,2398.199453,124887.8811,3070.347504,313.8402928,16775.86195,95375.80523,12200.770890985143,11489.124079985144,444141.42369927873
Mass,Nom,Real,CH,Hhigh,HYD500,HYD500,4,NA,14,500,4110.794428021464,59544.96890327364,4227.816184,143.7039601,141.7646148,796.0363372999999,2928.3001289999997,614.4902023,2398.199453,124887.8811,3070.347504,313.8402928,16775.86195,95375.80523,12348.415653221464,11636.768842221463,454614.2717000865
Mass,Nom,Real,CH,Hhigh,HYD500,HYD500,5,NA,14,500,4283.040728284865,62598.48927440593,4227.816184,143.7039601,141.7646148,796.0363372999999,2928.3001289999997,614.4902023,2398.199453,124887.8811,3070.347504,313.8402928,16775.86195,95375.80523,12520.661953484863,11809.015142484863,465598.15792718105
Mass,Nom,Real,CH,Hhigh,R,NA,NA,15.5,NA,NA,8356.757983323618,116218.99574358456,1372.836763,66.60807563,6.927247586,78.85413798,0,78.85413798,0,36110.49755,1410.668718,25.987240229999998,148.6705015,0,9881.984207519617,9881.984207519617,455749.7655334155
Mass,Nom,Real,CH,Hhigh,Rb,NA,NA,7,NA,NA,3334.1303321456967,43546.465832453636,615.2319376,29.93734608,3.091992859,35.4385521,0,35.4385521,0,16185.70853,634.0323934,11.64213777,66.4944848,0,4017.830160784697,4017.830160784697,173539.8409720622
Mass,Nom,Real,CH,Hhigh,Rl,NA,NA,8.5,NA,NA,5022.627651177921,72672.52991113094,757.604825,36.67072956,3.8352547279999993,43.41558588,0,43.41558588,0,19924.78902,776.6363246000001,14.34510246,82.17601672,0,5864.154046345921,5864.154046345921,282209.92456137337
Mass,Nom,Real,CH,Hlow,HP,NA,NA,NA,15.5,NA,3500.7498978268527,33106.25386040396,2011.682268,51.02573656,123.72560910000001,517.2085068,1648.064252,340.3857194,591.2470042,50797.80508,1080.655907,1890.280727,15405.86731,8767.038676,7852.4562702868525,6618.816235086853,197028.8918021725
Mass,Nom,Real,CH,Hlow,HPl,NA,NA,NA,8.5,NA,2055.104291052236,20295.185987281493,1059.270503,23.36547538,82.96090318,188.6202715,708.0054287,85.91513111,265.1293572,25323.56978,494.8490839,1261.516021,5314.749659,4857.171486,4117.326872812237,3571.7456609222363,110256.12217120033
Mass,Nom,Real,CH,Hlow,HYD1000,HYD1000,3,NA,11.2,1000,5959.0571696085935,59411.773450560184,4472.224741,147.9151098,136.8464583,904.6649576,2884.520629,734.1036959000002,2381.365785,134137.9312,3185.524244,314.649409,26912.18013,95332.02573,14505.229065308595,13831.512959608594,473593.72600278474
Mass,Nom,Real,CH,Hlow,HYD1000,HYD1000,4,NA,11.2,1000,6142.336000857814,62267.54307395308,4472.224741,147.9151098,136.8464583,904.6649576,2884.520629,734.1036959000002,2381.365785,134137.9312,3185.524244,314.649409,26912.18013,95332.02573,14688.507896557816,14014.791790857815,483866.2786049175
Mass,Nom,Real,CH,Hlow,HYD1000,HYD1000,5,NA,11.2,1000,6356.437210320664,65239.42766726291,4472.224741,147.9151098,136.8464583,904.6649576,2884.520629,734.1036959000002,2381.365785,134137.9312,3185.524244,314.649409,26912.18013,95332.02573,14902.609106020665,14228.893000320664,494556.51095495286
Mass,Nom,Real,CH,Hlow,HYD200,HYD200,3,NA,14,200,5407.324296478966,54628.74004339811,3891.816184,136.1509989,130.3100694,665.26361,2928.3001289999997,483.7174749999999,2398.199453,114274.2902,2883.49353,292.8402928,6276.8164910000005,95375.80523,13159.165287778966,12447.518476778965,415609.50489271403
Mass,Nom,Real,CH,Hlow,HYD200,HYD200,4,NA,14,200,5570.533190001585,57542.29551098214,3891.816184,136.1509989,130.3100694,665.26361,2928.3001289999997,483.7174749999999,2398.199453,114274.2902,2883.49353,292.8402928,6276.8164910000005,95375.80523,13322.374181301586,12610.727370301585,426089.9202437357
Mass,Nom,Real,CH,Hlow,HYD200,HYD200,5,NA,14,200,5778.965185274526,60594.69616971546,3891.816184,136.1509989,130.3100694,665.26361,2928.3001289999997,483.7174749999999,2398.199453,114274.2902,2883.49353,292.8402928,6276.8164910000005,95375.80523,13530.806176574526,12819.159365574527,437069.77872838796
Mass,Nom,Real,CH,Hlow,HYD500,HYD500,3,NA,14,500,5600.502168646267,56633.5171590491,4227.816184,143.7039601,141.7646148,796.0363372999999,2928.3001289999997,614.4902023,2398.199453,124887.8811,3070.347504,313.8402928,16775.86195,95375.80523,13838.123393846266,13126.476582846266,444141.42369927873
Mass,Nom,Real,CH,Hlow,HYD500,HYD500,4,NA,14,500,5770.709176293806,59544.96890327364,4227.816184,143.7039601,141.7646148,796.0363372999999,2928.3001289999997,614.4902023,2398.199453,124887.8811,3070.347504,313.8402928,16775.86195,95375.80523,14008.330401493806,13296.683590493805,454614.2717000865
Mass,Nom,Real,CH,Hlow,HYD500,HYD500,5,NA,14,500,5981.066998400294,62598.48927440593,4227.816184,143.7039601,141.7646148,796.0363372999999,2928.3001289999997,614.4902023,2398.199453,124887.8811,3070.347504,313.8402928,16775.86195,95375.80523,14218.688223600295,13507.041412600294,465598.15792718105
Mass,Nom,Real,CH,Hlow,R,NA,NA,15.5,NA,NA,11871.324315563581,116218.99574358456,1372.836763,66.60807563,6.927247586,78.85413798,0,78.85413798,0,36110.49755,1410.668718,25.987240229999998,148.6705015,0,13396.55053975958,13396.55053975958,455749.7655334155
Mass,Nom,Real,CH,Hlow,Rb,NA,NA,7,NA,NA,4756.809550120595,43546.465832453636,615.2319376,29.93734608,3.091992859,35.4385521,0,35.4385521,0,16185.70853,634.0323934,11.64213777,66.4944848,0,5440.509378759595,5440.509378759595,173539.8409720622
Mass,Nom,Real,CH,Hlow,Rl,NA,NA,8.5,NA,NA,7114.514765442986,72672.52991113094,757.604825,36.67072956,3.8352547279999993,43.41558588,0,43.41558588,0,19924.78902,776.6363246000001,14.34510246,82.17601672,0,7956.0411606109865,7956.0411606109865,282209.92456137337
Mod,H1,Ideal,AK,Hhigh,HP,NA,NA,NA,6.5,NA,816.1297818839835,11579.417629232077,1637.27703,38.20523859,107.93553839999998,335.2103463,1912.703497,104.2476196,676.7641761,46517.1605,809.1351452,1997.289777,10953.3959,11241.146370000002,4847.461432173983,3380.559384573983,113170.70909231539
Mod,H1,Ideal,AK,Hhigh,HPl,NA,NA,NA,4.5,NA,636.8450382621143,9172.561202650328,793.8182066,16.69170212,44.5649502,147.322111,615.6446734,65.82997252,283.9406467,17752.10168,353.5076162,775.5838942,2636.160605,3421.411994,2254.8866815821143,1841.690516402114,57933.5902593652
Mod,H1,Ideal,AK,Hhigh,HYD1000,HYD1000,3,NA,5,1000,1926.3048967737764,30585.213263784124,3886.709717,129.357121,110.5663951,751.3172812,2253.349382,643.142466,1903.228137,121615.6096,2792.491207,198.13593049999997,26163.745390000004,73017.19654,9057.604793073777,8599.308732873777,333805.9314149249
Mod,H1,Ideal,AK,Hhigh,HYD1000,HYD1000,4,NA,5,1000,2070.1067174252016,33479.70856997365,3886.709717,129.357121,110.5663951,751.3172812,2253.349382,643.142466,1903.228137,121615.6096,2792.491207,198.13593049999997,26163.745390000004,73017.19654,9201.406613725201,8743.110553525203,344217.7850343117
Mod,H1,Ideal,AK,Hhigh,HYD1000,HYD1000,5,NA,5,1000,2239.5521416807555,36427.16907994881,3886.709717,129.357121,110.5663951,751.3172812,2253.349382,643.142466,1903.228137,121615.6096,2792.491207,198.13593049999997,26163.745390000004,73017.19654,9370.852037980756,8912.555977780756,354820.1609694741
Mod,H1,Ideal,AK,Hhigh,HYD200,HYD200,3,NA,8.5,200,1844.928916824936,29225.818410350665,3385.483514,120.681432,108.9481627,541.6964042,2340.908382,391.6355458,1888.0409109999998,102461.6458,2555.869079,181.2449708,5528.381758000001,73104.75554,8342.646811724935,7739.718482324935,288960.7403505002
Mod,H1,Ideal,AK,Hhigh,HYD200,HYD200,4,NA,8.5,200,1983.2848310330032,32199.942634824896,3385.483514,120.681432,108.9481627,541.6964042,2340.908382,391.6355458,1888.0409109999998,102461.6458,2555.869079,181.2449708,5528.381758000001,73104.75554,8481.002725933004,7878.074396533003,299659.02892774565
Mod,H1,Ideal,AK,Hhigh,HYD200,HYD200,5,NA,8.5,200,2153.840362889563,35304.229354476716,3385.483514,120.681432,108.9481627,541.6964042,2340.908382,391.6355458,1888.0409109999998,102461.6458,2555.869079,181.2449708,5528.381758000001,73104.75554,8651.558257789562,8048.629928389562,310825.52791929897
Mod,H1,Ideal,AK,Hhigh,HYD500,HYD500,3,NA,6,500,1859.6410712655797,29296.625122381643,3602.709985,123.6017604,113.0254733,627.7984256,2275.239132,506.6312629,1893.2477319999998,112010.72090000001,2644.610174,194.86773600000004,16027.42721,73039.08629,8602.015847565579,8098.8572848655795,309300.2559156894
Mod,H1,Ideal,AK,Hhigh,HYD500,HYD500,4,NA,6,500,1996.1766122934775,32100.817240193937,3602.709985,123.6017604,113.0254733,627.7984256,2275.239132,506.6312629,1893.2477319999998,112010.72090000001,2644.610174,194.86773600000004,16027.42721,73039.08629,8738.551388593478,8235.392825893477,319387.2779222084
Mod,H1,Ideal,AK,Hhigh,HYD500,HYD500,5,NA,6,500,2159.919662426735,35042.28126842218,3602.709985,123.6017604,113.0254733,627.7984256,2275.239132,506.6312629,1893.2477319999998,112010.72090000001,2644.610174,194.86773600000004,16027.42721,73039.08629,8902.294438726734,8399.135876026736,329968.08377914457
Mod,H1,Ideal,AK,Hhigh,R,NA,NA,8.5,NA,NA,3343.6181464504843,47505.9486026407,905.1294352,41.12606002,4.964942316,48.77840259,0,48.77840259,0,23714.790190000003,870.9941822999999,17.26019482,102.2340092,0,4343.616986576485,4343.616986576485,195589.98578006352
Mod,H1,Ideal,AK,Hhigh,Rb,NA,NA,4,NA,NA,894.705782376256,12126.46413676035,478.0107731,20.92590959,2.7351567090000004,24.84730123,0,24.84730123,0,12497.54874,443.1823885,9.151300746,55.18941343,0,1421.224923005256,1421.224923005256,56625.44643533913
Mod,H1,Ideal,AK,Hhigh,Rl,NA,NA,4.5,NA,NA,2448.912364074229,35379.48446588037,427.1186621,20.20015044,2.229785607,23.93110136,0,23.93110136,0,11217.24145,427.8117938,8.108894072,47.04459576,0,2922.392063581229,2922.392063581229,138964.53934471248
Mod,H1,Ideal,AK,Hlow,HP,NA,NA,NA,6.5,NA,1449.4081222418831,11579.417629232077,1637.27703,38.20523859,107.93553839999998,335.2103463,1912.703497,104.2476196,676.7641761,46517.1605,809.1351452,1997.289777,10953.3959,11241.146370000002,5480.739772531882,4013.837724931883,113170.70909231539
Mod,H1,Ideal,AK,Hlow,HPl,NA,NA,NA,4.5,NA,1106.6225824514897,9172.561202650328,793.8182066,16.69170212,44.5649502,147.322111,615.6446734,65.82997252,283.9406467,17752.10168,353.5076162,775.5838942,2636.160605,3421.411994,2724.66422577149,2311.4680605914896,57933.5902593652
Mod,H1,Ideal,AK,Hlow,HYD1000,HYD1000,3,NA,5,1000,3045.9314350751324,30585.213263784124,3886.709717,129.357121,110.5663951,751.3172812,2253.349382,643.142466,1903.228137,121615.6096,2792.491207,198.13593049999997,26163.745390000004,73017.19654,10177.231331375133,9718.935271175133,333805.9314149249
Mod,H1,Ideal,AK,Hlow,HYD1000,HYD1000,4,NA,5,1000,3209.1686855991907,33479.70856997365,3886.709717,129.357121,110.5663951,751.3172812,2253.349382,643.142466,1903.228137,121615.6096,2792.491207,198.13593049999997,26163.745390000004,73017.19654,10340.468581899191,9882.17252169919,344217.7850343117
Mod,H1,Ideal,AK,Hlow,HYD1000,HYD1000,5,NA,5,1000,3412.497374926245,36427.16907994881,3886.709717,129.357121,110.5663951,751.3172812,2253.349382,643.142466,1903.228137,121615.6096,2792.491207,198.13593049999997,26163.745390000004,73017.19654,10543.797271226245,10085.501211026245,354820.1609694741
Mod,H1,Ideal,AK,Hlow,HYD200,HYD200,3,NA,8.5,200,2999.841969595586,29225.818410350665,3385.483514,120.681432,108.9481627,541.6964042,2340.908382,391.6355458,1888.0409109999998,102461.6458,2555.869079,181.2449708,5528.381758000001,73104.75554,9497.559864495586,8894.631535095585,288960.7403505002
Mod,H1,Ideal,AK,Hlow,HYD200,HYD200,4,NA,8.5,200,3159.3525892411812,32199.942634824896,3385.483514,120.681432,108.9481627,541.6964042,2340.908382,391.6355458,1888.0409109999998,102461.6458,2555.869079,181.2449708,5528.381758000001,73104.75554,9657.07048414118,9054.142154741181,299659.02892774565
Mod,H1,Ideal,AK,Hlow,HYD200,HYD200,5,NA,8.5,200,3369.5603507100386,35304.229354476716,3385.483514,120.681432,108.9481627,541.6964042,2340.908382,391.6355458,1888.0409109999998,102461.6458,2555.869079,181.2449708,5528.381758000001,73104.75554,9867.278245610038,9264.349916210038,310825.52791929897
Mod,H1,Ideal,AK,Hlow,HYD500,HYD500,3,NA,6,500,2993.1156501456617,29296.625122381643,3602.709985,123.6017604,113.0254733,627.7984256,2275.239132,506.6312629,1893.2477319999998,112010.72090000001,2644.610174,194.86773600000004,16027.42721,73039.08629,9735.490426445662,9232.331863745661,309300.2559156894
Mod,H1,Ideal,AK,Hlow,HYD500,HYD500,4,NA,6,500,3151.505609634322,32100.817240193937,3602.709985,123.6017604,113.0254733,627.7984256,2275.239132,506.6312629,1893.2477319999998,112010.72090000001,2644.610174,194.86773600000004,16027.42721,73039.08629,9893.880385934322,9390.721823234322,319387.2779222084
Mod,H1,Ideal,AK,Hlow,HYD500,HYD500,5,NA,6,500,3352.520660567327,35042.28126842218,3602.709985,123.6017604,113.0254733,627.7984256,2275.239132,506.6312629,1893.2477319999998,112010.72090000001,2644.610174,194.86773600000004,16027.42721,73039.08629,10094.895436867328,9591.736874167327,329968.08377914457
Mod,H1,Ideal,AK,Hlow,R,NA,NA,8.5,NA,NA,5944.253247524388,47505.9486026407,905.1294352,41.12606002,4.964942316,48.77840259,0,48.77840259,0,23714.790190000003,870.9941822999999,17.26019482,102.2340092,0,6944.252087650389,6944.252087650389,195589.98578006352
Mod,H1,Ideal,AK,Hlow,Rb,NA,NA,4,NA,NA,1688.5270777737492,12126.46413676035,478.0107731,20.92590959,2.7351567090000004,24.84730123,0,24.84730123,0,12497.54874,443.1823885,9.151300746,55.18941343,0,2215.046218402749,2215.046218402749,56625.44643533913
Mod,H1,Ideal,AK,Hlow,Rl,NA,NA,4.5,NA,NA,4255.726169750639,35379.48446588037,427.1186621,20.20015044,2.229785607,23.93110136,0,23.93110136,0,11217.24145,427.8117938,8.108894072,47.04459576,0,4729.205869257638,4729.205869257638,138964.53934471248
Mod,H1,Ideal,CH,Hhigh,HP,NA,NA,NA,12.5,NA,3672.3886618511015,51228.08385704035,1836.3662530000001,43.21056854,136.7325032,366.1839667,1981.974063,114.0082381,656.741453,52195.76159,915.1412459999999,2361.738872,12962.337689999998,12317.96599,8036.856016291102,6459.4476776911015,265026.6283269941
Mod,H1,Ideal,CH,Hhigh,HPl,NA,NA,NA,7.5,NA,1899.9860097161572,27515.110675816395,992.9074291000001,21.69703207,73.36191493,178.2957314,684.9152399,75.59059101,263.9179236,23430.70276,459.51371700000004,1140.032989,4645.102396,4498.231612,3851.1633571161574,3327.4609004261574,133148.80173233233
Mod,H1,Ideal,CH,Hhigh,HYD1000,HYD1000,3,NA,8.5,1000,5815.369754838265,85281.0281058802,4340.948725,142.9694187,124.5801407,858.0098471,2703.7664399999994,707.9489887,2250.898969,133073.3879,3080.781213,253.7250766,26881.941580000002,89930.01614,13985.644326338264,13382.715996938265,559986.1400602482
Mod,H1,Ideal,CH,Hhigh,HYD1000,HYD1000,4,NA,8.5,1000,5988.717605321496,88573.72102339857,4340.948725,142.9694187,124.5801407,858.0098471,2703.7664399999994,707.9489887,2250.898969,133073.3879,3080.781213,253.7250766,26881.941580000002,89930.01614,14158.992176821495,13556.063847421496,571830.3591880121
Mod,H1,Ideal,CH,Hhigh,HYD1000,HYD1000,5,NA,8.5,1000,6189.467618791787,91964.62468993131,4340.948725,142.9694187,124.5801407,858.0098471,2703.7664399999994,707.9489887,2250.898969,133073.3879,3080.781213,253.7250766,26881.941580000002,89930.01614,14359.742190291787,13756.813860891787,584027.8543913673
Mod,H1,Ideal,CH,Hhigh,HYD200,HYD200,3,NA,11.2,200,5356.837774643439,76705.66437601278,3800.131345,132.7495187,120.50282999999999,633.4987348,2769.4356899999993,462.9374731,2266.280846,113564.5856,2811.454792,234.37503860000004,6246.577945,89995.68539,12813.155893143437,12139.43978744344,488772.33479442296
Mod,H1,Ideal,CH,Hhigh,HYD200,HYD200,4,NA,11.2,200,5497.860040592274,79531.36171512217,3800.131345,132.7495187,120.50282999999999,633.4987348,2769.4356899999993,462.9374731,2266.280846,113564.5856,2811.454792,234.37503860000004,6246.577945,89995.68539,12954.178159092273,12280.462053392275,498936.7137120826
Mod,H1,Ideal,CH,Hhigh,HYD200,HYD200,5,NA,11.2,200,5662.795740080467,82479.48864372246,3800.131345,132.7495187,120.50282999999999,633.4987348,2769.4356899999993,462.9374731,2266.280846,113564.5856,2811.454792,234.37503860000004,6246.577945,89995.68539,13119.113858580466,12445.397752880468,509541.4868365441
Mod,H1,Ideal,CH,Hhigh,HYD500,HYD500,3,NA,8.5,500,5638.498859084666,82690.44780922458,4017.357816,135.6698472,124.5801407,719.6007562,2703.7664399999994,569.5398978,2250.898969,123113.6607,2900.195887,247.9978039,16745.6234,89930.01614,13339.473859184665,12736.545529784666,530385.1479209164
Mod,H1,Ideal,CH,Hhigh,HYD500,HYD500,4,NA,8.5,500,5801.816923255355,85976.02512416971,4017.357816,135.6698472,124.5801407,719.6007562,2703.7664399999994,569.5398978,2250.898969,123113.6607,2900.195887,247.9978039,16745.6234,89930.01614,13502.791923355355,12899.863593955355,542203.7713559709
Mod,H1,Ideal,CH,Hhigh,HYD500,HYD500,5,NA,8.5,500,5991.034080174122,89362.08543883212,4017.357816,135.6698472,124.5801407,719.6007562,2703.7664399999994,569.5398978,2250.898969,123113.6607,2900.195887,247.9978039,16745.6234,89930.01614,13692.009080274122,13089.080750874122,554383.8444302961
Mod,H1,Ideal,CH,Hhigh,R,NA,NA,12.5,NA,NA,12394.40864737193,177734.90032425936,1309.377903,59.82430438,7.135255231,70.94429546,0,70.94429546,0,34317.33834,1266.997642,24.95394939,147.3944264,0,13841.69040544293,13841.69040544293,675090.8581860609
Mod,H1,Ideal,CH,Hhigh,Rb,NA,NA,4.5,NA,NA,5342.959758118686,73020.77848441026,500.8809672,22.42781567,2.794629401,26.612509709999998,0,26.612509709999998,0,13112.24204,474.9907226,9.56644025,57.07359199,0,5895.675680099686,5895.675680099686,276318.5436020711
Mod,H1,Ideal,CH,Hhigh,Rl,NA,NA,8,NA,NA,7051.448889253246,104714.12183984909,808.4969359999999,37.39648871,4.34062583,44.33178576,0,44.33178576,0,21205.0963,792.0069193,15.38750914,90.32083438999999,0,7946.0147255532465,7946.0147255532465,398772.3145838699
Mod,H1,Ideal,CH,Hlow,HP,NA,NA,NA,12.5,NA,5832.3513728251055,51228.08385704035,1836.3662530000001,43.21056854,136.7325032,366.1839667,1981.974063,114.0082381,656.741453,52195.76159,915.1412459999999,2361.738872,12962.337689999998,12317.96599,10196.818727265105,8619.410388665106,265026.6283269941
Mod,H1,Ideal,CH,Hlow,HPl,NA,NA,NA,7.5,NA,2927.313040071871,27515.110675816395,992.9074291000001,21.69703207,73.36191493,178.2957314,684.9152399,75.59059101,263.9179236,23430.70276,459.51371700000004,1140.032989,4645.102396,4498.231612,4878.490387471871,4354.787930781871,133148.80173233233
Mod,H1,Ideal,CH,Hlow,HYD1000,HYD1000,3,NA,8.5,1000,8953.884498113055,85281.0281058802,4340.948725,142.9694187,124.5801407,858.0098471,2703.7664399999994,707.9489887,2250.898969,133073.3879,3080.781213,253.7250766,26881.941580000002,89930.01614,17124.159069613055,16521.230740213054,559986.1400602482
Mod,H1,Ideal,CH,Hlow,HYD1000,HYD1000,4,NA,8.5,1000,9152.46278790737,88573.72102339857,4340.948725,142.9694187,124.5801407,858.0098471,2703.7664399999994,707.9489887,2250.898969,133073.3879,3080.781213,253.7250766,26881.941580000002,89930.01614,17322.737359407372,16719.80903000737,571830.3591880121
Mod,H1,Ideal,CH,Hlow,HYD1000,HYD1000,5,NA,8.5,1000,9390.335997664906,91964.62468993131,4340.948725,142.9694187,124.5801407,858.0098471,2703.7664399999994,707.9489887,2250.898969,133073.3879,3080.781213,253.7250766,26881.941580000002,89930.01614,17560.610569164906,16957.68223976491,584027.8543913673
Mod,H1,Ideal,CH,Hlow,HYD200,HYD200,3,NA,11.2,200,8358.607873644713,76705.66437601278,3800.131345,132.7495187,120.50282999999999,633.4987348,2769.4356899999993,462.9374731,2266.280846,113564.5856,2811.454792,234.37503860000004,6246.577945,89995.68539,15814.925992144712,15141.209886444713,488772.33479442296
Mod,H1,Ideal,CH,Hlow,HYD200,HYD200,4,NA,11.2,200,8525.76379719518,79531.36171512217,3800.131345,132.7495187,120.50282999999999,633.4987348,2769.4356899999993,462.9374731,2266.280846,113564.5856,2811.454792,234.37503860000004,6246.577945,89995.68539,15982.08191569518,15308.36580999518,498936.7137120826
Mod,H1,Ideal,CH,Hlow,HYD200,HYD200,5,NA,11.2,200,8726.644709451473,82479.48864372246,3800.131345,132.7495187,120.50282999999999,633.4987348,2769.4356899999993,462.9374731,2266.280846,113564.5856,2811.454792,234.37503860000004,6246.577945,89995.68539,16182.962827951473,15509.246722251473,509541.4868365441
Mod,H1,Ideal,CH,Hlow,HYD500,HYD500,3,NA,8.5,500,8725.22761348699,82690.44780922458,4017.357816,135.6698472,124.5801407,719.6007562,2703.7664399999994,569.5398978,2250.898969,123113.6607,2900.195887,247.9978039,16745.6234,89930.01614,16426.20261358699,15823.27428418699,530385.1479209164
Mod,H1,Ideal,CH,Hlow,HYD500,HYD500,4,NA,8.5,500,8913.543185213386,85976.02512416971,4017.357816,135.6698472,124.5801407,719.6007562,2703.7664399999994,569.5398978,2250.898969,123113.6607,2900.195887,247.9978039,16745.6234,89930.01614,16614.518185313384,16011.589855913386,542203.7713559709
Mod,H1,Ideal,CH,Hlow,HYD500,HYD500,5,NA,8.5,500,9140.023753807951,89362.08543883212,4017.357816,135.6698472,124.5801407,719.6007562,2703.7664399999994,569.5398978,2250.898969,123113.6607,2900.195887,247.9978039,16745.6234,89930.01614,16840.998753907952,16238.07042450795,554383.8444302961
Mod,H1,Ideal,CH,Hlow,R,NA,NA,12.5,NA,NA,19742.89616882181,177734.90032425936,1309.377903,59.82430438,7.135255231,70.94429546,0,70.94429546,0,34317.33834,1266.997642,24.95394939,147.3944264,0,21190.177926892815,21190.177926892815,675090.8581860609
Mod,H1,Ideal,CH,Hlow,Rb,NA,NA,4.5,NA,NA,8800.641309539753,73020.77848441026,500.8809672,22.42781567,2.794629401,26.612509709999998,0,26.612509709999998,0,13112.24204,474.9907226,9.56644025,57.07359199,0,9353.357231520753,9353.357231520753,276318.5436020711
Mod,H1,Ideal,CH,Hlow,Rl,NA,NA,8,NA,NA,10942.254859282055,104714.12183984909,808.4969359999999,37.39648871,4.34062583,44.33178576,0,44.33178576,0,21205.0963,792.0069193,15.38750914,90.32083438999999,0,11836.820695582053,11836.820695582053,398772.3145838699
Mod,H1,Real,AK,Hhigh,HP,NA,NA,NA,6.5,NA,787.4712258684351,11125.771857967238,1637.27703,38.20523859,107.93553839999998,335.2103463,1912.703497,104.2476196,676.7641761,46517.1605,809.1351452,1997.289777,10953.3959,11241.146370000002,4818.8028761584355,3351.900828558435,111538.88977121883
Mod,H1,Real,AK,Hhigh,HPl,NA,NA,NA,4.5,NA,637.6424175796664,9184.22602138501,793.8182066,16.69170212,44.5649502,147.322111,615.6446734,65.82997252,283.9406467,17752.10168,353.5076162,775.5838942,2636.160605,3421.411994,2255.6840608996663,1842.487895719666,57975.55003898635
Mod,H1,Real,AK,Hhigh,HYD1000,HYD1000,3,NA,5,1000,1892.671023513073,30033.154105662394,3886.709717,129.357121,110.5663951,751.3172812,2253.349382,643.142466,1903.228137,121615.6096,2792.491207,198.13593049999997,26163.745390000004,73017.19654,9023.970919813073,8565.674859613073,331820.1071051345
Mod,H1,Real,AK,Hhigh,HYD1000,HYD1000,4,NA,5,1000,2035.962907026849,32925.67631455625,3886.709717,129.357121,110.5663951,751.3172812,2253.349382,643.142466,1903.228137,121615.6096,2792.491207,198.13593049999997,26163.745390000004,73017.19654,9167.262803326848,8708.96674312685,342224.86325223476
Mod,H1,Real,AK,Hhigh,HYD1000,HYD1000,5,NA,5,1000,2205.063946463041,35872.511881177554,3886.709717,129.357121,110.5663951,751.3172812,2253.349382,643.142466,1903.228137,121615.6096,2792.491207,198.13593049999997,26163.745390000004,73017.19654,9336.363842763041,8878.067782563041,352824.9911897214
Mod,H1,Real,AK,Hhigh,HYD200,HYD200,3,NA,8.5,200,1812.0172782148018,28643.4330916979,3385.483514,120.681432,108.9481627,541.6964042,2340.908382,391.6355458,1888.0409109999998,102461.6458,2555.869079,181.2449708,5528.381758000001,73104.75554,8309.735173114801,7706.806843714801,286865.82913232484
Mod,H1,Real,AK,Hhigh,HYD200,HYD200,4,NA,8.5,200,1950.1454302782354,31616.982842910158,3385.483514,120.681432,108.9481627,541.6964042,2340.908382,391.6355458,1888.0409109999998,102461.6458,2555.869079,181.2449708,5528.381758000001,73104.75554,8447.863325178236,7844.934995778235,297562.05125898763
Mod,H1,Real,AK,Hhigh,HYD200,HYD200,5,NA,8.5,200,2121.132538199726,34721.08531467091,3385.483514,120.681432,108.9481627,541.6964042,2340.908382,391.6355458,1888.0409109999998,102461.6458,2555.869079,181.2449708,5528.381758000001,73104.75554,8618.850433099726,8015.922103699726,308727.8874883428
Mod,H1,Real,AK,Hhigh,HYD500,HYD500,3,NA,6,500,1828.9819143263132,28745.747340740098,3602.709985,123.6017604,113.0254733,627.7984256,2275.239132,506.6312629,1893.2477319999998,112010.72090000001,2644.610174,194.86773600000004,16027.42721,73039.08629,8571.356690626313,8068.198127926314,307318.68116158305
Mod,H1,Real,AK,Hhigh,HYD500,HYD500,4,NA,6,500,1965.543241642853,31548.246818409676,3602.709985,123.6017604,113.0254733,627.7984256,2275.239132,506.6312629,1893.2477319999998,112010.72090000001,2644.610174,194.86773600000004,16027.42721,73039.08629,8707.918017942853,8204.759455242853,317399.6145344952
Mod,H1,Real,AK,Hhigh,HYD500,HYD500,5,NA,6,500,2129.324945366325,34489.19560269541,3602.709985,123.6017604,113.0254733,627.7984256,2275.239132,506.6312629,1893.2477319999998,112010.72090000001,2644.610174,194.86773600000004,16027.42721,73039.08629,8871.699721666326,8368.541158966325,327978.5669959547
Mod,H1,Real,AK,Hhigh,R,NA,NA,8.5,NA,NA,3242.9608476273843,45890.612052199634,905.1294352,41.12606002,4.964942316,48.77840259,0,48.77840259,0,23714.790190000003,870.9941822999999,17.26019482,102.2340092,0,4242.959687753385,4242.959687753385,189779.42264898054
Mod,H1,Real,AK,Hhigh,Rb,NA,NA,4,NA,NA,790.9221876850886,10465.33302974891,478.0107731,20.92590959,2.7351567090000004,24.84730123,0,24.84730123,0,12497.54874,443.1823885,9.151300746,55.18941343,0,1317.4413283140887,1317.4413283140887,50650.154683499415
Mod,H1,Real,AK,Hhigh,Rl,NA,NA,4.5,NA,NA,2452.0386599422955,35425.27902245073,427.1186621,20.20015044,2.229785607,23.93110136,0,23.93110136,0,11217.24145,427.8117938,8.108894072,47.04459576,0,2925.5183594492955,2925.5183594492955,139129.26796546916
Mod,H1,Real,AK,Hlow,HP,NA,NA,NA,6.5,NA,1387.8791974790417,11125.771857967238,1637.27703,38.20523859,107.93553839999998,335.2103463,1912.703497,104.2476196,676.7641761,46517.1605,809.1351452,1997.289777,10953.3959,11241.146370000002,5419.210847769042,3952.3088001690417,111538.88977121883
Mod,H1,Real,AK,Hlow,HPl,NA,NA,NA,4.5,NA,1108.3550866124772,9184.22602138501,793.8182066,16.69170212,44.5649502,147.322111,615.6446734,65.82997252,283.9406467,17752.10168,353.5076162,775.5838942,2636.160605,3421.411994,2726.3967299324772,2313.200564752477,57975.55003898635
Mod,H1,Real,AK,Hlow,HYD1000,HYD1000,3,NA,5,1000,2972.9217623386885,30033.154105662394,3886.709717,129.357121,110.5663951,751.3172812,2253.349382,643.142466,1903.228137,121615.6096,2792.491207,198.13593049999997,26163.745390000004,73017.19654,10104.221658638688,9645.925598438687,331820.1071051345
Mod,H1,Real,AK,Hlow,HYD1000,HYD1000,4,NA,5,1000,3134.6761310986935,32925.67631455625,3886.709717,129.357121,110.5663951,751.3172812,2253.349382,643.142466,1903.228137,121615.6096,2792.491207,198.13593049999997,26163.745390000004,73017.19654,10265.976027398694,9807.679967198694,342224.86325223476
Mod,H1,Real,AK,Hlow,HYD1000,HYD1000,5,NA,5,1000,3337.188903651375,35872.511881177554,3886.709717,129.357121,110.5663951,751.3172812,2253.349382,643.142466,1903.228137,121615.6096,2792.491207,198.13593049999997,26163.745390000004,73017.19654,10468.488799951374,10010.192739751375,352824.9911897214
Mod,H1,Real,AK,Hlow,HYD200,HYD200,3,NA,8.5,200,2925.2243334685495,28643.4330916979,3385.483514,120.681432,108.9481627,541.6964042,2340.908382,391.6355458,1888.0409109999998,102461.6458,2555.869079,181.2449708,5528.381758000001,73104.75554,9422.942228368549,8820.01389896855,286865.82913232484
Mod,H1,Real,AK,Hlow,HYD200,HYD200,4,NA,8.5,200,3084.2742897208045,31616.982842910158,3385.483514,120.681432,108.9481627,541.6964042,2340.908382,391.6355458,1888.0409109999998,102461.6458,2555.869079,181.2449708,5528.381758000001,73104.75554,9581.992184620804,8979.063855220804,297562.05125898763
Mod,H1,Real,AK,Hlow,HYD200,HYD200,5,NA,8.5,200,3294.781649172509,34721.08531467091,3385.483514,120.681432,108.9481627,541.6964042,2340.908382,391.6355458,1888.0409109999998,102461.6458,2555.869079,181.2449708,5528.381758000001,73104.75554,9792.499544072509,9189.571214672509,308727.8874883428
Mod,H1,Real,AK,Hlow,HYD500,HYD500,3,NA,6,500,2923.386193807204,28745.747340740098,3602.709985,123.6017604,113.0254733,627.7984256,2275.239132,506.6312629,1893.2477319999998,112010.72090000001,2644.610174,194.86773600000004,16027.42721,73039.08629,9665.760970107203,9162.602407407205,307318.68116158305
Mod,H1,Real,AK,Hlow,HYD500,HYD500,4,NA,6,500,3080.9729273912617,31548.246818409676,3602.709985,123.6017604,113.0254733,627.7984256,2275.239132,506.6312629,1893.2477319999998,112010.72090000001,2644.610174,194.86773600000004,16027.42721,73039.08629,9823.34770369126,9320.18914099126,317399.6145344952
Mod,H1,Real,AK,Hlow,HYD500,HYD500,5,NA,6,500,3281.520788443393,34489.19560269541,3602.709985,123.6017604,113.0254733,627.7984256,2275.239132,506.6312629,1893.2477319999998,112010.72090000001,2644.610174,194.86773600000004,16027.42721,73039.08629,10023.895564743392,9520.737002043392,327978.5669959547
Mod,H1,Real,AK,Hlow,R,NA,NA,8.5,NA,NA,5726.480242965561,45890.612052199634,905.1294352,41.12606002,4.964942316,48.77840259,0,48.77840259,0,23714.790190000003,870.9941822999999,17.26019482,102.2340092,0,6726.479083091562,6726.479083091562,189779.42264898054
Mod,H1,Real,AK,Hlow,Rb,NA,NA,4,NA,NA,1463.922469103546,10465.33302974891,478.0107731,20.92590959,2.7351567090000004,24.84730123,0,24.84730123,0,12497.54874,443.1823885,9.151300746,55.18941343,0,1990.441609732546,1990.441609732546,50650.154683499415
Mod,H1,Real,AK,Hlow,Rl,NA,NA,4.5,NA,NA,4262.557773862016,35425.27902245073,427.1186621,20.20015044,2.229785607,23.93110136,0,23.93110136,0,11217.24145,427.8117938,8.108894072,47.04459576,0,4736.037473369015,4736.037473369015,139129.26796546916
Mod,H1,Real,CH,Hhigh,HP,NA,NA,NA,12.5,NA,3167.369173478958,43687.26794185701,1836.3662530000001,43.21056854,136.7325032,366.1839667,1981.974063,114.0082381,656.741453,52195.76159,915.1412459999999,2361.738872,12962.337689999998,12317.96599,7531.836527918958,5954.428189318958,237901.391222018
Mod,H1,Real,CH,Hhigh,HPl,NA,NA,NA,7.5,NA,1909.3426318663946,27655.337732325654,992.9074291000001,21.69703207,73.36191493,178.2957314,684.9152399,75.59059101,263.9179236,23430.70276,459.51371700000004,1140.032989,4645.102396,4498.231612,3860.519979266395,3336.817522576395,133653.2156046678
Mod,H1,Real,CH,Hhigh,HYD1000,HYD1000,3,NA,8.5,1000,5205.587030546225,75913.32632967552,4340.948725,142.9694187,124.5801407,858.0098471,2703.7664399999994,707.9489887,2250.898969,133073.3879,3080.781213,253.7250766,26881.941580000002,89930.01614,13375.861602046225,12772.933272646225,526289.3710810946
Mod,H1,Real,CH,Hhigh,HYD1000,HYD1000,4,NA,8.5,1000,5378.791766366799,79198.09704051714,4340.948725,142.9694187,124.5801407,858.0098471,2703.7664399999994,707.9489887,2250.898969,133073.3879,3080.781213,253.7250766,26881.941580000002,89930.01614,13549.0663378668,12946.1380084668,538105.0930625394
Mod,H1,Real,CH,Hhigh,HYD1000,HYD1000,5,NA,8.5,1000,5578.5243752452125,82587.85598295186,4340.948725,142.9694187,124.5801407,858.0098471,2703.7664399999994,707.9489887,2250.898969,133073.3879,3080.781213,253.7250766,26881.941580000002,89930.01614,13748.798946745213,13145.870617345214,550298.4705533118
Mod,H1,Real,CH,Hhigh,HYD200,HYD200,3,NA,11.2,200,4704.82298423959,66906.87568901514,3800.131345,132.7495187,120.50282999999999,633.4987348,2769.4356899999993,462.9374731,2266.280846,113564.5856,2811.454792,234.37503860000004,6246.577945,89995.68539,12161.141102739588,11487.42499703959,453524.8934742876
Mod,H1,Real,CH,Hhigh,HYD200,HYD200,4,NA,11.2,200,4846.254718043427,69734.05173904423,3800.131345,132.7495187,120.50282999999999,633.4987348,2769.4356899999993,462.9374731,2266.280846,113564.5856,2811.454792,234.37503860000004,6246.577945,89995.68539,12302.572836543426,11628.856730843427,463694.5914959749
Mod,H1,Real,CH,Hhigh,HYD200,HYD200,5,NA,11.2,200,5010.697929863167,72676.8267437173,3800.131345,132.7495187,120.50282999999999,633.4987348,2769.4356899999993,462.9374731,2266.280846,113564.5856,2811.454792,234.37503860000004,6246.577945,89995.68539,12467.016048363166,11793.299942663167,474280.1130955184
Mod,H1,Real,CH,Hhigh,HYD500,HYD500,3,NA,8.5,500,5028.01130133847,73336.16672610209,4017.357816,135.6698472,124.5801407,719.6007562,2703.7664399999994,569.5398978,2250.898969,123113.6607,2900.195887,247.9978039,16745.6234,89930.01614,12728.98630143847,12126.05797203847,496736.6548161593
Mod,H1,Real,CH,Hhigh,HYD500,HYD500,4,NA,8.5,500,5191.216241553417,76615.7535069777,4017.357816,135.6698472,124.5801407,719.6007562,2703.7664399999994,569.5398978,2250.898969,123113.6607,2900.195887,247.9978039,16745.6234,89930.01614,12892.191241653416,12289.262912253416,508533.72956751037
Mod,H1,Real,CH,Hhigh,HYD500,HYD500,5,NA,8.5,500,5379.596784948393,80000.67549530309,4017.357816,135.6698472,124.5801407,719.6007562,2703.7664399999994,569.5398978,2250.898969,123113.6607,2900.195887,247.9978039,16745.6234,89930.01614,13080.571785048392,12477.643455648393,520709.7079427816
Mod,H1,Real,CH,Hhigh,R,NA,NA,12.5,NA,NA,10881.973542060065,154656.49870156482,1309.377903,59.82430438,7.135255231,70.94429546,0,70.94429546,0,34317.33834,1266.997642,24.95394939,147.3944264,0,12329.255300131064,12329.255300131064,592075.0250109008
Mod,H1,Real,CH,Hhigh,Rb,NA,NA,4.5,NA,NA,3795.0476195388987,49390.546970989635,500.8809672,22.42781567,2.794629401,26.612509709999998,0,26.612509709999998,0,13112.24204,474.9907226,9.56644025,57.07359199,0,4347.763541519899,4347.763541519899,191317.71081998255
Mod,H1,Real,CH,Hhigh,Rl,NA,NA,8,NA,NA,7086.925922521169,105265.95173057522,808.4969359999999,37.39648871,4.34062583,44.33178576,0,44.33178576,0,21205.0963,792.0069193,15.38750914,90.32083438999999,0,7981.491758821168,7981.491758821168,400757.3141907984
Mod,H1,Real,CH,Hlow,HP,NA,NA,NA,12.5,NA,4956.920066816084,43687.26794185701,1836.3662530000001,43.21056854,136.7325032,366.1839667,1981.974063,114.0082381,656.741453,52195.76159,915.1412459999999,2361.738872,12962.337689999998,12317.96599,9321.387421256084,7743.979082656084,237901.391222018
Mod,H1,Real,CH,Hlow,HPl,NA,NA,NA,7.5,NA,2943.0424142428765,27655.337732325654,992.9074291000001,21.69703207,73.36191493,178.2957314,684.9152399,75.59059101,263.9179236,23430.70276,459.51371700000004,1140.032989,4645.102396,4498.231612,4894.219761642877,4370.517304952877,133653.2156046678
Mod,H1,Real,CH,Hlow,HYD1000,HYD1000,3,NA,8.5,1000,7885.074239137791,75913.32632967552,4340.948725,142.9694187,124.5801407,858.0098471,2703.7664399999994,707.9489887,2250.898969,133073.3879,3080.781213,253.7250766,26881.941580000002,89930.01614,16055.348810637792,15452.420481237792,526289.3710810946
Mod,H1,Real,CH,Hlow,HYD1000,HYD1000,4,NA,8.5,1000,8081.136985574803,79198.09704051714,4340.948725,142.9694187,124.5801407,858.0098471,2703.7664399999994,707.9489887,2250.898969,133073.3879,3080.781213,253.7250766,26881.941580000002,89930.01614,16251.411557074804,15648.483227674804,538105.0930625394
Mod,H1,Real,CH,Hlow,HYD1000,HYD1000,5,NA,8.5,1000,8318.311847975663,82587.85598295186,4340.948725,142.9694187,124.5801407,858.0098471,2703.7664399999994,707.9489887,2250.898969,133073.3879,3080.781213,253.7250766,26881.941580000002,89930.01614,16488.586419475665,15885.658090075663,550298.4705533118
Mod,H1,Real,CH,Hlow,HYD200,HYD200,3,NA,11.2,200,7226.247263109352,66906.87568901514,3800.131345,132.7495187,120.50282999999999,633.4987348,2769.4356899999993,462.9374731,2266.280846,113564.5856,2811.454792,234.37503860000004,6246.577945,89995.68539,14682.56538160935,14008.849275909353,453524.8934742876
Mod,H1,Real,CH,Hlow,HYD200,HYD200,4,NA,11.2,200,7393.735595547425,69734.05173904423,3800.131345,132.7495187,120.50282999999999,633.4987348,2769.4356899999993,462.9374731,2266.280846,113564.5856,2811.454792,234.37503860000004,6246.577945,89995.68539,14850.053714047423,14176.337608347425,463694.5914959749
Mod,H1,Real,CH,Hlow,HYD200,HYD200,5,NA,11.2,200,7593.439012631758,72676.8267437173,3800.131345,132.7495187,120.50282999999999,633.4987348,2769.4356899999993,462.9374731,2266.280846,113564.5856,2811.454792,234.37503860000004,6246.577945,89995.68539,15049.757131131755,14376.041025431758,474280.1130955184
Mod,H1,Real,CH,Hlow,HYD500,HYD500,3,NA,8.5,500,7655.665588923762,73336.16672610209,4017.357816,135.6698472,124.5801407,719.6007562,2703.7664399999994,569.5398978,2250.898969,123113.6607,2900.195887,247.9978039,16745.6234,89930.01614,15356.640589023762,14753.712259623762,496736.6548161593
Mod,H1,Real,CH,Hlow,HYD500,HYD500,4,NA,8.5,500,7842.6299220718865,76615.7535069777,4017.357816,135.6698472,124.5801407,719.6007562,2703.7664399999994,569.5398978,2250.898969,123113.6607,2900.195887,247.9978039,16745.6234,89930.01614,15543.604922171886,14940.676592771886,508533.72956751037
Mod,H1,Real,CH,Hlow,HYD500,HYD500,5,NA,8.5,500,8068.903776301274,80000.67549530309,4017.357816,135.6698472,124.5801407,719.6007562,2703.7664399999994,569.5398978,2250.898969,123113.6607,2900.195887,247.9978039,16745.6234,89930.01614,15769.878776401274,15166.950447001274,520709.7079427816
Mod,H1,Real,CH,Hlow,R,NA,NA,12.5,NA,NA,17096.799388878186,154656.49870156482,1309.377903,59.82430438,7.135255231,70.94429546,0,70.94429546,0,34317.33834,1266.997642,24.95394939,147.3944264,0,18544.08114694919,18544.08114694919,592075.0250109008
Mod,H1,Real,CH,Hlow,Rb,NA,NA,4.5,NA,NA,6093.965387988582,49390.546970989635,500.8809672,22.42781567,2.794629401,26.612509709999998,0,26.612509709999998,0,13112.24204,474.9907226,9.56644025,57.07359199,0,6646.681309969582,6646.681309969582,191317.71081998255
Mod,H1,Real,CH,Hlow,Rl,NA,NA,8,NA,NA,11002.834000889601,105265.95173057522,808.4969359999999,37.39648871,4.34062583,44.33178576,0,44.33178576,0,21205.0963,792.0069193,15.38750914,90.32083438999999,0,11897.3998371896,11897.3998371896,400757.3141907984
Mod,Nom,Ideal,AK,Hhigh,HP,NA,NA,NA,11,NA,1266.3951340806082,17899.191693990982,1869.5477900000003,44.044790199999994,141.5319973,371.3462367000001,1993.5191580000003,119.1705081,657.0050913,53142.1951,932.8089294,2422.480388,13297.161320000001,12497.43593,5686.385106280609,4097.695310980609,146677.66330046108
Mod,Nom,Ideal,AK,Hhigh,HPl,NA,NA,NA,8,NA,810.0545825338472,11460.161627264071,1026.088966,22.53125373,78.16140906,183.4580014,696.4603343,80.75286101,264.1815619,24377.13627,477.1814004,1200.774505,4979.926028,4677.701549,2816.754547023847,2281.7706342338474,76936.32272817004
Mod,Nom,Ideal,AK,Hhigh,HYD1000,HYD1000,3,NA,6,1000,2552.3700951463798,39071.76778219744,4148.195171,136.4779224,116.1585478,801.5562350000001,2547.382675,680.3890723999999,2165.391276,129499.26609999998,2943.300125,234.90963350000004,26702.39253,85658.03174,10302.140646346379,9798.98208474638,385583.82740259153
Mod,Nom,Ideal,AK,Hhigh,HYD1000,HYD1000,4,NA,6,1000,2695.4912114253643,41870.423559996605,4148.195171,136.4779224,116.1585478,801.5562350000001,2547.382675,680.3890723999999,2165.391276,129499.26609999998,2943.300125,234.90963350000004,26702.39253,85658.03174,10445.261762625365,9942.103201025366,395650.934516977
Mod,Nom,Ideal,AK,Hhigh,HYD1000,HYD1000,5,NA,6,1000,2867.345518449019,44817.89704847016,4148.195171,136.4779224,116.1585478,801.5562350000001,2547.382675,680.3890723999999,2165.391276,129499.26609999998,2943.300125,234.90963350000004,26702.39253,85658.03174,10617.116069649019,10113.95750804902,406253.35713738546
Mod,Nom,Ideal,AK,Hhigh,HYD200,HYD200,3,NA,11.2,200,2051.835675974434,31338.446603654316,3726.151321,130.8906552,119.4584719,621.7158286,2678.721175,451.15456689999996,2175.566332,111054.9796,2772.086583,222.9368304,6067.028898,85789.37024,9328.773127674434,8655.057022974433,318634.6273444011
Mod,Nom,Ideal,AK,Hhigh,HYD200,HYD200,4,NA,11.2,200,2164.6333582588204,33740.49397785607,3726.151321,130.8906552,119.4584719,621.7158286,2678.721175,451.15456689999996,2175.566332,111054.9796,2772.086583,222.9368304,6067.028898,85789.37024,9441.570809958821,8767.85470525882,327275.08552498295
Mod,Nom,Ideal,AK,Hhigh,HYD200,HYD200,5,NA,11.2,200,2304.5912743541426,36268.780673723406,3726.151321,130.8906552,119.4584719,621.7158286,2678.721175,451.15456689999996,2175.566332,111054.9796,2772.086583,222.9368304,6067.028898,85789.37024,9581.528726054143,8907.812621354142,336369.6419849374
Mod,Nom,Ideal,AK,Hhigh,HYD500,HYD500,3,NA,8.5,500,2546.9447577622186,39050.91121947218,3943.377791,133.8109837,123.5357826,707.8178500000001,2613.051925,557.7569916,2160.184455,120604.0547,2860.827679,236.55959560000002,16566.07435,85723.70099,10068.539090062219,9465.61076166222,366462.1209817661
Mod,Nom,Ideal,AK,Hhigh,HYD500,HYD500,4,NA,8.5,500,2690.718026109758,42018.04930138656,3943.377791,133.8109837,123.5357826,707.8178500000001,2613.051925,557.7569916,2160.184455,120604.0547,2860.827679,236.55959560000002,16566.07435,85723.70099,10212.312358409758,9609.384030009758,377135.2795498034
Mod,Nom,Ideal,AK,Hhigh,HYD500,HYD500,5,NA,8.5,500,2863.456693805688,45120.170792862686,3943.377791,133.8109837,123.5357826,707.8178500000001,2613.051925,557.7569916,2160.184455,120604.0547,2860.827679,236.55959560000002,16566.07435,85723.70099,10385.051026105688,9782.122697705689,388293.98995079665
Mod,Nom,Ideal,AK,Hhigh,R,NA,NA,12,NA,NA,5031.1747677882995,71200.72647022989,1286.507709,58.322398299999996,7.075782539,69.17908698,0,69.17908698,0,33702.64504,1235.189308,24.53880988,145.5102478,0,6452.259744607299,6452.259744607299,291225.60452161473
Mod,Nom,Ideal,AK,Hhigh,Rb,NA,NA,4,NA,NA,1722.4345373487345,24297.04860874439,478.0107731,20.92590959,2.7351567090000004,24.84730123,0,24.84730123,0,12497.54874,443.1823885,9.151300746,55.18941343,0,2248.9536779777345,2248.9536779777345,100404.52726981409
Mod,Nom,Ideal,AK,Hhigh,Rl,NA,NA,8,NA,NA,3308.740230439564,46903.67786148547,808.4969359999999,37.39648871,4.34062583,44.33178576,0,44.33178576,0,21205.0963,792.0069193,15.38750914,90.32083438999999,0,4203.306066739564,4203.306066739564,190821.07725162667
Mod,Nom,Ideal,AK,Hlow,HP,NA,NA,NA,11,NA,2194.5994300418038,17899.191693990982,1869.5477900000003,44.044790199999994,141.5319973,371.3462367000001,1993.5191580000003,119.1705081,657.0050913,53142.1951,932.8089294,2422.480388,13297.161320000001,12497.43593,6614.589402241803,5025.899606941803,146677.66330046108
Mod,Nom,Ideal,AK,Hlow,HPl,NA,NA,NA,8,NA,1360.0165229099798,11460.161627264071,1026.088966,22.53125373,78.16140906,183.4580014,696.4603343,80.75286101,264.1815619,24377.13627,477.1814004,1200.774505,4979.926028,4677.701549,3366.7164873999795,2831.7325746099796,76936.32272817004
Mod,Nom,Ideal,AK,Hlow,HYD1000,HYD1000,3,NA,6,1000,4089.9784750247327,39071.76778219744,4148.195171,136.4779224,116.1585478,801.5562350000001,2547.382675,680.3890723999999,2165.391276,129499.26609999998,2943.300125,234.90963350000004,26702.39253,85658.03174,11839.749026224734,11336.590464624733,385583.82740259153
Mod,Nom,Ideal,AK,Hlow,HYD1000,HYD1000,4,NA,6,1000,4256.511708427922,41870.423559996605,4148.195171,136.4779224,116.1585478,801.5562350000001,2547.382675,680.3890723999999,2165.391276,129499.26609999998,2943.300125,234.90963350000004,26702.39253,85658.03174,12006.282259627922,11503.123698027921,395650.934516977
Mod,Nom,Ideal,AK,Hlow,HYD1000,HYD1000,5,NA,6,1000,4465.464384904673,44817.89704847016,4148.195171,136.4779224,116.1585478,801.5562350000001,2547.382675,680.3890723999999,2165.391276,129499.26609999998,2943.300125,234.90963350000004,26702.39253,85658.03174,12215.234936104673,11712.076374504672,406253.35713738546
Mod,Nom,Ideal,AK,Hlow,HYD200,HYD200,3,NA,11.2,200,3363.9258875220917,31338.446603654316,3726.151321,130.8906552,119.4584719,621.7158286,2678.721175,451.15456689999996,2175.566332,111054.9796,2772.086583,222.9368304,6067.028898,85789.37024,10640.863339222093,9967.147234522092,318634.6273444011
Mod,Nom,Ideal,AK,Hlow,HYD200,HYD200,4,NA,11.2,200,3494.6548725794255,33740.49397785607,3726.151321,130.8906552,119.4584719,621.7158286,2678.721175,451.15456689999996,2175.566332,111054.9796,2772.086583,222.9368304,6067.028898,85789.37024,10771.592324279425,10097.876219579424,327275.08552498295
Mod,Nom,Ideal,AK,Hlow,HYD200,HYD200,5,NA,11.2,200,3668.597454436852,36268.780673723406,3726.151321,130.8906552,119.4584719,621.7158286,2678.721175,451.15456689999996,2175.566332,111054.9796,2772.086583,222.9368304,6067.028898,85789.37024,10945.534906136852,10271.818801436852,336369.6419849374
Mod,Nom,Ideal,AK,Hlow,HYD500,HYD500,3,NA,8.5,500,4117.94278649781,39050.91121947218,3943.377791,133.8109837,123.5357826,707.8178500000001,2613.051925,557.7569916,2160.184455,120604.0547,2860.827679,236.55959560000002,16566.07435,85723.70099,11639.537118797809,11036.60879039781,366462.1209817661
Mod,Nom,Ideal,AK,Hlow,HYD500,HYD500,4,NA,8.5,500,4283.3454125722,42018.04930138656,3943.377791,133.8109837,123.5357826,707.8178500000001,2613.051925,557.7569916,2160.184455,120604.0547,2860.827679,236.55959560000002,16566.07435,85723.70099,11804.9397448722,11202.0114164722,377135.2795498034
Mod,Nom,Ideal,AK,Hlow,HYD500,HYD500,5,NA,8.5,500,4495.046533962688,45120.170792862686,3943.377791,133.8109837,123.5357826,707.8178500000001,2613.051925,557.7569916,2160.184455,120604.0547,2860.827679,236.55959560000002,16566.07435,85723.70099,12016.640866262687,11413.712537862688,388293.98995079665
Mod,Nom,Ideal,AK,Hlow,R,NA,NA,12,NA,NA,8718.27174521715,71200.72647022989,1286.507709,58.322398299999996,7.075782539,69.17908698,0,69.17908698,0,33702.64504,1235.189308,24.53880988,145.5102478,0,10139.35672203615,10139.35672203615,291225.60452161473
Mod,Nom,Ideal,AK,Hlow,Rb,NA,NA,4,NA,NA,3160.866976415998,24297.04860874439,478.0107731,20.92590959,2.7351567090000004,24.84730123,0,24.84730123,0,12497.54874,443.1823885,9.151300746,55.18941343,0,3687.386117044998,3687.386117044998,100404.52726981409
Mod,Nom,Ideal,AK,Hlow,Rl,NA,NA,8,NA,NA,5557.404768801153,46903.67786148547,808.4969359999999,37.39648871,4.34062583,44.33178576,0,44.33178576,0,21205.0963,792.0069193,15.38750914,90.32083438999999,0,6451.970605101153,6451.970605101153,190821.07725162667
Mod,Nom,Ideal,CH,Hhigh,HP,NA,NA,NA,16,NA,4730.398435844825,65843.05759929077,2416.268872,60.37758576,139.0069502,470.3389292,1732.919147,293.5161418,648.0123878,59252.55446,1278.715391,2526.881406,19899.98516,9125.817241,9549.309920004825,8287.580373404826,328929.48459070054
Mod,Nom,Ideal,CH,Hhigh,HPl,NA,NA,NA,9.5,NA,2106.4589856354196,30122.980479471356,1125.633577,25.033918700000005,92.55989142000001,198.9448116,731.0956175,96.23967121000001,268.7770936,27216.43681,530.1844508,1382.9990530000002,5984.396923,5216.111359,4279.72680185542,3714.7031375654196,148686.17348598473
Mod,Nom,Ideal,CH,Hhigh,HYD1000,HYD1000,3,NA,14,1000,6956.100501680279,99662.28507215106,4908.774199,159.9847908,142.0973227,991.3755545,3266.787762,809.8294195,2736.687087,147395.6109,3441.14372,323.2115092,27779.68681,111071.04060000001,16425.12013068028,15713.47332068028,648508.1218562901
Mod,Nom,Ideal,CH,Hhigh,HYD1000,HYD1000,4,NA,14,1000,7113.809823222848,102595.4575883662,4908.774199,159.9847908,142.0973227,991.3755545,3266.787762,809.8294195,2736.687087,147395.6109,3441.14372,323.2115092,27779.68681,111071.04060000001,16582.829452222846,15871.182642222846,659059.1021304452
Mod,Nom,Ideal,CH,Hhigh,HYD1000,HYD1000,5,NA,14,1000,7295.89694523543,105651.01784685595,4908.774199,159.9847908,142.0973227,991.3755545,3266.787762,809.8294195,2736.687087,147395.6109,3441.14372,323.2115092,27779.68681,111071.04060000001,16764.91657423543,16053.26976423543,670050.3260818473
Mod,Nom,Ideal,CH,Hhigh,HYD200,HYD200,3,NA,14,200,6633.712601502307,95249.49967660302,4249.18329,145.1322581,130.6427773,722.1937363,3266.787762,540.6476013,2736.687087,126822.2927,3073.70442,296.4842365,7144.323178,111071.04060000001,15147.652425202306,14436.005615202306,591031.9446906259
Mod,Nom,Ideal,CH,Hhigh,HYD200,HYD200,4,NA,14,200,6774.826081360256,98166.45131690042,4249.18329,145.1322581,130.6427773,722.1937363,3266.787762,540.6476013,2736.687087,126822.2927,3073.70442,296.4842365,7144.323178,111071.04060000001,15288.765905060254,14577.119095060254,601524.5764902569
Mod,Nom,Ideal,CH,Hhigh,HYD200,HYD200,5,NA,14,200,6945.187277491387,101222.86588756877,4249.18329,145.1322581,130.6427773,722.1937363,3266.787762,540.6476013,2736.687087,126822.2927,3073.70442,296.4842365,7144.323178,111071.04060000001,15459.127101191387,14747.480291191387,612518.8735070495
Mod,Nom,Ideal,CH,Hhigh,HYD500,HYD500,3,NA,14,500,6779.54572588508,97179.54775663231,4585.18329,152.6852193,142.0973227,852.9664635999999,3266.787762,671.4203286,2736.687087,137435.8836,3260.558394,317.4842365,17643.36863,111071.04060000001,15779.26578348508,15067.61897348508,619295.054009537
Mod,Nom,Ideal,CH,Hhigh,HYD500,HYD500,4,NA,14,500,6925.013353491141,100092.6492102356,4585.18329,152.6852193,142.0973227,852.9664635999999,3266.787762,671.4203286,2736.687087,137435.8836,3260.558394,317.4842365,17643.36863,111071.04060000001,15924.73341109114,15213.08660109114,629773.8362167431
Mod,Nom,Ideal,CH,Hhigh,HYD500,HYD500,5,NA,14,500,7097.260183121816,103144.62778861032,4585.18329,152.6852193,142.0973227,852.9664635999999,3266.787762,671.4203286,2736.687087,137435.8836,3260.558394,317.4842365,17643.36863,111071.04060000001,16096.980240721816,15385.333430721816,640752.1764267241
Mod,Nom,Ideal,CH,Hhigh,R,NA,NA,15.5,NA,NA,16096.92438592494,229397.9453715654,1446.5990679999998,68.83574087,7.49209138,81.53554633,0,81.53554633,0,38005.49814,1457.847647,27.444786409999995,158.6994977,0,17701.38683250494,17701.38683250494,864821.9554364531
Mod,Nom,Ideal,CH,Hhigh,Rb,NA,NA,6.5,NA,NA,7651.540563815066,106178.23100971791,592.3617435,28.43544,3.0325201669999995,33.67334362,0,33.67334362,0,15571.01523,602.2240592,11.226998269999998,64.61030624,0,8309.043611102064,8309.043611102064,398185.15936247946
Mod,Nom,Ideal,CH,Hhigh,Rl,NA,NA,9,NA,NA,8445.383822109876,123219.71436184755,854.2373242,40.40030087,4.459571213,47.86220271,0,47.86220271,0,22434.4829,855.6235876,16.21778814,94.08919150999999,0,9392.343221102874,9392.343221102874,466636.7960638239
Mod,Nom,Ideal,CH,Hlow,HP,NA,NA,NA,16,NA,7307.523100557826,65843.05759929077,2416.268872,60.37758576,139.0069502,470.3389292,1732.919147,293.5161418,648.0123878,59252.55446,1278.715391,2526.881406,19899.98516,9125.817241,12126.434584717827,10864.705038117827,328929.48459070054
Mod,Nom,Ideal,CH,Hlow,HPl,NA,NA,NA,9.5,NA,3161.063740077933,30122.980479471356,1125.633577,25.033918700000005,92.55989142000001,198.9448116,731.0956175,96.23967121000001,268.7770936,27216.43681,530.1844508,1382.9990530000002,5984.396923,5216.111359,5334.331556297933,4769.307892007932,148686.17348598473
Mod,Nom,Ideal,CH,Hlow,HYD1000,HYD1000,3,NA,14,1000,10556.480361001766,99662.28507215106,4908.774199,159.9847908,142.0973227,991.3755545,3266.787762,809.8294195,2736.687087,147395.6109,3441.14372,323.2115092,27779.68681,111071.04060000001,20025.499990001765,19313.853180001763,648508.1218562901
Mod,Nom,Ideal,CH,Hlow,HYD1000,HYD1000,4,NA,14,1000,10739.631446322248,102595.4575883662,4908.774199,159.9847908,142.0973227,991.3755545,3266.787762,809.8294195,2736.687087,147395.6109,3441.14372,323.2115092,27779.68681,111071.04060000001,20208.651075322246,19497.004265322244,659059.1021304452
Mod,Nom,Ideal,CH,Hlow,HYD1000,HYD1000,5,NA,14,1000,10958.591427678697,105651.01784685595,4908.774199,159.9847908,142.0973227,991.3755545,3266.787762,809.8294195,2736.687087,147395.6109,3441.14372,323.2115092,27779.68681,111071.04060000001,20427.611056678696,19715.964246678694,670050.3260818473
Mod,Nom,Ideal,CH,Hlow,HYD200,HYD200,3,NA,14,200,10153.071734868437,95249.49967660302,4249.18329,145.1322581,130.6427773,722.1937363,3266.787762,540.6476013,2736.687087,126822.2927,3073.70442,296.4842365,7144.323178,111071.04060000001,18667.01155856844,17955.364748568438,591031.9446906259
Mod,Nom,Ideal,CH,Hlow,HYD200,HYD200,4,NA,14,200,10317.882180751454,98166.45131690042,4249.18329,145.1322581,130.6427773,722.1937363,3266.787762,540.6476013,2736.687087,126822.2927,3073.70442,296.4842365,7144.323178,111071.04060000001,18831.822004451453,18120.175194451454,601524.5764902569
Mod,Nom,Ideal,CH,Hlow,HYD200,HYD200,5,NA,14,200,10525.364255033694,101222.86588756877,4249.18329,145.1322581,130.6427773,722.1937363,3266.787762,540.6476013,2736.687087,126822.2927,3073.70442,296.4842365,7144.323178,111071.04060000001,19039.304078733694,18327.657268733692,612518.8735070495
Mod,Nom,Ideal,CH,Hlow,HYD500,HYD500,3,NA,14,500,10334.894337872436,97179.54775663231,4585.18329,152.6852193,142.0973227,852.9664635999999,3266.787762,671.4203286,2736.687087,137435.8836,3260.558394,317.4842365,17643.36863,111071.04060000001,19334.614395472436,18622.967585472434,619295.054009537
Mod,Nom,Ideal,CH,Hlow,HYD500,HYD500,4,NA,14,500,10503.697368982263,100092.6492102356,4585.18329,152.6852193,142.0973227,852.9664635999999,3266.787762,671.4203286,2736.687087,137435.8836,3260.558394,317.4842365,17643.36863,111071.04060000001,19503.417426582262,18791.77061658226,629773.8362167431
Mod,Nom,Ideal,CH,Hlow,HYD500,HYD500,5,NA,14,500,10713.659564225396,103144.62778861032,4585.18329,152.6852193,142.0973227,852.9664635999999,3266.787762,671.4203286,2736.687087,137435.8836,3260.558394,317.4842365,17643.36863,111071.04060000001,19713.379621825396,19001.732811825394,640752.1764267241
Mod,Nom,Ideal,CH,Hlow,R,NA,NA,15.5,NA,NA,24891.91844122771,229397.9453715654,1446.5990679999998,68.83574087,7.49209138,81.53554633,0,81.53554633,0,38005.49814,1457.847647,27.444786409999995,158.6994977,0,26496.38088780771,26496.38088780771,864821.9554364531
Mod,Nom,Ideal,CH,Hlow,Rb,NA,NA,6.5,NA,NA,12122.189615183202,106178.23100971791,592.3617435,28.43544,3.0325201669999995,33.67334362,0,33.67334362,0,15571.01523,602.2240592,11.226998269999998,64.61030624,0,12779.692662470201,12779.692662470201,398185.15936247946
Mod,Nom,Ideal,CH,Hlow,Rl,NA,NA,9,NA,NA,12769.728826044504,123219.71436184755,854.2373242,40.40030087,4.459571213,47.86220271,0,47.86220271,0,22434.4829,855.6235876,16.21778814,94.08919150999999,0,13716.688225037502,13716.688225037502,466636.7960638239
Mod,Nom,Real,AK,Hhigh,HP,NA,NA,NA,11,NA,1152.228683659877,16055.443748942393,1869.5477900000003,44.044790199999994,141.5319973,371.3462367000001,1993.5191580000003,119.1705081,657.0050913,53142.1951,932.8089294,2422.480388,13297.161320000001,12497.43593,5572.218655859878,3983.5288605598776,140045.4764477683
Mod,Nom,Real,AK,Hhigh,HPl,NA,NA,NA,8,NA,811.4639386716105,11483.401610387615,1026.088966,22.53125373,78.16140906,183.4580014,696.4603343,80.75286101,264.1815619,24377.13627,477.1814004,1200.774505,4979.926028,4677.701549,2818.1639031616105,2283.1799903716105,77019.91978976552
Mod,Nom,Real,AK,Hhigh,HYD1000,HYD1000,3,NA,6,1000,2418.0744038213147,36823.732137342806,4148.195171,136.4779224,116.1585478,801.5562350000001,2547.382675,680.3890723999999,2165.391276,129499.26609999998,2943.300125,234.90963350000004,26702.39253,85658.03174,10167.844955021315,9664.686393421316,377497.3682484381
Mod,Nom,Real,AK,Hhigh,HYD1000,HYD1000,4,NA,6,1000,2560.650289475145,39618.357833049085,4148.195171,136.4779224,116.1585478,801.5562350000001,2547.382675,680.3890723999999,2165.391276,129499.26609999998,2943.300125,234.90963350000004,26702.39253,85658.03174,10310.420840675146,9807.262279075147,387549.97866464773
Mod,Nom,Real,AK,Hhigh,HYD1000,HYD1000,5,NA,6,1000,2732.2118573959547,42564.795737281005,4148.195171,136.4779224,116.1585478,801.5562350000001,2547.382675,680.3890723999999,2165.391276,129499.26609999998,2943.300125,234.90963350000004,26702.39253,85658.03174,10481.982408595955,9978.823846995956,398148.67616188485
Mod,Nom,Real,AK,Hhigh,HYD200,HYD200,3,NA,11.2,200,1924.2602796288818,29200.91719041296,3726.151321,130.8906552,119.4584719,621.7158286,2678.721175,451.15456689999996,2175.566332,111054.9796,2772.086583,222.9368304,6067.028898,85789.37024,9201.197731328883,8527.481626628882,310945.6726205113
Mod,Nom,Real,AK,Hhigh,HYD200,HYD200,4,NA,11.2,200,2037.1620060554465,31601.501462981527,3726.151321,130.8906552,119.4584719,621.7158286,2678.721175,451.15456689999996,2175.566332,111054.9796,2772.086583,222.9368304,6067.028898,85789.37024,9314.099457755447,8640.383353055446,319580.8678455781
Mod,Nom,Real,AK,Hhigh,HYD200,HYD200,5,NA,11.2,200,2177.344544915808,34129.620389896314,3726.151321,130.8906552,119.4584719,621.7158286,2678.721175,451.15456689999996,2175.566332,111054.9796,2772.086583,222.9368304,6067.028898,85789.37024,9454.281996615808,8780.565891915807,328674.82082009176
Mod,Nom,Real,AK,Hhigh,HYD500,HYD500,3,NA,8.5,500,2408.645339625114,36688.655847368296,3943.377791,133.8109837,123.5357826,707.8178500000001,2613.051925,557.7569916,2160.184455,120604.0547,2860.827679,236.55959560000002,16566.07435,85723.70099,9930.239671925114,9327.311343525114,357964.799499378
Mod,Nom,Real,AK,Hhigh,HYD500,HYD500,4,NA,8.5,500,2553.279174405313,39655.54887598552,3943.377791,133.8109837,123.5357826,707.8178500000001,2613.051925,557.7569916,2160.184455,120604.0547,2860.827679,236.55959560000002,16566.07435,85723.70099,10074.873506705313,9471.945178305314,368637.0765807349
Mod,Nom,Real,AK,Hhigh,HYD500,HYD500,5,NA,8.5,500,2726.249377099465,42756.6875905304,3943.377791,133.8109837,123.5357826,707.8178500000001,2613.051925,557.7569916,2160.184455,120604.0547,2860.827679,236.55959560000002,16566.07435,85723.70099,10247.843709399465,9644.915380999466,379792.2518129107
Mod,Nom,Real,AK,Hhigh,R,NA,NA,12,NA,NA,4625.455004123607,64571.1966494297,1286.507709,58.322398299999996,7.075782539,69.17908698,0,69.17908698,0,33702.64504,1235.189308,24.53880988,145.5102478,0,6046.539980942606,6046.539980942606,267378.37495039107
Mod,Nom,Real,AK,Hhigh,Rb,NA,NA,4,NA,NA,1310.6205216181143,17567.728920501842,478.0107731,20.92590959,2.7351567090000004,24.84730123,0,24.84730123,0,12497.54874,443.1823885,9.151300746,55.18941343,0,1837.1396622471143,1837.1396622471143,76198.34134088406
Mod,Nom,Real,AK,Hhigh,Rl,NA,NA,8,NA,NA,3314.8344825054924,47003.46772892787,808.4969359999999,37.39648871,4.34062583,44.33178576,0,44.33178576,0,21205.0963,792.0069193,15.38750914,90.32083438999999,0,4209.400318805492,4209.400318805492,191180.03360933316
Mod,Nom,Real,AK,Hlow,HP,NA,NA,NA,11,NA,1964.4661621218709,16055.443748942393,1869.5477900000003,44.044790199999994,141.5319973,371.3462367000001,1993.5191580000003,119.1705081,657.0050913,53142.1951,932.8089294,2422.480388,13297.161320000001,12497.43593,6384.456134321871,4795.766339021871,140045.4764477683
Mod,Nom,Real,AK,Hlow,HPl,NA,NA,NA,8,NA,1362.8441970205145,11483.401610387615,1026.088966,22.53125373,78.16140906,183.4580014,696.4603343,80.75286101,264.1815619,24377.13627,477.1814004,1200.774505,4979.926028,4677.701549,3369.544161510514,2834.560248720514,77019.91978976552
Mod,Nom,Real,AK,Hlow,HYD1000,HYD1000,3,NA,6,1000,3814.015366350485,36823.732137342806,4148.195171,136.4779224,116.1585478,801.5562350000001,2547.382675,680.3890723999999,2165.391276,129499.26609999998,2943.300125,234.90963350000004,26702.39253,85658.03174,11563.785917550485,11060.627355950486,377497.3682484381
Mod,Nom,Real,AK,Hlow,HYD1000,HYD1000,4,NA,6,1000,3978.4569579335944,39618.357833049085,4148.195171,136.4779224,116.1585478,801.5562350000001,2547.382675,680.3890723999999,2165.391276,129499.26609999998,2943.300125,234.90963350000004,26702.39253,85658.03174,11728.227509133594,11225.068947533593,387549.97866464773
Mod,Nom,Real,AK,Hlow,HYD1000,HYD1000,5,NA,6,1000,4187.243053507951,42564.795737281005,4148.195171,136.4779224,116.1585478,801.5562350000001,2547.382675,680.3890723999999,2165.391276,129499.26609999998,2943.300125,234.90963350000004,26702.39253,85658.03174,11937.01360470795,11433.85504310795,398148.67616188485
Mod,Nom,Real,AK,Hlow,HYD200,HYD200,3,NA,11.2,200,3101.059670571566,29200.91719041296,3726.151321,130.8906552,119.4584719,621.7158286,2678.721175,451.15456689999996,2175.566332,111054.9796,2772.086583,222.9368304,6067.028898,85789.37024,10377.997122271567,9704.281017571566,310945.6726205113
Mod,Nom,Real,AK,Hlow,HYD200,HYD200,4,NA,11.2,200,3232.041103777968,31601.501462981527,3726.151321,130.8906552,119.4584719,621.7158286,2678.721175,451.15456689999996,2175.566332,111054.9796,2772.086583,222.9368304,6067.028898,85789.37024,10508.978555477968,9835.262450777967,319580.8678455781
Mod,Nom,Real,AK,Hlow,HYD200,HYD200,5,NA,11.2,200,3406.7174085807437,34129.620389896314,3726.151321,130.8906552,119.4584719,621.7158286,2678.721175,451.15456689999996,2175.566332,111054.9796,2772.086583,222.9368304,6067.028898,85789.37024,10683.654860280743,10009.938755580743,328674.82082009176
Mod,Nom,Real,AK,Hlow,HYD500,HYD500,3,NA,8.5,500,3830.5789055928585,36688.655847368296,3943.377791,133.8109837,123.5357826,707.8178500000001,2613.051925,557.7569916,2160.184455,120604.0547,2860.827679,236.55959560000002,16566.07435,85723.70099,11352.17323789286,10749.24490949286,357964.799499378
Mod,Nom,Real,AK,Hlow,HYD500,HYD500,4,NA,8.5,500,3996.5831187406457,39655.54887598552,3943.377791,133.8109837,123.5357826,707.8178500000001,2613.051925,557.7569916,2160.184455,120604.0547,2860.827679,236.55959560000002,16566.07435,85723.70099,11518.177451040645,10915.249122640646,368637.0765807349
Mod,Nom,Real,AK,Hlow,HYD500,HYD500,5,NA,8.5,500,4208.319177580905,42756.6875905304,3943.377791,133.8109837,123.5357826,707.8178500000001,2613.051925,557.7569916,2160.184455,120604.0547,2860.827679,236.55959560000002,16566.07435,85723.70099,11729.913509880904,11126.985181480904,379792.2518129107
Mod,Nom,Real,AK,Hlow,R,NA,NA,12,NA,NA,7895.340098643848,64571.1966494297,1286.507709,58.322398299999996,7.075782539,69.17908698,0,69.17908698,0,33702.64504,1235.189308,24.53880988,145.5102478,0,9316.425075462848,9316.425075462848,267378.37495039107
Mod,Nom,Real,AK,Hlow,Rb,NA,NA,4,NA,NA,2325.7168033946978,17567.728920501842,478.0107731,20.92590959,2.7351567090000004,24.84730123,0,24.84730123,0,12497.54874,443.1823885,9.151300746,55.18941343,0,2852.235944023698,2852.235944023698,76198.34134088406
Mod,Nom,Real,AK,Hlow,Rl,NA,NA,8,NA,NA,5569.623295249149,47003.46772892787,808.4969359999999,37.39648871,4.34062583,44.33178576,0,44.33178576,0,21205.0963,792.0069193,15.38750914,90.32083438999999,0,6464.189131549148,6464.189131549148,191180.03360933316
Mod,Nom,Real,CH,Hhigh,HP,NA,NA,NA,16,NA,3809.2155257686677,52133.983889372954,2416.268872,60.37758576,139.0069502,470.3389292,1732.919147,293.5161418,648.0123878,59252.55446,1278.715391,2526.881406,19899.98516,9125.817241,8628.127009928668,7366.397463328668,279616.2698068236
Mod,Nom,Real,CH,Hhigh,HPl,NA,NA,NA,9.5,NA,2125.437437101631,30384.908352926457,1125.633577,25.033918700000005,92.55989142000001,198.9448116,731.0956175,96.23967121000001,268.7770936,27216.43681,530.1844508,1382.9990530000002,5984.396923,5216.111359,4298.705253321631,3733.681589031631,149628.36008114697
Mod,Nom,Real,CH,Hhigh,HYD1000,HYD1000,3,NA,14,1000,5880.163359860071,83246.25094076464,4908.774199,159.9847908,142.0973227,991.3755545,3266.787762,809.8294195,2736.687087,147395.6109,3441.14372,323.2115092,27779.68681,111071.04060000001,15349.18298886007,14637.53617886007,589457.6393692887
Mod,Nom,Real,CH,Hhigh,HYD1000,HYD1000,4,NA,14,1000,6037.851212782897,86167.77864953432,4908.774199,159.9847908,142.0973227,991.3755545,3266.787762,809.8294195,2736.687087,147395.6109,3441.14372,323.2115092,27779.68681,111071.04060000001,15506.870841782897,14795.224031782896,599966.7318468774
Mod,Nom,Real,CH,Hhigh,HYD1000,HYD1000,5,NA,14,1000,6219.329160581833,89225.34486557187,4908.774199,159.9847908,142.0973227,991.3755545,3266.787762,809.8294195,2736.687087,147395.6109,3441.14372,323.2115092,27779.68681,111071.04060000001,15688.348789581833,14976.701979581832,610965.1714729117
Mod,Nom,Real,CH,Hhigh,HYD200,HYD200,3,NA,14,200,5548.305205748329,78854.50933416815,4249.18329,145.1322581,130.6427773,722.1937363,3266.787762,540.6476013,2736.687087,126822.2927,3073.70442,296.4842365,7144.323178,111071.04060000001,14062.24502944833,13350.59821944833,532057.159286184
Mod,Nom,Real,CH,Hhigh,HYD200,HYD200,4,NA,14,200,5689.734010710388,81769.73770047183,4249.18329,145.1322581,130.6427773,722.1937363,3266.787762,540.6476013,2736.687087,126822.2927,3073.70442,296.4842365,7144.323178,111071.04060000001,14203.673834410389,13492.027024410389,542543.5922584994
Mod,Nom,Real,CH,Hhigh,HYD200,HYD200,5,NA,14,200,5860.439793951151,84824.87249512762,4249.18329,145.1322581,130.6427773,722.1937363,3266.787762,540.6476013,2736.687087,126822.2927,3073.70442,296.4842365,7144.323178,111071.04060000001,14374.379617651151,13662.732807651151,553533.2857644554
Mod,Nom,Real,CH,Hhigh,HYD500,HYD500,3,NA,14,500,5698.948645163334,80776.68906957305,4585.18329,152.6852193,142.0973227,852.9664635999999,3266.787762,671.4203286,2736.687087,137435.8836,3260.558394,317.4842365,17643.36863,111071.04060000001,14698.668702763332,13987.021892763332,560291.9652071656
Mod,Nom,Real,CH,Hhigh,HYD500,HYD500,4,NA,14,500,5845.538322897992,83681.15358197957,4585.18329,152.6852193,142.0973227,852.9664635999999,3266.787762,671.4203286,2736.687087,137435.8836,3260.558394,317.4842365,17643.36863,111071.04060000001,14845.258380497991,14133.611570497991,570739.6792805704
Mod,Nom,Real,CH,Hhigh,HYD500,HYD500,5,NA,14,500,6016.566155539239,86726.59625965534,4585.18329,152.6852193,142.0973227,852.9664635999999,3266.787762,671.4203286,2736.687087,137435.8836,3260.558394,317.4842365,17643.36863,111071.04060000001,15016.286213139238,14304.639403139237,581694.5090563825
Mod,Nom,Real,CH,Hhigh,R,NA,NA,15.5,NA,NA,13342.604340707005,187428.47971748083,1446.5990679999998,68.83574087,7.49209138,81.53554633,0,81.53554633,0,38005.49814,1457.847647,27.444786409999995,158.6994977,0,14947.066787287004,14947.066787287004,713852.6545224799
Mod,Nom,Real,CH,Hhigh,Rb,NA,NA,6.5,NA,NA,4848.569644740477,63491.8318395177,592.3617435,28.43544,3.0325201669999995,33.67334362,0,33.67334362,0,15571.01523,602.2240592,11.226998269999998,64.61030624,0,5506.072692027477,5506.072692027477,244636.96090852184
Mod,Nom,Real,CH,Hhigh,Rl,NA,NA,9,NA,NA,8494.03469596653,123936.64787796309,854.2373242,40.40030087,4.459571213,47.86220271,0,47.86220271,0,22434.4829,855.6235876,16.21778814,94.08919150999999,0,9440.994094959528,9440.994094959528,469215.6936038078
Mod,Nom,Real,CH,Hlow,HP,NA,NA,NA,16,NA,5796.987079404544,52133.983889372954,2416.268872,60.37758576,139.0069502,470.3389292,1732.919147,293.5161418,648.0123878,59252.55446,1278.715391,2526.881406,19899.98516,9125.817241,10615.898563564544,9354.169016964544,279616.2698068236
Mod,Nom,Real,CH,Hlow,HPl,NA,NA,NA,9.5,NA,3191.196131831819,30384.908352926457,1125.633577,25.033918700000005,92.55989142000001,198.9448116,731.0956175,96.23967121000001,268.7770936,27216.43681,530.1844508,1382.9990530000002,5984.396923,5216.111359,5364.46394805182,4799.440283761819,149628.36008114697
Mod,Nom,Real,CH,Hlow,HYD1000,HYD1000,3,NA,14,1000,8775.544765904044,83246.25094076464,4908.774199,159.9847908,142.0973227,991.3755545,3266.787762,809.8294195,2736.687087,147395.6109,3441.14372,323.2115092,27779.68681,111071.04060000001,18244.564394904042,17532.91758490404,589457.6393692887
Mod,Nom,Real,CH,Hlow,HYD1000,HYD1000,4,NA,14,1000,8957.465464798282,86167.77864953432,4908.774199,159.9847908,142.0973227,991.3755545,3266.787762,809.8294195,2736.687087,147395.6109,3441.14372,323.2115092,27779.68681,111071.04060000001,18426.48509379828,17714.83828379828,599966.7318468774
Mod,Nom,Real,CH,Hlow,HYD1000,HYD1000,5,NA,14,1000,9176.440841307514,89225.34486557187,4908.774199,159.9847908,142.0973227,991.3755545,3266.787762,809.8294195,2736.687087,147395.6109,3441.14372,323.2115092,27779.68681,111071.04060000001,18645.460470307513,17933.81366030751,610965.1714729117
Mod,Nom,Real,CH,Hlow,HYD200,HYD200,3,NA,14,200,8363.121636558304,78854.50933416815,4249.18329,145.1322581,130.6427773,722.1937363,3266.787762,540.6476013,2736.687087,126822.2927,3073.70442,296.4842365,7144.323178,111071.04060000001,16877.0614602583,16165.414650258303,532057.159286184
Mod,Nom,Real,CH,Hlow,HYD200,HYD200,4,NA,14,200,8526.754787568116,81769.73770047183,4249.18329,145.1322581,130.6427773,722.1937363,3266.787762,540.6476013,2736.687087,126822.2927,3073.70442,296.4842365,7144.323178,111071.04060000001,17040.694611268118,16329.047801268116,542543.5922584994
Mod,Nom,Real,CH,Hlow,HYD200,HYD200,5,NA,14,200,8736.937867282637,84824.87249512762,4249.18329,145.1322581,130.6427773,722.1937363,3266.787762,540.6476013,2736.687087,126822.2927,3073.70442,296.4842365,7144.323178,111071.04060000001,17250.877690982634,16539.230880982635,553533.2857644554
Mod,Nom,Real,CH,Hlow,HYD500,HYD500,3,NA,14,500,8548.274578861929,80776.68906957305,4585.18329,152.6852193,142.0973227,852.9664635999999,3266.787762,671.4203286,2736.687087,137435.8836,3260.558394,317.4842365,17643.36863,111071.04060000001,17547.994636461928,16836.347826461926,560291.9652071656
Mod,Nom,Real,CH,Hlow,HYD500,HYD500,4,NA,14,500,8717.904963767354,83681.15358197957,4585.18329,152.6852193,142.0973227,852.9664635999999,3266.787762,671.4203286,2736.687087,137435.8836,3260.558394,317.4842365,17643.36863,111071.04060000001,17717.625021367352,17005.97821136735,570739.6792805704
Mod,Nom,Real,CH,Hlow,HYD500,HYD500,5,NA,14,500,8927.918344230775,86726.59625965534,4585.18329,152.6852193,142.0973227,852.9664635999999,3266.787762,671.4203286,2736.687087,137435.8836,3260.558394,317.4842365,17643.36863,111071.04060000001,17927.638401830773,17215.99159183077,581694.5090563825
Mod,Nom,Real,CH,Hlow,R,NA,NA,15.5,NA,NA,20352.88902879996,187428.47971748083,1446.5990679999998,68.83574087,7.49209138,81.53554633,0,81.53554633,0,38005.49814,1457.847647,27.444786409999995,158.6994977,0,21957.35147537996,21957.35147537996,713852.6545224799
Mod,Nom,Real,CH,Hlow,Rb,NA,NA,6.5,NA,NA,7505.923357464104,63491.8318395177,592.3617435,28.43544,3.0325201669999995,33.67334362,0,33.67334362,0,15571.01523,602.2240592,11.226998269999998,64.61030624,0,8163.426404751104,8163.426404751104,244636.96090852184
Mod,Nom,Real,CH,Hlow,Rl,NA,NA,9,NA,NA,12846.965671335856,123936.64787796309,854.2373242,40.40030087,4.459571213,47.86220271,0,47.86220271,0,22434.4829,855.6235876,16.21778814,94.08919150999999,0,13793.925070328854,13793.925070328854,469215.6936038078
NA,NA,NA,AK,Hhigh,NA,HP,1,NA,NA,135,256.12970660791893,5166.4689903923945,479.5114065,19.34982176,13.95159063,74.17019318,285.3529412,74.17019318,285.3529412,16543.06782,409.8029855,92.10192421,741.1764706,285.3529412,1128.465659877919,1128.465659877919,36655.92297025962
NA,NA,NA,AK,Hhigh,NA,HP,2,NA,NA,135,373.90674914550465,7514.524964540029,479.5114065,19.34982176,13.95159063,74.17019318,285.3529412,74.17019318,285.3529412,16543.06782,409.8029855,92.10192421,741.1764706,285.3529412,1246.2427024155047,1246.2427024155047,45102.16748158205
NA,NA,NA,AK,Hhigh,NA,HP,3,NA,NA,180,521.2753323957844,10243.423729984592,543.696683,24.404181279999996,17.98784422,81.10948345,285.3529412,81.10948345,285.3529412,17918.46961,516.8474663,136.149074,741.1764706,285.3529412,1473.8264655457845,1473.8264655457845,56444.84351168486
NA,NA,NA,AK,Hhigh,NA,HP,4,NA,NA,300,695.1463063644949,13820.29204270736,715.28243,37.88247335,28.75118714,99.6142575,285.3529412,99.6142575,285.3529412,21586.20772,802.2994150000001,253.60814010000001,741.1764706,285.3529412,1862.0295955544948,1862.0295955544948,73381.92541606315
NA,NA,NA,AK,Hhigh,NA,HP,5,NA,NA,300,826.5755675727804,16183.530411608515,715.28243,37.88247335,28.75118714,99.6142575,285.3529412,99.6142575,285.3529412,21586.20772,802.2994150000001,253.60814010000001,741.1764706,285.3529412,1993.4588567627802,1993.4588567627802,81882.78285815365
NA,NA,NA,AK,Hhigh,NA,HPo,1,NA,NA,162,268.0278734626039,5385.8596739292525,517.9205701,22.38243748,16.37334279,78.33376735,285.3529412,78.33376735,285.3529412,17368.3089,474.029674,118.53021410000001,741.1764706,285.3529412,1188.390932382604,1188.390932382604,38360.9941492858
NA,NA,NA,AK,Hhigh,NA,HPo,2,NA,NA,162,385.1516824813883,7729.809516845914,517.9205701,22.38243748,16.37334279,78.33376735,285.3529412,78.33376735,285.3529412,17368.3089,474.029674,118.53021410000001,741.1764706,285.3529412,1305.5147414013884,1305.5147414013884,46792.4684043817
NA,NA,NA,AK,Hhigh,NA,HPo,3,NA,NA,216,540.9963328787766,10602.749211095743,595.2489089,28.4476689,21.2168471,86.66091566999998,285.3529412,86.66091566999998,285.3529412,19018.79105,602.4830509,171.3867938,741.1764706,285.3529412,1557.9236146487765,1557.9236146487765,58958.57595792353
NA,NA,NA,AK,Hhigh,NA,HPo,4,NA,NA,360,730.4272654170271,14469.15649293684,800.9478006000002,44.62161938,34.1328586,108.86664449999999,285.3529412,108.86664449999999,285.3529412,23420.07678,945.0253894,312.3376732,741.1764706,285.3529412,2004.3491296970271,2004.3491296970271,77751.2947685613
NA,NA,NA,AK,Hhigh,NA,HPo,5,NA,NA,360,861.3353796392408,16829.280034904114,800.9478006000002,44.62161938,34.1328586,108.86664449999999,285.3529412,108.86664449999999,285.3529412,23420.07678,945.0253894,312.3376732,741.1764706,285.3529412,2135.257243919241,2135.257243919241,86240.94779722056
NA,NA,NA,AK,Hlow,NA,HP,1,NA,NA,135,343.8282915146687,5166.4689903923945,479.5114065,19.34982176,13.95159063,74.17019318,285.3529412,74.17019318,285.3529412,16543.06782,409.8029855,92.10192421,741.1764706,285.3529412,1216.1642447846689,1216.1642447846689,36655.92297025962
NA,NA,NA,AK,Hlow,NA,HP,2,NA,NA,135,502.83660779046505,7514.524964540029,479.5114065,19.34982176,13.95159063,74.17019318,285.3529412,74.17019318,285.3529412,16543.06782,409.8029855,92.10192421,741.1764706,285.3529412,1375.1725610604651,1375.1725610604651,45102.16748158205
NA,NA,NA,AK,Hlow,NA,HP,3,NA,NA,180,705.994769745393,10243.423729984592,543.696683,24.404181279999996,17.98784422,81.10948345,285.3529412,81.10948345,285.3529412,17918.46961,516.8474663,136.149074,741.1764706,285.3529412,1658.545902895393,1658.545902895393,56444.84351168486
NA,NA,NA,AK,Hlow,NA,HP,4,NA,NA,300,915.0048648111141,13820.29204270736,715.28243,37.88247335,28.75118714,99.6142575,285.3529412,99.6142575,285.3529412,21586.20772,802.2994150000001,253.60814010000001,741.1764706,285.3529412,2081.888154001114,2081.888154001114,73381.92541606315
NA,NA,NA,AK,Hlow,NA,HP,5,NA,NA,300,1072.770125271322,16183.530411608515,715.28243,37.88247335,28.75118714,99.6142575,285.3529412,99.6142575,285.3529412,21586.20772,802.2994150000001,253.60814010000001,741.1764706,285.3529412,2239.653414461322,2239.653414461322,81882.78285815365
NA,NA,NA,AK,Hlow,NA,HPo,1,NA,NA,162,358.8838027592645,5385.8596739292525,517.9205701,22.38243748,16.37334279,78.33376735,285.3529412,78.33376735,285.3529412,17368.3089,474.029674,118.53021410000001,741.1764706,285.3529412,1279.2468616792646,1279.2468616792646,38360.9941492858
NA,NA,NA,AK,Hlow,NA,HPo,2,NA,NA,162,517.394273705597,7729.809516845914,517.9205701,22.38243748,16.37334279,78.33376735,285.3529412,78.33376735,285.3529412,17368.3089,474.029674,118.53021410000001,741.1764706,285.3529412,1437.7573326255967,1437.7573326255967,46792.4684043817
NA,NA,NA,AK,Hlow,NA,HPo,3,NA,NA,216,731.2300471067792,10602.749211095743,595.2489089,28.4476689,21.2168471,86.66091566999998,285.3529412,86.66091566999998,285.3529412,19018.79105,602.4830509,171.3867938,741.1764706,285.3529412,1748.1573288767793,1748.1573288767793,58958.57595792353
NA,NA,NA,AK,Hlow,NA,HPo,4,NA,NA,360,959.5863657311893,14469.15649293684,800.9478006000002,44.62161938,34.1328586,108.86664449999999,285.3529412,108.86664449999999,285.3529412,23420.07678,945.0253894,312.3376732,741.1764706,285.3529412,2233.5082300111894,2233.5082300111894,77751.2947685613
NA,NA,NA,AK,Hlow,NA,HPo,5,NA,NA,360,1117.7550202132004,16829.280034904114,800.9478006000002,44.62161938,34.1328586,108.86664449999999,285.3529412,108.86664449999999,285.3529412,23420.07678,945.0253894,312.3376732,741.1764706,285.3529412,2391.6768844932003,2391.6768844932003,86240.94779722056
NA,NA,NA,CH,Hhigh,NA,HP,1,NA,NA,135,285.16006687805327,5613.100378181395,479.5114065,19.34982176,13.95159063,74.17019318,285.3529412,74.17019318,285.3529412,16543.06782,409.8029855,92.10192421,741.1764706,285.3529412,1157.4960201480533,1157.4960201480533,38262.51069611933
NA,NA,NA,CH,Hhigh,NA,HP,2,NA,NA,135,410.705668707324,8094.017434820493,479.5114065,19.34982176,13.95159063,74.17019318,285.3529412,74.17019318,285.3529412,16543.06782,409.8029855,92.10192421,741.1764706,285.3529412,1283.041621977324,1283.041621977324,47186.672770360696
NA,NA,NA,CH,Hhigh,NA,HP,3,NA,NA,180,572.652188228487,11028.359986504545,543.696683,24.404181279999996,17.98784422,81.10948345,285.3529412,81.10948345,285.3529412,17918.46961,516.8474663,136.149074,741.1764706,285.3529412,1525.203321378487,1525.203321378487,59268.35522578542
NA,NA,NA,CH,Hhigh,NA,HP,4,NA,NA,300,767.4551165755622,14942.69083791936,715.28243,37.88247335,28.75118714,99.6142575,285.3529412,99.6142575,285.3529412,21586.20772,802.2994150000001,253.60814010000001,741.1764706,285.3529412,1934.3384057655621,1934.3384057655621,77419.33115423583
NA,NA,NA,CH,Hhigh,NA,HP,5,NA,NA,300,905.9477748802306,17419.229602870808,715.28243,37.88247335,28.75118714,99.6142575,285.3529412,99.6142575,285.3529412,21586.20772,802.2994150000001,253.60814010000001,741.1764706,285.3529412,2072.8310640702302,2072.8310640702302,86327.74397780218
NA,NA,NA,CH,Hhigh,NA,HPo,1,NA,NA,162,299.0705576661079,5868.886460572422,517.9205701,22.38243748,16.37334279,78.33376735,285.3529412,78.33376735,285.3529412,17368.3089,474.029674,118.53021410000001,741.1764706,285.3529412,1219.433616586108,1219.433616586108,40098.50057605979
NA,NA,NA,CH,Hhigh,NA,HPo,2,NA,NA,162,424.49292635370784,8344.78428691025,517.9205701,22.38243748,16.37334279,78.33376735,285.3529412,78.33376735,285.3529412,17368.3089,474.029674,118.53021410000001,741.1764706,285.3529412,1344.8559852737078,1344.8559852737078,49004.60786504478
NA,NA,NA,CH,Hhigh,NA,HPo,3,NA,NA,216,595.8291826842859,11448.49437574296,595.2489089,28.4476689,21.2168471,86.66091566999998,285.3529412,86.66091566999998,285.3529412,19018.79105,602.4830509,171.3867938,741.1764706,285.3529412,1612.7564644542858,1612.7564644542858,62000.82475161856
NA,NA,NA,CH,Hhigh,NA,HPo,4,NA,NA,360,809.9247211358808,15698.429337078842,800.9478006000002,44.62161938,34.1328586,108.86664449999999,285.3529412,108.86664449999999,285.3529412,23420.07678,945.0253894,312.3376732,741.1764706,285.3529412,2083.846585415881,2083.846585415881,82173.13953166203
NA,NA,NA,CH,Hhigh,NA,HPo,5,NA,NA,360,947.611861038259,18171.889387852523,800.9478006000002,44.62161938,34.1328586,108.86664449999999,285.3529412,108.86664449999999,285.3529412,23420.07678,945.0253894,312.3376732,741.1764706,285.3529412,2221.533725318259,2221.533725318259,91070.47784379758
NA,NA,NA,CH,Hlow,NA,HP,1,NA,NA,135,382.2702647423449,5613.100378181395,479.5114065,19.34982176,13.95159063,74.17019318,285.3529412,74.17019318,285.3529412,16543.06782,409.8029855,92.10192421,741.1764706,285.3529412,1254.606218012345,1254.606218012345,38262.51069611933
NA,NA,NA,CH,Hlow,NA,HP,2,NA,NA,135,552.1646766371865,8094.017434820493,479.5114065,19.34982176,13.95159063,74.17019318,285.3529412,74.17019318,285.3529412,16543.06782,409.8029855,92.10192421,741.1764706,285.3529412,1424.5006299071867,1424.5006299071867,47186.672770360696
NA,NA,NA,CH,Hlow,NA,HP,3,NA,NA,180,775.2776847005308,11028.359986504545,543.696683,24.404181279999996,17.98784422,81.10948345,285.3529412,81.10948345,285.3529412,17918.46961,516.8474663,136.149074,741.1764706,285.3529412,1727.8288178505309,1727.8288178505309,59268.35522578542
NA,NA,NA,CH,Hlow,NA,HP,4,NA,NA,300,1010.9506795865155,14942.69083791936,715.28243,37.88247335,28.75118714,99.6142575,285.3529412,99.6142575,285.3529412,21586.20772,802.2994150000001,253.60814010000001,741.1764706,285.3529412,2177.8339687765156,2177.8339687765156,77419.33115423583
NA,NA,NA,CH,Hlow,NA,HP,5,NA,NA,300,1176.014366881917,17419.229602870808,715.28243,37.88247335,28.75118714,99.6142575,285.3529412,99.6142575,285.3529412,21586.20772,802.2994150000001,253.60814010000001,741.1764706,285.3529412,2342.897656071917,2342.897656071917,86327.74397780218
NA,NA,NA,CH,Hlow,NA,HPo,1,NA,NA,162,399.83850397114065,5868.886460572422,517.9205701,22.38243748,16.37334279,78.33376735,285.3529412,78.33376735,285.3529412,17368.3089,474.029674,118.53021410000001,741.1764706,285.3529412,1320.2015628911406,1320.2015628911406,40098.50057605979
NA,NA,NA,CH,Hlow,NA,HPo,2,NA,NA,162,569.5560944265709,8344.78428691025,517.9205701,22.38243748,16.37334279,78.33376735,285.3529412,78.33376735,285.3529412,17368.3089,474.029674,118.53021410000001,741.1764706,285.3529412,1489.9191533465707,1489.9191533465707,49004.60786504478
NA,NA,NA,CH,Hlow,NA,HPo,3,NA,NA,216,805.3307034410221,11448.49437574296,595.2489089,28.4476689,21.2168471,86.66091566999998,285.3529412,86.66091566999998,285.3529412,19018.79105,602.4830509,171.3867938,741.1764706,285.3529412,1822.257985211022,1822.257985211022,62000.82475161856
NA,NA,NA,CH,Hlow,NA,HPo,4,NA,NA,360,1064.1612767913914,15698.429337078842,800.9478006000002,44.62161938,34.1328586,108.86664449999999,285.3529412,108.86664449999999,285.3529412,23420.07678,945.0253894,312.3376732,741.1764706,285.3529412,2338.0831410713913,2338.0831410713913,82173.13953166203
NA,NA,NA,CH,Hlow,NA,HPo,5,NA,NA,360,1229.5250819090647,18171.889387852523,800.9478006000002,44.62161938,34.1328586,108.86664449999999,285.3529412,108.86664449999999,285.3529412,23420.07678,945.0253894,312.3376732,741.1764706,285.3529412,2503.4469461890644,2503.4469461890644,91070.47784379758
NA,NA,NA,NA,Hhigh,NA,R,1,NA,NA,135,1030.1819572463235,21205.8,190.9509894,3.783646588,4.027399057,22.43667136,0,22.43667136,0,3702.7095199999994,93.60426822,55.69049951000001,17.83232398,0,1251.3806636513234,1251.3806636513234,80149.69272681791
NA,NA,NA,NA,Hhigh,NA,R,2,NA,NA,135,1524.447493760852,31212.300000000003,190.9509894,3.783646588,4.027399057,22.43667136,0,22.43667136,0,3702.7095199999994,93.60426822,55.69049951000001,17.83232398,0,1745.646200165852,1745.646200165852,116144.29704336468
NA,NA,NA,NA,Hhigh,NA,R,3,NA,NA,180,2134.7957259742725,42598.5,234.8663891,4.540375906,4.953630649,27.59671475,0,27.59671475,0,4554.268178,112.3251219,68.49834382,21.93344771,0,2406.7528363792726,2406.7528363792726,157989.03947991921
NA,NA,NA,NA,Hhigh,NA,R,4,NA,NA,300,2835.3154676605827,57355.2,407.89785810000006,6.558320753,8.603084246,47.92784903,0,47.92784903,0,7909.502259999999,162.2473983,118.96264870000002,38.09232294,0,3306.3025797895825,3306.3025797895825,214542.47369468817
NA,NA,NA,NA,Hhigh,NA,R,5,NA,NA,300,3390.9851177021746,67381.65000000001,407.89785810000006,6.558320753,8.603084246,47.92784903,0,47.92784903,0,7909.502259999999,162.2473983,118.96264870000002,38.09232294,0,3861.9722298311744,3861.9722298311744,250608.84060116304
NA,NA,NA,NA,Hhigh,NA,Ro,1,NA,NA,162,1074.5801378927295,22035.3,216.2027869,4.116960628,4.559991558,25.40374832,0,25.40374832,0,4192.364332,101.85018020000001,63.05513908,20.19051146,0,1324.8636252987296,1324.8636252987296,83641.12922748817
NA,NA,NA,NA,Hhigh,NA,Ro,2,NA,NA,162,1565.5859365008175,32027.1,216.2027869,4.116960628,4.559991558,25.40374832,0,25.40374832,0,4192.364332,101.85018020000001,63.05513908,20.19051146,0,1815.8694239068177,1815.8694239068177,119582.85584619321
NA,NA,NA,NA,Hhigh,NA,Ro,3,NA,NA,216,2204.6578368206306,43950.9,277.1660528,5.170983671,5.845784319,32.56690976,0,32.56690976,0,5374.496281,127.9258332,80.83496177,25.88368285,0,2525.40756737063,2525.40756737063,163705.90334874802
NA,NA,NA,NA,Hhigh,NA,Ro,4,NA,NA,360,2963.0774215373053,59791.2,537.5473211,7.693414729,11.3375562,63.16161347,0,63.16161347,0,10423.52066,190.3286787,156.7746724,50.19988643000001,0,3582.817327036305,3582.817327036305,225897.08289033573
NA,NA,NA,NA,Hhigh,NA,Ro,5,NA,NA,360,3518.238433251874,69807.15000000001,537.5473211,7.693414729,11.3375562,63.16161347,0,63.16161347,0,10423.52066,190.3286787,156.7746724,50.19988643000001,0,4137.978338750874,4137.978338750874,261925.68001263792
NA,NA,NA,NA,Hlow,NA,R,1,NA,NA,135,1359.133844873735,21205.8,190.9509894,3.783646588,4.027399057,22.43667136,0,22.43667136,0,3702.7095199999994,93.60426822,55.69049951000001,17.83232398,0,1580.3325512787349,1580.3325512787349,80149.69272681791
NA,NA,NA,NA,Hlow,NA,R,2,NA,NA,135,2023.1238450321896,31212.300000000003,190.9509894,3.783646588,4.027399057,22.43667136,0,22.43667136,0,3702.7095199999994,93.60426822,55.69049951000001,17.83232398,0,2244.3225514371898,2244.3225514371898,116144.29704336468
NA,NA,NA,NA,Hlow,NA,R,3,NA,NA,180,2848.745809973542,42598.5,234.8663891,4.540375906,4.953630649,27.59671475,0,27.59671475,0,4554.268178,112.3251219,68.49834382,21.93344771,0,3120.702920378542,3120.702920378542,157989.03947991921
NA,NA,NA,NA,Hlow,NA,R,4,NA,NA,300,3668.703264723603,57355.2,407.89785810000006,6.558320753,8.603084246,47.92784903,0,47.92784903,0,7909.502259999999,162.2473983,118.96264870000002,38.09232294,0,4139.690376852603,4139.690376852603,214542.47369468817
NA,NA,NA,NA,Hlow,NA,R,5,NA,NA,300,4323.690124603624,67381.65000000001,407.89785810000006,6.558320753,8.603084246,47.92784903,0,47.92784903,0,7909.502259999999,162.2473983,118.96264870000002,38.09232294,0,4794.677236732625,4794.677236732625,250608.84060116304
NA,NA,NA,NA,Hlow,NA,Ro,1,NA,NA,162,1413.048195907527,22035.3,216.2027869,4.116960628,4.559991558,25.40374832,0,25.40374832,0,4192.364332,101.85018020000001,63.05513908,20.19051146,0,1663.3316833135273,1663.3316833135273,83641.12922748817
NA,NA,NA,NA,Hlow,NA,Ro,2,NA,NA,162,2074.4303453906646,32027.1,216.2027869,4.116960628,4.559991558,25.40374832,0,25.40374832,0,4192.364332,101.85018020000001,63.05513908,20.19051146,0,2324.7138327966645,2324.7138327966645,119582.85584619321
NA,NA,NA,NA,Hlow,NA,Ro,3,NA,NA,216,2933.592359600612,43950.9,277.1660528,5.170983671,5.845784319,32.56690976,0,32.56690976,0,5374.496281,127.9258332,80.83496177,25.88368285,0,3254.3420901506115,3254.3420901506115,163705.90334874802
NA,NA,NA,NA,Hlow,NA,Ro,4,NA,NA,360,3828.0899714835336,59791.2,537.5473211,7.693414729,11.3375562,63.16161347,0,63.16161347,0,10423.52066,190.3286787,156.7746724,50.19988643000001,0,4447.829876982534,4447.829876982534,225897.08289033573
NA,NA,NA,NA,Hlow,NA,Ro,5,NA,NA,360,4481.7214125921255,69807.15000000001,537.5473211,7.693414729,11.3375562,63.16161347,0,63.16161347,0,10423.52066,190.3286787,156.7746724,50.19988643000001,0,5101.461318091126,5101.461318091126,261925.68001263792
