house_type,insulation,schedule,Loc_code,Hydro_resource,SH_code,DW_code,Occ_code,R_cap,HP_cap,Tank_Volume (L),kgCO2_oper_life,P_annual_kWh_life,kgCO2_manuf_life,kgCO2_dist_life,kgCO2_inst_life,kgCO2_eol_life,kgCO2_other_life,kgCO2_EOL_S_life,kgCO2_Other_S_life,MJ_manuf_life,MJ_dist_life,MJ_inst_life,MJ_eol_life,MJ_other_life,kgCO2_total_life,kgCO2_total_life_R,MJ_total_life
Mass,H1,Ideal,AK,Hhigh,HP,NA,NA,NA,6.5,NA,228.33483872618598,2855.0548309277096,1215.547618,27.44847036,76.31200903,241.3279934,1264.174085,85.71820780999998,480.35241140000005,32134.63109,581.3213807,1385.819188,6795.395899,7331.117876,3053.145014516186,2113.713555326186,58498.26683991478
Mass,H1,Ideal,AK,Hhigh,HPl,NA,NA,NA,4.5,NA,198.63053126433698,2529.423166391112,793.8182066,16.69170212,44.5649502,147.322111,615.6446734,65.82997252,283.9406467,17752.10168,353.5076162,775.5838942,2636.160605,3421.411994,1816.672174584337,1403.4760094043368,34037.41027282127
Mass,H1,Ideal,AK,Hhigh,HYD1000,HYD1000,3,NA,5,1000,1160.446641318504,19472.846563073326,3529.373143,120.3758619,110.2336872,694.3871549,1914.8617479999998,586.2123397,1564.740503,109067.607,2602.280317,194.4919868,25296.23871,57321.96113000001,7529.678236318503,7071.382176118504,264528.7898023372
Mass,H1,Ideal,AK,Hhigh,HYD1000,HYD1000,4,NA,5,1000,1299.2965848776114,22373.148518637863,3529.373143,120.3758619,110.2336872,694.3871549,1914.8617479999998,586.2123397,1564.740503,109067.607,2602.280317,194.4919868,25296.23871,57321.96113000001,7668.5281798776105,7210.232119677611,274961.5306496916
Mass,H1,Ideal,AK,Hhigh,HYD1000,HYD1000,5,NA,5,1000,1460.4700374222261,25309.113823383097,3529.373143,120.3758619,110.2336872,694.3871549,1914.8617479999998,586.2123397,1564.740503,109067.607,2602.280317,194.4919868,25296.23871,57321.96113000001,7829.701632422224,7371.405572222225,285522.5569257536
Mass,H1,Ideal,AK,Hhigh,HYD200,HYD200,3,NA,8.5,200,1019.8628182822268,16985.381365412137,3028.14694,111.70017279999999,108.6154548,484.7662779,2002.420748,334.7054195,1549.553277,89913.64324,2365.658189,177.6010271,4660.875072,57409.52012999999,6755.512411782227,6152.584082382227,215625.79177828753
Mass,H1,Ideal,AK,Hhigh,HYD200,HYD200,4,NA,8.5,200,1152.9112015817059,19954.37495369954,3028.14694,111.70017279999999,108.6154548,484.7662779,2002.420748,334.7054195,1549.553277,89913.64324,2365.658189,177.6010271,4660.875072,57409.52012999999,6888.560795081707,6285.632465681706,226305.62482968107
Mass,H1,Ideal,AK,Hhigh,HYD200,HYD200,5,NA,8.5,200,1316.92392676822,23055.005108828525,3028.14694,111.70017279999999,108.6154548,484.7662779,2002.420748,334.7054195,1549.553277,89913.64324,2365.658189,177.6010271,4660.875072,57409.52012999999,7052.573520268221,6449.64519086822,237458.97071144
Mass,H1,Ideal,AK,Hhigh,HYD500,HYD500,3,NA,5,500,1048.0371812258468,17526.5985520008,3205.782234,113.0762903,110.2336872,555.978064,1914.8617479999998,447.80324880000006,1564.740503,99107.87975,2421.694991,188.764714,15159.92053,57321.96113000001,6947.969204725847,6489.6731445258465,237245.53964737698
Mass,H1,Ideal,AK,Hhigh,HYD500,HYD500,4,NA,5,500,1181.8279749648925,20442.409335086402,3205.782234,113.0762903,110.2336872,555.978064,1914.8617479999998,447.80324880000006,1564.740503,99107.87975,2421.694991,188.764714,15159.92053,57321.96113000001,7081.759998464891,6623.463938264892,247734.06764408777
Mass,H1,Ideal,AK,Hhigh,HYD500,HYD500,5,NA,5,500,1338.55886764113,23395.034389350934,3205.782234,113.0762903,110.2336872,555.978064,1914.8617479999998,447.80324880000006,1564.740503,99107.87975,2421.694991,188.764714,15159.92053,57321.96113000001,7238.490891141129,6780.19483094113,258355.021076694
Mass,H1,Ideal,AK,Hhigh,R,NA,NA,7,NA,NA,903.466306215457,11317.613790472351,762.7565478000001,34.39267655,4.221680447,40.8013688,0,40.8013688,0,19975.70971,728.390251,14.55723013,86.55247726999998,0,1745.6385798124572,1745.6385798124572,61516.05064132212
Mass,H1,Ideal,AK,Hhigh,Rb,NA,NA,2,NA,NA,159.07880280447117,1814.3390296115833,239.0053865,10.46295479,1.367578355,12.423650609999997,0,12.423650609999997,0,6248.774369,221.5911942,4.575650373,27.59470672,0,422.3383730594711,422.3383730594711,13028.935307385027
Mass,H1,Ideal,AK,Hhigh,Rl,NA,NA,5,NA,NA,744.3875034109861,9503.274760860771,523.7511613,23.92972175,2.854102092,28.37771819,0,28.37771819,0,13726.93534,506.7990568,9.981579754,58.95777055,0,1323.3002067429861,1323.3002067429861,48487.1153329341
Mass,H1,Ideal,AK,Hlow,HP,NA,NA,NA,6.5,NA,338.47870934906086,2855.0548309277096,1215.547618,27.44847036,76.31200903,241.3279934,1264.174085,85.71820780999998,480.35241140000005,32134.63109,581.3213807,1385.819188,6795.395899,7331.117876,3163.2888851390608,2223.857425949061,58498.26683991478
Mass,H1,Ideal,AK,Hlow,HPl,NA,NA,NA,4.5,NA,294.14839087820826,2529.423166391112,793.8182066,16.69170212,44.5649502,147.322111,615.6446734,65.82997252,283.9406467,17752.10168,353.5076162,775.5838942,2636.160605,3421.411994,1912.1900341982082,1498.993869018208,34037.41027282127
Mass,H1,Ideal,AK,Hlow,HYD1000,HYD1000,3,NA,5,1000,1573.1172861535613,19472.846563073326,3529.373143,120.3758619,110.2336872,694.3871549,1914.8617479999998,586.2123397,1564.740503,109067.607,2602.280317,194.4919868,25296.23871,57321.96113000001,7942.348881153561,7484.052820953561,264528.7898023372
Mass,H1,Ideal,AK,Hlow,HYD1000,HYD1000,4,NA,5,1000,1732.900651182771,22373.148518637863,3529.373143,120.3758619,110.2336872,694.3871549,1914.8617479999998,586.2123397,1564.740503,109067.607,2602.280317,194.4919868,25296.23871,57321.96113000001,8102.132246182769,7643.83618598277,274961.5306496916
Mass,H1,Ideal,AK,Hlow,HYD1000,HYD1000,5,NA,5,1000,1929.8593446194363,25309.113823383097,3529.373143,120.3758619,110.2336872,694.3871549,1914.8617479999998,586.2123397,1564.740503,109067.607,2602.280317,194.4919868,25296.23871,57321.96113000001,8299.090939619435,7840.794879419435,285522.5569257536
Mass,H1,Ideal,AK,Hlow,HYD200,HYD200,3,NA,8.5,200,1411.166293626023,16985.381365412137,3028.14694,111.70017279999999,108.6154548,484.7662779,2002.420748,334.7054195,1549.553277,89913.64324,2365.658189,177.6010271,4660.875072,57409.52012999999,7146.815887126024,6543.887557726023,215625.79177828753
Mass,H1,Ideal,AK,Hlow,HYD200,HYD200,4,NA,8.5,200,1565.675574414952,19954.37495369954,3028.14694,111.70017279999999,108.6154548,484.7662779,2002.420748,334.7054195,1549.553277,89913.64324,2365.658189,177.6010271,4660.875072,57409.52012999999,7301.3251679149525,6698.396838514952,226305.62482968107
Mass,H1,Ideal,AK,Hlow,HYD200,HYD200,5,NA,8.5,200,1771.4359150314751,23055.005108828525,3028.14694,111.70017279999999,108.6154548,484.7662779,2002.420748,334.7054195,1549.553277,89913.64324,2365.658189,177.6010271,4660.875072,57409.52012999999,7507.085508531476,6904.1571791314755,237458.97071144
Mass,H1,Ideal,AK,Hlow,HYD500,HYD500,3,NA,5,500,1429.16427861337,17526.5985520008,3205.782234,113.0762903,110.2336872,555.978064,1914.8617479999998,447.80324880000006,1564.740503,99107.87975,2421.694991,188.764714,15159.92053,57321.96113000001,7329.09630211337,6870.80024191337,237245.53964737698
Mass,H1,Ideal,AK,Hlow,HYD500,HYD500,4,NA,5,500,1581.8805803117502,20442.409335086402,3205.782234,113.0762903,110.2336872,555.978064,1914.8617479999998,447.80324880000006,1564.740503,99107.87975,2421.694991,188.764714,15159.92053,57321.96113000001,7481.81260381175,7023.51654361175,247734.06764408777
Mass,H1,Ideal,AK,Hlow,HYD500,HYD500,5,NA,5,500,1774.2266262186956,23395.034389350934,3205.782234,113.0762903,110.2336872,555.978064,1914.8617479999998,447.80324880000006,1564.740503,99107.87975,2421.694991,188.764714,15159.92053,57321.96113000001,7674.1586497186945,7215.862589518695,258355.021076694
Mass,H1,Ideal,AK,Hlow,R,NA,NA,7,NA,NA,1337.298637190118,11317.613790472351,762.7565478000001,34.39267655,4.221680447,40.8013688,0,40.8013688,0,19975.70971,728.390251,14.55723013,86.55247726999998,0,2179.470910787118,2179.470910787118,61516.05064132212
Mass,H1,Ideal,AK,Hlow,Rb,NA,NA,2,NA,NA,236.6724407170544,1814.3390296115833,239.0053865,10.46295479,1.367578355,12.423650609999997,0,12.423650609999997,0,6248.774369,221.5911942,4.575650373,27.59470672,0,499.9320109720544,499.9320109720544,13028.935307385027
Mass,H1,Ideal,AK,Hlow,Rl,NA,NA,5,NA,NA,1100.6261964730636,9503.274760860771,523.7511613,23.92972175,2.854102092,28.37771819,0,28.37771819,0,13726.93534,506.7990568,9.981579754,58.95777055,0,1679.5388998050635,1679.5388998050635,48487.1153329341
Mass,H1,Ideal,CH,Hhigh,HP,NA,NA,NA,8,NA,978.6284355735069,12271.199480267622,1248.729155,28.28269202,81.11150315,246.4902634,1275.71918,84.80252784,473.4802876,33081.0646,598.9890642,1446.560704,7130.219531,7510.587813,3858.961229143507,2895.0346011835068,93908.42703690367
Mass,H1,Ideal,CH,Hhigh,HPl,NA,NA,NA,5,NA,610.3097132808633,7962.039772749726,826.9997436999998,17.52592378,49.36444432999999,152.484381,627.1897679,64.91429254,277.0685229,18698.53519,371.1752997,836.32541,2970.9842370000006,3600.88193,2283.8739739908633,1846.1826405308632,55118.33290392923
Mass,H1,Ideal,CH,Hhigh,HYD1000,HYD1000,3,NA,5,1000,2321.706604265727,33961.96797018283,3677.333192,124.0935889,112.32240350000001,717.9529673000001,2096.290777,609.77815210000006,1746.169532,114086.819,2681.016733,217.3684033,25655.336800000005,65734.59143,9049.699532965727,8591.403472765727,330540.4847770296
Mass,H1,Ideal,CH,Hhigh,HYD1000,HYD1000,4,NA,5,1000,2485.212477119763,37111.047744209965,3677.333192,124.0935889,112.32240350000001,717.9529673000001,2096.290777,609.77815210000006,1746.169532,114086.819,2681.016733,217.3684033,25655.336800000005,65734.59143,9213.205405819765,8754.909345619762,341868.1098634581
Mass,H1,Ideal,CH,Hhigh,HYD1000,HYD1000,5,NA,5,1000,2662.6577364287664,40262.973409347505,3677.333192,124.0935889,112.32240350000001,717.9529673000001,2096.290777,609.77815210000006,1746.169532,114086.819,2681.016733,217.3684033,25655.336800000005,65734.59143,9390.650665128767,8932.354604928765,353205.97196826944
Mass,H1,Ideal,CH,Hhigh,HYD200,HYD200,3,NA,11.2,200,1988.494729085808,28570.852770529444,3294.880518,120.05053259999998,118.0814058,553.0027961,2249.519027,382.4415344,1746.3641830000001,95997.37103,2542.507485,207.8546784,5019.973165,65887.81968,8324.029008585807,7650.3129028858075,272428.377730952
Mass,H1,Ideal,CH,Hhigh,HYD200,HYD200,4,NA,11.2,200,2125.964163182477,31386.12611125514,3294.880518,120.05053259999998,118.0814058,553.0027961,2249.519027,382.4415344,1746.3641830000001,95997.37103,2542.507485,207.8546784,5019.973165,65887.81968,8461.498442682476,7787.782336982476,282555.260251548
Mass,H1,Ideal,CH,Hhigh,HYD200,HYD200,5,NA,11.2,200,2282.729537960943,34333.47443431575,3294.880518,120.05053259999998,118.0814058,553.0027961,2249.519027,382.4415344,1746.3641830000001,95997.37103,2542.507485,207.8546784,5019.973165,65887.81968,8618.263817460942,7944.547711760943,293157.2326366581
Mass,H1,Ideal,CH,Hhigh,HYD500,HYD500,3,NA,6,500,2054.741310039151,30418.85844581611,3393.333459,118.33822830000001,114.78148169999999,594.4341117,2118.180527,473.26694900000007,1736.189128,104481.93029999999,2533.135701,214.10020880000002,15519.01862,65756.48118,8393.80911773915,7890.650556039151,297925.02013144066
Mass,H1,Ideal,CH,Hhigh,HYD500,HYD500,4,NA,6,500,2205.9420060156713,33520.43368169569,3393.333459,118.33822830000001,114.78148169999999,594.4341117,2118.180527,473.26694900000007,1736.189128,104481.93029999999,2533.135701,214.10020880000002,15519.01862,65756.48118,8545.009813715671,8041.851252015671,309081.7655842449
Mass,H1,Ideal,CH,Hhigh,HYD500,HYD500,5,NA,6,500,2377.9895859126723,36736.55883260742,3393.333459,118.33822830000001,114.78148169999999,594.4341117,2118.180527,473.26694900000007,1736.189128,104481.93029999999,2533.135701,214.10020880000002,15519.01862,65756.48118,8717.057393612673,8213.898831912673,320650.56109112164
Mass,H1,Ideal,CH,Hhigh,R,NA,NA,8.5,NA,NA,3142.274161554724,40291.66486860519,831.3671301,38.89839479,4.400098522,46.09699423,0,46.09699423,0,21819.789600000004,823.8152535,15.80264864,92.20501295,0,4063.0367791967237,4063.0367791967237,167685.65880503674
Mass,H1,Ideal,CH,Hhigh,Rb,NA,NA,3.5,NA,NA,1180.252229298314,14038.187304758125,307.6159688,14.96867304,1.545996429,17.71927605,0,17.71927605,0,8092.854267,317.0161967,5.821068885,33.2472424,0,1522.1021436173141,1522.1021436173141,58946.015410805594
Mass,H1,Ideal,CH,Hhigh,Rl,NA,NA,5,NA,NA,1962.02193225641,26253.477563847075,523.7511613,23.92972175,2.854102092,28.37771819,0,28.37771819,0,13726.93534,506.7990568,9.981579754,58.95777055,0,2540.9346355884104,2540.9346355884104,108739.64340123016
Mass,H1,Ideal,CH,Hlow,HP,NA,NA,NA,8,NA,1394.229352355775,12271.199480267622,1248.729155,28.28269202,81.11150315,246.4902634,1275.71918,84.80252784,473.4802876,33081.0646,598.9890642,1446.560704,7130.219531,7510.587813,4274.5621459257745,3310.635517965775,93908.42703690367
Mass,H1,Ideal,CH,Hlow,HPl,NA,NA,NA,5,NA,862.9067629031346,7962.039772749726,826.9997436999998,17.52592378,49.36444432999999,152.484381,627.1897679,64.91429254,277.0685229,18698.53519,371.1752997,836.32541,2970.9842370000006,3600.88193,2536.4710236131345,2098.779690153134,55118.33290392923
Mass,H1,Ideal,CH,Hlow,HYD1000,HYD1000,3,NA,5,1000,3184.439367400159,33961.96797018283,3677.333192,124.0935889,112.32240350000001,717.9529673000001,2096.290777,609.77815210000006,1746.169532,114086.819,2681.016733,217.3684033,25655.336800000005,65734.59143,9912.43229610016,9454.136235900158,330540.4847770296
Mass,H1,Ideal,CH,Hlow,HYD1000,HYD1000,4,NA,5,1000,3378.3132852055546,37111.047744209965,3677.333192,124.0935889,112.32240350000001,717.9529673000001,2096.290777,609.77815210000006,1746.169532,114086.819,2681.016733,217.3684033,25655.336800000005,65734.59143,10106.306213905555,9648.010153705556,341868.1098634581
Mass,H1,Ideal,CH,Hlow,HYD1000,HYD1000,5,NA,5,1000,3590.8979601937026,40262.973409347505,3677.333192,124.0935889,112.32240350000001,717.9529673000001,2096.290777,609.77815210000006,1746.169532,114086.819,2681.016733,217.3684033,25655.336800000005,65734.59143,10318.890888893704,9860.594828693702,353205.97196826944
Mass,H1,Ideal,CH,Hlow,HYD200,HYD200,3,NA,11.2,200,2769.1684862881366,28570.852770529444,3294.880518,120.05053259999998,118.0814058,553.0027961,2249.519027,382.4415344,1746.3641830000001,95997.37103,2542.507485,207.8546784,5019.973165,65887.81968,9104.702765788135,8430.986660088136,272428.377730952
Mass,H1,Ideal,CH,Hlow,HYD200,HYD200,4,NA,11.2,200,2933.7079213975853,31386.12611125514,3294.880518,120.05053259999998,118.0814058,553.0027961,2249.519027,382.4415344,1746.3641830000001,95997.37103,2542.507485,207.8546784,5019.973165,65887.81968,9269.242200897585,8595.526095197585,282555.260251548
Mass,H1,Ideal,CH,Hlow,HYD200,HYD200,5,NA,11.2,200,3127.9601054969457,34333.47443431575,3294.880518,120.05053259999998,118.0814058,553.0027961,2249.519027,382.4415344,1746.3641830000001,95997.37103,2542.507485,207.8546784,5019.973165,65887.81968,9463.494384996946,8789.778279296946,293157.2326366581
Mass,H1,Ideal,CH,Hlow,HYD500,HYD500,3,NA,6,500,2823.3124366999164,30418.85844581611,3393.333459,118.33822830000001,114.78148169999999,594.4341117,2118.180527,473.26694900000007,1736.189128,104481.93029999999,2533.135701,214.10020880000002,15519.01862,65756.48118,9162.380244399916,8659.221682699916,297925.02013144066
Mass,H1,Ideal,CH,Hlow,HYD500,HYD500,4,NA,6,500,2999.5283672880328,33520.43368169569,3393.333459,118.33822830000001,114.78148169999999,594.4341117,2118.180527,473.26694900000007,1736.189128,104481.93029999999,2533.135701,214.10020880000002,15519.01862,65756.48118,9338.596174988033,8835.437613288032,309081.7655842449
Mass,H1,Ideal,CH,Hlow,HYD500,HYD500,5,NA,6,500,3208.314013628941,36736.55883260742,3393.333459,118.33822830000001,114.78148169999999,594.4341117,2118.180527,473.26694900000007,1736.189128,104481.93029999999,2533.135701,214.10020880000002,15519.01862,65756.48118,9547.381821328941,9044.223259628941,320650.56109112164
Mass,H1,Ideal,CH,Hlow,R,NA,NA,8.5,NA,NA,4467.104059236775,40291.66486860519,831.3671301,38.89839479,4.400098522,46.09699423,0,46.09699423,0,21819.789600000004,823.8152535,15.80264864,92.20501295,0,5387.866676878775,5387.866676878775,167685.65880503674
Mass,H1,Ideal,CH,Hlow,Rb,NA,NA,3.5,NA,NA,1700.5931333595436,14038.187304758125,307.6159688,14.96867304,1.545996429,17.71927605,0,17.71927605,0,8092.854267,317.0161967,5.821068885,33.2472424,0,2042.4430476785437,2042.4430476785437,58946.015410805594
Mass,H1,Ideal,CH,Hlow,Rl,NA,NA,5,NA,NA,2766.510925877232,26253.477563847075,523.7511613,23.92972175,2.854102092,28.37771819,0,28.37771819,0,13726.93534,506.7990568,9.981579754,58.95777055,0,3345.4236292092323,3345.4236292092323,108739.64340123016
Mass,H1,Real,AK,Hhigh,HP,NA,NA,NA,6.5,NA,224.02976761522666,2799.5242136790635,1215.547618,27.44847036,76.31200903,241.3279934,1264.174085,85.71820780999998,480.35241140000005,32134.63109,581.3213807,1385.819188,6795.395899,7331.117876,3048.839943405227,2109.408484215227,58298.51641815707
Mass,H1,Real,AK,Hhigh,HPl,NA,NA,NA,4.5,NA,198.29327866643249,2525.132156077758,793.8182066,16.69170212,44.5649502,147.322111,615.6446734,65.82997252,283.9406467,17752.10168,353.5076162,775.5838942,2636.160605,3421.411994,1816.3349219864326,1403.1387568064324,34021.97498392431
Mass,H1,Real,AK,Hhigh,HYD1000,HYD1000,3,NA,5,1000,1155.1245700583531,19402.300207433036,3529.373143,120.3758619,110.2336872,694.3871549,1914.8617479999998,586.2123397,1564.740503,109067.607,2602.280317,194.4919868,25296.23871,57321.96113000001,7524.356165058352,7066.060104858353,264275.0259331275
Mass,H1,Real,AK,Hhigh,HYD1000,HYD1000,4,NA,5,1000,1293.381793403732,22298.711426755555,3529.373143,120.3758619,110.2336872,694.3871549,1914.8617479999998,586.2123397,1564.740503,109067.607,2602.280317,194.4919868,25296.23871,57321.96113000001,7662.61338840373,7204.3173282037305,274693.7713263739
Mass,H1,Real,AK,Hhigh,HYD1000,HYD1000,5,NA,5,1000,1454.6423491042324,25234.974504637903,3529.373143,120.3758619,110.2336872,694.3871549,1914.8617479999998,586.2123397,1564.740503,109067.607,2602.280317,194.4919868,25296.23871,57321.96113000001,7823.873944104231,7365.577883904231,285255.8687288285
Mass,H1,Real,AK,Hhigh,HYD200,HYD200,3,NA,8.5,200,1016.440961219777,16916.942367876603,3028.14694,111.70017279999999,108.6154548,484.7662779,2002.420748,334.7054195,1549.553277,89913.64324,2365.658189,177.6010271,4660.875072,57409.52012999999,6752.090554719778,6149.1622253197775,215379.6083339151
Mass,H1,Real,AK,Hhigh,HYD200,HYD200,4,NA,8.5,200,1149.436549692394,19886.79254878942,3028.14694,111.70017279999999,108.6154548,484.7662779,2002.420748,334.7054195,1549.553277,89913.64324,2365.658189,177.6010271,4660.875072,57409.52012999999,6885.086143192395,6282.157813792394,226062.5226537454
Mass,H1,Real,AK,Hhigh,HYD200,HYD200,5,NA,8.5,200,1312.7508220621908,22988.113776428952,3028.14694,111.70017279999999,108.6154548,484.7662779,2002.420748,334.7054195,1549.553277,89913.64324,2365.658189,177.6010271,4660.875072,57409.52012999999,7048.4004155621915,6445.472086162191,237218.35440784442
Mass,H1,Real,AK,Hhigh,HYD500,HYD500,3,NA,5,500,1044.6112659679761,17463.79149147242,3205.782234,113.0762903,110.2336872,555.978064,1914.8617479999998,447.80324880000006,1564.740503,99107.87975,2421.694991,188.764714,15159.92053,57321.96113000001,6944.543289467976,6486.247229267976,237019.61496921733
Mass,H1,Real,AK,Hhigh,HYD500,HYD500,4,NA,5,500,1178.4863689531526,20376.931250719426,3205.782234,113.0762903,110.2336872,555.978064,1914.8617479999998,447.80324880000006,1564.740503,99107.87975,2421.694991,188.764714,15159.92053,57321.96113000001,7078.418392453152,6620.122332253152,247498.5349665087
Mass,H1,Real,AK,Hhigh,HYD500,HYD500,5,NA,5,500,1334.6943270883555,23328.527821193657,3205.782234,113.0762903,110.2336872,555.978064,1914.8617479999998,447.80324880000006,1564.740503,99107.87975,2421.694991,188.764714,15159.92053,57321.96113000001,7234.626350588354,6776.330290388355,258115.78881713544
Mass,H1,Real,AK,Hhigh,R,NA,NA,7,NA,NA,889.6259717309251,11135.835785899315,762.7565478000001,34.39267655,4.221680447,40.8013688,0,40.8013688,0,19975.70971,728.390251,14.55723013,86.55247726999998,0,1731.7982453279253,1731.7982453279253,60862.17292703062
Mass,H1,Real,AK,Hhigh,Rb,NA,NA,2,NA,NA,146.5109624405831,1648.7852530191615,239.0053865,10.46295479,1.367578355,12.423650609999997,0,12.423650609999997,0,6248.774369,221.5911942,4.575650373,27.59470672,0,409.7705326955831,409.7705326955831,12433.418125397897
Mass,H1,Real,AK,Hhigh,Rl,NA,NA,5,NA,NA,743.1150092903422,9487.05053288015,523.7511613,23.92972175,2.854102092,28.37771819,0,28.37771819,0,13726.93534,506.7990568,9.981579754,58.95777055,0,1322.0277126223423,1322.0277126223423,48428.754800629715
Mass,H1,Real,AK,Hlow,HP,NA,NA,NA,6.5,NA,331.3200354439512,2799.5242136790635,1215.547618,27.44847036,76.31200903,241.3279934,1264.174085,85.71820780999998,480.35241140000005,32134.63109,581.3213807,1385.819188,6795.395899,7331.117876,3156.1302112339513,2216.698752043951,58298.51641815707
Mass,H1,Real,AK,Hlow,HPl,NA,NA,NA,4.5,NA,293.59133493304097,2525.132156077758,793.8182066,16.69170212,44.5649502,147.322111,615.6446734,65.82997252,283.9406467,17752.10168,353.5076162,775.5838942,2636.160605,3421.411994,1911.632978253041,1498.4368130730409,34021.97498392431
Mass,H1,Real,AK,Hlow,HYD1000,HYD1000,3,NA,5,1000,1563.9331283250513,19402.300207433036,3529.373143,120.3758619,110.2336872,694.3871549,1914.8617479999998,586.2123397,1564.740503,109067.607,2602.280317,194.4919868,25296.23871,57321.96113000001,7933.16472332505,7474.86866312505,264275.0259331275
Mass,H1,Real,AK,Hlow,HYD1000,HYD1000,4,NA,5,1000,1722.5134987440772,22298.711426755555,3529.373143,120.3758619,110.2336872,694.3871549,1914.8617479999998,586.2123397,1564.740503,109067.607,2602.280317,194.4919868,25296.23871,57321.96113000001,8091.745093744075,7633.449033544076,274693.7713263739
Mass,H1,Real,AK,Hlow,HYD1000,HYD1000,5,NA,5,1000,1919.8614624474333,25234.974504637903,3529.373143,120.3758619,110.2336872,694.3871549,1914.8617479999998,586.2123397,1564.740503,109067.607,2602.280317,194.4919868,25296.23871,57321.96113000001,8289.093057447431,7830.796997247432,285255.8687288285
Mass,H1,Real,AK,Hlow,HYD200,HYD200,3,NA,8.5,200,1404.4325713307014,16916.942367876603,3028.14694,111.70017279999999,108.6154548,484.7662779,2002.420748,334.7054195,1549.553277,89913.64324,2365.658189,177.6010271,4660.875072,57409.52012999999,7140.082164830701,6537.153835430701,215379.6083339151
Mass,H1,Real,AK,Hlow,HYD200,HYD200,4,NA,8.5,200,1558.0334875631943,19886.79254878942,3028.14694,111.70017279999999,108.6154548,484.7662779,2002.420748,334.7054195,1549.553277,89913.64324,2365.658189,177.6010271,4660.875072,57409.52012999999,7293.683081063195,6690.754751663195,226062.5226537454
Mass,H1,Real,AK,Hlow,HYD200,HYD200,5,NA,8.5,200,1763.5802937803285,22988.113776428952,3028.14694,111.70017279999999,108.6154548,484.7662779,2002.420748,334.7054195,1549.553277,89913.64324,2365.658189,177.6010271,4660.875072,57409.52012999999,7499.229887280329,6896.301557880329,237218.35440784442
Mass,H1,Real,AK,Hlow,HYD500,HYD500,3,NA,5,500,1422.0161582261446,17463.79149147242,3205.782234,113.0762903,110.2336872,555.978064,1914.8617479999998,447.80324880000006,1564.740503,99107.87975,2421.694991,188.764714,15159.92053,57321.96113000001,7321.948181726144,6863.652121526145,237019.61496921733
Mass,H1,Real,AK,Hlow,HYD500,HYD500,4,NA,5,500,1574.6977581745246,20376.931250719426,3205.782234,113.0762903,110.2336872,555.978064,1914.8617479999998,447.80324880000006,1564.740503,99107.87975,2421.694991,188.764714,15159.92053,57321.96113000001,7474.629781674525,7016.333721474524,247498.5349665087
Mass,H1,Real,AK,Hlow,HYD500,HYD500,5,NA,5,500,1766.059513936865,23328.527821193657,3205.782234,113.0762903,110.2336872,555.978064,1914.8617479999998,447.80324880000006,1564.740503,99107.87975,2421.694991,188.764714,15159.92053,57321.96113000001,7665.991537436865,7207.6954772368645,258115.78881713544
Mass,H1,Real,AK,Hlow,R,NA,NA,7,NA,NA,1314.1858558362217,11135.835785899315,762.7565478000001,34.39267655,4.221680447,40.8013688,0,40.8013688,0,19975.70971,728.390251,14.55723013,86.55247726999998,0,2156.3581294332216,2156.3581294332216,60862.17292703062
Mass,H1,Real,AK,Hlow,Rb,NA,NA,2,NA,NA,215.66532240458372,1648.7852530191615,239.0053865,10.46295479,1.367578355,12.423650609999997,0,12.423650609999997,0,6248.774369,221.5911942,4.575650373,27.59470672,0,478.9248926595837,478.9248926595837,12433.418125397897
Mass,H1,Real,AK,Hlow,Rl,NA,NA,5,NA,NA,1098.5205334316383,9487.05053288015,523.7511613,23.92972175,2.854102092,28.37771819,0,28.37771819,0,13726.93534,506.7990568,9.981579754,58.95777055,0,1677.4332367636384,1677.4332367636384,48428.754800629715
Mass,H1,Real,CH,Hhigh,HP,NA,NA,NA,8,NA,915.9935056193328,11342.42930802875,1248.729155,28.28269202,81.11150315,246.4902634,1275.71918,84.80252784,473.4802876,33081.0646,598.9890642,1446.560704,7130.219531,7510.587813,3796.3262991893325,2832.3996712293324,90567.52713676385
Mass,H1,Real,CH,Hhigh,HPl,NA,NA,NA,5,NA,611.0082438828044,7965.460262396259,826.9997436999998,17.52592378,49.36444432999999,152.484381,627.1897679,64.91429254,277.0685229,18698.53519,371.1752997,836.32541,2970.9842370000006,3600.88193,2284.5725045928043,1846.8811711328042,55130.63682352108
Mass,H1,Real,CH,Hhigh,HYD1000,HYD1000,3,NA,5,1000,2244.428273605414,32680.60253817034,3677.333192,124.0935889,112.32240350000001,717.9529673000001,2096.290777,609.77815210000006,1746.169532,114086.819,2681.016733,217.3684033,25655.336800000005,65734.59143,8972.421202305413,8514.125142105415,325931.2566043228
Mass,H1,Real,CH,Hhigh,HYD1000,HYD1000,4,NA,5,1000,2406.5438708817246,35817.73422561584,3677.333192,124.0935889,112.32240350000001,717.9529673000001,2096.290777,609.77815210000006,1746.169532,114086.819,2681.016733,217.3684033,25655.336800000005,65734.59143,9134.536799581725,8676.240739381725,337215.9029620404
Mass,H1,Real,CH,Hhigh,HYD1000,HYD1000,5,NA,5,1000,2584.5172713146394,38971.78516997633,3677.333192,124.0935889,112.32240350000001,717.9529673000001,2096.290777,609.77815210000006,1746.169532,114086.819,2681.016733,217.3684033,25655.336800000005,65734.59143,9312.51020001464,8854.21413981464,348561.4099561429
Mass,H1,Real,CH,Hhigh,HYD200,HYD200,3,NA,11.2,200,1914.1963031465086,27329.972047923242,3294.880518,120.05053259999998,118.0814058,553.0027961,2249.519027,382.4415344,1746.3641830000001,95997.37103,2542.507485,207.8546784,5019.973165,65887.81968,8249.730582646507,7576.014476946508,267964.7780093469
Mass,H1,Real,CH,Hhigh,HYD200,HYD200,4,NA,11.2,200,2050.556075799813,30143.769926012756,3294.880518,120.05053259999998,118.0814058,553.0027961,2249.519027,382.4415344,1746.3641830000001,95997.37103,2542.507485,207.8546784,5019.973165,65887.81968,8386.090355299812,7712.374249599812,278086.3531103883
Mass,H1,Real,CH,Hhigh,HYD200,HYD200,5,NA,11.2,200,2208.2249145623055,33089.532845512316,3294.880518,120.05053259999998,118.0814058,553.0027961,2249.519027,382.4415344,1746.3641830000001,95997.37103,2542.507485,207.8546784,5019.973165,65887.81968,8543.759194062304,7870.043088362305,288682.6226049911
Mass,H1,Real,CH,Hhigh,HYD500,HYD500,3,NA,6,500,1995.11100705063,29364.28654695003,3393.333459,118.33822830000001,114.78148169999999,594.4341117,2118.180527,473.26694900000007,1736.189128,104481.93029999999,2533.135701,214.10020880000002,15519.01862,65756.48118,8334.17881475063,7831.020253050629,294131.59603480005
Mass,H1,Real,CH,Hhigh,HYD500,HYD500,4,NA,6,500,2146.5606136254773,32462.871823591435,3393.333459,118.33822830000001,114.78148169999999,594.4341117,2118.180527,473.26694900000007,1736.189128,104481.93029999999,2533.135701,214.10020880000002,15519.01862,65756.48118,8485.628421325477,7982.469859625477,305277.5862385461
Mass,H1,Real,CH,Hhigh,HYD500,HYD500,5,NA,6,500,2318.9638986464506,35681.14662582105,3393.333459,118.33822830000001,114.78148169999999,594.4341117,2118.180527,473.26694900000007,1736.189128,104481.93029999999,2533.135701,214.10020880000002,15519.01862,65756.48118,8658.03170634645,8154.87314464645,316854.1143041203
Mass,H1,Real,CH,Hhigh,R,NA,NA,8.5,NA,NA,2973.623012214501,37756.961331829305,831.3671301,38.89839479,4.400098522,46.09699423,0,46.09699423,0,21819.789600000004,823.8152535,15.80264864,92.20501295,0,3894.385629856501,3894.385629856501,158568.02018354076
Mass,H1,Real,CH,Hhigh,Rb,NA,NA,3.5,NA,NA,1009.3519018594579,11494.406411444526,307.6159688,14.96867304,1.545996429,17.71927605,0,17.71927605,0,8092.854267,317.0161967,5.821068885,33.2472424,0,1351.201816178458,1351.201816178458,49795.72442766315
Mass,H1,Real,CH,Hhigh,Rl,NA,NA,5,NA,NA,1964.2711103550437,26262.554920384788,523.7511613,23.92972175,2.854102092,28.37771819,0,28.37771819,0,13726.93534,506.7990568,9.981579754,58.95777055,0,2543.183813687044,2543.183813687044,108772.2957628766
Mass,H1,Real,CH,Hlow,HP,NA,NA,NA,8,NA,1297.3137791198824,11342.42930802875,1248.729155,28.28269202,81.11150315,246.4902634,1275.71918,84.80252784,473.4802876,33081.0646,598.9890642,1446.560704,7130.219531,7510.587813,4177.646572689882,3213.719944729882,90567.52713676385
Mass,H1,Real,CH,Hlow,HPl,NA,NA,NA,5,NA,863.907176107141,7965.460262396259,826.9997436999998,17.52592378,49.36444432999999,152.484381,627.1897679,64.91429254,277.0685229,18698.53519,371.1752997,836.32541,2970.9842370000006,3600.88193,2537.471436817141,2099.780103357141,55130.63682352108
Mass,H1,Real,CH,Hlow,HYD1000,HYD1000,3,NA,5,1000,3062.350342061084,32680.60253817034,3677.333192,124.0935889,112.32240350000001,717.9529673000001,2096.290777,609.77815210000006,1746.169532,114086.819,2681.016733,217.3684033,25655.336800000005,65734.59143,9790.343270761085,9332.047210561084,325931.2566043228
Mass,H1,Real,CH,Hlow,HYD1000,HYD1000,4,NA,5,1000,3254.2150184693655,35817.73422561584,3677.333192,124.0935889,112.32240350000001,717.9529673000001,2096.290777,609.77815210000006,1746.169532,114086.819,2681.016733,217.3684033,25655.336800000005,65734.59143,9982.207947169365,9523.911886969367,337215.9029620404
Mass,H1,Real,CH,Hlow,HYD1000,HYD1000,5,NA,5,1000,3467.923644282663,38971.78516997633,3677.333192,124.0935889,112.32240350000001,717.9529673000001,2096.290777,609.77815210000006,1746.169532,114086.819,2681.016733,217.3684033,25655.336800000005,65734.59143,10195.916572982664,9737.620512782663,348561.4099561429
Mass,H1,Real,CH,Hlow,HYD200,HYD200,3,NA,11.2,200,2650.7619188368976,27329.972047923242,3294.880518,120.05053259999998,118.0814058,553.0027961,2249.519027,382.4415344,1746.3641830000001,95997.37103,2542.507485,207.8546784,5019.973165,65887.81968,8986.296198336897,8312.580092636897,267964.7780093469
Mass,H1,Real,CH,Hlow,HYD200,HYD200,4,NA,11.2,200,2813.6952576205663,30143.769926012756,3294.880518,120.05053259999998,118.0814058,553.0027961,2249.519027,382.4415344,1746.3641830000001,95997.37103,2542.507485,207.8546784,5019.973165,65887.81968,9149.229537120566,8475.513431420566,278086.3531103883
Mass,H1,Real,CH,Hlow,HYD200,HYD200,5,NA,11.2,200,3008.8375310451934,33089.532845512316,3294.880518,120.05053259999998,118.0814058,553.0027961,2249.519027,382.4415344,1746.3641830000001,95997.37103,2542.507485,207.8546784,5019.973165,65887.81968,9344.371810545194,8670.655704845194,288682.6226049911
Mass,H1,Real,CH,Hlow,HYD500,HYD500,3,NA,6,500,2725.036885357059,29364.28654695003,3393.333459,118.33822830000001,114.78148169999999,594.4341117,2118.180527,473.26694900000007,1736.189128,104481.93029999999,2533.135701,214.10020880000002,15519.01862,65756.48118,9064.10469305706,8560.94613135706,294131.59603480005
Mass,H1,Real,CH,Hlow,HYD500,HYD500,4,NA,6,500,2901.8301393084957,32462.871823591435,3393.333459,118.33822830000001,114.78148169999999,594.4341117,2118.180527,473.26694900000007,1736.189128,104481.93029999999,2533.135701,214.10020880000002,15519.01862,65756.48118,9240.897947008496,8737.739385308496,305277.5862385461
Mass,H1,Real,CH,Hlow,HYD500,HYD500,5,NA,6,500,3111.100095237215,35681.14662582105,3393.333459,118.33822830000001,114.78148169999999,594.4341117,2118.180527,473.26694900000007,1736.189128,104481.93029999999,2533.135701,214.10020880000002,15519.01862,65756.48118,9450.167902937215,8947.009341237215,316854.1143041203
Mass,H1,Real,CH,Hlow,R,NA,NA,8.5,NA,NA,4204.909113781085,37756.961331829305,831.3671301,38.89839479,4.400098522,46.09699423,0,46.09699423,0,21819.789600000004,823.8152535,15.80264864,92.20501295,0,5125.671731423085,5125.671731423085,158568.02018354076
Mass,H1,Real,CH,Hlow,Rb,NA,NA,3.5,NA,NA,1435.218561534934,11494.406411444526,307.6159688,14.96867304,1.545996429,17.71927605,0,17.71927605,0,8092.854267,317.0161967,5.821068885,33.2472424,0,1777.0684758539342,1777.0684758539342,49795.72442766315
Mass,H1,Real,CH,Hlow,Rl,NA,NA,5,NA,NA,2769.6905522461507,26262.554920384788,523.7511613,23.92972175,2.854102092,28.37771819,0,28.37771819,0,13726.93534,506.7990568,9.981579754,58.95777055,0,3348.6032555781508,3348.6032555781508,108772.2957628766
Mass,Nom,Ideal,AK,Hhigh,HP,NA,NA,NA,11,NA,967.3067883735163,13080.438658650453,1534.508245,36.84429465,92.15653846000001,284.4334613,1321.899557,107.6106739,460.8446789000001,36866.79866,780.3121979,1689.5267680000002,8469.514058,8228.467559,4237.148884783516,3199.271219283516,103086.55686394479
Mass,Nom,Ideal,AK,Hhigh,HPl,NA,NA,NA,7,NA,597.5920704282493,8059.431615396971,959.725892,20.86281041,68.56242082,173.1334613,673.3701455,70.42832091,264.4329142,22484.26925,441.8460335,1079.291473,4310.278764,4318.761677,2493.2468004582493,1981.6044287682494,61625.20840396392
Mass,Nom,Ideal,AK,Hhigh,HYD1000,HYD1000,3,NA,6,1000,2174.856978645955,32820.09689783262,3864.853886,129.3555268,116.870198,756.4090149,2299.609556,635.2418523,1917.618157,119460.8696,2792.457443,242.70389810000003,26014.43489,74169.11148,9341.955160345955,8838.796598745954,340737.4798212893
Mass,Nom,Ideal,AK,Hhigh,HYD1000,HYD1000,4,NA,6,1000,2319.8761055334885,35634.00168331389,3864.853886,129.3555268,116.870198,756.4090149,2299.609556,635.2418523,1917.618157,119460.8696,2792.457443,242.70389810000003,26014.43489,74169.11148,9486.974287233488,8983.815725633487,350859.43948129384
Mass,Nom,Ideal,AK,Hhigh,HYD1000,HYD1000,5,NA,6,1000,2487.7099024766303,38586.813503376005,3864.853886,129.3555268,116.870198,756.4090149,2299.609556,635.2418523,1917.618157,119460.8696,2792.457443,242.70389810000003,26014.43489,74169.11148,9654.80808417663,9151.64952257663,361481.06473331584
Mass,Nom,Ideal,AK,Hhigh,HYD200,HYD200,3,NA,11.2,200,1719.6395643783985,25924.143804794327,3442.810036,123.7682596,120.17012209999999,576.5686085,2430.948056,406.0073468,1927.793212,101016.58299999998,2621.243902,230.73109499999998,5379.071258,74300.44998,8413.9046465784,7740.1885408784,276800.39507958386
Mass,Nom,Ideal,AK,Hhigh,HYD200,HYD200,4,NA,11.2,200,1830.2157805412662,28326.48935909748,3442.810036,123.7682596,120.17012209999999,576.5686085,2430.948056,406.0073468,1927.793212,101016.58299999998,2621.243902,230.73109499999998,5379.071258,74300.44998,8524.480862741268,7850.764757041266,285441.92585045856
Mass,Nom,Ideal,AK,Hhigh,HYD200,HYD200,5,NA,11.2,200,1964.5368114993073,30858.17920425125,3442.810036,123.7682596,120.17012209999999,576.5686085,2430.948056,406.0073468,1927.793212,101016.58299999998,2621.243902,230.73109499999998,5379.071258,74300.44998,8658.801893699307,7985.085787999307,294548.72385460883
Mass,Nom,Ideal,AK,Hhigh,HYD500,HYD500,3,NA,8.5,500,2150.506800349474,32480.795390947867,3660.036507,126.688588,124.2474328,662.6706299,2365.278806,512.6097715,1912.411335,110565.6581,2709.9849969999996,244.3538602,15878.11671,74234.78073,9089.428764049473,8486.500434649473,320470.2878898182
Mass,Nom,Ideal,AK,Hhigh,HYD500,HYD500,4,NA,8.5,500,2294.281142540788,35454.141351813196,3660.036507,126.688588,124.2474328,662.6706299,2365.278806,512.6097715,1912.411335,110565.6581,2709.9849969999996,244.3538602,15878.11671,74234.78073,9233.203106240788,8630.274776840788,331165.7769576791
Mass,Nom,Ideal,AK,Hhigh,HYD500,HYD500,5,NA,8.5,500,2460.3431553424016,38560.80886910348,3660.036507,126.688588,124.2474328,662.6706299,2365.278806,512.6097715,1912.411335,110565.6581,2709.9849969999996,244.3538602,15878.11671,74234.78073,9399.2651190424,8796.3367896424,342340.83996951464
Mass,Nom,Ideal,AK,Hhigh,R,NA,NA,11,NA,NA,3800.6362770362057,51487.944556249735,945.7181005,46.4079252,4.69746198,54.923036620000005,0,54.923036620000005,0,24893.2561,982.8569241999999,17.87834616,101.62590580000001,0,4852.382801336206,4852.382801336206,211204.05093173456
Mass,Nom,Ideal,AK,Hhigh,Rb,NA,NA,4,NA,NA,1372.280974145726,18646.432836746353,330.4861629,16.47057912,1.6054691209999998,19.48448453,0,19.48448453,0,8707.547566,348.82453079999993,6.236208389,35.13142096,0,1740.3276698167258,1740.3276698167258,76171.23913890566
Mass,Nom,Ideal,AK,Hhigh,Rl,NA,NA,7,NA,NA,2428.3553028904803,32841.511719503374,615.2319376,29.93734608,3.091992859,35.4385521,0,35.4385521,0,16185.70853,634.0323934,11.64213777,66.4944848,0,3112.0551315294806,3112.0551315294806,135032.81178878786
Mass,Nom,Ideal,AK,Hlow,HP,NA,NA,NA,11,NA,1462.6036131965884,13080.438658650453,1534.508245,36.84429465,92.15653846000001,284.4334613,1321.899557,107.6106739,460.8446789000001,36866.79866,780.3121979,1689.5267680000002,8469.514058,8228.467559,4732.445709606588,3694.5680441065883,103086.55686394479
Mass,Nom,Ideal,AK,Hlow,HPl,NA,NA,NA,7,NA,887.8152810928559,8059.431615396971,959.725892,20.86281041,68.56242082,173.1334613,673.3701455,70.42832091,264.4329142,22484.26925,441.8460335,1079.291473,4310.278764,4318.761677,2783.470011122856,2271.827639432856,61625.20840396392
Mass,Nom,Ideal,AK,Hlow,HYD1000,HYD1000,3,NA,6,1000,3117.0647008061446,32820.09689783262,3864.853886,129.3555268,116.870198,756.4090149,2299.609556,635.2418523,1917.618157,119460.8696,2792.457443,242.70389810000003,26014.43489,74169.11148,10284.162882506145,9781.004320906144,340737.4798212893
Mass,Nom,Ideal,AK,Hlow,HYD1000,HYD1000,4,NA,6,1000,3288.3975348775584,35634.00168331389,3864.853886,129.3555268,116.870198,756.4090149,2299.609556,635.2418523,1917.618157,119460.8696,2792.457443,242.70389810000003,26014.43489,74169.11148,10455.495716577558,9952.337154977558,350859.43948129384
Mass,Nom,Ideal,AK,Hlow,HYD1000,HYD1000,5,NA,6,1000,3494.8080868646234,38586.813503376005,3864.853886,129.3555268,116.870198,756.4090149,2299.609556,635.2418523,1917.618157,119460.8696,2792.457443,242.70389810000003,26014.43489,74169.11148,10661.906268564622,10158.747706964625,361481.06473331584
Mass,Nom,Ideal,AK,Hlow,HYD200,HYD200,3,NA,11.2,200,2510.920479753989,25924.143804794327,3442.810036,123.7682596,120.17012209999999,576.5686085,2430.948056,406.0073468,1927.793212,101016.58299999998,2621.243902,230.73109499999998,5379.071258,74300.44998,9205.18556195399,8531.46945625399,276800.39507958386
Mass,Nom,Ideal,AK,Hlow,HYD200,HYD200,4,NA,11.2,200,2640.608054467984,28326.48935909748,3442.810036,123.7682596,120.17012209999999,576.5686085,2430.948056,406.0073468,1927.793212,101016.58299999998,2621.243902,230.73109499999998,5379.071258,74300.44998,9334.873136667984,8661.157030967985,285441.92585045856
Mass,Nom,Ideal,AK,Hlow,HYD200,HYD200,5,NA,11.2,200,2810.2961948427696,30858.17920425125,3442.810036,123.7682596,120.17012209999999,576.5686085,2430.948056,406.0073468,1927.793212,101016.58299999998,2621.243902,230.73109499999998,5379.071258,74300.44998,9504.56127704277,8830.845171342771,294548.72385460883
Mass,Nom,Ideal,AK,Hlow,HYD500,HYD500,3,NA,8.5,500,3099.6018260144792,32480.795390947867,3660.036507,126.688588,124.2474328,662.6706299,2365.278806,512.6097715,1912.411335,110565.6581,2709.9849969999996,244.3538602,15878.11671,74234.78073,10038.523789714478,9435.595460314478,320470.2878898182
Mass,Nom,Ideal,AK,Hlow,HYD500,HYD500,4,NA,8.5,500,3267.0640286325124,35454.141351813196,3660.036507,126.688588,124.2474328,662.6706299,2365.278806,512.6097715,1912.411335,110565.6581,2709.9849969999996,244.3538602,15878.11671,74234.78073,10205.985992332511,9603.057662932511,331165.7769576791
Mass,Nom,Ideal,AK,Hlow,HYD500,HYD500,5,NA,8.5,500,3472.742525155689,38560.80886910348,3660.036507,126.688588,124.2474328,662.6706299,2365.278806,512.6097715,1912.411335,110565.6581,2709.9849969999996,244.3538602,15878.11671,74234.78073,10411.664488855688,9808.736159455688,342340.83996951464
Mass,Nom,Ideal,AK,Hlow,R,NA,NA,11,NA,NA,5728.365760614213,51487.944556249735,945.7181005,46.4079252,4.69746198,54.923036620000005,0,54.923036620000005,0,24893.2561,982.8569241999999,17.87834616,101.62590580000001,0,6780.112284914214,6780.112284914214,211204.05093173456
Mass,Nom,Ideal,AK,Hlow,Rb,NA,NA,4,NA,NA,2128.6071791884474,18646.432836746353,330.4861629,16.47057912,1.6054691209999998,19.48448453,0,19.48448453,0,8707.547566,348.82453079999993,6.236208389,35.13142096,0,2496.6538748594476,2496.6538748594476,76171.23913890566
Mass,Nom,Ideal,AK,Hlow,Rl,NA,NA,7,NA,NA,3599.758581425766,32841.511719503374,615.2319376,29.93734608,3.091992859,35.4385521,0,35.4385521,0,16185.70853,634.0323934,11.64213777,66.4944848,0,4283.458410064766,4283.458410064766,135032.81178878786
Mass,Nom,Ideal,CH,Hhigh,HP,NA,NA,NA,15.5,NA,3044.283353068449,41800.7411869606,2011.682268,51.02573656,123.72560910000001,517.2085068,1648.064252,340.3857194,591.2470042,50797.80508,1080.655907,1890.280727,15405.86731,8767.038676,7395.989725528449,6162.349690328449,228304.02607036187
Mass,Nom,Ideal,CH,Hhigh,HPl,NA,NA,NA,8.5,NA,1441.1408168004887,20247.617406804336,1059.270503,23.36547538,82.96090318,188.6202715,708.0054287,85.91513111,265.1293572,25323.56978,494.8490839,1261.516021,5314.749659,4857.171486,3503.3633985604893,2957.782186670489,110085.01216948395
Mass,Nom,Ideal,CH,Hhigh,HYD1000,HYD1000,3,NA,11.2,1000,4976.538025833537,70629.07990773025,4472.224741,147.9151098,136.8464583,904.6649576,2884.520629,734.1036959000002,2381.365785,134137.9312,3185.524244,314.649409,26912.18013,95332.02573,13522.709921533538,12848.993815833537,513943.74923001527
Mass,Nom,Ideal,CH,Hhigh,HYD1000,HYD1000,4,NA,11.2,1000,5132.823166603506,73503.06410052642,4472.224741,147.9151098,136.8464583,904.6649576,2884.520629,734.1036959000002,2381.365785,134137.9312,3185.524244,314.649409,26912.18013,95332.02573,13678.995062303507,13005.278956603506,524281.82186597266
Mass,Nom,Ideal,CH,Hhigh,HYD1000,HYD1000,5,NA,11.2,1000,5307.157393195505,76474.25366199974,4472.224741,147.9151098,136.8464583,904.6649576,2884.520629,734.1036959000002,2381.365785,134137.9312,3185.524244,314.649409,26912.18013,95332.02573,13853.329288895506,13179.613183195504,534969.5541014883
Mass,Nom,Ideal,CH,Hhigh,HYD200,HYD200,3,NA,14,200,4496.337644919895,64866.95144099878,3891.816184,136.1509989,130.3100694,665.26361,2928.3001289999997,483.7174749999999,2398.199453,114274.2902,2883.49353,292.8402928,6276.8164910000005,95375.80523,12248.178636219895,11536.531825219896,452437.6034452344
Mass,Nom,Ideal,CH,Hhigh,HYD200,HYD200,4,NA,14,200,4633.6750578185965,67789.41500581508,3891.816184,136.1509989,130.3100694,665.26361,2928.3001289999997,483.7174749999999,2398.199453,114274.2902,2883.49353,292.8402928,6276.8164910000005,95375.80523,12385.516049118596,11673.869238118597,462950.0623114801
Mass,Nom,Ideal,CH,Hhigh,HYD200,HYD200,5,NA,14,200,4796.689216598446,70843.87568779841,3891.816184,136.1509989,130.3100694,665.26361,2928.3001289999997,483.7174749999999,2398.199453,114274.2902,2883.49353,292.8402928,6276.8164910000005,95375.80523,12548.530207898446,11836.883396898447,473937.3309517079
Mass,Nom,Ideal,CH,Hhigh,HYD500,HYD500,3,NA,14,500,4650.3919107605325,66901.33457521255,4227.816184,143.7039601,141.7646148,796.0363372999999,2928.3001289999997,614.4902023,2398.199453,124887.8811,3070.347504,313.8402928,16775.86195,95375.80523,12888.013135960531,12176.36632496053,481076.01872144936
Mass,Nom,Ideal,CH,Hhigh,HYD500,HYD500,4,NA,14,500,4792.911441046064,69821.48018541741,4227.816184,143.7039601,141.7646148,796.0363372999999,2928.3001289999997,614.4902023,2398.199453,124887.8811,3070.347504,313.8402928,16775.86195,95375.80523,13030.532666246063,12318.885855246062,491580.1396214669
Mass,Nom,Ideal,CH,Hhigh,HYD500,HYD500,5,NA,14,500,4960.052969904416,72876.07711674203,4227.816184,143.7039601,141.7646148,796.0363372999999,2928.3001289999997,614.4902023,2398.199453,124887.8811,3070.347504,313.8402928,16775.86195,95375.80523,13197.674195104415,12486.027384104415,502567.89836723893
Mass,Nom,Ideal,CH,Hhigh,R,NA,NA,15.5,NA,NA,10075.033774709053,141893.37628257266,1372.836763,66.60807563,6.927247586,78.85413798,0,78.85413798,0,36110.49755,1410.668718,25.987240229999998,148.6705015,0,11600.259998905052,11600.259998905052,548103.6523643078
Mass,Nom,Ideal,CH,Hhigh,Rb,NA,NA,7,NA,NA,5065.938171142215,69397.35368378452,615.2319376,29.93734608,3.091992859,35.4385521,0,35.4385521,0,16185.70853,634.0323934,11.64213777,66.4944848,0,5749.6379997812155,5749.6379997812155,266528.64619267685
Mass,Nom,Ideal,CH,Hhigh,Rl,NA,NA,8.5,NA,NA,5009.095603566835,72496.02259878816,757.604825,36.67072956,3.8352547279999993,43.41558588,0,43.41558588,0,19924.78902,776.6363246000001,14.34510246,82.17601672,0,5850.621998734836,5850.621998734836,281575.0061716511
Mass,Nom,Ideal,CH,Hlow,HP,NA,NA,NA,15.5,NA,4232.61694104461,41800.7411869606,2011.682268,51.02573656,123.72560910000001,517.2085068,1648.064252,340.3857194,591.2470042,50797.80508,1080.655907,1890.280727,15405.86731,8767.038676,8584.323313504608,7350.68327830461,228304.02607036187
Mass,Nom,Ideal,CH,Hlow,HPl,NA,NA,NA,8.5,NA,1988.80737101329,20247.617406804336,1059.270503,23.36547538,82.96090318,188.6202715,708.0054287,85.91513111,265.1293572,25323.56978,494.8490839,1261.516021,5314.749659,4857.171486,4051.0299527732905,3505.44874088329,110085.01216948395
Mass,Nom,Ideal,CH,Hlow,HYD1000,HYD1000,3,NA,11.2,1000,6848.392882844532,70629.07990773025,4472.224741,147.9151098,136.8464583,904.6649576,2884.520629,734.1036959000002,2381.365785,134137.9312,3185.524244,314.649409,26912.18013,95332.02573,15394.564778544534,14720.848672844533,513943.74923001527
Mass,Nom,Ideal,CH,Hlow,HYD1000,HYD1000,4,NA,11.2,1000,7033.758107176592,73503.06410052642,4472.224741,147.9151098,136.8464583,904.6649576,2884.520629,734.1036959000002,2381.365785,134137.9312,3185.524244,314.649409,26912.18013,95332.02573,15579.930002876592,14906.21389717659,524281.82186597266
Mass,Nom,Ideal,CH,Hlow,HYD1000,HYD1000,5,NA,11.2,1000,7244.882430188672,76474.25366199974,4472.224741,147.9151098,136.8464583,904.6649576,2884.520629,734.1036959000002,2381.365785,134137.9312,3185.524244,314.649409,26912.18013,95332.02573,15791.054325888674,15117.338220188672,534969.5541014883
Mass,Nom,Ideal,CH,Hlow,HYD200,HYD200,3,NA,14,200,6211.600036640154,64866.95144099878,3891.816184,136.1509989,130.3100694,665.26361,2928.3001289999997,483.7174749999999,2398.199453,114274.2902,2883.49353,292.8402928,6276.8164910000005,95375.80523,13963.441027940155,13251.794216940154,452437.6034452344
Mass,Nom,Ideal,CH,Hlow,HYD200,HYD200,4,NA,14,200,6374.292143712912,67789.41500581508,3891.816184,136.1509989,130.3100694,665.26361,2928.3001289999997,483.7174749999999,2398.199453,114274.2902,2883.49353,292.8402928,6276.8164910000005,95375.80523,14126.133135012911,13414.486324012913,462950.0623114801
Mass,Nom,Ideal,CH,Hlow,HYD200,HYD200,5,NA,14,200,6577.315365167888,70843.87568779841,3891.816184,136.1509989,130.3100694,665.26361,2928.3001289999997,483.7174749999999,2398.199453,114274.2902,2883.49353,292.8402928,6276.8164910000005,95375.80523,14329.156356467887,13617.509545467889,473937.3309517079
Mass,Nom,Ideal,CH,Hlow,HYD500,HYD500,3,NA,14,500,6403.866236623254,66901.33457521255,4227.816184,143.7039601,141.7646148,796.0363372999999,2928.3001289999997,614.4902023,2398.199453,124887.8811,3070.347504,313.8402928,16775.86195,95375.80523,14641.487461823253,13929.840650823255,481076.01872144936
Mass,Nom,Ideal,CH,Hlow,HYD500,HYD500,4,NA,14,500,6572.136586357457,69821.48018541741,4227.816184,143.7039601,141.7646148,796.0363372999999,2928.3001289999997,614.4902023,2398.199453,124887.8811,3070.347504,313.8402928,16775.86195,95375.80523,14809.757811557456,14098.111000557456,491580.1396214669
Mass,Nom,Ideal,CH,Hlow,HYD500,HYD500,5,NA,14,500,6776.871167387531,72876.07711674203,4227.816184,143.7039601,141.7646148,796.0363372999999,2928.3001289999997,614.4902023,2398.199453,124887.8811,3070.347504,313.8402928,16775.86195,95375.80523,15014.492392587532,14302.845581587531,502567.89836723893
Mass,Nom,Ideal,CH,Hlow,R,NA,NA,15.5,NA,NA,13914.57622902035,141893.37628257266,1372.836763,66.60807563,6.927247586,78.85413798,0,78.85413798,0,36110.49755,1410.668718,25.987240229999998,148.6705015,0,15439.802453216349,15439.802453216349,548103.6523643078
Mass,Nom,Ideal,CH,Hlow,Rb,NA,NA,7,NA,NA,7048.153133872379,69397.35368378452,615.2319376,29.93734608,3.091992859,35.4385521,0,35.4385521,0,16185.70853,634.0323934,11.64213777,66.4944848,0,7731.85296251138,7731.85296251138,266528.64619267685
Mass,Nom,Ideal,CH,Hlow,Rl,NA,NA,8.5,NA,NA,6866.423095147969,72496.02259878816,757.604825,36.67072956,3.8352547279999993,43.41558588,0,43.41558588,0,19924.78902,776.6363246000001,14.34510246,82.17601672,0,7707.94949031597,7707.94949031597,281575.0061716511
Mass,Nom,Real,AK,Hhigh,HP,NA,NA,NA,11,NA,850.5509026858065,11293.082684584544,1534.508245,36.84429465,92.15653846000001,284.4334613,1321.899557,107.6106739,460.8446789000001,36866.79866,780.3121979,1689.5267680000002,8469.514058,8228.467559,4120.392999095806,3082.515333595806,96657.21882773648
Mass,Nom,Real,AK,Hhigh,HPl,NA,NA,NA,7,NA,598.1179561583217,8064.237307209007,959.725892,20.86281041,68.56242082,173.1334613,673.3701455,70.42832091,264.4329142,22484.26925,441.8460335,1079.291473,4310.278764,4318.761677,2493.7726861883216,1982.1303144983217,61642.4950651583
Mass,Nom,Real,AK,Hhigh,HYD1000,HYD1000,3,NA,6,1000,2040.3971729632026,30667.485395318257,3864.853886,129.3555268,116.870198,756.4090149,2299.609556,635.2418523,1917.618157,119460.8696,2792.457443,242.70389810000003,26014.43489,74169.11148,9207.495354663202,8704.336793063201,332994.27297771245
Mass,Nom,Real,AK,Hhigh,HYD1000,HYD1000,4,NA,6,1000,2184.2072849108217,33475.71484104345,3864.853886,129.3555268,116.870198,756.4090149,2299.609556,635.2418523,1917.618157,119460.8696,2792.457443,242.70389810000003,26014.43489,74169.11148,9351.305466610822,8848.14690501082,343095.8177465081
Mass,Nom,Real,AK,Hhigh,HYD1000,HYD1000,5,NA,6,1000,2350.5045393545993,36425.83058359853,3864.853886,129.3555268,116.870198,756.4090149,2299.609556,635.2418523,1917.618157,119460.8696,2792.457443,242.70389810000003,26014.43489,74169.11148,9517.6027210546,9014.444159454599,353707.74487800116
Mass,Nom,Real,AK,Hhigh,HYD200,HYD200,3,NA,11.2,200,1594.4484069726561,23880.290337529037,3442.810036,123.7682596,120.17012209999999,576.5686085,2430.948056,406.0073468,1927.793212,101016.58299999998,2621.243902,230.73109499999998,5379.071258,74300.44998,8288.713489172656,7614.997383472657,269448.4041901404
Mass,Nom,Real,AK,Hhigh,HYD200,HYD200,4,NA,11.2,200,1704.9008953286518,26284.138987584654,3442.810036,123.7682596,120.17012209999999,576.5686085,2430.948056,406.0073468,1927.793212,101016.58299999998,2621.243902,230.73109499999998,5379.071258,74300.44998,8399.165977528653,7725.449871828652,278095.34178026847
Mass,Nom,Real,AK,Hhigh,HYD200,HYD200,5,NA,11.2,200,1839.2914065297923,28811.824043782064,3442.810036,123.7682596,120.17012209999999,576.5686085,2430.948056,406.0073468,1927.793212,101016.58299999998,2621.243902,230.73109499999998,5379.071258,74300.44998,8533.556488729793,7859.840383029794,287187.7340687484
Mass,Nom,Real,AK,Hhigh,HYD500,HYD500,3,NA,8.5,500,2017.240485119703,30237.421841425174,3660.036507,126.688588,124.2474328,662.6706299,2365.278806,512.6097715,1912.411335,110565.6581,2709.9849969999996,244.3538602,15878.11671,74234.78073,8956.162448819703,8353.234119419703,312400.59886275814
Mass,Nom,Real,AK,Hhigh,HYD500,HYD500,4,NA,8.5,500,2161.169642662944,33210.96618049232,3660.036507,126.688588,124.2474328,662.6706299,2365.278806,512.6097715,1912.411335,110565.6581,2709.9849969999996,244.3538602,15878.11671,74234.78073,9100.091606362943,8497.163276962943,323096.8015212731
Mass,Nom,Real,AK,Hhigh,HYD500,HYD500,5,NA,8.5,500,2327.176306672582,36316.06189301788,3660.036507,126.688588,124.2474328,662.6706299,2365.278806,512.6097715,1912.411335,110565.6581,2709.9849969999996,244.3538602,15878.11671,74234.78073,9266.098270372582,8663.169940972582,334266.21055913484
Mass,Nom,Real,AK,Hhigh,R,NA,NA,11,NA,NA,3397.955725322786,45234.863143030976,945.7181005,46.4079252,4.69746198,54.923036620000005,0,54.923036620000005,0,24893.2561,982.8569241999999,17.87834616,101.62590580000001,0,4449.702249622786,4449.702249622786,188710.952323034
Mass,Nom,Real,AK,Hhigh,Rb,NA,NA,4,NA,NA,967.6128759569826,12376.29997214701,330.4861629,16.47057912,1.6054691209999998,19.48448453,0,19.48448453,0,8707.547566,348.82453079999993,6.236208389,35.13142096,0,1335.6595716279824,1335.6595716279824,53616.804374159816
Mass,Nom,Real,AK,Hhigh,Rl,NA,NA,7,NA,NA,2430.3428493658025,32858.56317088399,615.2319376,29.93734608,3.091992859,35.4385521,0,35.4385521,0,16185.70853,634.0323934,11.64213777,66.4944848,0,3114.042678004803,3114.042678004803,135094.14794483324
Mass,Nom,Real,AK,Hlow,HP,NA,NA,NA,11,NA,1265.5194547742576,11293.082684584544,1534.508245,36.84429465,92.15653846000001,284.4334613,1321.899557,107.6106739,460.8446789000001,36866.79866,780.3121979,1689.5267680000002,8469.514058,8228.467559,4535.361551184257,3497.4838856842575,96657.21882773648
Mass,Nom,Real,AK,Hlow,HPl,NA,NA,NA,7,NA,888.8797324827677,8064.237307209007,959.725892,20.86281041,68.56242082,173.1334613,673.3701455,70.42832091,264.4329142,22484.26925,441.8460335,1079.291473,4310.278764,4318.761677,2784.5344625127677,2272.892090822768,61642.4950651583
Mass,Nom,Real,AK,Hlow,HYD1000,HYD1000,3,NA,6,1000,2889.1087735383962,30667.485395318257,3864.853886,129.3555268,116.870198,756.4090149,2299.609556,635.2418523,1917.618157,119460.8696,2792.457443,242.70389810000003,26014.43489,74169.11148,10056.206955238396,9553.048393638395,332994.27297771245
Mass,Nom,Real,AK,Hlow,HYD1000,HYD1000,4,NA,6,1000,3057.4935038430385,33475.71484104345,3864.853886,129.3555268,116.870198,756.4090149,2299.609556,635.2418523,1917.618157,119460.8696,2792.457443,242.70389810000003,26014.43489,74169.11148,10224.591685543039,9721.433123943038,343095.8177465081
Mass,Nom,Real,AK,Hlow,HYD1000,HYD1000,5,NA,6,1000,3262.6734939801036,36425.83058359853,3864.853886,129.3555268,116.870198,756.4090149,2299.609556,635.2418523,1917.618157,119460.8696,2792.457443,242.70389810000003,26014.43489,74169.11148,10429.771675680104,9926.613114080103,353707.74487800116
Mass,Nom,Real,AK,Hlow,HYD200,HYD200,3,NA,11.2,200,2294.1029309860123,23880.290337529037,3442.810036,123.7682596,120.17012209999999,576.5686085,2430.948056,406.0073468,1927.793212,101016.58299999998,2621.243902,230.73109499999998,5379.071258,74300.44998,8988.368013186013,8314.651907486013,269448.4041901404
Mass,Nom,Real,AK,Hlow,HYD200,HYD200,4,NA,11.2,200,2423.471443329116,26284.138987584654,3442.810036,123.7682596,120.17012209999999,576.5686085,2430.948056,406.0073468,1927.793212,101016.58299999998,2621.243902,230.73109499999998,5379.071258,74300.44998,9117.736525529117,8444.020419829118,278095.34178026847
Mass,Nom,Real,AK,Hlow,HYD200,HYD200,5,NA,11.2,200,2593.1110032907736,28811.824043782064,3442.810036,123.7682596,120.17012209999999,576.5686085,2430.948056,406.0073468,1927.793212,101016.58299999998,2621.243902,230.73109499999998,5379.071258,74300.44998,9287.376085490774,8613.659979790775,287187.7340687484
Mass,Nom,Real,AK,Hlow,HYD500,HYD500,3,NA,8.5,500,2867.370733618165,30237.421841425174,3660.036507,126.688588,124.2474328,662.6706299,2365.278806,512.6097715,1912.411335,110565.6581,2709.9849969999996,244.3538602,15878.11671,74234.78073,9806.292697318164,9203.364367918164,312400.59886275814
Mass,Nom,Real,AK,Hlow,HYD500,HYD500,4,NA,8.5,500,3034.5006139260054,33210.96618049232,3660.036507,126.688588,124.2474328,662.6706299,2365.278806,512.6097715,1912.411335,110565.6581,2709.9849969999996,244.3538602,15878.11671,74234.78073,9973.422577626005,9370.494248226005,323096.8015212731
Mass,Nom,Real,AK,Hlow,HYD500,HYD500,5,NA,8.5,500,3240.12204446554,36316.06189301788,3660.036507,126.688588,124.2474328,662.6706299,2365.278806,512.6097715,1912.411335,110565.6581,2709.9849969999996,244.3538602,15878.11671,74234.78073,10179.04400816554,9576.11567876554,334266.21055913484
Mass,Nom,Real,AK,Hlow,R,NA,NA,11,NA,NA,5048.1276787816205,45234.863143030976,945.7181005,46.4079252,4.69746198,54.923036620000005,0,54.923036620000005,0,24893.2561,982.8569241999999,17.87834616,101.62590580000001,0,6099.874203081621,6099.874203081621,188710.952323034
Mass,Nom,Real,AK,Hlow,Rb,NA,NA,4,NA,NA,1444.2490064606852,12376.29997214701,330.4861629,16.47057912,1.6054691209999998,19.48448453,0,19.48448453,0,8707.547566,348.82453079999993,6.236208389,35.13142096,0,1812.295702131685,1812.295702131685,53616.804374159816
Mass,Nom,Real,AK,Hlow,Rl,NA,NA,7,NA,NA,3603.8786723209337,32858.56317088399,615.2319376,29.93734608,3.091992859,35.4385521,0,35.4385521,0,16185.70853,634.0323934,11.64213777,66.4944848,0,4287.578500959934,4287.578500959934,135094.14794483324
Mass,Nom,Real,CH,Hhigh,HP,NA,NA,NA,15.5,NA,2469.2121462981836,33106.25386040396,2011.682268,51.02573656,123.72560910000001,517.2085068,1648.064252,340.3857194,591.2470042,50797.80508,1080.655907,1890.280727,15405.86731,8767.038676,6820.918518758183,5587.278483558184,197028.8918021725
Mass,Nom,Real,CH,Hhigh,HPl,NA,NA,NA,8.5,NA,1445.121102363114,20295.185987281493,1059.270503,23.36547538,82.96090318,188.6202715,708.0054287,85.91513111,265.1293572,25323.56978,494.8490839,1261.516021,5314.749659,4857.171486,3507.343684123114,2961.762472233114,110256.12217120033
Mass,Nom,Real,CH,Hhigh,HYD1000,HYD1000,3,NA,11.2,1000,4266.778013277255,59411.773450560184,4472.224741,147.9151098,136.8464583,904.6649576,2884.520629,734.1036959000002,2381.365785,134137.9312,3185.524244,314.649409,26912.18013,95332.02573,12812.949908977256,12139.233803277255,473593.72600278474
Mass,Nom,Real,CH,Hhigh,HYD1000,HYD1000,4,NA,11.2,1000,4423.095175868849,62267.54307395308,4472.224741,147.9151098,136.8464583,904.6649576,2884.520629,734.1036959000002,2381.365785,134137.9312,3185.524244,314.649409,26912.18013,95332.02573,12969.26707156885,12295.550965868848,483866.2786049175
Mass,Nom,Real,CH,Hhigh,HYD1000,HYD1000,5,NA,11.2,1000,4596.801103815199,65239.42766726291,4472.224741,147.9151098,136.8464583,904.6649576,2884.520629,734.1036959000002,2381.365785,134137.9312,3185.524244,314.649409,26912.18013,95332.02573,13142.9729995152,12469.256893815198,494556.51095495286
Mass,Nom,Real,CH,Hhigh,HYD200,HYD200,3,NA,14,200,3838.3081491854737,54628.74004339811,3891.816184,136.1509989,130.3100694,665.26361,2928.3001289999997,483.7174749999999,2398.199453,114274.2902,2883.49353,292.8402928,6276.8164910000005,95375.80523,11590.149140485471,10878.502329485473,415609.50489271403
Mass,Nom,Real,CH,Hhigh,HYD200,HYD200,4,NA,14,200,3974.8152627367426,57542.29551098214,3891.816184,136.1509989,130.3100694,665.26361,2928.3001289999997,483.7174749999999,2398.199453,114274.2902,2883.49353,292.8402928,6276.8164910000005,95375.80523,11726.656254036741,11015.009443036743,426089.9202437357
Mass,Nom,Real,CH,Hhigh,HYD200,HYD200,5,NA,14,200,4137.077677222987,60594.69616971546,3891.816184,136.1509989,130.3100694,665.26361,2928.3001289999997,483.7174749999999,2398.199453,114274.2902,2883.49353,292.8402928,6276.8164910000005,95375.80523,11888.918668522985,11177.271857522985,437069.77872838796
Mass,Nom,Real,CH,Hhigh,HYD500,HYD500,3,NA,14,500,3998.543629522505,56633.5171590491,4227.816184,143.7039601,141.7646148,796.0363372999999,2928.3001289999997,614.4902023,2398.199453,124887.8811,3070.347504,313.8402928,16775.86195,95375.80523,12236.164854722505,11524.518043722506,444141.42369927873
Mass,Nom,Real,CH,Hhigh,HYD500,HYD500,4,NA,14,500,4143.774416041928,59544.96890327364,4227.816184,143.7039601,141.7646148,796.0363372999999,2928.3001289999997,614.4902023,2398.199453,124887.8811,3070.347504,313.8402928,16775.86195,95375.80523,12381.395641241927,11669.748830241926,454614.2717000865
Mass,Nom,Real,CH,Hhigh,HYD500,HYD500,5,NA,14,500,4308.474278075666,62598.48927440593,4227.816184,143.7039601,141.7646148,796.0363372999999,2928.3001289999997,614.4902023,2398.199453,124887.8811,3070.347504,313.8402928,16775.86195,95375.80523,12546.095503275666,11834.448692275666,465598.15792718105
Mass,Nom,Real,CH,Hhigh,R,NA,NA,15.5,NA,NA,8410.333293974481,116218.99574358456,1372.836763,66.60807563,6.927247586,78.85413798,0,78.85413798,0,36110.49755,1410.668718,25.987240229999998,148.6705015,0,9935.559518170481,9935.559518170481,455749.7655334155
Mass,Nom,Real,CH,Hhigh,Rb,NA,NA,7,NA,NA,3386.61129305346,43546.465832453636,615.2319376,29.93734608,3.091992859,35.4385521,0,35.4385521,0,16185.70853,634.0323934,11.64213777,66.4944848,0,4070.3111216924603,4070.3111216924603,173539.8409720622
Mass,Nom,Real,CH,Hhigh,Rl,NA,NA,8.5,NA,NA,5023.722000921022,72672.52991113094,757.604825,36.67072956,3.8352547279999993,43.41558588,0,43.41558588,0,19924.78902,776.6363246000001,14.34510246,82.17601672,0,5865.248396089023,5865.248396089023,282209.92456137337
Mass,Nom,Real,CH,Hlow,HP,NA,NA,NA,15.5,NA,3407.3237152145743,33106.25386040396,2011.682268,51.02573656,123.72560910000001,517.2085068,1648.064252,340.3857194,591.2470042,50797.80508,1080.655907,1890.280727,15405.86731,8767.038676,7759.030087674574,6525.390052474575,197028.8918021725
Mass,Nom,Real,CH,Hlow,HPl,NA,NA,NA,8.5,NA,1994.7728838960413,20295.185987281493,1059.270503,23.36547538,82.96090318,188.6202715,708.0054287,85.91513111,265.1293572,25323.56978,494.8490839,1261.516021,5314.749659,4857.171486,4056.9954656560412,3511.4142537660414,110256.12217120033
Mass,Nom,Real,CH,Hlow,HYD1000,HYD1000,3,NA,11.2,1000,5819.038621677888,59411.773450560184,4472.224741,147.9151098,136.8464583,904.6649576,2884.520629,734.1036959000002,2381.365785,134137.9312,3185.524244,314.649409,26912.18013,95332.02573,14365.21051737789,13691.494411677888,473593.72600278474
Mass,Nom,Real,CH,Hlow,HYD1000,HYD1000,4,NA,11.2,1000,6005.040190656377,62267.54307395308,4472.224741,147.9151098,136.8464583,904.6649576,2884.520629,734.1036959000002,2381.365785,134137.9312,3185.524244,314.649409,26912.18013,95332.02573,14551.212086356378,13877.495980656377,483866.2786049175
Mass,Nom,Real,CH,Hlow,HYD1000,HYD1000,5,NA,11.2,1000,6214.533572792392,65239.42766726291,4472.224741,147.9151098,136.8464583,904.6649576,2884.520629,734.1036959000002,2381.365785,134137.9312,3185.524244,314.649409,26912.18013,95332.02573,14760.705468492393,14086.989362792392,494556.51095495286
Mass,Nom,Real,CH,Hlow,HYD200,HYD200,3,NA,14,200,5262.145450422301,54628.74004339811,3891.816184,136.1509989,130.3100694,665.26361,2928.3001289999997,483.7174749999999,2398.199453,114274.2902,2883.49353,292.8402928,6276.8164910000005,95375.80523,13013.986441722302,12302.339630722301,415609.50489271403
Mass,Nom,Real,CH,Hlow,HYD200,HYD200,4,NA,14,200,5423.619810741779,57542.29551098214,3891.816184,136.1509989,130.3100694,665.26361,2928.3001289999997,483.7174749999999,2398.199453,114274.2902,2883.49353,292.8402928,6276.8164910000005,95375.80523,13175.460802041778,12463.813991041778,426089.9202437357
Mass,Nom,Real,CH,Hlow,HYD200,HYD200,5,NA,14,200,5625.293880298541,60594.69616971546,3891.816184,136.1509989,130.3100694,665.26361,2928.3001289999997,483.7174749999999,2398.199453,114274.2902,2883.49353,292.8402928,6276.8164910000005,95375.80523,13377.13487159854,12665.488060598542,437069.77872838796
Mass,Nom,Real,CH,Hlow,HYD500,HYD500,3,NA,14,500,5460.887112094644,56633.5171590491,4227.816184,143.7039601,141.7646148,796.0363372999999,2928.3001289999997,614.4902023,2398.199453,124887.8811,3070.347504,313.8402928,16775.86195,95375.80523,13698.508337294645,12986.861526294644,444141.42369927873
Mass,Nom,Real,CH,Hlow,HYD500,HYD500,4,NA,14,500,5630.647820709631,59544.96890327364,4227.816184,143.7039601,141.7646148,796.0363372999999,2928.3001289999997,614.4902023,2398.199453,124887.8811,3070.347504,313.8402928,16775.86195,95375.80523,13868.26904590963,13156.622234909632,454614.2717000865
Mass,Nom,Real,CH,Hlow,HYD500,HYD500,5,NA,14,500,5834.485872044835,62598.48927440593,4227.816184,143.7039601,141.7646148,796.0363372999999,2928.3001289999997,614.4902023,2398.199453,124887.8811,3070.347504,313.8402928,16775.86195,95375.80523,14072.107097244834,13360.460286244834,465598.15792718105
Mass,Nom,Real,CH,Hlow,R,NA,NA,15.5,NA,NA,11534.79529546876,116218.99574358456,1372.836763,66.60807563,6.927247586,78.85413798,0,78.85413798,0,36110.49755,1410.668718,25.987240229999998,148.6705015,0,13060.02151966476,13060.02151966476,455749.7655334155
Mass,Nom,Real,CH,Hlow,Rb,NA,NA,7,NA,NA,4646.430525301411,43546.465832453636,615.2319376,29.93734608,3.091992859,35.4385521,0,35.4385521,0,16185.70853,634.0323934,11.64213777,66.4944848,0,5330.130353940412,5330.130353940412,173539.8409720622
Mass,Nom,Real,CH,Hlow,Rl,NA,NA,8.5,NA,NA,6888.364770167353,72672.52991113094,757.604825,36.67072956,3.8352547279999993,43.41558588,0,43.41558588,0,19924.78902,776.6363246000001,14.34510246,82.17601672,0,7729.891165335353,7729.891165335353,282209.92456137337
Mod,H1,Ideal,AK,Hhigh,HP,NA,NA,NA,6.5,NA,852.6900544569999,11579.417629232077,1637.27703,38.20523859,107.93553839999998,335.2103463,1912.703497,104.2476196,676.7641761,46517.1605,809.1351452,1997.289777,10953.3959,11241.146370000002,4884.021704747,3417.119657147,113170.70909231539
Mod,H1,Ideal,AK,Hhigh,HPl,NA,NA,NA,4.5,NA,665.518122383881,9172.561202650328,793.8182066,16.69170212,44.5649502,147.322111,615.6446734,65.82997252,283.9406467,17752.10168,353.5076162,775.5838942,2636.160605,3421.411994,2283.559765703881,1870.363600523881,57933.5902593652
Mod,H1,Ideal,AK,Hhigh,HYD1000,HYD1000,3,NA,5,1000,1980.6469661074063,30585.213263784124,3886.709717,129.357121,110.5663951,751.3172812,2253.349382,643.142466,1903.228137,121615.6096,2792.491207,198.13593049999997,26163.745390000004,73017.19654,9111.946862407407,8653.650802207407,333805.9314149249
Mod,H1,Ideal,AK,Hhigh,HYD1000,HYD1000,4,NA,5,1000,2122.101160125802,33479.70856997365,3886.709717,129.357121,110.5663951,751.3172812,2253.349382,643.142466,1903.228137,121615.6096,2792.491207,198.13593049999997,26163.745390000004,73017.19654,9253.401056425802,8795.104996225802,344217.7850343117
Mod,H1,Ideal,AK,Hhigh,HYD1000,HYD1000,5,NA,5,1000,2286.059334499582,36427.16907994881,3886.709717,129.357121,110.5663951,751.3172812,2253.349382,643.142466,1903.228137,121615.6096,2792.491207,198.13593049999997,26163.745390000004,73017.19654,9417.359230799582,8959.063170599582,354820.1609694741
Mod,H1,Ideal,AK,Hhigh,HYD200,HYD200,3,NA,8.5,200,1898.5653012461592,29225.818410350665,3385.483514,120.681432,108.9481627,541.6964042,2340.908382,391.6355458,1888.0409109999998,102461.6458,2555.869079,181.2449708,5528.381758000001,73104.75554,8396.28319614616,7793.354866746159,288960.7403505002
Mod,H1,Ideal,AK,Hhigh,HYD200,HYD200,4,NA,8.5,200,2032.982534744355,32199.942634824896,3385.483514,120.681432,108.9481627,541.6964042,2340.908382,391.6355458,1888.0409109999998,102461.6458,2555.869079,181.2449708,5528.381758000001,73104.75554,8530.700429644356,7927.772100244355,299659.02892774565
Mod,H1,Ideal,AK,Hhigh,HYD200,HYD200,5,NA,8.5,200,2196.0724393198366,35304.229354476716,3385.483514,120.681432,108.9481627,541.6964042,2340.908382,391.6355458,1888.0409109999998,102461.6458,2555.869079,181.2449708,5528.381758000001,73104.75554,8693.790334219837,8090.862004819836,310825.52791929897
Mod,H1,Ideal,AK,Hhigh,HYD500,HYD500,3,NA,6,500,1915.3672857811707,29296.625122381643,3602.709985,123.6017604,113.0254733,627.7984256,2275.239132,506.6312629,1893.2477319999998,112010.72090000001,2644.610174,194.86773600000004,16027.42721,73039.08629,8657.74206208117,8154.58349938117,309300.2559156894
Mod,H1,Ideal,AK,Hhigh,HYD500,HYD500,4,NA,6,500,2049.693893603075,32100.817240193937,3602.709985,123.6017604,113.0254733,627.7984256,2275.239132,506.6312629,1893.2477319999998,112010.72090000001,2644.610174,194.86773600000004,16027.42721,73039.08629,8792.068669903076,8288.910107203075,319387.2779222084
Mod,H1,Ideal,AK,Hhigh,HYD500,HYD500,5,NA,6,500,2206.709833037537,35042.28126842218,3602.709985,123.6017604,113.0254733,627.7984256,2275.239132,506.6312629,1893.2477319999998,112010.72090000001,2644.610174,194.86773600000004,16027.42721,73039.08629,8949.084609337537,8445.926046637538,329968.08377914457
Mod,H1,Ideal,AK,Hhigh,R,NA,NA,8.5,NA,NA,3494.2885002628454,47505.9486026407,905.1294352,41.12606002,4.964942316,48.77840259,0,48.77840259,0,23714.790190000003,870.9941822999999,17.26019482,102.2340092,0,4494.287340388845,4494.287340388845,195589.98578006352
Mod,H1,Ideal,AK,Hhigh,Rb,NA,NA,4,NA,NA,934.9299992339262,12126.46413676035,478.0107731,20.92590959,2.7351567090000004,24.84730123,0,24.84730123,0,12497.54874,443.1823885,9.151300746,55.18941343,0,1461.4491398629261,1461.4491398629261,56625.44643533913
Mod,H1,Ideal,AK,Hhigh,Rl,NA,NA,4.5,NA,NA,2559.35850102892,35379.48446588037,427.1186621,20.20015044,2.229785607,23.93110136,0,23.93110136,0,11217.24145,427.8117938,8.108894072,47.04459576,0,3032.83820053592,3032.83820053592,138964.53934471248
Mod,H1,Ideal,AK,Hlow,HP,NA,NA,NA,6.5,NA,1409.1276857719834,11579.417629232077,1637.27703,38.20523859,107.93553839999998,335.2103463,1912.703497,104.2476196,676.7641761,46517.1605,809.1351452,1997.289777,10953.3959,11241.146370000002,5440.459336061984,3973.5572884619833,113170.70909231539
Mod,H1,Ideal,AK,Hlow,HPl,NA,NA,NA,4.5,NA,1077.5239894406366,9172.561202650328,793.8182066,16.69170212,44.5649502,147.322111,615.6446734,65.82997252,283.9406467,17752.10168,353.5076162,775.5838942,2636.160605,3421.411994,2695.5656327606366,2282.3694675806364,57933.5902593652
Mod,H1,Ideal,AK,Hlow,HYD1000,HYD1000,3,NA,5,1000,2976.861331800244,30585.213263784124,3886.709717,129.357121,110.5663951,751.3172812,2253.349382,643.142466,1903.228137,121615.6096,2792.491207,198.13593049999997,26163.745390000004,73017.19654,10108.161228100244,9649.865167900243,333805.9314149249
Mod,H1,Ideal,AK,Hlow,HYD1000,HYD1000,4,NA,5,1000,3139.535824598282,33479.70856997365,3886.709717,129.357121,110.5663951,751.3172812,2253.349382,643.142466,1903.228137,121615.6096,2792.491207,198.13593049999997,26163.745390000004,73017.19654,10270.835720898282,9812.539660698283,344217.7850343117
Mod,H1,Ideal,AK,Hlow,HYD1000,HYD1000,5,NA,5,1000,3339.334006326771,36427.16907994881,3886.709717,129.357121,110.5663951,751.3172812,2253.349382,643.142466,1903.228137,121615.6096,2792.491207,198.13593049999997,26163.745390000004,73017.19654,10470.63390262677,10012.337842426772,354820.1609694741
Mod,H1,Ideal,AK,Hlow,HYD200,HYD200,3,NA,8.5,200,2920.8108675129306,29225.818410350665,3385.483514,120.681432,108.9481627,541.6964042,2340.908382,391.6355458,1888.0409109999998,102461.6458,2555.869079,181.2449708,5528.381758000001,73104.75554,9418.52876241293,8815.60043301293,288960.7403505002
Mod,H1,Ideal,AK,Hlow,HYD200,HYD200,4,NA,8.5,200,3077.01685529262,32199.942634824896,3385.483514,120.681432,108.9481627,541.6964042,2340.908382,391.6355458,1888.0409109999998,102461.6458,2555.869079,181.2449708,5528.381758000001,73104.75554,9574.73475019262,8971.80642079262,299659.02892774565
Mod,H1,Ideal,AK,Hlow,HYD200,HYD200,5,NA,8.5,200,3282.3815613394527,35304.229354476716,3385.483514,120.681432,108.9481627,541.6964042,2340.908382,391.6355458,1888.0409109999998,102461.6458,2555.869079,181.2449708,5528.381758000001,73104.75554,9780.099456239452,9177.171126839452,310825.52791929897
Mod,H1,Ideal,AK,Hlow,HYD500,HYD500,3,NA,6,500,2920.3795732972917,29296.625122381643,3602.709985,123.6017604,113.0254733,627.7984256,2275.239132,506.6312629,1893.2477319999998,112010.72090000001,2644.610174,194.86773600000004,16027.42721,73039.08629,9662.754349597291,9159.595786897291,309300.2559156894
Mod,H1,Ideal,AK,Hlow,HYD500,HYD500,4,NA,6,500,3077.1021863342685,32100.817240193937,3602.709985,123.6017604,113.0254733,627.7984256,2275.239132,506.6312629,1893.2477319999998,112010.72090000001,2644.610174,194.86773600000004,16027.42721,73039.08629,9819.476962634268,9316.31839993427,319387.2779222084
Mod,H1,Ideal,AK,Hlow,HYD500,HYD500,5,NA,6,500,3272.647100223014,35042.28126842218,3602.709985,123.6017604,113.0254733,627.7984256,2275.239132,506.6312629,1893.2477319999998,112010.72090000001,2644.610174,194.86773600000004,16027.42721,73039.08629,10015.021876523015,9511.863313823014,329968.08377914457
Mod,H1,Ideal,AK,Hlow,R,NA,NA,8.5,NA,NA,5775.6898001920235,47505.9486026407,905.1294352,41.12606002,4.964942316,48.77840259,0,48.77840259,0,23714.790190000003,870.9941822999999,17.26019482,102.2340092,0,6775.688640318024,6775.688640318024,195589.98578006352
Mod,H1,Ideal,AK,Hlow,Rb,NA,NA,4,NA,NA,1634.5504286277405,12126.46413676035,478.0107731,20.92590959,2.7351567090000004,24.84730123,0,24.84730123,0,12497.54874,443.1823885,9.151300746,55.18941343,0,2161.0695692567406,2161.0695692567406,56625.44643533913
Mod,H1,Ideal,AK,Hlow,Rl,NA,NA,4.5,NA,NA,4141.1393715642835,35379.48446588037,427.1186621,20.20015044,2.229785607,23.93110136,0,23.93110136,0,11217.24145,427.8117938,8.108894072,47.04459576,0,4614.619071071283,4614.619071071283,138964.53934471248
Mod,H1,Ideal,CH,Hhigh,HP,NA,NA,NA,12.5,NA,3752.5423007129593,51228.08385704035,1836.3662530000001,43.21056854,136.7325032,366.1839667,1981.974063,114.0082381,656.741453,52195.76159,915.1412459999999,2361.738872,12962.337689999998,12317.96599,8117.00965515296,6539.601316552959,265026.6283269941
Mod,H1,Ideal,CH,Hhigh,HPl,NA,NA,NA,7.5,NA,1944.2411212743534,27515.110675816395,992.9074291000001,21.69703207,73.36191493,178.2957314,684.9152399,75.59059101,263.9179236,23430.70276,459.51371700000004,1140.032989,4645.102396,4498.231612,3895.4184686743533,3371.7160119843534,133148.80173233233
Mod,H1,Ideal,CH,Hhigh,HYD1000,HYD1000,3,NA,8.5,1000,5924.325366905879,85281.0281058802,4340.948725,142.9694187,124.5801407,858.0098471,2703.7664399999994,707.9489887,2250.898969,133073.3879,3080.781213,253.7250766,26881.941580000002,89930.01614,14094.599938405878,13491.671609005878,559986.1400602482
Mod,H1,Ideal,CH,Hhigh,HYD1000,HYD1000,4,NA,8.5,1000,6095.256876871462,88573.72102339857,4340.948725,142.9694187,124.5801407,858.0098471,2703.7664399999994,707.9489887,2250.898969,133073.3879,3080.781213,253.7250766,26881.941580000002,89930.01614,14265.531448371461,13662.603118971461,571830.3591880121
Mod,H1,Ideal,CH,Hhigh,HYD1000,HYD1000,5,NA,8.5,1000,6289.224060897241,91964.62468993131,4340.948725,142.9694187,124.5801407,858.0098471,2703.7664399999994,707.9489887,2250.898969,133073.3879,3080.781213,253.7250766,26881.941580000002,89930.01614,14459.49863239724,13856.570302997241,584027.8543913673
Mod,H1,Ideal,CH,Hhigh,HYD200,HYD200,3,NA,11.2,200,5452.432459340352,76705.66437601278,3800.131345,132.7495187,120.50282999999999,633.4987348,2769.4356899999993,462.9374731,2266.280846,113564.5856,2811.454792,234.37503860000004,6246.577945,89995.68539,12908.75057784035,12235.034472140353,488772.33479442296
Mod,H1,Ideal,CH,Hhigh,HYD200,HYD200,4,NA,11.2,200,5590.501401216385,79531.36171512217,3800.131345,132.7495187,120.50282999999999,633.4987348,2769.4356899999993,462.9374731,2266.280846,113564.5856,2811.454792,234.37503860000004,6246.577945,89995.68539,13046.819519716384,12373.103414016385,498936.7137120826
Mod,H1,Ideal,CH,Hhigh,HYD200,HYD200,5,NA,11.2,200,5747.617276658826,82479.48864372246,3800.131345,132.7495187,120.50282999999999,633.4987348,2769.4356899999993,462.9374731,2266.280846,113564.5856,2811.454792,234.37503860000004,6246.577945,89995.68539,13203.935395158824,12530.219289458826,509541.4868365441
Mod,H1,Ideal,CH,Hhigh,HYD500,HYD500,3,NA,8.5,500,5743.298385638909,82690.44780922458,4017.357816,135.6698472,124.5801407,719.6007562,2703.7664399999994,569.5398978,2250.898969,123113.6607,2900.195887,247.9978039,16745.6234,89930.01614,13444.273385738908,12841.345056338909,530385.1479209164
Mod,H1,Ideal,CH,Hhigh,HYD500,HYD500,4,NA,8.5,500,5902.686966500664,85976.02512416971,4017.357816,135.6698472,124.5801407,719.6007562,2703.7664399999994,569.5398978,2250.898969,123113.6607,2900.195887,247.9978039,16745.6234,89930.01614,13603.661966600665,13000.733637200665,542203.7713559709
Mod,H1,Ideal,CH,Hhigh,HYD500,HYD500,5,NA,8.5,500,6084.445099244954,89362.08543883212,4017.357816,135.6698472,124.5801407,719.6007562,2703.7664399999994,569.5398978,2250.898969,123113.6607,2900.195887,247.9978039,16745.6234,89930.01614,13785.420099344954,13182.491769944954,554383.8444302961
Mod,H1,Ideal,CH,Hhigh,R,NA,NA,12.5,NA,NA,12689.082807494962,177734.90032425936,1309.377903,59.82430438,7.135255231,70.94429546,0,70.94429546,0,34317.33834,1266.997642,24.95394939,147.3944264,0,14136.364565565962,14136.364565565962,675090.8581860609
Mod,H1,Ideal,CH,Hhigh,Rb,NA,NA,4.5,NA,NA,5465.636567406337,73020.77848441026,500.8809672,22.42781567,2.794629401,26.612509709999998,0,26.612509709999998,0,13112.24204,474.9907226,9.56644025,57.07359199,0,6018.352489387337,6018.352489387337,276318.5436020711
Mod,H1,Ideal,CH,Hhigh,Rl,NA,NA,8,NA,NA,7223.446240088625,104714.12183984909,808.4969359999999,37.39648871,4.34062583,44.33178576,0,44.33178576,0,21205.0963,792.0069193,15.38750914,90.32083438999999,0,8118.012076388624,8118.012076388624,398772.3145838699
Mod,H1,Ideal,CH,Hlow,HP,NA,NA,NA,12.5,NA,5642.90074180063,51228.08385704035,1836.3662530000001,43.21056854,136.7325032,366.1839667,1981.974063,114.0082381,656.741453,52195.76159,915.1412459999999,2361.738872,12962.337689999998,12317.96599,10007.36809624063,8429.95975764063,265026.6283269941
Mod,H1,Ideal,CH,Hlow,HPl,NA,NA,NA,7.5,NA,2854.0627385374237,27515.110675816395,992.9074291000001,21.69703207,73.36191493,178.2957314,684.9152399,75.59059101,263.9179236,23430.70276,459.51371700000004,1140.032989,4645.102396,4498.231612,4805.240085937423,4281.537629247424,133148.80173233233
Mod,H1,Ideal,CH,Hlow,HYD1000,HYD1000,3,NA,8.5,1000,8680.997836044406,85281.0281058802,4340.948725,142.9694187,124.5801407,858.0098471,2703.7664399999994,707.9489887,2250.898969,133073.3879,3080.781213,253.7250766,26881.941580000002,89930.01614,16851.272407544406,16248.344078144406,559986.1400602482
Mod,H1,Ideal,CH,Hlow,HYD1000,HYD1000,4,NA,8.5,1000,8878.725106137861,88573.72102339857,4340.948725,142.9694187,124.5801407,858.0098471,2703.7664399999994,707.9489887,2250.898969,133073.3879,3080.781213,253.7250766,26881.941580000002,89930.01614,17048.99967763786,16446.071348237863,571830.3591880121
Mod,H1,Ideal,CH,Hlow,HYD1000,HYD1000,5,NA,8.5,1000,9114.83740920212,91964.62468993131,4340.948725,142.9694187,124.5801407,858.0098471,2703.7664399999994,707.9489887,2250.898969,133073.3879,3080.781213,253.7250766,26881.941580000002,89930.01614,17285.11198070212,16682.18365130212,584027.8543913673
Mod,H1,Ideal,CH,Hlow,HYD200,HYD200,3,NA,11.2,200,8080.220711338688,76705.66437601278,3800.131345,132.7495187,120.50282999999999,633.4987348,2769.4356899999993,462.9374731,2266.280846,113564.5856,2811.454792,234.37503860000004,6246.577945,89995.68539,15536.538829838686,14862.822724138688,488772.33479442296
Mod,H1,Ideal,CH,Hlow,HYD200,HYD200,4,NA,11.2,200,8245.203612384968,79531.36171512217,3800.131345,132.7495187,120.50282999999999,633.4987348,2769.4356899999993,462.9374731,2266.280846,113564.5856,2811.454792,234.37503860000004,6246.577945,89995.68539,15701.521730884968,15027.805625184968,498936.7137120826
Mod,H1,Ideal,CH,Hlow,HYD200,HYD200,5,NA,11.2,200,8441.423104698582,82479.48864372246,3800.131345,132.7495187,120.50282999999999,633.4987348,2769.4356899999993,462.9374731,2266.280846,113564.5856,2811.454792,234.37503860000004,6246.577945,89995.68539,15897.74122319858,15224.025117498582,509541.4868365441
Mod,H1,Ideal,CH,Hlow,HYD500,HYD500,3,NA,8.5,500,8450.589170267573,82690.44780922458,4017.357816,135.6698472,124.5801407,719.6007562,2703.7664399999994,569.5398978,2250.898969,123113.6607,2900.195887,247.9978039,16745.6234,89930.01614,16151.564170367572,15548.635840967572,530385.1479209164
Mod,H1,Ideal,CH,Hlow,HYD500,HYD500,4,NA,8.5,500,8636.093060326397,85976.02512416971,4017.357816,135.6698472,124.5801407,719.6007562,2703.7664399999994,569.5398978,2250.898969,123113.6607,2900.195887,247.9978039,16745.6234,89930.01614,16337.068060426396,15734.139731026396,542203.7713559709
Mod,H1,Ideal,CH,Hlow,HYD500,HYD500,5,NA,8.5,500,8857.936905755925,89362.08543883212,4017.357816,135.6698472,124.5801407,719.6007562,2703.7664399999994,569.5398978,2250.898969,123113.6607,2900.195887,247.9978039,16745.6234,89930.01614,16558.911905855923,15955.983576455925,554383.8444302961
Mod,H1,Ideal,CH,Hlow,R,NA,NA,12.5,NA,NA,19105.349890710128,177734.90032425936,1309.377903,59.82430438,7.135255231,70.94429546,0,70.94429546,0,34317.33834,1266.997642,24.95394939,147.3944264,0,20552.63164878113,20552.63164878113,675090.8581860609
Mod,H1,Ideal,CH,Hlow,Rb,NA,NA,4.5,NA,NA,8455.56900172214,73020.77848441026,500.8809672,22.42781567,2.794629401,26.612509709999998,0,26.612509709999998,0,13112.24204,474.9907226,9.56644025,57.07359199,0,9008.28492370314,9008.28492370314,276318.5436020711
Mod,H1,Ideal,CH,Hlow,Rl,NA,NA,8,NA,NA,10649.780888987985,104714.12183984909,808.4969359999999,37.39648871,4.34062583,44.33178576,0,44.33178576,0,21205.0963,792.0069193,15.38750914,90.32083438999999,0,11544.346725287984,11544.346725287984,398772.3145838699
Mod,H1,Real,AK,Hhigh,HP,NA,NA,NA,6.5,NA,824.2794400565598,11125.771857967238,1637.27703,38.20523859,107.93553839999998,335.2103463,1912.703497,104.2476196,676.7641761,46517.1605,809.1351452,1997.289777,10953.3959,11241.146370000002,4855.61109034656,3388.7090427465596,111538.88977121883
Mod,H1,Real,AK,Hhigh,HPl,NA,NA,NA,4.5,NA,666.3609411289327,9184.22602138501,793.8182066,16.69170212,44.5649502,147.322111,615.6446734,65.82997252,283.9406467,17752.10168,353.5076162,775.5838942,2636.160605,3421.411994,2284.402584448933,1871.2064192689327,57975.55003898635
Mod,H1,Real,AK,Hhigh,HYD1000,HYD1000,3,NA,5,1000,1948.2886676265957,30033.154105662394,3886.709717,129.357121,110.5663951,751.3172812,2253.349382,643.142466,1903.228137,121615.6096,2792.491207,198.13593049999997,26163.745390000004,73017.19654,9079.588563926596,8621.292503726596,331820.1071051345
Mod,H1,Real,AK,Hhigh,HYD1000,HYD1000,4,NA,5,1000,2088.8139250342006,32925.67631455625,3886.709717,129.357121,110.5663951,751.3172812,2253.349382,643.142466,1903.228137,121615.6096,2792.491207,198.13593049999997,26163.745390000004,73017.19654,9220.1138213342,8761.8177611342,342224.86325223476
Mod,H1,Real,AK,Hhigh,HYD1000,HYD1000,5,NA,5,1000,2252.0930273543413,35872.511881177554,3886.709717,129.357121,110.5663951,751.3172812,2253.349382,643.142466,1903.228137,121615.6096,2792.491207,198.13593049999997,26163.745390000004,73017.19654,9383.39292365434,8925.096863454342,352824.9911897214
Mod,H1,Real,AK,Hhigh,HYD200,HYD200,3,NA,8.5,200,1867.680702414088,28643.4330916979,3385.483514,120.681432,108.9481627,541.6964042,2340.908382,391.6355458,1888.0409109999998,102461.6458,2555.869079,181.2449708,5528.381758000001,73104.75554,8365.398597314088,7762.470267914088,286865.82913232484
Mod,H1,Real,AK,Hhigh,HYD200,HYD200,4,NA,8.5,200,2001.6070299704545,31616.982842910158,3385.483514,120.681432,108.9481627,541.6964042,2340.908382,391.6355458,1888.0409109999998,102461.6458,2555.869079,181.2449708,5528.381758000001,73104.75554,8499.324924870454,7896.3965954704545,297562.05125898763
Mod,H1,Real,AK,Hhigh,HYD200,HYD200,5,NA,8.5,200,2165.4952519396033,34721.08531467091,3385.483514,120.681432,108.9481627,541.6964042,2340.908382,391.6355458,1888.0409109999998,102461.6458,2555.869079,181.2449708,5528.381758000001,73104.75554,8663.213146839604,8060.284817439603,308727.8874883428
Mod,H1,Real,AK,Hhigh,HYD500,HYD500,3,NA,6,500,1887.2271468706972,28745.747340740098,3602.709985,123.6017604,113.0254733,627.7984256,2275.239132,506.6312629,1893.2477319999998,112010.72090000001,2644.610174,194.86773600000004,16027.42721,73039.08629,8629.601923170698,8126.443360470697,307318.68116158305
Mod,H1,Real,AK,Hhigh,HYD500,HYD500,4,NA,6,500,2020.8711677716465,31548.246818409676,3602.709985,123.6017604,113.0254733,627.7984256,2275.239132,506.6312629,1893.2477319999998,112010.72090000001,2644.610174,194.86773600000004,16027.42721,73039.08629,8763.245944071647,8260.087381371646,317399.6145344952
Mod,H1,Real,AK,Hhigh,HYD500,HYD500,5,NA,6,500,2177.887019256613,34489.19560269541,3602.709985,123.6017604,113.0254733,627.7984256,2275.239132,506.6312629,1893.2477319999998,112010.72090000001,2644.610174,194.86773600000004,16027.42721,73039.08629,8920.261795556613,8417.103232856614,327978.5669959547
Mod,H1,Real,AK,Hhigh,R,NA,NA,8.5,NA,NA,3395.021602390541,45890.612052199634,905.1294352,41.12606002,4.964942316,48.77840259,0,48.77840259,0,23714.790190000003,870.9941822999999,17.26019482,102.2340092,0,4395.020442516541,4395.020442516541,189779.42264898054
Mod,H1,Real,AK,Hhigh,Rb,NA,NA,4,NA,NA,832.3573793526273,10465.33302974891,478.0107731,20.92590959,2.7351567090000004,24.84730123,0,24.84730123,0,12497.54874,443.1823885,9.151300746,55.18941343,0,1358.8765199816273,1358.8765199816273,50650.154683499415
Mod,H1,Real,AK,Hhigh,Rl,NA,NA,4.5,NA,NA,2562.6642230379143,35425.27902245073,427.1186621,20.20015044,2.229785607,23.93110136,0,23.93110136,0,11217.24145,427.8117938,8.108894072,47.04459576,0,3036.1439225449144,3036.1439225449144,139129.26796546916
Mod,H1,Real,AK,Hlow,HP,NA,NA,NA,6.5,NA,1351.5017215082767,11125.771857967238,1637.27703,38.20523859,107.93553839999998,335.2103463,1912.703497,104.2476196,676.7641761,46517.1605,809.1351452,1997.289777,10953.3959,11241.146370000002,5382.833371798277,3915.9313241982763,111538.88977121883
Mod,H1,Real,AK,Hlow,HPl,NA,NA,NA,4.5,NA,1079.2363755338426,9184.22602138501,793.8182066,16.69170212,44.5649502,147.322111,615.6446734,65.82997252,283.9406467,17752.10168,353.5076162,775.5838942,2636.160605,3421.411994,2697.2780188538427,2284.0818536738425,57975.55003898635
Mod,H1,Real,AK,Hlow,HYD1000,HYD1000,3,NA,5,1000,2909.6616142974194,30033.154105662394,3886.709717,129.357121,110.5663951,751.3172812,2253.349382,643.142466,1903.228137,121615.6096,2792.491207,198.13593049999997,26163.745390000004,73017.19654,10040.961510597419,9582.66545039742,331820.1071051345
Mod,H1,Real,AK,Hlow,HYD1000,HYD1000,4,NA,5,1000,3071.0361165494623,32925.67631455625,3886.709717,129.357121,110.5663951,751.3172812,2253.349382,643.142466,1903.228137,121615.6096,2792.491207,198.13593049999997,26163.745390000004,73017.19654,10202.336012849462,9744.039952649462,342224.86325223476
Mod,H1,Real,AK,Hlow,HYD1000,HYD1000,5,NA,5,1000,3269.470585219808,35872.511881177554,3886.709717,129.357121,110.5663951,751.3172812,2253.349382,643.142466,1903.228137,121615.6096,2792.491207,198.13593049999997,26163.745390000004,73017.19654,10400.770481519809,9942.474421319808,352824.9911897214
Mod,H1,Real,AK,Hlow,HYD200,HYD200,3,NA,8.5,200,2853.3841281411,28643.4330916979,3385.483514,120.681432,108.9481627,541.6964042,2340.908382,391.6355458,1888.0409109999998,102461.6458,2555.869079,181.2449708,5528.381758000001,73104.75554,9351.1020230411,8748.1736936411,286865.82913232484
Mod,H1,Real,AK,Hlow,HYD200,HYD200,4,NA,8.5,200,3008.8696162327615,31616.982842910158,3385.483514,120.681432,108.9481627,541.6964042,2340.908382,391.6355458,1888.0409109999998,102461.6458,2555.869079,181.2449708,5528.381758000001,73104.75554,9506.58751113276,8903.65918173276,297562.05125898763
Mod,H1,Real,AK,Hlow,HYD200,HYD200,5,NA,8.5,200,3214.365246923387,34721.08531467091,3385.483514,120.681432,108.9481627,541.6964042,2340.908382,391.6355458,1888.0409109999998,102461.6458,2555.869079,181.2449708,5528.381758000001,73104.75554,9712.083141823387,9109.154812423387,308727.8874883428
Mod,H1,Real,AK,Hlow,HYD500,HYD500,3,NA,6,500,2857.8189720057007,28745.747340740098,3602.709985,123.6017604,113.0254733,627.7984256,2275.239132,506.6312629,1893.2477319999998,112010.72090000001,2644.610174,194.86773600000004,16027.42721,73039.08629,9600.1937483057,9097.035185605702,307318.68116158305
Mod,H1,Real,AK,Hlow,HYD500,HYD500,4,NA,6,500,3013.8183649218035,31548.246818409676,3602.709985,123.6017604,113.0254733,627.7984256,2275.239132,506.6312629,1893.2477319999998,112010.72090000001,2644.610174,194.86773600000004,16027.42721,73039.08629,9756.193141221804,9253.034578521805,317399.6145344952
Mod,H1,Real,AK,Hlow,HYD500,HYD500,5,NA,6,500,3208.609162103111,34489.19560269541,3602.709985,123.6017604,113.0254733,627.7984256,2275.239132,506.6312629,1893.2477319999998,112010.72090000001,2644.610174,194.86773600000004,16027.42721,73039.08629,9950.983938403111,9447.825375703113,327978.5669959547
Mod,H1,Real,AK,Hlow,R,NA,NA,8.5,NA,NA,5572.645070643586,45890.612052199634,905.1294352,41.12606002,4.964942316,48.77840259,0,48.77840259,0,23714.790190000003,870.9941822999999,17.26019482,102.2340092,0,6572.643910769587,6572.643910769587,189779.42264898054
Mod,H1,Real,AK,Hlow,Rb,NA,NA,4,NA,NA,1424.7750439817407,10465.33302974891,478.0107731,20.92590959,2.7351567090000004,24.84730123,0,24.84730123,0,12497.54874,443.1823885,9.151300746,55.18941343,0,1951.2941846107408,1951.2941846107408,50650.154683499415
Mod,H1,Real,AK,Hlow,Rl,NA,NA,4.5,NA,NA,4147.870026661846,35425.27902245073,427.1186621,20.20015044,2.229785607,23.93110136,0,23.93110136,0,11217.24145,427.8117938,8.108894072,47.04459576,0,4621.349726168845,4621.349726168845,139129.26796546916
Mod,H1,Real,CH,Hhigh,HP,NA,NA,NA,12.5,NA,3257.951543131321,43687.26794185701,1836.3662530000001,43.21056854,136.7325032,366.1839667,1981.974063,114.0082381,656.741453,52195.76159,915.1412459999999,2361.738872,12962.337689999998,12317.96599,7622.418897571321,6045.010558971321,237901.391222018
Mod,H1,Real,CH,Hhigh,HPl,NA,NA,NA,7.5,NA,1953.7824115359272,27655.337732325654,992.9074291000001,21.69703207,73.36191493,178.2957314,684.9152399,75.59059101,263.9179236,23430.70276,459.51371700000004,1140.032989,4645.102396,4498.231612,3904.9597589359273,3381.2573022459273,133653.2156046678
Mod,H1,Real,CH,Hhigh,HYD1000,HYD1000,3,NA,8.5,1000,5333.457718978823,75913.32632967552,4340.948725,142.9694187,124.5801407,858.0098471,2703.7664399999994,707.9489887,2250.898969,133073.3879,3080.781213,253.7250766,26881.941580000002,89930.01614,13503.732290478823,12900.803961078824,526289.3710810946
Mod,H1,Real,CH,Hhigh,HYD1000,HYD1000,4,NA,8.5,1000,5504.379088876038,79198.09704051714,4340.948725,142.9694187,124.5801407,858.0098471,2703.7664399999994,707.9489887,2250.898969,133073.3879,3080.781213,253.7250766,26881.941580000002,89930.01614,13674.653660376038,13071.725330976038,538105.0930625394
Mod,H1,Real,CH,Hhigh,HYD1000,HYD1000,5,NA,8.5,1000,5697.112652725219,82587.85598295186,4340.948725,142.9694187,124.5801407,858.0098471,2703.7664399999994,707.9489887,2250.898969,133073.3879,3080.781213,253.7250766,26881.941580000002,89930.01614,13867.387224225218,13264.458894825219,550298.4705533118
Mod,H1,Real,CH,Hhigh,HYD200,HYD200,3,NA,11.2,200,4817.373141868324,66906.87568901514,3800.131345,132.7495187,120.50282999999999,633.4987348,2769.4356899999993,462.9374731,2266.280846,113564.5856,2811.454792,234.37503860000004,6246.577945,89995.68539,12273.691260368323,11599.975154668324,453524.8934742876
Mod,H1,Real,CH,Hhigh,HYD200,HYD200,4,NA,11.2,200,4955.680481463105,69734.05173904423,3800.131345,132.7495187,120.50282999999999,633.4987348,2769.4356899999993,462.9374731,2266.280846,113564.5856,2811.454792,234.37503860000004,6246.577945,89995.68539,12411.998599963103,11738.282494263105,463694.5914959749
Mod,H1,Real,CH,Hhigh,HYD200,HYD200,5,NA,11.2,200,5112.86939077076,72676.8267437173,3800.131345,132.7495187,120.50282999999999,633.4987348,2769.4356899999993,462.9374731,2266.280846,113564.5856,2811.454792,234.37503860000004,6246.577945,89995.68539,12569.18750927076,11895.47140357076,474280.1130955184
Mod,H1,Real,CH,Hhigh,HYD500,HYD500,3,NA,8.5,500,5151.168557968634,73336.16672610209,4017.357816,135.6698472,124.5801407,719.6007562,2703.7664399999994,569.5398978,2250.898969,123113.6607,2900.195887,247.9978039,16745.6234,89930.01614,12852.143558068634,12249.215228668634,496736.6548161593
Mod,H1,Real,CH,Hhigh,HYD500,HYD500,4,NA,8.5,500,5310.479491640536,76615.7535069777,4017.357816,135.6698472,124.5801407,719.6007562,2703.7664399999994,569.5398978,2250.898969,123113.6607,2900.195887,247.9978039,16745.6234,89930.01614,13011.454491740536,12408.526162340537,508533.72956751037
Mod,H1,Real,CH,Hhigh,HYD500,HYD500,5,NA,8.5,500,5491.195804503794,80000.67549530309,4017.357816,135.6698472,124.5801407,719.6007562,2703.7664399999994,569.5398978,2250.898969,123113.6607,2900.195887,247.9978039,16745.6234,89930.01614,13192.170804603793,12589.242475203793,520709.7079427816
Mod,H1,Real,CH,Hhigh,R,NA,NA,12.5,NA,NA,11205.921781787712,154656.49870156482,1309.377903,59.82430438,7.135255231,70.94429546,0,70.94429546,0,34317.33834,1266.997642,24.95394939,147.3944264,0,12653.203539858712,12653.203539858712,592075.0250109008
Mod,H1,Real,CH,Hhigh,Rb,NA,NA,4.5,NA,NA,3946.2554975401176,49390.546970989635,500.8809672,22.42781567,2.794629401,26.612509709999998,0,26.612509709999998,0,13112.24204,474.9907226,9.56644025,57.07359199,0,4498.971419521118,4498.971419521118,191317.71081998255
Mod,H1,Real,CH,Hhigh,Rl,NA,NA,8,NA,NA,7259.666284247594,105265.95173057522,808.4969359999999,37.39648871,4.34062583,44.33178576,0,44.33178576,0,21205.0963,792.0069193,15.38750914,90.32083438999999,0,8154.232120547595,8154.232120547595,400757.3141907984
Mod,H1,Real,CH,Hlow,HP,NA,NA,NA,12.5,NA,4836.529693562581,43687.26794185701,1836.3662530000001,43.21056854,136.7325032,366.1839667,1981.974063,114.0082381,656.741453,52195.76159,915.1412459999999,2361.738872,12962.337689999998,12317.96599,9200.997048002582,7623.588709402581,237901.391222018
Mod,H1,Real,CH,Hlow,HPl,NA,NA,NA,7.5,NA,2869.2797071619552,27655.337732325654,992.9074291000001,21.69703207,73.36191493,178.2957314,684.9152399,75.59059101,263.9179236,23430.70276,459.51371700000004,1140.032989,4645.102396,4498.231612,4820.457054561955,4296.754597871955,133653.2156046678
Mod,H1,Real,CH,Hlow,HYD1000,HYD1000,3,NA,8.5,1000,7705.405817485499,75913.32632967552,4340.948725,142.9694187,124.5801407,858.0098471,2703.7664399999994,707.9489887,2250.898969,133073.3879,3080.781213,253.7250766,26881.941580000002,89930.01614,15875.6803889855,15272.7520595855,526289.3710810946
Mod,H1,Real,CH,Hlow,HYD1000,HYD1000,4,NA,8.5,1000,7903.134868559032,79198.09704051714,4340.948725,142.9694187,124.5801407,858.0098471,2703.7664399999994,707.9489887,2250.898969,133073.3879,3080.781213,253.7250766,26881.941580000002,89930.01614,16073.409440059033,15470.481110659033,538105.0930625394
Mod,H1,Real,CH,Hlow,HYD1000,HYD1000,5,NA,8.5,1000,8136.531390060805,82587.85598295186,4340.948725,142.9694187,124.5801407,858.0098471,2703.7664399999994,707.9489887,2250.898969,133073.3879,3080.781213,253.7250766,26881.941580000002,89930.01614,16306.805961560805,15703.877632160806,550298.4705533118
Mod,H1,Real,CH,Hlow,HYD200,HYD200,3,NA,11.2,200,7041.779503970243,66906.87568901514,3800.131345,132.7495187,120.50282999999999,633.4987348,2769.4356899999993,462.9374731,2266.280846,113564.5856,2811.454792,234.37503860000004,6246.577945,89995.68539,14498.097622470243,13824.381516770243,453524.8934742876
Mod,H1,Real,CH,Hlow,HYD200,HYD200,4,NA,11.2,200,7207.840819126599,69734.05173904423,3800.131345,132.7495187,120.50282999999999,633.4987348,2769.4356899999993,462.9374731,2266.280846,113564.5856,2811.454792,234.37503860000004,6246.577945,89995.68539,14664.158937626598,13990.442831926599,463694.5914959749
Mod,H1,Real,CH,Hlow,HYD200,HYD200,5,NA,11.2,200,7402.462435731175,72676.8267437173,3800.131345,132.7495187,120.50282999999999,633.4987348,2769.4356899999993,462.9374731,2266.280846,113564.5856,2811.454792,234.37503860000004,6246.577945,89995.68539,14858.780554231173,14185.064448531175,474280.1130955184
Mod,H1,Real,CH,Hlow,HYD500,HYD500,3,NA,8.5,500,7472.7841039209625,73336.16672610209,4017.357816,135.6698472,124.5801407,719.6007562,2703.7664399999994,569.5398978,2250.898969,123113.6607,2900.195887,247.9978039,16745.6234,89930.01614,15173.759104020963,14570.830774620963,496736.6548161593
Mod,H1,Real,CH,Hlow,HYD500,HYD500,4,NA,8.5,500,7659.1222637745495,76615.7535069777,4017.357816,135.6698472,124.5801407,719.6007562,2703.7664399999994,569.5398978,2250.898969,123113.6607,2900.195887,247.9978039,16745.6234,89930.01614,15360.09726387455,14757.16893447455,508533.72956751037
Mod,H1,Real,CH,Hlow,HYD500,HYD500,5,NA,8.5,500,7879.429357724348,80000.67549530309,4017.357816,135.6698472,124.5801407,719.6007562,2703.7664399999994,569.5398978,2250.898969,123113.6607,2900.195887,247.9978039,16745.6234,89930.01614,15580.404357824347,14977.476028424348,520709.7079427816
Mod,H1,Real,CH,Hlow,R,NA,NA,12.5,NA,NA,16666.53030719313,154656.49870156482,1309.377903,59.82430438,7.135255231,70.94429546,0,70.94429546,0,34317.33834,1266.997642,24.95394939,147.3944264,0,18113.812065264134,18113.812065264134,592075.0250109008
Mod,H1,Real,CH,Hlow,Rb,NA,NA,4.5,NA,NA,5958.321704835796,49390.546970989635,500.8809672,22.42781567,2.794629401,26.612509709999998,0,26.612509709999998,0,13112.24204,474.9907226,9.56644025,57.07359199,0,6511.037626816796,6511.037626816796,191317.71081998255
Mod,H1,Real,CH,Hlow,Rl,NA,NA,8,NA,NA,10708.208602357337,105265.95173057522,808.4969359999999,37.39648871,4.34062583,44.33178576,0,44.33178576,0,21205.0963,792.0069193,15.38750914,90.32083438999999,0,11602.774438657336,11602.774438657336,400757.3141907984
Mod,Nom,Ideal,AK,Hhigh,HP,NA,NA,NA,11,NA,1318.1824357890782,17899.191693990982,1869.5477900000003,44.044790199999994,141.5319973,371.3462367000001,1993.5191580000003,119.1705081,657.0050913,53142.1951,932.8089294,2422.480388,13297.161320000001,12497.43593,5738.172407989079,4149.482612689078,146677.66330046108
Mod,Nom,Ideal,AK,Hhigh,HPl,NA,NA,NA,8,NA,844.7977041481773,11460.161627264071,1026.088966,22.53125373,78.16140906,183.4580014,696.4603343,80.75286101,264.1815619,24377.13627,477.1814004,1200.774505,4979.926028,4677.701549,2851.4976686381774,2316.5137558481774,76936.32272817004
Mod,Nom,Ideal,AK,Hhigh,HYD1000,HYD1000,3,NA,6,1000,2632.2610543252613,39071.76778219744,4148.195171,136.4779224,116.1585478,801.5562350000001,2547.382675,680.3890723999999,2165.391276,129499.26609999998,2943.300125,234.90963350000004,26702.39253,85658.03174,10382.031605525262,9878.873043925261,385583.82740259153
Mod,Nom,Ideal,AK,Hhigh,HYD1000,HYD1000,4,NA,6,1000,2774.0667868426735,41870.423559996605,4148.195171,136.4779224,116.1585478,801.5562350000001,2547.382675,680.3890723999999,2165.391276,129499.26609999998,2943.300125,234.90963350000004,26702.39253,85658.03174,10523.837338042675,10020.678776442674,395650.934516977
Mod,Nom,Ideal,AK,Hhigh,HYD1000,HYD1000,5,NA,6,1000,2940.9111291810195,44817.89704847016,4148.195171,136.4779224,116.1585478,801.5562350000001,2547.382675,680.3890723999999,2165.391276,129499.26609999998,2943.300125,234.90963350000004,26702.39253,85658.03174,10690.68168038102,10187.52311878102,406253.35713738546
Mod,Nom,Ideal,AK,Hhigh,HYD200,HYD200,3,NA,11.2,200,2113.953942196616,31338.446603654316,3726.151321,130.8906552,119.4584719,621.7158286,2678.721175,451.15456689999996,2175.566332,111054.9796,2772.086583,222.9368304,6067.028898,85789.37024,9390.891393896616,8717.175289196615,318634.6273444011
Mod,Nom,Ideal,AK,Hhigh,HYD200,HYD200,4,NA,11.2,200,2223.5424145116904,33740.49397785607,3726.151321,130.8906552,119.4584719,621.7158286,2678.721175,451.15456689999996,2175.566332,111054.9796,2772.086583,222.9368304,6067.028898,85789.37024,9500.47986621169,8826.76376151169,327275.08552498295
Mod,Nom,Ideal,AK,Hhigh,HYD200,HYD200,5,NA,11.2,200,2357.705443080329,36268.780673723406,3726.151321,130.8906552,119.4584719,621.7158286,2678.721175,451.15456689999996,2175.566332,111054.9796,2772.086583,222.9368304,6067.028898,85789.37024,9634.642894780329,8960.926790080328,336369.6419849374
Mod,Nom,Ideal,AK,Hhigh,HYD500,HYD500,3,NA,8.5,500,2625.811424136389,39050.91121947218,3943.377791,133.8109837,123.5357826,707.8178500000001,2613.051925,557.7569916,2160.184455,120604.0547,2860.827679,236.55959560000002,16566.07435,85723.70099,10147.40575643639,9544.477428036389,366462.1209817661
Mod,Nom,Ideal,AK,Hhigh,HYD500,HYD500,4,NA,8.5,500,2766.676691652486,42018.04930138656,3943.377791,133.8109837,123.5357826,707.8178500000001,2613.051925,557.7569916,2160.184455,120604.0547,2860.827679,236.55959560000002,16566.07435,85723.70099,10288.271023952486,9685.342695552486,377135.2795498034
Mod,Nom,Ideal,AK,Hhigh,HYD500,HYD500,5,NA,8.5,500,2932.6258571255,45120.170792862686,3943.377791,133.8109837,123.5357826,707.8178500000001,2613.051925,557.7569916,2160.184455,120604.0547,2860.827679,236.55959560000002,16566.07435,85723.70099,10454.2201894255,9851.2918610255,388293.98995079665
Mod,Nom,Ideal,AK,Hhigh,R,NA,NA,12,NA,NA,5238.626582858132,71200.72647022989,1286.507709,58.322398299999996,7.075782539,69.17908698,0,69.17908698,0,33702.64504,1235.189308,24.53880988,145.5102478,0,6659.711559677132,6659.711559677132,291225.60452161473
Mod,Nom,Ideal,AK,Hhigh,Rb,NA,NA,4,NA,NA,1787.714942567539,24297.04860874439,478.0107731,20.92590959,2.7351567090000004,24.84730123,0,24.84730123,0,12497.54874,443.1823885,9.151300746,55.18941343,0,2314.2340831965394,2314.2340831965394,100404.52726981409
Mod,Nom,Ideal,AK,Hhigh,Rl,NA,NA,8,NA,NA,3450.9116402905925,46903.67786148547,808.4969359999999,37.39648871,4.34062583,44.33178576,0,44.33178576,0,21205.0963,792.0069193,15.38750914,90.32083438999999,0,4345.477476590593,4345.477476590593,190821.07725162667
Mod,Nom,Ideal,AK,Hlow,HP,NA,NA,NA,11,NA,2137.241021057904,17899.191693990982,1869.5477900000003,44.044790199999994,141.5319973,371.3462367000001,1993.5191580000003,119.1705081,657.0050913,53142.1951,932.8089294,2422.480388,13297.161320000001,12497.43593,6557.230993257905,4968.541197957904,146677.66330046108
Mod,Nom,Ideal,AK,Hlow,HPl,NA,NA,NA,8,NA,1329.5158013063183,11460.161627264071,1026.088966,22.53125373,78.16140906,183.4580014,696.4603343,80.75286101,264.1815619,24377.13627,477.1814004,1200.774505,4979.926028,4677.701549,3336.2157657963185,2801.2318530063185,76936.32272817004
Mod,Nom,Ideal,AK,Hlow,HYD1000,HYD1000,3,NA,6,1000,3998.8743011464385,39071.76778219744,4148.195171,136.4779224,116.1585478,801.5562350000001,2547.382675,680.3890723999999,2165.391276,129499.26609999998,2943.300125,234.90963350000004,26702.39253,85658.03174,11748.644852346439,11245.486290746438,385583.82740259153
Mod,Nom,Ideal,AK,Hlow,HYD1000,HYD1000,4,NA,6,1000,4165.366389576827,41870.423559996605,4148.195171,136.4779224,116.1585478,801.5562350000001,2547.382675,680.3890723999999,2165.391276,129499.26609999998,2943.300125,234.90963350000004,26702.39253,85658.03174,11915.136940776825,11411.978379176826,395650.934516977
Mod,Nom,Ideal,AK,Hlow,HYD1000,HYD1000,5,NA,6,1000,4371.019155560715,44817.89704847016,4148.195171,136.4779224,116.1585478,801.5562350000001,2547.382675,680.3890723999999,2165.391276,129499.26609999998,2943.300125,234.90963350000004,26702.39253,85658.03174,12120.789706760715,11617.631145160714,406253.35713738546
Mod,Nom,Ideal,AK,Hlow,HYD200,HYD200,3,NA,11.2,200,3279.812365255576,31338.446603654316,3726.151321,130.8906552,119.4584719,621.7158286,2678.721175,451.15456689999996,2175.566332,111054.9796,2772.086583,222.9368304,6067.028898,85789.37024,10556.749816955577,9883.033712255576,318634.6273444011
Mod,Nom,Ideal,AK,Hlow,HYD200,HYD200,4,NA,11.2,200,3407.9689354629822,33740.49397785607,3726.151321,130.8906552,119.4584719,621.7158286,2678.721175,451.15456689999996,2175.566332,111054.9796,2772.086583,222.9368304,6067.028898,85789.37024,10684.906387162982,10011.190282462981,327275.08552498295
Mod,Nom,Ideal,AK,Hlow,HYD200,HYD200,5,NA,11.2,200,3577.71809777402,36268.780673723406,3726.151321,130.8906552,119.4584719,621.7158286,2678.721175,451.15456689999996,2175.566332,111054.9796,2772.086583,222.9368304,6067.028898,85789.37024,10854.65554947402,10180.93944477402,336369.6419849374
Mod,Nom,Ideal,AK,Hlow,HYD500,HYD500,3,NA,8.5,500,4020.4474003662863,39050.91121947218,3943.377791,133.8109837,123.5357826,707.8178500000001,2613.051925,557.7569916,2160.184455,120604.0547,2860.827679,236.55959560000002,16566.07435,85723.70099,11542.041732666286,10939.113404266287,366462.1209817661
Mod,Nom,Ideal,AK,Hlow,HYD500,HYD500,4,NA,8.5,500,4183.626348034238,42018.04930138656,3943.377791,133.8109837,123.5357826,707.8178500000001,2613.051925,557.7569916,2160.184455,120604.0547,2860.827679,236.55959560000002,16566.07435,85723.70099,11705.220680334236,11102.292351934237,377135.2795498034
Mod,Nom,Ideal,AK,Hlow,HYD500,HYD500,5,NA,8.5,500,4390.425035987799,45120.170792862686,3943.377791,133.8109837,123.5357826,707.8178500000001,2613.051925,557.7569916,2160.184455,120604.0547,2860.827679,236.55959560000002,16566.07435,85723.70099,11912.019368287796,11309.091039887797,388293.98995079665
Mod,Nom,Ideal,AK,Hlow,R,NA,NA,12,NA,NA,8487.594222064714,71200.72647022989,1286.507709,58.322398299999996,7.075782539,69.17908698,0,69.17908698,0,33702.64504,1235.189308,24.53880988,145.5102478,0,9908.679198883714,9908.679198883714,291225.60452161473
Mod,Nom,Ideal,AK,Hlow,Rb,NA,NA,4,NA,NA,3057.126773689796,24297.04860874439,478.0107731,20.92590959,2.7351567090000004,24.84730123,0,24.84730123,0,12497.54874,443.1823885,9.151300746,55.18941343,0,3583.6459143187963,3583.6459143187963,100404.52726981409
Mod,Nom,Ideal,AK,Hlow,Rl,NA,NA,8,NA,NA,5430.467448374917,46903.67786148547,808.4969359999999,37.39648871,4.34062583,44.33178576,0,44.33178576,0,21205.0963,792.0069193,15.38750914,90.32083438999999,0,6325.033284674917,6325.033284674917,190821.07725162667
Mod,Nom,Ideal,CH,Hhigh,HP,NA,NA,NA,16,NA,4810.6733164071065,65843.05759929077,2416.268872,60.37758576,139.0069502,470.3389292,1732.919147,293.5161418,648.0123878,59252.55446,1278.715391,2526.881406,19899.98516,9125.817241,9629.584800567107,8367.855253967107,328929.48459070054
Mod,Nom,Ideal,CH,Hhigh,HPl,NA,NA,NA,9.5,NA,2148.4365316796607,30122.980479471356,1125.633577,25.033918700000005,92.55989142000001,198.9448116,731.0956175,96.23967121000001,268.7770936,27216.43681,530.1844508,1382.9990530000002,5984.396923,5216.111359,4321.70434789966,3756.6806836096607,148686.17348598473
Mod,Nom,Ideal,CH,Hhigh,HYD1000,HYD1000,3,NA,14,1000,7062.571135442438,99662.28507215106,4908.774199,159.9847908,142.0973227,991.3755545,3266.787762,809.8294195,2736.687087,147395.6109,3441.14372,323.2115092,27779.68681,111071.04060000001,16531.590764442437,15819.943954442437,648508.1218562901
Mod,Nom,Ideal,CH,Hhigh,HYD1000,HYD1000,4,NA,14,1000,7218.157004123953,102595.4575883662,4908.774199,159.9847908,142.0973227,991.3755545,3266.787762,809.8294195,2736.687087,147395.6109,3441.14372,323.2115092,27779.68681,111071.04060000001,16687.176633123952,15975.529823123952,659059.1021304452
Mod,Nom,Ideal,CH,Hhigh,HYD1000,HYD1000,5,NA,14,1000,7394.391782268111,105651.01784685595,4908.774199,159.9847908,142.0973227,991.3755545,3266.787762,809.8294195,2736.687087,147395.6109,3441.14372,323.2115092,27779.68681,111071.04060000001,16863.41141126811,16151.764601268109,670050.3260818473
Mod,Nom,Ideal,CH,Hhigh,HYD200,HYD200,3,NA,14,200,6734.204469584436,95249.49967660302,4249.18329,145.1322581,130.6427773,722.1937363,3266.787762,540.6476013,2736.687087,126822.2927,3073.70442,296.4842365,7144.323178,111071.04060000001,15248.144293284435,14536.497483284435,591031.9446906259
Mod,Nom,Ideal,CH,Hhigh,HYD200,HYD200,4,NA,14,200,6871.37185619574,98166.45131690042,4249.18329,145.1322581,130.6427773,722.1937363,3266.787762,540.6476013,2736.687087,126822.2927,3073.70442,296.4842365,7144.323178,111071.04060000001,15385.31167989574,14673.66486989574,601524.5764902569
Mod,Nom,Ideal,CH,Hhigh,HYD200,HYD200,5,NA,14,200,7034.51886928128,101222.86588756877,4249.18329,145.1322581,130.6427773,722.1937363,3266.787762,540.6476013,2736.687087,126822.2927,3073.70442,296.4842365,7144.323178,111071.04060000001,15548.45869298128,14836.81188298128,612518.8735070495
Mod,Nom,Ideal,CH,Hhigh,HYD500,HYD500,3,NA,14,500,6882.908209133597,97179.54775663231,4585.18329,152.6852193,142.0973227,852.9664635999999,3266.787762,671.4203286,2736.687087,137435.8836,3260.558394,317.4842365,17643.36863,111071.04060000001,15882.628266733595,15170.981456733594,619295.054009537
Mod,Nom,Ideal,CH,Hhigh,HYD500,HYD500,4,NA,14,500,7025.362271805254,100092.6492102356,4585.18329,152.6852193,142.0973227,852.9664635999999,3266.787762,671.4203286,2736.687087,137435.8836,3260.558394,317.4842365,17643.36863,111071.04060000001,16025.082329405253,15313.435519405253,629773.8362167431
Mod,Nom,Ideal,CH,Hhigh,HYD500,HYD500,5,NA,14,500,7191.04696606842,103144.62778861032,4585.18329,152.6852193,142.0973227,852.9664635999999,3266.787762,671.4203286,2736.687087,137435.8836,3260.558394,317.4842365,17643.36863,111071.04060000001,16190.767023668419,15479.120213668419,640752.1764267241
Mod,Nom,Ideal,CH,Hhigh,R,NA,NA,15.5,NA,NA,16398.130750820914,229397.9453715654,1446.5990679999998,68.83574087,7.49209138,81.53554633,0,81.53554633,0,38005.49814,1457.847647,27.444786409999995,158.6994977,0,18002.593197400915,18002.593197400915,864821.9554364531
Mod,Nom,Ideal,CH,Hhigh,Rb,NA,NA,6.5,NA,NA,7773.0155826826085,106178.23100971791,592.3617435,28.43544,3.0325201669999995,33.67334362,0,33.67334362,0,15571.01523,602.2240592,11.226998269999998,64.61030624,0,8430.518629969607,8430.518629969607,398185.15936247946
Mod,Nom,Ideal,CH,Hhigh,Rl,NA,NA,9,NA,NA,8625.115168138305,123219.71436184755,854.2373242,40.40030087,4.459571213,47.86220271,0,47.86220271,0,22434.4829,855.6235876,16.21778814,94.08919150999999,0,9572.074567131303,9572.074567131303,466636.7960638239
Mod,Nom,Ideal,CH,Hlow,HP,NA,NA,NA,16,NA,7063.852758654992,65843.05759929077,2416.268872,60.37758576,139.0069502,470.3389292,1732.919147,293.5161418,648.0123878,59252.55446,1278.715391,2526.881406,19899.98516,9125.817241,11882.764242814992,10621.034696214992,328929.48459070054
Mod,Nom,Ideal,CH,Hlow,HPl,NA,NA,NA,9.5,NA,3085.26206418341,30122.980479471356,1125.633577,25.033918700000005,92.55989142000001,198.9448116,731.0956175,96.23967121000001,268.7770936,27216.43681,530.1844508,1382.9990530000002,5984.396923,5216.111359,5258.52988040341,4693.506216113409,148686.17348598473
Mod,Nom,Ideal,CH,Hlow,HYD1000,HYD1000,3,NA,14,1000,10217.52486402901,99662.28507215106,4908.774199,159.9847908,142.0973227,991.3755545,3266.787762,809.8294195,2736.687087,147395.6109,3441.14372,323.2115092,27779.68681,111071.04060000001,19686.54449302901,18974.89768302901,648508.1218562901
Mod,Nom,Ideal,CH,Hlow,HYD1000,HYD1000,4,NA,14,1000,10400.09382174304,102595.4575883662,4908.774199,159.9847908,142.0973227,991.3755545,3266.787762,809.8294195,2736.687087,147395.6109,3441.14372,323.2115092,27779.68681,111071.04060000001,19869.11345074304,19157.466640743038,659059.1021304452
Mod,Nom,Ideal,CH,Hlow,HYD1000,HYD1000,5,NA,14,1000,10616.458516271006,105651.01784685595,4908.774199,159.9847908,142.0973227,991.3755545,3266.787762,809.8294195,2736.687087,147395.6109,3441.14372,323.2115092,27779.68681,111071.04060000001,20085.478145271005,19373.831335271003,670050.3260818473
Mod,Nom,Ideal,CH,Hlow,HYD200,HYD200,3,NA,14,200,9810.70015742483,95249.49967660302,4249.18329,145.1322581,130.6427773,722.1937363,3266.787762,540.6476013,2736.687087,126822.2927,3073.70442,296.4842365,7144.323178,111071.04060000001,18324.639981124827,17612.99317112483,591031.9446906259
Mod,Nom,Ideal,CH,Hlow,HYD200,HYD200,4,NA,14,200,9972.86673085039,98166.45131690042,4249.18329,145.1322581,130.6427773,722.1937363,3266.787762,540.6476013,2736.687087,126822.2927,3073.70442,296.4842365,7144.323178,111071.04060000001,18486.806554550392,17775.15974455039,601524.5764902569
Mod,Nom,Ideal,CH,Hlow,HYD200,HYD200,5,NA,14,200,10175.776071568514,101222.86588756877,4249.18329,145.1322581,130.6427773,722.1937363,3266.787762,540.6476013,2736.687087,126822.2927,3073.70442,296.4842365,7144.323178,111071.04060000001,18689.715895268513,17978.069085268515,612518.8735070495
Mod,Nom,Ideal,CH,Hlow,HYD500,HYD500,3,NA,14,500,9994.127158391648,97179.54775663231,4585.18329,152.6852193,142.0973227,852.9664635999999,3266.787762,671.4203286,2736.687087,137435.8836,3260.558394,317.4842365,17643.36863,111071.04060000001,18993.847215991645,18282.200405991643,619295.054009537
Mod,Nom,Ideal,CH,Hlow,HYD500,HYD500,4,NA,14,500,10161.435690713017,100092.6492102356,4585.18329,152.6852193,142.0973227,852.9664635999999,3266.787762,671.4203286,2736.687087,137435.8836,3260.558394,317.4842365,17643.36863,111071.04060000001,19161.155748313016,18449.508938313014,629773.8362167431
Mod,Nom,Ideal,CH,Hlow,HYD500,HYD500,5,NA,14,500,10366.402353209309,103144.62778861032,4585.18329,152.6852193,142.0973227,852.9664635999999,3266.787762,671.4203286,2736.687087,137435.8836,3260.558394,317.4842365,17643.36863,111071.04060000001,19366.12241080931,18654.475600809306,640752.1764267241
Mod,Nom,Ideal,CH,Hlow,R,NA,NA,15.5,NA,NA,24077.86304687145,229397.9453715654,1446.5990679999998,68.83574087,7.49209138,81.53554633,0,81.53554633,0,38005.49814,1457.847647,27.444786409999995,158.6994977,0,25682.32549345145,25682.32549345145,864821.9554364531
Mod,Nom,Ideal,CH,Hlow,Rb,NA,NA,6.5,NA,NA,11632.6123029101,106178.23100971791,592.3617435,28.43544,3.0325201669999995,33.67334362,0,33.67334362,0,15571.01523,602.2240592,11.226998269999998,64.61030624,0,12290.115350197098,12290.115350197098,398185.15936247946
Mod,Nom,Ideal,CH,Hlow,Rl,NA,NA,9,NA,NA,12445.25074396135,123219.71436184755,854.2373242,40.40030087,4.459571213,47.86220271,0,47.86220271,0,22434.4829,855.6235876,16.21778814,94.08919150999999,0,13392.210142954347,13392.210142954347,466636.7960638239
Mod,Nom,Real,AK,Hhigh,HP,NA,NA,NA,11,NA,1204.4336753781267,16055.443748942393,1869.5477900000003,44.044790199999994,141.5319973,371.3462367000001,1993.5191580000003,119.1705081,657.0050913,53142.1951,932.8089294,2422.480388,13297.161320000001,12497.43593,5624.423647578127,4035.733852278127,140045.4764477683
Mod,Nom,Real,AK,Hhigh,HPl,NA,NA,NA,8,NA,846.2634127301175,11483.401610387615,1026.088966,22.53125373,78.16140906,183.4580014,696.4603343,80.75286101,264.1815619,24377.13627,477.1814004,1200.774505,4979.926028,4677.701549,2852.9633772201173,2317.9794644301173,77019.91978976552
Mod,Nom,Real,AK,Hhigh,HYD1000,HYD1000,3,NA,6,1000,2500.8867748770563,36823.732137342806,4148.195171,136.4779224,116.1585478,801.5562350000001,2547.382675,680.3890723999999,2165.391276,129499.26609999998,2943.300125,234.90963350000004,26702.39253,85658.03174,10250.657326077056,9747.498764477057,377497.3682484381
Mod,Nom,Real,AK,Hhigh,HYD1000,HYD1000,4,NA,6,1000,2641.684136213879,39618.357833049085,4148.195171,136.4779224,116.1585478,801.5562350000001,2547.382675,680.3890723999999,2165.391276,129499.26609999998,2943.300125,234.90963350000004,26702.39253,85658.03174,10391.45468741388,9888.29612581388,387549.97866464773
Mod,Nom,Real,AK,Hhigh,HYD1000,HYD1000,5,NA,6,1000,2807.831415715695,42564.795737281005,4148.195171,136.4779224,116.1585478,801.5562350000001,2547.382675,680.3890723999999,2165.391276,129499.26609999998,2943.300125,234.90963350000004,26702.39253,85658.03174,10557.601966915696,10054.443405315697,398148.67616188485
Mod,Nom,Real,AK,Hhigh,HYD200,HYD200,3,NA,11.2,200,1989.5774713249484,29200.91719041296,3726.151321,130.8906552,119.4584719,621.7158286,2678.721175,451.15456689999996,2175.566332,111054.9796,2772.086583,222.9368304,6067.028898,85789.37024,9266.514923024948,8592.798818324947,310945.6726205113
Mod,Nom,Real,AK,Hhigh,HYD200,HYD200,4,NA,11.2,200,2098.641638258929,31601.501462981527,3726.151321,130.8906552,119.4584719,621.7158286,2678.721175,451.15456689999996,2175.566332,111054.9796,2772.086583,222.9368304,6067.028898,85789.37024,9375.57908995893,8701.86298525893,319580.8678455781
Mod,Nom,Real,AK,Hhigh,HYD200,HYD200,5,NA,11.2,200,2233.241399012613,34129.620389896314,3726.151321,130.8906552,119.4584719,621.7158286,2678.721175,451.15456689999996,2175.566332,111054.9796,2772.086583,222.9368304,6067.028898,85789.37024,9510.178850712613,8836.462746012612,328674.82082009176
Mod,Nom,Real,AK,Hhigh,HYD500,HYD500,3,NA,8.5,500,2492.010347230907,36688.655847368296,3943.377791,133.8109837,123.5357826,707.8178500000001,2613.051925,557.7569916,2160.184455,120604.0547,2860.827679,236.55959560000002,16566.07435,85723.70099,10013.604679530907,9410.676351130907,357964.799499378
Mod,Nom,Real,AK,Hhigh,HYD500,HYD500,4,NA,8.5,500,2633.346729701262,39655.54887598552,3943.377791,133.8109837,123.5357826,707.8178500000001,2613.051925,557.7569916,2160.184455,120604.0547,2860.827679,236.55959560000002,16566.07435,85723.70099,10154.941062001262,9552.012733601263,368637.0765807349
Mod,Nom,Real,AK,Hhigh,HYD500,HYD500,5,NA,8.5,500,2799.22998308972,42756.6875905304,3943.377791,133.8109837,123.5357826,707.8178500000001,2613.051925,557.7569916,2160.184455,120604.0547,2860.827679,236.55959560000002,16566.07435,85723.70099,10320.82431538972,9717.89598698972,379792.2518129107
Mod,Nom,Real,AK,Hhigh,R,NA,NA,12,NA,NA,4835.735449786858,64571.1966494297,1286.507709,58.322398299999996,7.075782539,69.17908698,0,69.17908698,0,33702.64504,1235.189308,24.53880988,145.5102478,0,6256.820426605857,6256.820426605857,267378.37495039107
Mod,Nom,Real,AK,Hhigh,Rb,NA,NA,4,NA,NA,1378.4818362385097,17567.728920501842,478.0107731,20.92590959,2.7351567090000004,24.84730123,0,24.84730123,0,12497.54874,443.1823885,9.151300746,55.18941343,0,1905.0009768675097,1905.0009768675097,76198.34134088406
Mod,Nom,Real,AK,Hhigh,Rl,NA,NA,8,NA,NA,3457.253613548348,47003.46772892787,808.4969359999999,37.39648871,4.34062583,44.33178576,0,44.33178576,0,21205.0963,792.0069193,15.38750914,90.32083438999999,0,4351.819449848348,4351.819449848348,191180.03360933316
Mod,Nom,Real,AK,Hlow,HP,NA,NA,NA,11,NA,1921.0943068233169,16055.443748942393,1869.5477900000003,44.044790199999994,141.5319973,371.3462367000001,1993.5191580000003,119.1705081,657.0050913,53142.1951,932.8089294,2422.480388,13297.161320000001,12497.43593,6341.084279023317,4752.3944837233175,140045.4764477683
Mod,Nom,Real,AK,Hlow,HPl,NA,NA,NA,8,NA,1332.2619029091245,11483.401610387615,1026.088966,22.53125373,78.16140906,183.4580014,696.4603343,80.75286101,264.1815619,24377.13627,477.1814004,1200.774505,4979.926028,4677.701549,3338.9618673991245,2803.9779546091245,77019.91978976552
Mod,Nom,Real,AK,Hlow,HYD1000,HYD1000,3,NA,6,1000,3743.6447175321287,36823.732137342806,4148.195171,136.4779224,116.1585478,801.5562350000001,2547.382675,680.3890723999999,2165.391276,129499.26609999998,2943.300125,234.90963350000004,26702.39253,85658.03174,11493.41526873213,10990.25670713213,377497.3682484381
Mod,Nom,Real,AK,Hlow,HYD1000,HYD1000,4,NA,6,1000,3908.2397721052794,39618.357833049085,4148.195171,136.4779224,116.1585478,801.5562350000001,2547.382675,680.3890723999999,2165.391276,129499.26609999998,2943.300125,234.90963350000004,26702.39253,85658.03174,11658.01032330528,11154.851761705278,387549.97866464773
Mod,Nom,Real,AK,Hlow,HYD1000,HYD1000,5,NA,6,1000,4113.150957789649,42564.795737281005,4148.195171,136.4779224,116.1585478,801.5562350000001,2547.382675,680.3890723999999,2165.391276,129499.26609999998,2943.300125,234.90963350000004,26702.39253,85658.03174,11862.92150898965,11359.762947389649,398148.67616188485
Mod,Nom,Real,AK,Hlow,HYD200,HYD200,3,NA,11.2,200,3036.1176086023984,29200.91719041296,3726.151321,130.8906552,119.4584719,621.7158286,2678.721175,451.15456689999996,2175.566332,111054.9796,2772.086583,222.9368304,6067.028898,85789.37024,10313.055060302398,9639.338955602398,310945.6726205113
Mod,Nom,Real,AK,Hlow,HYD200,HYD200,4,NA,11.2,200,3164.513604895077,31601.501462981527,3726.151321,130.8906552,119.4584719,621.7158286,2678.721175,451.15456689999996,2175.566332,111054.9796,2772.086583,222.9368304,6067.028898,85789.37024,10441.451056595077,9767.734951895076,319580.8678455781
Mod,Nom,Real,AK,Hlow,HYD200,HYD200,5,NA,11.2,200,3334.514944683072,34129.620389896314,3726.151321,130.8906552,119.4584719,621.7158286,2678.721175,451.15456689999996,2175.566332,111054.9796,2772.086583,222.9368304,6067.028898,85789.37024,10611.452396383072,9937.736291683072,328674.82082009176
Mod,Nom,Real,AK,Hlow,HYD500,HYD500,3,NA,8.5,500,3756.2124555892015,36688.655847368296,3943.377791,133.8109837,123.5357826,707.8178500000001,2613.051925,557.7569916,2160.184455,120604.0547,2860.827679,236.55959560000002,16566.07435,85723.70099,11277.806787889202,10674.878459489202,357964.799499378
Mod,Nom,Real,AK,Hlow,HYD500,HYD500,4,NA,8.5,500,3920.397676710758,39655.54887598552,3943.377791,133.8109837,123.5357826,707.8178500000001,2613.051925,557.7569916,2160.184455,120604.0547,2860.827679,236.55959560000002,16566.07435,85723.70099,11441.992009010757,10839.063680610758,368637.0765807349
Mod,Nom,Real,AK,Hlow,HYD500,HYD500,5,NA,8.5,500,4126.201336474108,42756.6875905304,3943.377791,133.8109837,123.5357826,707.8178500000001,2613.051925,557.7569916,2160.184455,120604.0547,2860.827679,236.55959560000002,16566.07435,85723.70099,11647.795668774106,11044.867340374107,379792.2518129107
Mod,Nom,Real,AK,Hlow,R,NA,NA,12,NA,NA,7717.441402788171,64571.1966494297,1286.507709,58.322398299999996,7.075782539,69.17908698,0,69.17908698,0,33702.64504,1235.189308,24.53880988,145.5102478,0,9138.526379607172,9138.526379607172,267378.37495039107
Mod,Nom,Real,AK,Hlow,Rb,NA,NA,4,NA,NA,2275.128104159067,17567.728920501842,478.0107731,20.92590959,2.7351567090000004,24.84730123,0,24.84730123,0,12497.54874,443.1823885,9.151300746,55.18941343,0,2801.647244788067,2801.647244788067,76198.34134088406
Mod,Nom,Real,AK,Hlow,Rl,NA,NA,8,NA,NA,5442.313298629105,47003.46772892787,808.4969359999999,37.39648871,4.34062583,44.33178576,0,44.33178576,0,21205.0963,792.0069193,15.38750914,90.32083438999999,0,6336.879134929104,6336.879134929104,191180.03360933316
Mod,Nom,Real,CH,Hhigh,HP,NA,NA,NA,16,NA,3905.2219527531142,52133.983889372954,2416.268872,60.37758576,139.0069502,470.3389292,1732.919147,293.5161418,648.0123878,59252.55446,1278.715391,2526.881406,19899.98516,9125.817241,8724.133436913115,7462.403890313115,279616.2698068236
Mod,Nom,Real,CH,Hhigh,HPl,NA,NA,NA,9.5,NA,2167.8730649865015,30384.908352926457,1125.633577,25.033918700000005,92.55989142000001,198.9448116,731.0956175,96.23967121000001,268.7770936,27216.43681,530.1844508,1382.9990530000002,5984.396923,5216.111359,4341.140881206501,3776.1172169165015,149628.36008114697
Mod,Nom,Real,CH,Hhigh,HYD1000,HYD1000,3,NA,14,1000,6014.398666648662,83246.25094076464,4908.774199,159.9847908,142.0973227,991.3755545,3266.787762,809.8294195,2736.687087,147395.6109,3441.14372,323.2115092,27779.68681,111071.04060000001,15483.418295648662,14771.771485648662,589457.6393692887
Mod,Nom,Real,CH,Hhigh,HYD1000,HYD1000,4,NA,14,1000,6170.544385291861,86167.77864953432,4908.774199,159.9847908,142.0973227,991.3755545,3266.787762,809.8294195,2736.687087,147395.6109,3441.14372,323.2115092,27779.68681,111071.04060000001,15639.56401429186,14927.91720429186,599966.7318468774
Mod,Nom,Real,CH,Hhigh,HYD1000,HYD1000,5,NA,14,1000,6344.620592944639,89225.34486557187,4908.774199,159.9847908,142.0973227,991.3755545,3266.787762,809.8294195,2736.687087,147395.6109,3441.14372,323.2115092,27779.68681,111071.04060000001,15813.640221944639,15101.993411944639,610965.1714729117
Mod,Nom,Real,CH,Hhigh,HYD200,HYD200,3,NA,14,200,5672.396413524489,78854.50933416815,4249.18329,145.1322581,130.6427773,722.1937363,3266.787762,540.6476013,2736.687087,126822.2927,3073.70442,296.4842365,7144.323178,111071.04060000001,14186.336237224488,13474.689427224488,532057.159286184
Mod,Nom,Real,CH,Hhigh,HYD200,HYD200,4,NA,14,200,5809.306226837153,81769.73770047183,4249.18329,145.1322581,130.6427773,722.1937363,3266.787762,540.6476013,2736.687087,126822.2927,3073.70442,296.4842365,7144.323178,111071.04060000001,14323.246050537153,13611.599240537153,542543.5922584994
Mod,Nom,Real,CH,Hhigh,HYD200,HYD200,5,NA,14,200,5972.4809175134915,84824.87249512762,4249.18329,145.1322581,130.6427773,722.1937363,3266.787762,540.6476013,2736.687087,126822.2927,3073.70442,296.4842365,7144.323178,111071.04060000001,14486.420741213491,13774.77393121349,553533.2857644554
Mod,Nom,Real,CH,Hhigh,HYD500,HYD500,3,NA,14,500,5827.9537712614465,80776.68906957305,4585.18329,152.6852193,142.0973227,852.9664635999999,3266.787762,671.4203286,2736.687087,137435.8836,3260.558394,317.4842365,17643.36863,111071.04060000001,14827.673828861445,14116.027018861445,560291.9652071656
Mod,Nom,Real,CH,Hhigh,HYD500,HYD500,4,NA,14,500,5971.379009522793,83681.15358197957,4585.18329,152.6852193,142.0973227,852.9664635999999,3266.787762,671.4203286,2736.687087,137435.8836,3260.558394,317.4842365,17643.36863,111071.04060000001,14971.099067122792,14259.452257122792,570739.6792805704
Mod,Nom,Real,CH,Hhigh,HYD500,HYD500,5,NA,14,500,6135.019047618585,86726.59625965534,4585.18329,152.6852193,142.0973227,852.9664635999999,3266.787762,671.4203286,2736.687087,137435.8836,3260.558394,317.4842365,17643.36863,111071.04060000001,15134.739105218585,14423.092295218585,581694.5090563825
Mod,Nom,Real,CH,Hhigh,R,NA,NA,15.5,NA,NA,13689.258277961488,187428.47971748083,1446.5990679999998,68.83574087,7.49209138,81.53554633,0,81.53554633,0,38005.49814,1457.847647,27.444786409999995,158.6994977,0,15293.720724541487,15293.720724541487,713852.6545224799
Mod,Nom,Real,CH,Hhigh,Rb,NA,NA,6.5,NA,NA,5014.5581785175455,63491.8318395177,592.3617435,28.43544,3.0325201669999995,33.67334362,0,33.67334362,0,15571.01523,602.2240592,11.226998269999998,64.61030624,0,5672.061225804546,5672.061225804546,244636.96090852184
Mod,Nom,Real,CH,Hhigh,Rl,NA,NA,9,NA,NA,8674.700099443937,123936.64787796309,854.2373242,40.40030087,4.459571213,47.86220271,0,47.86220271,0,22434.4829,855.6235876,16.21778814,94.08919150999999,0,9621.659498436935,9621.659498436935,469215.6936038078
Mod,Nom,Real,CH,Hlow,HP,NA,NA,NA,16,NA,5662.967594068771,52133.983889372954,2416.268872,60.37758576,139.0069502,470.3389292,1732.919147,293.5161418,648.0123878,59252.55446,1278.715391,2526.881406,19899.98516,9125.817241,10481.87907822877,9220.149531628771,279616.2698068236
Mod,Nom,Real,CH,Hlow,HPl,NA,NA,NA,9.5,NA,3114.853358467051,30384.908352926457,1125.633577,25.033918700000005,92.55989142000001,198.9448116,731.0956175,96.23967121000001,268.7770936,27216.43681,530.1844508,1382.9990530000002,5984.396923,5216.111359,5288.121174687051,4723.09751039705,149628.36008114697
Mod,Nom,Real,CH,Hlow,HYD1000,HYD1000,3,NA,14,1000,8578.833604587031,83246.25094076464,4908.774199,159.9847908,142.0973227,991.3755545,3266.787762,809.8294195,2736.687087,147395.6109,3441.14372,323.2115092,27779.68681,111071.04060000001,18047.85323358703,17336.206423587028,589457.6393692887
Mod,Nom,Real,CH,Hlow,HYD1000,HYD1000,4,NA,14,1000,8762.259151961536,86167.77864953432,4908.774199,159.9847908,142.0973227,991.3755545,3266.787762,809.8294195,2736.687087,147395.6109,3441.14372,323.2115092,27779.68681,111071.04060000001,18231.278780961537,17519.631970961535,599966.7318468774
Mod,Nom,Real,CH,Hlow,HYD1000,HYD1000,5,NA,14,1000,8975.76594902864,89225.34486557187,4908.774199,159.9847908,142.0973227,991.3755545,3266.787762,809.8294195,2736.687087,147395.6109,3441.14372,323.2115092,27779.68681,111071.04060000001,18444.78557802864,17733.13876802864,610965.1714729117
Mod,Nom,Real,CH,Hlow,HYD200,HYD200,3,NA,14,200,8156.915722696318,78854.50933416815,4249.18329,145.1322581,130.6427773,722.1937363,3266.787762,540.6476013,2736.687087,126822.2927,3073.70442,296.4842365,7144.323178,111071.04060000001,16670.85554639632,15959.208736396318,532057.159286184
Mod,Nom,Real,CH,Hlow,HYD200,HYD200,4,NA,14,200,8318.47015311237,81769.73770047183,4249.18329,145.1322581,130.6427773,722.1937363,3266.787762,540.6476013,2736.687087,126822.2927,3073.70442,296.4842365,7144.323178,111071.04060000001,16832.40997681237,16120.763166812369,542543.5922584994
Mod,Nom,Real,CH,Hlow,HYD200,HYD200,5,NA,14,200,8522.567799028833,84824.87249512762,4249.18329,145.1322581,130.6427773,722.1937363,3266.787762,540.6476013,2736.687087,126822.2927,3073.70442,296.4842365,7144.323178,111071.04060000001,17036.50762272883,16324.860812728832,553533.2857644554
Mod,Nom,Real,CH,Hlow,HYD500,HYD500,3,NA,14,500,8347.480848246943,80776.68906957305,4585.18329,152.6852193,142.0973227,852.9664635999999,3266.787762,671.4203286,2736.687087,137435.8836,3260.558394,317.4842365,17643.36863,111071.04060000001,17347.20090584694,16635.55409584694,560291.9652071656
Mod,Nom,Real,CH,Hlow,HYD500,HYD500,4,NA,14,500,8516.949807826457,83681.15358197957,4585.18329,152.6852193,142.0973227,852.9664635999999,3266.787762,671.4203286,2736.687087,137435.8836,3260.558394,317.4842365,17643.36863,111071.04060000001,17516.669865426455,16805.023055426453,570739.6792805704
Mod,Nom,Real,CH,Hlow,HYD500,HYD500,5,NA,14,500,8719.57304656219,86726.59625965534,4585.18329,152.6852193,142.0973227,852.9664635999999,3266.787762,671.4203286,2736.687087,137435.8836,3260.558394,317.4842365,17643.36863,111071.04060000001,17719.29310416219,17007.646294162187,581694.5090563825
Mod,Nom,Real,CH,Hlow,R,NA,NA,15.5,NA,NA,19866.465311884658,187428.47971748083,1446.5990679999998,68.83574087,7.49209138,81.53554633,0,81.53554633,0,38005.49814,1457.847647,27.444786409999995,158.6994977,0,21470.92775846466,21470.92775846466,713852.6545224799
Mod,Nom,Real,CH,Hlow,Rb,NA,NA,6.5,NA,NA,7345.637075597671,63491.8318395177,592.3617435,28.43544,3.0325201669999995,33.67334362,0,33.67334362,0,15571.01523,602.2240592,11.226998269999998,64.61030624,0,8003.140122884672,8003.140122884672,244636.96090852184
Mod,Nom,Real,CH,Hlow,Rl,NA,NA,9,NA,NA,12520.828236286989,123936.64787796309,854.2373242,40.40030087,4.459571213,47.86220271,0,47.86220271,0,22434.4829,855.6235876,16.21778814,94.08919150999999,0,13467.787635279987,13467.787635279987,469215.6936038078
NA,NA,NA,AK,Hhigh,NA,HP,1,NA,NA,135,253.787356914145,5166.4689903923945,479.5114065,19.34982176,13.95159063,74.17019318,285.3529412,74.17019318,285.3529412,16543.06782,409.8029855,92.10192421,741.1764706,285.3529412,1126.123310184145,1126.123310184145,36655.92297025962
NA,NA,NA,AK,Hhigh,NA,HP,2,NA,NA,135,368.6190287308528,7514.524964540029,479.5114065,19.34982176,13.95159063,74.17019318,285.3529412,74.17019318,285.3529412,16543.06782,409.8029855,92.10192421,741.1764706,285.3529412,1240.9549820008529,1240.9549820008529,45102.16748158205
NA,NA,NA,AK,Hhigh,NA,HP,3,NA,NA,180,516.3040904266644,10243.423729984592,543.696683,24.404181279999996,17.98784422,81.10948345,285.3529412,81.10948345,285.3529412,17918.46961,516.8474663,136.149074,741.1764706,285.3529412,1468.8552235766645,1468.8552235766645,56444.84351168486
NA,NA,NA,AK,Hhigh,NA,HP,4,NA,NA,300,685.5672071188856,13820.29204270736,715.28243,37.88247335,28.75118714,99.6142575,285.3529412,99.6142575,285.3529412,21586.20772,802.2994150000001,253.60814010000001,741.1764706,285.3529412,1852.4504963088855,1852.4504963088855,73381.92541606315
NA,NA,NA,AK,Hhigh,NA,HP,5,NA,NA,300,811.7272154347415,16183.530411608515,715.28243,37.88247335,28.75118714,99.6142575,285.3529412,99.6142575,285.3529412,21586.20772,802.2994150000001,253.60814010000001,741.1764706,285.3529412,1978.6105046247415,1978.6105046247415,81882.78285815365
NA,NA,NA,AK,Hhigh,NA,HPo,1,NA,NA,162,265.6304247781992,5385.8596739292525,517.9205701,22.38243748,16.37334279,78.33376735,285.3529412,78.33376735,285.3529412,17368.3089,474.029674,118.53021410000001,741.1764706,285.3529412,1185.9934836981993,1185.9934836981993,38360.9941492858
NA,NA,NA,AK,Hhigh,NA,HPo,2,NA,NA,162,379.28847913768715,7729.809516845914,517.9205701,22.38243748,16.37334279,78.33376735,285.3529412,78.33376735,285.3529412,17368.3089,474.029674,118.53021410000001,741.1764706,285.3529412,1299.6515380576873,1299.6515380576873,46792.4684043817
NA,NA,NA,AK,Hhigh,NA,HPo,3,NA,NA,216,535.1699581732817,10602.749211095743,595.2489089,28.4476689,21.2168471,86.66091566999998,285.3529412,86.66091566999998,285.3529412,19018.79105,602.4830509,171.3867938,741.1764706,285.3529412,1552.0972399432815,1552.0972399432815,58958.57595792353
NA,NA,NA,AK,Hhigh,NA,HPo,4,NA,NA,360,720.3852835965581,14469.15649293684,800.9478006000002,44.62161938,34.1328586,108.86664449999999,285.3529412,108.86664449999999,285.3529412,23420.07678,945.0253894,312.3376732,741.1764706,285.3529412,1994.3071478765582,1994.3071478765582,77751.2947685613
NA,NA,NA,AK,Hhigh,NA,HPo,5,NA,NA,360,845.9449618177229,16829.280034904114,800.9478006000002,44.62161938,34.1328586,108.86664449999999,285.3529412,108.86664449999999,285.3529412,23420.07678,945.0253894,312.3376732,741.1764706,285.3529412,2119.866826097723,2119.866826097723,86240.94779722056
NA,NA,NA,AK,Hlow,NA,HP,1,NA,NA,135,335.91562551352587,5166.4689903923945,479.5114065,19.34982176,13.95159063,74.17019318,285.3529412,74.17019318,285.3529412,16543.06782,409.8029855,92.10192421,741.1764706,285.3529412,1208.251578783526,1208.251578783526,36655.92297025962
NA,NA,NA,AK,Hlow,NA,HP,2,NA,NA,135,483.6475862301775,7514.524964540029,479.5114065,19.34982176,13.95159063,74.17019318,285.3529412,74.17019318,285.3529412,16543.06782,409.8029855,92.10192421,741.1764706,285.3529412,1355.9835395001776,1355.9835395001776,45102.16748158205
NA,NA,NA,AK,Hlow,NA,HP,3,NA,NA,180,683.1822078829563,10243.423729984592,543.696683,24.404181279999996,17.98784422,81.10948345,285.3529412,81.10948345,285.3529412,17918.46961,516.8474663,136.149074,741.1764706,285.3529412,1635.7333410329563,1635.7333410329563,56444.84351168486
NA,NA,NA,AK,Hlow,NA,HP,4,NA,NA,300,886.1793923024986,13820.29204270736,715.28243,37.88247335,28.75118714,99.6142575,285.3529412,99.6142575,285.3529412,21586.20772,802.2994150000001,253.60814010000001,741.1764706,285.3529412,2053.0626814924985,2053.0626814924985,73381.92541606315
NA,NA,NA,AK,Hlow,NA,HP,5,NA,NA,300,1041.1690852255938,16183.530411608515,715.28243,37.88247335,28.75118714,99.6142575,285.3529412,99.6142575,285.3529412,21586.20772,802.2994150000001,253.60814010000001,741.1764706,285.3529412,2208.0523744155935,2208.0523744155935,81882.78285815365
NA,NA,NA,AK,Hlow,NA,HPo,1,NA,NA,162,350.4063273147636,5385.8596739292525,517.9205701,22.38243748,16.37334279,78.33376735,285.3529412,78.33376735,285.3529412,17368.3089,474.029674,118.53021410000001,741.1764706,285.3529412,1270.7693862347637,1270.7693862347637,38360.9941492858
NA,NA,NA,AK,Hlow,NA,HPo,2,NA,NA,162,497.3712973943908,7729.809516845914,517.9205701,22.38243748,16.37334279,78.33376735,285.3529412,78.33376735,285.3529412,17368.3089,474.029674,118.53021410000001,741.1764706,285.3529412,1417.7343563143907,1417.7343563143907,46792.4684043817
NA,NA,NA,AK,Hlow,NA,HPo,3,NA,NA,216,707.5545786720697,10602.749211095743,595.2489089,28.4476689,21.2168471,86.66091566999998,285.3529412,86.66091566999998,285.3529412,19018.79105,602.4830509,171.3867938,741.1764706,285.3529412,1724.4818604420695,1724.4818604420695,58958.57595792353
NA,NA,NA,AK,Hlow,NA,HPo,4,NA,NA,360,929.9265614478907,14469.15649293684,800.9478006000002,44.62161938,34.1328586,108.86664449999999,285.3529412,108.86664449999999,285.3529412,23420.07678,945.0253894,312.3376732,741.1764706,285.3529412,2203.8484257278906,2203.8484257278906,77751.2947685613
NA,NA,NA,AK,Hlow,NA,HPo,5,NA,NA,360,1084.2054276303043,16829.280034904114,800.9478006000002,44.62161938,34.1328586,108.86664449999999,285.3529412,108.86664449999999,285.3529412,23420.07678,945.0253894,312.3376732,741.1764706,285.3529412,2358.1272919103044,2358.1272919103044,86240.94779722056
NA,NA,NA,CH,Hhigh,NA,HP,1,NA,NA,135,282.3444186822556,5613.100378181395,479.5114065,19.34982176,13.95159063,74.17019318,285.3529412,74.17019318,285.3529412,16543.06782,409.8029855,92.10192421,741.1764706,285.3529412,1154.6803719522557,1154.6803719522557,38262.51069611933
NA,NA,NA,CH,Hhigh,NA,HP,2,NA,NA,135,404.7100225869021,8094.017434820493,479.5114065,19.34982176,13.95159063,74.17019318,285.3529412,74.17019318,285.3529412,16543.06782,409.8029855,92.10192421,741.1764706,285.3529412,1277.0459758569023,1277.0459758569023,47186.672770360696
NA,NA,NA,CH,Hhigh,NA,HP,3,NA,NA,180,566.8269848277505,11028.359986504545,543.696683,24.404181279999996,17.98784422,81.10948345,285.3529412,81.10948345,285.3529412,17918.46961,516.8474663,136.149074,741.1764706,285.3529412,1519.3781179777507,1519.3781179777507,59268.35522578542
NA,NA,NA,CH,Hhigh,NA,HP,4,NA,NA,300,757.1550131103788,14942.69083791936,715.28243,37.88247335,28.75118714,99.6142575,285.3529412,99.6142575,285.3529412,21586.20772,802.2994150000001,253.60814010000001,741.1764706,285.3529412,1924.0383023003787,1924.0383023003787,77419.33115423583
NA,NA,NA,CH,Hhigh,NA,HP,5,NA,NA,300,890.2691731292703,17419.229602870808,715.28243,37.88247335,28.75118714,99.6142575,285.3529412,99.6142575,285.3529412,21586.20772,802.2994150000001,253.60814010000001,741.1764706,285.3529412,2057.15246231927,2057.15246231927,86327.74397780218
NA,NA,NA,CH,Hhigh,NA,HPo,1,NA,NA,162,296.17370503425843,5868.886460572422,517.9205701,22.38243748,16.37334279,78.33376735,285.3529412,78.33376735,285.3529412,17368.3089,474.029674,118.53021410000001,741.1764706,285.3529412,1216.5367639542585,1216.5367639542585,40098.50057605979
NA,NA,NA,CH,Hhigh,NA,HPo,2,NA,NA,162,418.1805773188188,8344.78428691025,517.9205701,22.38243748,16.37334279,78.33376735,285.3529412,78.33376735,285.3529412,17368.3089,474.029674,118.53021410000001,741.1764706,285.3529412,1338.5436362388189,1338.5436362388189,49004.60786504478
NA,NA,NA,CH,Hhigh,NA,HPo,3,NA,NA,216,589.2747074108502,11448.49437574296,595.2489089,28.4476689,21.2168471,86.66091566999998,285.3529412,86.66091566999998,285.3529412,19018.79105,602.4830509,171.3867938,741.1764706,285.3529412,1606.2019891808502,1606.2019891808502,62000.82475161856
NA,NA,NA,CH,Hhigh,NA,HPo,4,NA,NA,360,798.4919538144202,15698.429337078842,800.9478006000002,44.62161938,34.1328586,108.86664449999999,285.3529412,108.86664449999999,285.3529412,23420.07678,945.0253894,312.3376732,741.1764706,285.3529412,2072.41381809442,2072.41381809442,82173.13953166203
NA,NA,NA,CH,Hhigh,NA,HPo,5,NA,NA,360,930.2819493221235,18171.889387852523,800.9478006000002,44.62161938,34.1328586,108.86664449999999,285.3529412,108.86664449999999,285.3529412,23420.07678,945.0253894,312.3376732,741.1764706,285.3529412,2204.2038136021233,2204.2038136021233,91070.47784379758
NA,NA,NA,CH,Hlow,NA,HP,1,NA,NA,135,372.8233649877855,5613.100378181395,479.5114065,19.34982176,13.95159063,74.17019318,285.3529412,74.17019318,285.3529412,16543.06782,409.8029855,92.10192421,741.1764706,285.3529412,1245.1593182577856,1245.1593182577856,38262.51069611933
NA,NA,NA,CH,Hlow,NA,HP,2,NA,NA,135,530.4213633334743,8094.017434820493,479.5114065,19.34982176,13.95159063,74.17019318,285.3529412,74.17019318,285.3529412,16543.06782,409.8029855,92.10192421,741.1764706,285.3529412,1402.7573166034745,1402.7573166034745,47186.672770360696
NA,NA,NA,CH,Hlow,NA,HP,3,NA,NA,180,749.7163628479644,11028.359986504545,543.696683,24.404181279999996,17.98784422,81.10948345,285.3529412,81.10948345,285.3529412,17918.46961,516.8474663,136.149074,741.1764706,285.3529412,1702.2674959979645,1702.2674959979645,59268.35522578542
NA,NA,NA,CH,Hlow,NA,HP,4,NA,NA,300,979.1311070223987,14942.69083791936,715.28243,37.88247335,28.75118714,99.6142575,285.3529412,99.6142575,285.3529412,21586.20772,802.2994150000001,253.60814010000001,741.1764706,285.3529412,2146.0143962123984,2146.0143962123984,77419.33115423583
NA,NA,NA,CH,Hlow,NA,HP,5,NA,NA,300,1141.1632898600667,17419.229602870808,715.28243,37.88247335,28.75118714,99.6142575,285.3529412,99.6142575,285.3529412,21586.20772,802.2994150000001,253.60814010000001,741.1764706,285.3529412,2308.0465790500666,2308.0465790500666,86327.74397780218
NA,NA,NA,CH,Hlow,NA,HPo,1,NA,NA,162,389.563203823617,5868.886460572422,517.9205701,22.38243748,16.37334279,78.33376735,285.3529412,78.33376735,285.3529412,17368.3089,474.029674,118.53021410000001,741.1764706,285.3529412,1309.9262627436171,1309.9262627436171,40098.50057605979
NA,NA,NA,CH,Hlow,NA,HPo,2,NA,NA,162,547.28167059414,8344.78428691025,517.9205701,22.38243748,16.37334279,78.33376735,285.3529412,78.33376735,285.3529412,17368.3089,474.029674,118.53021410000001,741.1764706,285.3529412,1467.64472951414,1467.64472951414,49004.60786504478
NA,NA,NA,CH,Hlow,NA,HPo,3,NA,NA,216,778.9525884956541,11448.49437574296,595.2489089,28.4476689,21.2168471,86.66091566999998,285.3529412,86.66091566999998,285.3529412,19018.79105,602.4830509,171.3867938,741.1764706,285.3529412,1795.879870265654,1795.879870265654,62000.82475161856
NA,NA,NA,CH,Hlow,NA,HPo,4,NA,NA,360,1030.6925956160753,15698.429337078842,800.9478006000002,44.62161938,34.1328586,108.86664449999999,285.3529412,108.86664449999999,285.3529412,23420.07678,945.0253894,312.3376732,741.1764706,285.3529412,2304.6144598960755,2304.6144598960755,82173.13953166203
NA,NA,NA,CH,Hlow,NA,HPo,5,NA,NA,360,1192.0258364226531,18171.889387852523,800.9478006000002,44.62161938,34.1328586,108.86664449999999,285.3529412,108.86664449999999,285.3529412,23420.07678,945.0253894,312.3376732,741.1764706,285.3529412,2465.947700702653,2465.947700702653,91070.47784379758
NA,NA,NA,NA,Hhigh,NA,R,1,NA,NA,135,1018.5171134274982,21205.8,190.9509894,3.783646588,4.027399057,22.43667136,0,22.43667136,0,3702.7095199999994,93.60426822,55.69049951000001,17.83232398,0,1239.715819832498,1239.715819832498,80149.69272681791
NA,NA,NA,NA,Hhigh,NA,R,2,NA,NA,135,1499.7348165995377,31212.300000000003,190.9509894,3.783646588,4.027399057,22.43667136,0,22.43667136,0,3702.7095199999994,93.60426822,55.69049951000001,17.83232398,0,1720.9335230045376,1720.9335230045376,116144.29704336468
NA,NA,NA,NA,Hhigh,NA,R,3,NA,NA,180,2108.6729555593283,42598.5,234.8663891,4.540375906,4.953630649,27.59671475,0,27.59671475,0,4554.268178,112.3251219,68.49834382,21.93344771,0,2380.6300659643284,2380.6300659643284,157989.03947991921
NA,NA,NA,NA,Hhigh,NA,R,4,NA,NA,300,2789.613443313228,57355.2,407.89785810000006,6.558320753,8.603084246,47.92784903,0,47.92784903,0,7909.502259999999,162.2473983,118.96264870000002,38.09232294,0,3260.6005554422277,3260.6005554422277,214542.47369468817
NA,NA,NA,NA,Hhigh,NA,R,5,NA,NA,300,3322.5766909924323,67381.65000000001,407.89785810000006,6.558320753,8.603084246,47.92784903,0,47.92784903,0,7909.502259999999,162.2473983,118.96264870000002,38.09232294,0,3793.563803121432,3793.563803121432,250608.84060116304
NA,NA,NA,NA,Hhigh,NA,Ro,1,NA,NA,162,1062.673900062438,22035.3,216.2027869,4.116960628,4.559991558,25.40374832,0,25.40374832,0,4192.364332,101.85018020000001,63.05513908,20.19051146,0,1312.9573874684381,1312.9573874684381,83641.12922748817
NA,NA,NA,NA,Hhigh,NA,Ro,2,NA,NA,162,1541.0325939471513,32027.1,216.2027869,4.116960628,4.559991558,25.40374832,0,25.40374832,0,4192.364332,101.85018020000001,63.05513908,20.19051146,0,1791.3160813531515,1791.3160813531515,119582.85584619321
NA,NA,NA,NA,Hhigh,NA,Ro,3,NA,NA,216,2176.0580159881883,43950.9,277.1660528,5.170983671,5.845784319,32.56690976,0,32.56690976,0,5374.496281,127.9258332,80.83496177,25.88368285,0,2496.8077465381884,2496.8077465381884,163705.90334874802
NA,NA,NA,NA,Hhigh,NA,Ro,4,NA,NA,360,2912.275098378098,59791.2,537.5473211,7.693414729,11.3375562,63.16161347,0,63.16161347,0,10423.52066,190.3286787,156.7746724,50.19988643000001,0,3532.0150038770976,3532.0150038770976,225897.08289033573
NA,NA,NA,NA,Hhigh,NA,Ro,5,NA,NA,360,3447.05723859471,69807.15000000001,537.5473211,7.693414729,11.3375562,63.16161347,0,63.16161347,0,10423.52066,190.3286787,156.7746724,50.19988643000001,0,4066.7971440937094,4066.7971440937094,261925.68001263792
NA,NA,NA,NA,Hlow,NA,R,1,NA,NA,135,1327.945236573444,21205.8,190.9509894,3.783646588,4.027399057,22.43667136,0,22.43667136,0,3702.7095199999994,93.60426822,55.69049951000001,17.83232398,0,1549.1439429784439,1549.1439429784439,80149.69272681791
NA,NA,NA,NA,Hlow,NA,R,2,NA,NA,135,1945.295295025243,31212.300000000003,190.9509894,3.783646588,4.027399057,22.43667136,0,22.43667136,0,3702.7095199999994,93.60426822,55.69049951000001,17.83232398,0,2166.494001430243,2166.494001430243,116144.29704336468
NA,NA,NA,NA,Hlow,NA,R,3,NA,NA,180,2756.935027523611,42598.5,234.8663891,4.540375906,4.953630649,27.59671475,0,27.59671475,0,4554.268178,112.3251219,68.49834382,21.93344771,0,3028.892137928611,3028.892137928611,157989.03947991921
NA,NA,NA,NA,Hlow,NA,R,4,NA,NA,300,3553.1290495778658,57355.2,407.89785810000006,6.558320753,8.603084246,47.92784903,0,47.92784903,0,7909.502259999999,162.2473983,118.96264870000002,38.09232294,0,4024.1161617068656,4024.1161617068656,214542.47369468817
NA,NA,NA,NA,Hlow,NA,R,5,NA,NA,300,4200.518847450617,67381.65000000001,407.89785810000006,6.558320753,8.603084246,47.92784903,0,47.92784903,0,7909.502259999999,162.2473983,118.96264870000002,38.09232294,0,4671.505959579617,4671.505959579617,250608.84060116304
NA,NA,NA,NA,Hlow,NA,Ro,1,NA,NA,162,1380.209977495925,22035.3,216.2027869,4.116960628,4.559991558,25.40374832,0,25.40374832,0,4192.364332,101.85018020000001,63.05513908,20.19051146,0,1630.493464901925,1630.493464901925,83641.12922748817
NA,NA,NA,NA,Hlow,NA,Ro,2,NA,NA,162,1995.208200750232,32027.1,216.2027869,4.116960628,4.559991558,25.40374832,0,25.40374832,0,4192.364332,101.85018020000001,63.05513908,20.19051146,0,2245.491688156232,2245.491688156232,119582.85584619321
NA,NA,NA,NA,Hlow,NA,Ro,3,NA,NA,216,2838.61070324154,43950.9,277.1660528,5.170983671,5.845784319,32.56690976,0,32.56690976,0,5374.496281,127.9258332,80.83496177,25.88368285,0,3159.3604337915394,3159.3604337915394,163705.90334874802
NA,NA,NA,NA,Hlow,NA,Ro,4,NA,NA,360,3706.5733439823475,59791.2,537.5473211,7.693414729,11.3375562,63.16161347,0,63.16161347,0,10423.52066,190.3286787,156.7746724,50.19988643000001,0,4326.313249481348,4326.313249481348,225897.08289033573
NA,NA,NA,NA,Hlow,NA,Ro,5,NA,NA,360,4353.3988276852915,69807.15000000001,537.5473211,7.693414729,11.3375562,63.16161347,0,63.16161347,0,10423.52066,190.3286787,156.7746724,50.19988643000001,0,4973.138733184292,4973.138733184292,261925.68001263792
