Hshld_code,Loc_code,SH_code,Grid_code,P_annual (kWh),Q_annual (kWh),P_avg_peak (kW),kgCO2,kgCO2_kWh_dispatched,sCOP_annual,Occ_code,DW_code,Tank_Volume (L),Q_standing_losses_annual (kWh),unmet_demand_DW (L.K),unmet_demand_DW (min),HP_cap,unmet_demand_SH (L.K),unmet_demand_SH (min)
Mod-Nom-Ideal,AK,Rl,2024-Hhigh,2233.508469594546,2233.508469594546,1.6587943387876367,208.855606539575,0.09351010277453259,,,,,,,,,,
Mod-Nom-Ideal,AK,Rl,2024-Hlow,2233.508469594546,2233.508469594546,1.6967578115907596,372.9369486741541,0.1669735994965151,,,,,,,,,,
Mod-Nom-Ideal,AK,Rl,2025-Hhigh,2233.508469594546,2233.508469594546,1.6967578115907596,165.7498784599198,0.07421054395643674,,,,,,,,,,
Mod-Nom-Ideal,AK,Rl,2025-Hlow,2233.508469594546,2233.508469594546,1.6967578115907596,316.91653024743135,0.14189179694714207,,,,,,,,,,
Mod-Nom-Ideal,AK,Rl,2030-Hhigh,2233.508469594546,2233.508469594546,1.6967578115907596,135.9147156317059,0.06085256334684005,,,,,,,,,,
Mod-Nom-Ideal,AK,Rl,2030-Hlow,2233.508469594546,2233.508469594546,1.6967578115907596,248.7755657174318,0.11138330975865633,,,,,,,,,,
Mod-Nom-Ideal,AK,Rl,2035-Hhigh,2233.508469594546,2233.508469594546,1.6967578115907596,145.10335656450368,0.06496655756619747,,,,,,,,,,
Mod-Nom-Ideal,AK,Rl,2035-Hlow,2233.508469594546,2233.508469594546,1.6967578115907596,233.2349760790913,0.10442538242150967,,,,,,,,,,
Mod-Nom-Ideal,AK,Rl,2040-Hhigh,2233.508469594546,2233.508469594546,1.6967578115907596,162.43553278066634,0.07272662494544005,,,,,,,,,,
Mod-Nom-Ideal,AK,Rl,2040-Hlow,2233.508469594546,2233.508469594546,1.6967578115907596,264.1350050113679,0.11826013136154212,,,,,,,,,,
Mod-Nom-Ideal,AK,Rl,2045-Hhigh,2233.508469594546,2233.508469594546,1.6967578115907596,185.3451087227898,0.08298383966121066,,,,,,,,,,
Mod-Nom-Ideal,AK,Rl,2045-Hlow,2233.508469594546,2233.508469594546,1.6967578115907596,285.6819094161902,0.12790724248654883,,,,,,,,,,
Mod-Nom-Ideal,AK,Rb,2024-Hhigh,1157.0023147021138,1157.0023147021138,0.5240228392983182,103.26450226852597,0.08925176808752784,,,,,,,,,,
Mod-Nom-Ideal,AK,Rb,2024-Hlow,1157.0023147021138,1157.0023147021138,0.5240228392983183,214.7448328243468,0.18560449715231192,,,,,,,,,,
Mod-Nom-Ideal,AK,Rb,2025-Hhigh,1157.0023147021138,1157.0023147021138,0.5240228392983183,81.36713131034581,0.07032581549440971,,,,,,,,,,
Mod-Nom-Ideal,AK,Rb,2025-Hlow,1157.0023147021138,1157.0023147021138,0.5240228392983183,181.24833682639928,0.15665339172036502,,,,,,,,,,
Mod-Nom-Ideal,AK,Rb,2030-Hhigh,1157.0023147021138,1157.0023147021138,0.5240228392983183,68.01143897162387,0.05878245713720491,,,,,,,,,,
Mod-Nom-Ideal,AK,Rb,2030-Hlow,1157.0023147021138,1157.0023147021138,0.5240228392983183,142.04987691845417,0.1227740645921066,,,,,,,,,,
Mod-Nom-Ideal,AK,Rb,2035-Hhigh,1157.0023147021138,1157.0023147021138,0.5240228392983183,76.44078774424723,0.06606796440500463,,,,,,,,,,
Mod-Nom-Ideal,AK,Rb,2035-Hlow,1157.0023147021138,1157.0023147021138,0.5240228392983183,131.40814405946745,0.11357638821431423,,,,,,,,,,
Mod-Nom-Ideal,AK,Rb,2040-Hhigh,1157.0023147021138,1157.0023147021138,0.5240228392983183,87.96239313661671,0.07602611681832619,,,,,,,,,,
Mod-Nom-Ideal,AK,Rb,2040-Hlow,1157.0023147021138,1157.0023147021138,0.5240228392983183,150.19975275485814,0.12981802270078355,,,,,,,,,,
Mod-Nom-Ideal,AK,Rb,2045-Hhigh,1157.0023147021138,1157.0023147021138,0.5240228392983183,98.20815484707018,0.08488155434015292,,,,,,,,,,
Mod-Nom-Ideal,AK,Rb,2045-Hlow,1157.0023147021138,1157.0023147021138,0.5240228392983183,160.5159141887828,0.13873430688002542,,,,,,,,,,
Mod-Nom-Ideal,AK,R,2024-Hhigh,3390.510784296661,3390.510784296661,2.1828171780859553,312.120108808101,0.09205695798217267,,,,,,,,,,
Mod-Nom-Ideal,AK,R,2024-Hlow,3390.510784296661,3390.510784296661,2.2207806508890777,587.6817814985006,0.1733313411714782,,,,,,,,,,
Mod-Nom-Ideal,AK,R,2025-Hhigh,3390.510784296661,3390.510784296661,2.2207806508890777,247.11700977026567,0.07288489124258263,,,,,,,,,,
Mod-Nom-Ideal,AK,R,2025-Hlow,3390.510784296661,3390.510784296661,2.2207806508890777,498.16486707383064,0.14692914984406152,,,,,,,,,,
Mod-Nom-Ideal,AK,R,2030-Hhigh,3390.510784296661,3390.510784296661,2.2207806508890777,203.92615460332985,0.060146145397273226,,,,,,,,,,
Mod-Nom-Ideal,AK,R,2030-Hlow,3390.510784296661,3390.510784296661,2.2207806508890777,390.82544263588613,0.11527037296150654,,,,,,,,,,
Mod-Nom-Ideal,AK,R,2035-Hhigh,3390.510784296661,3390.510784296661,2.2207806508890777,221.54414430875096,0.06534240956697292,,,,,,,,,,
Mod-Nom-Ideal,AK,R,2035-Hlow,3390.510784296661,3390.510784296661,2.2207806508890777,364.64312013855863,0.10754813753356088,,,,,,,,,,
Mod-Nom-Ideal,AK,R,2040-Hhigh,3390.510784296661,3390.510784296661,2.2207806508890777,250.39792591728306,0.07385256731139596,,,,,,,,,,
Mod-Nom-Ideal,AK,R,2040-Hlow,3390.510784296661,3390.510784296661,2.2207806508890777,414.334757766226,0.12220422942915872,,,,,,,,,,
Mod-Nom-Ideal,AK,R,2045-Hhigh,3390.510784296661,3390.510784296661,2.2207806508890777,283.5532635698598,0.08363142948347266,,,,,,,,,,
Mod-Nom-Ideal,AK,R,2045-Hlow,3390.510784296661,3390.510784296661,2.2207806508890777,446.1978236049729,0.13160194790459387,,,,,,,,,,
Mod-H1-Ideal,AK,Rl,2024-Hhigh,1684.7373555181127,1684.7373555181127,1.4026926386915177,153.96436798279277,0.09138775695719266,,,,,,,,,,
Mod-H1-Ideal,AK,Rl,2024-Hlow,1684.7373555181127,1684.7373555181127,1.433913603870927,285.4360080584152,0.16942463293967513,,,,,,,,,,
Mod-H1-Ideal,AK,Rl,2025-Hhigh,1684.7373555181127,1684.7373555181127,1.433913603870927,121.54586885098942,0.07214529223376187,,,,,,,,,,
Mod-H1-Ideal,AK,Rl,2025-Hlow,1684.7373555181127,1684.7373555181127,1.433913603870927,242.71405177105078,0.14406640357090447,,,,,,,,,,
Mod-H1-Ideal,AK,Rl,2030-Hhigh,1684.7373555181127,1684.7373555181127,1.433913603870927,99.8428984395409,0.059263183138024436,,,,,,,,,,
Mod-H1-Ideal,AK,Rl,2030-Hlow,1684.7373555181127,1684.7373555181127,1.433913603870927,189.84170539445975,0.11268326470749924,,,,,,,,,,
Mod-H1-Ideal,AK,Rl,2035-Hhigh,1684.7373555181127,1684.7373555181127,1.433913603870927,107.68178174420119,0.06391606465631283,,,,,,,,,,
Mod-H1-Ideal,AK,Rl,2035-Hlow,1684.7373555181127,1684.7373555181127,1.433913603870927,178.982850028182,0.10623783549521809,,,,,,,,,,
Mod-H1-Ideal,AK,Rl,2040-Hhigh,1684.7373555181127,1684.7373555181127,1.433913603870927,121.10202212306275,0.07188184064798626,,,,,,,,,,
Mod-H1-Ideal,AK,Rl,2040-Hlow,1684.7373555181127,1684.7373555181127,1.433913603870927,203.07224933012557,0.12053644365692485,,,,,,,,,,
Mod-H1-Ideal,AK,Rl,2045-Hhigh,1684.7373555181127,1684.7373555181127,1.433913603870927,137.96437154079646,0.08189072978581154,,,,,,,,,,
Mod-H1-Ideal,AK,Rl,2045-Hlow,1684.7373555181127,1684.7373555181127,1.433913603870927,218.58431600797906,0.1297438531246653,,,,,,,,,,
Mod-H1-Ideal,AK,Rb,2024-Hhigh,577.4506731790643,577.4506731790643,0.41529643806980104,53.165563114431315,0.09206944520773805,,,,,,,,,,
Mod-H1-Ideal,AK,Rb,2024-Hlow,577.4506731790643,577.4506731790643,0.41529643806980104,111.9475494366153,0.1938651293283729,,,,,,,,,,
Mod-H1-Ideal,AK,Rb,2025-Hhigh,577.4506731790643,577.4506731790643,0.41529643806980104,42.565982962135884,0.0737136260103318,,,,,,,,,,
Mod-H1-Ideal,AK,Rb,2025-Hlow,577.4506731790643,577.4506731790643,0.41529643806980104,96.56656073754688,0.16722910756327425,,,,,,,,,,
Mod-H1-Ideal,AK,Rb,2030-Hhigh,577.4506731790643,577.4506731790643,0.41529643806980104,35.594968546746955,0.06164157425046268,,,,,,,,,,
Mod-H1-Ideal,AK,Rb,2030-Hlow,577.4506731790643,577.4506731790643,0.41529643806980104,75.8431453653514,0.13134134028766273,,,,,,,,,,
Mod-H1-Ideal,AK,Rb,2035-Hhigh,577.4506731790643,577.4506731790643,0.41529643806980104,39.49275205265417,0.06839155946469505,,,,,,,,,,
Mod-H1-Ideal,AK,Rb,2035-Hlow,577.4506731790643,577.4506731790643,0.41529643806980104,69.1355758506877,0.11972550914188498,,,,,,,,,,
Mod-H1-Ideal,AK,Rb,2040-Hhigh,577.4506731790643,577.4506731790643,0.41529643806980104,44.97029603520218,0.07787729432823284,,,,,,,,,,
Mod-H1-Ideal,AK,Rb,2040-Hlow,577.4506731790643,577.4506731790643,0.41529643806980104,80.54314099589963,0.13948055606634238,,,,,,,,,,
Mod-H1-Ideal,AK,Rb,2045-Hhigh,577.4506731790643,577.4506731790643,0.41529643806980104,50.96690929376215,0.08826192722777827,,,,,,,,,,
Mod-H1-Ideal,AK,Rb,2045-Hlow,577.4506731790643,577.4506731790643,0.41529643806980104,86.48278650603841,0.14976653508761356,,,,,,,,,,
Mod-H1-Ideal,AK,R,2024-Hhigh,2262.1880286971764,2262.1880286971764,1.8179890767613187,207.12993109722402,0.09156176607322639,,,,,,,,,,
Mod-H1-Ideal,AK,R,2024-Hlow,2262.1880286971764,2262.1880286971764,1.8492100419407282,397.38355749503063,0.17566336328103063,,,,,,,,,,
Mod-H1-Ideal,AK,R,2025-Hhigh,2262.1880286971764,2262.1880286971764,1.8492100419407282,164.11185181312516,0.07254562827283606,,,,,,,,,,
Mod-H1-Ideal,AK,R,2025-Hlow,2262.1880286971764,2262.1880286971764,1.8492100419407282,339.28061250859776,0.1499789620511757,,,,,,,,,,
Mod-H1-Ideal,AK,R,2030-Hhigh,2262.1880286971764,2262.1880286971764,1.8492100419407282,135.4378669862878,0.05987029604443987,,,,,,,,,,
Mod-H1-Ideal,AK,R,2030-Hlow,2262.1880286971764,2262.1880286971764,1.8492100419407282,265.68485075981124,0.11744596266510288,,,,,,,,,,
Mod-H1-Ideal,AK,R,2035-Hhigh,2262.1880286971764,2262.1880286971764,1.8492100419407282,147.17453379685531,0.06505848847658126,,,,,,,,,,
Mod-H1-Ideal,AK,R,2035-Hlow,2262.1880286971764,2262.1880286971764,1.8492100419407282,248.11842587886972,0.10968072623996881,,,,,,,,,,
Mod-H1-Ideal,AK,R,2040-Hhigh,2262.1880286971764,2262.1880286971764,1.8492100419407282,166.07231815826495,0.07341225223170691,,,,,,,,,,
Mod-H1-Ideal,AK,R,2040-Hlow,2262.1880286971764,2262.1880286971764,1.8492100419407282,283.6153903260252,0.12537215595175924,,,,,,,,,,
Mod-H1-Ideal,AK,R,2045-Hhigh,2262.1880286971764,2262.1880286971764,1.8492100419407282,188.93128083455858,0.08351705447905078,,,,,,,,,,
Mod-H1-Ideal,AK,R,2045-Hlow,2262.1880286971764,2262.1880286971764,1.8492100419407282,305.0671025140175,0.1348548832564151,,,,,,,,,,
Mod-Nom-Real,AK,Rl,2024-Hhigh,2238.2603680441844,2238.2603680441844,1.6652637410565334,209.2340635338398,0.09348066316193175,,,,,,,,,,
Mod-Nom-Real,AK,Rl,2024-Hlow,2238.2603680441844,2238.2603680441844,1.7032405625015363,373.7814084736586,0.16699639318560278,,,,,,,,,,
Mod-Nom-Real,AK,Rl,2025-Hhigh,2238.2603680441844,2238.2603680441844,1.7032405625015363,166.0438052713436,0.07418431190667707,,,,,,,,,,
Mod-Nom-Real,AK,Rl,2025-Hlow,2238.2603680441844,2238.2603680441844,1.7032405625015363,317.61353404125623,0.14190196036879762,,,,,,,,,,
Mod-Nom-Real,AK,Rl,2030-Hhigh,2238.2603680441844,2238.2603680441844,1.7032405625015363,136.15297138055638,0.060829818248324834,,,,,,,,,,
Mod-Nom-Real,AK,Rl,2030-Hlow,2238.2603680441844,2238.2603680441844,1.7032405625015363,249.30642626854953,0.11138401493763486,,,,,,,,,,
Mod-Nom-Real,AK,Rl,2035-Hhigh,2238.2603680441844,2238.2603680441844,1.7032405625015363,145.37021070910015,0.06494785539008859,,,,,,,,,,
Mod-Nom-Real,AK,Rl,2035-Hlow,2238.2603680441844,2238.2603680441844,1.7032405625015363,233.7494208116338,0.10443352531675594,,,,,,,,,,
Mod-Nom-Real,AK,Rl,2040-Hhigh,2238.2603680441844,2238.2603680441844,1.7032405625015363,162.73878106348488,0.07270770790874868,,,,,,,,,,
Mod-Nom-Real,AK,Rl,2040-Hlow,2238.2603680441844,2238.2603680441844,1.7032405625015363,264.7304892763057,0.11827510912308653,,,,,,,,,,
Mod-Nom-Real,AK,Rl,2045-Hhigh,2238.2603680441844,2238.2603680441844,1.7032405625015363,185.6854496284302,0.08295971830600035,,,,,,,,,,
Mod-Nom-Real,AK,Rl,2045-Hlow,2238.2603680441844,2238.2603680441844,1.7032405625015363,286.29987906459445,0.1279117850416868,,,,,,,,,,
Mod-Nom-Real,AK,Rb,2024-Hhigh,836.5585200238972,836.5585200238972,0.6069161310129655,79.3587767093901,0.09486338948185373,,,,,,,,,,
Mod-Nom-Real,AK,Rb,2024-Hlow,836.5585200238972,836.5585200238972,0.6069161310129655,151.97079186281303,0.18166187806977546,,,,,,,,,,
Mod-Nom-Real,AK,Rb,2025-Hhigh,836.5585200238972,836.5585200238972,0.6069161310129655,64.03176819237106,0.07654188757833931,,,,,,,,,,
Mod-Nom-Real,AK,Rb,2025-Hlow,836.5585200238972,836.5585200238972,0.6069161310129655,132.07224491087433,0.15787567964414675,,,,,,,,,,
Mod-Nom-Real,AK,Rb,2030-Hhigh,836.5585200238972,836.5585200238972,0.6069161310129655,52.99619229210851,0.06335025108655233,,,,,,,,,,
Mod-Nom-Real,AK,Rb,2030-Hlow,836.5585200238972,836.5585200238972,0.6069161310129655,104.70346069518014,0.12515975653704317,,,,,,,,,,
Mod-Nom-Real,AK,Rb,2035-Hhigh,836.5585200238972,836.5585200238972,0.6069161310129655,57.50548684779295,0.06874054291641216,,,,,,,,,,
Mod-Nom-Real,AK,Rb,2035-Hlow,836.5585200238972,836.5585200238972,0.6069161310129655,94.84195054126005,0.11337156728563445,,,,,,,,,,
Mod-Nom-Real,AK,Rb,2040-Hhigh,836.5585200238972,836.5585200238972,0.6069161310129655,64.57272763260576,0.07718853623146552,,,,,,,,,,
Mod-Nom-Real,AK,Rb,2040-Hlow,836.5585200238972,836.5585200238972,0.6069161310129655,110.66613070973837,0.13228737507398414,,,,,,,,,,
Mod-Nom-Real,AK,Rb,2045-Hhigh,836.5585200238972,836.5585200238972,0.6069161310129655,74.28872885083267,0.08880278793731074,,,,,,,,,,
Mod-Nom-Real,AK,Rb,2045-Hlow,836.5585200238972,836.5585200238972,0.6069161310129655,120.20595431429989,0.14369102870515987,,,,,,,,,,
Mod-Nom-Real,AK,R,2024-Hhigh,3074.818888068081,3074.818888068081,2.272179872069499,288.5928402432298,0.09385685815939346,,,,,,,,,,
Mod-Nom-Real,AK,R,2024-Hlow,3074.818888068081,3074.818888068081,2.310156693514502,525.7522003364714,0.17098639610178903,,,,,,,,,,
Mod-Nom-Real,AK,R,2025-Hhigh,3074.818888068081,3074.818888068081,2.310156693514502,230.07557346371465,0.07482573180375898,,,,,,,,,,
Mod-Nom-Real,AK,R,2025-Hlow,3074.818888068081,3074.818888068081,2.310156693514502,449.6857789521305,0.14624789144399641,,,,,,,,,,
Mod-Nom-Real,AK,R,2030-Hhigh,3074.818888068081,3074.818888068081,2.310156693514502,189.14916367266483,0.06151554629986935,,,,,,,,,,
Mod-Nom-Real,AK,R,2030-Hlow,3074.818888068081,3074.818888068081,2.310156693514502,354.00988696372974,0.11513194755550475,,,,,,,,,,
Mod-Nom-Real,AK,R,2035-Hhigh,3074.818888068081,3074.818888068081,2.310156693514502,202.87569755689316,0.06597972269006083,,,,,,,,,,
Mod-Nom-Real,AK,R,2035-Hlow,3074.818888068081,3074.818888068081,2.310156693514502,328.591371352894,0.10686527672507862,,,,,,,,,,
Mod-Nom-Real,AK,R,2040-Hhigh,3074.818888068081,3074.818888068081,2.310156693514502,227.31150869609067,0.07392679600680847,,,,,,,,,,
Mod-Nom-Real,AK,R,2040-Hlow,3074.818888068081,3074.818888068081,2.310156693514502,375.3966199860441,0.1220873923478163,,,,,,,,,,
Mod-Nom-Real,AK,R,2045-Hhigh,3074.818888068081,3074.818888068081,2.310156693514502,259.97417847926283,0.08454942809415532,,,,,,,,,,
Mod-Nom-Real,AK,R,2045-Hlow,3074.818888068081,3074.818888068081,2.310156693514502,406.50583337889435,0.13220480560866574,,,,,,,,,,
Mod-H1-Real,AK,Rl,2024-Hhigh,1686.91804868813,1686.91804868813,1.4062520017405746,154.1608211776908,0.09138607610344643,,,,,,,,,,
Mod-H1-Real,AK,Rl,2024-Hlow,1686.91804868813,1686.91804868813,1.4374948280006468,285.88093574700264,0.16946936809960889,,,,,,,,,,
Mod-H1-Real,AK,Rl,2025-Hhigh,1686.91804868813,1686.91804868813,1.4374948280006468,121.69687775727103,0.07214154703716126,,,,,,,,,,
Mod-H1-Real,AK,Rl,2025-Hlow,1686.91804868813,1686.91804868813,1.4374948280006468,243.09908302873785,0.14410841310150743,,,,,,,,,,
Mod-H1-Real,AK,Rl,2030-Hhigh,1686.91804868813,1686.91804868813,1.4374948280006468,99.96827166857075,0.05926089399915623,,,,,,,,,,
Mod-H1-Real,AK,Rl,2030-Hlow,1686.91804868813,1686.91804868813,1.4374948280006468,190.1371734870568,0.11271275070826427,,,,,,,,,,
Mod-H1-Real,AK,Rl,2035-Hhigh,1686.91804868813,1686.91804868813,1.4374948280006468,107.82139743504085,0.06391620358729969,,,,,,,,,,
Mod-H1-Real,AK,Rl,2035-Hlow,1686.91804868813,1686.91804868813,1.4374948280006468,179.26482714454684,0.10626765614604466,,,,,,,,,,
Mod-H1-Real,AK,Rl,2040-Hhigh,1686.91804868813,1686.91804868813,1.4374948280006468,121.25679936428969,0.07188066987521284,,,,,,,,,,
Mod-H1-Real,AK,Rl,2040-Hlow,1686.91804868813,1686.91804868813,1.4374948280006468,203.4115241610922,0.12058174629127939,,,,,,,,,,
Mod-H1-Real,AK,Rl,2045-Hhigh,1686.91804868813,1686.91804868813,1.4374948280006468,138.1412531103905,0.08188972381783405,,,,,,,,,,
Mod-H1-Real,AK,Rl,2045-Hlow,1686.91804868813,1686.91804868813,1.4374948280006468,218.9407972801433,0.12978745319039509,,,,,,,,,,
Mod-H1-Real,AK,Rb,2024-Hhigh,498.34919189280527,498.34919189280527,0.4591488387056553,47.31878869902603,0.09495106938831815,,,,,,,,,,
Mod-H1-Real,AK,Rb,2024-Hlow,498.34919189280527,498.34919189280527,0.4591488387056553,94.54324538256458,0.18971284978606084,,,,,,,,,,
Mod-H1-Real,AK,Rb,2025-Hhigh,498.34919189280527,498.34919189280527,0.4591488387056553,38.34392982152964,0.07694189224205145,,,,,,,,,,
Mod-H1-Real,AK,Rb,2025-Hlow,498.34919189280527,498.34919189280527,0.4591488387056553,82.98455760217813,0.16651889669368236,,,,,,,,,,
Mod-H1-Real,AK,Rb,2030-Hhigh,498.34919189280527,498.34919189280527,0.4591488387056553,31.85116865617229,0.06391335468047366,,,,,,,,,,
Mod-H1-Real,AK,Rb,2030-Hlow,498.34919189280527,498.34919189280527,0.4591488387056553,65.68993610045639,0.13181507498980008,,,,,,,,,,
Mod-H1-Real,AK,Rb,2035-Hhigh,498.34919189280527,498.34919189280527,0.4591488387056553,34.74007570493267,0.06971030809337651,,,,,,,,,,
Mod-H1-Real,AK,Rb,2035-Hlow,498.34919189280527,498.34919189280527,0.4591488387056553,59.346512743290866,0.11908620242341293,,,,,,,,,,
Mod-H1-Real,AK,Rb,2040-Hhigh,498.34919189280527,498.34919189280527,0.4591488387056553,38.958348296644644,0.07817479977979892,,,,,,,,,,
Mod-H1-Real,AK,Rb,2040-Hlow,498.34919189280527,498.34919189280527,0.4591488387056553,70.06958632961637,0.14060339109507036,,,,,,,,,,
Mod-H1-Real,AK,Rb,2045-Hhigh,498.34919189280527,498.34919189280527,0.4591488387056553,44.82062143948061,0.08993818424636175,,,,,,,,,,
Mod-H1-Real,AK,Rb,2045-Hlow,498.34919189280527,498.34919189280527,0.4591488387056553,75.74089999689963,0.1519835914837632,,,,,,,,,,
Mod-H1-Real,AK,R,2024-Hhigh,2185.267240580935,2185.267240580935,1.8654008404462294,201.47960987671698,0.09219907118689764,,,,,,,,,,
Mod-H1-Real,AK,R,2024-Hlow,2185.267240580935,2185.267240580935,1.8966436667063018,380.4241811295673,0.17408588481307885,,,,,,,,,,
Mod-H1-Real,AK,R,2025-Hhigh,2185.267240580935,2185.267240580935,1.8966436667063018,160.04080757880052,0.07323626355935077,,,,,,,,,,
Mod-H1-Real,AK,R,2025-Hlow,2185.267240580935,2185.267240580935,1.8966436667063018,326.083640630916,0.1492191136056336,,,,,,,,,,
Mod-H1-Real,AK,R,2030-Hhigh,2185.267240580935,2185.267240580935,1.8966436667063018,131.81944032474306,0.060321885523575584,,,,,,,,,,
Mod-H1-Real,AK,R,2030-Hlow,2185.267240580935,2185.267240580935,1.8966436667063018,255.8271095875132,0.11706902699896042,,,,,,,,,,
Mod-H1-Real,AK,R,2035-Hhigh,2185.267240580935,2185.267240580935,1.8966436667063018,142.56147313997351,0.06523754646231494,,,,,,,,,,
Mod-H1-Real,AK,R,2035-Hlow,2185.267240580935,2185.267240580935,1.8966436667063018,238.6113398878377,0.10919091974508567,,,,,,,,,,
Mod-H1-Real,AK,R,2040-Hhigh,2185.267240580935,2185.267240580935,1.8966436667063018,160.2151476609343,0.07331604331301028,,,,,,,,,,
Mod-H1-Real,AK,R,2040-Hlow,2185.267240580935,2185.267240580935,1.8966436667063018,273.4811104907085,0.1251476732054089,,,,,,,,,,
Mod-H1-Real,AK,R,2045-Hhigh,2185.267240580935,2185.267240580935,1.8966436667063018,182.9618745498711,0.0837251715269535,,,,,,,,,,
Mod-H1-Real,AK,R,2045-Hlow,2185.267240580935,2185.267240580935,1.8966436667063018,294.6816972770428,0.1348492723474426,,,,,,,,,,
Mod-Nom-Ideal,CH,Rl,2024-Hhigh,5867.6054458022645,5867.6054458022645,3.3558054717643944,567.4923409159276,0.09671617257801758,,,,,,,,,,
Mod-Nom-Ideal,CH,Rl,2024-Hlow,5867.6054458022645,5867.6054458022645,3.4719875433186624,890.6545355502675,0.1517918244123673,,,,,,,,,,
Mod-Nom-Ideal,CH,Rl,2025-Hhigh,5867.6054458022645,5867.6054458022645,3.4719875433186624,443.4758254037094,0.07558037593018048,,,,,,,,,,
Mod-Nom-Ideal,CH,Rl,2025-Hlow,5867.6054458022645,5867.6054458022645,3.4719875433186624,732.8551696771738,0.12489850867553896,,,,,,,,,,
Mod-Nom-Ideal,CH,Rl,2030-Hhigh,5867.6054458022645,5867.6054458022645,3.4719875433186624,358.0679403792694,0.06102454292243427,,,,,,,,,,
Mod-Nom-Ideal,CH,Rl,2030-Hlow,5867.6054458022645,5867.6054458022645,3.4719875433186624,572.6053045868059,0.09758756103760396,,,,,,,,,,
Mod-Nom-Ideal,CH,Rl,2035-Hhigh,5867.6054458022645,5867.6054458022645,3.4719875433186624,371.86893896377734,0.06337660948723395,,,,,,,,,,
Mod-Nom-Ideal,CH,Rl,2035-Hlow,5867.6054458022645,5867.6054458022645,3.4719875433186624,545.8948234105645,0.09303536654822324,,,,,,,,,,
Mod-Nom-Ideal,CH,Rl,2040-Hhigh,5867.6054458022645,5867.6054458022645,3.4719875433186624,404.40731165309546,0.06892203563932744,,,,,,,,,,
Mod-Nom-Ideal,CH,Rl,2040-Hlow,5867.6054458022645,5867.6054458022645,3.4719875433186624,601.6287591235161,0.10253394927123577,,,,,,,,,,
Mod-Nom-Ideal,CH,Rl,2045-Hhigh,5867.6054458022645,5867.6054458022645,3.4719875433186624,456.5829445168498,0.07781418650831289,,,,,,,,,,
Mod-Nom-Ideal,CH,Rl,2045-Hlow,5867.6054458022645,5867.6054458022645,3.4719875433186624,649.198468337758,0.11064112512919562,,,,,,,,,,
Mod-Nom-Ideal,CH,Rb,2024-Hhigh,5056.106238557996,5056.106238557996,1.4077210375154532,488.4154336588421,0.09659912403227873,,,,,,,,,,
Mod-Nom-Ideal,CH,Rb,2024-Hlow,5056.106238557996,5056.106238557996,1.4077210375154536,849.0963412713942,0.16793482992824868,,,,,,,,,,
Mod-Nom-Ideal,CH,Rb,2025-Hhigh,5056.106238557996,5056.106238557996,1.4077210375154536,379.596461466102,0.07507683651330141,,,,,,,,,,
Mod-Nom-Ideal,CH,Rb,2025-Hlow,5056.106238557996,5056.106238557996,1.4077210375154536,697.7045449383999,0.13799246139602192,,,,,,,,,,
Mod-Nom-Ideal,CH,Rb,2030-Hhigh,5056.106238557996,5056.106238557996,1.4077210375154536,310.824896688169,0.061475151435270554,,,,,,,,,,
Mod-Nom-Ideal,CH,Rb,2030-Hlow,5056.106238557996,5056.106238557996,1.4077210375154536,544.5780210269124,0.10770699730831335,,,,,,,,,,
Mod-Nom-Ideal,CH,Rb,2035-Hhigh,5056.106238557996,5056.106238557996,1.4077210375154536,341.98754105126727,0.06763851962667665,,,,,,,,,,
Mod-Nom-Ideal,CH,Rb,2035-Hlow,5056.106238557996,5056.106238557996,1.4077210375154536,517.9495755623248,0.10244040594171618,,,,,,,,,,
Mod-Nom-Ideal,CH,Rb,2040-Hhigh,5056.106238557996,5056.106238557996,1.4077210375154536,383.61858888905067,0.07587233550663264,,,,,,,,,,
Mod-Nom-Ideal,CH,Rb,2040-Hlow,5056.106238557996,5056.106238557996,1.4077210375154536,569.5517189761728,0.11264631162865145,,,,,,,,,,
Mod-Nom-Ideal,CH,Rb,2045-Hhigh,5056.106238557996,5056.106238557996,1.4077210375154536,418.9839965780287,0.08286692897843918,,,,,,,,,,
Mod-Nom-Ideal,CH,Rb,2045-Hlow,5056.106238557996,5056.106238557996,1.4077210375154536,605.2876341035463,0.11971418430404157,,,,,,,,,,
Mod-Nom-Ideal,CH,R,2024-Hhigh,10923.711684360258,10923.711684360258,4.763526509279848,1055.9077745747702,0.09666199594836788,,,,,,,,,,
Mod-Nom-Ideal,CH,R,2024-Hlow,10923.711684360258,10923.711684360258,4.879708580834114,1739.7508768216626,0.1592637124716964,,,,,,,,,,
Mod-Nom-Ideal,CH,R,2025-Hhigh,10923.711684360258,10923.711684360258,4.879708580834114,823.0722868698115,0.07534730965558382,,,,,,,,,,
Mod-Nom-Ideal,CH,R,2025-Hlow,10923.711684360258,10923.711684360258,4.879708580834114,1430.5597146155737,0.13095912414676236,,,,,,,,,,
Mod-Nom-Ideal,CH,R,2030-Hhigh,10923.711684360258,10923.711684360258,4.879708580834114,668.8928370674383,0.06123310980690825,,,,,,,,,,
Mod-Nom-Ideal,CH,R,2030-Hlow,10923.711684360258,10923.711684360258,4.879708580834114,1117.1833256137184,0.10227140352058328,,,,,,,,,,
Mod-Nom-Ideal,CH,R,2035-Hhigh,10923.711684360258,10923.711684360258,4.879708580834114,713.8564800150447,0.06534926045668984,,,,,,,,,,
Mod-Nom-Ideal,CH,R,2035-Hlow,10923.711684360258,10923.711684360258,4.879708580834114,1063.844398972889,0.09738854610159847,,,,,,,,,,
Mod-Nom-Ideal,CH,R,2040-Hhigh,10923.711684360258,10923.711684360258,4.879708580834114,788.0259005421458,0.07213902410756423,,,,,,,,,,
Mod-Nom-Ideal,CH,R,2040-Hlow,10923.711684360258,10923.711684360258,4.879708580834114,1171.1804780996888,0.10721451755052233,,,,,,,,,,
Mod-Nom-Ideal,CH,R,2045-Hhigh,10923.711684360258,10923.711684360258,4.879708580834114,875.5669410948788,0.08015287902082303,,,,,,,,,,
Mod-Nom-Ideal,CH,R,2045-Hlow,10923.711684360258,10923.711684360258,4.879708580834114,1254.4861024413042,0.11484064562390293,,,,,,,,,,
Mod-H1-Ideal,CH,Rl,2024-Hhigh,4986.386754278528,4986.386754278528,2.9230211677745195,473.0823578494509,0.09487478231477461,,,,,,,,,,
Mod-H1-Ideal,CH,Rl,2024-Hlow,4986.386754278528,4986.386754278528,3.021341313326011,763.4767587532908,0.15311222261253518,,,,,,,,,,
Mod-H1-Ideal,CH,Rl,2025-Hhigh,4986.386754278528,4986.386754278528,3.021341313326011,367.86715427019044,0.07377429236802481,,,,,,,,,,
Mod-H1-Ideal,CH,Rl,2025-Hlow,4986.386754278528,4986.386754278528,3.021341313326011,628.1530062294593,0.12597358311416132,,,,,,,,,,
Mod-H1-Ideal,CH,Rl,2030-Hhigh,4986.386754278528,4986.386754278528,3.021341313326011,297.41990172373943,0.05964637650068774,,,,,,,,,,
Mod-H1-Ideal,CH,Rl,2030-Hlow,4986.386754278528,4986.386754278528,3.021341313326011,489.9908032718071,0.09826570368842219,,,,,,,,,,
Mod-H1-Ideal,CH,Rl,2035-Hhigh,4986.386754278528,4986.386754278528,3.021341313326011,310.852168961768,0.06234016418703259,,,,,,,,,,
Mod-H1-Ideal,CH,Rl,2035-Hlow,4986.386754278528,4986.386754278528,3.021341313326011,467.79642763028926,0.09381471006614166,,,,,,,,,,
Mod-H1-Ideal,CH,Rl,2040-Hhigh,4986.386754278528,4986.386754278528,3.021341313326011,339.25056375012997,0.06803534913513053,,,,,,,,,,
Mod-H1-Ideal,CH,Rl,2040-Hlow,4986.386754278528,4986.386754278528,3.021341313326011,517.3901669847065,0.10376053693403628,,,,,,,,,,
Mod-H1-Ideal,CH,Rl,2045-Hhigh,4986.386754278528,4986.386754278528,3.021341313326011,382.9016893988977,0.07678940849711507,,,,,,,,,,
Mod-H1-Ideal,CH,Rl,2045-Hlow,4986.386754278528,4986.386754278528,3.021341313326011,555.8806735504388,0.11147965469655356,,,,,,,,,,
Mod-H1-Ideal,CH,Rb,2024-Hhigh,3477.17992782906,3477.17992782906,1.136431768200824,336.6146351520715,0.09680679232559393,,,,,,,,,,
Mod-H1-Ideal,CH,Rb,2024-Hlow,3477.17992782906,3477.17992782906,1.136431768200824,610.511877076678,0.1755767287710776,,,,,,,,,,
Mod-H1-Ideal,CH,Rb,2025-Hhigh,3477.17992782906,3477.17992782906,1.136431768200824,262.59231352156877,0.07551875915880932,,,,,,,,,,
Mod-H1-Ideal,CH,Rb,2025-Hlow,3477.17992782906,3477.17992782906,1.136431768200824,506.49150415769077,0.14566157480205902,,,,,,,,,,
Mod-H1-Ideal,CH,Rb,2030-Hhigh,3477.17992782906,3477.17992782906,1.136431768200824,215.79422326263636,0.06206012565975128,,,,,,,,,,
Mod-H1-Ideal,CH,Rb,2030-Hlow,3477.17992782906,3477.17992782906,1.136431768200824,395.91943994920996,0.11386222403406027,,,,,,,,,,
Mod-H1-Ideal,CH,Rb,2035-Hhigh,3477.17992782906,3477.17992782906,1.136431768200824,238.07155624015599,0.06846684991328401,,,,,,,,,,
Mod-H1-Ideal,CH,Rb,2035-Hlow,3477.17992782906,3477.17992782906,1.136431768200824,372.7430145652515,0.10719693035786318,,,,,,,,,,
Mod-H1-Ideal,CH,Rb,2040-Hhigh,3477.17992782906,3477.17992782906,1.136431768200824,268.01969697239855,0.07707961696987414,,,,,,,,,,
Mod-H1-Ideal,CH,Rb,2040-Hlow,3477.17992782906,3477.17992782906,1.136431768200824,414.27852107242757,0.11914210068820853,,,,,,,,,,
Mod-H1-Ideal,CH,Rb,2045-Hhigh,3477.17992782906,3477.17992782906,1.136431768200824,295.0896040822683,0.08486463461972885,,,,,,,,,,
Mod-H1-Ideal,CH,Rb,2045-Hlow,3477.17992782906,3477.17992782906,1.136431768200824,440.747753423699,0.12675437066004092,,,,,,,,,,
Mod-H1-Ideal,CH,R,2024-Hhigh,8463.566682107588,8463.566682107588,4.059452935975345,809.6969930015223,0.09566853117767277,,,,,,,,,,
Mod-H1-Ideal,CH,R,2024-Hlow,8463.566682107588,8463.566682107588,4.157773081526835,1373.9886358299698,0.16234156206681183,,,,,,,,,,
Mod-H1-Ideal,CH,R,2025-Hhigh,8463.566682107588,8463.566682107588,4.157773081526835,630.459467791759,0.07449099079287488,,,,,,,,,,
Mod-H1-Ideal,CH,R,2025-Hlow,8463.566682107588,8463.566682107588,4.157773081526835,1134.6445103871495,0.13406221667584256,,,,,,,,,,
Mod-H1-Ideal,CH,R,2030-Hhigh,8463.566682107588,8463.566682107588,4.157773081526835,513.2141249863759,0.06063804354154102,,,,,,,,,,
Mod-H1-Ideal,CH,R,2030-Hlow,8463.566682107588,8463.566682107588,4.157773081526835,885.9102432210174,0.104673393203586,,,,,,,,,,
Mod-H1-Ideal,CH,R,2035-Hhigh,8463.566682107588,8463.566682107588,4.157773081526835,548.9237252019238,0.06485725768101723,,,,,,,,,,
Mod-H1-Ideal,CH,R,2035-Hlow,8463.566682107588,8463.566682107588,4.157773081526835,840.5394421955406,0.09931267440386378,,,,,,,,,,
Mod-H1-Ideal,CH,R,2040-Hhigh,8463.566682107588,8463.566682107588,4.157773081526835,607.2702607225285,0.07175110488658745,,,,,,,,,,
Mod-H1-Ideal,CH,R,2040-Hlow,8463.566682107588,8463.566682107588,4.157773081526835,931.668688057134,0.11007991347509899,,,,,,,,,,
Mod-H1-Ideal,CH,R,2045-Hhigh,8463.566682107588,8463.566682107588,4.157773081526835,677.9912934811657,0.08010704221359465,,,,,,,,,,
Mod-H1-Ideal,CH,R,2045-Hlow,8463.566682107588,8463.566682107588,4.157773081526835,996.6284269741382,0.11775513378787002,,,,,,,,,,
Mod-Nom-Real,CH,Rl,2024-Hhigh,5901.745137045861,5901.745137045861,3.3889276412632348,570.828899669147,0.09672205193782349,,,,,,,,,,
Mod-Nom-Real,CH,Rl,2024-Hlow,5901.745137045861,5901.745137045861,3.5051893375907763,896.1705402006551,0.15184839727749347,,,,,,,,,,
Mod-Nom-Real,CH,Rl,2025-Hhigh,5901.745137045861,5901.745137045861,3.5051893375907763,446.0710228678237,0.07558290175354913,,,,,,,,,,
Mod-Nom-Real,CH,Rl,2025-Hlow,5901.745137045861,5901.745137045861,3.5051893375907763,737.3638827900761,0.12493997379886285,,,,,,,,,,
Mod-Nom-Real,CH,Rl,2030-Hhigh,5901.745137045861,5901.745137045861,3.5051893375907763,360.14608764161875,0.06102365982918251,,,,,,,,,,
Mod-Nom-Real,CH,Rl,2030-Hlow,5901.745137045861,5901.745137045861,3.5051893375907763,576.0758413753103,0.09761110112316153,,,,,,,,,,
Mod-Nom-Real,CH,Rl,2035-Hhigh,5901.745137045861,5901.745137045861,3.5051893375907763,374.01744179660335,0.0633740415947238,,,,,,,,,,
Mod-Nom-Real,CH,Rl,2035-Hlow,5901.745137045861,5901.745137045861,3.5051893375907763,549.1377360841319,0.09304667065968977,,,,,,,,,,
Mod-Nom-Real,CH,Rl,2040-Hhigh,5901.745137045861,5901.745137045861,3.5051893375907763,406.711983292736,0.06891385070828679,,,,,,,,,,
Mod-Nom-Real,CH,Rl,2040-Hlow,5901.745137045861,5901.745137045861,3.5051893375907763,605.2366552731576,0.10255215046038245,,,,,,,,,,
Mod-Nom-Real,CH,Rl,2045-Hhigh,5901.745137045861,5901.745137045861,3.5051893375907763,459.17406435810295,0.07780309954013774,,,,,,,,,,
Mod-Nom-Real,CH,Rl,2045-Hlow,5901.745137045861,5901.745137045861,3.5051893375907763,653.0756403495035,0.1106580554029825,,,,,,,,,,
Mod-Nom-Real,CH,Rb,2024-Hhigh,3023.420563786557,3023.420563786557,1.8389954060103588,311.20761568214493,0.10293229443818624,,,,,,,,,,
Mod-Nom-Real,CH,Rb,2024-Hlow,3023.420563786557,3023.420563786557,1.8389954060103588,502.95776562460645,0.16635388792708944,,,,,,,,,,
Mod-Nom-Real,CH,Rb,2025-Hhigh,3023.420563786557,3023.420563786557,1.8389954060103588,249.41843124519622,0.08249544712126404,,,,,,,,,,
Mod-Nom-Real,CH,Rb,2025-Hlow,3023.420563786557,3023.420563786557,1.8389954060103588,427.85149777307635,0.1415123992003387,,,,,,,,,,
Mod-Nom-Real,CH,Rb,2030-Hhigh,3023.420563786557,3023.420563786557,1.8389954060103588,203.33528596147912,0.06725339120761298,,,,,,,,,,
Mod-Nom-Real,CH,Rb,2030-Hlow,3023.420563786557,3023.420563786557,1.8389954060103588,338.9288255621402,0.11210111805870068,,,,,,,,,,
Mod-Nom-Real,CH,Rb,2035-Hhigh,3023.420563786557,3023.420563786557,1.8389954060103588,212.23647489564462,0.07019747018914163,,,,,,,,,,
Mod-Nom-Real,CH,Rb,2035-Hlow,3023.420563786557,3023.420563786557,1.8389954060103588,311.64793646682716,0.10307793106907916,,,,,,,,,,
Mod-Nom-Real,CH,Rb,2040-Hhigh,3023.420563786557,3023.420563786557,1.8389954060103588,231.67702309233695,0.07662745496517452,,,,,,,,,,
Mod-Nom-Real,CH,Rb,2040-Hlow,3023.420563786557,3023.420563786557,1.8389954060103588,352.27088576434636,0.11651402057117696,,,,,,,,,,
Mod-Nom-Real,CH,Rb,2045-Hhigh,3023.420563786557,3023.420563786557,1.8389954060103588,265.4219082652949,0.08778861645793608,,,,,,,,,,
Mod-Nom-Real,CH,Rb,2045-Hlow,3023.420563786557,3023.420563786557,1.8389954060103588,385.10051307253525,0.12737245942067424,,,,,,,,,,
Mod-Nom-Real,CH,R,2024-Hhigh,8925.16570083242,8925.16570083242,5.2279230472735945,882.0365153512917,0.098825785976055,,,,,,,,,,
Mod-Nom-Real,CH,R,2024-Hlow,8925.16570083242,8925.16570083242,5.344184743601135,1399.1283058252616,0.15676216584917518,,,,,,,,,,
Mod-Nom-Real,CH,R,2025-Hhigh,8925.16570083242,8925.16570083242,5.344184743601135,695.4894541130199,0.07792454251556964,,,,,,,,,,
Mod-Nom-Real,CH,R,2025-Hlow,8925.16570083242,8925.16570083242,5.344184743601135,1165.2153805631522,0.13055392130753118,,,,,,,,,,
Mod-Nom-Real,CH,R,2030-Hhigh,8925.16570083242,8925.16570083242,5.344184743601135,563.481373603098,0.06313399577002184,,,,,,,,,,
Mod-Nom-Real,CH,R,2030-Hlow,8925.16570083242,8925.16570083242,5.344184743601135,915.0046669374503,0.10251962793834864,,,,,,,,,,
Mod-Nom-Real,CH,R,2035-Hhigh,8925.16570083242,8925.16570083242,5.344184743601135,586.253916692248,0.06568549384327622,,,,,,,,,,
Mod-Nom-Real,CH,R,2035-Hlow,8925.16570083242,8925.16570083242,5.344184743601135,860.7856725509587,0.09644478336919572,,,,,,,,,,
Mod-Nom-Real,CH,R,2040-Hhigh,8925.16570083242,8925.16570083242,5.344184743601135,638.389006385073,0.07152685202533916,,,,,,,,,,
Mod-Nom-Real,CH,R,2040-Hlow,8925.16570083242,8925.16570083242,5.344184743601135,957.5075410375043,0.10728176631479243,,,,,,,,,,
Mod-Nom-Real,CH,R,2045-Hhigh,8925.16570083242,8925.16570083242,5.344184743601135,724.595972623398,0.08118571653586414,,,,,,,,,,
Mod-Nom-Real,CH,R,2045-Hlow,8925.16570083242,8925.16570083242,5.344184743601135,1038.1761534220389,0.11632009849690653,,,,,,,,,,
Mod-H1-Real,CH,Rl,2024-Hhigh,5012.66436812263,5012.66436812263,2.944176801638607,475.51358498081345,0.09486244241780452,,,,,,,,,,
Mod-H1-Real,CH,Rl,2024-Hlow,5012.66436812263,5012.66436812263,3.0428076257219336,767.8504436461186,0.15318209783387077,,,,,,,,,,
Mod-H1-Real,CH,Rl,2025-Hhigh,5012.66436812263,5012.66436812263,3.0428076257219336,369.72426579967623,0.0737580333825836,,,,,,,,,,
Mod-H1-Real,CH,Rl,2025-Hlow,5012.66436812263,5012.66436812263,3.0428076257219336,631.6905376518629,0.1260189175379494,,,,,,,,,,
Mod-H1-Real,CH,Rl,2030-Hhigh,5012.66436812263,5012.66436812263,3.0428076257219336,298.91391807819554,0.059631743944218316,,,,,,,,,,
Mod-H1-Real,CH,Rl,2030-Hlow,5012.66436812263,5012.66436812263,3.0428076257219336,492.69440977733694,0.09828992599435966,,,,,,,,,,
Mod-H1-Real,CH,Rl,2035-Hhigh,5012.66436812263,5012.66436812263,3.0428076257219336,312.42556569218186,0.06232724610069858,,,,,,,,,,
Mod-H1-Real,CH,Rl,2035-Hlow,5012.66436812263,5012.66436812263,3.0428076257219336,470.37739317411535,0.09383779934787129,,,,,,,,,,
Mod-H1-Real,CH,Rl,2040-Hhigh,5012.66436812263,5012.66436812263,3.0428076257219336,340.9571651934571,0.06801914912989761,,,,,,,,,,
Mod-H1-Real,CH,Rl,2040-Hlow,5012.66436812263,5012.66436812263,3.0428076257219336,520.2570888647714,0.10378853453131172,,,,,,,,,,
Mod-H1-Real,CH,Rl,2045-Hhigh,5012.66436812263,5012.66436812263,3.0428076257219336,384.81409105198395,0.07676837362165276,,,,,,,,,,
Mod-H1-Real,CH,Rl,2045-Hlow,5012.66436812263,5012.66436812263,3.0428076257219336,558.9062371715079,0.11149883497602543,,,,,,,,,,
Mod-H1-Real,CH,Rb,2024-Hhigh,2351.9308081423637,2351.9308081423637,1.548446660268762,240.66706115130057,0.10232744106166446,,,,,,,,,,
Mod-H1-Real,CH,Rb,2024-Hlow,2351.9308081423637,2351.9308081423637,1.548446660268762,405.1502074588399,0.1722628089466805,,,,,,,,,,
Mod-H1-Real,CH,Rb,2025-Hhigh,2351.9308081423637,2351.9308081423637,1.548446660268762,192.850276770406,0.08199657749401472,,,,,,,,,,
Mod-H1-Real,CH,Rb,2025-Hlow,2351.9308081423637,2351.9308081423637,1.548446660268762,346.9604000405429,0.1475215167212271,,,,,,,,,,
Mod-H1-Real,CH,Rb,2030-Hhigh,2351.9308081423637,2351.9308081423637,1.548446660268762,157.81049398323128,0.06709827237982204,,,,,,,,,,
Mod-H1-Real,CH,Rb,2030-Hlow,2351.9308081423637,2351.9308081423637,1.548446660268762,275.070012242959,0.11695497643496529,,,,,,,,,,
Mod-H1-Real,CH,Rb,2035-Hhigh,2351.9308081423637,2351.9308081423637,1.548446660268762,165.95482036496958,0.0705610980520496,,,,,,,,,,
Mod-H1-Real,CH,Rb,2035-Hlow,2351.9308081423637,2351.9308081423637,1.548446660268762,251.62327763065917,0.10698583340952957,,,,,,,,,,
Mod-H1-Real,CH,Rb,2040-Hhigh,2351.9308081423637,2351.9308081423637,1.548446660268762,182.20662870311799,0.07747108378882586,,,,,,,,,,
Mod-H1-Real,CH,Rb,2040-Hlow,2351.9308081423637,2351.9308081423637,1.548446660268762,287.0553903625532,0.12205095038033006,,,,,,,,,,
Mod-H1-Real,CH,Rb,2045-Hhigh,2351.9308081423637,2351.9308081423637,1.548446660268762,209.28150989297575,0.08898285152286156,,,,,,,,,,
Mod-H1-Real,CH,Rb,2045-Hlow,2351.9308081423637,2351.9308081423637,1.548446660268762,312.7221559810605,0.13296401190818163,,,,,,,,,,
Mod-H1-Real,CH,R,2024-Hhigh,7364.595176264991,7364.595176264991,4.49262346190737,716.1806461321141,0.09724643771870302,,,,,,,,,,
Mod-H1-Real,CH,R,2024-Hlow,7364.595176264991,7364.595176264991,4.591254285990696,1173.000651104958,0.15927564557592613,,,,,,,,,,
Mod-H1-Real,CH,R,2025-Hhigh,7364.595176264991,7364.595176264991,4.591254285990696,562.5745425700821,0.0763890654007945,,,,,,,,,,
Mod-H1-Real,CH,R,2025-Hlow,7364.595176264991,7364.595176264991,4.591254285990696,978.6509376924054,0.13288591080287124,,,,,,,,,,
Mod-H1-Real,CH,R,2030-Hhigh,7364.595176264991,7364.595176264991,4.591254285990696,456.72441206142685,0.06201622779394345,,,,,,,,,,
Mod-H1-Real,CH,R,2030-Hlow,7364.595176264991,7364.595176264991,4.591254285990696,767.7644220202959,0.10425072982893722,,,,,,,,,,
Mod-H1-Real,CH,R,2035-Hhigh,7364.595176264991,7364.595176264991,4.591254285990696,478.3803860571515,0.06495677964742737,,,,,,,,,,
Mod-H1-Real,CH,R,2035-Hlow,7364.595176264991,7364.595176264991,4.591254285990696,722.0006708047745,0.09803670853921158,,,,,,,,,,
Mod-H1-Real,CH,R,2040-Hhigh,7364.595176264991,7364.595176264991,4.591254285990696,523.1637938965752,0.07103768521895884,,,,,,,,,,
Mod-H1-Real,CH,R,2040-Hlow,7364.595176264991,7364.595176264991,4.591254285990696,807.3124792273247,0.10962075442098627,,,,,,,,,,
Mod-H1-Real,CH,R,2045-Hhigh,7364.595176264991,7364.595176264991,4.591254285990696,594.0956009449596,0.08066914565238324,,,,,,,,,,
Mod-H1-Real,CH,R,2045-Hlow,7364.595176264991,7364.595176264991,4.591254285990696,871.6283931525683,0.11835387720450659,,,,,,,,,,
Mass-Nom-Ideal,AK,Rl,2024-Hhigh,1563.8815104525415,1563.8815104525415,1.1219227503669171,157.38166229477264,0.10063528550141308,,,,,,,,,,
Mass-Nom-Ideal,AK,Rl,2024-Hlow,1563.8815104525415,1563.8815104525415,1.125882724149474,256.10235016410775,0.16376071233811007,,,,,,,,,,
Mass-Nom-Ideal,AK,Rl,2025-Hhigh,1563.8815104525415,1563.8815104525415,1.125882724149474,125.16401903301694,0.08003420859985623,,,,,,,,,,
Mass-Nom-Ideal,AK,Rl,2025-Hlow,1563.8815104525415,1563.8815104525415,1.125882724149474,214.7115169055841,0.1372939800557223,,,,,,,,,,
Mass-Nom-Ideal,AK,Rl,2030-Hhigh,1563.8815104525415,1563.8815104525415,1.125882724149474,101.46705486514787,0.06488154900928925,,,,,,,,,,
Mass-Nom-Ideal,AK,Rl,2030-Hlow,1563.8815104525415,1563.8815104525415,1.125882724149474,167.39641259849955,0.10703906368843757,,,,,,,,,,
Mass-Nom-Ideal,AK,Rl,2035-Hhigh,1563.8815104525415,1563.8815104525415,1.125882724149474,103.98890373952916,0.06649410651925786,,,,,,,,,,
Mass-Nom-Ideal,AK,Rl,2035-Hlow,1563.8815104525415,1563.8815104525415,1.125882724149474,153.04904011804553,0.09786485682905581,,,,,,,,,,
Mass-Nom-Ideal,AK,Rl,2040-Hhigh,1563.8815104525415,1563.8815104525415,1.125882724149474,112.8934865533612,0.07218800516459405,,,,,,,,,,
Mass-Nom-Ideal,AK,Rl,2040-Hlow,1563.8815104525415,1563.8815104525415,1.125882724149474,172.3514393237341,0.11020747938496993,,,,,,,,,,
Mass-Nom-Ideal,AK,Rl,2045-Hhigh,1563.8815104525415,1563.8815104525415,1.125882724149474,127.64782507882636,0.08162244020769119,,,,,,,,,,
Mass-Nom-Ideal,AK,Rl,2045-Hlow,1563.8815104525415,1563.8815104525415,1.125882724149474,187.19092891084716,0.11969636296593825,,,,,,,,,,
Mass-Nom-Ideal,AK,Rb,2024-Hhigh,887.9253731783978,887.9253731783978,0.3811873061602845,85.18510948476309,0.09593723983788906,,,,,,,,,,
Mass-Nom-Ideal,AK,Rb,2024-Hlow,887.9253731783978,887.9253731783978,0.38118730616028446,156.27909378184287,0.17600476177680308,,,,,,,,,,
Mass-Nom-Ideal,AK,Rb,2025-Hhigh,887.9253731783978,887.9253731783978,0.38118730616028446,66.85286951532905,0.0752910903717325,,,,,,,,,,
Mass-Nom-Ideal,AK,Rb,2025-Hlow,887.9253731783978,887.9253731783978,0.38118730616028446,129.3040108305153,0.14562486300809444,,,,,,,,,,
Mass-Nom-Ideal,AK,Rb,2030-Hhigh,887.9253731783978,887.9253731783978,0.38118730616028446,55.34271308860114,0.06232811310538137,,,,,,,,,,
Mass-Nom-Ideal,AK,Rb,2030-Hlow,887.9253731783978,887.9253731783978,0.38118730616028446,100.74970363401441,0.11346640908950831,,,,,,,,,,
Mass-Nom-Ideal,AK,Rb,2035-Hhigh,887.9253731783978,887.9253731783978,0.38118730616028446,60.32783926223439,0.06794246575732621,,,,,,,,,,
Mass-Nom-Ideal,AK,Rb,2035-Hlow,887.9253731783978,887.9253731783978,0.38118730616028446,92.31845618207879,0.10397096306823367,,,,,,,,,,
Mass-Nom-Ideal,AK,Rb,2040-Hhigh,887.9253731783978,887.9253731783978,0.38118730616028446,68.03336690188956,0.07662059105075335,,,,,,,,,,
Mass-Nom-Ideal,AK,Rb,2040-Hlow,887.9253731783978,887.9253731783978,0.38118730616028446,103.03986531406971,0.11604563674673528,,,,,,,,,,
Mass-Nom-Ideal,AK,Rb,2045-Hhigh,887.9253731783978,887.9253731783978,0.38118730616028446,74.49825241000825,0.08390147940399087,,,,,,,,,,
Mass-Nom-Ideal,AK,Rb,2045-Hlow,887.9253731783978,887.9253731783978,0.38118730616028446,110.66304626816604,0.12463102149231199,,,,,,,,,,
Mass-Nom-Ideal,AK,R,2024-Hhigh,2451.80688363094,2451.80688363094,1.503110056527202,242.56677177953574,0.09893388153813842,,,,,,,,,,
Mass-Nom-Ideal,AK,R,2024-Hlow,2451.80688363094,2451.80688363094,1.5070700303097588,412.3814439459506,0.16819491237223586,,,,,,,,,,
Mass-Nom-Ideal,AK,R,2025-Hhigh,2451.80688363094,2451.80688363094,1.5070700303097588,192.016888548346,0.07831648154278104,,,,,,,,,,
Mass-Nom-Ideal,AK,R,2025-Hlow,2451.80688363094,2451.80688363094,1.5070700303097588,344.0155277360993,0.1403110212443153,,,,,,,,,,
Mass-Nom-Ideal,AK,R,2030-Hhigh,2451.80688363094,2451.80688363094,1.5070700303097588,156.809767953749,0.06395681854091446,,,,,,,,,,
Mass-Nom-Ideal,AK,R,2030-Hlow,2451.80688363094,2451.80688363094,1.5070700303097588,268.146116232514,0.10936673602751695,,,,,,,,,,
Mass-Nom-Ideal,AK,R,2035-Hhigh,2451.80688363094,2451.80688363094,1.5070700303097588,164.31674300176354,0.06701863189095175,,,,,,,,,,
Mass-Nom-Ideal,AK,R,2035-Hlow,2451.80688363094,2451.80688363094,1.5070700303097588,245.3674963001242,0.10007619194573496,,,,,,,,,,
Mass-Nom-Ideal,AK,R,2040-Hhigh,2451.80688363094,2451.80688363094,1.5070700303097588,180.9268534552507,0.07379327248943512,,,,,,,,,,
Mass-Nom-Ideal,AK,R,2040-Hlow,2451.80688363094,2451.80688363094,1.5070700303097588,275.3913046378038,0.11232177643206963,,,,,,,,,,
Mass-Nom-Ideal,AK,R,2045-Hhigh,2451.80688363094,2451.80688363094,1.5070700303097588,202.14607748883452,0.08244779751554965,,,,,,,,,,
Mass-Nom-Ideal,AK,R,2045-Hlow,2451.80688363094,2451.80688363094,1.5070700303097588,297.8539751790131,0.12148345661625437,,,,,,,,,,
Mass-H1-Ideal,AK,Rl,2024-Hhigh,452.53689337432246,452.53689337432246,0.48330095041263366,47.523563471234716,0.10501588747135565,,,,,,,,,,
Mass-H1-Ideal,AK,Rl,2024-Hlow,452.53689337432246,452.53689337432246,0.4833009504126336,78.27078476872505,0.1729600081555831,,,,,,,,,,
Mass-H1-Ideal,AK,Rl,2025-Hhigh,452.53689337432246,452.53689337432246,0.4833009504126336,38.43657925148123,0.0849357915658113,,,,,,,,,,
Mass-H1-Ideal,AK,Rl,2025-Hlow,452.53689337432246,452.53689337432246,0.4833009504126336,66.51593228576367,0.14698455144682326,,,,,,,,,,
Mass-H1-Ideal,AK,Rl,2030-Hhigh,452.53689337432246,452.53689337432246,0.4833009504126336,31.27202807020193,0.06910382010408778,,,,,,,,,,
Mass-H1-Ideal,AK,Rl,2030-Hlow,452.53689337432246,452.53689337432246,0.4833009504126336,51.69845147557553,0.1142414071261421,,,,,,,,,,
Mass-H1-Ideal,AK,Rl,2035-Hhigh,452.53689337432246,452.53689337432246,0.4833009504126336,31.644742437779428,0.06992743111356452,,,,,,,,,,
Mass-H1-Ideal,AK,Rl,2035-Hlow,452.53689337432246,452.53689337432246,0.4833009504126336,45.620356326186474,0.10081024772592614,,,,,,,,,,
Mass-H1-Ideal,AK,Rl,2040-Hhigh,452.53689337432246,452.53689337432246,0.4833009504126336,34.23370088131938,0.07564841979193612,,,,,,,,,,
Mass-H1-Ideal,AK,Rl,2040-Hlow,452.53689337432246,452.53689337432246,0.4833009504126336,52.124422118915824,0.11518270196768322,,,,,,,,,,
Mass-H1-Ideal,AK,Rl,2045-Hhigh,452.53689337432246,452.53689337432246,0.4833009504126336,38.90229579497511,0.085964915489877,,,,,,,,,,
Mass-H1-Ideal,AK,Rl,2045-Hlow,452.53689337432246,452.53689337432246,0.4833009504126336,57.15603832429498,0.12630138925936704,,,,,,,,,,
Mass-H1-Ideal,AK,Rb,2024-Hhigh,86.39709664817063,86.39709664817063,0.07220971782945446,9.98735666488665,0.11559829036336168,,,,,,,,,,
Mass-H1-Ideal,AK,Rb,2024-Hlow,86.39709664817063,86.39709664817063,0.07220971782945447,17.35836844913743,0.20091379366397927,,,,,,,,,,
Mass-H1-Ideal,AK,Rb,2025-Hhigh,86.39709664817063,86.39709664817063,0.07220971782945447,8.283357415846226,0.0958754140729753,,,,,,,,,,
Mass-H1-Ideal,AK,Rb,2025-Hlow,86.39709664817063,86.39709664817063,0.07220971782945447,14.986955405780954,0.17346596109370865,,,,,,,,,,
Mass-H1-Ideal,AK,Rb,2030-Hhigh,86.39709664817063,86.39709664817063,0.07220971782945447,6.775627689127577,0.07842425211022463,,,,,,,,,,
Mass-H1-Ideal,AK,Rb,2030-Hlow,86.39709664817063,86.39709664817063,0.07220971782945447,11.627812515371563,0.13458568593714162,,,,,,,,,,
Mass-H1-Ideal,AK,Rb,2035-Hhigh,86.39709664817063,86.39709664817063,0.07220971782945447,6.77733048815252,0.0784439610945656,,,,,,,,,,
Mass-H1-Ideal,AK,Rb,2035-Hlow,86.39709664817063,86.39709664817063,0.07220971782945447,9.383522569541686,0.10860923495790148,,,,,,,,,,
Mass-H1-Ideal,AK,Rb,2040-Hhigh,86.39709664817063,86.39709664817063,0.07220971782945447,7.296113633372826,0.08444859742317873,,,,,,,,,,
Mass-H1-Ideal,AK,Rb,2040-Hlow,86.39709664817063,86.39709664817063,0.07220971782945447,11.022299464258428,0.1275771975202342,,,,,,,,,,
Mass-H1-Ideal,AK,Rb,2045-Hhigh,86.39709664817063,86.39709664817063,0.07220971782945447,8.285932325042683,0.0959052172642439,,,,,,,,,,
Mass-H1-Ideal,AK,Rb,2045-Hlow,86.39709664817063,86.39709664817063,0.07220971782945447,12.448576409689762,0.14408558727827744,,,,,,,,,,
Mass-H1-Ideal,AK,R,2024-Hhigh,538.9339900224929,538.9339900224929,0.5555106682420881,57.510920136121364,0.10671236403872224,,,,,,,,,,
Mass-H1-Ideal,AK,R,2024-Hlow,538.9339900224929,538.9339900224929,0.5555106682420881,95.62915321786248,0.1774413100459136,,,,,,,,,,
Mass-H1-Ideal,AK,R,2025-Hhigh,538.9339900224929,538.9339900224929,0.5555106682420881,46.71993666732742,0.08668953439989471,,,,,,,,,,
Mass-H1-Ideal,AK,R,2025-Hlow,538.9339900224929,538.9339900224929,0.5555106682420881,81.50288769154466,0.15122981515443673,,,,,,,,,,
Mass-H1-Ideal,AK,R,2030-Hhigh,538.9339900224929,538.9339900224929,0.5555106682420881,38.0476557593295,0.07059798874021946,,,,,,,,,,
Mass-H1-Ideal,AK,R,2030-Hlow,538.9339900224929,538.9339900224929,0.5555106682420881,63.32626399094709,0.11750282068552423,,,,,,,,,,
Mass-H1-Ideal,AK,R,2035-Hhigh,538.9339900224929,538.9339900224929,0.5555106682420881,38.42207292593195,0.07129272533789967,,,,,,,,,,
Mass-H1-Ideal,AK,R,2035-Hlow,538.9339900224929,538.9339900224929,0.5555106682420881,55.00387889572817,0.10206051188835302,,,,,,,,,,
Mass-H1-Ideal,AK,R,2040-Hhigh,538.9339900224929,538.9339900224929,0.5555106682420881,41.5298145146922,0.07705918588092563,,,,,,,,,,
Mass-H1-Ideal,AK,R,2040-Hlow,538.9339900224929,538.9339900224929,0.5555106682420881,63.146721583174255,0.1171696770889117,,,,,,,,,,
Mass-H1-Ideal,AK,R,2045-Hhigh,538.9339900224929,538.9339900224929,0.5555106682420881,47.1882281200178,0.087558456125672,,,,,,,,,,
Mass-H1-Ideal,AK,R,2045-Hlow,538.9339900224929,538.9339900224929,0.5555106682420881,69.60461473398476,0.12915239347045032,,,,,,,,,,
Mass-Nom-Real,AK,Rl,2024-Hhigh,1564.6934843278088,1564.6934843278088,1.1219197032080588,157.49750010267482,0.10065709461961211,,,,,,,,,,
Mass-Nom-Real,AK,Rl,2024-Hlow,1564.6934843278088,1564.6934843278088,1.125934149762479,256.38613679206577,0.16385710003912304,,,,,,,,,,
Mass-Nom-Real,AK,Rl,2025-Hhigh,1564.6934843278088,1564.6934843278088,1.125934149762479,125.26592222256477,0.08005780267972351,,,,,,,,,,
Mass-Nom-Real,AK,Rl,2025-Hlow,1564.6934843278088,1564.6934843278088,1.125934149762479,214.9559982657995,0.13737898215773836,,,,,,,,,,
Mass-Nom-Real,AK,Rl,2030-Hhigh,1564.6934843278088,1564.6934843278088,1.125934149762479,101.54926071487787,0.06490041770609364,,,,,,,,,,
Mass-Nom-Real,AK,Rl,2030-Hlow,1564.6934843278088,1564.6934843278088,1.125934149762479,167.58598083232707,0.10710467098565435,,,,,,,,,,
Mass-Nom-Real,AK,Rl,2035-Hhigh,1564.6934843278088,1564.6934843278088,1.125934149762479,104.07282713161399,0.06651323609002155,,,,,,,,,,
Mass-Nom-Real,AK,Rl,2035-Hlow,1564.6934843278088,1564.6934843278088,1.125934149762479,153.213591544847,0.09791923662970159,,,,,,,,,,
Mass-Nom-Real,AK,Rl,2040-Hhigh,1564.6934843278088,1564.6934843278088,1.125934149762479,112.9829926043006,0.07220774786624616,,,,,,,,,,
Mass-Nom-Real,AK,Rl,2040-Hlow,1564.6934843278088,1564.6934843278088,1.125934149762479,172.57695304537046,0.11029441534327689,,,,,,,,,,
Mass-Nom-Real,AK,Rl,2045-Hhigh,1564.6934843278088,1564.6934843278088,1.125934149762479,127.75204717078806,0.08164669211597711,,,,,,,,,,
Mass-Nom-Real,AK,Rl,2045-Hlow,1564.6934843278088,1564.6934843278088,1.125934149762479,187.42976173489106,0.11978688708824703,,,,,,,,,,
Mass-Nom-Real,AK,Rb,2024-Hhigh,589.3476177212862,589.3476177212862,0.4738695797021196,60.521221927505856,0.10269189203056643,,,,,,,,,,
Mass-Nom-Real,AK,Rb,2024-Hlow,589.3476177212862,589.3476177212862,0.4738695797021196,100.98382601397957,0.17134849276974046,,,,,,,,,,
Mass-Nom-Real,AK,Rb,2025-Hhigh,589.3476177212862,589.3476177212862,0.4738695797021196,49.053514996121166,0.0832335849354693,,,,,,,,,,
Mass-Nom-Real,AK,Rb,2025-Hlow,589.3476177212862,589.3476177212862,0.4738695797021196,86.76651504338898,0.1472246810445623,,,,,,,,,,
Mass-Nom-Real,AK,Rb,2030-Hhigh,589.3476177212862,589.3476177212862,0.4738695797021196,39.99964099837486,0.06787104892870112,,,,,,,,,,
Mass-Nom-Real,AK,Rb,2030-Hlow,589.3476177212862,589.3476177212862,0.4738695797021196,68.06516935003987,0.11549239753138223,,,,,,,,,,
Mass-Nom-Real,AK,Rb,2035-Hhigh,589.3476177212862,589.3476177212862,0.4738695797021196,40.92969005458904,0.06944914821721648,,,,,,,,,,
Mass-Nom-Real,AK,Rb,2035-Hlow,589.3476177212862,589.3476177212862,0.4738695797021196,59.750899453398105,0.10138481544122481,,,,,,,,,,
Mass-Nom-Real,AK,Rb,2040-Hhigh,589.3476177212862,589.3476177212862,0.4738695797021196,44.585687605629886,0.07565261361031804,,,,,,,,,,
Mass-Nom-Real,AK,Rb,2040-Hlow,589.3476177212862,589.3476177212862,0.4738695797021196,68.47188403693018,0.1161825075354964,,,,,,,,,,
Mass-Nom-Real,AK,Rb,2045-Hhigh,589.3476177212862,589.3476177212862,0.4738695797021196,51.02668625309325,0.08658164505761141,,,,,,,,,,
Mass-Nom-Real,AK,Rb,2045-Hlow,589.3476177212862,589.3476177212862,0.4738695797021196,75.48539535017792,0.12808297358024856,,,,,,,,,,
Mass-Nom-Real,AK,R,2024-Hhigh,2154.041102049094,2154.041102049094,1.5957892829101783,218.0187220301807,0.10121381705427257,,,,,,,,,,
Mass-Nom-Real,AK,R,2024-Hlow,2154.041102049094,2154.041102049094,1.599803729464599,357.3699628060453,0.16590675194920224,,,,,,,,,,
Mass-Nom-Real,AK,R,2025-Hhigh,2154.041102049094,2154.041102049094,1.599803729464599,174.31943721868606,0.08092669961258382,,,,,,,,,,
Mass-Nom-Real,AK,R,2025-Hlow,2154.041102049094,2154.041102049094,1.599803729464599,301.72251330918857,0.14007277438771537,,,,,,,,,,
Mass-Nom-Real,AK,R,2030-Hhigh,2154.041102049094,2154.041102049094,1.599803729464599,141.54890171325277,0.06571318512845473,,,,,,,,,,
Mass-Nom-Real,AK,R,2030-Hlow,2154.041102049094,2154.041102049094,1.599803729464599,235.65115018236702,0.10939956064821466,,,,,,,,,,
Mass-Nom-Real,AK,R,2035-Hhigh,2154.041102049094,2154.041102049094,1.599803729464599,145.002517186203,0.06731650433608956,,,,,,,,,,
Mass-Nom-Real,AK,R,2035-Hlow,2154.041102049094,2154.041102049094,1.599803729464599,212.96449099824517,0.09886742216555501,,,,,,,,,,
Mass-Nom-Real,AK,R,2040-Hhigh,2154.041102049094,2154.041102049094,1.599803729464599,157.56868020993053,0.07315026628788036,,,,,,,,,,
Mass-Nom-Real,AK,R,2040-Hlow,2154.041102049094,2154.041102049094,1.599803729464599,241.04883708230062,0.11190540275809775,,,,,,,,,,
Mass-Nom-Real,AK,R,2045-Hhigh,2154.041102049094,2154.041102049094,1.599803729464599,178.77873342388128,0.08299689975916096,,,,,,,,,,
Mass-Nom-Real,AK,R,2045-Hlow,2154.041102049094,2154.041102049094,1.599803729464599,262.9151570850688,0.12205670394820374,,,,,,,,,,
Mass-H1-Real,AK,Rl,2024-Hhigh,451.76431108953096,451.76431108953096,0.48315491208987,47.44282293670017,0.10501675712780667,,,,,,,,,,
Mass-H1-Real,AK,Rl,2024-Hlow,451.76431108953096,451.76431108953096,0.48315491208987,78.11785995677776,0.17291728903591128,,,,,,,,,,
Mass-H1-Real,AK,Rl,2025-Hhigh,451.76431108953096,451.76431108953096,0.48315491208987,38.36982698029132,0.08493328498604477,,,,,,,,,,
Mass-H1-Real,AK,Rl,2025-Hlow,451.76431108953096,451.76431108953096,0.48315491208987,66.38771327848677,0.14695209791667233,,,,,,,,,,
Mass-H1-Real,AK,Rl,2030-Hhigh,451.76431108953096,451.76431108953096,0.48315491208987,31.218074579875182,0.06910256922373038,,,,,,,,,,
Mass-H1-Real,AK,Rl,2030-Hlow,451.76431108953096,451.76431108953096,0.48315491208987,51.599864518895174,0.11421854992141926,,,,,,,,,,
Mass-H1-Real,AK,Rl,2035-Hhigh,451.76431108953096,451.76431108953096,0.48315491208987,31.59020930386179,0.06992630566074358,,,,,,,,,,
Mass-H1-Real,AK,Rl,2035-Hlow,451.76431108953096,451.76431108953096,0.48315491208987,45.53512883866009,0.10079399306430806,,,,,,,,,,
Mass-H1-Real,AK,Rl,2040-Hhigh,451.76431108953096,451.76431108953096,0.48315491208987,34.175246711483254,0.0756483986728876,,,,,,,,,,
Mass-H1-Real,AK,Rl,2040-Hlow,451.76431108953096,451.76431108953096,0.48315491208987,52.027257955749036,0.11516460392870263,,,,,,,,,,
Mass-H1-Real,AK,Rl,2045-Hhigh,451.76431108953096,451.76431108953096,0.48315491208987,38.83601444946692,0.08596521127533328,,,,,,,,,,
Mass-H1-Real,AK,Rl,2045-Hlow,451.76431108953096,451.76431108953096,0.48315491208987,57.049140363983575,0.12628075959873142,,,,,,,,,,
Mass-H1-Real,AK,Rb,2024-Hhigh,78.51358347710293,78.51358347710293,0.07269609462048329,9.273226956013296,0.11810984221243279,,,,,,,,,,
Mass-H1-Real,AK,Rb,2024-Hlow,78.51358347710293,78.51358347710293,0.07269609462048329,15.642410830125533,0.199231905326132,,,,,,,,,,
Mass-H1-Real,AK,Rb,2025-Hhigh,78.51358347710293,78.51358347710293,0.07269609462048329,7.801563890392745,0.0993657854461315,,,,,,,,,,
Mass-H1-Real,AK,Rb,2025-Hlow,78.51358347710293,78.51358347710293,0.07269609462048329,13.695342750271962,0.17443278148507846,,,,,,,,,,
Mass-H1-Real,AK,Rb,2030-Hhigh,78.51358347710293,78.51358347710293,0.07269609462048329,6.323947375767812,0.08054590168607038,,,,,,,,,,
Mass-H1-Real,AK,Rb,2030-Hlow,78.51358347710293,78.51358347710293,0.07269609462048329,10.629825846061188,0.13538836689527978,,,,,,,,,,
Mass-H1-Real,AK,Rb,2035-Hhigh,78.51358347710293,78.51358347710293,0.07269609462048329,6.151442779219432,0.0783487710889338,,,,,,,,,,
Mass-H1-Real,AK,Rb,2035-Hlow,78.51358347710293,78.51358347710293,0.07269609462048329,8.404723096595909,0.10704801289635436,,,,,,,,,,
Mass-H1-Real,AK,Rb,2040-Hhigh,78.51358347710293,78.51358347710293,0.07269609462048329,6.545843913904375,0.08337212013528018,,,,,,,,,,
Mass-H1-Real,AK,Rb,2040-Hlow,78.51358347710293,78.51358347710293,0.07269609462048329,9.99424362321314,0.12729317884373195,,,,,,,,,,
Mass-H1-Real,AK,Rb,2045-Hhigh,78.51358347710293,78.51358347710293,0.07269609462048329,7.522648758120175,0.09581334114388015,,,,,,,,,,
Mass-H1-Real,AK,Rb,2045-Hlow,78.51358347710293,78.51358347710293,0.07269609462048329,11.349401641966592,0.1445533516538121,,,,,,,,,,
Mass-H1-Real,AK,R,2024-Hhigh,530.277894566634,530.277894566634,0.5558510067103534,56.71604989271347,0.10695533506834992,,,,,,,,,,
Mass-H1-Real,AK,R,2024-Hlow,530.277894566634,530.277894566634,0.5558510067103534,93.76027078690328,0.17681346280430607,,,,,,,,,,
Mass-H1-Real,AK,R,2025-Hhigh,530.277894566634,530.277894566634,0.5558510067103534,46.17139087068407,0.08707017837961607,,,,,,,,,,
Mass-H1-Real,AK,R,2025-Hlow,530.277894566634,530.277894566634,0.5558510067103534,80.0830560287587,0.15102092101011685,,,,,,,,,,
Mass-H1-Real,AK,R,2030-Hhigh,530.277894566634,530.277894566634,0.5558510067103534,37.54202195564299,0.07079688280486206,,,,,,,,,,
Mass-H1-Real,AK,R,2030-Hlow,530.277894566634,530.277894566634,0.5558510067103534,62.229690364956376,0.11735297850915163,,,,,,,,,,
Mass-H1-Real,AK,R,2035-Hhigh,530.277894566634,530.277894566634,0.5558510067103534,37.74165208308123,0.071173346031943,,,,,,,,,,
Mass-H1-Real,AK,R,2035-Hlow,530.277894566634,530.277894566634,0.5558510067103534,53.93985193525599,0.10171997076992614,,,,,,,,,,
Mass-H1-Real,AK,R,2040-Hhigh,530.277894566634,530.277894566634,0.5558510067103534,40.72109062538762,0.0767919821712852,,,,,,,,,,
Mass-H1-Real,AK,R,2040-Hlow,530.277894566634,530.277894566634,0.5558510067103534,62.02150157896216,0.11696037533235061,,,,,,,,,,
Mass-H1-Real,AK,R,2045-Hhigh,530.277894566634,530.277894566634,0.5558510067103534,46.358663207587085,0.08742333723994546,,,,,,,,,,
Mass-H1-Real,AK,R,2045-Hlow,530.277894566634,530.277894566634,0.5558510067103534,68.39854200595016,0.1289862215769873,,,,,,,,,,
Mass-Nom-Ideal,CH,Rl,2024-Hhigh,3452.1915523232456,3452.1915523232456,1.8482603404115474,354.0877189859152,0.10256896629841479,,,,,,,,,,
Mass-Nom-Ideal,CH,Rl,2024-Hlow,3452.1915523232456,3452.1915523232456,1.9076567819207944,511.91866841045294,0.14828802534608587,,,,,,,,,,
Mass-Nom-Ideal,CH,Rl,2025-Hhigh,3452.1915523232456,3452.1915523232456,1.9076567819207944,275.8323132283508,0.07990063965098403,,,,,,,,,,
Mass-Nom-Ideal,CH,Rl,2025-Hlow,3452.1915523232456,3452.1915523232456,1.9076567819207944,416.85430796641083,0.12075063091034953,,,,,,,,,,
Mass-Nom-Ideal,CH,Rl,2030-Hhigh,3452.1915523232456,3452.1915523232456,1.9076567819207944,219.58257885676207,0.06360671924736855,,,,,,,,,,
Mass-Nom-Ideal,CH,Rl,2030-Hlow,3452.1915523232456,3452.1915523232456,1.9076567819207944,322.9805629232006,0.09355812330455478,,,,,,,,,,
Mass-Nom-Ideal,CH,Rl,2035-Hhigh,3452.1915523232456,3452.1915523232456,1.9076567819207944,220.0426963296904,0.06374000196530424,,,,,,,,,,
Mass-Nom-Ideal,CH,Rl,2035-Hlow,3452.1915523232456,3452.1915523232456,1.9076567819207944,301.51400432982564,0.08733988243697359,,,,,,,,,,
Mass-Nom-Ideal,CH,Rl,2040-Hhigh,3452.1915523232456,3452.1915523232456,1.9076567819207944,233.24291512044658,0.06756372338709869,,,,,,,,,,
Mass-Nom-Ideal,CH,Rl,2040-Hlow,3452.1915523232456,3452.1915523232456,1.9076567819207944,328.1999608584937,0.0950700318577695,,,,,,,,,,
Mass-Nom-Ideal,CH,Rl,2045-Hhigh,3452.1915523232456,3452.1915523232456,1.9076567819207944,260.8319533971176,0.0755554694586932,,,,,,,,,,
Mass-Nom-Ideal,CH,Rl,2045-Hlow,3452.1915523232456,3452.1915523232456,1.9076567819207944,354.7226556107051,0.10275288906607309,,,,,,,,,,
Mass-Nom-Ideal,CH,Rb,2024-Hhigh,3304.6358897040245,3304.6358897040245,0.9061384428596196,335.1072788868668,0.10140520470982366,,,,,,,,,,
Mass-Nom-Ideal,CH,Rb,2024-Hlow,3304.6358897040245,3304.6358897040245,0.9061384428596198,527.3506503373885,0.1595790483243284,,,,,,,,,,
Mass-Nom-Ideal,CH,Rb,2025-Hhigh,3304.6358897040245,3304.6358897040245,0.9061384428596198,262.5308793618663,0.07944320891139978,,,,,,,,,,
Mass-Nom-Ideal,CH,Rb,2025-Hlow,3304.6358897040245,3304.6358897040245,0.9061384428596198,430.444528234064,0.1302547519910329,,,,,,,,,,
Mass-Nom-Ideal,CH,Rb,2030-Hhigh,3304.6358897040245,3304.6358897040245,0.9061384428596198,212.60341219823775,0.0643348977902916,,,,,,,,,,
Mass-Nom-Ideal,CH,Rb,2030-Hlow,3304.6358897040245,3304.6358897040245,0.9061384428596198,334.67573925146115,0.10127461857270936,,,,,,,,,,
Mass-Nom-Ideal,CH,Rb,2035-Hhigh,3304.6358897040245,3304.6358897040245,0.9061384428596198,226.90124390136953,0.06866149599364535,,,,,,,,,,
Mass-Nom-Ideal,CH,Rb,2035-Hlow,3304.6358897040245,3304.6358897040245,0.9061384428596198,315.59910317425283,0.09550192932224041,,,,,,,,,,
Mass-Nom-Ideal,CH,Rb,2040-Hhigh,3304.6358897040245,3304.6358897040245,0.9061384428596198,249.35410083414297,0.07545584722693187,,,,,,,,,,
Mass-Nom-Ideal,CH,Rb,2040-Hlow,3304.6358897040245,3304.6358897040245,0.9061384428596198,340.4220543746073,0.10301348340228089,,,,,,,,,,
Mass-Nom-Ideal,CH,Rb,2045-Hhigh,3304.6358897040245,3304.6358897040245,0.9061384428596198,269.54395123981357,0.08156540092044903,,,,,,,,,,
Mass-Nom-Ideal,CH,Rb,2045-Hlow,3304.6358897040245,3304.6358897040245,0.9061384428596198,364.3338774279656,0.1102493253683681,,,,,,,,,,
Mass-Nom-Ideal,CH,R,2024-Hhigh,6756.82744202727,6756.82744202727,2.754398783271167,689.1949978727821,0.10199979262249755,,,,,,,,,,
Mass-Nom-Ideal,CH,R,2024-Hlow,6756.82744202727,6756.82744202727,2.813795224780414,1039.269318747841,0.15381025010104832,,,,,,,,,,
Mass-Nom-Ideal,CH,R,2025-Hhigh,6756.82744202727,6756.82744202727,2.813795224780414,538.3631925902172,0.07967691896963564,,,,,,,,,,
Mass-Nom-Ideal,CH,R,2025-Hlow,6756.82744202727,6756.82744202727,2.813795224780414,847.2988362004749,0.1253989159069389,,,,,,,,,,
Mass-Nom-Ideal,CH,R,2030-Hhigh,6756.82744202727,6756.82744202727,2.813795224780414,432.1859910549999,0.06396285753382062,,,,,,,,,,
Mass-Nom-Ideal,CH,R,2030-Hlow,6756.82744202727,6756.82744202727,2.813795224780414,657.6563021746618,0.09733211448971729,,,,,,,,,,
Mass-Nom-Ideal,CH,R,2035-Hhigh,6756.82744202727,6756.82744202727,2.813795224780414,446.9439402310598,0.06614701116252895,,,,,,,,,,
Mass-Nom-Ideal,CH,R,2035-Hlow,6756.82744202727,6756.82744202727,2.813795224780414,617.1131075040786,0.09133178445044386,,,,,,,,,,
Mass-Nom-Ideal,CH,R,2040-Hhigh,6756.82744202727,6756.82744202727,2.813795224780414,482.5970159545894,0.07142361116888231,,,,,,,,,,
Mass-Nom-Ideal,CH,R,2040-Hlow,6756.82744202727,6756.82744202727,2.813795224780414,668.6220152331008,0.09895502304443818,,,,,,,,,,
Mass-Nom-Ideal,CH,R,2045-Hhigh,6756.82744202727,6756.82744202727,2.813795224780414,530.375904636931,0.07849481271905928,,,,,,,,,,
Mass-Nom-Ideal,CH,R,2045-Hlow,6756.82744202727,6756.82744202727,2.813795224780414,719.0565330386706,0.1064192535932115,,,,,,,,,,
Mass-H1-Ideal,CH,Rl,2024-Hhigh,1250.165598278432,1250.165598278432,0.9974346421636952,137.1690649968581,0.10972071634809803,,,,,,,,,,
Mass-H1-Ideal,CH,Rl,2024-Hlow,1250.165598278432,1250.165598278432,1.0179754328047714,206.05997649141548,0.16482614525241687,,,,,,,,,,
Mass-H1-Ideal,CH,Rl,2025-Hhigh,1250.165598278432,1250.165598278432,1.0179754328047714,108.48666464456272,0.08677783550751729,,,,,,,,,,
Mass-H1-Ideal,CH,Rl,2025-Hlow,1250.165598278432,1250.165598278432,1.0179754328047714,170.64233266798618,0.13649578336099868,,,,,,,,,,
Mass-H1-Ideal,CH,Rl,2030-Hhigh,1250.165598278432,1250.165598278432,1.0179754328047714,86.28118803739945,0.06901580731081934,,,,,,,,,,
Mass-H1-Ideal,CH,Rl,2030-Hlow,1250.165598278432,1250.165598278432,1.0179754328047714,131.54704626573536,0.10522369712211334,,,,,,,,,,
Mass-H1-Ideal,CH,Rl,2035-Hhigh,1250.165598278432,1250.165598278432,1.0179754328047714,85.68114674871876,0.06853583786556586,,,,,,,,,,
Mass-H1-Ideal,CH,Rl,2035-Hlow,1250.165598278432,1250.165598278432,1.0179754328047714,119.2978184148579,0.09542561287811757,,,,,,,,,,
Mass-H1-Ideal,CH,Rl,2040-Hhigh,1250.165598278432,1250.165598278432,1.0179754328047714,90.53633021858,0.07241947014319947,,,,,,,,,,
Mass-H1-Ideal,CH,Rl,2040-Hlow,1250.165598278432,1250.165598278432,1.0179754328047714,132.6825389320892,0.10613197092833349,,,,,,,,,,
Mass-H1-Ideal,CH,Rl,2045-Hhigh,1250.165598278432,1250.165598278432,1.0179754328047714,101.69032660705065,0.08134148527769884,,,,,,,,,,
Mass-H1-Ideal,CH,Rl,2045-Hlow,1250.165598278432,1250.165598278432,1.0179754328047714,143.45797247584863,0.11475117590293685,,,,,,,,,,
Mass-H1-Ideal,CH,Rb,2024-Hhigh,668.4851097503869,668.4851097503869,0.3821599422348701,76.8905020169077,0.11502201155328458,,,,,,,,,,
Mass-H1-Ideal,CH,Rb,2024-Hlow,668.4851097503869,668.4851097503869,0.3821599422348701,125.41438805426233,0.18760984534284122,,,,,,,,,,
Mass-H1-Ideal,CH,Rb,2025-Hhigh,668.4851097503869,668.4851097503869,0.3821599422348701,61.98142458465169,0.09271922991343162,,,,,,,,,,
Mass-H1-Ideal,CH,Rb,2025-Hlow,668.4851097503869,668.4851097503869,0.3821599422348701,106.05123496738047,0.15864412448465773,,,,,,,,,,
Mass-H1-Ideal,CH,Rb,2030-Hhigh,668.4851097503869,668.4851097503869,0.3821599422348701,50.13768517492001,0.07500194760305354,,,,,,,,,,
Mass-H1-Ideal,CH,Rb,2030-Hlow,668.4851097503869,668.4851097503869,0.3821599422348701,82.3541841688554,0.12319524095249713,,,,,,,,,,
Mass-H1-Ideal,CH,Rb,2035-Hhigh,668.4851097503869,668.4851097503869,0.3821599422348701,51.827694088561394,0.07753006511680405,,,,,,,,,,
Mass-H1-Ideal,CH,Rb,2035-Hlow,668.4851097503869,668.4851097503869,0.3821599422348701,73.15207242586396,0.10942962133169883,,,,,,,,,,
Mass-H1-Ideal,CH,Rb,2040-Hhigh,668.4851097503869,668.4851097503869,0.3821599422348701,56.00925778767976,0.08378534835068156,,,,,,,,,,
Mass-H1-Ideal,CH,Rb,2040-Hlow,668.4851097503869,668.4851097503869,0.3821599422348701,80.96929972426501,0.12112356512248873,,,,,,,,,,
Mass-H1-Ideal,CH,Rb,2045-Hhigh,668.4851097503869,668.4851097503869,0.3821599422348701,61.93334140375964,0.09264730133912126,,,,,,,,,,
Mass-H1-Ideal,CH,Rb,2045-Hlow,668.4851097503869,668.4851097503869,0.3821599422348701,88.0342412117797,0.13169214979919566,,,,,,,,,,
Mass-H1-Ideal,CH,R,2024-Hhigh,1918.6507080288188,1918.6507080288188,1.3795945843985653,214.05956701376581,0.11156776276057359,,,,,,,,,,
Mass-H1-Ideal,CH,R,2024-Hlow,1918.6507080288188,1918.6507080288188,1.4001353750396415,331.47436454567793,0.17276430939648607,,,,,,,,,,
Mass-H1-Ideal,CH,R,2025-Hhigh,1918.6507080288188,1918.6507080288188,1.4001353750396415,170.46808922921448,0.08884790155700086,,,,,,,,,,
Mass-H1-Ideal,CH,R,2025-Hlow,1918.6507080288188,1918.6507080288188,1.4001353750396415,276.69356763536643,0.14421257943278043,,,,,,,,,,
Mass-H1-Ideal,CH,R,2030-Hhigh,1918.6507080288188,1918.6507080288188,1.4001353750396415,136.41887321231943,0.0711014634615142,,,,,,,,,,
Mass-H1-Ideal,CH,R,2030-Hlow,1918.6507080288188,1918.6507080288188,1.4001353750396415,213.90123043459076,0.11148523779732078,,,,,,,,,,
Mass-H1-Ideal,CH,R,2035-Hhigh,1918.6507080288188,1918.6507080288188,1.4001353750396415,137.50884083728016,0.07166955416212982,,,,,,,,,,
Mass-H1-Ideal,CH,R,2035-Hlow,1918.6507080288188,1918.6507080288188,1.4001353750396415,192.44989084072188,0.10030480797541352,,,,,,,,,,
Mass-H1-Ideal,CH,R,2040-Hhigh,1918.6507080288188,1918.6507080288188,1.4001353750396415,146.54558800625975,0.07637950325873415,,,,,,,,,,
Mass-H1-Ideal,CH,R,2040-Hlow,1918.6507080288188,1918.6507080288188,1.4001353750396415,213.65183865635422,0.1113552548998643,,,,,,,,,,
Mass-H1-Ideal,CH,R,2045-Hhigh,1918.6507080288188,1918.6507080288188,1.4001353750396415,163.62366801081043,0.08528059188997143,,,,,,,,,,
Mass-H1-Ideal,CH,R,2045-Hlow,1918.6507080288188,1918.6507080288188,1.4001353750396415,231.49221368762832,0.12065365140143644,,,,,,,,,,
Mass-Nom-Real,CH,Rl,2024-Hhigh,3460.5966624348066,3460.5966624348066,1.853215234209619,355.09863944912223,0.10261196957847203,,,,,,,,,,
Mass-Nom-Real,CH,Rl,2024-Hlow,3460.5966624348066,3460.5966624348066,1.9130758211934473,513.5985121503485,0.14841328309812066,,,,,,,,,,
Mass-Nom-Real,CH,Rl,2025-Hhigh,3460.5966624348066,3460.5966624348066,1.9130758211934473,276.6325702505774,0.07993782495760261,,,,,,,,,,
Mass-Nom-Real,CH,Rl,2025-Hlow,3460.5966624348066,3460.5966624348066,1.9130758211934473,418.2571305954219,0.12086272148836455,,,,,,,,,,
Mass-Nom-Real,CH,Rl,2030-Hhigh,3460.5966624348066,3460.5966624348066,1.9130758211934473,220.21397175792464,0.06363468304422004,,,,,,,,,,
Mass-Nom-Real,CH,Rl,2030-Hlow,3460.5966624348066,3460.5966624348066,1.9130758211934473,324.0584222827583,0.09364235531995146,,,,,,,,,,
Mass-Nom-Real,CH,Rl,2035-Hhigh,3460.5966624348066,3460.5966624348066,1.9130758211934473,220.67376349834797,0.0637675479184813,,,,,,,,,,
Mass-Nom-Real,CH,Rl,2035-Hlow,3460.5966624348066,3460.5966624348066,1.9130758211934473,302.49510934640216,0.0874112584774825,,,,,,,,,,
Mass-Nom-Real,CH,Rl,2040-Hhigh,3460.5966624348066,3460.5966624348066,1.9130758211934473,233.92950303187752,0.06759802596217307,,,,,,,,,,
Mass-Nom-Real,CH,Rl,2040-Hlow,3460.5966624348066,3460.5966624348066,1.9130758211934473,329.303531869522,0.09515802157591824,,,,,,,,,,
Mass-Nom-Real,CH,Rl,2045-Hhigh,3460.5966624348066,3460.5966624348066,1.9130758211934473,261.6030704807583,0.07559478783543055,,,,,,,,,,
Mass-Nom-Real,CH,Rl,2045-Hlow,3460.5966624348066,3460.5966624348066,1.9130758211934473,355.8948870858846,0.10284205927525922,,,,,,,,,,
Mass-Nom-Real,CH,Rb,2024-Hhigh,2073.64123011684,2073.64123011684,1.3750292982184207,223.6525791452506,0.10785500205966142,,,,,,,,,,
Mass-Nom-Real,CH,Rb,2024-Hlow,2073.64123011684,2073.64123011684,1.375029298218421,329.00819646154577,0.15866206346746284,,,,,,,,,,
Mass-Nom-Real,CH,Rb,2025-Hhigh,2073.64123011684,2073.64123011684,1.375029298218421,180.5820042244888,0.08708449735748834,,,,,,,,,,
Mass-Nom-Real,CH,Rb,2025-Hlow,2073.64123011684,2073.64123011684,1.375029298218421,278.57930449636,0.13434305821584352,,,,,,,,,,
Mass-Nom-Real,CH,Rb,2030-Hhigh,2073.64123011684,2073.64123011684,1.375029298218421,145.2542355360981,0.07004791061562453,,,,,,,,,,
Mass-Nom-Real,CH,Rb,2030-Hlow,2073.64123011684,2073.64123011684,1.375029298218421,218.82629712465584,0.10552755893666621,,,,,,,,,,
Mass-Nom-Real,CH,Rb,2035-Hhigh,2073.64123011684,2073.64123011684,1.375029298218421,145.56828759924446,0.07019936018104847,,,,,,,,,,
Mass-Nom-Real,CH,Rb,2035-Hlow,2073.64123011684,2073.64123011684,1.375029298218421,196.62028354165383,0.09481885327413905,,,,,,,,,,
Mass-Nom-Real,CH,Rb,2040-Hhigh,2073.64123011684,2073.64123011684,1.375029298218421,154.71024024808148,0.07460800740317278,,,,,,,,,,
Mass-Nom-Real,CH,Rb,2040-Hlow,2073.64123011684,2073.64123011684,1.375029298218421,218.47181515107232,0.1053566123098172,,,,,,,,,,
Mass-Nom-Real,CH,Rb,2045-Hhigh,2073.64123011684,2073.64123011684,1.375029298218421,176.1291088321965,0.08493711750815856,,,,,,,,,,
Mass-Nom-Real,CH,Rb,2045-Hlow,2073.64123011684,2073.64123011684,1.375029298218421,241.31003023238418,0.1163701930342056,,,,,,,,,,
Mass-Nom-Real,CH,R,2024-Hhigh,5534.237892551646,5534.237892551646,3.2282445324280395,578.7512185943729,0.10457649812511595,,,,,,,,,,
Mass-Nom-Real,CH,R,2024-Hlow,5534.237892551646,5534.237892551646,3.288105119411868,842.6067086118942,0.15225343127116592,,,,,,,,,,
Mass-Nom-Real,CH,R,2025-Hhigh,5534.237892551646,5534.237892551646,3.288105119411868,457.21457447506606,0.08261563441109326,,,,,,,,,,
Mass-Nom-Real,CH,R,2025-Hlow,5534.237892551646,5534.237892551646,3.288105119411868,696.8364350917819,0.12591371181019012,,,,,,,,,,
Mass-Nom-Real,CH,R,2030-Hhigh,5534.237892551646,5534.237892551646,3.288105119411868,365.4682072940226,0.06603767571789687,,,,,,,,,,
Mass-Nom-Real,CH,R,2030-Hlow,5534.237892551646,5534.237892551646,3.288105119411868,542.8847194074139,0.09809566013381266,,,,,,,,,,
Mass-Nom-Real,CH,R,2035-Hhigh,5534.237892551646,5534.237892551646,3.288105119411868,366.2420510975925,0.0661775041493077,,,,,,,,,,
Mass-Nom-Real,CH,R,2035-Hlow,5534.237892551646,5534.237892551646,3.288105119411868,499.11539288805596,0.09018683377521582,,,,,,,,,,
Mass-Nom-Real,CH,R,2040-Hhigh,5534.237892551646,5534.237892551646,3.288105119411868,388.6397432799592,0.07022461824473014,,,,,,,,,,
Mass-Nom-Real,CH,R,2040-Hlow,5534.237892551646,5534.237892551646,3.288105119411868,547.775347020594,0.09897936403453625,,,,,,,,,,
Mass-Nom-Real,CH,R,2045-Hhigh,5534.237892551646,5534.237892551646,3.288105119411868,437.7321793129546,0.07909529510866968,,,,,,,,,,
Mass-Nom-Real,CH,R,2045-Hlow,5534.237892551646,5534.237892551646,3.288105119411868,597.2049173182688,0.10791095881910459,,,,,,,,,,
Mass-H1-Real,CH,Rl,2024-Hhigh,1250.5978533516566,1250.5978533516566,0.9983294048769772,137.30535509145122,0.10979177256978884,,,,,,,,,,
Mass-H1-Real,CH,Rl,2024-Hlow,1250.5978533516566,1250.5978533516566,1.019110280870332,206.2838841518214,0.16494821544669347,,,,,,,,,,
Mass-H1-Real,CH,Rl,2025-Hhigh,1250.5978533516566,1250.5978533516566,1.019110280870332,108.60438780863728,0.08684197523414326,,,,,,,,,,
Mass-H1-Real,CH,Rl,2025-Hlow,1250.5978533516566,1250.5978533516566,1.019110280870332,170.86225516776994,0.1366244590216205,,,,,,,,,,
Mass-H1-Real,CH,Rl,2030-Hhigh,1250.5978533516566,1250.5978533516566,1.019110280870332,86.37935700162099,0.06907045040107862,,,,,,,,,,
Mass-H1-Real,CH,Rl,2030-Hlow,1250.5978533516566,1250.5978533516566,1.019110280870332,131.7220053810888,0.10532722811579126,,,,,,,,,,
Mass-H1-Real,CH,Rl,2035-Hhigh,1250.5978533516566,1250.5978533516566,1.019110280870332,85.77591594981922,0.06858792834158162,,,,,,,,,,
Mass-H1-Real,CH,Rl,2035-Hlow,1250.5978533516566,1250.5978533516566,1.019110280870332,119.39960380154227,0.09547401947120424,,,,,,,,,,
Mass-H1-Real,CH,Rl,2040-Hhigh,1250.5978533516566,1250.5978533516566,1.019110280870332,90.63129781313295,0.07247037692431435,,,,,,,,,,
Mass-H1-Real,CH,Rl,2040-Hlow,1250.5978533516566,1250.5978533516566,1.019110280870332,132.83638456507506,0.10621830527620672,,,,,,,,,,
Mass-H1-Real,CH,Rl,2045-Hhigh,1250.5978533516566,1250.5978533516566,1.019110280870332,101.80768441824823,0.08140721187502378,,,,,,,,,,
Mass-H1-Real,CH,Rl,2045-Hlow,1250.5978533516566,1250.5978533516566,1.019110280870332,143.6361053862835,0.11485395165306937,,,,,,,,,,
Mass-H1-Real,CH,Rb,2024-Hhigh,547.3526862592631,547.3526862592631,0.5438763597392638,65.82512884891568,0.12026090398638596,,,,,,,,,,
Mass-H1-Real,CH,Rb,2024-Hlow,547.3526862592631,547.3526862592631,0.5438763597392638,101.84691785000824,0.18607183340243383,,,,,,,,,,
Mass-H1-Real,CH,Rb,2025-Hhigh,547.3526862592631,547.3526862592631,0.5438763597392638,54.66604456598768,0.09987352933186147,,,,,,,,,,
Mass-H1-Real,CH,Rb,2025-Hlow,547.3526862592631,547.3526862592631,0.5438763597392638,88.66314838704164,0.16198540833513841,,,,,,,,,,
Mass-H1-Real,CH,Rb,2030-Hhigh,547.3526862592631,547.3526862592631,0.5438763597392638,43.89318261881257,0.08019177345924598,,,,,,,,,,
Mass-H1-Real,CH,Rb,2030-Hlow,547.3526862592631,547.3526862592631,0.5438763597392638,69.33149897309882,0.12666695663252622,,,,,,,,,,
Mass-H1-Real,CH,Rb,2035-Hhigh,547.3526862592631,547.3526862592631,0.5438763597392638,43.00919604734338,0.07857675156630423,,,,,,,,,,
Mass-H1-Real,CH,Rb,2035-Hlow,547.3526862592631,547.3526862592631,0.5438763597392638,59.055026197045045,0.10789209166148607,,,,,,,,,,
Mass-H1-Real,CH,Rb,2040-Hhigh,547.3526862592631,547.3526862592631,0.5438763597392638,45.208152149178034,0.08259419070022506,,,,,,,,,,
Mass-H1-Real,CH,Rb,2040-Hlow,547.3526862592631,547.3526862592631,0.5438763597392638,67.30303990148448,0.12296101141194588,,,,,,,,,,
Mass-H1-Real,CH,Rb,2045-Hhigh,547.3526862592631,547.3526862592631,0.5438763597392638,51.87320285001343,0.0947710756743099,,,,,,,,,,
Mass-H1-Real,CH,Rb,2045-Hlow,547.3526862592631,547.3526862592631,0.5438763597392638,74.58700375891861,0.13626863561895297,,,,,,,,,,
Mass-H1-Real,CH,R,2024-Hhigh,1797.9505396109193,1797.9505396109193,1.5422057646162406,203.1304839403669,0.11297890540655518,,,,,,,,,,
Mass-H1-Real,CH,R,2024-Hlow,1797.9505396109193,1797.9505396109193,1.5629866406095956,308.1308020018297,0.17137890904858258,,,,,,,,,,
Mass-H1-Real,CH,R,2025-Hhigh,1797.9505396109193,1797.9505396109193,1.5629866406095956,163.2704323746251,0.09080919011818712,,,,,,,,,,
Mass-H1-Real,CH,R,2025-Hlow,1797.9505396109193,1797.9505396109193,1.5629866406095956,259.5254035548116,0.1443451295445388,,,,,,,,,,
Mass-H1-Real,CH,R,2030-Hhigh,1797.9505396109193,1797.9505396109193,1.5629866406095956,130.27253962043352,0.07245613088368093,,,,,,,,,,
Mass-H1-Real,CH,R,2030-Hlow,1797.9505396109193,1797.9505396109193,1.5629866406095956,201.0535043541875,0.11182371256869833,,,,,,,,,,
Mass-H1-Real,CH,R,2035-Hhigh,1797.9505396109193,1797.9505396109193,1.5629866406095956,128.78511199716255,0.07162884025999511,,,,,,,,,,
Mass-H1-Real,CH,R,2035-Hlow,1797.9505396109193,1797.9505396109193,1.5629866406095956,178.45462999858728,0.09925447116982722,,,,,,,,,,
Mass-H1-Real,CH,R,2040-Hhigh,1797.9505396109193,1797.9505396109193,1.5629866406095956,135.83944996231097,0.07555238421169636,,,,,,,,,,
Mass-H1-Real,CH,R,2040-Hlow,1797.9505396109193,1797.9505396109193,1.5629866406095956,200.13942446655955,0.11131531154904305,,,,,,,,,,
Mass-H1-Real,CH,R,2045-Hhigh,1797.9505396109193,1797.9505396109193,1.5629866406095956,153.68088726826164,0.08547559228271015,,,,,,,,,,
Mass-H1-Real,CH,R,2045-Hlow,1797.9505396109193,1797.9505396109193,1.5629866406095956,218.2231091452022,0.12137325490189857,,,,,,,,,,
Mod-Nom-Ideal,AK,HPl,2024-Hhigh,545.7219822506701,2233.508469594546,0.3956775639801617,51.11140040566136,0.09365831333175804,4.092758844683324,,,,,,,,,
Mod-Nom-Ideal,AK,HPl,2024-Hlow,545.7219822506701,2233.508469594546,0.4048220044273812,91.34232474236768,0.1673788627052425,4.092758844683324,,,,,,,,,
Mod-Nom-Ideal,AK,HPl,2025-Hhigh,545.7219822506701,2233.508469594546,0.4048220044273812,40.5935355852195,0.07438501087642352,4.092758844683324,,,,,,,,,
Mod-Nom-Ideal,AK,HPl,2025-Hlow,545.7219822506701,2233.508469594546,0.4048220044273812,77.63296137841208,0.1422573469704074,4.092758844683324,,,,,,,,,
Mod-Nom-Ideal,AK,HPl,2030-Hhigh,545.7219822506701,2233.508469594546,0.4048220044273812,33.28298038694709,0.060988894472751874,4.092758844683324,,,,,,,,,
Mod-Nom-Ideal,AK,HPl,2030-Hlow,545.7219822506701,2233.508469594546,0.4048220044273812,60.95445430365197,0.11169506870927798,4.092758844683324,,,,,,,,,
Mod-Nom-Ideal,AK,HPl,2035-Hhigh,545.7219822506701,2233.508469594546,0.4048220044273812,35.53008341332309,0.06510656445758277,4.092758844683324,,,,,,,,,
Mod-Nom-Ideal,AK,HPl,2035-Hlow,545.7219822506701,2233.508469594546,0.4048220044273812,56.982522278726464,0.10441676188985238,4.092758844683324,,,,,,,,,
Mod-Nom-Ideal,AK,HPl,2040-Hhigh,545.7219822506701,2233.508469594546,0.4048220044273812,39.74362751709883,0.07282760967991048,4.092758844683324,,,,,,,,,
Mod-Nom-Ideal,AK,HPl,2040-Hlow,545.7219822506701,2233.508469594546,0.4048220044273812,64.61713938601062,0.11840670064181069,4.092758844683324,,,,,,,,,
Mod-Nom-Ideal,AK,HPl,2045-Hhigh,545.7219822506701,2233.508469594546,0.4048220044273812,45.36469561661015,0.08312785097920516,4.092758844683324,,,,,,,,,
Mod-Nom-Ideal,AK,HPl,2045-Hlow,545.7219822506701,2233.508469594546,0.4048220044273812,69.89102557147734,0.12807075368896143,4.092758844683324,,,,,,,,,
Mod-H1-Ideal,AK,HPl,2024-Hhigh,436.7886286976347,1684.7373555181127,0.3555278907585138,40.00873767497136,0.09159747998537585,3.8570998529459564,,,,,,,,,
Mod-H1-Ideal,AK,HPl,2024-Hlow,436.7886286976347,1684.7373555181127,0.36345162157964817,74.26435108130077,0.17002354503305991,3.8570998529459564,,,,,,,,,
Mod-H1-Ideal,AK,HPl,2025-Hhigh,436.7886286976347,1684.7373555181127,0.36345162157964817,31.617466312054276,0.07238619376682846,3.8570998529459564,,,,,,,,,
Mod-H1-Ideal,AK,HPl,2025-Hlow,436.7886286976347,1684.7373555181127,0.36345162157964817,63.17905259142582,0.14464445372537682,3.8570998529459564,,,,,,,,,
Mod-H1-Ideal,AK,HPl,2030-Hhigh,436.7886286976347,1684.7373555181127,0.36345162157964817,25.9719161098784,0.059461062865391955,3.8570998529459564,,,,,,,,,
Mod-H1-Ideal,AK,HPl,2030-Hlow,436.7886286976347,1684.7373555181127,0.36345162157964817,49.4336476375255,0.1131752165456344,3.8570998529459564,,,,,,,,,
Mod-H1-Ideal,AK,HPl,2035-Hhigh,436.7886286976347,1684.7373555181127,0.36345162157964817,28.00874883665407,0.0641242628503569,3.8570998529459564,,,,,,,,,
Mod-H1-Ideal,AK,HPl,2035-Hlow,436.7886286976347,1684.7373555181127,0.36345162157964817,46.43875360611494,0.10631859566623929,3.8570998529459564,,,,,,,,,
Mod-H1-Ideal,AK,HPl,2040-Hhigh,436.7886286976347,1684.7373555181127,0.36345162157964817,31.471089864823973,0.07205107412860265,3.8570998529459564,,,,,,,,,
Mod-H1-Ideal,AK,HPl,2040-Hlow,436.7886286976347,1684.7373555181127,0.36345162157964817,52.787970767363184,0.12085472766257718,3.8570998529459564,,,,,,,,,
Mod-H1-Ideal,AK,HPl,2045-Hhigh,436.7886286976347,1684.7373555181127,0.36345162157964817,35.86967570109372,0.08212135880928431,3.8570998529459564,,,,,,,,,
Mod-H1-Ideal,AK,HPl,2045-Hlow,436.7886286976347,1684.7373555181127,0.36345162157964817,56.83264476439467,0.13011475352243398,3.8570998529459564,,,,,,,,,
Mod-Nom-Real,AK,HPl,2024-Hhigh,546.828648113696,2238.2603680441844,0.3971315212194847,51.199165341328474,0.09362926671443007,4.093165886178677,,,,,,,,,
Mod-Nom-Real,AK,HPl,2024-Hlow,546.828648113696,2238.2603680441844,0.4062791770169267,91.53843184686316,0.16739874943024308,4.093165886178677,,,,,,,,,
Mod-Nom-Real,AK,HPl,2025-Hhigh,546.828648113696,2238.2603680441844,0.4062791770169267,40.66157303056088,0.0743588931758136,4.093165886178677,,,,,,,,,
Mod-Nom-Real,AK,HPl,2025-Hlow,546.828648113696,2238.2603680441844,0.4062791770169267,77.79442936647244,0.1422647288777334,4.093165886178677,,,,,,,,,
Mod-Nom-Real,AK,HPl,2030-Hhigh,546.828648113696,2238.2603680441844,0.4062791770169267,33.3381183213779,0.060966298010133285,4.093165886178677,,,,,,,,,
Mod-Nom-Real,AK,HPl,2030-Hlow,546.828648113696,2238.2603680441844,0.4062791770169267,61.077447139210136,0.11169394169434771,4.093165886178677,,,,,,,,,
Mod-Nom-Real,AK,HPl,2035-Hhigh,546.828648113696,2238.2603680441844,0.4062791770169267,35.59190340950828,0.06508785436220973,4.093165886178677,,,,,,,,,
Mod-Nom-Real,AK,HPl,2035-Hlow,546.828648113696,2238.2603680441844,0.4062791770169267,57.10174366204151,0.10442346767861543,4.093165886178677,,,,,,,,,
Mod-Nom-Real,AK,HPl,2040-Hhigh,546.828648113696,2238.2603680441844,0.4062791770169267,39.81371047313415,0.07280838451034506,4.093165886178677,,,,,,,,,
Mod-Nom-Real,AK,HPl,2040-Hlow,546.828648113696,2238.2603680441844,0.4062791770169267,64.75483034496273,0.11841886954594774,4.093165886178677,,,,,,,,,
Mod-Nom-Real,AK,HPl,2045-Hhigh,546.828648113696,2238.2603680441844,0.4062791770169267,45.443320577951155,0.08310340128431354,4.093165886178677,,,,,,,,,
Mod-Nom-Real,AK,HPl,2045-Hlow,546.828648113696,2238.2603680441844,0.4062791770169267,70.03372136077337,0.12807251705329828,4.093165886178677,,,,,,,,,
Mod-H1-Real,AK,HPl,2024-Hhigh,437.34409625642905,1686.91804868813,0.35639013552058485,40.05885790359622,0.0915957440525467,3.857187196826901,,,,,,,,,
Mod-H1-Real,AK,HPl,2024-Hlow,437.34409625642905,1686.91804868813,0.36431941457886163,74.37774832050252,0.17006688545051818,3.857187196826901,,,,,,,,,
Mod-H1-Real,AK,HPl,2025-Hhigh,437.34409625642905,1686.91804868813,0.36431941457886163,31.65606650431875,0.07238251705073383,3.857187196826901,,,,,,,,,
Mod-H1-Real,AK,HPl,2025-Hlow,437.34409625642905,1686.91804868813,0.36431941457886163,63.277006851370274,0.14468471712093012,3.857187196826901,,,,,,,,,
Mod-H1-Real,AK,HPl,2030-Hhigh,437.34409625642905,1686.91804868813,0.36431941457886163,26.00398105788446,0.05945885923800714,3.857187196826901,,,,,,,,,
Mod-H1-Real,AK,HPl,2030-Hlow,437.34409625642905,1686.91804868813,0.36431941457886163,49.50895773962612,0.1132036722649559,3.857187196826901,,,,,,,,,
Mod-H1-Real,AK,HPl,2035-Hhigh,437.34409625642905,1686.91804868813,0.36431941457886163,28.044384039815753,0.06412430001884013,3.857187196826901,,,,,,,,,
Mod-H1-Real,AK,HPl,2035-Hlow,437.34409625642905,1686.91804868813,0.36431941457886163,46.510052289920445,0.1063465877052793,3.857187196826901,,,,,,,,,
Mod-H1-Real,AK,HPl,2040-Hhigh,437.34409625642905,1686.91804868813,0.36431941457886163,31.51049340431591,0.0720496599223333,3.857187196826901,,,,,,,,,
Mod-H1-Real,AK,HPl,2040-Hlow,437.34409625642905,1686.91804868813,0.36431941457886163,52.87385509133383,0.12089760795657836,3.857187196826901,,,,,,,,,
Mod-H1-Real,AK,HPl,2045-Hhigh,437.34409625642905,1686.91804868813,0.36431941457886163,35.914751509049005,0.08212012421448354,3.857187196826901,,,,,,,,,
Mod-H1-Real,AK,HPl,2045-Hlow,437.34409625642905,1686.91804868813,0.36431941457886163,56.922824591168784,0.13015569451700815,3.857187196826901,,,,,,,,,
Mod-Nom-Ideal,CH,HPl,2024-Hhigh,1434.4276418795885,5867.6054458022645,0.9246062181286179,141.790191646751,0.09884792199135091,4.090555197412192,,,,,,,,,
Mod-Nom-Ideal,CH,HPl,2024-Hlow,1434.4276418795885,5867.6054458022645,0.9491050946379576,220.38424982965964,0.1536391543186391,4.090555197412192,,,,,,,,,
Mod-Nom-Ideal,CH,HPl,2025-Hhigh,1434.4276418795885,5867.6054458022645,0.9491050946379576,111.41159932813427,0.0776697241989475,4.090555197412192,,,,,,,,,
Mod-Nom-Ideal,CH,HPl,2025-Hlow,1434.4276418795885,5867.6054458022645,0.9491050946379576,182.19997620082913,0.12701928691368855,4.090555197412192,,,,,,,,,
Mod-Nom-Ideal,CH,HPl,2030-Hhigh,1434.4276418795885,5867.6054458022645,0.9491050946379576,89.84443397420922,0.06263434372784565,4.090555197412192,,,,,,,,,
Mod-Nom-Ideal,CH,HPl,2030-Hlow,1434.4276418795885,5867.6054458022645,0.9491050946379576,142.35268809778694,0.09924006198824813,4.090555197412192,,,,,,,,,
Mod-Nom-Ideal,CH,HPl,2035-Hhigh,1434.4276418795885,5867.6054458022645,0.9491050946379576,92.74336917696226,0.06465531370786809,4.090555197412192,,,,,,,,,
Mod-Nom-Ideal,CH,HPl,2035-Hlow,1434.4276418795885,5867.6054458022645,0.9491050946379576,134.20648728691296,0.09356100187183843,4.090555197412192,,,,,,,,,
Mod-Nom-Ideal,CH,HPl,2040-Hhigh,1434.4276418795885,5867.6054458022645,0.9491050946379576,100.21918911182425,0.06986702304516594,4.090555197412192,,,,,,,,,
Mod-Nom-Ideal,CH,HPl,2040-Hlow,1434.4276418795885,5867.6054458022645,0.9491050946379576,148.60700809360546,0.10360021220650746,4.090555197412192,,,,,,,,,
Mod-Nom-Ideal,CH,HPl,2045-Hhigh,1434.4276418795885,5867.6054458022645,0.9491050946379576,113.33759579024054,0.07901241755333836,4.090555197412192,,,,,,,,,
Mod-Nom-Ideal,CH,HPl,2045-Hlow,1434.4276418795885,5867.6054458022645,0.9491050946379576,160.80185956416503,0.11210175743229533,4.090555197412192,,,,,,,,,
Mod-H1-Ideal,CH,HPl,2024-Hhigh,1310.2433655150664,4986.386754278528,0.7989028545343502,127.50034440773281,0.09731042931677923,3.80569509872568,,,,,,,,,
Mod-H1-Ideal,CH,HPl,2024-Hlow,1310.2433655150664,4986.386754278528,0.822835006526313,204.29908328186033,0.15592453177700225,3.80569509872568,,,,,,,,,
Mod-H1-Ideal,CH,HPl,2025-Hhigh,1310.2433655150664,4986.386754278528,0.822835006526313,99.73428325847769,0.07611889965134179,3.80569509872568,,,,,,,,,
Mod-H1-Ideal,CH,HPl,2025-Hlow,1310.2433655150664,4986.386754278528,0.822835006526313,168.81848244961165,0.12884513434131975,3.80569509872568,,,,,,,,,
Mod-H1-Ideal,CH,HPl,2030-Hhigh,1310.2433655150664,4986.386754278528,0.822835006526313,80.51961394047215,0.06145393753535191,3.80569509872568,,,,,,,,,
Mod-H1-Ideal,CH,HPl,2030-Hlow,1310.2433655150664,4986.386754278528,0.822835006526313,131.74899113674806,0.1005530686926673,3.80569509872568,,,,,,,,,
Mod-H1-Ideal,CH,HPl,2035-Hhigh,1310.2433655150664,4986.386754278528,0.822835006526313,83.72125814912248,0.06389748679720353,3.80569509872568,,,,,,,,,
Mod-H1-Ideal,CH,HPl,2035-Hlow,1310.2433655150664,4986.386754278528,0.822835006526313,124.29670513488162,0.0948653573880297,3.80569509872568,,,,,,,,,
Mod-H1-Ideal,CH,HPl,2040-Hhigh,1310.2433655150664,4986.386754278528,0.822835006526313,90.91045759401881,0.0693844059712382,3.80569509872568,,,,,,,,,
Mod-H1-Ideal,CH,HPl,2040-Hlow,1310.2433655150664,4986.386754278528,0.822835006526313,137.9299367711981,0.1052704714264871,3.80569509872568,,,,,,,,,
Mod-H1-Ideal,CH,HPl,2045-Hhigh,1310.2433655150664,4986.386754278528,0.822835006526313,102.78399328176032,0.0784464901612802,3.80569509872568,,,,,,,,,
Mod-H1-Ideal,CH,HPl,2045-Hlow,1310.2433655150664,4986.386754278528,0.822835006526313,148.70241349295765,0.11349220870467955,3.80569509872568,,,,,,,,,
Mod-Nom-Real,CH,HPl,2024-Hhigh,1446.9003977584027,5901.549834381867,0.9385105738881908,143.06163043262694,0.09887455325485008,4.078753343025401,,,,,,,,,
Mod-Nom-Real,CH,HPl,2024-Hlow,1446.9003977584027,5901.549834381867,0.9630450674325156,222.49156307584448,0.15377116726247192,4.078753343025401,,,,,,,,,
Mod-Nom-Real,CH,HPl,2025-Hhigh,1446.9003977584027,5901.549834381867,0.9630450674325156,112.41930173403529,0.07769664166807878,4.078753343025401,,,,,,,,,
Mod-Nom-Real,CH,HPl,2025-Hlow,1446.9003977584027,5901.549834381867,0.9630450674325156,183.96125783237255,0.12714161812200264,4.078753343025401,,,,,,,,,
Mod-Nom-Real,CH,HPl,2030-Hhigh,1446.9003977584027,5901.549834381867,0.9630450674325156,90.65813322623,0.06265678920724695,4.078753343025401,,,,,,,,,
Mod-Nom-Real,CH,HPl,2030-Hlow,1446.9003977584027,5901.549834381867,0.9630450674325156,143.71388630957023,0.09932534853969054,4.078753343025401,,,,,,,,,
Mod-Nom-Real,CH,HPl,2035-Hhigh,1446.9003977584027,5901.549834381867,0.9630450674325156,93.57864451647335,0.06467524970028982,4.078753343025401,,,,,,,,,
Mod-Nom-Real,CH,HPl,2035-Hlow,1446.9003977584027,5901.549834381867,0.9630450674325156,135.45300623645582,0.09361598520969733,4.078753343025401,,,,,,,,,
Mod-Nom-Real,CH,HPl,2040-Hhigh,1446.9003977584027,5901.549834381867,0.9630450674325156,101.11542356270512,0.06988416322184808,4.078753343025401,,,,,,,,,
Mod-Nom-Real,CH,HPl,2040-Hlow,1446.9003977584027,5901.549834381867,0.9630450674325156,150.01378961734574,0.10367941694518382,4.078753343025401,,,,,,,,,
Mod-Nom-Real,CH,HPl,2045-Hhigh,1446.9003977584027,5901.549834381867,0.9630450674325156,114.35462527007188,0.07903420681011267,4.078753343025401,,,,,,,,,
Mod-Nom-Real,CH,HPl,2045-Hlow,1446.9003977584027,5901.549834381867,0.9630450674325156,162.32662499553422,0.11218921858547919,4.078753343025401,,,,,,,,,
Mod-H1-Real,CH,HPl,2024-Hhigh,1316.9208443964596,5012.66436812263,0.8044713712058065,128.14031922038671,0.0973029774459322,3.806352059390416,,,,,,,,,
Mod-H1-Real,CH,HPl,2024-Hlow,1316.9208443964596,5012.66436812263,0.8284756476306951,205.43091742958808,0.1559933676376247,3.806352059390416,,,,,,,,,
Mod-H1-Real,CH,HPl,2025-Hhigh,1316.9208443964596,5012.66436812263,0.8284756476306951,100.22788939991045,0.07610775531907125,3.806352059390416,,,,,,,,,
Mod-H1-Real,CH,HPl,2025-Hlow,1316.9208443964596,5012.66436812263,0.8284756476306951,169.74138382204856,0.12889262444611124,3.806352059390416,,,,,,,,,
Mod-H1-Real,CH,HPl,2030-Hhigh,1316.9208443964596,5012.66436812263,0.8284756476306951,80.91618530170258,0.06144346916977094,3.806352059390416,,,,,,,,,
Mod-H1-Real,CH,HPl,2030-Hlow,1316.9208443964596,5012.66436812263,0.8284756476306951,132.4558509375749,0.1005799638612896,3.806352059390416,,,,,,,,,
Mod-H1-Real,CH,HPl,2035-Hhigh,1316.9208443964596,5012.66436812263,0.8284756476306951,84.13556988812907,0.06388809946028921,3.806352059390416,,,,,,,,,
Mod-H1-Real,CH,HPl,2035-Hlow,1316.9208443964596,5012.66436812263,0.8284756476306951,124.96053631743561,0.0948884185781907,3.806352059390416,,,,,,,,,
Mod-H1-Real,CH,HPl,2040-Hhigh,1316.9208443964596,5012.66436812263,0.8284756476306951,91.35736545054253,0.06937194884511931,3.806352059390416,,,,,,,,,
Mod-H1-Real,CH,HPl,2040-Hlow,1316.9208443964596,5012.66436812263,0.8284756476306951,138.671014875459,0.1052994304597035,3.806352059390416,,,,,,,,,
Mod-H1-Real,CH,HPl,2045-Hhigh,1316.9208443964596,5012.66436812263,0.8284756476306951,103.28601671697974,0.07842993537270296,3.806352059390416,,,,,,,,,
Mod-H1-Real,CH,HPl,2045-Hlow,1316.9208443964596,5012.66436812263,0.8284756476306951,149.48901192068374,0.11351404494565051,3.806352059390416,,,,,,,,,
Mass-Nom-Ideal,AK,HPl,2024-Hhigh,383.78245787604624,1563.8815104525415,0.26869410347921757,38.68767702675653,0.10080626728189815,4.074916605379714,,,,,,,,,
Mass-Nom-Ideal,AK,HPl,2024-Hlow,383.78245787604624,1563.8815104525415,0.2696479610099797,63.161919669262254,0.16457740152798292,4.074916605379714,,,,,,,,,
Mass-Nom-Ideal,AK,HPl,2025-Hhigh,383.78245787604624,1563.8815104525415,0.2696479610099797,30.787430754688007,0.08022104742638266,4.074916605379714,,,,,,,,,
Mass-Nom-Ideal,AK,HPl,2025-Hlow,383.78245787604624,1563.8815104525415,0.2696479610099797,52.99297459049867,0.13808076295038554,4.074916605379714,,,,,,,,,
Mass-Nom-Ideal,AK,HPl,2030-Hhigh,383.78245787604624,1563.8815104525415,0.2696479610099797,24.962946513096924,0.06504452197020281,4.074916605379714,,,,,,,,,
Mass-Nom-Ideal,AK,HPl,2030-Hlow,383.78245787604624,1563.8815104525415,0.2696479610099797,41.33062262767183,0.10769283947058561,4.074916605379714,,,,,,,,,
Mass-Nom-Ideal,AK,HPl,2035-Hhigh,383.78245787604624,1563.8815104525415,0.2696479610099797,25.59638107757874,0.06669502618550074,4.074916605379714,,,,,,,,,
Mass-Nom-Ideal,AK,HPl,2035-Hlow,383.78245787604624,1563.8815104525415,0.2696479610099797,37.64144160031163,0.098080151470782,4.074916605379714,,,,,,,,,
Mass-Nom-Ideal,AK,HPl,2040-Hhigh,383.78245787604624,1563.8815104525415,0.2696479610099797,27.77015014530089,0.07235909191625968,4.074916605379714,,,,,,,,,
Mass-Nom-Ideal,AK,HPl,2040-Hlow,383.78245787604624,1563.8815104525415,0.2696479610099797,42.48595523425014,0.11070322356414795,4.074916605379714,,,,,,,,,
Mass-Nom-Ideal,AK,HPl,2045-Hhigh,383.78245787604624,1563.8815104525415,0.2696479610099797,31.420472758612515,0.08187052876908896,4.074916605379714,,,,,,,,,
Mass-Nom-Ideal,AK,HPl,2045-Hlow,383.78245787604624,1563.8815104525415,0.2696479610099797,46.14007390133224,0.12022455157717116,4.074916605379714,,,,,,,,,
Mass-H1-Ideal,AK,HPl,2024-Hhigh,120.44872220910057,452.53689337432246,0.12500115217285673,12.672474875298018,0.10521053808523129,3.7570916907587653,,,,,,,,,
Mass-H1-Ideal,AK,HPl,2024-Hlow,120.44872220910057,452.53689337432246,0.12500115217285668,20.93766791610135,0.17383055238853662,3.7570916907587653,,,,,,,,,
Mass-H1-Ideal,AK,HPl,2025-Hhigh,120.44872220910057,452.53689337432246,0.12500115217285668,10.252502545950168,0.08511923047345982,3.7570916907587653,,,,,,,,,
Mass-H1-Ideal,AK,HPl,2025-Hlow,120.44872220910057,452.53689337432246,0.12500115217285668,17.806065167622712,0.14783108397539618,3.7570916907587653,,,,,,,,,
Mass-H1-Ideal,AK,HPl,2030-Hhigh,120.44872220910057,452.53689337432246,0.12500115217285668,8.345393664583522,0.06928586299235129,3.7570916907587653,,,,,,,,,
Mass-H1-Ideal,AK,HPl,2030-Hlow,120.44872220910057,452.53689337432246,0.12500115217285668,13.84722085492953,0.1149636177201662,3.7570916907587653,,,,,,,,,
Mass-H1-Ideal,AK,HPl,2035-Hhigh,120.44872220910057,452.53689337432246,0.12500115217285668,8.447105731413634,0.07013030588028446,3.7570916907587653,,,,,,,,,
Mass-H1-Ideal,AK,HPl,2035-Hlow,120.44872220910057,452.53689337432246,0.12500115217285668,12.137114732591476,0.10076582391236401,3.7570916907587653,,,,,,,,,
Mass-H1-Ideal,AK,HPl,2040-Hhigh,120.44872220910057,452.53689337432246,0.12500115217285668,9.127121086020821,0.07577598930585597,3.7570916907587653,,,,,,,,,
Mass-H1-Ideal,AK,HPl,2040-Hlow,120.44872220910057,452.53689337432246,0.12500115217285668,13.91648306729853,0.1155386525656896,3.7570916907587653,,,,,,,,,
Mass-H1-Ideal,AK,HPl,2045-Hhigh,120.44872220910057,452.53689337432246,0.12500115217285668,10.381854056248336,0.08619314398558169,3.7570916907587653,,,,,,,,,
Mass-H1-Ideal,AK,HPl,2045-Hlow,120.44872220910057,452.53689337432246,0.12500115217285668,15.254337294800704,0.12664590387533523,3.7570916907587653,,,,,,,,,
Mass-Nom-Real,AK,HPl,2024-Hhigh,384.01130034328605,1564.6934843278088,0.2687455293549637,38.7184589697006,0.10082635311796376,4.074602708120971,,,,,,,,,
Mass-Nom-Real,AK,HPl,2024-Hlow,384.01130034328605,1564.6934843278088,0.2697125079987727,63.23510708202456,0.16466991212366844,4.074602708120971,,,,,,,,,
Mass-Nom-Real,AK,HPl,2025-Hhigh,384.01130034328605,1564.6934843278088,0.2697125079987727,30.814235593242515,0.08024304380026369,4.074602708120971,,,,,,,,,
Mass-Nom-Real,AK,HPl,2025-Hlow,384.01130034328605,1564.6934843278088,0.2697125079987727,53.05594938388729,0.13816246901187032,4.074602708120971,,,,,,,,,
Mass-Nom-Real,AK,HPl,2030-Hhigh,384.01130034328605,1564.6934843278088,0.2697125079987727,24.984605945447335,0.06506216333506958,4.074602708120971,,,,,,,,,
Mass-Nom-Real,AK,HPl,2030-Hlow,384.01130034328605,1564.6934843278088,0.2697125079987727,41.379478491366676,0.1077558875334543,4.074602708120971,,,,,,,,,
Mass-Nom-Real,AK,HPl,2035-Hhigh,384.01130034328605,1564.6934843278088,0.2697125079987727,25.618576985499004,0.06671308100203649,4.074602708120971,,,,,,,,,
Mass-Nom-Real,AK,HPl,2035-Hlow,384.01130034328605,1564.6934843278088,0.2697125079987727,37.68414103964996,0.09813289610478208,4.074602708120971,,,,,,,,,
Mass-Nom-Real,AK,HPl,2040-Hhigh,384.01130034328605,1564.6934843278088,0.2697125079987727,27.793892617488584,0.07237779875915708,4.074602708120971,,,,,,,,,
Mass-Nom-Real,AK,HPl,2040-Hlow,384.01130034328605,1564.6934843278088,0.2697125079987727,42.54374782507987,0.11078774970176133,4.074602708120971,,,,,,,,,
Mass-Nom-Real,AK,HPl,2045-Hhigh,384.01130034328605,1564.6934843278088,0.2697125079987727,31.448084109186016,0.08189364240342165,4.074602708120971,,,,,,,,,
Mass-Nom-Real,AK,HPl,2045-Hlow,384.01130034328605,1564.6934843278088,0.2697125079987727,46.201281257764904,0.12031229606124448,4.074602708120971,,,,,,,,,
Mass-H1-Real,AK,HPl,2024-Hhigh,120.24438838465511,451.76431108953096,0.12496476733492029,12.651077320284763,0.10521137402116987,3.7570510953439427,,,,,,,,,
Mass-H1-Real,AK,HPl,2024-Hlow,120.24438838465511,451.76431108953096,0.12496476733492028,20.897169548293853,0.1737891458306143,3.7570510953439427,,,,,,,,,
Mass-H1-Real,AK,HPl,2025-Hhigh,120.24438838465511,451.76431108953096,0.12496476733492028,10.234828470975533,0.0851168907627929,3.7570510953439427,,,,,,,,,
Mass-H1-Real,AK,HPl,2025-Hlow,120.24438838465511,451.76431108953096,0.12496476733492028,17.772116355237934,0.14779996467183085,3.7570510953439427,,,,,,,,,
Mass-H1-Real,AK,HPl,2030-Hhigh,120.24438838465511,451.76431108953096,0.12496476733492028,8.331084951578735,0.0692846049906966,3.7570510953439427,,,,,,,,,
Mass-H1-Real,AK,HPl,2030-Hlow,120.24438838465511,451.76431108953096,0.12496476733492028,13.8210776388288,0.11494156047112936,3.7570510953439427,,,,,,,,,
Mass-H1-Real,AK,HPl,2035-Hhigh,120.24438838465511,451.76431108953096,0.12496476733492028,8.432644408032788,0.07012921368984994,3.7570510953439427,,,,,,,,,
Mass-H1-Real,AK,HPl,2035-Hlow,120.24438838465511,451.76431108953096,0.12496476733492028,12.114698588631676,0.10075063586233587,3.7570510953439427,,,,,,,,,
Mass-H1-Real,AK,HPl,2040-Hhigh,120.24438838465511,451.76431108953096,0.12496476733492028,9.111666557711382,0.07577623105839806,3.7570510953439427,,,,,,,,,
Mass-H1-Real,AK,HPl,2040-Hlow,120.24438838465511,451.76431108953096,0.12496476733492028,13.89094038289532,0.11552256674514384,3.7570510953439427,,,,,,,,,
Mass-H1-Real,AK,HPl,2045-Hhigh,120.24438838465511,451.76431108953096,0.12496476733492028,10.364290510686923,0.08619354840520402,3.7570510953439427,,,,,,,,,
Mass-H1-Real,AK,HPl,2045-Hlow,120.24438838465511,451.76431108953096,0.12496476733492028,15.226277213654608,0.1266277571718906,3.7570510953439427,,,,,,,,,
Mass-Nom-Ideal,CH,HPl,2024-Hhigh,964.1722574668731,3452.1915523232456,0.5575829041917532,100.94158613644902,0.10469248140539571,3.5804717731591187,,,,,,,,,
Mass-Nom-Ideal,CH,HPl,2024-Hlow,964.1722574668731,3452.1915523232456,0.572982104518846,147.3008814942141,0.1527744449743982,3.5804717731591187,,,,,,,,,
Mass-Nom-Ideal,CH,HPl,2025-Hhigh,964.1722574668731,3452.1915523232456,0.572982104518846,79.17193879833587,0.0821138942602858,3.5804717731591187,,,,,,,,,
Mass-Nom-Ideal,CH,HPl,2025-Hlow,964.1722574668731,3452.1915523232456,0.572982104518846,120.79769224489631,0.12528642191205824,3.5804717731591187,,,,,,,,,
Mass-Nom-Ideal,CH,HPl,2030-Hhigh,964.1722574668731,3452.1915523232456,0.572982104518846,63.05458015571799,0.06539762959098044,3.5804717731591187,,,,,,,,,
Mass-Nom-Ideal,CH,HPl,2030-Hlow,964.1722574668731,3452.1915523232456,0.572982104518846,93.67482187986147,0.09715569096124914,3.5804717731591187,,,,,,,,,
Mass-Nom-Ideal,CH,HPl,2035-Hhigh,964.1722574668731,3452.1915523232456,0.572982104518846,63.175679637993646,0.06552322901715954,3.5804717731591187,,,,,,,,,
Mass-Nom-Ideal,CH,HPl,2035-Hlow,964.1722574668731,3452.1915523232456,0.572982104518846,86.37377272685201,0.08958334162588123,3.5804717731591187,,,,,,,,,
Mass-Nom-Ideal,CH,HPl,2040-Hhigh,964.1722574668731,3452.1915523232456,0.572982104518846,66.83164418619585,0.0693150458008195,3.5804717731591187,,,,,,,,,
Mass-Nom-Ideal,CH,HPl,2040-Hlow,964.1722574668731,3452.1915523232456,0.572982104518846,94.71235211494634,0.09823177485294991,3.5804717731591187,,,,,,,,,
Mass-Nom-Ideal,CH,HPl,2045-Hhigh,964.1722574668731,3452.1915523232456,0.572982104518846,74.98198413882352,0.07776824479042817,3.5804717731591187,,,,,,,,,
Mass-Nom-Ideal,CH,HPl,2045-Hlow,964.1722574668731,3452.1915523232456,0.572982104518846,102.68646800416492,0.10650220145718413,3.5804717731591187,,,,,,,,,
Mass-H1-Ideal,CH,HPl,2024-Hhigh,379.1447510833203,1250.165598278432,0.3150337858102465,42.34893252369665,0.11169594832236016,3.297330622951701,,,,,,,,,
Mass-H1-Ideal,CH,HPl,2024-Hlow,379.1447510833203,1250.165598278432,0.3206756145518955,63.88072691963592,0.1684863808271411,3.297330622951701,,,,,,,,,
Mass-H1-Ideal,CH,HPl,2025-Hhigh,379.1447510833203,1250.165598278432,0.3206756145518955,33.679502461739176,0.08883019576430275,3.297330622951701,,,,,,,,,
Mass-H1-Ideal,CH,HPl,2025-Hlow,379.1447510833203,1250.165598278432,0.3206756145518955,53.20225365220345,0.1403217465102446,3.297330622951701,,,,,,,,,
Mass-H1-Ideal,CH,HPl,2030-Hhigh,379.1447510833203,1250.165598278432,0.3206756145518955,26.801917418381038,0.07069046147098339,3.297330622951701,,,,,,,,,
Mass-H1-Ideal,CH,HPl,2030-Hlow,379.1447510833203,1250.165598278432,0.3206756145518955,41.06639393041494,0.10831323343677321,3.297330622951701,,,,,,,,,
Mass-H1-Ideal,CH,HPl,2035-Hhigh,379.1447510833203,1250.165598278432,0.3206756145518955,26.614568314680614,0.07019632538400047,3.297330622951701,,,,,,,,,
Mass-H1-Ideal,CH,HPl,2035-Hlow,379.1447510833203,1250.165598278432,0.3206756145518955,36.794669817028385,0.0970464966530486,3.297330622951701,,,,,,,,,
Mass-H1-Ideal,CH,HPl,2040-Hhigh,379.1447510833203,1250.165598278432,0.3206756145518955,28.048521735389183,0.07397839916086635,3.297330622951701,,,,,,,,,
Mass-H1-Ideal,CH,HPl,2040-Hlow,379.1447510833203,1250.165598278432,0.3206756145518955,41.1878318362854,0.10863352774527538,3.297330622951701,,,,,,,,,
Mass-H1-Ideal,CH,HPl,2045-Hhigh,379.1447510833203,1250.165598278432,0.3206756145518955,31.59270490179742,0.08332623572271122,3.297330622951701,,,,,,,,,
Mass-H1-Ideal,CH,HPl,2045-Hlow,379.1447510833203,1250.165598278432,0.3206756145518955,44.689054063586426,0.11786805418220238,3.297330622951701,,,,,,,,,
Mass-Nom-Real,CH,HPl,2024-Hhigh,966.4374279657854,3460.5966624348066,0.5589968642672664,101.21534822192787,0.10473036876786934,3.580776739699408,,,,,,,,,
Mass-Nom-Real,CH,HPl,2024-Hlow,966.4374279657854,3460.5966624348066,0.5745151575664859,147.75424422402617,0.15288547395668234,3.580776739699408,,,,,,,,,
Mass-Nom-Real,CH,HPl,2025-Hhigh,966.4374279657854,3460.5966624348066,0.5745151575664859,79.38949998694868,0.08214654947092889,3.580776739699408,,,,,,,,,
Mass-Nom-Real,CH,HPl,2025-Hlow,966.4374279657854,3460.5966624348066,0.5745151575664859,121.17774982115077,0.12538602739777252,3.580776739699408,,,,,,,,,
Mass-Nom-Real,CH,HPl,2030-Hhigh,966.4374279657854,3460.5966624348066,0.5745151575664859,63.2265339704077,0.06542227374563778,3.580776739699408,,,,,,,,,
Mass-Nom-Real,CH,HPl,2030-Hlow,966.4374279657854,3460.5966624348066,0.5745151575664859,93.96750302117223,0.09723081940127318,3.580776739699408,,,,,,,,,
Mass-Nom-Real,CH,HPl,2035-Hhigh,966.4374279657854,3460.5966624348066,0.5745151575664859,63.34720653597343,0.06554713704467176,3.580776739699408,,,,,,,,,
Mass-Nom-Real,CH,HPl,2035-Hlow,966.4374279657854,3460.5966624348066,0.5745151575664859,86.63766670411901,0.08964643151960608,3.580776739699408,,,,,,,,,
Mass-Nom-Real,CH,HPl,2040-Hhigh,966.4374279657854,3460.5966624348066,0.5745151575664859,67.01767240768321,0.06934507136043558,3.580776739699408,,,,,,,,,
Mass-Nom-Real,CH,HPl,2040-Hlow,966.4374279657854,3460.5966624348066,0.5745151575664859,95.01004615805229,0.09830956811972302,3.580776739699408,,,,,,,,,
Mass-Nom-Real,CH,HPl,2045-Hhigh,966.4374279657854,3460.5966624348066,0.5745151575664859,75.19154441513876,0.07780280672014779,3.580776739699408,,,,,,,,,
Mass-Nom-Real,CH,HPl,2045-Hlow,966.4374279657854,3460.5966624348066,0.5745151575664859,103.00405801433796,0.1065811971201767,3.580776739699408,,,,,,,,,
Mass-H1-Real,CH,HPl,2024-Hhigh,379.307631542679,1250.5978533516566,0.3153073962388035,42.39136632095127,0.11175985610556183,3.2970542887981455,,,,,,,,,
Mass-H1-Real,CH,HPl,2024-Hlow,379.307631542679,1250.5978533516566,0.3210151679358433,63.95091920051252,0.16859908391618236,3.2970542887981455,,,,,,,,,
Mass-H1-Real,CH,HPl,2025-Hhigh,379.307631542679,1250.5978533516566,0.3210151679358433,33.71615310629683,0.08888867584648939,3.2970542887981455,,,,,,,,,
Mass-H1-Real,CH,HPl,2025-Hlow,379.307631542679,1250.5978533516566,0.3210151679358433,53.270338056332875,0.14044098675177588,3.2970542887981455,,,,,,,,,
Mass-H1-Real,CH,HPl,2030-Hhigh,379.307631542679,1250.5978533516566,0.3210151679358433,26.832310772212264,0.07074023441891424,3.2970542887981455,,,,,,,,,
Mass-H1-Real,CH,HPl,2030-Hlow,379.307631542679,1250.5978533516566,0.3210151679358433,41.12057874069596,0.10840957397417707,3.2970542887981455,,,,,,,,,
Mass-H1-Real,CH,HPl,2035-Hhigh,379.307631542679,1250.5978533516566,0.3210151679358433,26.644173949207094,0.07024423379208794,3.2970542887981455,,,,,,,,,
Mass-H1-Real,CH,HPl,2035-Hlow,379.307631542679,1250.5978533516566,0.3210151679358433,36.82711307944976,0.09709035626219938,3.2970542887981455,,,,,,,,,
Mass-H1-Real,CH,HPl,2040-Hhigh,379.307631542679,1250.5978533516566,0.3210151679358433,28.07822045994388,0.07402492890993828,3.2970542887981455,,,,,,,,,
Mass-H1-Real,CH,HPl,2040-Hlow,379.307631542679,1250.5978533516566,0.3210151679358433,41.2357099660557,0.10871310392133761,3.2970542887981455,,,,,,,,,
Mass-H1-Real,CH,HPl,2045-Hhigh,379.307631542679,1250.5978533516566,0.3210151679358433,31.629203894895355,0.08338667947770119,3.2970542887981455,,,,,,,,,
Mass-H1-Real,CH,HPl,2045-Hlow,379.307631542679,1250.5978533516566,0.3210151679358433,44.74447054598215,0.11796353889322574,3.2970542887981455,,,,,,,,,
Mod-Nom-Ideal,AK,HP,2024-Hhigh,852.3424616186181,3390.510784296661,0.5300393837297165,78.49478207049368,0.09209300909569877,3.977873844109564,,,,,,,,,
Mod-Nom-Ideal,AK,HP,2024-Hlow,852.3424616186181,3390.510784296661,0.5393239688581193,148.187833940054,0.17385949968823783,3.977873844109564,,,,,,,,,
Mod-Nom-Ideal,AK,HP,2025-Hhigh,852.3424616186181,3390.510784296661,0.5393239688581193,62.14844529638395,0.07291487646686358,3.977873844109564,,,,,,,,,
Mod-Nom-Ideal,AK,HP,2025-Hlow,852.3424616186181,3390.510784296661,0.5393239688581193,125.51176792466991,0.1472550923795585,3.977873844109564,,,,,,,,,
Mod-Nom-Ideal,AK,HP,2030-Hhigh,852.3424616186181,3390.510784296661,0.5393239688581193,51.31056065893783,0.060199465554605695,3.977873844109564,,,,,,,,,
Mod-Nom-Ideal,AK,HP,2030-Hlow,852.3424616186181,3390.510784296661,0.5393239688581193,98.50107895945936,0.11556514358372283,3.977873844109564,,,,,,,,,
Mod-Nom-Ideal,AK,HP,2035-Hhigh,852.3424616186181,3390.510784296661,0.5393239688581193,55.79446102706604,0.0654601448825054,3.977873844109564,,,,,,,,,
Mod-Nom-Ideal,AK,HP,2035-Hlow,852.3424616186181,3390.510784296661,0.5393239688581193,91.63961522829956,0.10751501814690048,3.977873844109564,,,,,,,,,
Mod-Nom-Ideal,AK,HP,2040-Hhigh,852.3424616186181,3390.510784296661,0.5393239688581193,63.06338200295145,0.07398831437212763,3.977873844109564,,,,,,,,,
Mod-Nom-Ideal,AK,HP,2040-Hlow,852.3424616186181,3390.510784296661,0.5393239688581193,104.28428316492973,0.12235021468588043,3.977873844109564,,,,,,,,,
Mod-Nom-Ideal,AK,HP,2045-Hhigh,852.3424616186181,3390.510784296661,0.5393239688581193,71.39130644557675,0.08375894626908884,3.977873844109564,,,,,,,,,
Mod-Nom-Ideal,AK,HP,2045-Hlow,852.3424616186181,3390.510784296661,0.5393239688581193,112.31079824916594,0.13176722186981643,3.977873844109564,,,,,,,,,
Mod-H1-Ideal,AK,HP,2024-Hhigh,551.4008394872418,2262.1880286971764,0.42693272359264817,50.525853305422906,0.0916318033763022,4.102619848748922,,,,,,,,,
Mod-H1-Ideal,AK,HP,2024-Hlow,551.4008394872418,2262.1880286971764,0.43445306448107024,97.09197377784442,0.17608238295054485,4.102619848748922,,,,,,,,,
Mod-H1-Ideal,AK,HP,2025-Hhigh,551.4008394872418,2262.1880286971764,0.43445306448107024,40.04829119779006,0.07263008746056994,4.102619848748922,,,,,,,,,
Mod-H1-Ideal,AK,HP,2025-Hlow,551.4008394872418,2262.1880286971764,0.43445306448107024,82.83274530903863,0.15022237794571802,4.102619848748922,,,,,,,,,
Mod-H1-Ideal,AK,HP,2030-Hhigh,551.4008394872418,2262.1880286971764,0.43445306448107024,33.05834123587054,0.05995337487445998,4.102619848748922,,,,,,,,,
Mod-H1-Ideal,AK,HP,2030-Hlow,551.4008394872418,2262.1880286971764,0.43445306448107024,64.88273815751675,0.11766891435611969,4.102619848748922,,,,,,,,,
Mod-H1-Ideal,AK,HP,2035-Hhigh,551.4008394872418,2262.1880286971764,0.43445306448107024,35.93965016926418,0.06517880930809818,4.102619848748922,,,,,,,,,
Mod-H1-Ideal,AK,HP,2035-Hlow,551.4008394872418,2262.1880286971764,0.43445306448107024,60.39354188849617,0.10952747541091393,4.102619848748922,,,,,,,,,
Mod-H1-Ideal,AK,HP,2040-Hhigh,551.4008394872418,2262.1880286971764,0.43445306448107024,40.53936679111936,0.07352068384374913,4.102619848748922,,,,,,,,,
Mod-H1-Ideal,AK,HP,2040-Hlow,551.4008394872418,2262.1880286971764,0.43445306448107024,69.12512800317339,0.12536275437566285,4.102619848748922,,,,,,,,,
Mod-H1-Ideal,AK,HP,2045-Hhigh,551.4008394872418,2262.1880286971764,0.43445306448107024,46.11910715462889,0.08363989289083407,4.102619848748922,,,,,,,,,
Mod-H1-Ideal,AK,HP,2045-Hlow,551.4008394872418,2262.1880286971764,0.43445306448107024,74.36361701777383,0.13486308270209743,4.102619848748922,,,,,,,,,
Mod-Nom-Real,AK,HP,2024-Hhigh,764.5449404258283,3074.818888068081,0.5489041681056945,71.89273209181533,0.09403336323404779,4.021763437941922,,,,,,,,,
Mod-Nom-Real,AK,HP,2024-Hlow,764.5449404258283,3074.818888068081,0.558192017861718,130.9713371642163,0.17130626368578053,4.021763437941922,,,,,,,,,
Mod-Nom-Real,AK,HP,2025-Hhigh,764.5449404258283,3074.818888068081,0.558192017861718,57.34875662567628,0.07501031475498977,4.021763437941922,,,,,,,,,
Mod-Nom-Real,AK,HP,2025-Hlow,764.5449404258283,3074.818888068081,0.558192017861718,112.02212996785741,0.14652131489545206,4.021763437941922,,,,,,,,,
Mod-Nom-Real,AK,HP,2030-Hhigh,764.5449404258283,3074.818888068081,0.558192017861718,47.14252652678932,0.06166089661195373,4.021763437941922,,,,,,,,,
Mod-Nom-Real,AK,HP,2030-Hlow,764.5449404258283,3074.818888068081,0.558192017861718,88.20736612938163,0.11537237573013406,4.021763437941922,,,,,,,,,
Mod-Nom-Real,AK,HP,2035-Hhigh,764.5449404258283,3074.818888068081,0.558192017861718,50.54621408438163,0.06611280960963384,4.021763437941922,,,,,,,,,
Mod-Nom-Real,AK,HP,2035-Hlow,764.5449404258283,3074.818888068081,0.558192017861718,81.62237941033854,0.10675942654839539,4.021763437941922,,,,,,,,,
Mod-Nom-Real,AK,HP,2040-Hhigh,764.5449404258283,3074.818888068081,0.558192017861718,56.58305686897314,0.07400880429273143,4.021763437941922,,,,,,,,,
Mod-Nom-Real,AK,HP,2040-Hlow,764.5449404258283,3074.818888068081,0.558192017861718,93.3649383254638,0.1221183129842732,4.021763437941922,,,,,,,,,
Mod-Nom-Real,AK,HP,2045-Hhigh,764.5449404258283,3074.818888068081,0.558192017861718,64.73998236212626,0.08467779843794147,4.021763437941922,,,,,,,,,
Mod-Nom-Real,AK,HP,2045-Hlow,764.5449404258283,3074.818888068081,0.558192017861718,101.0952772448015,0.1322293457183753,4.021763437941922,,,,,,,,,
Mod-H1-Real,AK,HP,2024-Hhigh,529.7986599032018,2185.267240580935,0.437287761196181,48.92167889579923,0.09234013333430777,4.124712661561279,,,,,,,,,
Mod-H1-Real,AK,HP,2024-Hlow,529.7986599032018,2185.267240580935,0.4448133678660364,92.35235084974967,0.17431593893918707,4.124712661561279,,,,,,,,,
Mod-H1-Real,AK,HP,2025-Hhigh,529.7986599032018,2185.267240580935,0.4448133678660364,38.8871534700818,0.07339987133449294,4.124712661561279,,,,,,,,,
Mod-H1-Real,AK,HP,2025-Hlow,529.7986599032018,2185.267240580935,0.4448133678660364,79.14059047677414,0.1493786158146072,4.124712661561279,,,,,,,,,
Mod-H1-Real,AK,HP,2030-Hhigh,529.7986599032018,2185.267240580935,0.4448133678660364,32.025860205614265,0.060449115162853805,4.124712661561279,,,,,,,,,
Mod-H1-Real,AK,HP,2030-Hlow,529.7986599032018,2185.267240580935,0.4448133678660364,62.10523435480025,0.11722421941600861,4.124712661561279,,,,,,,,,
Mod-H1-Real,AK,HP,2035-Hhigh,529.7986599032018,2185.267240580935,0.4448133678660364,34.627032490411956,0.06535885254360321,4.124712661561279,,,,,,,,,
Mod-H1-Real,AK,HP,2035-Hlow,529.7986599032018,2185.267240580935,0.4448133678660364,57.72667239760134,0.10895964215566048,4.124712661561279,,,,,,,,,
Mod-H1-Real,AK,HP,2040-Hhigh,529.7986599032018,2185.267240580935,0.4448133678660364,38.877820214534104,0.07338225472604512,4.124712661561279,,,,,,,,,
Mod-H1-Real,AK,HP,2040-Hlow,529.7986599032018,2185.267240580935,0.4448133678660364,66.2440083154054,0.1250361945564541,4.124712661561279,,,,,,,,,
Mod-H1-Real,AK,HP,2045-Hhigh,529.7986599032018,2185.267240580935,0.4448133678660364,44.41580337812441,0.08383525051996074,4.124712661561279,,,,,,,,,
Mod-H1-Real,AK,HP,2045-Hlow,529.7986599032018,2185.267240580935,0.4448133678660364,71.38652808834517,0.13474274944634254,4.124712661561279,,,,,,,,,
Mod-Nom-Ideal,CH,HP,2024-Hhigh,3135.3836952043225,10923.711684360258,1.383315404454077,310.1949289417369,0.0989336422895197,3.4840111279102626,,,,,,,,,
Mod-Nom-Ideal,CH,HP,2024-Hlow,3135.3836952043225,10923.711684360258,1.41308414312438,512.3253514859994,0.16340116594648962,3.4840111279102626,,,,,,,,,
Mod-Nom-Ideal,CH,HP,2025-Hhigh,3135.3836952043225,10923.711684360258,1.41308414312438,242.59897059945374,0.07737457172164199,3.4840111279102626,,,,,,,,,
Mod-Nom-Ideal,CH,HP,2025-Hlow,3135.3836952043225,10923.711684360258,1.41308414312438,422.51568243383343,0.13475724935359132,3.4840111279102626,,,,,,,,,
Mod-Nom-Ideal,CH,HP,2030-Hhigh,3135.3836952043225,10923.711684360258,1.41308414312438,197.0244599688557,0.06283902677372834,3.4840111279102626,,,,,,,,,
Mod-Nom-Ideal,CH,HP,2030-Hlow,3135.3836952043225,10923.711684360258,1.41308414312438,329.6100482311111,0.1051259049204284,3.4840111279102626,,,,,,,,,
Mod-Nom-Ideal,CH,HP,2035-Hhigh,3135.3836952043225,10923.711684360258,1.41308414312438,210.0252210748553,0.06698549252396002,3.4840111279102626,,,,,,,,,
Mod-Nom-Ideal,CH,HP,2035-Hlow,3135.3836952043225,10923.711684360258,1.41308414312438,310.6786313498027,0.09908791444728005,3.4840111279102626,,,,,,,,,
Mod-Nom-Ideal,CH,HP,2040-Hhigh,3135.3836952043225,10923.711684360258,1.41308414312438,231.21304985175274,0.0737431435283028,3.4840111279102626,,,,,,,,,
Mod-Nom-Ideal,CH,HP,2040-Hlow,3135.3836952043225,10923.711684360258,1.41308414312438,342.6295764889619,0.1092783562704066,3.4840111279102626,,,,,,,,,
Mod-Nom-Ideal,CH,HP,2045-Hhigh,3135.3836952043225,10923.711684360258,1.41308414312438,256.47619582987295,0.0818005771421731,3.4840111279102626,,,,,,,,,
Mod-Nom-Ideal,CH,HP,2045-Hlow,3135.3836952043225,10923.711684360258,1.41308414312438,367.65195334709045,0.11725899892553081,3.4840111279102626,,,,,,,,,
Mod-H1-Ideal,CH,HP,2024-Hhigh,2439.432564620969,8463.566682107588,1.200326943552522,239.80593426027067,0.09830398172844386,3.469481716713341,,,,,,,,,
Mod-H1-Ideal,CH,HP,2024-Hlow,2439.432564620969,8463.566682107588,1.2257133997173715,406.8528299157026,0.16678174909045623,3.469481716713341,,,,,,,,,
Mod-H1-Ideal,CH,HP,2025-Hhigh,2439.432564620969,8463.566682107588,1.2257133997173715,187.68854136769946,0.07693942603281673,3.469481716713341,,,,,,,,,
Mod-H1-Ideal,CH,HP,2025-Hlow,2439.432564620969,8463.566682107588,1.2257133997173715,337.31624425225397,0.1382765193612413,3.469481716713341,,,,,,,,,
Mod-H1-Ideal,CH,HP,2030-Hhigh,2439.432564620969,8463.566682107588,1.2257133997173715,152.64288323230022,0.06257311042169242,3.469481716713341,,,,,,,,,
Mod-H1-Ideal,CH,HP,2030-Hlow,2439.432564620969,8463.566682107588,1.2257133997173715,263.17574940109523,0.10788400270535316,3.469481716713341,,,,,,,,,
Mod-H1-Ideal,CH,HP,2035-Hhigh,2439.432564620969,8463.566682107588,1.2257133997173715,162.7367139104126,0.06671088853636668,3.469481716713341,,,,,,,,,
Mod-H1-Ideal,CH,HP,2035-Hlow,2439.432564620969,8463.566682107588,1.2257133997173715,246.7377446165457,0.10114554843408144,3.469481716713341,,,,,,,,,
Mod-H1-Ideal,CH,HP,2040-Hhigh,2439.432564620969,8463.566682107588,1.2257133997173715,179.35270744417056,0.07352230598431721,3.469481716713341,,,,,,,,,
Mod-H1-Ideal,CH,HP,2040-Hlow,2439.432564620969,8463.566682107588,1.2257133997173715,274.13685232721997,0.1123773029445536,3.469481716713341,,,,,,,,,
Mod-H1-Ideal,CH,HP,2045-Hhigh,2439.432564620969,8463.566682107588,1.2257133997173715,200.10306503106773,0.082028529065799,3.469481716713341,,,,,,,,,
Mod-H1-Ideal,CH,HP,2045-Hlow,2439.432564620969,8463.566682107588,1.2257133997173715,294.02298903141076,0.12052925475195297,3.469481716713341,,,,,,,,,
Mod-Nom-Real,CH,HP,2024-Hhigh,2482.5706613987118,8925.16570083242,1.5244378301287786,251.89537269829012,0.10146553998038835,3.595130579608102,,,,,,,,,
Mod-Nom-Real,CH,HP,2024-Hlow,2482.5706613987118,8925.16570083242,1.5542260074640606,398.8704532089279,0.16066831829237813,3.595130579608102,,,,,,,,,
Mod-Nom-Real,CH,HP,2025-Hhigh,2482.5706613987118,8925.16570083242,1.5542260074640606,199.81423828651776,0.0804868281871743,3.595130579608102,,,,,,,,,
Mod-Nom-Real,CH,HP,2025-Hlow,2482.5706613987118,8925.16570083242,1.5542260074640606,333.90803980945816,0.13450092075982648,3.595130579608102,,,,,,,,,
Mod-Nom-Real,CH,HP,2030-Hhigh,2482.5706613987118,8925.16570083242,1.5542260074640606,161.6661983954049,0.06512048213134047,3.595130579608102,,,,,,,,,
Mod-Nom-Real,CH,HP,2030-Hlow,2482.5706613987118,8925.16570083242,1.5542260074640606,262.1236945195337,0.10558559262593148,3.595130579608102,,,,,,,,,
Mod-Nom-Real,CH,HP,2035-Hhigh,2482.5706613987118,8925.16570083242,1.5542260074640606,167.35389241567424,0.0674115323353515,3.595130579608102,,,,,,,,,
Mod-Nom-Real,CH,HP,2035-Hlow,2482.5706613987118,8925.16570083242,1.5542260074640606,243.2697366105191,0.09799106240684317,3.595130579608102,,,,,,,,,
Mod-Nom-Real,CH,HP,2040-Hhigh,2482.5706613987118,8925.16570083242,1.5542260074640606,181.29007395134633,0.07302514154791678,3.595130579608102,,,,,,,,,
Mod-Nom-Real,CH,HP,2040-Hlow,2482.5706613987118,8925.16570083242,1.5542260074640606,271.7773489476508,0.10947416449146628,3.595130579608102,,,,,,,,,
Mod-Nom-Real,CH,HP,2045-Hhigh,2482.5706613987118,8925.16570083242,1.5542260074640606,206.1285974146932,0.08303030428086898,3.595130579608102,,,,,,,,,
Mod-Nom-Real,CH,HP,2045-Hlow,2482.5706613987118,8925.16570083242,1.5542260074640606,295.6513820051961,0.11909082251001162,3.595130579608102,,,,,,,,,
Mod-H1-Real,CH,HP,2024-Hhigh,2080.3460924693813,7364.595176264991,1.3375750470956225,208.4467180159929,0.10019809625453503,3.540081721461634,,,,,,,,,
Mod-H1-Real,CH,HP,2024-Hlow,2080.3460924693813,7364.595176264991,1.3630412188491372,340.28991300312185,0.16357370258484058,3.540081721461634,,,,,,,,,
Mod-H1-Real,CH,HP,2025-Hhigh,2080.3460924693813,7364.595176264991,1.3630412188491372,164.95657036897526,0.07929284986094357,3.540081721461634,,,,,,,,,
Mod-H1-Real,CH,HP,2025-Hlow,2080.3460924693813,7364.595176264991,1.3630412188491372,285.594296663561,0.13728210786531156,3.540081721461634,,,,,,,,,
Mod-H1-Real,CH,HP,2030-Hhigh,2080.3460924693813,7364.595176264991,1.3630412188491372,133.71763167269637,0.06427662789222387,3.540081721461634,,,,,,,,,
Mod-H1-Real,CH,HP,2030-Hlow,2080.3460924693813,7364.595176264991,1.3630412188491372,224.0162081037067,0.1076821827457557,3.540081721461634,,,,,,,,,
Mod-H1-Real,CH,HP,2035-Hhigh,2080.3460924693813,7364.595176264991,1.3630412188491372,139.18522200810204,0.06690483978215782,3.540081721461634,,,,,,,,,
Mod-H1-Real,CH,HP,2035-Hlow,2080.3460924693813,7364.595176264991,1.3630412188491372,207.54177652177535,0.09976310060766005,3.540081721461634,,,,,,,,,
Mod-H1-Real,CH,HP,2040-Hhigh,2080.3460924693813,7364.595176264991,1.3630412188491372,151.34034175874808,0.07274767516163926,3.540081721461634,,,,,,,,,
Mod-H1-Real,CH,HP,2040-Hlow,2080.3460924693813,7364.595176264991,1.3630412188491372,233.12859377503403,0.11206240856698474,3.540081721461634,,,,,,,,,
Mod-H1-Real,CH,HP,2045-Hhigh,2080.3460924693813,7364.595176264991,1.3630412188491372,172.19768761192657,0.08277357706742297,3.540081721461634,,,,,,,,,
Mod-H1-Real,CH,HP,2045-Hlow,2080.3460924693813,7364.595176264991,1.3630412188491372,252.66157585789648,0.12145170304715304,3.540081721461634,,,,,,,,,
Mass-Nom-Ideal,AK,HP,2024-Hhigh,622.8780313643073,2451.8068836309394,0.3691914919840523,61.59289339475307,0.09888435663695574,3.9362551898975755,,,,,,,,,
Mass-Nom-Ideal,AK,HP,2024-Hlow,622.8780313643073,2451.8068836309394,0.37015996802103296,105.36452697622592,0.16915755841547828,3.9362551898975755,,,,,,,,,
Mass-Nom-Ideal,AK,HP,2025-Hhigh,622.8780313643073,2451.8068836309394,0.37015996802103296,48.74427066481503,0.0782565256925968,3.9362551898975755,,,,,,,,,
Mass-Nom-Ideal,AK,HP,2025-Hlow,622.8780313643073,2451.8068836309394,0.37015996802103296,87.84785628736583,0.14103540639400974,3.9362551898975755,,,,,,,,,
Mass-Nom-Ideal,AK,HP,2030-Hhigh,622.8780313643073,2451.8068836309394,0.37015996802103296,39.85078539290368,0.06397847312999205,3.9362551898975755,,,,,,,,,
Mass-Nom-Ideal,AK,HP,2030-Hlow,622.8780313643073,2451.8068836309394,0.37015996802103296,68.53070359499144,0.11002266919718891,3.9362551898975755,,,,,,,,,
Mass-Nom-Ideal,AK,HP,2035-Hhigh,622.8780313643073,2451.8068836309394,0.37015996802103296,41.86136536992147,0.06720636025359787,3.9362551898975755,,,,,,,,,
Mass-Nom-Ideal,AK,HP,2035-Hlow,622.8780313643073,2451.8068836309394,0.37015996802103296,62.496634272272885,0.1003352681027853,3.9362551898975755,,,,,,,,,
Mass-Nom-Ideal,AK,HP,2040-Hhigh,622.8780313643073,2451.8068836309394,0.37015996802103296,46.11685388106677,0.07403833745758495,3.9362551898975755,,,,,,,,,
Mass-Nom-Ideal,AK,HP,2040-Hlow,622.8780313643073,2451.8068836309394,0.37015996802103296,70.32539631511054,0.11290395996319672,3.9362551898975755,,,,,,,,,
Mass-Nom-Ideal,AK,HP,2045-Hhigh,622.8780313643073,2451.8068836309394,0.37015996802103296,51.516056454125184,0.08270649125525927,3.9362551898975755,,,,,,,,,
Mass-Nom-Ideal,AK,HP,2045-Hlow,622.8780313643073,2451.8068836309394,0.37015996802103296,76.0449275354366,0.12208638562652989,3.9362551898975755,,,,,,,,,
Mass-H1-Ideal,AK,HP,2024-Hhigh,135.95499194893856,538.9339900224929,0.13584818858014883,14.519684646991777,0.10679773091704513,3.964061799399787,,,,,,,,,
Mass-H1-Ideal,AK,HP,2024-Hlow,135.95499194893856,538.9339900224929,0.13584818858014883,24.225191307722866,0.1781853756191701,3.964061799399787,,,,,,,,,
Mass-H1-Ideal,AK,HP,2025-Hhigh,135.95499194893856,538.9339900224929,0.13584818858014883,11.790158414188237,0.0867210408766479,3.964061799399787,,,,,,,,,
Mass-H1-Ideal,AK,HP,2025-Hlow,135.95499194893856,538.9339900224929,0.13584818858014883,20.65032305999933,0.15189087773809068,3.964061799399787,,,,,,,,,
Mass-H1-Ideal,AK,HP,2030-Hhigh,135.95499194893856,538.9339900224929,0.13584818858014883,9.611027202610003,0.07069271282234105,3.964061799399787,,,,,,,,,
Mass-H1-Ideal,AK,HP,2030-Hlow,135.95499194893856,538.9339900224929,0.13584818858014883,16.059381897901893,0.1181227821625955,3.964061799399787,,,,,,,,,
Mass-H1-Ideal,AK,HP,2035-Hhigh,135.95499194893856,538.9339900224929,0.13584818858014883,9.719204877686813,0.07148840022981366,3.964061799399787,,,,,,,,,
Mass-H1-Ideal,AK,HP,2035-Hlow,135.95499194893856,538.9339900224929,0.13584818858014883,13.865152967541508,0.10198340471932747,3.964061799399787,,,,,,,,,
Mass-H1-Ideal,AK,HP,2040-Hhigh,135.95499194893856,538.9339900224929,0.13584818858014883,10.492839292301136,0.07717877175294892,3.964061799399787,,,,,,,,,
Mass-H1-Ideal,AK,HP,2040-Hlow,135.95499194893856,538.9339900224929,0.13584818858014883,15.97511197608156,0.11750294525471658,3.964061799399787,,,,,,,,,
Mass-H1-Ideal,AK,HP,2045-Hhigh,135.95499194893856,538.9339900224929,0.13584818858014883,11.93247340030009,0.08776782102110411,3.964061799399787,,,,,,,,,
Mass-H1-Ideal,AK,HP,2045-Hlow,135.95499194893856,538.9339900224929,0.13584818858014883,17.592610483264643,0.1294002539448644,3.964061799399787,,,,,,,,,
Mass-Nom-Real,AK,HP,2024-Hhigh,537.7658421230735,2154.041102049094,0.3896577579473896,54.53701883559462,0.10141406270856682,4.005537230749064,,,,,,,,,
Mass-Nom-Real,AK,HP,2024-Hlow,537.7658421230735,2154.041102049094,0.3906395561872723,89.61676066259425,0.1666464353868063,4.005537230749064,,,,,,,,,
Mass-Nom-Real,AK,HP,2025-Hhigh,537.7658421230735,2154.041102049094,0.3906395561872723,43.61745835155332,0.08110864419977606,4.005537230749064,,,,,,,,,
Mass-Nom-Real,AK,HP,2025-Hlow,537.7658421230735,2154.041102049094,0.3906395561872723,75.70174026720261,0.14077082316782302,4.005537230749064,,,,,,,,,
Mass-Nom-Real,AK,HP,2030-Hhigh,537.7658421230735,2154.041102049094,0.3906395561872723,35.430269932504245,0.06588419560570685,4.005537230749064,,,,,,,,,
Mass-Nom-Real,AK,HP,2030-Hlow,537.7658421230735,2154.041102049094,0.3906395561872723,59.150211794467204,0.10999250447173259,4.005537230749064,,,,,,,,,
Mass-Nom-Real,AK,HP,2035-Hhigh,537.7658421230735,2154.041102049094,0.3906395561872723,36.30742938794798,0.06751531343941074,4.005537230749064,,,,,,,,,
Mass-Nom-Real,AK,HP,2035-Hlow,537.7658421230735,2154.041102049094,0.3906395561872723,53.235985950762434,0.09899473298748268,4.005537230749064,,,,,,,,,
Mass-Nom-Real,AK,HP,2040-Hhigh,537.7658421230735,2154.041102049094,0.3906395561872723,39.416348307519634,0.07329648932685237,4.005537230749064,,,,,,,,,
Mass-Nom-Real,AK,HP,2040-Hlow,537.7658421230735,2154.041102049094,0.3906395561872723,60.40291687007757,0.1123219664373062,4.005537230749064,,,,,,,,,
Mass-Nom-Real,AK,HP,2045-Hhigh,537.7658421230735,2154.041102049094,0.3906395561872723,44.75441323126731,0.08322286342059036,4.005537230749064,,,,,,,,,
Mass-Nom-Real,AK,HP,2045-Hlow,537.7658421230735,2154.041102049094,0.3906395561872723,65.84369320511688,0.12243933706382161,4.005537230749064,,,,,,,,,
Mass-H1-Real,AK,HP,2024-Hhigh,133.31067684186016,530.277894566634,0.13592193958282436,14.276762445988032,0.10709391613789379,3.977760124912398,,,,,,,,,
Mass-H1-Real,AK,HP,2024-Hlow,133.31067684186016,530.277894566634,0.13592193958282436,23.65910440363814,0.17747343996838125,3.977760124912398,,,,,,,,,
Mass-H1-Real,AK,HP,2025-Hhigh,133.31067684186016,530.277894566634,0.13592193958282436,11.618870191557585,0.08715633636261913,3.977760124912398,,,,,,,,,
Mass-H1-Real,AK,HP,2025-Hlow,133.31067684186016,530.277894566634,0.13592193958282436,20.217335108611785,0.15165578322428447,3.977760124912398,,,,,,,,,
Mass-H1-Real,AK,HP,2030-Hhigh,133.31067684186016,530.277894566634,0.13592193958282436,9.453879641255034,0.07091614764262057,3.977760124912398,,,,,,,,,
Mass-H1-Real,AK,HP,2030-Hlow,133.31067684186016,530.277894566634,0.13592193958282436,15.721957800429722,0.11793472340613724,3.977760124912398,,,,,,,,,
Mass-H1-Real,AK,HP,2035-Hhigh,133.31067684186016,530.277894566634,0.13592193958282436,9.509470805084765,0.07133315223030019,3.977760124912398,,,,,,,,,
Mass-H1-Real,AK,HP,2035-Hlow,133.31067684186016,530.277894566634,0.13592193958282436,13.541459884369162,0.1015782096765792,3.977760124912398,,,,,,,,,
Mass-H1-Real,AK,HP,2040-Hhigh,133.31067684186016,530.277894566634,0.13592193958282436,10.244289732822342,0.07684523082104394,3.977760124912398,,,,,,,,,
Mass-H1-Real,AK,HP,2040-Hlow,133.31067684186016,530.277894566634,0.13592193958282436,15.626243016544322,0.117216740524699,3.977760124912398,,,,,,,,,
Mass-H1-Real,AK,HP,2045-Hhigh,133.31067684186016,530.277894566634,0.13592193958282436,11.674667423066666,0.08757488672055685,3.977760124912398,,,,,,,,,
Mass-H1-Real,AK,HP,2045-Hlow,133.31067684186016,530.277894566634,0.13592193958282436,17.21328022478925,0.12912154249436833,3.977760124912398,,,,,,,,,
Mass-Nom-Ideal,CH,HP,2024-Hhigh,1990.511485093362,6756.82744202727,0.8348495856790726,206.7320099517899,0.10385873756568326,3.3945181892333323,,,,,,,,,
Mass-Nom-Ideal,CH,HP,2024-Hlow,1990.511485093362,6756.82744202727,0.8503331514469272,316.00273356777353,0.15875453918968566,3.3945181892333323,,,,,,,,,
Mass-Nom-Ideal,CH,HP,2025-Hhigh,1990.511485093362,6756.82744202727,0.8503331514469272,162.00615574017763,0.08138920923261037,3.3945181892333323,,,,,,,,,
Mass-Nom-Ideal,CH,HP,2025-Hlow,1990.511485093362,6756.82744202727,0.8503331514469272,258.6697073397656,0.1299513764562042,3.3945181892333323,,,,,,,,,
Mass-Nom-Ideal,CH,HP,2030-Hhigh,1990.511485093362,6756.82744202727,0.8503331514469272,130.18638139426815,0.06540348165243666,3.3945181892333323,,,,,,,,,
Mass-Nom-Ideal,CH,HP,2030-Hlow,1990.511485093362,6756.82744202727,0.8503331514469272,200.6972046861638,0.10082695135856018,3.3945181892333323,,,,,,,,,
Mass-Nom-Ideal,CH,HP,2035-Hhigh,1990.511485093362,6756.82744202727,0.8503331514469272,135.1281031333578,0.06788612080126723,3.3945181892333323,,,,,,,,,
Mass-Nom-Ideal,CH,HP,2035-Hlow,1990.511485093362,6756.82744202727,0.8503331514469272,186.6534036040203,0.09377157831132313,3.3945181892333323,,,,,,,,,
Mass-Nom-Ideal,CH,HP,2040-Hhigh,1990.511485093362,6756.82744202727,0.8503331514469272,145.96592866646594,0.07333086483528611,3.3945181892333323,,,,,,,,,
Mass-Nom-Ideal,CH,HP,2040-Hlow,1990.511485093362,6756.82744202727,0.8503331514469272,203.03773653840435,0.10200279579340442,3.3945181892333323,,,,,,,,,
Mass-Nom-Ideal,CH,HP,2045-Hhigh,1990.511485093362,6756.82744202727,0.8503331514469272,160.30125443641452,0.08053269505696715,3.3945181892333323,,,,,,,,,
Mass-Nom-Ideal,CH,HP,2045-Hlow,1990.511485093362,6756.82744202727,0.8503331514469272,218.67213256115002,0.10985725739276181,3.3945181892333323,,,,,,,,,
Mass-H1-Ideal,CH,HP,2024-Hhigh,584.3428323936963,1918.6507080288188,0.4295144949068596,66.2425853284777,0.11336253592282841,3.2834332889295084,,,,,,,,,
Mass-H1-Ideal,CH,HP,2024-Hlow,584.3428323936963,1918.6507080288188,0.4348691032762066,103.26169913791139,0.1767142393360267,3.2834332889295084,,,,,,,,,
Mass-H1-Ideal,CH,HP,2025-Hhigh,584.3428323936963,1918.6507080288188,0.4348691032762066,52.94937139349383,0.09061353790649324,3.2834332889295084,,,,,,,,,
Mass-H1-Ideal,CH,HP,2025-Hlow,584.3428323936963,1918.6507080288188,0.4348691032762066,86.50030405314197,0.14803005916715528,3.2834332889295084,,,,,,,,,
Mass-H1-Ideal,CH,HP,2030-Hhigh,584.3428323936963,1918.6507080288188,0.4348691032762066,42.40858450172877,0.07257483475583444,3.2834332889295084,,,,,,,,,
Mass-H1-Ideal,CH,HP,2030-Hlow,584.3428323936963,1918.6507080288188,0.4348691032762066,66.90498749257833,0.11449612074218381,3.2834332889295084,,,,,,,,,
Mass-H1-Ideal,CH,HP,2035-Hhigh,584.3428323936963,1918.6507080288188,0.4348691032762066,42.827627691880934,0.07329195348635022,3.2834332889295084,,,,,,,,,
Mass-H1-Ideal,CH,HP,2035-Hlow,584.3428323936963,1918.6507080288188,0.4348691032762066,59.55431912764503,0.10191674446264241,3.2834332889295084,,,,,,,,,
Mass-H1-Ideal,CH,HP,2040-Hhigh,584.3428323936963,1918.6507080288188,0.4348691032762066,45.5974960247108,0.07803209605211663,3.2834332889295084,,,,,,,,,
Mass-H1-Ideal,CH,HP,2040-Hlow,584.3428323936963,1918.6507080288188,0.4348691032762066,66.38952182210447,0.11361399189264815,3.2834332889295084,,,,,,,,,
Mass-H1-Ideal,CH,HP,2045-Hhigh,584.3428323936963,1918.6507080288188,0.4348691032762066,50.935382855627715,0.08716695068711035,3.2834332889295084,,,,,,,,,
Mass-H1-Ideal,CH,HP,2045-Hlow,584.3428323936963,1918.6507080288188,0.4348691032762066,72.14195326449367,0.12345826673182944,3.2834332889295084,,,,,,,,,
Mass-Nom-Real,CH,HP,2024-Hhigh,1576.4882790668553,5534.237892551646,0.9828903175963857,168.60885376113538,0.10695217719026572,3.510484642377066,,,,,,,,,
Mass-Nom-Real,CH,HP,2024-Hlow,1576.4882790668553,5534.237892551646,0.9984948775988937,247.8533856597422,0.1572186669262457,3.510484642377066,,,,,,,,,
Mass-Nom-Real,CH,HP,2025-Hhigh,1576.4882790668553,5534.237892551646,0.9984948775988937,134.0431069147616,0.08502638978965549,3.510484642377066,,,,,,,,,
Mass-Nom-Real,CH,HP,2025-Hlow,1576.4882790668553,5534.237892551646,0.9984948775988937,206.3627109207118,0.13090025067795663,3.510484642377066,,,,,,,,,
Mass-Nom-Real,CH,HP,2030-Hhigh,1576.4882790668553,5534.237892551646,0.9984948775988937,107.18285660489263,0.0679883625067835,3.510484642377066,,,,,,,,,
Mass-Nom-Real,CH,HP,2030-Hlow,1576.4882790668553,5534.237892551646,0.9984948775988937,160.80191037425058,0.10200006718060181,3.510484642377066,,,,,,,,,
Mass-Nom-Real,CH,HP,2035-Hhigh,1576.4882790668553,5534.237892551646,0.9984948775988937,107.33224291292093,0.06808312141492884,3.510484642377066,,,,,,,,,
Mass-Nom-Real,CH,HP,2035-Hlow,1576.4882790668553,5534.237892551646,0.9984948775988937,145.9167150163229,0.09255807160373751,3.510484642377066,,,,,,,,,
Mass-Nom-Real,CH,HP,2040-Hhigh,1576.4882790668553,5534.237892551646,0.9984948775988937,113.63963141529527,0.07208403191082403,3.510484642377066,,,,,,,,,
Mass-Nom-Real,CH,HP,2040-Hlow,1576.4882790668553,5534.237892551646,0.9984948775988937,161.27146792897204,0.10229791751095721,3.510484642377066,,,,,,,,,
Mass-Nom-Real,CH,HP,2045-Hhigh,1576.4882790668553,5534.237892551646,0.9984948775988937,128.35829233043535,0.08142039115343906,3.510484642377066,,,,,,,,,
Mass-Nom-Real,CH,HP,2045-Hlow,1576.4882790668553,5534.237892551646,0.9984948775988937,176.3679079899938,0.11187391008982848,3.510484642377066,,,,,,,,,
Mass-H1-Real,CH,HP,2024-Hhigh,540.1156813347023,1797.9505396109193,0.4836241052351403,62.172515719527944,0.11510962904444998,3.328824919817045,,,,,,,,,
Mass-H1-Real,CH,HP,2024-Hlow,540.1156813347023,1797.9505396109193,0.48904129946396724,94.67335662441081,0.17528348073594074,3.328824919817045,,,,,,,,,
Mass-H1-Real,CH,HP,2025-Hhigh,540.1156813347023,1797.9505396109193,0.48904129946396724,50.23939248650911,0.09301598569099208,3.328824919817045,,,,,,,,,
Mass-H1-Real,CH,HP,2025-Hlow,540.1156813347023,1797.9505396109193,0.48904129946396724,80.15711884572578,0.14840731646162575,3.328824919817045,,,,,,,,,
Mass-H1-Real,CH,HP,2030-Hhigh,540.1156813347023,1797.9505396109193,0.48904129946396724,40.10360829701881,0.07425003509973477,3.328824919817045,,,,,,,,,
Mass-H1-Real,CH,HP,2030-Hlow,540.1156813347023,1797.9505396109193,0.48904129946396724,62.1451719028485,0.11505900319220316,3.328824919817045,,,,,,,,,
Mass-H1-Real,CH,HP,2035-Hhigh,540.1156813347023,1797.9505396109193,0.48904129946396724,39.61228683864132,0.07334037541875056,3.328824919817045,,,,,,,,,
Mass-H1-Real,CH,HP,2035-Hlow,540.1156813347023,1797.9505396109193,0.48904129946396724,54.42231795113584,0.10076048489584784,3.328824919817045,,,,,,,,,
Mass-H1-Real,CH,HP,2040-Hhigh,540.1156813347023,1797.9505396109193,0.48904129946396724,41.667960031447954,0.07714636229127901,3.328824919817045,,,,,,,,,
Mass-H1-Real,CH,HP,2040-Hlow,540.1156813347023,1797.9505396109193,0.48904129946396724,61.417521952247945,0.11371179188961252,3.328824919817045,,,,,,,,,
Mass-H1-Real,CH,HP,2045-Hhigh,540.1156813347023,1797.9505396109193,0.48904129946396724,47.26163707780031,0.0875028048824839,3.328824919817045,,,,,,,,,
Mass-H1-Real,CH,HP,2045-Hlow,540.1156813347023,1797.9505396109193,0.48904129946396724,67.2285802770136,0.1244707061844275,3.328824919817045,,,,,,,,,
,,,2024-Hhigh,1009.8000000000001,1009.7747841269363,0.16379310344827588,79.77860639419798,0.07900436363061791,,1,R,135,288.6630761683829,941.0404560935588,96.0,,,
,,,2024-Hlow,1009.8000000000001,1009.7747841269363,0.16551724137931034,105.40525315119781,0.10438230654703684,,1,R,135,288.6630761683829,941.0404560935588,96.0,,,
,,,2025-Hhigh,1009.8000000000001,1009.7747841269363,0.16551724137931034,56.725815430829584,0.05617529751518081,,1,R,135,288.6630761683829,941.0404560935588,96.0,,,
,,,2025-Hlow,1009.8000000000001,1009.7747841269363,0.16551724137931034,77.73769268070414,0.0769832567644129,,1,R,135,288.6630761683829,941.0404560935588,96.0,,,
,,,2030-Hhigh,1009.8000000000001,1009.7747841269363,0.16551724137931034,44.01745157903531,0.04359026696279987,,1,R,135,288.6630761683829,941.0404560935588,96.0,,,
,,,2030-Hlow,1009.8000000000001,1009.7747841269363,0.16551724137931034,59.79847617600548,0.05921813841949443,,1,R,135,288.6630761683829,941.0404560935588,96.0,,,
,,,2035-Hhigh,1009.8000000000001,1009.7747841269363,0.16551724137931034,47.107361318419855,0.04665018946169524,,1,R,135,288.6630761683829,941.0404560935588,96.0,,,
,,,2035-Hlow,1009.8000000000001,1009.7747841269363,0.16551724137931034,61.63126331222989,0.0610331385543968,,1,R,135,288.6630761683829,941.0404560935588,96.0,,,
,,,2040-Hhigh,1009.8000000000001,1009.7747841269363,0.16551724137931034,48.92980618736589,0.048454947699906804,,1,R,135,288.6630761683829,941.0404560935588,96.0,,,
,,,2040-Hlow,1009.8000000000001,1009.7747841269363,0.16551724137931034,63.53523801914883,0.06291863539230425,,1,R,135,288.6630761683829,941.0404560935588,96.0,,,
,,,2045-Hhigh,1009.8000000000001,1009.7747841269363,0.16551724137931034,52.27810365424675,0.05177075030129406,,1,R,135,288.6630761683829,941.0404560935588,96.0,,,
,,,2045-Hlow,1009.8000000000001,1009.7747841269363,0.16551724137931034,67.29924034110601,0.0666461084780214,,1,R,135,288.6630761683829,941.0404560935588,96.0,,,
,,,2024-Hhigh,1049.3,1049.3890715157713,0.16551724137931034,82.95196627138739,0.07905457568987648,,1,Ro,162,327.69131686034484,437.0346967187187,97.0,,,
,,,2024-Hlow,1049.3,1049.3890715157713,0.17068965517241377,109.52156062908693,0.10437583210624887,,1,Ro,162,327.69131686034484,437.0346967187187,97.0,,,
,,,2025-Hhigh,1049.3,1049.3890715157713,0.17068965517241377,59.06914690893061,0.05629385962921053,,1,Ro,162,327.69131686034484,437.0346967187187,97.0,,,
,,,2025-Hlow,1049.3,1049.3890715157713,0.17068965517241377,80.8300314518606,0.07703233722658974,,1,Ro,162,327.69131686034484,437.0346967187187,97.0,,,
,,,2030-Hhigh,1049.3,1049.3890715157713,0.17068965517241377,45.85718601121072,0.043702645583923304,,1,Ro,162,327.69131686034484,437.0346967187187,97.0,,,
,,,2030-Hlow,1049.3,1049.3890715157713,0.17068965517241377,62.237682611093746,0.05931352578966335,,1,Ro,162,327.69131686034484,437.0346967187187,97.0,,,
,,,2035-Hhigh,1049.3,1049.3890715157713,0.17068965517241377,49.24248372450841,0.04692888947346651,,1,Ro,162,327.69131686034484,437.0346967187187,97.0,,,
,,,2035-Hlow,1049.3,1049.3890715157713,0.17068965517241377,64.06898093265815,0.06105878293401139,,1,Ro,162,327.69131686034484,437.0346967187187,97.0,,,
,,,2040-Hhigh,1049.3,1049.3890715157713,0.17068965517241377,51.0299806116783,0.048632403137023064,,1,Ro,162,327.69131686034484,437.0346967187187,97.0,,,
,,,2040-Hlow,1049.3,1049.3890715157713,0.17068965517241377,65.9367843751531,0.06283883005351482,,1,Ro,162,327.69131686034484,437.0346967187187,97.0,,,
,,,2045-Hhigh,1049.3,1049.3890715157713,0.17068965517241377,54.58184981857729,0.05201739237451376,,1,Ro,162,327.69131686034484,437.0346967187187,97.0,,,
,,,2045-Hlow,1049.3,1049.3890715157713,0.17068965517241377,69.90785336454525,0.06662332351524373,,1,Ro,162,327.69131686034484,437.0346967187187,97.0,,,
,,,2024-Hhigh,1486.3000000000002,1486.2790963901361,0.15172413793103448,118.3005859587774,0.07959401598518293,,2,R,135,284.91228772596924,229.06469397973515,144.0,,,
,,,2024-Hlow,1486.3000000000002,1486.2790963901361,0.15862068965517243,156.47459663080318,0.10527793623817745,,2,R,135,284.91228772596924,229.06469397973515,144.0,,,
,,,2025-Hhigh,1486.3000000000002,1486.2790963901361,0.15862068965517243,84.52858844362737,0.056871821599695456,,2,R,135,284.91228772596924,229.06469397973515,144.0,,,
,,,2025-Hlow,1486.3000000000002,1486.2790963901361,0.15862068965517243,117.60286869980948,0.07912458366400421,,2,R,135,284.91228772596924,229.06469397973515,144.0,,,
,,,2030-Hhigh,1486.3000000000002,1486.2790963901361,0.15862068965517243,66.26819277432125,0.04458601411176831,,2,R,135,284.91228772596924,229.06469397973515,144.0,,,
,,,2030-Hlow,1486.3000000000002,1486.2790963901361,0.15862068965517243,90.19861298604945,0.06068668033778473,,2,R,135,284.91228772596924,229.06469397973515,144.0,,,
,,,2035-Hhigh,1486.3000000000002,1486.2790963901361,0.15862068965517243,69.18753197898837,0.04655017962658169,,2,R,135,284.91228772596924,229.06469397973515,144.0,,,
,,,2035-Hlow,1486.3000000000002,1486.2790963901361,0.15862068965517243,90.89300227475968,0.061153873561703334,,2,R,135,284.91228772596924,229.06469397973515,144.0,,,
,,,2040-Hhigh,1486.3000000000002,1486.2790963901361,0.15862068965517243,71.82583822664614,0.048325262885451206,,2,R,135,284.91228772596924,229.06469397973515,144.0,,,
,,,2040-Hlow,1486.3000000000002,1486.2790963901361,0.15862068965517243,94.35344410483302,0.0634820992429745,,2,R,135,284.91228772596924,229.06469397973515,144.0,,,
,,,2045-Hhigh,1486.3000000000002,1486.2790963901361,0.15862068965517243,76.66804823401986,0.05158315833547726,,2,R,135,284.91228772596924,229.06469397973515,144.0,,,
,,,2045-Hlow,1486.3000000000002,1486.2790963901361,0.15862068965517243,99.97959353828587,0.06726743829528753,,2,R,135,284.91228772596924,229.06469397973515,144.0,,,
,,,2024-Hhigh,1525.1,1525.1150595859226,0.16206896551724137,121.51011365666206,0.07967353855921715,,2,Ro,162,323.4818995859226,0.0,5.0,,,
,,,2024-Hlow,1525.1,1525.1150595859226,0.17068965517241377,160.6013114512773,0.10530543010378159,,2,Ro,162,323.4818995859226,0.0,5.0,,,
,,,2025-Hhigh,1525.1,1525.1150595859226,0.17068965517241377,86.86186765743865,0.05695486699720586,,2,Ro,162,323.4818995859226,0.0,5.0,,,
,,,2025-Hlow,1525.1,1525.1150595859226,0.17068965517241377,120.72277488721726,0.07915728469426088,,2,Ro,162,323.4818995859226,0.0,5.0,,,
,,,2030-Hhigh,1525.1,1525.1150595859226,0.17068965517241377,68.1425197642891,0.044680689636279004,,2,Ro,162,323.4818995859226,0.0,5.0,,,
,,,2030-Hlow,1525.1,1525.1150595859226,0.17068965517241377,92.54779034418027,0.06068309641609093,,2,Ro,162,323.4818995859226,0.0,5.0,,,
,,,2035-Hhigh,1525.1,1525.1150595859226,0.17068965517241377,71.0577130044877,0.04659216641825959,,2,Ro,162,323.4818995859226,0.0,5.0,,,
,,,2035-Hlow,1525.1,1525.1150595859226,0.17068965517241377,93.23408181432053,0.061133094101580576,,2,Ro,162,323.4818995859226,0.0,5.0,,,
,,,2040-Hhigh,1525.1,1525.1150595859226,0.17068965517241377,73.75064060142338,0.04835790479406163,,2,Ro,162,323.4818995859226,0.0,5.0,,,
,,,2040-Hlow,1525.1,1525.1150595859226,0.17068965517241377,96.66106613643883,0.06338014958785577,,2,Ro,162,323.4818995859226,0.0,5.0,,,
,,,2045-Hhigh,1525.1,1525.1150595859226,0.17068965517241377,78.71269151586868,0.051611495322187846,,2,Ro,162,323.4818995859226,0.0,5.0,,,
,,,2045-Hlow,1525.1,1525.1150595859226,0.17068965517241377,102.43269219686152,0.06716457425536787,,2,Ro,162,323.4818995859226,0.0,5.0,,,
,,,2024-Hhigh,2028.5,2028.6080195478958,0.4620689655172414,163.67991599751502,0.08069012373552627,,3,R,180,352.72565547961256,37.152736306333914,48.0,,,
,,,2024-Hlow,2028.5,2028.6080195478958,0.41206896551724137,218.18119773965265,0.10755789881175876,,3,R,180,352.72565547961256,37.152736306333914,48.0,,,
,,,2025-Hhigh,2028.5,2028.6080195478958,0.41206896551724137,118.85476783648906,0.05859244162508704,,3,R,180,352.72565547961256,37.152736306333914,48.0,,,
,,,2025-Hlow,2028.5,2028.6080195478958,0.41206896551724137,163.63391142615882,0.08066744462714262,,3,R,180,352.72565547961256,37.152736306333914,48.0,,,
,,,2030-Hhigh,2028.5,2028.6080195478958,0.41206896551724137,93.15820371736258,0.045924675236560304,,3,R,180,352.72565547961256,37.152736306333914,48.0,,,
,,,2030-Hlow,2028.5,2028.6080195478958,0.41206896551724137,126.37780793711616,0.06230111310678638,,3,R,180,352.72565547961256,37.152736306333914,48.0,,,
,,,2035-Hhigh,2028.5,2028.6080195478958,0.41206896551724137,96.1317418554362,0.04739055551167671,,3,R,180,352.72565547961256,37.152736306333914,48.0,,,
,,,2035-Hlow,2028.5,2028.6080195478958,0.41206896551724137,126.46815196637496,0.06234565046407442,,3,R,180,352.72565547961256,37.152736306333914,48.0,,,
,,,2040-Hhigh,2028.5,2028.6080195478958,0.41206896551724137,100.10447726869653,0.04934901516820139,,3,R,180,352.72565547961256,37.152736306333914,48.0,,,
,,,2040-Hlow,2028.5,2028.6080195478958,0.41206896551724137,133.5872165321756,0.06585517206417334,,3,R,180,352.72565547961256,37.152736306333914,48.0,,,
,,,2045-Hhigh,2028.5,2028.6080195478958,0.41206896551724137,107.44307972436745,0.052966763482557286,,3,R,180,352.72565547961256,37.152736306333914,48.0,,,
,,,2045-Hlow,2028.5,2028.6080195478958,0.41206896551724137,140.12074673544396,0.06907603980056394,,3,R,180,352.72565547961256,37.152736306333914,48.0,,,
,,,2024-Hhigh,2092.9,2092.9852925285027,0.4948275862068966,168.8450300377162,0.08067515411042869,,3,Ro,216,417.05972808405903,0.0,0.0,,,
,,,2024-Hlow,2092.9,2092.9852925285027,0.4482758620689655,224.91776362882882,0.10746703790378366,,3,Ro,216,417.05972808405903,0.0,0.0,,,
,,,2025-Hhigh,2092.9,2092.9852925285027,0.4482758620689655,122.68165950976781,0.0586180226048869,,3,Ro,216,417.05972808405903,0.0,0.0,,,
,,,2025-Hlow,2092.9,2092.9852925285027,0.4482758620689655,168.62728114864666,0.08057111240319492,,3,Ro,216,417.05972808405903,0.0,0.0,,,
,,,2030-Hhigh,2092.9,2092.9852925285027,0.4482758620689655,96.21494713370058,0.045972070874719564,,3,Ro,216,417.05972808405903,0.0,0.0,,,
,,,2030-Hlow,2092.9,2092.9852925285027,0.4482758620689655,130.36139482372235,0.06228744556535064,,3,Ro,216,417.05972808405903,0.0,0.0,,,
,,,2035-Hhigh,2092.9,2092.9852925285027,0.4482758620689655,99.33936079926434,0.04746493420577397,,3,Ro,216,417.05972808405903,0.0,0.0,,,
,,,2035-Hlow,2092.9,2092.9852925285027,0.4482758620689655,130.2683866002599,0.06224300568601457,,3,Ro,216,417.05972808405903,0.0,0.0,,,
,,,2040-Hhigh,2092.9,2092.9852925285027,0.4482758620689655,103.32021138938765,0.04936700816541051,,3,Ro,216,417.05972808405903,0.0,0.0,,,
,,,2040-Hlow,2092.9,2092.9852925285027,0.4482758620689655,137.38795015323203,0.06564477526553204,,3,Ro,216,417.05972808405903,0.0,0.0,,,
,,,2045-Hhigh,2092.9,2092.9852925285027,0.4482758620689655,111.0450061364813,0.05305796078956534,,3,Ro,216,417.05972808405903,0.0,0.0,,,
,,,2045-Hlow,2092.9,2092.9852925285027,0.4482758620689655,144.21612157772188,0.06890731596240712,,3,Ro,216,417.05972808405903,0.0,0.0,,,
,,,2024-Hhigh,2731.2,2731.3125786529554,0.4931034482758621,225.7484519324327,0.08265540858686024,,4,R,300,575.9721860603626,0.0,0.0,,,
,,,2024-Hlow,2731.2,2731.3125786529554,0.4810344827586207,286.1424756929917,0.10476804177394249,,4,R,300,575.9721860603626,0.0,0.0,,,
,,,2025-Hhigh,2731.2,2731.3125786529554,0.4810344827586207,160.69686755786176,0.05883745883050007,,4,R,300,575.9721860603626,0.0,0.0,,,
,,,2025-Hlow,2731.2,2731.3125786529554,0.4810344827586207,212.9866159292921,0.07798279727932488,,4,R,300,575.9721860603626,0.0,0.0,,,
,,,2030-Hhigh,2731.2,2731.3125786529554,0.4810344827586207,123.86977346009537,0.04535360774022239,,4,R,300,575.9721860603626,0.0,0.0,,,
,,,2030-Hlow,2731.2,2731.3125786529554,0.4810344827586207,164.5633103105853,0.06025311596023188,,4,R,300,575.9721860603626,0.0,0.0,,,
,,,2035-Hhigh,2731.2,2731.3125786529554,0.4810344827586207,128.4800707584893,0.047041619346254136,,4,R,300,575.9721860603626,0.0,0.0,,,
,,,2035-Hlow,2731.2,2731.3125786529554,0.4810344827586207,164.1122300364953,0.060087957687644744,,4,R,300,575.9721860603626,0.0,0.0,,,
,,,2040-Hhigh,2731.2,2731.3125786529554,0.4810344827586207,132.60848056004838,0.04855319294084959,,4,R,300,575.9721860603626,0.0,0.0,,,
,,,2040-Hlow,2731.2,2731.3125786529554,0.4810344827586207,168.9194885134403,0.06184808454651447,,4,R,300,575.9721860603626,0.0,0.0,,,
,,,2045-Hhigh,2731.2,2731.3125786529554,0.4810344827586207,141.60628667113468,0.05184764450466267,,4,R,300,575.9721860603626,0.0,0.0,,,
,,,2045-Hlow,2731.2,2731.3125786529554,0.4810344827586207,180.2394540237059,0.06599277021957597,,4,R,300,575.9721860603626,0.0,0.0,,,
,,,2024-Hhigh,2847.2,2847.2279246596777,0.49137931034482757,235.3019398511215,0.08264327755377968,,4,Ro,360,691.8875320670849,0.0,0.0,,,
,,,2024-Hlow,2847.2,2847.2279246596777,0.4827586206896552,298.2484246068225,0.1047514837759281,,4,Ro,360,691.8875320670849,0.0,0.0,,,
,,,2025-Hhigh,2847.2,2847.2279246596777,0.4827586206896552,167.82459802694808,0.058943733502018855,,4,Ro,360,691.8875320670849,0.0,0.0,,,
,,,2025-Hlow,2847.2,2847.2279246596777,0.4827586206896552,222.33214567968386,0.07808799721820872,,4,Ro,360,691.8875320670849,0.0,0.0,,,
,,,2030-Hhigh,2847.2,2847.2279246596777,0.4827586206896552,129.49374070042134,0.04548108341543318,,4,Ro,360,691.8875320670849,0.0,0.0,,,
,,,2030-Hlow,2847.2,2847.2279246596777,0.4827586206896552,171.55084093661247,0.06025247293362338,,4,Ro,360,691.8875320670849,0.0,0.0,,,
,,,2035-Hhigh,2847.2,2847.2279246596777,0.4827586206896552,134.03248299313964,0.04707519071127411,,4,Ro,360,691.8875320670849,0.0,0.0,,,
,,,2035-Hlow,2847.2,2847.2279246596777,0.4827586206896552,171.11883886431292,0.06010074419229872,,4,Ro,360,691.8875320670849,0.0,0.0,,,
,,,2040-Hhigh,2847.2,2847.2279246596777,0.4827586206896552,138.30319733175884,0.048575160625090916,,4,Ro,360,691.8875320670849,0.0,0.0,,,
,,,2040-Hlow,2847.2,2847.2279246596777,0.4827586206896552,176.3355475795483,0.0619329683828141,,4,Ro,360,691.8875320670849,0.0,0.0,,,
,,,2045-Hhigh,2847.2,2847.2279246596777,0.4827586206896552,148.0875712696902,0.05201165048809012,,4,Ro,360,691.8875320670849,0.0,0.0,,,
,,,2045-Hlow,2847.2,2847.2279246596777,0.4827586206896552,187.994854504161,0.06602797643444823,,4,Ro,360,691.8875320670849,0.0,0.0,,,
,,,2024-Hhigh,3208.65,3208.894841460051,0.6482758620689655,267.6574640339382,0.0834174696629231,,5,R,300,574.1272177563471,0.0,0.0,,,
,,,2024-Hlow,3208.65,3208.894841460051,0.6862068965517242,336.9219519526537,0.10500427031700364,,5,R,300,574.1272177563471,0.0,0.0,,,
,,,2025-Hhigh,3208.65,3208.894841460051,0.6862068965517242,191.31277268802867,0.0596240701503837,,5,R,300,574.1272177563471,0.0,0.0,,,
,,,2025-Hlow,3208.65,3208.894841460051,0.6862068965517242,249.53682167311536,0.07777003464794083,,5,R,300,574.1272177563471,0.0,0.0,,,
,,,2030-Hhigh,3208.65,3208.894841460051,0.6862068965517242,149.0416361570162,0.0464499512745286,,5,R,300,574.1272177563471,0.0,0.0,,,
,,,2030-Hlow,3208.65,3208.894841460051,0.6862068965517242,192.22875252390747,0.05990954218250899,,5,R,300,574.1272177563471,0.0,0.0,,,
,,,2035-Hhigh,3208.65,3208.894841460051,0.6862068965517242,153.05517069645785,0.04770079961867385,,5,R,300,574.1272177563471,0.0,0.0,,,
,,,2035-Hlow,3208.65,3208.894841460051,0.6862068965517242,192.18753657738927,0.05989669692156803,,5,R,300,574.1272177563471,0.0,0.0,,,
,,,2040-Hhigh,3208.65,3208.894841460051,0.6862068965517242,158.42482197733284,0.04937429198489484,,5,R,300,574.1272177563471,0.0,0.0,,,
,,,2040-Hlow,3208.65,3208.894841460051,0.6862068965517242,202.44529229761827,0.0630936039448423,,5,R,300,574.1272177563471,0.0,0.0,,,
,,,2045-Hhigh,3208.65,3208.894841460051,0.6862068965517242,169.83451100262604,0.05293020772057595,,5,R,300,574.1272177563471,0.0,0.0,,,
,,,2045-Hlow,3208.65,3208.894841460051,0.6862068965517242,214.6429755433679,0.06689510402922347,,5,R,300,574.1272177563471,0.0,0.0,,,
,,,2024-Hhigh,3324.15,3324.3940525519356,0.7,276.73028608631455,0.08324843526504958,,5,Ro,360,689.6264288482317,0.0,0.0,,,
,,,2024-Hlow,3324.15,3324.3940525519356,0.743103448275862,348.72415807107416,0.10490626417913576,,5,Ro,360,689.6264288482317,0.0,0.0,,,
,,,2025-Hhigh,3324.15,3324.3940525519356,0.743103448275862,198.2505268868453,0.059639464791554325,,5,Ro,360,689.6264288482317,0.0,0.0,,,
,,,2025-Hlow,3324.15,3324.3940525519356,0.743103448275862,258.6041539140455,0.0777955729777674,,5,Ro,360,689.6264288482317,0.0,0.0,,,
,,,2030-Hhigh,3324.15,3324.3940525519356,0.743103448275862,154.44037489641602,0.04646011007217364,,5,Ro,360,689.6264288482317,0.0,0.0,,,
,,,2030-Hlow,3324.15,3324.3940525519356,0.743103448275862,199.14641369256796,0.05990897332929259,,5,Ro,360,689.6264288482317,0.0,0.0,,,
,,,2035-Hhigh,3324.15,3324.3940525519356,0.743103448275862,158.85289005606091,0.04778752163893354,,5,Ro,360,689.6264288482317,0.0,0.0,,,
,,,2035-Hlow,3324.15,3324.3940525519356,0.743103448275862,199.41532913991685,0.05998987083612859,,5,Ro,360,689.6264288482317,0.0,0.0,,,
,,,2040-Hhigh,3324.15,3324.3940525519356,0.743103448275862,164.36508515573615,0.04944574858406996,,5,Ro,360,689.6264288482317,0.0,0.0,,,
,,,2040-Hlow,3324.15,3324.3940525519356,0.743103448275862,209.73927202065894,0.06309561001178014,,5,Ro,360,689.6264288482317,0.0,0.0,,,
,,,2045-Hhigh,3324.15,3324.3940525519356,0.743103448275862,176.23707261348864,0.053017184126314586,,5,Ro,360,689.6264288482317,0.0,0.0,,,
,,,2045-Hlow,3324.15,3324.3940525519356,0.743103448275862,222.3991488123922,0.06690406534373966,,5,Ro,360,689.6264288482317,0.0,0.0,,,
,AK,,2024-Hhigh,246.0223328758283,1045.1411360470563,0.041866810945905934,19.567956789171156,0.07953731907357954,4.248155538686632,1,HP,135,323.51266410046316,496.6184883574883,78.0,,,
,AK,,2024-Hlow,246.0223328758283,1045.1411360470563,0.04191527961026113,26.432426606498137,0.10743913488471404,4.248155538686632,1,HP,135,323.51266410046316,496.6184883574883,78.0,,,
,AK,,2025-Hhigh,246.0223328758283,1045.1411360470563,0.04191527961026113,13.958188131346366,0.05673545148598889,4.248155538686632,1,HP,135,323.51266410046316,496.6184883574883,78.0,,,
,AK,,2025-Hlow,246.0223328758283,1045.1411360470563,0.04191527961026113,19.63124611523069,0.07979456940252216,4.248155538686632,1,HP,135,323.51266410046316,496.6184883574883,78.0,,,
,AK,,2030-Hhigh,246.0223328758283,1045.1411360470563,0.04191527961026113,10.875297852052185,0.04420451478907459,4.248155538686632,1,HP,135,323.51266410046316,496.6184883574883,78.0,,,
,AK,,2030-Hlow,246.0223328758283,1045.1411360470563,0.04191527961026113,15.125573628542506,0.061480490212962265,4.248155538686632,1,HP,135,323.51266410046316,496.6184883574883,78.0,,,
,AK,,2035-Hhigh,246.0223328758283,1045.1411360470563,0.04191527961026113,11.701814001191508,0.047564031543012864,4.248155538686632,1,HP,135,323.51266410046316,496.6184883574883,78.0,,,
,AK,,2035-Hlow,246.0223328758283,1045.1411360470563,0.04191527961026113,15.538459676203733,0.06315873642270622,4.248155538686632,1,HP,135,323.51266410046316,496.6184883574883,78.0,,,
,AK,,2040-Hhigh,246.0223328758283,1045.1411360470563,0.04191527961026113,12.230529701823556,0.04971308725861288,4.248155538686632,1,HP,135,323.51266410046316,496.6184883574883,78.0,,,
,AK,,2040-Hlow,246.0223328758283,1045.1411360470563,0.04191527961026113,16.128292370952064,0.06555621265119979,4.248155538686632,1,HP,135,323.51266410046316,496.6184883574883,78.0,,,
,AK,,2045-Hhigh,246.0223328758283,1045.1411360470563,0.04191527961026113,13.104741500637175,0.05326647116727961,4.248155538686632,1,HP,135,323.51266410046316,496.6184883574883,78.0,,,
,AK,,2045-Hlow,246.0223328758283,1045.1411360470563,0.04191527961026113,17.07597114364826,0.06940821568530851,4.248155538686632,1,HP,135,323.51266410046316,496.6184883574883,78.0,,,
,AK,,2024-Hhigh,256.4695082823454,1089.1765010282277,0.040398453426779106,20.43440421661636,0.07967576478573148,4.246806992077832,1,HPo,162,367.13115285725956,138.10095186691794,75.0,,,
,AK,,2024-Hlow,256.4695082823454,1089.1765010282277,0.04194279148844499,27.608064810036772,0.1076465775402948,4.246806992077832,1,HPo,162,367.13115285725956,138.10095186691794,75.0,,,
,AK,,2025-Hhigh,256.4695082823454,1089.1765010282277,0.04194279148844499,14.600854598009102,0.056930177375842786,4.246806992077832,1,HPo,162,367.13115285725956,138.10095186691794,75.0,,,
,AK,,2025-Hlow,256.4695082823454,1089.1765010282277,0.04194279148844499,20.52360361365564,0.08002356206438918,4.246806992077832,1,HPo,162,367.13115285725956,138.10095186691794,75.0,,,
,AK,,2030-Hhigh,256.4695082823454,1089.1765010282277,0.04194279148844499,11.383716842979442,0.044386238813415566,4.246806992077832,1,HPo,162,367.13115285725956,138.10095186691794,75.0,,,
,AK,,2030-Hlow,256.4695082823454,1089.1765010282277,0.04194279148844499,15.792947488922893,0.06157826555949316,4.246806992077832,1,HPo,162,367.13115285725956,138.10095186691794,75.0,,,
,AK,,2035-Hhigh,256.4695082823454,1089.1765010282277,0.04194279148844499,12.242024531355693,0.04773286545189824,4.246806992077832,1,HPo,162,367.13115285725956,138.10095186691794,75.0,,,
,AK,,2035-Hlow,256.4695082823454,1089.1765010282277,0.04194279148844499,16.21844757231055,0.06323733250369779,4.246806992077832,1,HPo,162,367.13115285725956,138.10095186691794,75.0,,,
,AK,,2040-Hhigh,256.4695082823454,1089.1765010282277,0.04194279148844499,12.775174972530547,0.049811671797126277,4.246806992077832,1,HPo,162,367.13115285725956,138.10095186691794,75.0,,,
,AK,,2040-Hlow,256.4695082823454,1089.1765010282277,0.04194279148844499,16.78380672729668,0.06544172381232748,4.246806992077832,1,HPo,162,367.13115285725956,138.10095186691794,75.0,,,
,AK,,2045-Hhigh,256.4695082823454,1089.1765010282277,0.04194279148844499,13.709281689368735,0.05345384635071819,4.246806992077832,1,HPo,162,367.13115285725956,138.10095186691794,75.0,,,
,AK,,2045-Hlow,256.4695082823454,1089.1765010282277,0.04194279148844499,17.81666400042031,0.06946893655992072,4.246806992077832,1,HPo,162,367.13115285725956,138.10095186691794,75.0,,,
,CH,,2024-Hhigh,267.29049419911405,1073.2995674180138,0.047518308876118395,21.68155408937233,0.08111606869648338,4.015479752222222,1,HP,135,352.0080596481094,786.4109002255259,90.0,,,
,CH,,2024-Hlow,267.29049419911405,1073.2995674180138,0.047526383364033385,29.364585878745682,0.10986019524087891,4.015479752222222,1,HP,135,352.0080596481094,786.4109002255259,90.0,,,
,CH,,2025-Hhigh,267.29049419911405,1073.2995674180138,0.047526383364033385,15.564179731989054,0.058229454730981754,4.015479752222222,1,HP,135,352.0080596481094,786.4109002255259,90.0,,,
,CH,,2025-Hlow,267.29049419911405,1073.2995674180138,0.047526383364033385,21.910628392066954,0.08197309245028729,4.015479752222222,1,HP,135,352.0080596481094,786.4109002255259,90.0,,,
,CH,,2030-Hhigh,267.29049419911405,1073.2995674180138,0.047526383364033385,12.12108525935616,0.04534798476719019,4.015479752222222,1,HP,135,352.0080596481094,786.4109002255259,90.0,,,
,CH,,2030-Hlow,267.29049419911405,1073.2995674180138,0.047526383364033385,16.853888303035312,0.06305457421347824,4.015479752222222,1,HP,135,352.0080596481094,786.4109002255259,90.0,,,
,CH,,2035-Hhigh,267.29049419911405,1073.2995674180138,0.047526383364033385,13.01883017897221,0.04870667106206189,4.015479752222222,1,HP,135,352.0080596481094,786.4109002255259,90.0,,,
,CH,,2035-Hlow,267.29049419911405,1073.2995674180138,0.047526383364033385,17.219720005587874,0.0644232413022526,4.015479752222222,1,HP,135,352.0080596481094,786.4109002255259,90.0,,,
,CH,,2040-Hhigh,267.29049419911405,1073.2995674180138,0.047526383364033385,13.603179070812027,0.05089286512627921,4.015479752222222,1,HP,135,352.0080596481094,786.4109002255259,90.0,,,
,CH,,2040-Hlow,267.29049419911405,1073.2995674180138,0.047526383364033385,17.872266934296448,0.0668645811286606,4.015479752222222,1,HP,135,352.0080596481094,786.4109002255259,90.0,,,
,CH,,2045-Hhigh,267.29049419911405,1073.2995674180138,0.047526383364033385,14.592299847781447,0.05459341115554649,4.015479752222222,1,HP,135,352.0080596481094,786.4109002255259,90.0,,,
,CH,,2045-Hlow,267.29049419911405,1073.2995674180138,0.047526383364033385,18.969635681327603,0.07097010964855509,4.015479752222222,1,HP,135,352.0080596481094,786.4109002255259,90.0,,,
,CH,,2024-Hhigh,279.470783836782,1121.3468291753002,0.05146319898616694,22.731385637029593,0.08133725223422744,4.012393760022497,1,HPo,162,399.5504565930812,352.2223373176528,90.0,,,
,CH,,2024-Hlow,279.470783836782,1121.3468291753002,0.05291938803457049,30.766489977574437,0.11008839476953285,4.012393760022497,1,HPo,162,399.5504565930812,352.2223373176528,90.0,,,
,CH,,2025-Hhigh,279.470783836782,1121.3468291753002,0.05291938803457049,16.30359368115024,0.05833738130806528,4.012393760022497,1,HPo,162,399.5504565930812,352.2223373176528,90.0,,,
,CH,,2025-Hlow,279.470783836782,1121.3468291753002,0.05291938803457049,22.987692888188626,0.08225436867709943,4.012393760022497,1,HPo,162,399.5504565930812,352.2223373176528,90.0,,,
,CH,,2030-Hhigh,279.470783836782,1121.3468291753002,0.05291938803457049,12.726052398380224,0.04553625328439541,4.012393760022497,1,HPo,162,399.5504565930812,352.2223373176528,90.0,,,
,CH,,2030-Hlow,279.470783836782,1121.3468291753002,0.05291938803457049,17.666404174614776,0.06321377831370166,4.012393760022497,1,HPo,162,399.5504565930812,352.2223373176528,90.0,,,
,CH,,2035-Hhigh,279.470783836782,1121.3468291753002,0.05291938803457049,13.647425312142062,0.04883310206805912,4.012393760022497,1,HPo,162,399.5504565930812,352.2223373176528,90.0,,,
,CH,,2035-Hlow,279.470783836782,1121.3468291753002,0.05291938803457049,17.993689458209385,0.06438486775318222,4.012393760022497,1,HPo,162,399.5504565930812,352.2223373176528,90.0,,,
,CH,,2040-Hhigh,279.470783836782,1121.3468291753002,0.05291938803457049,14.26375700908059,0.0510384549442241,4.012393760022497,1,HPo,162,399.5504565930812,352.2223373176528,90.0,,,
,CH,,2040-Hlow,279.470783836782,1121.3468291753002,0.05291938803457049,18.633930429279058,0.06667577259224973,4.012393760022497,1,HPo,162,399.5504565930812,352.2223373176528,90.0,,,
,CH,,2045-Hhigh,279.470783836782,1121.3468291753002,0.05291938803457049,15.268633396894202,0.054634095153973126,4.012393760022497,1,HPo,162,399.5504565930812,352.2223373176528,90.0,,,
,CH,,2045-Hlow,279.470783836782,1121.3468291753002,0.05291938803457049,19.80356934039951,0.07086096467230468,4.012393760022497,1,HPo,162,399.5504565930812,352.2223373176528,90.0,,,
,AK,,2024-Hhigh,357.83452212095375,1521.4076238337868,0.03887094080005635,28.72905061305195,0.08028585515664996,4.251707227173366,2,HP,135,320.0034508209422,196.93099707585716,92.0,,,
,AK,,2024-Hlow,357.83452212095375,1521.4076238337868,0.04093005821561086,38.73960124610038,0.10826121810853614,4.251707227173366,2,HP,135,320.0034508209422,196.93099707585716,92.0,,,
,AK,,2025-Hhigh,357.83452212095375,1521.4076238337868,0.04093005821561086,20.614021384626497,0.05760769325006219,4.251707227173366,2,HP,135,320.0034508209422,196.93099707585716,92.0,,,
,AK,,2025-Hlow,357.83452212095375,1521.4076238337868,0.04093005821561086,29.25297381274394,0.08175000455337836,4.251707227173366,2,HP,135,320.0034508209422,196.93099707585716,92.0,,,
,AK,,2030-Hhigh,357.83452212095375,1521.4076238337868,0.04093005821561086,16.207805675246586,0.04529413646056232,4.251707227173366,2,HP,135,320.0034508209422,196.93099707585716,92.0,,,
,AK,,2030-Hlow,357.83452212095375,1521.4076238337868,0.04093005821561086,22.42605581827971,0.06267158262248199,4.251707227173366,2,HP,135,320.0034508209422,196.93099707585716,92.0,,,
,AK,,2035-Hhigh,357.83452212095375,1521.4076238337868,0.04093005821561086,16.945351675188395,0.04735527353467756,4.251707227173366,2,HP,135,320.0034508209422,196.93099707585716,92.0,,,
,AK,,2035-Hlow,357.83452212095375,1521.4076238337868,0.04093005821561086,22.53659722881321,0.06298050030286201,4.251707227173366,2,HP,135,320.0034508209422,196.93099707585716,92.0,,,
,AK,,2040-Hhigh,357.83452212095375,1521.4076238337868,0.04093005821561086,17.67774038222516,0.04940199810081433,4.251707227173366,2,HP,135,320.0034508209422,196.93099707585716,92.0,,,
,AK,,2040-Hlow,357.83452212095375,1521.4076238337868,0.04093005821561086,23.435505269086924,0.06549257777080925,4.251707227173366,2,HP,135,320.0034508209422,196.93099707585716,92.0,,,
,AK,,2045-Hhigh,357.83452212095375,1521.4076238337868,0.04093005821561086,18.907991407445706,0.0528400426414266,4.251707227173366,2,HP,135,320.0034508209422,196.93099707585716,92.0,,,
,AK,,2045-Hlow,357.83452212095375,1521.4076238337868,0.04093005821561086,24.869046224072303,0.06949873387472148,4.251707227173366,2,HP,135,320.0034508209422,196.93099707585716,92.0,,,
,AK,,2024-Hhigh,368.08616746885303,1564.8170593602943,0.04088625007757677,29.58832390656833,0.0803842320672701,4.25122484259805,2,HPo,162,363.1838993602941,0.0,1.0,,,
,AK,,2024-Hlow,368.08616746885303,1564.8170593602943,0.0429453674931313,39.86055521343443,0.10829136962015118,4.25122484259805,2,HPo,162,363.1838993602941,0.0,1.0,,,
,AK,,2025-Hhigh,368.08616746885303,1564.8170593602943,0.0429453674931313,21.236758247404428,0.057695072850575006,4.25122484259805,2,HPo,162,363.1838993602941,0.0,1.0,,,
,AK,,2025-Hlow,368.08616746885303,1564.8170593602943,0.0429453674931313,30.104402658935665,0.08178629168802726,4.25122484259805,2,HPo,162,363.1838993602941,0.0,1.0,,,
,AK,,2030-Hhigh,368.08616746885303,1564.8170593602943,0.0429453674931313,16.703636582549215,0.04537969111257802,4.25122484259805,2,HPo,162,363.1838993602941,0.0,1.0,,,
,AK,,2030-Hlow,368.08616746885303,1564.8170593602943,0.0429453674931313,23.096717017970388,0.06274812546419528,4.25122484259805,2,HPo,162,363.1838993602941,0.0,1.0,,,
,AK,,2035-Hhigh,368.08616746885303,1564.8170593602943,0.0429453674931313,17.445415664761587,0.04739492327224656,4.25122484259805,2,HPo,162,363.1838993602941,0.0,1.0,,,
,AK,,2035-Hlow,368.08616746885303,1564.8170593602943,0.0429453674931313,23.18546244901127,0.0629892250731568,4.25122484259805,2,HPo,162,363.1838993602941,0.0,1.0,,,
,AK,,2040-Hhigh,368.08616746885303,1564.8170593602943,0.0429453674931313,18.214900210185967,0.049485424392448234,4.25122484259805,2,HPo,162,363.1838993602941,0.0,1.0,,,
,AK,,2040-Hlow,368.08616746885303,1564.8170593602943,0.0429453674931313,24.103899743280632,0.0654843943444853,4.25122484259805,2,HPo,162,363.1838993602941,0.0,1.0,,,
,AK,,2045-Hhigh,368.08616746885303,1564.8170593602943,0.0429453674931313,19.449890553188176,0.052840590796811186,4.25122484259805,2,HPo,162,363.1838993602941,0.0,1.0,,,
,AK,,2045-Hlow,368.08616746885303,1564.8170593602943,0.0429453674931313,25.573059006846307,0.0694757403754116,4.25122484259805,2,HPo,162,363.1838993602941,0.0,1.0,,,
,CH,,2024-Hhigh,385.42940165811876,1549.901321452792,0.04266700910234623,31.509816048195173,0.0817524971178634,4.02123272066197,2,HP,135,348.49320773054177,193.5419493310941,98.0,,,
,CH,,2024-Hlow,385.42940165811876,1549.901321452792,0.04460859450021762,42.53467473307929,0.11035659072736786,4.02123272066197,2,HP,135,348.49320773054177,193.5419493310941,98.0,,,
,CH,,2025-Hhigh,385.42940165811876,1549.901321452792,0.04460859450021762,22.67822533112952,0.058838856697407384,4.02123272066197,2,HP,135,348.49320773054177,193.5419493310941,98.0,,,
,CH,,2025-Hlow,385.42940165811876,1549.901321452792,0.04460859450021762,32.18923200651832,0.08351524784575363,4.02123272066197,2,HP,135,348.49320773054177,193.5419493310941,98.0,,,
,CH,,2030-Hhigh,385.42940165811876,1549.901321452792,0.04460859450021762,17.819586659831106,0.04623307558575235,4.02123272066197,2,HP,135,348.49320773054177,193.5419493310941,98.0,,,
,CH,,2030-Hlow,385.42940165811876,1549.901321452792,0.04460859450021762,24.67123649916381,0.06400974184384496,4.02123272066197,2,HP,135,348.49320773054177,193.5419493310941,98.0,,,
,CH,,2035-Hhigh,385.42940165811876,1549.901321452792,0.04460859450021762,18.604415460508942,0.04826932086777157,4.02123272066197,2,HP,135,348.49320773054177,193.5419493310941,98.0,,,
,CH,,2035-Hlow,385.42940165811876,1549.901321452792,0.04460859450021762,24.673543028369323,0.06401572615431943,4.02123272066197,2,HP,135,348.49320773054177,193.5419493310941,98.0,,,
,CH,,2040-Hhigh,385.42940165811876,1549.901321452792,0.04460859450021762,19.395723936721655,0.05032237772541787,4.02123272066197,2,HP,135,348.49320773054177,193.5419493310941,98.0,,,
,CH,,2040-Hlow,385.42940165811876,1549.901321452792,0.04460859450021762,25.69003826971291,0.06665303207070937,4.02123272066197,2,HP,135,348.49320773054177,193.5419493310941,98.0,,,
,CH,,2045-Hhigh,385.42940165811876,1549.901321452792,0.04460859450021762,20.761324673740276,0.05386544094566989,4.02123272066197,2,HP,135,348.49320773054177,193.5419493310941,98.0,,,
,CH,,2045-Hlow,385.42940165811876,1549.901321452792,0.04460859450021762,27.295593087731056,0.07081865828166017,4.02123272066197,2,HP,135,348.49320773054177,193.5419493310941,98.0,,,
,CH,,2024-Hhigh,397.3706803290595,1597.273410363638,0.047933559738189864,32.54453875484512,0.08189969810529364,4.019605596066999,2,HPo,162,395.640250363638,0.0,3.0,,,
,CH,,2024-Hlow,397.3706803290595,1597.273410363638,0.049875145136061255,43.85592000085253,0.11036526390053687,4.019605596066999,2,HPo,162,395.640250363638,0.0,3.0,,,
,CH,,2025-Hhigh,397.3706803290595,1597.273410363638,0.049875145136061255,23.42445560990059,0.058948625979407906,4.019605596066999,2,HPo,162,395.640250363638,0.0,3.0,,,
,CH,,2025-Hlow,397.3706803290595,1597.273410363638,0.049875145136061255,33.20775986023557,0.08356872186125179,4.019605596066999,2,HPo,162,395.640250363638,0.0,3.0,,,
,CH,,2030-Hhigh,397.3706803290595,1597.273410363638,0.049875145136061255,18.405070764977946,0.046317133286574774,4.019605596066999,2,HPo,162,395.640250363638,0.0,3.0,,,
,CH,,2030-Hlow,397.3706803290595,1597.273410363638,0.049875145136061255,25.476610574802024,0.06411296010492029,4.019605596066999,2,HPo,162,395.640250363638,0.0,3.0,,,
,CH,,2035-Hhigh,397.3706803290595,1597.273410363638,0.049875145136061255,19.220648571014333,0.048369569076152946,4.019605596066999,2,HPo,162,395.640250363638,0.0,3.0,,,
,CH,,2035-Hlow,397.3706803290595,1597.273410363638,0.049875145136061255,25.43720005773726,0.06401378188414132,4.019605596066999,2,HPo,162,395.640250363638,0.0,3.0,,,
,CH,,2040-Hhigh,397.3706803290595,1597.273410363638,0.049875145136061255,20.066989365398893,0.05049942121744256,4.019605596066999,2,HPo,162,395.640250363638,0.0,3.0,,,
,CH,,2040-Hlow,397.3706803290595,1597.273410363638,0.049875145136061255,26.496350555877125,0.0666791785793952,4.019605596066999,2,HPo,162,395.640250363638,0.0,3.0,,,
,CH,,2045-Hhigh,397.3706803290595,1597.273410363638,0.049875145136061255,21.464160767597114,0.05401546170900886,4.019605596066999,2,HPo,162,395.640250363638,0.0,3.0,,,
,CH,,2045-Hlow,397.3706803290595,1597.273410363638,0.049875145136061255,28.15714915336015,0.07085864797584825,4.019605596066999,2,HPo,162,395.640250363638,0.0,3.0,,,
,AK,,2024-Hhigh,487.7820823802187,2072.3464791558054,0.11451895541624883,39.592628378614705,0.08116868127959004,4.248508819847226,3,HP,180,396.42387077384495,2.5422419830372163,6.0,,,
,AK,,2024-Hlow,487.7820823802187,2072.3464791558054,0.10354924650263707,53.82374120755481,0.11034382596612072,4.248508819847226,3,HP,180,396.42387077384495,2.5422419830372163,6.0,,,
,AK,,2025-Hhigh,487.7820823802187,2072.3464791558054,0.10354924650263707,28.840901845156953,0.05912661183539725,4.248508819847226,3,HP,180,396.42387077384495,2.5422419830372163,6.0,,,
,AK,,2025-Hlow,487.7820823802187,2072.3464791558054,0.10354924650263707,40.539479788362144,0.08310981738103745,4.248508819847226,3,HP,180,396.42387077384495,2.5422419830372163,6.0,,,
,AK,,2030-Hhigh,487.7820823802187,2072.3464791558054,0.10354924650263707,22.662370837971174,0.04646003134716663,4.248508819847226,3,HP,180,396.42387077384495,2.5422419830372163,6.0,,,
,AK,,2030-Hlow,487.7820823802187,2072.3464791558054,0.10354924650263707,31.32783423209753,0.06422506148489063,4.248508819847226,3,HP,180,396.42387077384495,2.5422419830372163,6.0,,,
,AK,,2035-Hhigh,487.7820823802187,2072.3464791558054,0.10354924650263707,23.437894986896193,0.048049930150215546,4.248508819847226,3,HP,180,396.42387077384495,2.5422419830372163,6.0,,,
,AK,,2035-Hlow,487.7820823802187,2072.3464791558054,0.10354924650263707,31.23914313544601,0.06404323623985757,4.248508819847226,3,HP,180,396.42387077384495,2.5422419830372163,6.0,,,
,AK,,2040-Hhigh,487.7820823802187,2072.3464791558054,0.10354924650263707,24.531683914751415,0.050292302240879244,4.248508819847226,3,HP,180,396.42387077384495,2.5422419830372163,6.0,,,
,AK,,2040-Hlow,487.7820823802187,2072.3464791558054,0.10354924650263707,33.14830979784484,0.06795721080219227,4.248508819847226,3,HP,180,396.42387077384495,2.5422419830372163,6.0,,,
,AK,,2045-Hhigh,487.7820823802187,2072.3464791558054,0.10354924650263707,26.384225738195,0.054090190458510726,4.248508819847226,3,HP,180,396.42387077384495,2.5422419830372163,6.0,,,
,AK,,2045-Hlow,487.7820823802187,2072.3464791558054,0.10354924650263707,34.76240950343424,0.0712662698346871,4.248508819847226,3,HP,180,396.42387077384495,2.5422419830372163,6.0,,,
,AK,,2024-Hhigh,504.89281957598774,2144.518205237764,0.1266265798897023,41.00310073704098,0.08121149508815682,4.247472180409981,3,HPo,216,468.59264079332024,0.0,0.0,,,
,AK,,2024-Hlow,504.89281957598774,2144.518205237764,0.11565687097609056,55.72403000740841,0.11036803821889526,4.247472180409981,3,HPo,216,468.59264079332024,0.0,0.0,,,
,AK,,2025-Hhigh,504.89281957598774,2144.518205237764,0.11565687097609056,29.915812892291566,0.05925180896296972,4.247472180409981,3,HPo,216,468.59264079332024,0.0,0.0,,,
,AK,,2025-Hlow,504.89281957598774,2144.518205237764,0.11565687097609056,41.99134715404375,0.0831688341088082,4.247472180409981,3,HPo,216,468.59264079332024,0.0,0.0,,,
,AK,,2030-Hhigh,504.89281957598774,2144.518205237764,0.11565687097609056,23.501891484066192,0.046548278313411615,4.247472180409981,3,HPo,216,468.59264079332024,0.0,0.0,,,
,AK,,2030-Hlow,504.89281957598774,2144.518205237764,0.11565687097609056,32.46799827110936,0.0643067142416012,4.247472180409981,3,HPo,216,468.59264079332024,0.0,0.0,,,
,AK,,2035-Hhigh,504.89281957598774,2144.518205237764,0.11565687097609056,24.327515200693473,0.04818352382417297,4.247472180409981,3,HPo,216,468.59264079332024,0.0,0.0,,,
,AK,,2035-Hlow,504.89281957598774,2144.518205237764,0.11565687097609056,32.38441509478756,0.06414116786605166,4.247472180409981,3,HPo,216,468.59264079332024,0.0,0.0,,,
,AK,,2040-Hhigh,504.89281957598774,2144.518205237764,0.11565687097609056,25.46838700448868,0.05044315549164909,4.247472180409981,3,HPo,216,468.59264079332024,0.0,0.0,,,
,AK,,2040-Hlow,504.89281957598774,2144.518205237764,0.11565687097609056,34.30750973009177,0.06795008445337654,4.247472180409981,3,HPo,216,468.59264079332024,0.0,0.0,,,
,AK,,2045-Hhigh,504.89281957598774,2144.518205237764,0.11565687097609056,27.415254763147143,0.05429915756411559,4.247472180409981,3,HPo,216,468.59264079332024,0.0,0.0,,,
,AK,,2045-Hlow,504.89281957598774,2144.518205237764,0.11565687097609056,36.00973168217492,0.07132153654396615,4.247472180409981,3,HPo,216,468.59264079332024,0.0,0.0,,,
,CH,,2024-Hhigh,525.1599993573593,2108.024474349978,0.1296301899713085,43.42357168186862,0.08268636555527124,4.014061384967586,3,HP,180,432.104234975263,4.579610851406408,8.0,,,
,CH,,2024-Hlow,525.1599993573593,2108.024474349978,0.11707986378040774,59.02377062772963,0.11239197711165605,4.014061384967586,3,HP,180,432.104234975263,4.579610851406408,8.0,,,
,CH,,2025-Hhigh,525.1599993573593,2108.024474349978,0.11707986378040774,31.677878836876914,0.06032043353576297,4.014061384967586,3,HP,180,432.104234975263,4.579610851406408,8.0,,,
,CH,,2025-Hlow,525.1599993573593,2108.024474349978,0.11707986378040774,44.597205370900824,0.08492117721356278,4.014061384967586,3,HP,180,432.104234975263,4.579610851406408,8.0,,,
,CH,,2030-Hhigh,525.1599993573593,2108.024474349978,0.11707986378040774,24.89929006595954,0.04741276962531212,4.014061384967586,3,HP,180,432.104234975263,4.579610851406408,8.0,,,
,CH,,2030-Hlow,525.1599993573593,2108.024474349978,0.11707986378040774,34.42535162342318,0.06555212062142898,4.014061384967586,3,HP,180,432.104234975263,4.579610851406408,8.0,,,
,CH,,2035-Hhigh,525.1599993573593,2108.024474349978,0.11707986378040774,25.7464942436583,0.04902600021929394,4.014061384967586,3,HP,180,432.104234975263,4.579610851406408,8.0,,,
,CH,,2035-Hlow,525.1599993573593,2108.024474349978,0.11707986378040774,34.20014273853041,0.06512328201001844,4.014061384967586,3,HP,180,432.104234975263,4.579610851406408,8.0,,,
,CH,,2040-Hhigh,525.1599993573593,2108.024474349978,0.11707986378040774,26.93508866482965,0.051289299828224236,4.014061384967586,3,HP,180,432.104234975263,4.579610851406408,8.0,,,
,CH,,2040-Hlow,525.1599993573593,2108.024474349978,0.11707986378040774,36.39668901494542,0.06930590498035688,4.014061384967586,3,HP,180,432.104234975263,4.579610851406408,8.0,,,
,CH,,2045-Hhigh,525.1599993573593,2108.024474349978,0.11707986378040774,28.998688996732795,0.05521876957921133,4.014061384967586,3,HP,180,432.104234975263,4.579610851406408,8.0,,,
,CH,,2045-Hlow,525.1599993573593,2108.024474349978,0.11707986378040774,38.22505440383353,0.07278744468468601,4.014061384967586,3,HP,180,432.104234975263,4.579610851406408,8.0,,,
,CH,,2024-Hhigh,545.1663988449028,2186.8109812089406,0.13843912348456058,45.100856306170805,0.08272860616819082,4.011272495594648,3,HPo,216,510.8854167644968,0.0,0.0,,,
,CH,,2024-Hlow,545.1663988449028,2186.8109812089406,0.1258887972936598,61.29650218118174,0.11243631726213613,4.011272495594648,3,HPo,216,510.8854167644968,0.0,0.0,,,
,CH,,2025-Hhigh,545.1663988449028,2186.8109812089406,0.1258887972936598,32.970948526607074,0.060478687968418154,4.011272495594648,3,HPo,216,510.8854167644968,0.0,0.0,,,
,CH,,2025-Hlow,545.1663988449028,2186.8109812089406,0.1258887972936598,46.35874219485133,0.08503594919473416,4.011272495594648,3,HPo,216,510.8854167644968,0.0,0.0,,,
,CH,,2030-Hhigh,545.1663988449028,2186.8109812089406,0.1258887972936598,25.934451097028095,0.047571624282013614,4.011272495594648,3,HPo,216,510.8854167644968,0.0,0.0,,,
,CH,,2030-Hlow,545.1663988449028,2186.8109812089406,0.1258887972936598,35.79438279033176,0.06565772003955637,4.011272495594648,3,HPo,216,510.8854167644968,0.0,0.0,,,
,CH,,2035-Hhigh,545.1663988449028,2186.8109812089406,0.1258887972936598,26.803383768614484,0.04916550951306872,4.011272495594648,3,HPo,216,510.8854167644968,0.0,0.0,,,
,CH,,2035-Hlow,545.1663988449028,2186.8109812089406,0.1258887972936598,35.53920931310111,0.06518965473367673,4.011272495594648,3,HPo,216,510.8854167644968,0.0,0.0,,,
,CH,,2040-Hhigh,545.1663988449028,2186.8109812089406,0.1258887972936598,28.026261254148732,0.0514086365438712,4.011272495594648,3,HPo,216,510.8854167644968,0.0,0.0,,,
,CH,,2040-Hlow,545.1663988449028,2186.8109812089406,0.1258887972936598,37.76472401031322,0.06927192154602527,4.011272495594648,3,HPo,216,510.8854167644968,0.0,0.0,,,
,CH,,2045-Hhigh,545.1663988449028,2186.8109812089406,0.1258887972936598,30.18103730086524,0.055361147284228716,4.011272495594648,3,HPo,216,510.8854167644968,0.0,0.0,,,
,CH,,2045-Hlow,545.1663988449028,2186.8109812089406,0.1258887972936598,39.70819792428888,0.07283684029027195,4.011272495594648,3,HPo,216,510.8854167644968,0.0,0.0,,,
,AK,,2024-Hhigh,658.1091448908267,2802.744823491569,0.12418341313318497,54.71712771034688,0.0831429378168326,4.258784192941909,4,HP,300,647.4044308989766,0.0,0.0,,,
,AK,,2024-Hlow,658.1091448908267,2802.744823491569,0.11969580494125287,70.84910945881667,0.10765556140474204,4.258784192941909,4,HP,300,647.4044308989766,0.0,0.0,,,
,AK,,2025-Hhigh,658.1091448908267,2802.744823491569,0.11969580494125287,39.0760636512097,0.05937626601084841,4.258784192941909,4,HP,300,647.4044308989766,0.0,0.0,,,
,AK,,2025-Hlow,658.1091448908267,2802.744823491569,0.11969580494125287,53.07693188550053,0.080650652399467,4.258784192941909,4,HP,300,647.4044308989766,0.0,0.0,,,
,AK,,2030-Hhigh,658.1091448908267,2802.744823491569,0.11969580494125287,30.21458577604508,0.04591120790618608,4.258784192941909,4,HP,300,647.4044308989766,0.0,0.0,,,
,AK,,2030-Hlow,658.1091448908267,2802.744823491569,0.11969580494125287,41.0061099619225,0.06230898063075081,4.258784192941909,4,HP,300,647.4044308989766,0.0,0.0,,,
,AK,,2035-Hhigh,658.1091448908267,2802.744823491569,0.11969580494125287,31.459166165118376,0.047802353772696954,4.258784192941909,4,HP,300,647.4044308989766,0.0,0.0,,,
,AK,,2035-Hlow,658.1091448908267,2802.744823491569,0.11969580494125287,40.799660966934624,0.06199528039335004,4.258784192941909,4,HP,300,647.4044308989766,0.0,0.0,,,
,AK,,2040-Hhigh,658.1091448908267,2802.744823491569,0.11969580494125287,32.63578230916641,0.04959022764313713,4.258784192941909,4,HP,300,647.4044308989766,0.0,0.0,,,
,AK,,2040-Hlow,658.1091448908267,2802.744823491569,0.11969580494125287,42.18988451320812,0.06410773173529898,4.258784192941909,4,HP,300,647.4044308989766,0.0,0.0,,,
,AK,,2045-Hhigh,658.1091448908267,2802.744823491569,0.11969580494125287,34.97047124356181,0.05313779866919042,4.258784192941909,4,HP,300,647.4044308989766,0.0,0.0,,,
,AK,,2045-Hlow,658.1091448908267,2802.744823491569,0.11969580494125287,45.04051806600536,0.06843928308195309,4.258784192941909,4,HP,300,647.4044308989766,0.0,0.0,,,
,AK,,2024-Hhigh,689.0074520446115,2932.8425077657357,0.13073665741907042,57.20883956860292,0.0830307994475781,4.256619429967851,4,HPo,360,777.5021151731429,0.0,0.0,,,
,AK,,2024-Hlow,689.0074520446115,2932.8425077657357,0.1262490492271383,74.32791941665411,0.10787680045562348,4.256619429967851,4,HPo,360,777.5021151731429,0.0,0.0,,,
,AK,,2025-Hhigh,689.0074520446115,2932.8425077657357,0.1262490492271383,40.94152996274777,0.059421026349214166,4.256619429967851,4,HPo,360,777.5021151731429,0.0,0.0,,,
,AK,,2025-Hlow,689.0074520446115,2932.8425077657357,0.1262490492271383,55.72243760072333,0.08087349046134185,4.256619429967851,4,HPo,360,777.5021151731429,0.0,0.0,,,
,AK,,2030-Hhigh,689.0074520446115,2932.8425077657357,0.1262490492271383,31.73070217565376,0.04605277066524279,4.256619429967851,4,HPo,360,777.5021151731429,0.0,0.0,,,
,AK,,2030-Hlow,689.0074520446115,2932.8425077657357,0.1262490492271383,43.04575463743404,0.062475020422053336,4.256619429967851,4,HPo,360,777.5021151731429,0.0,0.0,,,
,AK,,2035-Hhigh,689.0074520446115,2932.8425077657357,0.1262490492271383,33.01881505913996,0.04792229018881798,4.256619429967851,4,HPo,360,777.5021151731429,0.0,0.0,,,
,AK,,2035-Hlow,689.0074520446115,2932.8425077657357,0.1262490492271383,42.71407728947005,0.06199363615403164,4.256619429967851,4,HPo,360,777.5021151731429,0.0,0.0,,,
,AK,,2040-Hhigh,689.0074520446115,2932.8425077657357,0.1262490492271383,34.29133380593916,0.04976917695763744,4.256619429967851,4,HPo,360,777.5021151731429,0.0,0.0,,,
,AK,,2040-Hlow,689.0074520446115,2932.8425077657357,0.1262490492271383,44.28388612653595,0.06427199879351767,4.256619429967851,4,HPo,360,777.5021151731429,0.0,0.0,,,
,AK,,2045-Hhigh,689.0074520446115,2932.8425077657357,0.1262490492271383,36.83100894644665,0.05345516777380506,4.256619429967851,4,HPo,360,777.5021151731429,0.0,0.0,,,
,AK,,2045-Hlow,689.0074520446115,2932.8425077657357,0.1262490492271383,47.29138973422891,0.06863697858984392,4.256619429967851,4,HPo,360,777.5021151731429,0.0,0.0,,,
,CH,,2024-Hhigh,711.5567065675885,2861.6860144892566,0.13936908686290178,60.155568686834975,0.08454079363121143,4.021725869598608,4,HP,300,706.3456218966638,0.0,0.0,,,
,CH,,2024-Hlow,711.5567065675885,2861.6860144892566,0.1359901528884285,78.1746424381312,0.10986424794621148,4.021725869598608,4,HP,300,706.3456218966638,0.0,0.0,,,
,CH,,2025-Hhigh,711.5567065675885,2861.6860144892566,0.1359901528884285,43.12535128364099,0.0606070477385693,4.021725869598608,4,HP,300,706.3456218966638,0.0,0.0,,,
,CH,,2025-Hlow,711.5567065675885,2861.6860144892566,0.1359901528884285,58.764800134489676,0.08258625010782299,4.021725869598608,4,HP,300,706.3456218966638,0.0,0.0,,,
,CH,,2030-Hhigh,711.5567065675885,2861.6860144892566,0.1359901528884285,33.379171824185505,0.046910065657592,4.021725869598608,4,HP,300,706.3456218966638,0.0,0.0,,,
,CH,,2030-Hlow,711.5567065675885,2861.6860144892566,0.1359901528884285,45.334069347369294,0.06371111245096972,4.021725869598608,4,HP,300,706.3456218966638,0.0,0.0,,,
,CH,,2035-Hhigh,711.5567065675885,2861.6860144892566,0.1359901528884285,34.706750038497596,0.04877580341546666,4.021725869598608,4,HP,300,706.3456218966638,0.0,0.0,,,
,CH,,2035-Hlow,711.5567065675885,2861.6860144892566,0.1359901528884285,44.91775621795543,0.06312603873081313,4.021725869598608,4,HP,300,706.3456218966638,0.0,0.0,,,
,CH,,2040-Hhigh,711.5567065675885,2861.6860144892566,0.1359901528884285,36.04987080254436,0.050663384196660784,4.021725869598608,4,HP,300,706.3456218966638,0.0,0.0,,,
,CH,,2040-Hlow,711.5567065675885,2861.6860144892566,0.1359901528884285,46.580408348514275,0.0654626791070653,4.021725869598608,4,HP,300,706.3456218966638,0.0,0.0,,,
,CH,,2045-Hhigh,711.5567065675885,2861.6860144892566,0.1359901528884285,38.61953168501493,0.05427470689062584,4.021725869598608,4,HP,300,706.3456218966638,0.0,0.0,,,
,CH,,2045-Hlow,711.5567065675885,2861.6860144892566,0.1359901528884285,49.84344780151397,0.07004845480544915,4.021725869598608,4,HP,300,706.3456218966638,0.0,0.0,,,
,CH,,2024-Hhigh,747.5442541466115,3003.7385515235687,0.13783574836675677,63.174817685662426,0.08450980304541585,4.018141447629217,4,HPo,360,848.3981589309759,0.0,0.0,,,
,CH,,2024-Hlow,747.5442541466115,3003.7385515235687,0.1344568143922835,82.29626751636658,0.11008882358451824,4.018141447629217,4,HPo,360,848.3981589309759,0.0,0.0,,,
,CH,,2025-Hhigh,747.5442541466115,3003.7385515235687,0.1344568143922835,45.380470130737784,0.060706065064393605,4.018141447629217,4,HPo,360,848.3981589309759,0.0,0.0,,,
,CH,,2025-Hlow,747.5442541466115,3003.7385515235687,0.1344568143922835,61.91721802168425,0.08282749506565104,4.018141447629217,4,HPo,360,848.3981589309759,0.0,0.0,,,
,CH,,2030-Hhigh,747.5442541466115,3003.7385515235687,0.1344568143922835,35.15383686243091,0.04702576023751551,4.018141447629217,4,HPo,360,848.3981589309759,0.0,0.0,,,
,CH,,2030-Hlow,747.5442541466115,3003.7385515235687,0.1344568143922835,47.78143824964946,0.06391787239966983,4.018141447629217,4,HPo,360,848.3981589309759,0.0,0.0,,,
,CH,,2035-Hhigh,747.5442541466115,3003.7385515235687,0.1344568143922835,36.605889459324175,0.04896819052018943,4.018141447629217,4,HPo,360,848.3981589309759,0.0,0.0,,,
,CH,,2035-Hlow,747.5442541466115,3003.7385515235687,0.1344568143922835,47.25383006831296,0.06321208384145421,4.018141447629217,4,HPo,360,848.3981589309759,0.0,0.0,,,
,CH,,2040-Hhigh,747.5442541466115,3003.7385515235687,0.1344568143922835,38.04546055470128,0.05089392413046311,4.018141447629217,4,HPo,360,848.3981589309759,0.0,0.0,,,
,CH,,2040-Hlow,747.5442541466115,3003.7385515235687,0.1344568143922835,49.05570885576828,0.06562248132288803,4.018141447629217,4,HPo,360,848.3981589309759,0.0,0.0,,,
,CH,,2045-Hhigh,747.5442541466115,3003.7385515235687,0.1344568143922835,40.83996706404431,0.05463217306200391,4.018141447629217,4,HPo,360,848.3981589309759,0.0,0.0,,,
,CH,,2045-Hlow,747.5442541466115,3003.7385515235687,0.1344568143922835,52.47061407412547,0.070190645949149,4.018141447629217,4,HPo,360,848.3981589309759,0.0,0.0,,,
,AK,,2024-Hhigh,770.6443053146912,3280.56704057369,0.15964032416391155,64.50584537216471,0.08370378516691156,4.256914659525157,5,HP,300,645.799416869986,0.0,0.0,,,
,AK,,2024-Hlow,770.6443053146912,3280.56704057369,0.16848851050872868,83.04481107886137,0.10776023452862624,4.256914659525157,5,HP,300,645.799416869986,0.0,0.0,,,
,AK,,2025-Hhigh,770.6443053146912,3280.56704057369,0.16848851050872868,46.251947249099686,0.060017243921906084,4.256914659525157,5,HP,300,645.799416869986,0.0,0.0,,,
,AK,,2025-Hlow,770.6443053146912,3280.56704057369,0.16848851050872868,61.92041698128486,0.0803488931978804,4.256914659525157,5,HP,300,645.799416869986,0.0,0.0,,,
,AK,,2030-Hhigh,770.6443053146912,3280.56704057369,0.16848851050872868,36.12955425301157,0.04688226981481182,4.256914659525157,5,HP,300,645.799416869986,0.0,0.0,,,
,AK,,2030-Hlow,770.6443053146912,3280.56704057369,0.16848851050872868,47.63367317416443,0.06181019290697711,4.256914659525157,5,HP,300,645.799416869986,0.0,0.0,,,
,AK,,2035-Hhigh,770.6443053146912,3280.56704057369,0.16848851050872868,37.24667525772184,0.048331863352331174,4.256914659525157,5,HP,300,645.799416869986,0.0,0.0,,,
,AK,,2035-Hlow,770.6443053146912,3280.56704057369,0.16848851050872868,47.53785666178352,0.06168585991480405,4.256914659525157,5,HP,300,645.799416869986,0.0,0.0,,,
,AK,,2040-Hhigh,770.6443053146912,3280.56704057369,0.16848851050872868,38.771084522739514,0.050309960451738384,4.256914659525157,5,HP,300,645.799416869986,0.0,0.0,,,
,AK,,2040-Hlow,770.6443053146912,3280.56704057369,0.16848851050872868,50.29510150146353,0.06526370357194246,4.256914659525157,5,HP,300,645.799416869986,0.0,0.0,,,
,AK,,2045-Hhigh,770.6443053146912,3280.56704057369,0.16848851050872868,41.65864512987224,0.05405690386936812,4.256914659525157,5,HP,300,645.799416869986,0.0,0.0,,,
,AK,,2045-Hlow,770.6443053146912,3280.56704057369,0.16848851050872868,53.29893965293509,0.06916153053407767,4.256914659525157,5,HP,300,645.799416869986,0.0,0.0,,,
,AK,,2024-Hhigh,801.3942873763864,3410.2406622039807,0.16318557626299254,66.97539067587155,0.0835735813579809,4.2553842920049565,5,HPo,360,775.4730385002765,0.0,0.0,,,
,AK,,2024-Hlow,801.3942873763864,3410.2406622039807,0.17304716509413523,86.48043341988156,0.10791246553928177,4.2553842920049565,5,HPo,360,775.4730385002765,0.0,0.0,,,
,AK,,2025-Hhigh,801.3942873763864,3410.2406622039807,0.17304716509413523,48.136226593326654,0.06006559736146307,4.2553842920049565,5,HPo,360,775.4730385002765,0.0,0.0,,,
,AK,,2025-Hlow,801.3942873763864,3410.2406622039807,0.17304716509413523,64.54818444270956,0.08054485221504153,4.2553842920049565,5,HPo,360,775.4730385002765,0.0,0.0,,,
,AK,,2030-Hhigh,801.3942873763864,3410.2406622039807,0.17304716509413523,37.646710398357854,0.04697651454642393,4.2553842920049565,5,HPo,360,775.4730385002765,0.0,0.0,,,
,AK,,2030-Hlow,801.3942873763864,3410.2406622039807,0.17304716509413523,49.70539360538873,0.062023643527725665,4.2553842920049565,5,HPo,360,775.4730385002765,0.0,0.0,,,
,AK,,2035-Hhigh,801.3942873763864,3410.2406622039807,0.17304716509413523,38.84043720175188,0.04846607695309152,4.2553842920049565,5,HPo,360,775.4730385002765,0.0,0.0,,,
,AK,,2035-Hlow,801.3942873763864,3410.2406622039807,0.17304716509413523,49.53567802158017,0.06181186814264752,4.2553842920049565,5,HPo,360,775.4730385002765,0.0,0.0,,,
,AK,,2040-Hhigh,801.3942873763864,3410.2406622039807,0.17304716509413523,40.391930232647624,0.05040206907998206,4.2553842920049565,5,HPo,360,775.4730385002765,0.0,0.0,,,
,AK,,2040-Hlow,801.3942873763864,3410.2406622039807,0.17304716509413523,52.3000919029448,0.06526137349214882,4.2553842920049565,5,HPo,360,775.4730385002765,0.0,0.0,,,
,AK,,2045-Hhigh,801.3942873763864,3410.2406622039807,0.17304716509413523,43.36044749155309,0.05410625977071412,4.2553842920049565,5,HPo,360,775.4730385002765,0.0,0.0,,,
,AK,,2045-Hlow,801.3942873763864,3410.2406622039807,0.17304716509413523,55.409313448799836,0.06914113854018035,4.2553842920049565,5,HPo,360,775.4730385002765,0.0,0.0,,,
,CH,,2024-Hhigh,829.487123946229,3339.4791632348247,0.17074659701935774,70.55015396170722,0.0850527415375294,4.025956602373136,5,HP,300,704.7115395311207,0.0,0.0,,,
,CH,,2024-Hlow,829.487123946229,3339.4791632348247,0.1814414656834804,91.00515431787153,0.10971255814667823,4.025956602373136,5,HP,300,704.7115395311207,0.0,0.0,,,
,CH,,2025-Hhigh,829.487123946229,3339.4791632348247,0.1814414656834804,50.748474423021,0.06118054513201912,4.025956602373136,5,HP,300,704.7115395311207,0.0,0.0,,,
,CH,,2025-Hlow,829.487123946229,3339.4791632348247,0.1814414656834804,68.0950411682911,0.08209294539056079,4.025956602373136,5,HP,300,704.7115395311207,0.0,0.0,,,
,CH,,2030-Hhigh,829.487123946229,3339.4791632348247,0.1814414656834804,39.61873488415328,0.047762929333574004,4.025956602373136,5,HP,300,704.7115395311207,0.0,0.0,,,
,CH,,2030-Hlow,829.487123946229,3339.4791632348247,0.1814414656834804,52.38584578486519,0.06315450146548757,4.025956602373136,5,HP,300,704.7115395311207,0.0,0.0,,,
,CH,,2035-Hhigh,829.487123946229,3339.4791632348247,0.1814414656834804,40.81601802932122,0.04920633105809018,4.025956602373136,5,HP,300,704.7115395311207,0.0,0.0,,,
,CH,,2035-Hlow,829.487123946229,3339.4791632348247,0.1814414656834804,51.947678404935395,0.06262626254859488,4.025956602373136,5,HP,300,704.7115395311207,0.0,0.0,,,
,CH,,2040-Hhigh,829.487123946229,3339.4791632348247,0.1814414656834804,42.465785764765144,0.05119523201606438,4.025956602373136,5,HP,300,704.7115395311207,0.0,0.0,,,
,CH,,2040-Hlow,829.487123946229,3339.4791632348247,0.1814414656834804,55.029451182046536,0.06634153755184004,4.025956602373136,5,HP,300,704.7115395311207,0.0,0.0,,,
,CH,,2045-Hhigh,829.487123946229,3339.4791632348247,0.1814414656834804,45.66214836999774,0.055048652416402985,4.025956602373136,5,HP,300,704.7115395311207,0.0,0.0,,,
,CH,,2045-Hlow,829.487123946229,3339.4791632348247,0.1814414656834804,58.4169463986002,0.07042538059022005,4.025956602373136,5,HP,300,704.7115395311207,0.0,0.0,,,
,CH,,2024-Hhigh,865.3280660882153,3481.1073301970373,0.1798833553338109,73.60412458900683,0.08505921334753437,4.022875793147056,5,HPo,360,846.3397064933334,0.0,0.0,,,
,CH,,2024-Hlow,865.3280660882153,3481.1073301970373,0.19057822399793353,95.09004720869699,0.1098890131214155,4.022875793147056,5,HPo,360,846.3397064933334,0.0,0.0,,,
,CH,,2025-Hhigh,865.3280660882153,3481.1073301970373,0.19057822399793353,52.999189866298735,0.06124751056080477,4.022875793147056,5,HPo,360,846.3397064933334,0.0,0.0,,,
,CH,,2025-Hlow,865.3280660882153,3481.1073301970373,0.19057822399793353,71.22025562702791,0.08230434030527262,4.022875793147056,5,HPo,360,846.3397064933334,0.0,0.0,,,
,CH,,2030-Hhigh,865.3280660882153,3481.1073301970373,0.19057822399793353,41.37909889216245,0.04781897238029038,4.022875793147056,5,HPo,360,846.3397064933334,0.0,0.0,,,
,CH,,2030-Hlow,865.3280660882153,3481.1073301970373,0.19057822399793353,54.803145021703955,0.06333221718954055,4.022875793147056,5,HPo,360,846.3397064933334,0.0,0.0,,,
,CH,,2035-Hhigh,865.3280660882153,3481.1073301970373,0.19057822399793353,42.72418525352546,0.04937339597300196,4.022875793147056,5,HPo,360,846.3397064933334,0.0,0.0,,,
,CH,,2035-Hlow,865.3280660882153,3481.1073301970373,0.19057822399793353,54.33566430696547,0.06279198195037655,4.022875793147056,5,HPo,360,846.3397064933334,0.0,0.0,,,
,CH,,2040-Hhigh,865.3280660882153,3481.1073301970373,0.19057822399793353,44.44046689775384,0.05135678436809582,4.022875793147056,5,HPo,360,846.3397064933334,0.0,0.0,,,
,CH,,2040-Hlow,865.3280660882153,3481.1073301970373,0.19057822399793353,57.45529953022999,0.06639712934536061,4.022875793147056,5,HPo,360,846.3397064933334,0.0,0.0,,,
,CH,,2045-Hhigh,865.3280660882153,3481.1073301970373,0.19057822399793353,47.70900705002322,0.05513401092570081,4.022875793147056,5,HPo,360,846.3397064933334,0.0,0.0,,,
,CH,,2045-Hlow,865.3280660882153,3481.1073301970373,0.19057822399793353,60.94328220500715,0.07042795050033004,4.022875793147056,5,HPo,360,846.3397064933334,0.0,0.0,,,
Mass-Nom-Ideal,AK,HYD1000,2024-Hhigh,1562.8617570396486,4990.1,0.8244515606650769,143.9226326949376,0.09208916402660838,3.1929247596743164,3,HYD1000,1000,870.1546917812933,0.0,0.0,6,0.0,0.0
Mass-Nom-Ideal,AK,HYD1000,2024-Hlow,1562.8617570396486,4990.1,0.822982468420289,224.04515903962505,0.1433557114251796,3.1929247596743164,3,HYD1000,1000,870.1546917812933,0.0,0.0,6,0.0,0.0
Mass-Nom-Ideal,AK,HYD1000,2025-Hhigh,1562.8617570396486,4990.1,0.822982468420289,112.31978565586321,0.0718680236111336,3.1929247596743164,3,HYD1000,1000,870.1546917812933,0.0,0.0,6,0.0,0.0
Mass-Nom-Ideal,AK,HYD1000,2025-Hlow,1562.8617570396486,4990.1,0.822982468420289,183.65468202500895,0.11751178963703426,3.1929247596743164,3,HYD1000,1000,870.1546917812933,0.0,0.0,6,0.0,0.0
Mass-Nom-Ideal,AK,HYD1000,2030-Hhigh,1562.8617570396486,4990.1,0.822982468420289,91.02444985390558,0.058242163418422144,3.1929247596743164,3,HYD1000,1000,870.1546917812933,0.0,0.0,6,0.0,0.0
Mass-Nom-Ideal,AK,HYD1000,2030-Hlow,1562.8617570396486,4990.1,0.822982468420289,143.88111603288627,0.09206259951323137,3.1929247596743164,3,HYD1000,1000,870.1546917812933,0.0,0.0,6,0.0,0.0
Mass-Nom-Ideal,AK,HYD1000,2035-Hhigh,1562.8617570396486,4990.1,0.822982468420289,94.47640275496067,0.060450901898013415,3.1929247596743164,3,HYD1000,1000,870.1546917812933,0.0,0.0,6,0.0,0.0
Mass-Nom-Ideal,AK,HYD1000,2035-Hlow,1562.8617570396486,4990.1,0.822982468420289,134.72258490032894,0.08620249634588194,3.1929247596743164,3,HYD1000,1000,870.1546917812933,0.0,0.0,6,0.0,0.0
Mass-Nom-Ideal,AK,HYD1000,2040-Hhigh,1562.8617570396486,4990.1,0.822982468420289,102.83224536297672,0.06579740332104622,3.1929247596743164,3,HYD1000,1000,870.1546917812933,0.0,0.0,6,0.0,0.0
Mass-Nom-Ideal,AK,HYD1000,2040-Hlow,1562.8617570396486,4990.1,0.822982468420289,149.75248171418266,0.09581940375701672,3.1929247596743164,3,HYD1000,1000,870.1546917812933,0.0,0.0,6,0.0,0.0
Mass-Nom-Ideal,AK,HYD1000,2045-Hhigh,1562.8617570396486,4990.1,0.822982468420289,114.43154419539795,0.07321923623760083,3.1929247596743164,3,HYD1000,1000,870.1546917812933,0.0,0.0,6,0.0,0.0
Mass-Nom-Ideal,AK,HYD1000,2045-Hlow,1562.8617570396486,4990.1,0.822982468420289,161.561629402761,0.10337550885421168,3.1929247596743164,3,HYD1000,1000,870.1546917812933,0.0,0.0,6,0.0,0.0
Mass-Nom-Ideal,AK,HYD200,2024-Hhigh,1234.4830383235394,4451.166666666667,0.6344965683573791,114.27329652798961,0.09256773319718979,3.605692851569244,3,HYD200,200,325.63872606977804,233.85808467085883,68.0,11.2,-619.6592306542215,120.0
Mass-Nom-Ideal,AK,HYD200,2024-Hlow,1234.4830383235394,4451.166666666667,0.6340162619190206,183.10970980566907,0.1483290609276713,3.605692851569244,3,HYD200,200,325.63872606977804,233.85808467085883,68.0,11.2,-619.6592306542215,120.0
Mass-Nom-Ideal,AK,HYD200,2025-Hhigh,1234.4830383235394,4451.166666666667,0.6340162619190206,88.84122681581687,0.07196634061207159,3.605692851569244,3,HYD200,200,325.63872606977804,233.85808467085883,68.0,11.2,-619.6592306542215,120.0
Mass-Nom-Ideal,AK,HYD200,2025-Hlow,1234.4830383235394,4451.166666666667,0.6340162619190206,149.46533139287385,0.12107524101412663,3.605692851569244,3,HYD200,200,325.63872606977804,233.85808467085883,68.0,11.2,-619.6592306542215,120.0
Mass-Nom-Ideal,AK,HYD200,2030-Hhigh,1234.4830383235394,4451.166666666667,0.6340162619190206,71.89169825596072,0.05823627868843913,3.605692851569244,3,HYD200,200,325.63872606977804,233.85808467085883,68.0,11.2,-619.6592306542215,120.0
Mass-Nom-Ideal,AK,HYD200,2030-Hlow,1234.4830383235394,4451.166666666667,0.6340162619190206,116.54679360521007,0.09440939242347444,3.605692851569244,3,HYD200,200,325.63872606977804,233.85808467085883,68.0,11.2,-619.6592306542215,120.0
Mass-Nom-Ideal,AK,HYD200,2035-Hhigh,1234.4830383235394,4451.166666666667,0.6340162619190206,75.05366839273712,0.06079765056526171,3.605692851569244,3,HYD200,200,325.63872606977804,233.85808467085883,68.0,11.2,-619.6592306542215,120.0
Mass-Nom-Ideal,AK,HYD200,2035-Hlow,1234.4830383235394,4451.166666666667,0.6340162619190206,108.57336118056976,0.08795046817979392,3.605692851569244,3,HYD200,200,325.63872606977804,233.85808467085883,68.0,11.2,-619.6592306542215,120.0
Mass-Nom-Ideal,AK,HYD200,2040-Hhigh,1234.4830383235394,4451.166666666667,0.6340162619190206,81.61625721896665,0.06611371293509523,3.605692851569244,3,HYD200,200,325.63872606977804,233.85808467085883,68.0,11.2,-619.6592306542215,120.0
Mass-Nom-Ideal,AK,HYD200,2040-Hlow,1234.4830383235394,4451.166666666667,0.6340162619190206,120.91360883500982,0.09794675591429243,3.605692851569244,3,HYD200,200,325.63872606977804,233.85808467085883,68.0,11.2,-619.6592306542215,120.0
Mass-Nom-Ideal,AK,HYD200,2045-Hhigh,1234.4830383235394,4451.166666666667,0.6340162619190206,90.58876466207636,0.07338194357461428,3.605692851569244,3,HYD200,200,325.63872606977804,233.85808467085883,68.0,11.2,-619.6592306542215,120.0
Mass-Nom-Ideal,AK,HYD200,2045-Hlow,1234.4830383235394,4451.166666666667,0.6340162619190206,130.08341342866143,0.105374808231726,3.605692851569244,3,HYD200,200,325.63872606977804,233.85808467085883,68.0,11.2,-619.6592306542215,120.0
Mass-Nom-Ideal,AK,HYD500,2024-Hhigh,1546.7045424260887,4686.333333333333,0.8431623947279782,142.72054341441373,0.09227395375108224,3.0298826988524707,3,HYD500,500,562.9883907885064,0.0,0.0,8.5,0.0,0.0
Mass-Nom-Ideal,AK,HYD500,2024-Hlow,1546.7045424260887,4686.333333333333,0.8426422989665967,224.0740082046403,0.14487188862403433,3.0298826988524707,3,HYD500,500,562.9883907885064,0.0,0.0,8.5,0.0,0.0
Mass-Nom-Ideal,AK,HYD500,2025-Hhigh,1546.7045424260887,4686.333333333333,0.8426422989665967,111.22230389003764,0.07190921138408213,3.0298826988524707,3,HYD500,500,562.9883907885064,0.0,0.0,8.5,0.0,0.0
Mass-Nom-Ideal,AK,HYD500,2025-Hlow,1546.7045424260887,4686.333333333333,0.8426422989665967,183.25031581335242,0.11847790627543804,3.0298826988524707,3,HYD500,500,562.9883907885064,0.0,0.0,8.5,0.0,0.0
Mass-Nom-Ideal,AK,HYD500,2030-Hhigh,1546.7045424260887,4686.333333333333,0.8426422989665967,90.01358180722832,0.058197011347776356,3.0298826988524707,3,HYD500,500,562.9883907885064,0.0,0.0,8.5,0.0,0.0
Mass-Nom-Ideal,AK,HYD500,2030-Hlow,1546.7045424260887,4686.333333333333,0.8426422989665967,143.2905232794539,0.0926424661911803,3.0298826988524707,3,HYD500,500,562.9883907885064,0.0,0.0,8.5,0.0,0.0
Mass-Nom-Ideal,AK,HYD500,2035-Hhigh,1546.7045424260887,4686.333333333333,0.8426422989665967,93.52335417278853,0.06046620515259634,3.0298826988524707,3,HYD500,500,562.9883907885064,0.0,0.0,8.5,0.0,0.0
Mass-Nom-Ideal,AK,HYD500,2035-Hlow,1546.7045424260887,4686.333333333333,0.8426422989665967,134.2340505892525,0.08678713154789033,3.0298826988524707,3,HYD500,500,562.9883907885064,0.0,0.0,8.5,0.0,0.0
Mass-Nom-Ideal,AK,HYD500,2040-Hhigh,1546.7045424260887,4686.333333333333,0.8426422989665967,101.70497106447692,0.06575591412238775,3.0298826988524707,3,HYD500,500,562.9883907885064,0.0,0.0,8.5,0.0,0.0
Mass-Nom-Ideal,AK,HYD500,2040-Hlow,1546.7045424260887,4686.333333333333,0.8426422989665967,149.11880916061548,0.09641066219842781,3.0298826988524707,3,HYD500,500,562.9883907885064,0.0,0.0,8.5,0.0,0.0
Mass-Nom-Ideal,AK,HYD500,2045-Hhigh,1546.7045424260887,4686.333333333333,0.8426422989665967,113.11955704398743,0.0731358536430968,3.0298826988524707,3,HYD500,500,562.9883907885064,0.0,0.0,8.5,0.0,0.0
Mass-Nom-Ideal,AK,HYD500,2045-Hlow,1546.7045424260887,4686.333333333333,0.8426422989665967,160.5694507647981,0.1038139129745726,3.0298826988524707,3,HYD500,500,562.9883907885064,0.0,0.0,8.5,0.0,0.0
Mass-Nom-Ideal,AK,HYD1000,2024-Hhigh,1696.857223014947,5461.8,0.8141134065777224,156.46019243430752,0.09220586759580851,3.2187740523599073,4,HYD1000,1000,862.5389031910364,0.0,0.0,6,0.0,0.0
Mass-Nom-Ideal,AK,HYD1000,2024-Hlow,1696.857223014947,5461.8,0.8150270046453544,237.31330203625527,0.1398546081647347,3.2187740523599073,4,HYD1000,1000,862.5389031910364,0.0,0.0,6,0.0,0.0
Mass-Nom-Ideal,AK,HYD1000,2025-Hhigh,1696.857223014947,5461.8,0.8150270046453544,120.73117515957138,0.07114987255383708,3.2187740523599073,4,HYD1000,1000,862.5389031910364,0.0,0.0,6,0.0,0.0
Mass-Nom-Ideal,AK,HYD1000,2025-Hlow,1696.857223014947,5461.8,0.8150270046453544,193.66832733952103,0.11413354330154804,3.2187740523599073,4,HYD1000,1000,862.5389031910364,0.0,0.0,6,0.0,0.0
Mass-Nom-Ideal,AK,HYD1000,2030-Hhigh,1696.857223014947,5461.8,0.8150270046453544,97.32314183151267,0.05735493859559414,3.2187740523599073,4,HYD1000,1000,862.5389031910364,0.0,0.0,6,0.0,0.0
Mass-Nom-Ideal,AK,HYD1000,2030-Hlow,1696.857223014947,5461.8,0.8150270046453544,151.73157286301222,0.08941917493412802,3.2187740523599073,4,HYD1000,1000,862.5389031910364,0.0,0.0,6,0.0,0.0
Mass-Nom-Ideal,AK,HYD1000,2035-Hhigh,1696.857223014947,5461.8,0.8150270046453544,101.17496330452114,0.05962491241588092,3.2187740523599073,4,HYD1000,1000,862.5389031910364,0.0,0.0,6,0.0,0.0
Mass-Nom-Ideal,AK,HYD1000,2035-Hlow,1696.857223014947,5461.8,0.8150270046453544,142.43881124318352,0.08394272028974875,3.2187740523599073,4,HYD1000,1000,862.5389031910364,0.0,0.0,6,0.0,0.0
Mass-Nom-Ideal,AK,HYD1000,2040-Hhigh,1696.857223014947,5461.8,0.8150270046453544,109.68291315469844,0.06463885804122972,3.2187740523599073,4,HYD1000,1000,862.5389031910364,0.0,0.0,6,0.0,0.0
Mass-Nom-Ideal,AK,HYD1000,2040-Hlow,1696.857223014947,5461.8,0.8150270046453544,157.25575396515922,0.09267471171543229,3.2187740523599073,4,HYD1000,1000,862.5389031910364,0.0,0.0,6,0.0,0.0
Mass-Nom-Ideal,AK,HYD1000,2045-Hhigh,1696.857223014947,5461.8,0.8150270046453544,121.82843092648955,0.0717965125610432,3.2187740523599073,4,HYD1000,1000,862.5389031910364,0.0,0.0,6,0.0,0.0
Mass-Nom-Ideal,AK,HYD1000,2045-Hlow,1696.857223014947,5461.8,0.8150270046453544,170.30497185921735,0.10036493910585026,3.2187740523599073,4,HYD1000,1000,862.5389031910364,0.0,0.0,6,0.0,0.0
Mass-Nom-Ideal,AK,HYD200,2024-Hhigh,1348.8804456713083,4928.666666666666,0.6047274568165676,124.92294461133088,0.09261231787607349,3.653894370315211,4,HYD200,200,324.2596470734102,671.8547741904111,112.0,11.2,-366.855405150261,103.0
Mass-Nom-Ideal,AK,HYD200,2024-Hlow,1348.8804456713083,4928.666666666666,0.6042471503782092,194.27583277700552,0.14402746618535098,3.653894370315211,4,HYD200,200,324.2596470734102,671.8547741904111,112.0,11.2,-366.855405150261,103.0
Mass-Nom-Ideal,AK,HYD200,2025-Hhigh,1348.8804456713083,4928.666666666666,0.6042471503782092,95.65155380760156,0.07091180994917445,3.653894370315211,4,HYD200,200,324.2596470734102,671.8547741904111,112.0,11.2,-366.855405150261,103.0
Mass-Nom-Ideal,AK,HYD200,2025-Hlow,1348.8804456713083,4928.666666666666,0.6042471503782092,157.61267963029823,0.11684703424687712,3.653894370315211,4,HYD200,200,324.2596470734102,671.8547741904111,112.0,11.2,-366.855405150261,103.0
Mass-Nom-Ideal,AK,HYD200,2030-Hhigh,1348.8804456713083,4928.666666666666,0.6042471503782092,76.76453523554684,0.056909813973426544,3.653894370315211,4,HYD200,200,324.2596470734102,671.8547741904111,112.0,11.2,-366.855405150261,103.0
Mass-Nom-Ideal,AK,HYD200,2030-Hlow,1348.8804456713083,4928.666666666666,0.6042471503782092,122.76145328945303,0.09100988429582975,3.653894370315211,4,HYD200,200,324.2596470734102,671.8547741904111,112.0,11.2,-366.855405150261,103.0
Mass-Nom-Ideal,AK,HYD200,2035-Hhigh,1348.8804456713083,4928.666666666666,0.6042471503782092,80.38641173820237,0.059594912207505395,3.653894370315211,4,HYD200,200,324.2596470734102,671.8547741904111,112.0,11.2,-366.855405150261,103.0
Mass-Nom-Ideal,AK,HYD200,2035-Hlow,1348.8804456713083,4928.666666666666,0.6042471503782092,114.595520811797,0.08495602496095592,3.653894370315211,4,HYD200,200,324.2596470734102,671.8547741904111,112.0,11.2,-366.855405150261,103.0
Mass-Nom-Ideal,AK,HYD200,2040-Hhigh,1348.8804456713083,4928.666666666666,0.6042471503782092,86.89020495605982,0.06441653538302756,3.653894370315211,4,HYD200,200,324.2596470734102,671.8547741904111,112.0,11.2,-366.855405150261,103.0
Mass-Nom-Ideal,AK,HYD200,2040-Hlow,1348.8804456713083,4928.666666666666,0.6042471503782092,126.455023228932,0.09374813285694723,3.653894370315211,4,HYD200,200,324.2596470734102,671.8547741904111,112.0,11.2,-366.855405150261,103.0
Mass-Nom-Ideal,AK,HYD200,2045-Hhigh,1348.8804456713083,4928.666666666666,0.6042471503782092,96.17927411193016,0.07130303832380329,3.653894370315211,4,HYD200,200,324.2596470734102,671.8547741904111,112.0,11.2,-366.855405150261,103.0
Mass-Nom-Ideal,AK,HYD200,2045-Hlow,1348.8804456713083,4928.666666666666,0.6042471503782092,136.7817508490357,0.10140390965558287,3.653894370315211,4,HYD200,200,324.2596470734102,671.8547741904111,112.0,11.2,-366.855405150261,103.0
Mass-Nom-Ideal,AK,HYD500,2024-Hhigh,1688.292445324438,5161.625,0.817735129758686,155.91934000515076,0.09235327708594221,3.057305038765422,4,HYD500,500,558.9316704024922,0.0,0.0,8.5,0.0,0.0
Mass-Nom-Ideal,AK,HYD500,2024-Hlow,1688.292445324438,5161.625,0.8173883992510984,237.87238555075172,0.14089524964085232,3.057305038765422,4,HYD500,500,558.9316704024922,0.0,0.0,8.5,0.0,0.0
Mass-Nom-Ideal,AK,HYD500,2025-Hhigh,1688.292445324438,5161.625,0.8173883992510984,119.90273793783393,0.07102012348032057,3.057305038765422,4,HYD500,500,558.9316704024922,0.0,0.0,8.5,0.0,0.0
Mass-Nom-Ideal,AK,HYD500,2025-Hlow,1688.292445324438,5161.625,0.8173883992510984,193.46465387594074,0.11459190877251292,3.057305038765422,4,HYD500,500,558.9316704024922,0.0,0.0,8.5,0.0,0.0
Mass-Nom-Ideal,AK,HYD500,2030-Hhigh,1688.292445324438,5161.625,0.8173883992510984,96.33903936904848,0.057063004478785706,3.057305038765422,4,HYD500,500,558.9316704024922,0.0,0.0,8.5,0.0,0.0
Mass-Nom-Ideal,AK,HYD500,2030-Hlow,1688.292445324438,5161.625,0.8173883992510984,151.14927920628156,0.08952790117901363,3.057305038765422,4,HYD500,500,558.9316704024922,0.0,0.0,8.5,0.0,0.0
Mass-Nom-Ideal,AK,HYD500,2035-Hhigh,1688.292445324438,5161.625,0.8173883992510984,100.33381725324934,0.059429169117657374,3.057305038765422,4,HYD500,500,558.9316704024922,0.0,0.0,8.5,0.0,0.0
Mass-Nom-Ideal,AK,HYD500,2035-Hlow,1688.292445324438,5161.625,0.8173883992510984,141.89661869089065,0.084047416716138,3.057305038765422,4,HYD500,500,558.9316704024922,0.0,0.0,8.5,0.0,0.0
Mass-Nom-Ideal,AK,HYD500,2040-Hhigh,1688.292445324438,5161.625,0.8173883992510984,108.57605884459063,0.06431116785796293,3.057305038765422,4,HYD500,500,558.9316704024922,0.0,0.0,8.5,0.0,0.0
Mass-Nom-Ideal,AK,HYD500,2040-Hlow,1688.292445324438,5161.625,0.8173883992510984,156.37284548371463,0.09262189493104352,3.057305038765422,4,HYD500,500,558.9316704024922,0.0,0.0,8.5,0.0,0.0
Mass-Nom-Ideal,AK,HYD500,2045-Hhigh,1688.292445324438,5161.625,0.8173883992510984,120.3999843384502,0.07131464970531987,3.057305038765422,4,HYD500,500,558.9316704024922,0.0,0.0,8.5,0.0,0.0
Mass-Nom-Ideal,AK,HYD500,2045-Hlow,1688.292445324438,5161.625,0.8173883992510984,169.200921942193,0.10022014989806921,3.057305038765422,4,HYD500,500,558.9316704024922,0.0,0.0,8.5,0.0,0.0
Mass-Nom-Ideal,AK,HYD1000,2024-Hhigh,1837.4673096845715,5936.299999999999,0.9021032348590006,169.12763280728043,0.09204388666719393,3.2306969319737466,5,HYD1000,1000,858.6643721586316,0.0,0.0,6,0.0,0.0
Mass-Nom-Ideal,AK,HYD1000,2024-Hlow,1837.4673096845715,5936.299999999999,0.913263801957265,252.9309710597178,0.13765195697720312,3.2306969319737466,5,HYD1000,1000,858.6643721586316,0.0,0.0,6,0.0,0.0
Mass-Nom-Ideal,AK,HYD1000,2025-Hhigh,1837.4673096845715,5936.299999999999,0.913263801957265,130.27581912297637,0.07089966631588136,3.2306969319737466,5,HYD1000,1000,858.6643721586316,0.0,0.0,6,0.0,0.0
Mass-Nom-Ideal,AK,HYD1000,2025-Hlow,1837.4673096845715,5936.299999999999,0.913263801957265,205.40226582152246,0.11178553476240227,3.2306969319737466,5,HYD1000,1000,858.6643721586316,0.0,0.0,6,0.0,0.0
Mass-Nom-Ideal,AK,HYD1000,2030-Hhigh,1837.4673096845715,5936.299999999999,0.913263801957265,105.10165754166769,0.05719919858585672,3.2306969319737466,5,HYD1000,1000,858.6643721586316,0.0,0.0,6,0.0,0.0
Mass-Nom-Ideal,AK,HYD1000,2030-Hlow,1837.4673096845715,5936.299999999999,0.913263801957265,160.8112760262414,0.08751789769465179,3.2306969319737466,5,HYD1000,1000,858.6643721586316,0.0,0.0,6,0.0,0.0
Mass-Nom-Ideal,AK,HYD1000,2035-Hhigh,1837.4673096845715,5936.299999999999,0.913263801957265,108.8685756864667,0.05924925853791412,3.2306969319737466,5,HYD1000,1000,858.6643721586316,0.0,0.0,6,0.0,0.0
Mass-Nom-Ideal,AK,HYD1000,2035-Hlow,1837.4673096845715,5936.299999999999,0.913263801957265,151.46004866702577,0.08242870382985269,3.2306969319737466,5,HYD1000,1000,858.6643721586316,0.0,0.0,6,0.0,0.0
Mass-Nom-Ideal,AK,HYD1000,2040-Hhigh,1837.4673096845715,5936.299999999999,0.913263801957265,117.79505915925999,0.06410729515480809,3.2306969319737466,5,HYD1000,1000,858.6643721586316,0.0,0.0,6,0.0,0.0
Mass-Nom-Ideal,AK,HYD1000,2040-Hlow,1837.4673096845715,5936.299999999999,0.913263801957265,167.88326069233162,0.0913666653047293,3.2306969319737466,5,HYD1000,1000,858.6643721586316,0.0,0.0,6,0.0,0.0
Mass-Nom-Ideal,AK,HYD1000,2045-Hhigh,1837.4673096845715,5936.299999999999,0.913263801957265,130.60534408374764,0.0710790028183783,3.2306969319737466,5,HYD1000,1000,858.6643721586316,0.0,0.0,6,0.0,0.0
Mass-Nom-Ideal,AK,HYD1000,2045-Hlow,1837.4673096845715,5936.299999999999,0.913263801957265,181.27665605329588,0.09865571762711506,3.2306969319737466,5,HYD1000,1000,858.6643721586316,0.0,0.0,6,0.0,0.0
Mass-Nom-Ideal,AK,HYD200,2024-Hhigh,1469.4371049643453,5407.166666666667,0.6632888762423915,135.4131188818717,0.09215305536003693,3.6797537290974205,5,HYD200,200,323.3005820915793,715.2944487895585,130.0,11.2,-600.1602284036373,162.0
Mass-Nom-Ideal,AK,HYD200,2024-Hlow,1469.4371049643453,5407.166666666667,0.6756832774392781,207.76849348966803,0.14139325377570983,3.6797537290974205,5,HYD200,200,323.3005820915793,715.2944487895585,130.0,11.2,-600.1602284036373,162.0
Mass-Nom-Ideal,AK,HYD200,2025-Hhigh,1469.4371049643453,5407.166666666667,0.6756832774392781,103.39368259574901,0.07036278194312902,3.6797537290974205,5,HYD200,200,323.3005820915793,715.2944487895585,130.0,11.2,-600.1602284036373,162.0
Mass-Nom-Ideal,AK,HYD200,2025-Hlow,1469.4371049643453,5407.166666666667,0.6756832774392781,167.56511169927305,0.11403353783103148,3.6797537290974205,5,HYD200,200,323.3005820915793,715.2944487895585,130.0,11.2,-600.1602284036373,162.0
Mass-Nom-Ideal,AK,HYD200,2030-Hhigh,1469.4371049643453,5407.166666666667,0.6756832774392781,83.06829486910223,0.056530690962181614,3.6797537290974205,5,HYD200,200,323.3005820915793,715.2944487895585,130.0,11.2,-600.1602284036373,162.0
Mass-Nom-Ideal,AK,HYD200,2030-Hlow,1469.4371049643453,5407.166666666667,0.6756832774392781,130.27361354958882,0.0886554539214183,3.6797537290974205,5,HYD200,200,323.3005820915793,715.2944487895585,130.0,11.2,-600.1602284036373,162.0
Mass-Nom-Ideal,AK,HYD200,2035-Hhigh,1469.4371049643453,5407.166666666667,0.6756832774392781,86.54331257765885,0.058895554144700026,3.6797537290974205,5,HYD200,200,323.3005820915793,715.2944487895585,130.0,11.2,-600.1602284036373,162.0
Mass-Nom-Ideal,AK,HYD200,2035-Hlow,1469.4371049643453,5407.166666666667,0.6756832774392781,122.06987170155618,0.08307253933438553,3.6797537290974205,5,HYD200,200,323.3005820915793,715.2944487895585,130.0,11.2,-600.1602284036373,162.0
Mass-Nom-Ideal,AK,HYD200,2040-Hhigh,1469.4371049643453,5407.166666666667,0.6756832774392781,93.51319395419321,0.06363878633407874,3.6797537290974205,5,HYD200,200,323.3005820915793,715.2944487895585,130.0,11.2,-600.1602284036373,162.0
Mass-Nom-Ideal,AK,HYD200,2040-Hlow,1469.4371049643453,5407.166666666667,0.6756832774392781,135.23865602806936,0.09203432768315103,3.6797537290974205,5,HYD200,200,323.3005820915793,715.2944487895585,130.0,11.2,-600.1602284036373,162.0
Mass-Nom-Ideal,AK,HYD200,2045-Hhigh,1469.4371049643453,5407.166666666667,0.6756832774392781,103.29983607720044,0.07029891631850886,3.6797537290974205,5,HYD200,200,323.3005820915793,715.2944487895585,130.0,11.2,-600.1602284036373,162.0
Mass-Nom-Ideal,AK,HYD200,2045-Hlow,1469.4371049643453,5407.166666666667,0.6756832774392781,145.72379116194497,0.09916980500195062,3.6797537290974205,5,HYD200,200,323.3005820915793,715.2944487895585,130.0,11.2,-600.1602284036373,162.0
Mass-Nom-Ideal,AK,HYD500,2024-Hhigh,1836.2289937668324,5638.475,0.8936403048744127,168.8820291832223,0.09197220485925256,3.070681826253738,5,HYD500,500,556.965916420662,0.0,0.0,8.5,0.0,0.0
Mass-Nom-Ideal,AK,HYD500,2024-Hlow,1836.2289937668324,5638.475,0.9084984012715515,254.18569075011425,0.13842809998805147,3.070681826253738,5,HYD500,500,556.965916420662,0.0,0.0,8.5,0.0,0.0
Mass-Nom-Ideal,AK,HYD500,2025-Hhigh,1836.2289937668324,5638.475,0.9084984012715515,129.42926198218822,0.07048644935982498,3.070681826253738,5,HYD500,500,556.965916420662,0.0,0.0,8.5,0.0,0.0
Mass-Nom-Ideal,AK,HYD500,2025-Hlow,1836.2289937668324,5638.475,0.9084984012715515,205.52325614064077,0.11192681132816187,3.070681826253738,5,HYD500,500,556.965916420662,0.0,0.0,8.5,0.0,0.0
Mass-Nom-Ideal,AK,HYD500,2030-Hhigh,1836.2289937668324,5638.475,0.9084984012715515,104.13194920327149,0.05670967485904666,3.070681826253738,5,HYD500,500,556.965916420662,0.0,0.0,8.5,0.0,0.0
Mass-Nom-Ideal,AK,HYD500,2030-Hlow,1836.2289937668324,5638.475,0.9084984012715515,160.2918579699721,0.08729404584836124,3.070681826253738,5,HYD500,500,556.965916420662,0.0,0.0,8.5,0.0,0.0
Mass-Nom-Ideal,AK,HYD500,2035-Hhigh,1836.2289937668324,5638.475,0.9084984012715515,108.02101181274574,0.058827636519970146,3.070681826253738,5,HYD500,500,556.965916420662,0.0,0.0,8.5,0.0,0.0
Mass-Nom-Ideal,AK,HYD500,2035-Hlow,1836.2289937668324,5638.475,0.9084984012715515,151.1001026593235,0.08228826751578375,3.070681826253738,5,HYD500,500,556.965916420662,0.0,0.0,8.5,0.0,0.0
Mass-Nom-Ideal,AK,HYD500,2040-Hhigh,1836.2289937668324,5638.475,0.9084984012715515,116.72655307172558,0.06356862540998942,3.070681826253738,5,HYD500,500,556.965916420662,0.0,0.0,8.5,0.0,0.0
Mass-Nom-Ideal,AK,HYD500,2040-Hlow,1836.2289937668324,5638.475,0.9084984012715515,166.95613636374094,0.09092337444321028,3.070681826253738,5,HYD500,500,556.965916420662,0.0,0.0,8.5,0.0,0.0
Mass-Nom-Ideal,AK,HYD500,2045-Hhigh,1836.2289937668324,5638.475,0.9084984012715515,129.1421571380519,0.07033009367373633,3.070681826253738,5,HYD500,500,556.965916420662,0.0,0.0,8.5,0.0,0.0
Mass-Nom-Ideal,AK,HYD500,2045-Hlow,1836.2289937668324,5638.475,0.9084984012715515,180.0420651541057,0.09804989778794863,3.070681826253738,5,HYD500,500,556.965916420662,0.0,0.0,8.5,0.0,0.0
Mass-Nom-Ideal,CH,HYD1000,2024-Hhigh,3363.2895194157263,9409.754133333332,1.6078157382165874,338.4836712053644,0.10064065827558195,2.7977829678391775,3,HYD1000,1000,984.7122305193888,0.0,0.0,11.2,0.0,0.0
Mass-Nom-Ideal,CH,HYD1000,2024-Hlow,3363.2895194157263,9409.754133333332,1.6261299180087863,508.11969614653674,0.151078190923869,2.7977829678391775,3,HYD1000,1000,984.7122305193888,0.0,0.0,11.2,0.0,0.0
Mass-Nom-Ideal,CH,HYD1000,2025-Hhigh,3363.2895194157263,9409.754133333332,1.6261299180087863,265.16874423836265,0.07884208085791794,2.7977829678391775,3,HYD1000,1000,984.7122305193888,0.0,0.0,11.2,0.0,0.0
Mass-Nom-Ideal,CH,HYD1000,2025-Hlow,3363.2895194157263,9409.754133333332,1.6261299180087863,414.6265766165049,0.12328007274513025,2.7977829678391775,3,HYD1000,1000,984.7122305193888,0.0,0.0,11.2,0.0,0.0
Mass-Nom-Ideal,CH,HYD1000,2030-Hhigh,3363.2895194157263,9409.754133333332,1.6261299180087863,212.90949228910432,0.06330394426647253,2.7977829678391775,3,HYD1000,1000,984.7122305193888,0.0,0.0,11.2,0.0,0.0
Mass-Nom-Ideal,CH,HYD1000,2030-Hlow,3363.2895194157263,9409.754133333332,1.6261299180087863,322.27655358997185,0.09582182911388432,2.7977829678391775,3,HYD1000,1000,984.7122305193888,0.0,0.0,11.2,0.0,0.0
Mass-Nom-Ideal,CH,HYD1000,2035-Hhigh,3363.2895194157263,9409.754133333332,1.6261299180087863,220.36284055864792,0.0655200330767033,2.7977829678391775,3,HYD1000,1000,984.7122305193888,0.0,0.0,11.2,0.0,0.0
Mass-Nom-Ideal,CH,HYD1000,2035-Hlow,3363.2895194157263,9409.754133333332,1.6261299180087863,301.77948516630545,0.08972747764478238,2.7977829678391775,3,HYD1000,1000,984.7122305193888,0.0,0.0,11.2,0.0,0.0
Mass-Nom-Ideal,CH,HYD1000,2040-Hhigh,3363.2895194157263,9409.754133333332,1.6261299180087863,237.7419583595638,0.07068733065860608,2.7977829678391775,3,HYD1000,1000,984.7122305193888,0.0,0.0,11.2,0.0,0.0
Mass-Nom-Ideal,CH,HYD1000,2040-Hlow,3363.2895194157263,9409.754133333332,1.6261299180087863,328.51905083496905,0.09767789806333405,2.7977829678391775,3,HYD1000,1000,984.7122305193888,0.0,0.0,11.2,0.0,0.0
Mass-Nom-Ideal,CH,HYD1000,2045-Hhigh,3363.2895194157263,9409.754133333332,1.6261299180087863,261.4480611103187,0.07773581774659045,2.7977829678391775,3,HYD1000,1000,984.7122305193888,0.0,0.0,11.2,0.0,0.0
Mass-Nom-Ideal,CH,HYD1000,2045-Hlow,3363.2895194157263,9409.754133333332,1.6261299180087863,354.2425504719661,0.10532621364499879,2.7977829678391775,3,HYD1000,1000,984.7122305193888,0.0,0.0,11.2,0.0,0.0
Mass-Nom-Ideal,CH,HYD200,2024-Hhigh,3088.9024495713707,8801.8,1.3138056756679515,308.7186192392124,0.09994443796114426,2.84949108743184,3,HYD200,200,371.0684792356438,16.50821799855913,11.0,14,-253.32409547442234,74.0
Mass-Nom-Ideal,CH,HYD200,2024-Hlow,3088.9024495713707,8801.8,1.3303792653244133,464.6171188550148,0.15041495367375135,2.84949108743184,3,HYD200,200,371.0684792356438,16.50821799855913,11.0,14,-253.32409547442234,74.0
Mass-Nom-Ideal,CH,HYD200,2025-Hhigh,3088.9024495713707,8801.8,1.3303792653244133,240.4327888537021,0.07783761150730596,2.84949108743184,3,HYD200,200,371.0684792356438,16.50821799855913,11.0,14,-253.32409547442234,74.0
Mass-Nom-Ideal,CH,HYD200,2025-Hlow,3088.9024495713707,8801.8,1.3303792653244133,377.2678446613508,0.12213653581507636,2.84949108743184,3,HYD200,200,371.0684792356438,16.50821799855913,11.0,14,-253.32409547442234,74.0
Mass-Nom-Ideal,CH,HYD200,2030-Hhigh,3088.9024495713707,8801.8,1.3303792653244133,192.67402602422533,0.062376209404399155,2.84949108743184,3,HYD200,200,371.0684792356438,16.50821799855913,11.0,14,-253.32409547442234,74.0
Mass-Nom-Ideal,CH,HYD200,2030-Hlow,3088.9024495713707,8801.8,1.3303792653244133,292.66632734227977,0.09474767562921627,2.84949108743184,3,HYD200,200,371.0684792356438,16.50821799855913,11.0,14,-253.32409547442234,74.0
Mass-Nom-Ideal,CH,HYD200,2035-Hhigh,3088.9024495713707,8801.8,1.3303792653244133,199.48301888966168,0.06458054993525056,2.84949108743184,3,HYD200,200,371.0684792356438,16.50821799855913,11.0,14,-253.32409547442234,74.0
Mass-Nom-Ideal,CH,HYD200,2035-Hlow,3088.9024495713707,8801.8,1.3303792653244133,275.05947651811556,0.08904764103388373,2.84949108743184,3,HYD200,200,371.0684792356438,16.50821799855913,11.0,14,-253.32409547442234,74.0
Mass-Nom-Ideal,CH,HYD200,2040-Hhigh,3088.9024495713707,8801.8,1.3303792653244133,214.90400837220864,0.06957293468494923,2.84949108743184,3,HYD200,200,371.0684792356438,16.50821799855913,11.0,14,-253.32409547442234,74.0
Mass-Nom-Ideal,CH,HYD200,2040-Hlow,3088.9024495713707,8801.8,1.3303792653244133,298.7669354348966,0.09672268396703651,2.84949108743184,3,HYD200,200,371.0684792356438,16.50821799855913,11.0,14,-253.32409547442234,74.0
Mass-Nom-Ideal,CH,HYD200,2045-Hhigh,3088.9024495713707,8801.8,1.3303792653244133,236.0350865602176,0.07641390118777329,2.84949108743184,3,HYD200,200,371.0684792356438,16.50821799855913,11.0,14,-253.32409547442234,74.0
Mass-Nom-Ideal,CH,HYD200,2045-Hlow,3088.9024495713707,8801.8,1.3303792653244133,320.9010978001423,0.10388838852605135,2.84949108743184,3,HYD200,200,371.0684792356438,16.50821799855913,11.0,14,-253.32409547442234,74.0
Mass-Nom-Ideal,CH,HYD500,2024-Hhigh,3185.777836914883,9068.266666666666,1.4552157373110284,317.85886738741897,0.09977433570673416,2.846484322161147,3,HYD500,500,639.6661564973243,0.0,0.0,14,0.0,0.0
Mass-Nom-Ideal,CH,HYD500,2024-Hlow,3185.777836914883,9068.266666666666,1.47162226224402,476.7129413994455,0.14963784852652995,2.846484322161147,3,HYD500,500,639.6661564973243,0.0,0.0,14,0.0,0.0
Mass-Nom-Ideal,CH,HYD500,2025-Hhigh,3185.777836914883,9068.266666666666,1.47162226224402,248.3891970689252,0.07796814774424636,2.846484322161147,3,HYD500,500,639.6661564973243,0.0,0.0,14,0.0,0.0
Mass-Nom-Ideal,CH,HYD500,2025-Hlow,3185.777836914883,9068.266666666666,1.47162226224402,387.8130364782375,0.12173260545179661,2.846484322161147,3,HYD500,500,639.6661564973243,0.0,0.0,14,0.0,0.0
Mass-Nom-Ideal,CH,HYD500,2030-Hhigh,3185.777836914883,9068.266666666666,1.47162226224402,199.1946470004979,0.06252622034479297,2.846484322161147,3,HYD500,500,639.6661564973243,0.0,0.0,14,0.0,0.0
Mass-Nom-Ideal,CH,HYD500,2030-Hlow,3185.777836914883,9068.266666666666,1.47162226224402,301.18701066918254,0.09454112185074806,2.846484322161147,3,HYD500,500,639.6661564973243,0.0,0.0,14,0.0,0.0
Mass-Nom-Ideal,CH,HYD500,2035-Hhigh,3185.777836914883,9068.266666666666,1.47162226224402,205.9852749554592,0.06465776507345407,2.846484322161147,3,HYD500,500,639.6661564973243,0.0,0.0,14,0.0,0.0
Mass-Nom-Ideal,CH,HYD500,2035-Hlow,3185.777836914883,9068.266666666666,1.47162226224402,283.24928314461073,0.08891055737235908,2.846484322161147,3,HYD500,500,639.6661564973243,0.0,0.0,14,0.0,0.0
Mass-Nom-Ideal,CH,HYD500,2040-Hhigh,3185.777836914883,9068.266666666666,1.47162226224402,222.1272151197571,0.06972464072851538,2.846484322161147,3,HYD500,500,639.6661564973243,0.0,0.0,14,0.0,0.0
Mass-Nom-Ideal,CH,HYD500,2040-Hlow,3185.777836914883,9068.266666666666,1.47162226224402,307.67542627595765,0.09657780360915294,2.846484322161147,3,HYD500,500,639.6661564973243,0.0,0.0,14,0.0,0.0
Mass-Nom-Ideal,CH,HYD500,2045-Hhigh,3185.777836914883,9068.266666666666,1.47162226224402,244.22643200375012,0.07666147625669333,2.846484322161147,3,HYD500,500,639.6661564973243,0.0,0.0,14,0.0,0.0
Mass-Nom-Ideal,CH,HYD500,2045-Hlow,3185.777836914883,9068.266666666666,1.47162226224402,330.9372958548033,0.1038795901020154,2.846484322161147,3,HYD500,500,639.6661564973243,0.0,0.0,14,0.0,0.0
Mass-Nom-Ideal,CH,HYD1000,2024-Hhigh,3500.145909548877,9885.106866666667,1.5499745022336988,351.8498092557092,0.10052432622760518,2.824198511181703,4,HYD1000,1000,980.6926152532367,0.0,0.0,11.2,0.0,0.0
Mass-Nom-Ideal,CH,HYD1000,2024-Hlow,3500.145909548877,9885.106866666667,1.5684068856231628,522.5025493641552,0.149280219415624,2.824198511181703,4,HYD1000,1000,980.6926152532367,0.0,0.0,11.2,0.0,0.0
Mass-Nom-Ideal,CH,HYD1000,2025-Hhigh,3500.145909548877,9885.106866666667,1.5684068856231628,274.29665927625837,0.0783672070721222,2.824198511181703,4,HYD1000,1000,980.6926152532367,0.0,0.0,11.2,0.0,0.0
Mass-Nom-Ideal,CH,HYD1000,2025-Hlow,3500.145909548877,9885.106866666667,1.5684068856231628,425.60427272269715,0.12159615162373387,2.824198511181703,4,HYD1000,1000,980.6926152532367,0.0,0.0,11.2,0.0,0.0
Mass-Nom-Ideal,CH,HYD1000,2030-Hhigh,3500.145909548877,9885.106866666667,1.5684068856231628,219.75471081944616,0.06278444284848961,2.824198511181703,4,HYD1000,1000,980.6926152532367,0.0,0.0,11.2,0.0,0.0
Mass-Nom-Ideal,CH,HYD1000,2030-Hlow,3500.145909548877,9885.106866666667,1.5684068856231628,330.79256146102523,0.09450822051691556,2.824198511181703,4,HYD1000,1000,980.6926152532367,0.0,0.0,11.2,0.0,0.0
Mass-Nom-Ideal,CH,HYD1000,2035-Hhigh,3500.145909548877,9885.106866666667,1.5684068856231628,227.57273866609805,0.0650180719738707,2.824198511181703,4,HYD1000,1000,980.6926152532367,0.0,0.0,11.2,0.0,0.0
Mass-Nom-Ideal,CH,HYD1000,2035-Hlow,3500.145909548877,9885.106866666667,1.5684068856231628,310.2228042901243,0.08863139203534173,2.824198511181703,4,HYD1000,1000,980.6926152532367,0.0,0.0,11.2,0.0,0.0
Mass-Nom-Ideal,CH,HYD1000,2040-Hhigh,3500.145909548877,9885.106866666667,1.5684068856231628,245.1382876696097,0.07003659104634435,2.824198511181703,4,HYD1000,1000,980.6926152532367,0.0,0.0,11.2,0.0,0.0
Mass-Nom-Ideal,CH,HYD1000,2040-Hlow,3500.145909548877,9885.106866666667,1.5684068856231628,336.67030757206265,0.09618750654182158,2.824198511181703,4,HYD1000,1000,980.6926152532367,0.0,0.0,11.2,0.0,0.0
Mass-Nom-Ideal,CH,HYD1000,2045-Hhigh,3500.145909548877,9885.106866666667,1.5684068856231628,269.46852851318266,0.0769877986452038,2.824198511181703,4,HYD1000,1000,980.6926152532367,0.0,0.0,11.2,0.0,0.0
Mass-Nom-Ideal,CH,HYD1000,2045-Hlow,3500.145909548877,9885.106866666667,1.5684068856231628,363.8028528106083,0.10393933916243442,2.824198511181703,4,HYD1000,1000,980.6926152532367,0.0,0.0,11.2,0.0,0.0
Mass-Nom-Ideal,CH,HYD200,2024-Hhigh,3228.0673812292894,9280.366666666667,1.2986603920849282,321.9207208564912,0.09972552702227042,2.8748986841571393,4,HYD200,200,370.35019874798763,34.46732806080165,22.0,14,-220.88427196417825,86.0
Mass-Nom-Ideal,CH,HYD200,2024-Hlow,3228.0673812292894,9280.366666666667,1.3152339817413896,478.50777674567087,0.1482335156719836,2.8748986841571393,4,HYD200,200,370.35019874798763,34.46732806080165,22.0,14,-220.88427196417825,86.0
Mass-Nom-Ideal,CH,HYD200,2025-Hhigh,3228.0673812292894,9280.366666666667,1.3152339817413896,248.9430181554975,0.07711828433416926,2.8748986841571393,4,HYD200,200,370.35019874798763,34.46732806080165,22.0,14,-220.88427196417825,86.0
Mass-Nom-Ideal,CH,HYD200,2025-Hlow,3228.0673812292894,9280.366666666667,1.3152339817413896,387.29615642018143,0.11997771752604931,2.8748986841571393,4,HYD200,200,370.35019874798763,34.46732806080165,22.0,14,-220.88427196417825,86.0
Mass-Nom-Ideal,CH,HYD200,2030-Hhigh,3228.0673812292894,9280.366666666667,1.3152339817413896,198.76534295760862,0.061574099758077615,2.8748986841571393,4,HYD200,200,370.35019874798763,34.46732806080165,22.0,14,-220.88427196417825,86.0
Mass-Nom-Ideal,CH,HYD200,2030-Hlow,3228.0673812292894,9280.366666666667,1.3152339817413896,300.34760593929246,0.09304254542075768,2.8748986841571393,4,HYD200,200,370.35019874798763,34.46732806080165,22.0,14,-220.88427196417825,86.0
Mass-Nom-Ideal,CH,HYD200,2035-Hhigh,3228.0673812292894,9280.366666666667,1.3152339817413896,206.04513436885483,0.06382925448426985,2.8748986841571393,4,HYD200,200,370.35019874798763,34.46732806080165,22.0,14,-220.88427196417825,86.0
Mass-Nom-Ideal,CH,HYD200,2035-Hlow,3228.0673812292894,9280.366666666667,1.3152339817413896,282.68811856966033,0.08757193861982183,2.8748986841571393,4,HYD200,200,370.35019874798763,34.46732806080165,22.0,14,-220.88427196417825,86.0
Mass-Nom-Ideal,CH,HYD200,2040-Hhigh,3228.0673812292894,9280.366666666667,1.3152339817413896,221.49776245502122,0.06861621406758617,2.8748986841571393,4,HYD200,200,370.35019874798763,34.46732806080165,22.0,14,-220.88427196417825,86.0
Mass-Nom-Ideal,CH,HYD200,2040-Hlow,3228.0673812292894,9280.366666666667,1.3152339817413896,305.67169040264497,0.09469185562236972,2.8748986841571393,4,HYD200,200,370.35019874798763,34.46732806080165,22.0,14,-220.88427196417825,86.0
Mass-Nom-Ideal,CH,HYD200,2045-Hhigh,3228.0673812292894,9280.366666666667,1.3152339817413896,242.95813522972375,0.075264270083855,2.8748986841571393,4,HYD200,200,370.35019874798763,34.46732806080165,22.0,14,-220.88427196417825,86.0
Mass-Nom-Ideal,CH,HYD200,2045-Hlow,3228.0673812292894,9280.366666666667,1.3152339817413896,329.2594099952105,0.10199892725591878,2.8748986841571393,4,HYD200,200,370.35019874798763,34.46732806080165,22.0,14,-220.88427196417825,86.0
Mass-Nom-Ideal,CH,HYD500,2024-Hhigh,3324.832389781782,9545.666666666666,1.4438642527070598,331.1099385168265,0.0995869564837096,2.871021918579533,4,HYD500,500,637.8538728585099,0.0,0.0,14,0.0,0.0
Mass-Nom-Ideal,CH,HYD500,2024-Hlow,3324.832389781782,9545.666666666666,1.4604378423635216,490.7016515508755,0.14758688379569163,2.871021918579533,4,HYD500,500,637.8538728585099,0.0,0.0,14,0.0,0.0
Mass-Nom-Ideal,CH,HYD500,2025-Hhigh,3324.832389781782,9545.666666666666,1.4604378423635216,257.0859933567377,0.07732299352798683,2.871021918579533,4,HYD500,500,637.8538728585099,0.0,0.0,14,0.0,0.0
Mass-Nom-Ideal,CH,HYD500,2025-Hlow,3324.832389781782,9545.666666666666,1.4604378423635216,398.0849593682988,0.11973083533225153,2.871021918579533,4,HYD500,500,637.8538728585099,0.0,0.0,14,0.0,0.0
Mass-Nom-Ideal,CH,HYD500,2030-Hhigh,3324.832389781782,9545.666666666666,1.4604378423635216,205.52734778577468,0.061815852256920545,2.871021918579533,4,HYD500,500,637.8538728585099,0.0,0.0,14,0.0,0.0
Mass-Nom-Ideal,CH,HYD500,2030-Hlow,3324.832389781782,9545.666666666666,1.4604378423635216,309.0909223459061,0.09296436214223497,2.871021918579533,4,HYD500,500,637.8538728585099,0.0,0.0,14,0.0,0.0
Mass-Nom-Ideal,CH,HYD500,2035-Hhigh,3324.832389781782,9545.666666666666,1.4604378423635216,212.7427240363455,0.06398599962216694,2.871021918579533,4,HYD500,500,637.8538728585099,0.0,0.0,14,0.0,0.0
Mass-Nom-Ideal,CH,HYD500,2035-Hlow,3324.832389781782,9545.666666666666,1.4604378423635216,291.1087371311267,0.08755591350282563,2.871021918579533,4,HYD500,500,637.8538728585099,0.0,0.0,14,0.0,0.0
Mass-Nom-Ideal,CH,HYD500,2040-Hhigh,3324.832389781782,9545.666666666666,1.4604378423635216,228.94627240705498,0.06885949292080897,2.871021918579533,4,HYD500,500,637.8538728585099,0.0,0.0,14,0.0,0.0
Mass-Nom-Ideal,CH,HYD500,2040-Hlow,3324.832389781782,9545.666666666666,1.4604378423635216,314.9593876729182,0.09472940309438872,2.871021918579533,4,HYD500,500,637.8538728585099,0.0,0.0,14,0.0,0.0
Mass-Nom-Ideal,CH,HYD500,2045-Hhigh,3324.832389781782,9545.666666666666,1.4604378423635216,251.45122799990835,0.07562824182436811,2.871021918579533,4,HYD500,500,637.8538728585099,0.0,0.0,14,0.0,0.0
Mass-Nom-Ideal,CH,HYD500,2045-Hlow,3324.832389781782,9545.666666666666,1.4604378423635216,339.574174463426,0.10213271968446903,2.871021918579533,4,HYD500,500,637.8538728585099,0.0,0.0,14,0.0,0.0
Mass-Nom-Ideal,CH,HYD1000,2024-Hhigh,3641.6311267618926,10360.4334,1.6924100649203235,364.97844310807494,0.10022389154845858,2.8449980350460176,5,HYD1000,1000,977.6190741254082,0.0,0.0,11.2,0.0,0.0
Mass-Nom-Ideal,CH,HYD1000,2024-Hlow,3641.6311267618926,10360.4334,1.7313662975924549,538.4756384902167,0.1478666069534134,2.8449980350460176,5,HYD1000,1000,977.6190741254082,0.0,0.0,11.2,0.0,0.0
Mass-Nom-Ideal,CH,HYD1000,2025-Hhigh,3641.6311267618926,10360.4334,1.7313662975924549,284.2959731228172,0.07806830599441046,2.8449980350460176,5,HYD1000,1000,977.6190741254082,0.0,0.0,11.2,0.0,0.0
Mass-Nom-Ideal,CH,HYD1000,2025-Hlow,3641.6311267618926,10360.4334,1.7313662975924549,437.8162139913454,0.12022530529626922,2.8449980350460176,5,HYD1000,1000,977.6190741254082,0.0,0.0,11.2,0.0,0.0
Mass-Nom-Ideal,CH,HYD1000,2030-Hhigh,3641.6311267618926,10360.4334,1.7313662975924549,227.96536491062852,0.06259979579901422,2.8449980350460176,5,HYD1000,1000,977.6190741254082,0.0,0.0,11.2,0.0,0.0
Mass-Nom-Ideal,CH,HYD1000,2030-Hlow,3641.6311267618926,10360.4334,1.7313662975924549,340.05479840970185,0.09337980332787733,2.8449980350460176,5,HYD1000,1000,977.6190741254082,0.0,0.0,11.2,0.0,0.0
Mass-Nom-Ideal,CH,HYD1000,2035-Hhigh,3641.6311267618926,10360.4334,1.7313662975924549,235.46507816330333,0.06465923372438792,2.8449980350460176,5,HYD1000,1000,977.6190741254082,0.0,0.0,11.2,0.0,0.0
Mass-Nom-Ideal,CH,HYD1000,2035-Hlow,3641.6311267618926,10360.4334,1.7313662975924549,319.21662294113463,0.08765759403670831,2.8449980350460176,5,HYD1000,1000,977.6190741254082,0.0,0.0,11.2,0.0,0.0
Mass-Nom-Ideal,CH,HYD1000,2040-Hhigh,3641.6311267618926,10360.4334,1.7313662975924549,253.43509798033813,0.06959384109990582,2.8449980350460176,5,HYD1000,1000,977.6190741254082,0.0,0.0,11.2,0.0,0.0
Mass-Nom-Ideal,CH,HYD1000,2040-Hlow,3641.6311267618926,10360.4334,1.7313662975924549,347.36631834173494,0.09538756294919143,2.8449980350460176,5,HYD1000,1000,977.6190741254082,0.0,0.0,11.2,0.0,0.0
Mass-Nom-Ideal,CH,HYD1000,2045-Hhigh,3641.6311267618926,10360.4334,1.7313662975924549,278.59023920767953,0.07650149878178343,2.8449980350460176,5,HYD1000,1000,977.6190741254082,0.0,0.0,11.2,0.0,0.0
Mass-Nom-Ideal,CH,HYD1000,2045-Hlow,3641.6311267618926,10360.4334,1.7313662975924549,375.0402505551046,0.10298688623319935,2.8449980350460176,5,HYD1000,1000,977.6190741254082,0.0,0.0,11.2,0.0,0.0
Mass-Nom-Ideal,CH,HYD200,2024-Hhigh,3373.517889895162,9759.166666666666,1.3625738550488746,334.8829611361625,0.09926817407408786,2.892875326346631,5,HYD200,200,369.62933828121675,64.20254969202843,18.0,14,-341.84475581688713,125.0
Mass-Nom-Ideal,CH,HYD200,2024-Hlow,3373.517889895162,9759.166666666666,1.39867820814859,494.86617520441933,0.1466914334993487,2.892875326346631,5,HYD200,200,369.62933828121675,64.20254969202843,18.0,14,-341.84475581688713,125.0
Mass-Nom-Ideal,CH,HYD200,2025-Hhigh,3373.517889895162,9759.166666666666,1.39867820814859,258.4511568035211,0.07661176411059521,2.892875326346631,5,HYD200,200,369.62933828121675,64.20254969202843,18.0,14,-341.84475581688713,125.0
Mass-Nom-Ideal,CH,HYD200,2025-Hlow,3373.517889895162,9759.166666666666,1.39867820814859,399.38015066461924,0.11838684829889272,2.892875326346631,5,HYD200,200,369.62933828121675,64.20254969202843,18.0,14,-341.84475581688713,125.0
Mass-Nom-Ideal,CH,HYD200,2030-Hhigh,3373.517889895162,9759.166666666666,1.39867820814859,206.47305431231962,0.06120407866541242,2.892875326346631,5,HYD200,200,369.62933828121675,64.20254969202843,18.0,14,-341.84475581688713,125.0
Mass-Nom-Ideal,CH,HYD200,2030-Hlow,3373.517889895162,9759.166666666666,1.39867820814859,309.32444378830604,0.0916919529950733,2.892875326346631,5,HYD200,200,369.62933828121675,64.20254969202843,18.0,14,-341.84475581688713,125.0
Mass-Nom-Ideal,CH,HYD200,2035-Hhigh,3373.517889895162,9759.166666666666,1.39867820814859,213.5444506714687,0.06330022772699893,2.892875326346631,5,HYD200,200,369.62933828121675,64.20254969202843,18.0,14,-341.84475581688713,125.0
Mass-Nom-Ideal,CH,HYD200,2035-Hlow,3373.517889895162,9759.166666666666,1.39867820814859,291.59075731435627,0.08643521891132404,2.892875326346631,5,HYD200,200,369.62933828121675,64.20254969202843,18.0,14,-341.84475581688713,125.0
Mass-Nom-Ideal,CH,HYD200,2040-Hhigh,3373.517889895162,9759.166666666666,1.39867820814859,229.43873512778953,0.06801171436352446,2.892875326346631,5,HYD200,200,369.62933828121675,64.20254969202843,18.0,14,-341.84475581688713,125.0
Mass-Nom-Ideal,CH,HYD200,2040-Hlow,3373.517889895162,9759.166666666666,1.39867820814859,316.25363549986537,0.09374594883493963,2.892875326346631,5,HYD200,200,369.62933828121675,64.20254969202843,18.0,14,-341.84475581688713,125.0
Mass-Nom-Ideal,CH,HYD200,2045-Hhigh,3373.517889895162,9759.166666666666,1.39867820814859,251.60837852640958,0.07458338350007349,2.892875326346631,5,HYD200,200,369.62933828121675,64.20254969202843,18.0,14,-341.84475581688713,125.0
Mass-Nom-Ideal,CH,HYD200,2045-Hlow,3373.517889895162,9759.166666666666,1.39867820814859,340.0265772100796,0.10079287803054944,2.892875326346631,5,HYD200,200,369.62933828121675,64.20254969202843,18.0,14,-341.84475581688713,125.0
Mass-Nom-Ideal,CH,HYD500,2024-Hhigh,3470.2893865115257,10022.833333333332,1.514289332995731,344.2162986763324,0.09918950852175255,2.8881837267780965,5,HYD500,500,636.2272902146506,0.0,0.0,14,0.0,0.0
Mass-Nom-Ideal,CH,HYD500,2024-Hlow,3470.2893865115257,10022.833333333332,1.5561409689455608,506.99952896187347,0.14609719031862348,2.8881837267780965,5,HYD500,500,636.2272902146506,0.0,0.0,14,0.0,0.0
Mass-Nom-Ideal,CH,HYD500,2025-Hhigh,3470.2893865115257,10022.833333333332,1.5561409689455608,266.7427769810731,0.07686470702352972,2.8881837267780965,5,HYD500,500,636.2272902146506,0.0,0.0,14,0.0,0.0
Mass-Nom-Ideal,CH,HYD500,2025-Hlow,3470.2893865115257,10022.833333333332,1.5561409689455608,410.24060433557224,0.1182150992738858,2.8881837267780965,5,HYD500,500,636.2272902146506,0.0,0.0,14,0.0,0.0
Mass-Nom-Ideal,CH,HYD500,2030-Hhigh,3470.2893865115257,10022.833333333332,1.5561409689455608,213.4074601822412,0.061495580458425965,2.8881837267780965,5,HYD500,500,636.2272902146506,0.0,0.0,14,0.0,0.0
Mass-Nom-Ideal,CH,HYD500,2030-Hlow,3470.2893865115257,10022.833333333332,1.5561409689455608,318.1547729082324,0.09167960866458298,2.8881837267780965,5,HYD500,500,636.2272902146506,0.0,0.0,14,0.0,0.0
Mass-Nom-Ideal,CH,HYD500,2035-Hhigh,3470.2893865115257,10022.833333333332,1.5561409689455608,220.43102258786917,0.06351949305572331,2.8881837267780965,5,HYD500,500,636.2272902146506,0.0,0.0,14,0.0,0.0
Mass-Nom-Ideal,CH,HYD500,2035-Hlow,3470.2893865115257,10022.833333333332,1.5561409689455608,300.07078215708333,0.08646851854009978,2.8881837267780965,5,HYD500,500,636.2272902146506,0.0,0.0,14,0.0,0.0
Mass-Nom-Ideal,CH,HYD500,2040-Hhigh,3470.2893865115257,10022.833333333332,1.5561409689455608,237.04110754169426,0.06830586188663001,2.8881837267780965,5,HYD500,500,636.2272902146506,0.0,0.0,14,0.0,0.0
Mass-Nom-Ideal,CH,HYD500,2040-Hlow,3470.2893865115257,10022.833333333332,1.5561409689455608,325.4614787819935,0.09378511199873174,2.8881837267780965,5,HYD500,500,636.2272902146506,0.0,0.0,14,0.0,0.0
Mass-Nom-Ideal,CH,HYD500,2045-Hhigh,3470.2893865115257,10022.833333333332,1.5561409689455608,260.25918023396923,0.07499639114984362,2.8881837267780965,5,HYD500,500,636.2272902146506,0.0,0.0,14,0.0,0.0
Mass-Nom-Ideal,CH,HYD500,2045-Hlow,3470.2893865115257,10022.833333333332,1.5561409689455608,350.42474274862786,0.10097853628883927,2.8881837267780965,5,HYD500,500,636.2272902146506,0.0,0.0,14,0.0,0.0
Mass-Nom-Real,AK,HYD1000,2024-Hhigh,1460.3564473961076,4689.9,0.8994944532787149,135.98022922035577,0.09311441015843473,3.2114762175784812,3,HYD1000,1000,867.7767729454678,0.0,0.0,6,0.0,0.0
Mass-Nom-Real,AK,HYD1000,2024-Hlow,1460.3564473961076,4689.9,0.8991611567724214,204.84340626979997,0.14026945725137624,3.2114762175784812,3,HYD1000,1000,867.7767729454678,0.0,0.0,6,0.0,0.0
Mass-Nom-Real,AK,HYD1000,2025-Hhigh,1460.3564473961076,4689.9,0.8991611567724214,106.68163837551751,0.07305178031413939,3.2114762175784812,3,HYD1000,1000,867.7767729454678,0.0,0.0,6,0.0,0.0
Mass-Nom-Real,AK,HYD1000,2025-Hlow,1460.3564473961076,4689.9,0.8991611567724214,169.14068427347735,0.11582150684859446,3.2114762175784812,3,HYD1000,1000,867.7767729454678,0.0,0.0,6,0.0,0.0
Mass-Nom-Real,AK,HYD1000,2030-Hhigh,1460.3564473961076,4689.9,0.8991611567724214,86.03788534765744,0.058915674663584716,3.2114762175784812,3,HYD1000,1000,867.7767729454678,0.0,0.0,6,0.0,0.0
Mass-Nom-Real,AK,HYD1000,2030-Hlow,1460.3564473961076,4689.9,0.8991611567724214,132.76417219473635,0.09091216903343143,3.2114762175784812,3,HYD1000,1000,867.7767729454678,0.0,0.0,6,0.0,0.0
Mass-Nom-Real,AK,HYD1000,2035-Hhigh,1460.3564473961076,4689.9,0.8991611567724214,87.83568026611212,0.06014674049115047,3.2114762175784812,3,HYD1000,1000,867.7767729454678,0.0,0.0,6,0.0,0.0
Mass-Nom-Real,AK,HYD1000,2035-Hlow,1460.3564473961076,4689.9,0.8991611567724214,123.48936087205647,0.08456110909925073,3.2114762175784812,3,HYD1000,1000,867.7767729454678,0.0,0.0,6,0.0,0.0
Mass-Nom-Real,AK,HYD1000,2040-Hhigh,1460.3564473961076,4689.9,0.8991611567724214,94.49315681598921,0.06470554294088644,3.2114762175784812,3,HYD1000,1000,867.7767729454678,0.0,0.0,6,0.0,0.0
Mass-Nom-Real,AK,HYD1000,2040-Hlow,1460.3564473961076,4689.9,0.8991611567724214,138.109472829052,0.09457244022533572,3.2114762175784812,3,HYD1000,1000,867.7767729454678,0.0,0.0,6,0.0,0.0
Mass-Nom-Real,AK,HYD1000,2045-Hhigh,1460.3564473961076,4689.9,0.8991611567724214,106.38741924782569,0.07285030955115106,3.2114762175784812,3,HYD1000,1000,867.7767729454678,0.0,0.0,6,0.0,0.0
Mass-Nom-Real,AK,HYD1000,2045-Hlow,1460.3564473961076,4689.9,0.8991611567724214,149.8205758301253,0.1025917857912452,3.2114762175784812,3,HYD1000,1000,867.7767729454678,0.0,0.0,6,0.0,0.0
Mass-Nom-Real,AK,HYD200,2024-Hhigh,1137.1566827394781,4152.0,0.6813697712629254,106.59135675523237,0.09373497810209183,3.6512118892865186,3,HYD200,200,324.3365717464816,240.8136601972812,70.0,11.2,-547.2774772996811,105.0
Mass-Nom-Real,AK,HYD200,2024-Hlow,1137.1566827394781,4152.0,0.6806493116053874,165.0238859369179,0.1451197433403509,3.6512118892865186,3,HYD200,200,324.3365717464816,240.8136601972812,70.0,11.2,-547.2774772996811,105.0
Mass-Nom-Real,AK,HYD200,2025-Hhigh,1137.1566827394781,4152.0,0.6806493116053874,83.43914729426729,0.0733752424452692,3.6512118892865186,3,HYD200,200,324.3365717464816,240.8136601972812,70.0,11.2,-547.2774772996811,105.0
Mass-Nom-Real,AK,HYD200,2025-Hlow,1137.1566827394781,4152.0,0.6806493116053874,135.89890077332882,0.11950763059839764,3.6512118892865186,3,HYD200,200,324.3365717464816,240.8136601972812,70.0,11.2,-547.2774772996811,105.0
Mass-Nom-Real,AK,HYD200,2030-Hhigh,1137.1566827394781,4152.0,0.6806493116053874,67.2241455224535,0.05911599214323442,3.6512118892865186,3,HYD200,200,324.3365717464816,240.8136601972812,70.0,11.2,-547.2774772996811,105.0
Mass-Nom-Real,AK,HYD200,2030-Hlow,1137.1566827394781,4152.0,0.6806493116053874,106.10462142021433,0.09330694972007023,3.6512118892865186,3,HYD200,200,324.3365717464816,240.8136601972812,70.0,11.2,-547.2774772996811,105.0
Mass-Nom-Real,AK,HYD200,2035-Hhigh,1137.1566827394781,4152.0,0.6806493116053874,68.87117984279683,0.06056437154894263,3.6512118892865186,3,HYD200,200,324.3365717464816,240.8136601972812,70.0,11.2,-547.2774772996811,105.0
Mass-Nom-Real,AK,HYD200,2035-Hlow,1137.1566827394781,4152.0,0.6806493116053874,97.91197412589167,0.08610244798457843,3.6512118892865186,3,HYD200,200,324.3365717464816,240.8136601972812,70.0,11.2,-547.2774772996811,105.0
Mass-Nom-Real,AK,HYD200,2040-Hhigh,1137.1566827394781,4152.0,0.6806493116053874,74.0028412278919,0.06507708423224023,3.6512118892865186,3,HYD200,200,324.3365717464816,240.8136601972812,70.0,11.2,-547.2774772996811,105.0
Mass-Nom-Real,AK,HYD200,2040-Hlow,1137.1566827394781,4152.0,0.6806493116053874,109.80851116257975,0.09656409959095918,3.6512118892865186,3,HYD200,200,324.3365717464816,240.8136601972812,70.0,11.2,-547.2774772996811,105.0
Mass-Nom-Real,AK,HYD200,2045-Hhigh,1137.1566827394781,4152.0,0.6806493116053874,83.19924152122373,0.07316427259679976,3.6512118892865186,3,HYD200,200,324.3365717464816,240.8136601972812,70.0,11.2,-547.2774772996811,105.0
Mass-Nom-Real,AK,HYD200,2045-Hlow,1137.1566827394781,4152.0,0.6806493116053874,118.89957947291056,0.10455866045343408,3.6512118892865186,3,HYD200,200,324.3365717464816,240.8136601972812,70.0,11.2,-547.2774772996811,105.0
Mass-Nom-Real,AK,HYD500,2024-Hhigh,1439.8772305440561,4387.133333333333,0.920201062004926,134.4191959974879,0.09335462298177861,3.046880136909769,3,HYD500,500,561.5294237076946,0.0,0.0,8.5,0.0,0.0
Mass-Nom-Real,AK,HYD500,2024-Hlow,1439.8772305440561,4387.133333333333,0.918160483553072,204.13614061041127,0.1417732958616747,3.046880136909769,3,HYD500,500,561.5294237076946,0.0,0.0,8.5,0.0,0.0
Mass-Nom-Real,AK,HYD500,2025-Hhigh,1439.8772305440561,4387.133333333333,0.918160483553072,105.48980347853801,0.07326305412766253,3.046880136909769,3,HYD500,500,561.5294237076946,0.0,0.0,8.5,0.0,0.0
Mass-Nom-Real,AK,HYD500,2025-Hlow,1439.8772305440561,4387.133333333333,0.918160483553072,168.48531748972414,0.11701366888485495,3.046880136909769,3,HYD500,500,561.5294237076946,0.0,0.0,8.5,0.0,0.0
Mass-Nom-Real,AK,HYD500,2030-Hhigh,1439.8772305440561,4387.133333333333,0.918160483553072,85.06185878048778,0.059075771861707434,3.046880136909769,3,HYD500,500,561.5294237076946,0.0,0.0,8.5,0.0,0.0
Mass-Nom-Real,AK,HYD500,2030-Hlow,1439.8772305440561,4387.133333333333,0.918160483553072,131.9873864955889,0.09166572239337212,3.046880136909769,3,HYD500,500,561.5294237076946,0.0,0.0,8.5,0.0,0.0
Mass-Nom-Real,AK,HYD500,2035-Hhigh,1439.8772305440561,4387.133333333333,0.918160483553072,86.85908866480386,0.060323954586033866,3.046880136909769,3,HYD500,500,561.5294237076946,0.0,0.0,8.5,0.0,0.0
Mass-Nom-Real,AK,HYD500,2035-Hlow,1439.8772305440561,4387.133333333333,0.918160483553072,122.54640803185933,0.08510892833936633,3.046880136909769,3,HYD500,500,561.5294237076946,0.0,0.0,8.5,0.0,0.0
Mass-Nom-Real,AK,HYD500,2040-Hhigh,1439.8772305440561,4387.133333333333,0.918160483553072,93.38863805219262,0.06485875050396193,3.046880136909769,3,HYD500,500,561.5294237076946,0.0,0.0,8.5,0.0,0.0
Mass-Nom-Real,AK,HYD500,2040-Hlow,1439.8772305440561,4387.133333333333,0.918160483553072,137.14980581115154,0.09525104147895277,3.046880136909769,3,HYD500,500,561.5294237076946,0.0,0.0,8.5,0.0,0.0
Mass-Nom-Real,AK,HYD500,2045-Hhigh,1439.8772305440561,4387.133333333333,0.918160483553072,105.17257392953063,0.07304273704626281,3.046880136909769,3,HYD500,500,561.5294237076946,0.0,0.0,8.5,0.0,0.0
Mass-Nom-Real,AK,HYD500,2045-Hlow,1439.8772305440561,4387.133333333333,0.918160483553072,148.67966895886732,0.10325857358178299,3.046880136909769,3,HYD500,500,561.5294237076946,0.0,0.0,8.5,0.0,0.0
Mass-Nom-Real,AK,HYD1000,2024-Hhigh,1594.0816590973072,5161.400000000001,0.9139030881434107,148.57118941009523,0.09320174318687524,3.237851693822753,4,HYD1000,1000,859.9534723508367,0.0,0.0,6,0.0,0.0
Mass-Nom-Real,AK,HYD1000,2024-Hlow,1594.0816590973072,5161.400000000001,0.9148166862110428,218.02755332364222,0.13677313961889903,3.237851693822753,4,HYD1000,1000,859.9534723508367,0.0,0.0,6,0.0,0.0
Mass-Nom-Real,AK,HYD1000,2025-Hhigh,1594.0816590973072,5161.400000000001,0.9148166862110428,115.13183139096536,0.0722245505642176,3.237851693822753,4,HYD1000,1000,859.9534723508367,0.0,0.0,6,0.0,0.0
Mass-Nom-Real,AK,HYD1000,2025-Hlow,1594.0816590973072,5161.400000000001,0.9148166862110428,179.07131679343635,0.11233509636817504,3.237851693822753,4,HYD1000,1000,859.9534723508367,0.0,0.0,6,0.0,0.0
Mass-Nom-Real,AK,HYD1000,2030-Hhigh,1594.0816590973072,5161.400000000001,0.9148166862110428,92.32485422882681,0.05791726772711776,3.237851693822753,4,HYD1000,1000,859.9534723508367,0.0,0.0,6,0.0,0.0
Mass-Nom-Real,AK,HYD1000,2030-Hlow,1594.0816590973072,5161.400000000001,0.9148166862110428,140.5096176447111,0.08814455447927214,3.237851693822753,4,HYD1000,1000,859.9534723508367,0.0,0.0,6,0.0,0.0
Mass-Nom-Real,AK,HYD1000,2035-Hhigh,1594.0816590973072,5161.400000000001,0.9148166862110428,94.50364381481575,0.05928406695823289,3.237851693822753,4,HYD1000,1000,859.9534723508367,0.0,0.0,6,0.0,0.0
Mass-Nom-Real,AK,HYD1000,2035-Hlow,1594.0816590973072,5161.400000000001,0.9148166862110428,131.10703581352493,0.08224612275369124,3.237851693822753,4,HYD1000,1000,859.9534723508367,0.0,0.0,6,0.0,0.0
Mass-Nom-Real,AK,HYD1000,2040-Hhigh,1594.0816590973072,5161.400000000001,0.9148166862110428,101.2877739114249,0.06353989040234106,3.237851693822753,4,HYD1000,1000,859.9534723508367,0.0,0.0,6,0.0,0.0
Mass-Nom-Real,AK,HYD1000,2040-Hlow,1594.0816590973072,5161.400000000001,0.9148166862110428,145.3568137522695,0.09118529965057236,3.237851693822753,4,HYD1000,1000,859.9534723508367,0.0,0.0,6,0.0,0.0
Mass-Nom-Real,AK,HYD1000,2045-Hhigh,1594.0816590973072,5161.400000000001,0.9148166862110428,113.71028182910993,0.07133278347453136,3.237851693822753,4,HYD1000,1000,859.9534723508367,0.0,0.0,6,0.0,0.0
Mass-Nom-Real,AK,HYD1000,2045-Hlow,1594.0816590973072,5161.400000000001,0.9148166862110428,158.40124691902523,0.09936833914062113,3.237851693822753,4,HYD1000,1000,859.9534723508367,0.0,0.0,6,0.0,0.0
Mass-Nom-Real,AK,HYD200,2024-Hhigh,1251.6256660754598,4629.5,0.67133761402758,117.2587267973073,0.09368514083366347,3.6987896025782603,4,HYD200,200,322.97000324677055,687.3473361680017,115.0,11.2,-373.3272563297804,100.0
Mass-Nom-Real,AK,HYD200,2024-Hlow,1251.6256660754598,4629.5,0.6708573075892214,176.18853721227913,0.14076775667658514,3.6987896025782603,4,HYD200,200,322.97000324677055,687.3473361680017,115.0,11.2,-373.3272563297804,100.0
Mass-Nom-Real,AK,HYD200,2025-Hhigh,1251.6256660754598,4629.5,0.6708573075892214,90.31742443484994,0.07216009297575778,3.6987896025782603,4,HYD200,200,322.97000324677055,687.3473361680017,115.0,11.2,-373.3272563297804,100.0
Mass-Nom-Real,AK,HYD200,2025-Hlow,1251.6256660754598,4629.5,0.6708573075892214,144.04690061982535,0.11508784497164574,3.6987896025782603,4,HYD200,200,322.97000324677055,687.3473361680017,115.0,11.2,-373.3272563297804,100.0
Mass-Nom-Real,AK,HYD200,2030-Hhigh,1251.6256660754598,4629.5,0.6708573075892214,72.14413614627478,0.05764034575328471,3.6987896025782603,4,HYD200,200,322.97000324677055,687.3473361680017,115.0,11.2,-373.3272563297804,100.0
Mass-Nom-Real,AK,HYD200,2030-Hlow,1251.6256660754598,4629.5,0.6708573075892214,112.3419642122438,0.08975683965038694,3.6987896025782603,4,HYD200,200,322.97000324677055,687.3473361680017,115.0,11.2,-373.3272563297804,100.0
Mass-Nom-Real,AK,HYD200,2035-Hhigh,1251.6256660754598,4629.5,0.6708573075892214,74.20638525301786,0.059288002207318106,3.6987896025782603,4,HYD200,200,322.97000324677055,687.3473361680017,115.0,11.2,-373.3272563297804,100.0
Mass-Nom-Real,AK,HYD200,2035-Hlow,1251.6256660754598,4629.5,0.6708573075892214,103.92424443030761,0.08303141046649172,3.6987896025782603,4,HYD200,200,322.97000324677055,687.3473361680017,115.0,11.2,-373.3272563297804,100.0
Mass-Nom-Real,AK,HYD200,2040-Hhigh,1251.6256660754598,4629.5,0.6708573075892214,79.30436551340215,0.06336108923210666,3.6987896025782603,4,HYD200,200,322.97000324677055,687.3473361680017,115.0,11.2,-373.3272563297804,100.0
Mass-Nom-Real,AK,HYD200,2040-Hlow,1251.6256660754598,4629.5,0.6708573075892214,115.3450799107887,0.09215621174696702,3.6987896025782603,4,HYD200,200,322.97000324677055,687.3473361680017,115.0,11.2,-373.3272563297804,100.0
Mass-Nom-Real,AK,HYD200,2045-Hhigh,1251.6256660754598,4629.5,0.6708573075892214,88.76590090903963,0.07092048630431967,3.6987896025782603,4,HYD200,200,322.97000324677055,687.3473361680017,115.0,11.2,-373.3272563297804,100.0
Mass-Nom-Real,AK,HYD200,2045-Hlow,1251.6256660754598,4629.5,0.6708573075892214,125.64289226752116,0.10038376143362518,3.6987896025782603,4,HYD200,200,322.97000324677055,687.3473361680017,115.0,11.2,-373.3272563297804,100.0
Mass-Nom-Real,AK,HYD500,2024-Hhigh,1581.474580023444,4862.283333333333,0.9217760546473112,147.64505891665732,0.09335910977112803,3.07452512658234,4,HYD500,500,557.4205736275474,0.0,0.0,8.5,0.0,0.0
Mass-Nom-Real,AK,HYD500,2024-Hlow,1581.474580023444,4862.283333333333,0.9214293241397236,217.9227984151709,0.1377972186008455,3.07452512658234,4,HYD500,500,557.4205736275474,0.0,0.0,8.5,0.0,0.0
Mass-Nom-Real,AK,HYD500,2025-Hhigh,1581.474580023444,4862.283333333333,0.9214293241397236,114.27402477380755,0.07225789539539329,3.07452512658234,4,HYD500,500,557.4205736275474,0.0,0.0,8.5,0.0,0.0
Mass-Nom-Real,AK,HYD500,2025-Hlow,1581.474580023444,4862.283333333333,0.9214293241397236,178.72081101988806,0.11300896851420696,3.07452512658234,4,HYD500,500,557.4205736275474,0.0,0.0,8.5,0.0,0.0
Mass-Nom-Real,AK,HYD500,2030-Hhigh,1581.474580023444,4862.283333333333,0.9214293241397236,91.44584878462426,0.05782315437739673,3.07452512658234,4,HYD500,500,557.4205736275474,0.0,0.0,8.5,0.0,0.0
Mass-Nom-Real,AK,HYD500,2030-Hlow,1581.474580023444,4862.283333333333,0.9214293241397236,139.8950696612668,0.08845862679575474,3.07452512658234,4,HYD500,500,557.4205736275474,0.0,0.0,8.5,0.0,0.0
Mass-Nom-Real,AK,HYD500,2035-Hhigh,1581.474580023444,4862.283333333333,0.9214293241397236,93.65591934676637,0.0592206289811993,3.07452512658234,4,HYD500,500,557.4205736275474,0.0,0.0,8.5,0.0,0.0
Mass-Nom-Real,AK,HYD500,2035-Hlow,1581.474580023444,4862.283333333333,0.9214293241397236,130.1777582170077,0.08231416417396852,3.07452512658234,4,HYD500,500,557.4205736275474,0.0,0.0,8.5,0.0,0.0
Mass-Nom-Real,AK,HYD500,2040-Hhigh,1581.474580023444,4862.283333333333,0.9214293241397236,100.27228083185534,0.06340429501583825,3.07452512658234,4,HYD500,500,557.4205736275474,0.0,0.0,8.5,0.0,0.0
Mass-Nom-Real,AK,HYD500,2040-Hlow,1581.474580023444,4862.283333333333,0.9214293241397236,144.35483553166716,0.09127863157277383,3.07452512658234,4,HYD500,500,557.4205736275474,0.0,0.0,8.5,0.0,0.0
Mass-Nom-Real,AK,HYD500,2045-Hhigh,1581.474580023444,4862.283333333333,0.9214293241397236,112.47037887988785,0.07111741175012788,3.07452512658234,4,HYD500,500,557.4205736275474,0.0,0.0,8.5,0.0,0.0
Mass-Nom-Real,AK,HYD500,2045-Hlow,1581.474580023444,4862.283333333333,0.9214293241397236,157.31279804483486,0.09947222676352017,3.07452512658234,4,HYD500,500,557.4205736275474,0.0,0.0,8.5,0.0,0.0
Mass-Nom-Real,AK,HYD1000,2024-Hhigh,1734.5633611237395,5636.0,0.9826308350319435,161.14948247086923,0.0929049270165999,3.2492327039288487,5,HYD1000,1000,856.0742082720665,0.0,0.0,6,0.0,0.0
Mass-Nom-Real,AK,HYD1000,2024-Hlow,1734.5633611237395,5636.0,0.9937914021302079,233.67565483813044,0.13471727817814813,3.2492327039288487,5,HYD1000,1000,856.0742082720665,0.0,0.0,6,0.0,0.0
Mass-Nom-Real,AK,HYD1000,2025-Hhigh,1734.5633611237395,5636.0,0.9937914021302079,124.6102897699833,0.07183957217293828,3.2492327039288487,5,HYD1000,1000,856.0742082720665,0.0,0.0,6,0.0,0.0
Mass-Nom-Real,AK,HYD1000,2025-Hlow,1734.5633611237395,5636.0,0.9937914021302079,190.77400575018675,0.10998387837881778,3.2492327039288487,5,HYD1000,1000,856.0742082720665,0.0,0.0,6,0.0,0.0
Mass-Nom-Real,AK,HYD1000,2030-Hhigh,1734.5633611237395,5636.0,0.9937914021302079,100.04361609599108,0.0576765417385374,3.2492327039288487,5,HYD1000,1000,856.0742082720665,0.0,0.0,6,0.0,0.0
Mass-Nom-Real,AK,HYD1000,2030-Hlow,1734.5633611237395,5636.0,0.9937914021302079,149.54880762985627,0.08621697597311802,3.2492327039288487,5,HYD1000,1000,856.0742082720665,0.0,0.0,6,0.0,0.0
Mass-Nom-Real,AK,HYD1000,2035-Hhigh,1734.5633611237395,5636.0,0.9937914021302079,102.12696288991475,0.05887762025813323,3.2492327039288487,5,HYD1000,1000,856.0742082720665,0.0,0.0,6,0.0,0.0
Mass-Nom-Real,AK,HYD1000,2035-Hlow,1734.5633611237395,5636.0,0.9937914021302079,140.06854064972515,0.08075146967187266,3.2492327039288487,5,HYD1000,1000,856.0742082720665,0.0,0.0,6,0.0,0.0
Mass-Nom-Real,AK,HYD1000,2040-Hhigh,1734.5633611237395,5636.0,0.9937914021302079,109.34534215557814,0.0630391167058542,3.2492327039288487,5,HYD1000,1000,856.0742082720665,0.0,0.0,6,0.0,0.0
Mass-Nom-Real,AK,HYD1000,2040-Hlow,1734.5633611237395,5636.0,0.9937914021302079,155.94275583420855,0.08990317640122457,3.2492327039288487,5,HYD1000,1000,856.0742082720665,0.0,0.0,6,0.0,0.0
Mass-Nom-Real,AK,HYD1000,2045-Hhigh,1734.5633611237395,5636.0,0.9937914021302079,122.39700158567052,0.07056358062721643,3.2492327039288487,5,HYD1000,1000,856.0742082720665,0.0,0.0,6,0.0,0.0
Mass-Nom-Real,AK,HYD1000,2045-Hlow,1734.5633611237395,5636.0,0.9937914021302079,169.23840696127758,0.09756830494311619,3.2492327039288487,5,HYD1000,1000,856.0742082720665,0.0,0.0,6,0.0,0.0
Mass-Nom-Real,AK,HYD200,2024-Hhigh,1371.9916211324792,5107.999999999999,0.7234946430997604,127.71575668281159,0.09308785470380025,3.72305480683892,5,HYD200,200,321.89182143137,692.4884631546855,129.0,11.2,-553.1329991606106,136.0
Mass-Nom-Real,AK,HYD200,2024-Hlow,1371.9916211324792,5107.999999999999,0.735889044296647,189.70256108125082,0.13826801720892812,3.72305480683892,5,HYD200,200,321.89182143137,692.4884631546855,129.0,11.2,-553.1329991606106,136.0
Mass-Nom-Real,AK,HYD200,2025-Hhigh,1371.9916211324792,5107.999999999999,0.735889044296647,97.98934626305287,0.071421242487013,3.72305480683892,5,HYD200,200,321.89182143137,692.4884631546855,129.0,11.2,-553.1329991606106,136.0
Mass-Nom-Real,AK,HYD200,2025-Hlow,1371.9916211324792,5107.999999999999,0.735889044296647,153.98417917417385,0.11223405216357744,3.72305480683892,5,HYD200,200,321.89182143137,692.4884631546855,129.0,11.2,-553.1329991606106,136.0
Mass-Nom-Real,AK,HYD200,2030-Hhigh,1371.9916211324792,5107.999999999999,0.735889044296647,78.41439854406894,0.057153700748801634,3.72305480683892,5,HYD200,200,321.89182143137,692.4884631546855,129.0,11.2,-553.1329991606106,136.0
Mass-Nom-Real,AK,HYD200,2030-Hlow,1371.9916211324792,5107.999999999999,0.735889044296647,119.82324484773068,0.08733525992587718,3.72305480683892,5,HYD200,200,321.89182143137,692.4884631546855,129.0,11.2,-553.1329991606106,136.0
Mass-Nom-Real,AK,HYD200,2035-Hhigh,1371.9916211324792,5107.999999999999,0.735889044296647,80.37334326867987,0.058581511745922715,3.72305480683892,5,HYD200,200,321.89182143137,692.4884631546855,129.0,11.2,-553.1329991606106,136.0
Mass-Nom-Real,AK,HYD200,2035-Hlow,1371.9916211324792,5107.999999999999,0.735889044296647,111.46391215900645,0.08124241463442838,3.72305480683892,5,HYD200,200,321.89182143137,692.4884631546855,129.0,11.2,-553.1329991606106,136.0
Mass-Nom-Real,AK,HYD200,2040-Hhigh,1371.9916211324792,5107.999999999999,0.735889044296647,85.93176171685414,0.06263286188724952,3.72305480683892,5,HYD200,200,321.89182143137,692.4884631546855,129.0,11.2,-553.1329991606106,136.0
Mass-Nom-Real,AK,HYD200,2040-Hlow,1371.9916211324792,5107.999999999999,0.735889044296647,124.14200921355945,0.09048306658832891,3.72305480683892,5,HYD200,200,321.89182143137,692.4884631546855,129.0,11.2,-553.1329991606106,136.0
Mass-Nom-Real,AK,HYD200,2045-Hhigh,1371.9916211324792,5107.999999999999,0.735889044296647,95.90645125817963,0.06990308816829059,3.72305480683892,5,HYD200,200,321.89182143137,692.4884631546855,129.0,11.2,-553.1329991606106,136.0
Mass-Nom-Real,AK,HYD200,2045-Hlow,1371.9916211324792,5107.999999999999,0.735889044296647,134.55665887017312,0.09807396546569752,3.72305480683892,5,HYD200,200,321.89182143137,692.4884631546855,129.0,11.2,-553.1329991606106,136.0
Mass-Nom-Real,AK,HYD500,2024-Hhigh,1729.3362806198993,5339.133333333333,0.9973883948799421,160.58556871328182,0.09285965402617828,3.0873887243141995,5,HYD500,500,555.3700639715402,0.0,0.0,8.5,0.0,0.0
Mass-Nom-Real,AK,HYD500,2024-Hlow,1729.3362806198993,5339.133333333333,1.0137669739675534,234.3306002746249,0.13550320021657475,3.0873887243141995,5,HYD500,500,555.3700639715402,0.0,0.0,8.5,0.0,0.0
Mass-Nom-Real,AK,HYD500,2025-Hhigh,1729.3362806198993,5339.133333333333,1.0137669739675534,123.78856108422224,0.07158154401285613,3.0873887243141995,5,HYD500,500,555.3700639715402,0.0,0.0,8.5,0.0,0.0
Mass-Nom-Real,AK,HYD500,2025-Hlow,1729.3362806198993,5339.133333333333,1.0137669739675534,190.74650608391198,0.11030041306687721,3.0873887243141995,5,HYD500,500,555.3700639715402,0.0,0.0,8.5,0.0,0.0
Mass-Nom-Real,AK,HYD500,2030-Hhigh,1729.3362806198993,5339.133333333333,1.0137669739675534,99.21014114429423,0.057368912140518605,3.0873887243141995,5,HYD500,500,555.3700639715402,0.0,0.0,8.5,0.0,0.0
Mass-Nom-Real,AK,HYD500,2030-Hlow,1729.3362806198993,5339.133333333333,1.0137669739675534,149.03356781515336,0.08617963405112317,3.0873887243141995,5,HYD500,500,555.3700639715402,0.0,0.0,8.5,0.0,0.0
Mass-Nom-Real,AK,HYD500,2035-Hhigh,1729.3362806198993,5339.133333333333,1.0137669739675534,101.324560886014,0.05859158916719952,3.0873887243141995,5,HYD500,500,555.3700639715402,0.0,0.0,8.5,0.0,0.0
Mass-Nom-Real,AK,HYD500,2035-Hlow,1729.3362806198993,5339.133333333333,1.0137669739675534,139.45820151526107,0.08064261594354036,3.0873887243141995,5,HYD500,500,555.3700639715402,0.0,0.0,8.5,0.0,0.0
Mass-Nom-Real,AK,HYD500,2040-Hhigh,1729.3362806198993,5339.133333333333,1.0137669739675534,108.44470066622499,0.06270885650265304,3.0873887243141995,5,HYD500,500,555.3700639715402,0.0,0.0,8.5,0.0,0.0
Mass-Nom-Real,AK,HYD500,2040-Hlow,1729.3362806198993,5339.133333333333,1.0137669739675534,154.94165406367168,0.08959602351494711,3.0873887243141995,5,HYD500,500,555.3700639715402,0.0,0.0,8.5,0.0,0.0
Mass-Nom-Real,AK,HYD500,2045-Hhigh,1729.3362806198993,5339.133333333333,1.0137669739675534,121.22190243385907,0.07009735688330425,3.0873887243141995,5,HYD500,500,555.3700639715402,0.0,0.0,8.5,0.0,0.0
Mass-Nom-Real,AK,HYD500,2045-Hlow,1729.3362806198993,5339.133333333333,1.0137669739675534,168.16056905181082,0.09723994745055128,3.0873887243141995,5,HYD500,500,555.3700639715402,0.0,0.0,8.5,0.0,0.0
Mass-Nom-Real,CH,HYD1000,2024-Hhigh,2829.1320690742946,8183.0598666666665,1.9226491300947226,291.01627642277884,0.1028641538526693,2.8924276657555272,3,HYD1000,1000,980.5127215756835,0.0,0.0,11.2,0.0,0.0
Mass-Nom-Real,CH,HYD1000,2024-Hlow,2829.1320690742946,8183.0598666666665,1.9391082511882485,420.2169888816625,0.148532121732712,2.8924276657555272,3,HYD1000,1000,980.5127215756835,0.0,0.0,11.2,0.0,0.0
Mass-Nom-Real,CH,HYD1000,2025-Hhigh,2829.1320690742946,8183.0598666666665,1.9391082511882485,230.96590561545864,0.08163843184988949,2.8924276657555272,3,HYD1000,1000,980.5127215756835,0.0,0.0,11.2,0.0,0.0
Mass-Nom-Real,CH,HYD1000,2025-Hlow,2829.1320690742946,8183.0598666666665,1.9391082511882485,348.37835730647237,0.12313965866586901,2.8924276657555272,3,HYD1000,1000,980.5127215756835,0.0,0.0,11.2,0.0,0.0
Mass-Nom-Real,CH,HYD1000,2030-Hhigh,2829.1320690742946,8183.0598666666665,1.9391082511882485,184.7471100862584,0.06530169167631278,2.8924276657555272,3,HYD1000,1000,980.5127215756835,0.0,0.0,11.2,0.0,0.0
Mass-Nom-Real,CH,HYD1000,2030-Hlow,2829.1320690742946,8183.0598666666665,1.9391082511882485,271.931388720179,0.0961183084002,2.8924276657555272,3,HYD1000,1000,980.5127215756835,0.0,0.0,11.2,0.0,0.0
Mass-Nom-Real,CH,HYD1000,2035-Hhigh,2829.1320690742946,8183.0598666666665,1.9391082511882485,185.1575261344994,0.06544675950567547,2.8924276657555272,3,HYD1000,1000,980.5127215756835,0.0,0.0,11.2,0.0,0.0
Mass-Nom-Real,CH,HYD1000,2035-Hlow,2829.1320690742946,8183.0598666666665,1.9391082511882485,249.36389151368127,0.08814148135377586,2.8924276657555272,3,HYD1000,1000,980.5127215756835,0.0,0.0,11.2,0.0,0.0
Mass-Nom-Real,CH,HYD1000,2040-Hhigh,2829.1320690742946,8183.0598666666665,1.9391082511882485,196.26455699297236,0.06937270943918537,2.8924276657555272,3,HYD1000,1000,980.5127215756835,0.0,0.0,11.2,0.0,0.0
Mass-Nom-Real,CH,HYD1000,2040-Hlow,2829.1320690742946,8183.0598666666665,1.9391082511882485,275.7560092699396,0.09747017902920604,2.8924276657555272,3,HYD1000,1000,980.5127215756835,0.0,0.0,11.2,0.0,0.0
Mass-Nom-Real,CH,HYD1000,2045-Hhigh,2829.1320690742946,8183.0598666666665,1.9391082511882485,221.49778091691422,0.07829177836487122,2.8924276657555272,3,HYD1000,1000,980.5127215756835,0.0,0.0,11.2,0.0,0.0
Mass-Nom-Real,CH,HYD1000,2045-Hlow,2829.1320690742946,8183.0598666666665,1.9391082511882485,301.6820017993295,0.10663411761404312,2.8924276657555272,3,HYD1000,1000,980.5127215756835,0.0,0.0,11.2,0.0,0.0
Mass-Nom-Real,CH,HYD200,2024-Hhigh,2601.3685734951478,7576.333333333333,1.5441748598771425,264.83836193768855,0.10180731966860694,2.91244132435794,3,HYD200,200,368.10928314615364,24.960872345539567,10.0,14,-448.29801830579277,95.0
Mass-Nom-Real,CH,HYD200,2024-Hlow,2601.3685734951478,7576.333333333333,1.5635385585969266,384.9432832339521,0.14797721751391418,2.91244132435794,3,HYD200,200,368.10928314615364,24.960872345539567,10.0,14,-448.29801830579277,95.0
Mass-Nom-Real,CH,HYD200,2025-Hhigh,2601.3685734951478,7576.333333333333,1.5635385585969266,208.52262111275516,0.08015881457066588,2.91244132435794,3,HYD200,200,368.10928314615364,24.960872345539567,10.0,14,-448.29801830579277,95.0
Mass-Nom-Real,CH,HYD200,2025-Hlow,2601.3685734951478,7576.333333333333,1.5635385585969266,316.6159717490992,0.12171130803033427,2.91244132435794,3,HYD200,200,368.10928314615364,24.960872345539567,10.0,14,-448.29801830579277,95.0
Mass-Nom-Real,CH,HYD200,2030-Hhigh,2601.3685734951478,7576.333333333333,1.5635385585969266,166.41597341768653,0.06397247015023838,2.91244132435794,3,HYD200,200,368.10928314615364,24.960872345539567,10.0,14,-448.29801830579277,95.0
Mass-Nom-Real,CH,HYD200,2030-Hlow,2601.3685734951478,7576.333333333333,1.5635385585969266,246.51752214301922,0.09476454995833332,2.91244132435794,3,HYD200,200,368.10928314615364,24.960872345539567,10.0,14,-448.29801830579277,95.0
Mass-Nom-Real,CH,HYD200,2035-Hhigh,2601.3685734951478,7576.333333333333,1.5635385585969266,167.27183511884823,0.06430147454810876,2.91244132435794,3,HYD200,200,368.10928314615364,24.960872345539567,10.0,14,-448.29801830579277,95.0
Mass-Nom-Real,CH,HYD200,2035-Hlow,2601.3685734951478,7576.333333333333,1.5635385585969266,227.45970164399208,0.08743847525550048,2.91244132435794,3,HYD200,200,368.10928314615364,24.960872345539567,10.0,14,-448.29801830579277,95.0
Mass-Nom-Real,CH,HYD200,2040-Hhigh,2601.3685734951478,7576.333333333333,1.5635385585969266,177.19497397053428,0.06811605851471428,2.91244132435794,3,HYD200,200,368.10928314615364,24.960872345539567,10.0,14,-448.29801830579277,95.0
Mass-Nom-Real,CH,HYD200,2040-Hlow,2601.3685734951478,7576.333333333333,1.5635385585969266,250.27544580666714,0.09620914481580053,2.91244132435794,3,HYD200,200,368.10928314615364,24.960872345539567,10.0,14,-448.29801830579277,95.0
Mass-Nom-Real,CH,HYD200,2045-Hhigh,2601.3685734951478,7576.333333333333,1.5635385585969266,199.2901350685879,0.07660972654898555,2.91244132435794,3,HYD200,200,368.10928314615364,24.960872345539567,10.0,14,-448.29801830579277,95.0
Mass-Nom-Real,CH,HYD200,2045-Hlow,2601.3685734951478,7576.333333333333,1.5635385585969266,272.338312944015,0.10469039863048188,2.91244132435794,3,HYD200,200,368.10928314615364,24.960872345539567,10.0,14,-448.29801830579277,95.0
Mass-Nom-Real,CH,HYD500,2024-Hhigh,2696.8341504309096,7841.866666666666,1.7328287858606128,274.2796587098771,0.10170431083648644,2.9078045698188983,3,HYD500,500,636.0195277705851,0.0,0.0,14,0.0,0.0
Mass-Nom-Real,CH,HYD500,2024-Hlow,2696.8341504309096,7841.866666666666,1.7492353107936045,396.78399374276466,0.14712954954214189,2.9078045698188983,3,HYD500,500,636.0195277705851,0.0,0.0,14,0.0,0.0
Mass-Nom-Real,CH,HYD500,2025-Hhigh,2696.8341504309096,7841.866666666666,1.7492353107936045,216.82080344419046,0.08039827121350643,2.9078045698188983,3,HYD500,500,636.0195277705851,0.0,0.0,14,0.0,0.0
Mass-Nom-Real,CH,HYD500,2025-Hlow,2696.8341504309096,7841.866666666666,1.7492353107936045,327.24758354639306,0.12134509031417608,2.9078045698188983,3,HYD500,500,636.0195277705851,0.0,0.0,14,0.0,0.0
Mass-Nom-Real,CH,HYD500,2030-Hhigh,2696.8341504309096,7841.866666666666,1.7492353107936045,173.2340582792205,0.06423608150005834,2.9078045698188983,3,HYD500,500,636.0195277705851,0.0,0.0,14,0.0,0.0
Mass-Nom-Real,CH,HYD500,2030-Hlow,2696.8341504309096,7841.866666666666,1.7492353107936045,255.17903892697214,0.09462170259383534,2.9078045698188983,3,HYD500,500,636.0195277705851,0.0,0.0,14,0.0,0.0
Mass-Nom-Real,CH,HYD500,2035-Hhigh,2696.8341504309096,7841.866666666666,1.7492353107936045,173.86956363481585,0.0644717301607273,2.9078045698188983,3,HYD500,500,636.0195277705851,0.0,0.0,14,0.0,0.0
Mass-Nom-Real,CH,HYD500,2035-Hlow,2696.8341504309096,7841.866666666666,1.7492353107936045,235.58021382988184,0.08735435725338914,2.9078045698188983,3,HYD500,500,636.0195277705851,0.0,0.0,14,0.0,0.0
Mass-Nom-Real,CH,HYD500,2040-Hhigh,2696.8341504309096,7841.866666666666,1.7492353107936045,184.41885896750057,0.06838346323152036,2.9078045698188983,3,HYD500,500,636.0195277705851,0.0,0.0,14,0.0,0.0
Mass-Nom-Real,CH,HYD500,2040-Hlow,2696.8341504309096,7841.866666666666,1.7492353107936045,259.33358831795795,0.09616223091676614,2.9078045698188983,3,HYD500,500,636.0195277705851,0.0,0.0,14,0.0,0.0
Mass-Nom-Real,CH,HYD500,2045-Hhigh,2696.8341504309096,7841.866666666666,1.7492353107936045,207.6650478846148,0.07700326987161349,2.9078045698188983,3,HYD500,500,636.0195277705851,0.0,0.0,14,0.0,0.0
Mass-Nom-Real,CH,HYD500,2045-Hlow,2696.8341504309096,7841.866666666666,1.7492353107936045,282.70160145413524,0.1048272106050586,2.9078045698188983,3,HYD500,500,636.0195277705851,0.0,0.0,14,0.0,0.0
Mass-Nom-Real,CH,HYD1000,2024-Hhigh,2965.1210987596705,8657.914999999999,1.8998722819741163,304.33436373552104,0.10263808917039716,2.919919528285594,4,HYD1000,1000,976.0706668782007,0.0,0.0,11.2,0.0,0.0
Mass-Nom-Real,CH,HYD1000,2024-Hlow,2965.1210987596705,8657.914999999999,1.9183046653635807,434.3725634717333,0.14649403818732198,2.919919528285594,4,HYD1000,1000,976.0706668782007,0.0,0.0,11.2,0.0,0.0
Mass-Nom-Real,CH,HYD1000,2025-Hhigh,2965.1210987596705,8657.914999999999,1.9183046653635807,240.09854670622948,0.0809742802095551,2.919919528285594,4,HYD1000,1000,976.0706668782007,0.0,0.0,11.2,0.0,0.0
Mass-Nom-Real,CH,HYD1000,2025-Hlow,2965.1210987596705,8657.914999999999,1.9183046653635807,359.1523454316316,0.12112569216207303,2.919919528285594,4,HYD1000,1000,976.0706668782007,0.0,0.0,11.2,0.0,0.0
Mass-Nom-Real,CH,HYD1000,2030-Hhigh,2965.1210987596705,8657.914999999999,1.9183046653635807,191.60003207461833,0.06461794499886223,2.919919528285594,4,HYD1000,1000,976.0706668782007,0.0,0.0,11.2,0.0,0.0
Mass-Nom-Real,CH,HYD1000,2030-Hlow,2965.1210987596705,8657.914999999999,1.9183046653635807,280.3543928316688,0.09455073957989199,2.919919528285594,4,HYD1000,1000,976.0706668782007,0.0,0.0,11.2,0.0,0.0
Mass-Nom-Real,CH,HYD1000,2035-Hhigh,2965.1210987596705,8657.914999999999,1.9183046653635807,192.30013462967656,0.06485405763363829,2.919919528285594,4,HYD1000,1000,976.0706668782007,0.0,0.0,11.2,0.0,0.0
Mass-Nom-Real,CH,HYD1000,2035-Hlow,2965.1210987596705,8657.914999999999,1.9183046653635807,257.5921052721465,0.08687405899877039,2.919919528285594,4,HYD1000,1000,976.0706668782007,0.0,0.0,11.2,0.0,0.0
Mass-Nom-Real,CH,HYD1000,2040-Hhigh,2965.1210987596705,8657.914999999999,1.9183046653635807,203.64580316876092,0.06868043374482995,2.919919528285594,4,HYD1000,1000,976.0706668782007,0.0,0.0,11.2,0.0,0.0
Mass-Nom-Real,CH,HYD1000,2040-Hlow,2965.1210987596705,8657.914999999999,1.9183046653635807,283.78761979405743,0.09570861032042423,2.919919528285594,4,HYD1000,1000,976.0706668782007,0.0,0.0,11.2,0.0,0.0
Mass-Nom-Real,CH,HYD1000,2045-Hhigh,2965.1210987596705,8657.914999999999,1.9183046653635807,229.5795660478049,0.0774267081853215,2.919919528285594,4,HYD1000,1000,976.0706668782007,0.0,0.0,11.2,0.0,0.0
Mass-Nom-Real,CH,HYD1000,2045-Hlow,2965.1210987596705,8657.914999999999,1.9183046653635807,311.2992705298851,0.10498703431037054,2.919919528285594,4,HYD1000,1000,976.0706668782007,0.0,0.0,11.2,0.0,0.0
Mass-Nom-Real,CH,HYD200,2024-Hhigh,2740.1093100467688,8054.9,1.5308321550501836,277.97411631033606,0.10144636029341163,2.939627251535639,4,HYD200,200,367.34837897034475,40.9818815430795,20.0,14,-281.1634443596565,86.0
Mass-Nom-Real,CH,HYD200,2024-Hlow,2740.1093100467688,8054.9,1.5444485709198532,398.73461040638114,0.14551777512831246,2.939627251535639,4,HYD200,200,367.34837897034475,40.9818815430795,20.0,14,-281.1634443596565,86.0
Mass-Nom-Real,CH,HYD200,2025-Hhigh,2740.1093100467688,8054.9,1.5444485709198532,216.9958864902806,0.07919241969459126,2.939627251535639,4,HYD200,200,367.34837897034475,40.9818815430795,20.0,14,-281.1634443596565,86.0
Mass-Nom-Real,CH,HYD200,2025-Hlow,2740.1093100467688,8054.9,1.5444485709198532,326.6455366141282,0.11920894375142756,2.939627251535639,4,HYD200,200,367.34837897034475,40.9818815430795,20.0,14,-281.1634443596565,86.0
Mass-Nom-Real,CH,HYD200,2030-Hhigh,2740.1093100467688,8054.9,1.5444485709198532,172.5081466920131,0.06295666602040365,2.939627251535639,4,HYD200,200,367.34837897034475,40.9818815430795,20.0,14,-281.1634443596565,86.0
Mass-Nom-Real,CH,HYD200,2030-Hlow,2740.1093100467688,8054.9,1.5444485709198532,254.1896389284714,0.0927662403818966,2.939627251535639,4,HYD200,200,367.34837897034475,40.9818815430795,20.0,14,-281.1634443596565,86.0
Mass-Nom-Real,CH,HYD200,2035-Hhigh,2740.1093100467688,8054.9,1.5444485709198532,173.7813004228133,0.06342130213040557,2.939627251535639,4,HYD200,200,367.34837897034475,40.9818815430795,20.0,14,-281.1634443596565,86.0
Mass-Nom-Real,CH,HYD200,2035-Hlow,2740.1093100467688,8054.9,1.5444485709198532,234.95932743671614,0.08574815850419697,2.939627251535639,4,HYD200,200,367.34837897034475,40.9818815430795,20.0,14,-281.1634443596565,86.0
Mass-Nom-Real,CH,HYD200,2040-Hhigh,2740.1093100467688,8054.9,1.5444485709198532,183.7692822952289,0.06706640557054722,2.939627251535639,4,HYD200,200,367.34837897034475,40.9818815430795,20.0,14,-281.1634443596565,86.0
Mass-Nom-Real,CH,HYD200,2040-Hlow,2740.1093100467688,8054.9,1.5444485709198532,257.16168715634905,0.09385088624510377,2.939627251535639,4,HYD200,200,367.34837897034475,40.9818815430795,20.0,14,-281.1634443596565,86.0
Mass-Nom-Real,CH,HYD200,2045-Hhigh,2740.1093100467688,8054.9,1.5444485709198532,206.18096057528732,0.07524552389910612,2.939627251535639,4,HYD200,200,367.34837897034475,40.9818815430795,20.0,14,-281.1634443596565,86.0
Mass-Nom-Real,CH,HYD200,2045-Hlow,2740.1093100467688,8054.9,1.5444485709198532,280.6676732761872,0.10242937106454221,2.939627251535639,4,HYD200,200,367.34837897034475,40.9818815430795,20.0,14,-281.1634443596565,86.0
Mass-Nom-Real,CH,HYD500,2024-Hhigh,2835.4747096796973,8319.266666666666,1.7152061788763917,287.5973803173142,0.10142830028972538,2.9339943108173347,4,HYD500,500,633.9753098307597,0.0,0.0,14,0.0,0.0
Mass-Nom-Real,CH,HYD500,2024-Hlow,2835.4747096796973,8319.266666666666,1.7345698775961755,410.71459967311876,0.14484862032838028,2.9339943108173347,4,HYD500,500,633.9753098307597,0.0,0.0,14,0.0,0.0
Mass-Nom-Real,CH,HYD500,2025-Hhigh,2835.4747096796973,8319.266666666666,1.7345698775961755,225.61544465031537,0.07956884393294465,2.9339943108173347,4,HYD500,500,633.9753098307597,0.0,0.0,14,0.0,0.0
Mass-Nom-Real,CH,HYD500,2025-Hlow,2835.4747096796973,8319.266666666666,1.7345698775961755,337.5715751826898,0.11905293107721732,2.9339943108173347,4,HYD500,500,633.9753098307597,0.0,0.0,14,0.0,0.0
Mass-Nom-Real,CH,HYD500,2030-Hhigh,2835.4747096796973,8319.266666666666,1.7345698775961755,179.66529313964296,0.06336339115503464,2.9339943108173347,4,HYD500,500,633.9753098307597,0.0,0.0,14,0.0,0.0
Mass-Nom-Real,CH,HYD500,2030-Hlow,2835.4747096796973,8319.266666666666,1.7345698775961755,263.10886882414184,0.09279182350875678,2.9339943108173347,4,HYD500,500,633.9753098307597,0.0,0.0,14,0.0,0.0
Mass-Nom-Real,CH,HYD500,2035-Hhigh,2835.4747096796973,8319.266666666666,1.7345698775961755,180.63955160221496,0.06370698739987016,2.9339943108173347,4,HYD500,500,633.9753098307597,0.0,0.0,14,0.0,0.0
Mass-Nom-Real,CH,HYD500,2035-Hlow,2835.4747096796973,8319.266666666666,1.7345698775961755,243.28865143671186,0.08580173563395824,2.9339943108173347,4,HYD500,500,633.9753098307597,0.0,0.0,14,0.0,0.0
Mass-Nom-Real,CH,HYD500,2040-Hhigh,2835.4747096796973,8319.266666666666,1.7345698775961755,191.27540820928246,0.0674579842155917,2.9339943108173347,4,HYD500,500,633.9753098307597,0.0,0.0,14,0.0,0.0
Mass-Nom-Real,CH,HYD500,2040-Hlow,2835.4747096796973,8319.266666666666,1.7345698775961755,266.64072871112586,0.09403742089494647,2.9339943108173347,4,HYD500,500,633.9753098307597,0.0,0.0,14,0.0,0.0
Mass-Nom-Real,CH,HYD500,2045-Hhigh,2835.4747096796973,8319.266666666666,1.7345698775961755,215.06335157629934,0.07584738839042351,2.9339943108173347,4,HYD500,500,633.9753098307597,0.0,0.0,14,0.0,0.0
Mass-Nom-Real,CH,HYD500,2045-Hlow,2835.4747096796973,8319.266666666666,1.7345698775961755,291.5320928979162,0.10281597360141802,2.9339943108173347,4,HYD500,500,633.9753098307597,0.0,0.0,14,0.0,0.0
Mass-Nom-Real,CH,HYD1000,2024-Hhigh,3106.6394127268054,9133.244133333334,2.029712228726693,317.4546767679534,0.10218587824111598,2.9399112416837485,5,HYD1000,1000,972.9518100150833,0.0,0.0,11.2,0.0,0.0
Mass-Nom-Real,CH,HYD1000,2024-Hlow,3106.6394127268054,9133.244133333334,2.0686684613988247,450.5322817065604,0.14502239296291955,2.9399112416837485,5,HYD1000,1000,972.9518100150833,0.0,0.0,11.2,0.0,0.0
Mass-Nom-Real,CH,HYD1000,2025-Hhigh,3106.6394127268054,9133.244133333334,2.0686684613988247,250.1803373101601,0.08053085796995285,2.9399112416837485,5,HYD1000,1000,972.9518100150833,0.0,0.0,11.2,0.0,0.0
Mass-Nom-Real,CH,HYD1000,2025-Hlow,3106.6394127268054,9133.244133333334,2.0686684613988247,371.45725294880043,0.11956883422873962,2.9399112416837485,5,HYD1000,1000,972.9518100150833,0.0,0.0,11.2,0.0,0.0
Mass-Nom-Real,CH,HYD1000,2030-Hhigh,3106.6394127268054,9133.244133333334,2.0686684613988247,199.81282779741858,0.06431799808463638,2.9399112416837485,5,HYD1000,1000,972.9518100150833,0.0,0.0,11.2,0.0,0.0
Mass-Nom-Real,CH,HYD1000,2030-Hlow,3106.6394127268054,9133.244133333334,2.0686684613988247,289.6750690856445,0.09324386599196159,2.9399112416837485,5,HYD1000,1000,972.9518100150833,0.0,0.0,11.2,0.0,0.0
Mass-Nom-Real,CH,HYD1000,2035-Hhigh,3106.6394127268054,9133.244133333334,2.0686684613988247,200.25974505108078,0.06446185683175436,2.9399112416837485,5,HYD1000,1000,972.9518100150833,0.0,0.0,11.2,0.0,0.0
Mass-Nom-Real,CH,HYD1000,2035-Hlow,3106.6394127268054,9133.244133333334,2.0686684613988247,266.7895431046807,0.08587721575015694,2.9399112416837485,5,HYD1000,1000,972.9518100150833,0.0,0.0,11.2,0.0,0.0
Mass-Nom-Real,CH,HYD1000,2040-Hhigh,3106.6394127268054,9133.244133333334,2.0686684613988247,211.96940689632402,0.06823109435487111,2.9399112416837485,5,HYD1000,1000,972.9518100150833,0.0,0.0,11.2,0.0,0.0
Mass-Nom-Real,CH,HYD1000,2040-Hlow,3106.6394127268054,9133.244133333334,2.0686684613988247,294.327237861004,0.09474135834859017,2.9399112416837485,5,HYD1000,1000,972.9518100150833,0.0,0.0,11.2,0.0,0.0
Mass-Nom-Real,CH,HYD1000,2045-Hhigh,3106.6394127268054,9133.244133333334,2.0686684613988247,238.60782409375767,0.0768057673884731,2.9399112416837485,5,HYD1000,1000,972.9518100150833,0.0,0.0,11.2,0.0,0.0
Mass-Nom-Real,CH,HYD1000,2045-Hlow,3106.6394127268054,9133.244133333334,2.0686684613988247,322.38648130163523,0.10377338289758753,2.9399112416837485,5,HYD1000,1000,972.9518100150833,0.0,0.0,11.2,0.0,0.0
Mass-Nom-Real,CH,HYD200,2024-Hhigh,2885.461722367403,8533.466666666667,1.6100046508397285,290.95662322361267,0.10083537791133639,2.957400751677727,5,HYD200,200,366.4181974858912,59.80251660033547,23.0,14,-365.59991316622813,118.0
Mass-Nom-Real,CH,HYD200,2024-Hlow,2885.461722367403,8533.466666666667,1.6461090039394441,415.05795865645075,0.14384455542730704,2.957400751677727,5,HYD200,200,366.4181974858912,59.80251660033547,23.0,14,-365.59991316622813,118.0
Mass-Nom-Real,CH,HYD200,2025-Hhigh,2885.461722367403,8533.466666666667,1.6461090039394441,226.47769769524115,0.07848924001993882,2.957400751677727,5,HYD200,200,366.4181974858912,59.80251660033547,23.0,14,-365.59991316622813,118.0
Mass-Nom-Real,CH,HYD200,2025-Hlow,2885.461722367403,8533.466666666667,1.6461090039394441,338.6667559489821,0.11737003936795248,2.957400751677727,5,HYD200,200,366.4181974858912,59.80251660033547,23.0,14,-365.59991316622813,118.0
Mass-Nom-Real,CH,HYD200,2030-Hhigh,2885.461722367403,8533.466666666667,1.6461090039394441,180.20873648499423,0.062454038148577605,2.957400751677727,5,HYD200,200,366.4181974858912,59.80251660033547,23.0,14,-365.59991316622813,118.0
Mass-Nom-Real,CH,HYD200,2030-Hlow,2885.461722367403,8533.466666666667,1.6461090039394441,263.1611276300197,0.09120243238371804,2.957400751677727,5,HYD200,200,366.4181974858912,59.80251660033547,23.0,14,-365.59991316622813,118.0
Mass-Nom-Real,CH,HYD200,2035-Hhigh,2885.461722367403,8533.466666666667,1.6461090039394441,181.28546770445584,0.06282719548804776,2.957400751677727,5,HYD200,200,366.4181974858912,59.80251660033547,23.0,14,-365.59991316622813,118.0
Mass-Nom-Real,CH,HYD200,2035-Hlow,2885.461722367403,8533.466666666667,1.6461090039394441,243.95414849756153,0.08454596593899959,2.957400751677727,5,HYD200,200,366.4181974858912,59.80251660033547,23.0,14,-365.59991316622813,118.0
Mass-Nom-Real,CH,HYD200,2040-Hhigh,2885.461722367403,8533.466666666667,1.6461090039394441,191.70271730064658,0.06643744944339873,2.957400751677727,5,HYD200,200,366.4181974858912,59.80251660033547,23.0,14,-365.59991316622813,118.0
Mass-Nom-Real,CH,HYD200,2040-Hlow,2885.461722367403,8533.466666666667,1.6461090039394441,267.6620617183321,0.0927622985408125,2.957400751677727,5,HYD200,200,366.4181974858912,59.80251660033547,23.0,14,-365.59991316622813,118.0
Mass-Nom-Real,CH,HYD200,2045-Hhigh,2885.461722367403,8533.466666666667,1.6461090039394441,214.75289749250956,0.07442583480757929,2.957400751677727,5,HYD200,200,366.4181974858912,59.80251660033547,23.0,14,-365.59991316622813,118.0
Mass-Nom-Real,CH,HYD200,2045-Hlow,2885.461722367403,8533.466666666667,1.6461090039394441,291.3624237744415,0.10097601417335404,2.957400751677727,5,HYD200,200,366.4181974858912,59.80251660033547,23.0,14,-365.59991316622813,118.0
Mass-Nom-Real,CH,HYD500,2024-Hhigh,2980.8804416383778,8796.2,1.812826708537824,300.6684903276889,0.10086566577035637,2.950873130344455,5,HYD500,500,632.2800840440239,0.0,0.0,14,0.0,0.0
Mass-Nom-Real,CH,HYD500,2024-Hlow,2980.8804416383778,8796.2,1.8518882354243318,427.06953959520223,0.14326959700553185,2.950873130344455,5,HYD500,500,632.2800840440239,0.0,0.0,14,0.0,0.0
Mass-Nom-Real,CH,HYD500,2025-Hhigh,2980.8804416383778,8796.2,1.8518882354243318,235.25154106018314,0.07892015317826102,2.950873130344455,5,HYD500,500,632.2800840440239,0.0,0.0,14,0.0,0.0
Mass-Nom-Real,CH,HYD500,2025-Hlow,2980.8804416383778,8796.2,1.8518882354243318,349.75037513697373,0.11733123215929481,2.950873130344455,5,HYD500,500,632.2800840440239,0.0,0.0,14,0.0,0.0
Mass-Nom-Real,CH,HYD500,2030-Hhigh,2980.8804416383778,8796.2,1.8518882354243318,187.44705808635106,0.0628831185135774,2.950873130344455,5,HYD500,500,632.2800840440239,0.0,0.0,14,0.0,0.0
Mass-Nom-Real,CH,HYD500,2030-Hlow,2980.8804416383778,8796.2,1.8518882354243318,272.20291283657593,0.09131627992666669,2.950873130344455,5,HYD500,500,632.2800840440239,0.0,0.0,14,0.0,0.0
Mass-Nom-Real,CH,HYD500,2035-Hhigh,2980.8804416383778,8796.2,1.8518882354243318,188.3541449565203,0.0631874201747573,2.950873130344455,5,HYD500,500,632.2800840440239,0.0,0.0,14,0.0,0.0
Mass-Nom-Real,CH,HYD500,2035-Hlow,2980.8804416383778,8796.2,1.8518882354243318,252.41274230016958,0.08467724460677674,2.950873130344455,5,HYD500,500,632.2800840440239,0.0,0.0,14,0.0,0.0
Mass-Nom-Real,CH,HYD500,2040-Hhigh,2980.8804416383778,8796.2,1.8518882354243318,199.34022267712515,0.06687293455069336,2.950873130344455,5,HYD500,500,632.2800840440239,0.0,0.0,14,0.0,0.0
Mass-Nom-Real,CH,HYD500,2040-Hlow,2980.8804416383778,8796.2,1.8518882354243318,277.05063439202667,0.09294255164415506,2.950873130344455,5,HYD500,500,632.2800840440239,0.0,0.0,14,0.0,0.0
Mass-Nom-Real,CH,HYD500,2045-Hhigh,2980.8804416383778,8796.2,1.8518882354243318,223.701767843115,0.07504553511047966,2.950873130344455,5,HYD500,500,632.2800840440239,0.0,0.0,14,0.0,0.0
Mass-Nom-Real,CH,HYD500,2045-Hlow,2980.8804416383778,8796.2,1.8518882354243318,302.21688983212994,0.1013851094497513,2.950873130344455,5,HYD500,500,632.2800840440239,0.0,0.0,14,0.0,0.0
Mass-H1-Ideal,AK,HYD1000,2024-Hhigh,927.2784077653965,3069.426833331161,0.49103577487600003,81.013458601925,0.08736692014338543,3.3101459147830528,3,HYD1000,1000,861.6763056383284,0.0,0.0,5,0.0,0.0
Mass-H1-Ideal,AK,HYD1000,2024-Hlow,927.2784077653965,3069.426833331161,0.48654583234726434,115.55893308014194,0.12462161537722186,3.3101459147830528,3,HYD1000,1000,861.6763056383284,0.0,0.0,5,0.0,0.0
Mass-H1-Ideal,AK,HYD1000,2025-Hhigh,927.2784077653965,3069.426833331161,0.48654583234726434,62.32509750140113,0.06721292869484083,3.3101459147830528,3,HYD1000,1000,861.6763056383284,0.0,0.0,5,0.0,0.0
Mass-H1-Ideal,AK,HYD1000,2025-Hlow,927.2784077653965,3069.426833331161,0.48654583234726434,92.90557251329224,0.1001916703066352,3.3101459147830528,3,HYD1000,1000,861.6763056383284,0.0,0.0,5,0.0,0.0
Mass-H1-Ideal,AK,HYD1000,2030-Hhigh,927.2784077653965,3069.426833331161,0.48654583234726434,49.93624442492421,0.053852482713647086,3.3101459147830528,3,HYD1000,1000,861.6763056383284,0.0,0.0,5,0.0,0.0
Mass-H1-Ideal,AK,HYD1000,2030-Hlow,927.2784077653965,3069.426833331161,0.48654583234726434,72.76297977888281,0.07846939944846856,3.3101459147830528,3,HYD1000,1000,861.6763056383284,0.0,0.0,5,0.0,0.0
Mass-H1-Ideal,AK,HYD1000,2035-Hhigh,927.2784077653965,3069.426833331161,0.48654583234726434,51.070090670660306,0.05507525058599353,3.3101459147830528,3,HYD1000,1000,861.6763056383284,0.0,0.0,5,0.0,0.0
Mass-H1-Ideal,AK,HYD1000,2035-Hlow,927.2784077653965,3069.426833331161,0.48654583234726434,67.9517361498103,0.07328083516315656,3.3101459147830528,3,HYD1000,1000,861.6763056383284,0.0,0.0,5,0.0,0.0
Mass-H1-Ideal,AK,HYD1000,2040-Hhigh,927.2784077653965,3069.426833331161,0.48654583234726434,54.20685713912767,0.058458017231047314,3.3101459147830528,3,HYD1000,1000,861.6763056383284,0.0,0.0,5,0.0,0.0
Mass-H1-Ideal,AK,HYD1000,2040-Hlow,927.2784077653965,3069.426833331161,0.48654583234726434,75.10084415031098,0.08099061028638947,3.3101459147830528,3,HYD1000,1000,861.6763056383284,0.0,0.0,5,0.0,0.0
Mass-H1-Ideal,AK,HYD1000,2045-Hhigh,927.2784077653965,3069.426833331161,0.48654583234726434,59.94952521356369,0.06465105270598628,3.3101459147830528,3,HYD1000,1000,861.6763056383284,0.0,0.0,5,0.0,0.0
Mass-H1-Ideal,AK,HYD1000,2045-Hlow,927.2784077653965,3069.426833331161,0.48654583234726434,80.96145454845288,0.08731083768418374,3.3101459147830528,3,HYD1000,1000,861.6763056383284,0.0,0.0,5,0.0,0.0
Mass-H1-Ideal,AK,HYD200,2024-Hhigh,808.8276840672446,2532.575,0.43086867090149567,71.40811098776253,0.08828593827140291,3.1311675526049942,3,HYD200,200,320.22305682422194,627.4657308303191,129.0,8.5,-534.5544531223122,89.0
Mass-H1-Ideal,AK,HYD200,2024-Hlow,808.8276840672446,2532.575,0.42578712706869637,104.36227424487035,0.12902905810552578,3.1311675526049942,3,HYD200,200,320.22305682422194,627.4657308303191,129.0,8.5,-534.5544531223122,89.0
Mass-H1-Ideal,AK,HYD200,2025-Hhigh,808.8276840672446,2532.575,0.42578712706869637,54.64926808923033,0.06756602075540095,3.1311675526049942,3,HYD200,200,320.22305682422194,627.4657308303191,129.0,8.5,-534.5544531223122,89.0
Mass-H1-Ideal,AK,HYD200,2025-Hlow,808.8276840672446,2532.575,0.42578712706869637,83.51222120984725,0.1032509431303098,3.1311675526049942,3,HYD200,200,320.22305682422194,627.4657308303191,129.0,8.5,-534.5544531223122,89.0
Mass-H1-Ideal,AK,HYD200,2030-Hhigh,808.8276840672446,2532.575,0.42578712706869637,43.71935133665124,0.054052738547233616,3.1311675526049942,3,HYD200,200,320.22305682422194,627.4657308303191,129.0,8.5,-534.5544531223122,89.0
Mass-H1-Ideal,AK,HYD200,2030-Hlow,808.8276840672446,2532.575,0.42578712706869637,65.03306327059713,0.08040410158017092,3.1311675526049942,3,HYD200,200,320.22305682422194,627.4657308303191,129.0,8.5,-534.5544531223122,89.0
Mass-H1-Ideal,AK,HYD200,2035-Hhigh,808.8276840672446,2532.575,0.42578712706869637,44.780113389353886,0.05536421943939167,3.1311675526049942,3,HYD200,200,320.22305682422194,627.4657308303191,129.0,8.5,-534.5544531223122,89.0
Mass-H1-Ideal,AK,HYD200,2035-Hlow,808.8276840672446,2532.575,0.42578712706869637,61.38035124072229,0.07588804444979808,3.1311675526049942,3,HYD200,200,320.22305682422194,627.4657308303191,129.0,8.5,-534.5544531223122,89.0
Mass-H1-Ideal,AK,HYD200,2040-Hhigh,808.8276840672446,2532.575,0.42578712706869637,47.5816762581698,0.058827952103348055,3.1311675526049942,3,HYD200,200,320.22305682422194,627.4657308303191,129.0,8.5,-534.5544531223122,89.0
Mass-H1-Ideal,AK,HYD200,2040-Hlow,808.8276840672446,2532.575,0.42578712706869637,67.71524997043122,0.08372024264787836,3.1311675526049942,3,HYD200,200,320.22305682422194,627.4657308303191,129.0,8.5,-534.5544531223122,89.0
Mass-H1-Ideal,AK,HYD200,2045-Hhigh,808.8276840672446,2532.575,0.42578712706869637,52.71422818079479,0.06517362006665961,3.1311675526049942,3,HYD200,200,320.22305682422194,627.4657308303191,129.0,8.5,-534.5544531223122,89.0
Mass-H1-Ideal,AK,HYD200,2045-Hlow,808.8276840672446,2532.575,0.42578712706869637,72.74374849830855,0.08993726343850114,3.1311675526049942,3,HYD200,200,320.22305682422194,627.4657308303191,129.0,8.5,-534.5544531223122,89.0
Mass-H1-Ideal,AK,HYD500,2024-Hhigh,834.5999310476572,2765.215655553599,0.45079079527734167,73.2303320013081,0.08774303624658042,3.3132229619076017,3,HYD500,500,554.3755519846553,0.0,0.0,5,0.0,0.0
Mass-H1-Ideal,AK,HYD500,2024-Hlow,834.5999310476572,2765.215655553599,0.44181091021987046,104.94598498197912,0.12574406140944974,3.3132229619076017,3,HYD500,500,554.3755519846553,0.0,0.0,5,0.0,0.0
Mass-H1-Ideal,AK,HYD500,2025-Hhigh,834.5999310476572,2765.215655553599,0.44181091021987046,56.31579569008132,0.06747639628892516,3.3132229619076017,3,HYD500,500,554.3755519846553,0.0,0.0,5,0.0,0.0
Mass-H1-Ideal,AK,HYD500,2025-Hlow,834.5999310476572,2765.215655553599,0.44181091021987046,84.29708353707336,0.10100298406597862,3.3132229619076017,3,HYD500,500,554.3755519846553,0.0,0.0,5,0.0,0.0
Mass-H1-Ideal,AK,HYD500,2030-Hhigh,834.5999310476572,2765.215655553599,0.44181091021987046,45.10490368832415,0.05404374240925809,3.3132229619076017,3,HYD500,500,554.3755519846553,0.0,0.0,5,0.0,0.0
Mass-H1-Ideal,AK,HYD500,2030-Hlow,834.5999310476572,2765.215655553599,0.44181091021987046,65.92270876203092,0.07898719651136255,3.3132229619076017,3,HYD500,500,554.3755519846553,0.0,0.0,5,0.0,0.0
Mass-H1-Ideal,AK,HYD500,2035-Hhigh,834.5999310476572,2765.215655553599,0.44181091021987046,46.06156614757747,0.05518999515103875,3.3132229619076017,3,HYD500,500,554.3755519846553,0.0,0.0,5,0.0,0.0
Mass-H1-Ideal,AK,HYD500,2035-Hlow,834.5999310476572,2765.215655553599,0.44181091021987046,61.79729652318515,0.07404421474803168,3.3132229619076017,3,HYD500,500,554.3755519846553,0.0,0.0,5,0.0,0.0
Mass-H1-Ideal,AK,HYD500,2040-Hhigh,834.5999310476572,2765.215655553599,0.44181091021987046,48.83980740083519,0.05851882510884889,3.3132229619076017,3,HYD500,500,554.3755519846553,0.0,0.0,5,0.0,0.0
Mass-H1-Ideal,AK,HYD500,2040-Hlow,834.5999310476572,2765.215655553599,0.44181091021987046,68.38689737649437,0.08193973523416138,3.3132229619076017,3,HYD500,500,554.3755519846553,0.0,0.0,5,0.0,0.0
Mass-H1-Ideal,AK,HYD500,2045-Hhigh,834.5999310476572,2765.215655553599,0.44181091021987046,54.11599684423851,0.06484064379960797,3.3132229619076017,3,HYD500,500,554.3755519846553,0.0,0.0,5,0.0,0.0
Mass-H1-Ideal,AK,HYD500,2045-Hlow,834.5999310476572,2765.215655553599,0.44181091021987046,73.63906591233574,0.08823277258110726,3.3132229619076017,3,HYD500,500,554.3755519846553,0.0,0.0,5,0.0,0.0
Mass-H1-Ideal,AK,HYD1000,2024-Hhigh,1065.3880246970411,3539.51066666424,0.5210836600422503,93.84697082625603,0.08808712755424748,3.3222737487318317,4,HYD1000,1000,852.3934212838758,0.0,0.0,5,0.0,0.0
Mass-H1-Ideal,AK,HYD1000,2024-Hlow,1065.3880246970411,3539.51066666424,0.5192876830307558,128.93042869610332,0.12101734364131472,3.3222737487318317,4,HYD1000,1000,852.3934212838758,0.0,0.0,5,0.0,0.0
Mass-H1-Ideal,AK,HYD1000,2025-Hhigh,1065.3880246970411,3539.51066666424,0.5192876830307558,70.868294453161,0.06651876387789646,3.3222737487318317,4,HYD1000,1000,852.3934212838758,0.0,0.0,5,0.0,0.0
Mass-H1-Ideal,AK,HYD1000,2025-Hlow,1065.3880246970411,3539.51066666424,0.5192876830307558,102.71212070854213,0.09640818023813422,3.3222737487318317,4,HYD1000,1000,852.3934212838758,0.0,0.0,5,0.0,0.0
Mass-H1-Ideal,AK,HYD1000,2030-Hhigh,1065.3880246970411,3539.51066666424,0.5192876830307558,56.201586463831084,0.052752222815544446,3.3222737487318317,4,HYD1000,1000,852.3934212838758,0.0,0.0,5,0.0,0.0
Mass-H1-Ideal,AK,HYD1000,2030-Hlow,1065.3880246970411,3539.51066666424,0.5192876830307558,80.38149218427137,0.07544809057444496,3.3222737487318317,4,HYD1000,1000,852.3934212838758,0.0,0.0,5,0.0,0.0
Mass-H1-Ideal,AK,HYD1000,2035-Hhigh,1065.3880246970411,3539.51066666424,0.5192876830307558,57.595991528052316,0.05406104648532218,3.3222737487318317,4,HYD1000,1000,852.3934212838758,0.0,0.0,5,0.0,0.0
Mass-H1-Ideal,AK,HYD1000,2035-Hlow,1065.3880246970411,3539.51066666424,0.5192876830307558,75.22865957631511,0.07061151226822499,3.3222737487318317,4,HYD1000,1000,852.3934212838758,0.0,0.0,5,0.0,0.0
Mass-H1-Ideal,AK,HYD1000,2040-Hhigh,1065.3880246970411,3539.51066666424,0.5192876830307558,60.72457000396714,0.05699760894274653,3.3222737487318317,4,HYD1000,1000,852.3934212838758,0.0,0.0,5,0.0,0.0
Mass-H1-Ideal,AK,HYD1000,2040-Hlow,1065.3880246970411,3539.51066666424,0.5192876830307558,82.05278160468508,0.07701680486601865,3.3222737487318317,4,HYD1000,1000,852.3934212838758,0.0,0.0,5,0.0,0.0
Mass-H1-Ideal,AK,HYD1000,2045-Hhigh,1065.3880246970411,3539.51066666424,0.5192876830307558,66.93038605333511,0.06282254399505548,3.3222737487318317,4,HYD1000,1000,852.3934212838758,0.0,0.0,5,0.0,0.0
Mass-H1-Ideal,AK,HYD1000,2045-Hlow,1065.3880246970411,3539.51066666424,0.5192876830307558,88.98877087386475,0.08352709887007602,3.3222737487318317,4,HYD1000,1000,852.3934212838758,0.0,0.0,5,0.0,0.0
Mass-H1-Ideal,AK,HYD200,2024-Hhigh,950.2083311285494,3008.858333333333,0.42051032240460573,84.48671901637154,0.0889138899845551,3.1665248922410028,4,HYD200,200,318.01778936877133,1234.5362306686873,182.0,8.5,-458.6164410294224,97.0
Mass-H1-Ideal,AK,HYD200,2024-Hlow,950.2083311285494,3008.858333333333,0.41542877857180643,118.03514170480744,0.12422027658357691,3.1665248922410028,4,HYD200,200,318.01778936877133,1234.5362306686873,182.0,8.5,-458.6164410294224,97.0
Mass-H1-Ideal,AK,HYD200,2025-Hhigh,950.2083311285494,3008.858333333333,0.41542877857180643,63.04016674805709,0.06634352139723416,3.1665248922410028,4,HYD200,200,318.01778936877133,1234.5362306686873,182.0,8.5,-458.6164410294224,97.0
Mass-H1-Ideal,AK,HYD200,2025-Hlow,950.2083311285494,3008.858333333333,0.41542877857180643,93.35804126094399,0.09825007653854595,3.1665248922410028,4,HYD200,200,318.01778936877133,1234.5362306686873,182.0,8.5,-458.6164410294224,97.0
Mass-H1-Ideal,AK,HYD200,2030-Hhigh,950.2083311285494,3008.858333333333,0.41542877857180643,49.70753768579475,0.052312252016100284,3.1665248922410028,4,HYD200,200,318.01778936877133,1234.5362306686873,182.0,8.5,-458.6164410294224,97.0
Mass-H1-Ideal,AK,HYD200,2030-Hlow,950.2083311285494,3008.858333333333,0.41542877857180643,72.51228097826802,0.07631198191258351,3.1665248922410028,4,HYD200,200,318.01778936877133,1234.5362306686873,182.0,8.5,-458.6164410294224,97.0
Mass-H1-Ideal,AK,HYD200,2035-Hhigh,950.2083311285494,3008.858333333333,0.41542877857180643,51.24073085922102,0.05392578572570828,3.1665248922410028,4,HYD200,200,318.01778936877133,1234.5362306686873,182.0,8.5,-458.6164410294224,97.0
Mass-H1-Ideal,AK,HYD200,2035-Hlow,950.2083311285494,3008.858333333333,0.41542877857180643,68.63963918273058,0.07223641062082482,3.1665248922410028,4,HYD200,200,318.01778936877133,1234.5362306686873,182.0,8.5,-458.6164410294224,97.0
Mass-H1-Ideal,AK,HYD200,2040-Hhigh,950.2083311285494,3008.858333333333,0.41542877857180643,53.96758705008674,0.05679553133994329,3.1665248922410028,4,HYD200,200,318.01778936877133,1234.5362306686873,182.0,8.5,-458.6164410294224,97.0
Mass-H1-Ideal,AK,HYD200,2040-Hlow,950.2083311285494,3008.858333333333,0.41542877857180643,74.3211053704849,0.07821559013507569,3.1665248922410028,4,HYD200,200,318.01778936877133,1234.5362306686873,182.0,8.5,-458.6164410294224,97.0
Mass-H1-Ideal,AK,HYD200,2045-Hhigh,950.2083311285494,3008.858333333333,0.41542877857180643,59.37941899773129,0.06249094756642175,3.1665248922410028,4,HYD200,200,318.01778936877133,1234.5362306686873,182.0,8.5,-458.6164410294224,97.0
Mass-H1-Ideal,AK,HYD200,2045-Hlow,950.2083311285494,3008.858333333333,0.41542877857180643,80.64622095991534,0.08487214678925507,3.1665248922410028,4,HYD200,200,318.01778936877133,1234.5362306686873,182.0,8.5,-458.6164410294224,97.0
Mass-H1-Ideal,AK,HYD500,2024-Hhigh,973.448063575543,3239.093111108693,0.47277066157583664,86.04848346229421,0.08839555666301509,3.327443170631289,4,HYD500,500,548.8548898114417,0.0,0.0,5,0.0,0.0
Mass-H1-Ideal,AK,HYD500,2024-Hlow,973.448063575543,3239.093111108693,0.4700766960585953,118.16791535283653,0.12139108368945488,3.327443170631289,4,HYD500,500,548.8548898114417,0.0,0.0,5,0.0,0.0
Mass-H1-Ideal,AK,HYD500,2025-Hhigh,973.448063575543,3239.093111108693,0.4700766960585953,64.66399870899473,0.06642778503403594,3.327443170631289,4,HYD500,500,548.8548898114417,0.0,0.0,5,0.0,0.0
Mass-H1-Ideal,AK,HYD500,2025-Hlow,973.448063575543,3239.093111108693,0.4700766960585953,93.8829959425251,0.09644376465004849,3.327443170631289,4,HYD500,500,548.8548898114417,0.0,0.0,5,0.0,0.0
Mass-H1-Ideal,AK,HYD500,2030-Hhigh,973.448063575543,3239.093111108693,0.4700766960585953,51.11826191730493,0.05251257240118591,3.327443170631289,4,HYD500,500,548.8548898114417,0.0,0.0,5,0.0,0.0
Mass-H1-Ideal,AK,HYD500,2030-Hlow,973.448063575543,3239.093111108693,0.4700766960585953,73.31193541400854,0.07531160434458996,3.327443170631289,4,HYD500,500,548.8548898114417,0.0,0.0,5,0.0,0.0
Mass-H1-Ideal,AK,HYD500,2035-Hhigh,973.448063575543,3239.093111108693,0.4700766960585953,52.44061696989672,0.05387099623710654,3.327443170631289,4,HYD500,500,548.8548898114417,0.0,0.0,5,0.0,0.0
Mass-H1-Ideal,AK,HYD500,2035-Hlow,973.448063575543,3239.093111108693,0.4700766960585953,68.88155637102777,0.07076038152258579,3.327443170631289,4,HYD500,500,548.8548898114417,0.0,0.0,5,0.0,0.0
Mass-H1-Ideal,AK,HYD500,2040-Hhigh,973.448063575543,3239.093111108693,0.4700766960585953,55.18718021283896,0.056692475210369804,3.327443170631289,4,HYD500,500,548.8548898114417,0.0,0.0,5,0.0,0.0
Mass-H1-Ideal,AK,HYD500,2040-Hlow,973.448063575543,3239.093111108693,0.4700766960585953,74.94391553029061,0.07698809863056931,3.327443170631289,4,HYD500,500,548.8548898114417,0.0,0.0,5,0.0,0.0
Mass-H1-Ideal,AK,HYD500,2045-Hhigh,973.448063575543,3239.093111108693,0.4700766960585953,60.84927579580042,0.06250901108406007,3.327443170631289,4,HYD500,500,548.8548898114417,0.0,0.0,5,0.0,0.0
Mass-H1-Ideal,AK,HYD500,2045-Hlow,973.448063575543,3239.093111108693,0.4700766960585953,81.42614257449709,0.08364713601197496,3.327443170631289,4,HYD500,500,548.8548898114417,0.0,0.0,5,0.0,0.0
Mass-H1-Ideal,AK,HYD1000,2024-Hhigh,1205.195896351576,4011.1351555516258,0.5555800325031506,106.18105375646257,0.0881027342342425,3.3282018032871807,5,HYD1000,1000,845.8121611033579,0.0,0.0,5,0.0,0.0
Mass-H1-Ideal,AK,HYD1000,2024-Hlow,1205.195896351576,4011.1351555516258,0.5668442487516059,143.95529109508334,0.11944555364888924,3.3282018032871807,5,HYD1000,1000,845.8121611033579,0.0,0.0,5,0.0,0.0
Mass-H1-Ideal,AK,HYD1000,2025-Hhigh,1205.195896351576,4011.1351555516258,0.5668442487516059,80.10377846126306,0.06646535945214954,3.3282018032871807,5,HYD1000,1000,845.8121611033579,0.0,0.0,5,0.0,0.0
Mass-H1-Ideal,AK,HYD1000,2025-Hlow,1205.195896351576,4011.1351555516258,0.5668442487516059,113.88766504921115,0.09449722272866766,3.3282018032871807,5,HYD1000,1000,845.8121611033579,0.0,0.0,5,0.0,0.0
Mass-H1-Ideal,AK,HYD1000,2030-Hhigh,1205.195896351576,4011.1351555516258,0.5668442487516059,63.74588380402286,0.052892549665160084,3.3282018032871807,5,HYD1000,1000,845.8121611033579,0.0,0.0,5,0.0,0.0
Mass-H1-Ideal,AK,HYD1000,2030-Hlow,1205.195896351576,4011.1351555516258,0.5668442487516059,88.95863423857625,0.07381259304638846,3.3282018032871807,5,HYD1000,1000,845.8121611033579,0.0,0.0,5,0.0,0.0
Mass-H1-Ideal,AK,HYD1000,2035-Hhigh,1205.195896351576,4011.1351555516258,0.5668442487516059,65.041945335979,0.05396794457471763,3.3282018032871807,5,HYD1000,1000,845.8121611033579,0.0,0.0,5,0.0,0.0
Mass-H1-Ideal,AK,HYD1000,2035-Hlow,1205.195896351576,4011.1351555516258,0.5668442487516059,83.82977734644986,0.0695569721073754,3.3282018032871807,5,HYD1000,1000,845.8121611033579,0.0,0.0,5,0.0,0.0
Mass-H1-Ideal,AK,HYD1000,2040-Hhigh,1205.195896351576,4011.1351555516258,0.5668442487516059,68.59061657252893,0.05691242127538732,3.3282018032871807,5,HYD1000,1000,845.8121611033579,0.0,0.0,5,0.0,0.0
Mass-H1-Ideal,AK,HYD1000,2040-Hlow,1205.195896351576,4011.1351555516258,0.5668442487516059,92.12954499029406,0.07644362652510918,3.3282018032871807,5,HYD1000,1000,845.8121611033579,0.0,0.0,5,0.0,0.0
Mass-H1-Ideal,AK,HYD1000,2045-Hhigh,1205.195896351576,4011.1351555516258,0.5668442487516059,75.40372976437702,0.06256553809438169,3.3282018032871807,5,HYD1000,1000,845.8121611033579,0.0,0.0,5,0.0,0.0
Mass-H1-Ideal,AK,HYD1000,2045-Hlow,1205.195896351576,4011.1351555516258,0.5668442487516059,99.42384655056227,0.08249600488314196,3.3282018032871807,5,HYD1000,1000,845.8121611033579,0.0,0.0,5,0.0,0.0
Mass-H1-Ideal,AK,HYD200,2024-Hhigh,1097.8573861346918,3486.4166666666665,0.4794017767009894,97.34423257696095,0.08866746610840597,3.1756553362013196,5,HYD200,200,316.83333573398926,1877.035863945541,264.0,8.5,-597.7100087609194,121.0
Mass-H1-Ideal,AK,HYD200,2024-Hlow,1097.8573861346918,3486.4166666666665,0.49273939040765574,134.3325592931471,0.12235884276927968,3.1756553362013196,5,HYD200,200,316.83333573398926,1877.035863945541,264.0,8.5,-597.7100087609194,121.0
Mass-H1-Ideal,AK,HYD200,2025-Hhigh,1097.8573861346918,3486.4166666666665,0.49273939040765574,72.4721659895136,0.06601236818624662,3.1756553362013196,5,HYD200,200,316.83333573398926,1877.035863945541,264.0,8.5,-597.7100087609194,121.0
Mass-H1-Ideal,AK,HYD200,2025-Hlow,1097.8573861346918,3486.4166666666665,0.49273939040765574,105.27299205018609,0.0958894965591374,3.1756553362013196,5,HYD200,200,316.83333573398926,1877.035863945541,264.0,8.5,-597.7100087609194,121.0
Mass-H1-Ideal,AK,HYD200,2030-Hhigh,1097.8573861346918,3486.4166666666665,0.49273939040765574,57.37557418509539,0.05226140927748534,3.1756553362013196,5,HYD200,200,316.83333573398926,1877.035863945541,264.0,8.5,-597.7100087609194,121.0
Mass-H1-Ideal,AK,HYD200,2030-Hlow,1097.8573861346918,3486.4166666666665,0.49273939040765574,81.50304849547342,0.07423828406568113,3.1756553362013196,5,HYD200,200,316.83333573398926,1877.035863945541,264.0,8.5,-597.7100087609194,121.0
Mass-H1-Ideal,AK,HYD200,2035-Hhigh,1097.8573861346918,3486.4166666666665,0.49273939040765574,58.783268864540695,0.05354362926090366,3.1756553362013196,5,HYD200,200,316.83333573398926,1877.035863945541,264.0,8.5,-597.7100087609194,121.0
Mass-H1-Ideal,AK,HYD200,2035-Hlow,1097.8573861346918,3486.4166666666665,0.49273939040765574,77.76678679156286,0.07083505359959565,3.1756553362013196,5,HYD200,200,316.83333573398926,1877.035863945541,264.0,8.5,-597.7100087609194,121.0
Mass-H1-Ideal,AK,HYD200,2040-Hhigh,1097.8573861346918,3486.4166666666665,0.49273939040765574,62.06303456325836,0.056531053438341666,3.1756553362013196,5,HYD200,200,316.83333573398926,1877.035863945541,264.0,8.5,-597.7100087609194,121.0
Mass-H1-Ideal,AK,HYD200,2040-Hlow,1097.8573861346918,3486.4166666666665,0.49273939040765574,84.98784105282296,0.07741246005735405,3.1756553362013196,5,HYD200,200,316.83333573398926,1877.035863945541,264.0,8.5,-597.7100087609194,121.0
Mass-H1-Ideal,AK,HYD200,2045-Hhigh,1097.8573861346918,3486.4166666666665,0.49273939040765574,68.08103308640298,0.06201263838657674,3.1756553362013196,5,HYD200,200,316.83333573398926,1877.035863945541,264.0,8.5,-597.7100087609194,121.0
Mass-H1-Ideal,AK,HYD200,2045-Hlow,1097.8573861346918,3486.4166666666665,0.49273939040765574,91.51747382966593,0.08336007480158995,3.1756553362013196,5,HYD200,200,316.83333573398926,1877.035863945541,264.0,8.5,-597.7100087609194,121.0
Mass-H1-Ideal,AK,HYD500,2024-Hhigh,1114.0492566357589,3714.36462221792,0.4982554338774647,98.35643389527368,0.08828732958567159,3.334111665254978,5,HYD500,500,545.5916776985082,0.0,0.0,5,0.0,0.0
Mass-H1-Ideal,AK,HYD500,2024-Hlow,1114.0492566357589,3714.36462221792,0.510156114065266,133.28698867954716,0.11964191698493783,3.334111665254978,5,HYD500,500,545.5916776985082,0.0,0.0,5,0.0,0.0
Mass-H1-Ideal,AK,HYD500,2025-Hhigh,1114.0492566357589,3714.36462221792,0.510156114065266,73.70940345717979,0.06616350490621013,3.334111665254978,5,HYD500,500,545.5916776985082,0.0,0.0,5,0.0,0.0
Mass-H1-Ideal,AK,HYD500,2025-Hlow,1114.0492566357589,3714.36462221792,0.510156114065266,104.87739664562322,0.0941407177653305,3.334111665254978,5,HYD500,500,545.5916776985082,0.0,0.0,5,0.0,0.0
Mass-H1-Ideal,AK,HYD500,2030-Hhigh,1114.0492566357589,3714.36462221792,0.510156114065266,58.49485578632433,0.052506525575869906,3.334111665254978,5,HYD500,500,545.5916776985082,0.0,0.0,5,0.0,0.0
Mass-H1-Ideal,AK,HYD500,2030-Hlow,1114.0492566357589,3714.36462221792,0.510156114065266,81.66647400007841,0.07330598132321134,3.334111665254978,5,HYD500,500,545.5916776985082,0.0,0.0,5,0.0,0.0
Mass-H1-Ideal,AK,HYD500,2035-Hhigh,1114.0492566357589,3714.36462221792,0.510156114065266,59.704892398598595,0.053592686358318944,3.334111665254978,5,HYD500,500,545.5916776985082,0.0,0.0,5,0.0,0.0
Mass-H1-Ideal,AK,HYD500,2035-Hlow,1114.0492566357589,3714.36462221792,0.510156114065266,77.43285140985802,0.06950577000849333,3.334111665254978,5,HYD500,500,545.5916776985082,0.0,0.0,5,0.0,0.0
Mass-H1-Ideal,AK,HYD500,2040-Hhigh,1114.0492566357589,3714.36462221792,0.510156114065266,62.883632860138505,0.05644600764784538,3.334111665254978,5,HYD500,500,545.5916776985082,0.0,0.0,5,0.0,0.0
Mass-H1-Ideal,AK,HYD500,2040-Hlow,1114.0492566357589,3714.36462221792,0.510156114065266,84.84381551532641,0.07615804688164368,3.334111665254978,5,HYD500,500,545.5916776985082,0.0,0.0,5,0.0,0.0
Mass-H1-Ideal,AK,HYD500,2045-Hhigh,1114.0492566357589,3714.36462221792,0.510156114065266,69.0935944106825,0.0620202329467312,3.334111665254978,5,HYD500,500,545.5916776985082,0.0,0.0,5,0.0,0.0
Mass-H1-Ideal,AK,HYD500,2045-Hlow,1114.0492566357589,3714.36462221792,0.510156114065266,91.53091631669453,0.08216056495841349,3.334111665254978,5,HYD500,500,545.5916776985082,0.0,0.0,5,0.0,0.0
Mass-H1-Ideal,CH,HYD1000,2024-Hhigh,1617.2365700087062,4561.500325556299,1.0040955396312299,160.65168833651273,0.09933716026199425,2.8205522989946625,3,HYD1000,1000,974.1031087309327,0.0,0.0,5,0.0,0.0
Mass-H1-Ideal,CH,HYD1000,2024-Hlow,1617.2365700087062,4561.500325556299,1.0094985827839158,234.67303783378355,0.145107427191385,2.8205522989946625,3,HYD1000,1000,974.1031087309327,0.0,0.0,5,0.0,0.0
Mass-H1-Ideal,CH,HYD1000,2025-Hhigh,1617.2365700087062,4561.500325556299,1.0094985827839158,125.90088663621961,0.07784939381845776,2.8205522989946625,3,HYD1000,1000,974.1031087309327,0.0,0.0,5,0.0,0.0
Mass-H1-Ideal,CH,HYD1000,2025-Hlow,1617.2365700087062,4561.500325556299,1.0094985827839158,192.2522268137714,0.11887699695829684,2.8205522989946625,3,HYD1000,1000,974.1031087309327,0.0,0.0,5,0.0,0.0
Mass-H1-Ideal,CH,HYD1000,2030-Hhigh,1617.2365700087062,4561.500325556299,1.0094985827839158,100.5548680787835,0.062176968999805744,2.8205522989946625,3,HYD1000,1000,974.1031087309327,0.0,0.0,5,0.0,0.0
Mass-H1-Ideal,CH,HYD1000,2030-Hlow,1617.2365700087062,4561.500325556299,1.0094985827839158,149.39388052176415,0.09237602172263512,2.8205522989946625,3,HYD1000,1000,974.1031087309327,0.0,0.0,5,0.0,0.0
Mass-H1-Ideal,CH,HYD1000,2035-Hhigh,1617.2365700087062,4561.500325556299,1.0094985827839158,101.83506357468447,0.06296856345150312,2.8205522989946625,3,HYD1000,1000,974.1031087309327,0.0,0.0,5,0.0,0.0
Mass-H1-Ideal,CH,HYD1000,2035-Hlow,1617.2365700087062,4561.500325556299,1.0094985827839158,137.8291345581889,0.0852250914394342,2.8205522989946625,3,HYD1000,1000,974.1031087309327,0.0,0.0,5,0.0,0.0
Mass-H1-Ideal,CH,HYD1000,2040-Hhigh,1617.2365700087062,4561.500325556299,1.0094985827839158,108.40902540042444,0.06703349863022257,2.8205522989946625,3,HYD1000,1000,974.1031087309327,0.0,0.0,5,0.0,0.0
Mass-H1-Ideal,CH,HYD1000,2040-Hlow,1617.2365700087062,4561.500325556299,1.0094985827839158,151.89940807516953,0.09392528643743926,2.8205522989946625,3,HYD1000,1000,974.1031087309327,0.0,0.0,5,0.0,0.0
Mass-H1-Ideal,CH,HYD1000,2045-Hhigh,1617.2365700087062,4561.500325556299,1.0094985827839158,120.34601722475966,0.07441460294464637,2.8205522989946625,3,HYD1000,1000,974.1031087309327,0.0,0.0,5,0.0,0.0
Mass-H1-Ideal,CH,HYD1000,2045-Hlow,1617.2365700087062,4561.500325556299,1.0094985827839158,164.61392951246862,0.10178716742200707,2.8205522989946625,3,HYD1000,1000,974.1031087309327,0.0,0.0,5,0.0,0.0
Mass-H1-Ideal,CH,HYD200,2024-Hhigh,1360.5167985966402,3957.1882666666666,0.8224082653294629,138.06133373153096,0.10147712536437616,2.9085919929459654,3,HYD200,200,364.78329361299205,218.40922026309576,65.0,11.2,-447.7885426567067,101.0
Mass-H1-Ideal,CH,HYD200,2024-Hlow,1360.5167985966402,3957.1882666666666,0.8239087132363403,206.41312450999237,0.15171670406635587,2.9085919929459654,3,HYD200,200,364.78329361299205,218.40922026309576,65.0,11.2,-447.7885426567067,101.0
Mass-H1-Ideal,CH,HYD200,2025-Hhigh,1360.5167985966402,3957.1882666666666,0.8239087132363403,107.89375013129712,0.07930350455252627,2.9085919929459654,3,HYD200,200,364.78329361299205,218.40922026309576,65.0,11.2,-447.7885426567067,101.0
Mass-H1-Ideal,CH,HYD200,2025-Hlow,1360.5167985966402,3957.1882666666666,0.8239087132363403,168.65608378103718,0.12396471984396244,2.9085919929459654,3,HYD200,200,364.78329361299205,218.40922026309576,65.0,11.2,-447.7885426567067,101.0
Mass-H1-Ideal,CH,HYD200,2030-Hhigh,1360.5167985966402,3957.1882666666666,0.8239087132363403,86.09874312805101,0.0632838515605695,2.9085919929459654,3,HYD200,200,364.78329361299205,218.40922026309576,65.0,11.2,-447.7885426567067,101.0
Mass-H1-Ideal,CH,HYD200,2030-Hlow,1360.5167985966402,3957.1882666666666,0.8239087132363403,130.58456348138185,0.09598158847878877,2.9085919929459654,3,HYD200,200,364.78329361299205,218.40922026309576,65.0,11.2,-447.7885426567067,101.0
Mass-H1-Ideal,CH,HYD200,2035-Hhigh,1360.5167985966402,3957.1882666666666,0.8239087132363403,87.51058791017525,0.06432157838877224,2.9085919929459654,3,HYD200,200,364.78329361299205,218.40922026309576,65.0,11.2,-447.7885426567067,101.0
Mass-H1-Ideal,CH,HYD200,2035-Hlow,1360.5167985966402,3957.1882666666666,0.8239087132363403,120.0888161081065,0.08826705868826974,2.9085919929459654,3,HYD200,200,364.78329361299205,218.40922026309576,65.0,11.2,-447.7885426567067,101.0
Mass-H1-Ideal,CH,HYD200,2040-Hhigh,1360.5167985966402,3957.1882666666666,0.8239087132363403,93.02147624282541,0.06837216294482815,2.9085919929459654,3,HYD200,200,364.78329361299205,218.40922026309576,65.0,11.2,-447.7885426567067,101.0
Mass-H1-Ideal,CH,HYD200,2040-Hlow,1360.5167985966402,3957.1882666666666,0.8239087132363403,132.6796258446082,0.097521490349451,2.9085919929459654,3,HYD200,200,364.78329361299205,218.40922026309576,65.0,11.2,-447.7885426567067,101.0
Mass-H1-Ideal,CH,HYD200,2045-Hhigh,1360.5167985966402,3957.1882666666666,0.8239087132363403,103.20192054687884,0.07585494030895511,2.9085919929459654,3,HYD200,200,364.78329361299205,218.40922026309576,65.0,11.2,-447.7885426567067,101.0
Mass-H1-Ideal,CH,HYD200,2045-Hlow,1360.5167985966402,3957.1882666666666,0.8239087132363403,143.2080351191489,0.10526002712121348,2.9085919929459654,3,HYD200,200,364.78329361299205,218.40922026309576,65.0,11.2,-447.7885426567067,101.0
Mass-H1-Ideal,CH,HYD500,2024-Hhigh,1448.5170688483859,4220.4,0.8860273908318688,143.03713324463132,0.09874728874154731,2.91360046130167,3,HYD500,500,629.9121467584868,0.0,0.0,6,0.0,0.0
Mass-H1-Ideal,CH,HYD500,2024-Hlow,1448.5170688483859,4220.4,0.8870462927966823,209.28704683746437,0.1444836594185623,2.91360046130167,3,HYD500,500,629.9121467584868,0.0,0.0,6,0.0,0.0
Mass-H1-Ideal,CH,HYD500,2025-Hhigh,1448.5170688483859,4220.4,0.8870462927966823,111.76091200710577,0.07715539872509684,2.91360046130167,3,HYD500,500,629.9121467584868,0.0,0.0,6,0.0,0.0
Mass-H1-Ideal,CH,HYD500,2025-Hlow,1448.5170688483859,4220.4,0.8870462927966823,170.66619007613704,0.11782131791641347,2.91360046130167,3,HYD500,500,629.9121467584868,0.0,0.0,6,0.0,0.0
Mass-H1-Ideal,CH,HYD500,2030-Hhigh,1448.5170688483859,4220.4,0.8870462927966823,89.16871190977508,0.06155862007250412,2.91360046130167,3,HYD500,500,629.9121467584868,0.0,0.0,6,0.0,0.0
Mass-H1-Ideal,CH,HYD500,2030-Hlow,1448.5170688483859,4220.4,0.8870462927966823,132.4200795545254,0.09141768668270046,2.91360046130167,3,HYD500,500,629.9121467584868,0.0,0.0,6,0.0,0.0
Mass-H1-Ideal,CH,HYD500,2035-Hhigh,1448.5170688483859,4220.4,0.8870462927966823,90.29302579768692,0.06233480277141129,2.91360046130167,3,HYD500,500,629.9121467584868,0.0,0.0,6,0.0,0.0
Mass-H1-Ideal,CH,HYD500,2035-Hlow,1448.5170688483859,4220.4,0.8870462927966823,122.93298199081916,0.08486816250536457,2.91360046130167,3,HYD500,500,629.9121467584868,0.0,0.0,6,0.0,0.0
Mass-H1-Ideal,CH,HYD500,2040-Hhigh,1448.5170688483859,4220.4,0.8870462927966823,96.07477859380246,0.06632630064220421,2.91360046130167,3,HYD500,500,629.9121467584868,0.0,0.0,6,0.0,0.0
Mass-H1-Ideal,CH,HYD500,2040-Hlow,1448.5170688483859,4220.4,0.8870462927966823,134.99576503776845,0.09319584003597148,2.91360046130167,3,HYD500,500,629.9121467584868,0.0,0.0,6,0.0,0.0
Mass-H1-Ideal,CH,HYD500,2045-Hhigh,1448.5170688483859,4220.4,0.8870462927966823,106.5455167443991,0.07355489212778551,2.91360046130167,3,HYD500,500,629.9121467584868,0.0,0.0,6,0.0,0.0
Mass-H1-Ideal,CH,HYD500,2045-Hlow,1448.5170688483859,4220.4,0.8870462927966823,145.78333614558096,0.1006431607060613,2.91360046130167,3,HYD500,500,629.9121467584868,0.0,0.0,6,0.0,0.0
Mass-H1-Ideal,CH,HYD1000,2024-Hhigh,1767.1927497242839,5033.442435278716,0.9826759806822273,174.94415640397435,0.09899551502306073,2.84827019353946,4,HYD1000,1000,966.6977832369798,0.0,0.0,5,0.0,0.0
Mass-H1-Ideal,CH,HYD1000,2024-Hlow,1767.1927497242839,5033.442435278716,0.9890772698206612,249.7784409779825,0.1413419339893471,2.84827019353946,4,HYD1000,1000,966.6977832369798,0.0,0.0,5,0.0,0.0
Mass-H1-Ideal,CH,HYD1000,2025-Hhigh,1767.1927497242839,5033.442435278716,0.9890772698206612,135.59973658550066,0.07673171848778626,2.84827019353946,4,HYD1000,1000,966.6977832369798,0.0,0.0,5,0.0,0.0
Mass-H1-Ideal,CH,HYD1000,2025-Hlow,1767.1927497242839,5033.442435278716,0.9890772698206612,203.64409114652233,0.11523592498797583,2.84827019353946,4,HYD1000,1000,966.6977832369798,0.0,0.0,5,0.0,0.0
Mass-H1-Ideal,CH,HYD1000,2030-Hhigh,1767.1927497242839,5033.442435278716,0.9890772698206612,107.7847794990002,0.0609920901473915,2.84827019353946,4,HYD1000,1000,966.6977832369798,0.0,0.0,5,0.0,0.0
Mass-H1-Ideal,CH,HYD1000,2030-Hlow,1767.1927497242839,5033.442435278716,0.9890772698206612,158.25754917482953,0.08955307744416717,2.84827019353946,4,HYD1000,1000,966.6977832369798,0.0,0.0,5,0.0,0.0
Mass-H1-Ideal,CH,HYD1000,2035-Hhigh,1767.1927497242839,5033.442435278716,0.9890772698206612,109.42400258452165,0.06191967605208538,2.84827019353946,4,HYD1000,1000,966.6977832369798,0.0,0.0,5,0.0,0.0
Mass-H1-Ideal,CH,HYD1000,2035-Hlow,1767.1927497242839,5033.442435278716,0.9890772698206612,146.63518518878544,0.08297633928820915,2.84827019353946,4,HYD1000,1000,966.6977832369798,0.0,0.0,5,0.0,0.0
Mass-H1-Ideal,CH,HYD1000,2040-Hhigh,1767.1927497242839,5033.442435278716,0.9890772698206612,116.13479677303026,0.06571710799014399,2.84827019353946,4,HYD1000,1000,966.6977832369798,0.0,0.0,5,0.0,0.0
Mass-H1-Ideal,CH,HYD1000,2040-Hlow,1767.1927497242839,5033.442435278716,0.9890772698206612,160.44024497587517,0.09078819783575218,2.84827019353946,4,HYD1000,1000,966.6977832369798,0.0,0.0,5,0.0,0.0
Mass-H1-Ideal,CH,HYD1000,2045-Hhigh,1767.1927497242839,5033.442435278716,0.9890772698206612,128.67394393755595,0.07281262553710204,2.84827019353946,4,HYD1000,1000,966.6977832369798,0.0,0.0,5,0.0,0.0
Mass-H1-Ideal,CH,HYD1000,2045-Hlow,1767.1927497242839,5033.442435278716,0.9890772698206612,174.4676052734363,0.09872584940191534,2.84827019353946,4,HYD1000,1000,966.6977832369798,0.0,0.0,5,0.0,0.0
Mass-H1-Ideal,CH,HYD200,2024-Hhigh,1494.5774338692925,4434.5396,0.8001919140110381,151.01271022398728,0.10104040567040572,2.9670858795984074,4,HYD200,200,363.1925187873685,625.351350672807,106.0,11.2,-375.0605195768318,110.0
Mass-H1-Ideal,CH,HYD200,2024-Hlow,1494.5774338692925,4434.5396,0.8036656242138535,220.10645961866257,0.14727002738749492,2.9670858795984074,4,HYD200,200,363.1925187873685,625.351350672807,106.0,11.2,-375.0605195768318,110.0
Mass-H1-Ideal,CH,HYD200,2025-Hhigh,1494.5774338692925,4434.5396,0.8036656242138535,116.3113898138846,0.07782225743417491,2.9670858795984074,4,HYD200,200,363.1925187873685,625.351350672807,106.0,11.2,-375.0605195768318,110.0
Mass-H1-Ideal,CH,HYD200,2025-Hlow,1494.5774338692925,4434.5396,0.8036656242138535,178.80404844342746,0.11963518543199461,2.9670858795984074,4,HYD200,200,363.1925187873685,625.351350672807,106.0,11.2,-375.0605195768318,110.0
Mass-H1-Ideal,CH,HYD200,2030-Hhigh,1494.5774338692925,4434.5396,0.8036656242138535,92.1433290882083,0.06165175988885341,2.9670858795984074,4,HYD200,200,363.1925187873685,625.351350672807,106.0,11.2,-375.0605195768318,110.0
Mass-H1-Ideal,CH,HYD200,2030-Hlow,1494.5774338692925,4434.5396,0.8036656242138535,138.3292267871377,0.09255407157394244,2.9670858795984074,4,HYD200,200,363.1925187873685,625.351350672807,106.0,11.2,-375.0605195768318,110.0
Mass-H1-Ideal,CH,HYD200,2035-Hhigh,1494.5774338692925,4434.5396,0.8036656242138535,94.06184844895107,0.0629354132595429,2.9670858795984074,4,HYD200,200,363.1925187873685,625.351350672807,106.0,11.2,-375.0605195768318,110.0
Mass-H1-Ideal,CH,HYD200,2035-Hlow,1494.5774338692925,4434.5396,0.8036656242138535,127.68291368096358,0.08543077848459608,2.9670858795984074,4,HYD200,200,363.1925187873685,625.351350672807,106.0,11.2,-375.0605195768318,110.0
Mass-H1-Ideal,CH,HYD200,2040-Hhigh,1494.5774338692925,4434.5396,0.8036656242138535,99.56428123798725,0.06661701092343308,2.9670858795984074,4,HYD200,200,363.1925187873685,625.351350672807,106.0,11.2,-375.0605195768318,110.0
Mass-H1-Ideal,CH,HYD200,2040-Hlow,1494.5774338692925,4434.5396,0.8036656242138535,139.80625256681765,0.09354232801767588,2.9670858795984074,4,HYD200,200,363.1925187873685,625.351350672807,106.0,11.2,-375.0605195768318,110.0
Mass-H1-Ideal,CH,HYD200,2045-Hhigh,1494.5774338692925,4434.5396,0.8036656242138535,110.11567194853819,0.07367679281993515,2.9670858795984074,4,HYD200,200,363.1925187873685,625.351350672807,106.0,11.2,-375.0605195768318,110.0
Mass-H1-Ideal,CH,HYD200,2045-Hlow,1494.5774338692925,4434.5396,0.8036656242138535,151.7818895725636,0.10155505237331024,2.9670858795984074,4,HYD200,200,363.1925187873685,625.351350672807,106.0,11.2,-375.0605195768318,110.0
Mass-H1-Ideal,CH,HYD500,2024-Hhigh,1596.211127699795,4695.6,0.8775622418352877,157.008961910119,0.09836353047881284,2.941716116693504,4,HYD500,500,625.7135285713999,0.0,0.0,6,0.0,0.0
Mass-H1-Ideal,CH,HYD500,2024-Hlow,1596.211127699795,4695.6,0.88095247399336,223.87955883127898,0.140256858849179,2.941716116693504,4,HYD500,500,625.7135285713999,0.0,0.0,6,0.0,0.0
Mass-H1-Ideal,CH,HYD500,2025-Hhigh,1596.211127699795,4695.6,0.88095247399336,120.96352402442974,0.07578165690320872,2.941716116693504,4,HYD500,500,625.7135285713999,0.0,0.0,6,0.0,0.0
Mass-H1-Ideal,CH,HYD500,2025-Hlow,1596.211127699795,4695.6,0.88095247399336,181.42202027493536,0.1136579097380256,2.941716116693504,4,HYD500,500,625.7135285713999,0.0,0.0,6,0.0,0.0
Mass-H1-Ideal,CH,HYD500,2030-Hhigh,1596.211127699795,4695.6,0.88095247399336,95.83285746959609,0.060037707923822785,2.941716116693504,4,HYD500,500,625.7135285713999,0.0,0.0,6,0.0,0.0
Mass-H1-Ideal,CH,HYD500,2030-Hlow,1596.211127699795,4695.6,0.88095247399336,140.73027182625864,0.08816519906677801,2.941716116693504,4,HYD500,500,625.7135285713999,0.0,0.0,6,0.0,0.0
Mass-H1-Ideal,CH,HYD500,2035-Hhigh,1596.211127699795,4695.6,0.88095247399336,97.45681934806895,0.061055093312441806,2.941716116693504,4,HYD500,500,625.7135285713999,0.0,0.0,6,0.0,0.0
Mass-H1-Ideal,CH,HYD500,2035-Hlow,1596.211127699795,4695.6,0.88095247399336,131.15913113490123,0.08216903695183911,2.941716116693504,4,HYD500,500,625.7135285713999,0.0,0.0,6,0.0,0.0
Mass-H1-Ideal,CH,HYD500,2040-Hhigh,1596.211127699795,4695.6,0.88095247399336,103.26136310696658,0.06469154444235105,2.941716116693504,4,HYD500,500,625.7135285713999,0.0,0.0,6,0.0,0.0
Mass-H1-Ideal,CH,HYD500,2040-Hlow,1596.211127699795,4695.6,0.88095247399336,142.6622191802981,0.08937553228680979,2.941716116693504,4,HYD500,500,625.7135285713999,0.0,0.0,6,0.0,0.0
Mass-H1-Ideal,CH,HYD500,2045-Hhigh,1596.211127699795,4695.6,0.88095247399336,114.1979287567705,0.07154312282068497,2.941716116693504,4,HYD500,500,625.7135285713999,0.0,0.0,6,0.0,0.0
Mass-H1-Ideal,CH,HYD500,2045-Hlow,1596.211127699795,4695.6,0.88095247399336,154.86400852940244,0.09701975248886265,2.941716116693504,4,HYD500,500,625.7135285713999,0.0,0.0,6,0.0,0.0
Mass-H1-Ideal,CH,HYD1000,2024-Hhigh,1917.284448064167,5506.922866666166,1.081421887416713,188.64761242131652,0.0983931271188212,2.872251361672685,5,HYD1000,1000,961.9934129506041,0.0,0.0,5,0.0,0.0
Mass-H1-Ideal,CH,HYD1000,2024-Hlow,1917.284448064167,5506.922866666166,1.1026588988511234,266.24681850373133,0.13886662397567243,2.872251361672685,5,HYD1000,1000,961.9934129506041,0.0,0.0,5,0.0,0.0
Mass-H1-Ideal,CH,HYD1000,2025-Hhigh,1917.284448064167,5506.922866666166,1.1026588988511234,145.92461543682265,0.076110050120189,2.872251361672685,5,HYD1000,1000,961.9934129506041,0.0,0.0,5,0.0,0.0
Mass-H1-Ideal,CH,HYD1000,2025-Hlow,1917.284448064167,5506.922866666166,1.1026588988511234,215.96356790232477,0.11264033780714054,2.872251361672685,5,HYD1000,1000,961.9934129506041,0.0,0.0,5,0.0,0.0
Mass-H1-Ideal,CH,HYD1000,2030-Hhigh,1917.284448064167,5506.922866666166,1.1026588988511234,116.10730720131059,0.06055820633111647,2.872251361672685,5,HYD1000,1000,961.9934129506041,0.0,0.0,5,0.0,0.0
Mass-H1-Ideal,CH,HYD1000,2030-Hlow,1917.284448064167,5506.922866666166,1.1026588988511234,167.62887249124674,0.0874303615514627,2.872251361672685,5,HYD1000,1000,961.9934129506041,0.0,0.0,5,0.0,0.0
Mass-H1-Ideal,CH,HYD1000,2035-Hhigh,1917.284448064167,5506.922866666166,1.1026588988511234,117.5416909942718,0.06130633934518722,2.872251361672685,5,HYD1000,1000,961.9934129506041,0.0,0.0,5,0.0,0.0
Mass-H1-Ideal,CH,HYD1000,2035-Hlow,1917.284448064167,5506.922866666166,1.1026588988511234,155.7933405084957,0.08125729109511959,2.872251361672685,5,HYD1000,1000,961.9934129506041,0.0,0.0,5,0.0,0.0
Mass-H1-Ideal,CH,HYD1000,2040-Hhigh,1917.284448064167,5506.922866666166,1.1026588988511234,124.61532168280283,0.06499574009929707,2.872251361672685,5,HYD1000,1000,961.9934129506041,0.0,0.0,5,0.0,0.0
Mass-H1-Ideal,CH,HYD1000,2040-Hlow,1917.284448064167,5506.922866666166,1.1026588988511234,171.21412070753047,0.08930032311084617,2.872251361672685,5,HYD1000,1000,961.9934129506041,0.0,0.0,5,0.0,0.0
Mass-H1-Ideal,CH,HYD1000,2045-Hhigh,1917.284448064167,5506.922866666166,1.1026588988511234,137.9070408535696,0.07192831558864977,2.872251361672685,5,HYD1000,1000,961.9934129506041,0.0,0.0,5,0.0,0.0
Mass-H1-Ideal,CH,HYD1000,2045-Hlow,1917.284448064167,5506.922866666166,1.1026588988511234,185.74456221274602,0.09687898026830997,2.872251361672685,5,HYD1000,1000,961.9934129506041,0.0,0.0,5,0.0,0.0
Mass-H1-Ideal,CH,HYD200,2024-Hhigh,1634.9273540150357,4913.038799999999,0.8520154094083227,163.55188089734514,0.10003617622256814,3.0050502170231694,5,HYD200,200,362.2269961546847,673.9339137267946,129.0,11.2,-783.1027702615744,194.0
Mass-H1-Ideal,CH,HYD200,2024-Hlow,1634.9273540150357,4913.038799999999,0.8721846478991944,235.9386918458993,0.14431142231884725,3.0050502170231694,5,HYD200,200,362.2269961546847,673.9339137267946,129.0,11.2,-783.1027702615744,194.0
Mass-H1-Ideal,CH,HYD200,2025-Hhigh,1634.9273540150357,4913.038799999999,0.8721846478991944,125.51357569455746,0.0767701239974502,3.0050502170231694,5,HYD200,200,362.2269961546847,673.9339137267946,129.0,11.2,-783.1027702615744,194.0
Mass-H1-Ideal,CH,HYD200,2025-Hlow,1634.9273540150357,4913.038799999999,0.8721846478991944,190.40724782855634,0.11646220693595738,3.0050502170231694,5,HYD200,200,362.2269961546847,673.9339137267946,129.0,11.2,-783.1027702615744,194.0
Mass-H1-Ideal,CH,HYD200,2030-Hhigh,1634.9273540150357,4913.038799999999,0.8721846478991944,99.60422132033908,0.060922719945771406,3.0050502170231694,5,HYD200,200,362.2269961546847,673.9339137267946,129.0,11.2,-783.1027702615744,194.0
Mass-H1-Ideal,CH,HYD200,2030-Hlow,1634.9273540150357,4913.038799999999,0.8721846478991944,146.9915153416086,0.08990706221938763,3.0050502170231694,5,HYD200,200,362.2269961546847,673.9339137267946,129.0,11.2,-783.1027702615744,194.0
Mass-H1-Ideal,CH,HYD200,2035-Hhigh,1634.9273540150357,4913.038799999999,0.8721846478991944,101.3415736485057,0.06198536797346514,3.0050502170231694,5,HYD200,200,362.2269961546847,673.9339137267946,129.0,11.2,-783.1027702615744,194.0
Mass-H1-Ideal,CH,HYD200,2035-Hlow,1634.9273540150357,4913.038799999999,0.8721846478991944,136.18469119560584,0.083297090149703,3.0050502170231694,5,HYD200,200,362.2269961546847,673.9339137267946,129.0,11.2,-783.1027702615744,194.0
Mass-H1-Ideal,CH,HYD200,2040-Hhigh,1634.9273540150357,4913.038799999999,0.8721846478991944,107.23676360032529,0.06559114895042553,3.0050502170231694,5,HYD200,200,362.2269961546847,673.9339137267946,129.0,11.2,-783.1027702615744,194.0
Mass-H1-Ideal,CH,HYD200,2040-Hlow,1634.9273540150357,4913.038799999999,0.8721846478991944,149.80697837163768,0.0916291344711699,3.0050502170231694,5,HYD200,200,362.2269961546847,673.9339137267946,129.0,11.2,-783.1027702615744,194.0
Mass-H1-Ideal,CH,HYD200,2045-Hhigh,1634.9273540150357,4913.038799999999,0.8721846478991944,118.42825027046943,0.0724363990727996,3.0050502170231694,5,HYD200,200,362.2269961546847,673.9339137267946,129.0,11.2,-783.1027702615744,194.0
Mass-H1-Ideal,CH,HYD200,2045-Hlow,1634.9273540150357,4913.038799999999,0.8721846478991944,161.98877068218815,0.0990801030298857,3.0050502170231694,5,HYD200,200,362.2269961546847,673.9339137267946,129.0,11.2,-783.1027702615744,194.0
Mass-H1-Ideal,CH,HYD500,2024-Hhigh,1749.3599444098772,5171.8,0.9427882586164135,170.59979204670958,0.09752126347231478,2.956395575722775,5,HYD500,500,623.3202958199718,0.0,0.0,6,0.0,0.0
Mass-H1-Ideal,CH,HYD500,2024-Hlow,1749.3599444098772,5171.8,0.9669645854077604,240.48283682093947,0.1374690426572349,2.956395575722775,5,HYD500,500,623.3202958199718,0.0,0.0,6,0.0,0.0
Mass-H1-Ideal,CH,HYD500,2025-Hhigh,1749.3599444098772,5171.8,0.9669645854077604,130.94932028599797,0.07485556114649232,2.956395575722775,5,HYD500,500,623.3202958199718,0.0,0.0,6,0.0,0.0
Mass-H1-Ideal,CH,HYD500,2025-Hlow,1749.3599444098772,5171.8,0.9669645854077604,193.6622049283257,0.11070460687474756,2.956395575722775,5,HYD500,500,623.3202958199718,0.0,0.0,6,0.0,0.0
Mass-H1-Ideal,CH,HYD500,2030-Hhigh,1749.3599444098772,5171.8,0.9669645854077604,103.96378199043184,0.05942961156887733,2.956395575722775,5,HYD500,500,623.3202958199718,0.0,0.0,6,0.0,0.0
Mass-H1-Ideal,CH,HYD500,2030-Hlow,1749.3599444098772,5171.8,0.9669645854077604,149.94125388604263,0.08571206535577976,2.956395575722775,5,HYD500,500,623.3202958199718,0.0,0.0,6,0.0,0.0
Mass-H1-Ideal,CH,HYD500,2035-Hhigh,1749.3599444098772,5171.8,0.9669645854077604,105.44517254371793,0.060276430177031645,2.956395575722775,5,HYD500,500,623.3202958199718,0.0,0.0,6,0.0,0.0
Mass-H1-Ideal,CH,HYD500,2035-Hlow,1749.3599444098772,5171.8,0.9669645854077604,140.35739742538576,0.08023357221245478,2.956395575722775,5,HYD500,500,623.3202958199718,0.0,0.0,6,0.0,0.0
Mass-H1-Ideal,CH,HYD500,2040-Hhigh,1749.3599444098772,5171.8,0.9669645854077604,111.68710070052109,0.06384455129284283,2.956395575722775,5,HYD500,500,623.3202958199718,0.0,0.0,6,0.0,0.0
Mass-H1-Ideal,CH,HYD500,2040-Hlow,1749.3599444098772,5171.8,0.9669645854077604,153.35346032694528,0.08766261101209619,2.956395575722775,5,HYD500,500,623.3202958199718,0.0,0.0,6,0.0,0.0
Mass-H1-Ideal,CH,HYD500,2045-Hhigh,1749.3599444098772,5171.8,0.9669645854077604,123.26327116888712,0.07046192612491096,2.956395575722775,5,HYD500,500,623.3202958199718,0.0,0.0,6,0.0,0.0
Mass-H1-Ideal,CH,HYD500,2045-Hlow,1749.3599444098772,5171.8,0.9669645854077604,165.85974065066873,0.09481167165206772,2.956395575722775,5,HYD500,500,623.3202958199718,0.0,0.0,6,0.0,0.0
Mass-H1-Real,AK,HYD1000,2024-Hhigh,923.9190574968112,3060.524044442293,0.4936246272454541,80.80607566110565,0.087460124353355,3.3125456387210153,3,HYD1000,1000,861.4321648252535,0.0,0.0,5,0.0,0.0
Mass-H1-Real,AK,HYD1000,2024-Hlow,923.9190574968112,3060.524044442293,0.49084348687274576,114.76152891648576,0.1242116698268039,3.3125456387210153,3,HYD1000,1000,861.4321648252535,0.0,0.0,5,0.0,0.0
Mass-H1-Real,AK,HYD1000,2025-Hhigh,923.9190574968112,3060.524044442293,0.49084348687274576,62.220393137397515,0.06734398715183149,3.3125456387210153,3,HYD1000,1000,861.4321648252535,0.0,0.0,5,0.0,0.0
Mass-H1-Real,AK,HYD1000,2025-Hlow,923.9190574968112,3060.524044442293,0.49084348687274576,92.35915901280723,0.09996455670374133,3.3125456387210153,3,HYD1000,1000,861.4321648252535,0.0,0.0,5,0.0,0.0
Mass-H1-Real,AK,HYD1000,2030-Hhigh,923.9190574968112,3060.524044442293,0.49084348687274576,49.788564894310014,0.053888448874734735,3.3125456387210153,3,HYD1000,1000,861.4321648252535,0.0,0.0,5,0.0,0.0
Mass-H1-Real,AK,HYD1000,2030-Hlow,923.9190574968112,3060.524044442293,0.49084348687274576,72.33304930421993,0.07828937905036078,3.3125456387210153,3,HYD1000,1000,861.4321648252535,0.0,0.0,5,0.0,0.0
Mass-H1-Real,AK,HYD1000,2035-Hhigh,923.9190574968112,3060.524044442293,0.49084348687274576,50.771633923505426,0.05495246960384369,3.3125456387210153,3,HYD1000,1000,861.4321648252535,0.0,0.0,5,0.0,0.0
Mass-H1-Real,AK,HYD1000,2035-Hlow,923.9190574968112,3060.524044442293,0.49084348687274576,67.46961442188538,0.07302546026562315,3.3125456387210153,3,HYD1000,1000,861.4321648252535,0.0,0.0,5,0.0,0.0
Mass-H1-Real,AK,HYD1000,2040-Hhigh,923.9190574968112,3060.524044442293,0.49084348687274576,53.80445551461771,0.05823503160589737,3.3125456387210153,3,HYD1000,1000,861.4321648252535,0.0,0.0,5,0.0,0.0
Mass-H1-Real,AK,HYD1000,2040-Hlow,923.9190574968112,3060.524044442293,0.49084348687274576,74.65304308357076,0.08080041479589073,3.3125456387210153,3,HYD1000,1000,861.4321648252535,0.0,0.0,5,0.0,0.0
Mass-H1-Real,AK,HYD1000,2045-Hhigh,923.9190574968112,3060.524044442293,0.49084348687274576,59.559570892164444,0.0644640571150574,3.3125456387210153,3,HYD1000,1000,861.4321648252535,0.0,0.0,5,0.0,0.0
Mass-H1-Real,AK,HYD1000,2045-Hlow,923.9190574968112,3060.524044442293,0.49084348687274576,80.4894016030814,0.08711737348632319,3.3125456387210153,3,HYD1000,1000,861.4321648252535,0.0,0.0,5,0.0,0.0
Mass-H1-Real,AK,HYD200,2024-Hhigh,805.5686841846001,2523.65,0.4292904718185067,71.20127012398466,0.08838634311617373,3.132755840123613,3,HYD200,200,320.0831017930943,654.3796786328927,128.0,8.5,-556.6827523194318,90.0
Mass-H1-Real,AK,HYD200,2024-Hlow,805.5686841846001,2523.65,0.4242089279857074,103.64346423669217,0.12865875532587331,3.132755840123613,3,HYD200,200,320.0831017930943,654.3796786328927,128.0,8.5,-556.6827523194318,90.0
Mass-H1-Real,AK,HYD200,2025-Hhigh,805.5686841846001,2523.65,0.4242089279857074,54.57215870450745,0.06774364467723272,3.132755840123613,3,HYD200,200,320.0831017930943,654.3796786328927,128.0,8.5,-556.6827523194318,90.0
Mass-H1-Real,AK,HYD200,2025-Hlow,805.5686841846001,2523.65,0.4242089279857074,83.0522179711516,0.10309762482291301,3.132755840123613,3,HYD200,200,320.0831017930943,654.3796786328927,128.0,8.5,-556.6827523194318,90.0
Mass-H1-Real,AK,HYD200,2030-Hhigh,805.5686841846001,2523.65,0.4242089279857074,43.633821159365056,0.054165240054647096,3.132755840123613,3,HYD200,200,320.0831017930943,654.3796786328927,128.0,8.5,-556.6827523194318,90.0
Mass-H1-Real,AK,HYD200,2030-Hlow,805.5686841846001,2523.65,0.4242089279857074,64.67768213220671,0.0802882279338772,3.132755840123613,3,HYD200,200,320.0831017930943,654.3796786328927,128.0,8.5,-556.6827523194318,90.0
Mass-H1-Real,AK,HYD200,2035-Hhigh,805.5686841846001,2523.65,0.4242089279857074,44.554929691152644,0.05530866649347389,3.132755840123613,3,HYD200,200,320.0831017930943,654.3796786328927,128.0,8.5,-556.6827523194318,90.0
Mass-H1-Real,AK,HYD200,2035-Hlow,805.5686841846001,2523.65,0.4242089279857074,60.9601109749436,0.07567338722538311,3.132755840123613,3,HYD200,200,320.0831017930943,654.3796786328927,128.0,8.5,-556.6827523194318,90.0
Mass-H1-Real,AK,HYD200,2040-Hhigh,805.5686841846001,2523.65,0.4242089279857074,47.28872521215808,0.05870228838404253,3.132755840123613,3,HYD200,200,320.0831017930943,654.3796786328927,128.0,8.5,-556.6827523194318,90.0
Mass-H1-Real,AK,HYD200,2040-Hlow,805.5686841846001,2523.65,0.4242089279857074,67.41791363510326,0.08368983918899969,3.132755840123613,3,HYD200,200,320.0831017930943,654.3796786328927,128.0,8.5,-556.6827523194318,90.0
Mass-H1-Real,AK,HYD200,2045-Hhigh,805.5686841846001,2523.65,0.4242089279857074,52.45210981086409,0.06511190273484417,3.132755840123613,3,HYD200,200,320.0831017930943,654.3796786328927,128.0,8.5,-556.6827523194318,90.0
Mass-H1-Real,AK,HYD200,2045-Hlow,805.5686841846001,2523.65,0.4242089279857074,72.40616750268657,0.08988205341668214,3.132755840123613,3,HYD200,200,320.0831017930943,654.3796786328927,128.0,8.5,-556.6827523194318,90.0
Mass-H1-Real,AK,HYD500,2024-Hhigh,831.6091186415439,2756.4662333314386,0.453408315749197,73.06427560424916,0.08785891588538813,3.3146176148647832,3,HYD500,500,554.2117650565093,0.0,0.0,5,0.0,0.0
Mass-H1-Real,AK,HYD500,2024-Hlow,831.6091186415439,2756.4662333314386,0.4452392443420059,104.24832917344577,0.12535736662404356,3.3146176148647832,3,HYD500,500,554.2117650565093,0.0,0.0,5,0.0,0.0
Mass-H1-Real,AK,HYD500,2025-Hhigh,831.6091186415439,2756.4662333314386,0.4452392443420059,56.245814474379976,0.06763491791222666,3.3146176148647832,3,HYD500,500,554.2117650565093,0.0,0.0,5,0.0,0.0
Mass-H1-Real,AK,HYD500,2025-Hlow,831.6091186415439,2756.4662333314386,0.4452392443420059,83.861500604406,0.10084244956500242,3.3146176148647832,3,HYD500,500,554.2117650565093,0.0,0.0,5,0.0,0.0
Mass-H1-Real,AK,HYD500,2030-Hhigh,831.6091186415439,2756.4662333314386,0.4452392443420059,45.01686825059628,0.054132244634513584,3.3146176148647832,3,HYD500,500,554.2117650565093,0.0,0.0,5,0.0,0.0
Mass-H1-Real,AK,HYD500,2030-Hlow,831.6091186415439,2756.4662333314386,0.4452392443420059,65.58153576937306,0.07886101089957057,3.3146176148647832,3,HYD500,500,554.2117650565093,0.0,0.0,5,0.0,0.0
Mass-H1-Real,AK,HYD500,2035-Hhigh,831.6091186415439,2756.4662333314386,0.4452392443420059,45.83571725990791,0.05511690075594866,3.3146176148647832,3,HYD500,500,554.2117650565093,0.0,0.0,5,0.0,0.0
Mass-H1-Real,AK,HYD500,2035-Hlow,831.6091186415439,2756.4662333314386,0.4452392443420059,61.370679617630664,0.07379750683576118,3.3146176148647832,3,HYD500,500,554.2117650565093,0.0,0.0,5,0.0,0.0
Mass-H1-Real,AK,HYD500,2040-Hhigh,831.6091186415439,2756.4662333314386,0.4452392443420059,48.52175446231415,0.058346828305076495,3.3146176148647832,3,HYD500,500,554.2117650565093,0.0,0.0,5,0.0,0.0
Mass-H1-Real,AK,HYD500,2040-Hlow,831.6091186415439,2756.4662333314386,0.4452392443420059,68.01370670381216,0.08178566730354568,3.3146176148647832,3,HYD500,500,554.2117650565093,0.0,0.0,5,0.0,0.0
Mass-H1-Real,AK,HYD500,2045-Hhigh,831.6091186415439,2756.4662333314386,0.4452392443420059,53.839802373389084,0.06474171719201187,3.3146176148647832,3,HYD500,500,554.2117650565093,0.0,0.0,5,0.0,0.0
Mass-H1-Real,AK,HYD500,2045-Hlow,831.6091186415439,2756.4662333314386,0.4452392443420059,73.27360298466301,0.0881106295519672,3.3146176148647832,3,HYD500,500,554.2117650565093,0.0,0.0,5,0.0,0.0
Mass-H1-Real,AK,HYD1000,2024-Hhigh,1061.843401274074,3530.518788886547,0.5228711989142778,93.6461631587014,0.08819206584166571,3.324895916526282,4,HYD1000,1000,852.1081540923494,0.0,0.0,5,0.0,0.0
Mass-H1-Real,AK,HYD1000,2024-Hlow,1061.843401274074,3530.518788886547,0.5219732104085307,128.06055610107333,0.12060211133526592,3.324895916526282,4,HYD1000,1000,852.1081540923494,0.0,0.0,5,0.0,0.0
Mass-H1-Real,AK,HYD1000,2025-Hhigh,1061.843401274074,3530.518788886547,0.5219732104085307,70.75098507960713,0.06663033832928203,3.324895916526282,4,HYD1000,1000,852.1081540923494,0.0,0.0,5,0.0,0.0
Mass-H1-Real,AK,HYD1000,2025-Hlow,1061.843401274074,3530.518788886547,0.5219732104085307,102.10810934194467,0.0961611751972355,3.324895916526282,4,HYD1000,1000,852.1081540923494,0.0,0.0,5,0.0,0.0
Mass-H1-Real,AK,HYD1000,2030-Hhigh,1061.843401274074,3530.518788886547,0.5219732104085307,56.03881274021546,0.05277502565159436,3.324895916526282,4,HYD1000,1000,852.1081540923494,0.0,0.0,5,0.0,0.0
Mass-H1-Real,AK,HYD1000,2030-Hlow,1061.843401274074,3530.518788886547,0.5219732104085307,79.91978320141736,0.07526513147374086,3.324895916526282,4,HYD1000,1000,852.1081540923494,0.0,0.0,5,0.0,0.0
Mass-H1-Real,AK,HYD1000,2035-Hhigh,1061.843401274074,3530.518788886547,0.5219732104085307,57.276282419283625,0.0539404231834558,3.324895916526282,4,HYD1000,1000,852.1081540923494,0.0,0.0,5,0.0,0.0
Mass-H1-Real,AK,HYD1000,2035-Hlow,1061.843401274074,3530.518788886547,0.5219732104085307,74.74593100148564,0.07039261242458186,3.324895916526282,4,HYD1000,1000,852.1081540923494,0.0,0.0,5,0.0,0.0
Mass-H1-Real,AK,HYD1000,2040-Hhigh,1061.843401274074,3530.518788886547,0.5219732104085307,60.28800473473342,0.05677673813520492,3.324895916526282,4,HYD1000,1000,852.1081540923494,0.0,0.0,5,0.0,0.0
Mass-H1-Real,AK,HYD1000,2040-Hlow,1061.843401274074,3530.518788886547,0.5219732104085307,81.51557510804936,0.07676798199267544,3.324895916526282,4,HYD1000,1000,852.1081540923494,0.0,0.0,5,0.0,0.0
Mass-H1-Real,AK,HYD1000,2045-Hhigh,1061.843401274074,3530.518788886547,0.5219732104085307,66.5191249117487,0.06264494823995177,3.324895916526282,4,HYD1000,1000,852.1081540923494,0.0,0.0,5,0.0,0.0
Mass-H1-Real,AK,HYD1000,2045-Hlow,1061.843401274074,3530.518788886547,0.5219732104085307,88.44656164910677,0.08329529716244635,3.324895916526282,4,HYD1000,1000,852.1081540923494,0.0,0.0,5,0.0,0.0
Mass-H1-Real,AK,HYD200,2024-Hhigh,946.9901213709248,3000.075,0.4171239654756905,84.25947549339296,0.08897608706985605,3.1680108718102518,4,HYD200,200,317.88834568185274,1237.9307619610156,184.0,8.5,-468.99950592849274,98.0
Mass-H1-Real,AK,HYD200,2024-Hlow,946.9901213709248,3000.075,0.41373626958715753,117.29346686085933,0.12385922958843291,3.1680108718102518,4,HYD200,200,317.88834568185274,1237.9307619610156,184.0,8.5,-468.99950592849274,98.0
Mass-H1-Real,AK,HYD200,2025-Hhigh,946.9901213709248,3000.075,0.41373626958715753,62.98079915355801,0.06650628948735271,3.1680108718102518,4,HYD200,200,317.88834568185274,1237.9307619610156,184.0,8.5,-468.99950592849274,98.0
Mass-H1-Real,AK,HYD200,2025-Hlow,946.9901213709248,3000.075,0.41373626958715753,92.91141352295787,0.09811233657691511,3.1680108718102518,4,HYD200,200,317.88834568185274,1237.9307619610156,184.0,8.5,-468.99950592849274,98.0
Mass-H1-Real,AK,HYD200,2030-Hhigh,946.9901213709248,3000.075,0.41373626958715753,49.60701013398189,0.052383872877330054,3.1680108718102518,4,HYD200,200,317.88834568185274,1237.9307619610156,184.0,8.5,-468.99950592849274,98.0
Mass-H1-Real,AK,HYD200,2030-Hlow,946.9901213709248,3000.075,0.41373626958715753,72.16190445982298,0.07620132758656097,3.1680108718102518,4,HYD200,200,317.88834568185274,1237.9307619610156,184.0,8.5,-468.99950592849274,98.0
Mass-H1-Real,AK,HYD200,2035-Hhigh,946.9901213709248,3000.075,0.41373626958715753,51.02489424635638,0.053881126206986624,3.1680108718102518,4,HYD200,200,317.88834568185274,1237.9307619610156,184.0,8.5,-468.99950592849274,98.0
Mass-H1-Real,AK,HYD200,2035-Hlow,946.9901213709248,3000.075,0.41373626958715753,68.15639358722098,0.07197159933258156,3.1680108718102518,4,HYD200,200,317.88834568185274,1237.9307619610156,184.0,8.5,-468.99950592849274,98.0
Mass-H1-Real,AK,HYD200,2040-Hhigh,946.9901213709248,3000.075,0.41373626958715753,53.66571996766044,0.056669778022573704,3.1680108718102518,4,HYD200,200,317.88834568185274,1237.9307619610156,184.0,8.5,-468.99950592849274,98.0
Mass-H1-Real,AK,HYD200,2040-Hlow,946.9901213709248,3000.075,0.41373626958715753,73.9116186486985,0.07804898591940874,3.1680108718102518,4,HYD200,200,317.88834568185274,1237.9307619610156,184.0,8.5,-468.99950592849274,98.0
Mass-H1-Real,AK,HYD200,2045-Hhigh,946.9901213709248,3000.075,0.41373626958715753,59.13117271702777,0.06244117164752006,3.1680108718102518,4,HYD200,200,317.88834568185274,1237.9307619610156,184.0,8.5,-468.99950592849274,98.0
Mass-H1-Real,AK,HYD200,2045-Hlow,946.9901213709248,3000.075,0.41373626958715753,80.27482204441878,0.08476838378018949,3.1680108718102518,4,HYD200,200,317.88834568185274,1237.9307619610156,184.0,8.5,-468.99950592849274,98.0
Mass-H1-Real,AK,HYD500,2024-Hhigh,970.3300595580679,3230.2286333309726,0.47461696943937026,85.90697951654752,0.088533771236226,3.328999860936148,4,HYD500,500,548.6700004478618,0.0,0.0,5,0.0,0.0
Mass-H1-Real,AK,HYD500,2024-Hlow,970.3300595580679,3230.2286333309726,0.47183582906666194,117.44735190829603,0.12103855873720624,3.328999860936148,4,HYD500,500,548.6700004478618,0.0,0.0,5,0.0,0.0
Mass-H1-Real,AK,HYD500,2025-Hhigh,970.3300595580679,3230.2286333309726,0.47183582906666194,64.64139946873367,0.06661795007996998,3.328999860936148,4,HYD500,500,548.6700004478618,0.0,0.0,5,0.0,0.0
Mass-H1-Real,AK,HYD500,2025-Hlow,970.3300595580679,3230.2286333309726,0.47183582906666194,93.4805096160797,0.09633887840046401,3.328999860936148,4,HYD500,500,548.6700004478618,0.0,0.0,5,0.0,0.0
Mass-H1-Real,AK,HYD500,2030-Hhigh,970.3300595580679,3230.2286333309726,0.47183582906666194,51.06073940378664,0.05262203195791132,3.328999860936148,4,HYD500,500,548.6700004478618,0.0,0.0,5,0.0,0.0
Mass-H1-Real,AK,HYD500,2030-Hlow,970.3300595580679,3230.2286333309726,0.47183582906666194,72.99978025041973,0.0752319064336388,3.328999860936148,4,HYD500,500,548.6700004478618,0.0,0.0,5,0.0,0.0
Mass-H1-Real,AK,HYD500,2035-Hhigh,970.3300595580679,3230.2286333309726,0.47183582906666194,52.21736998285248,0.053814029018780095,3.328999860936148,4,HYD500,500,548.6700004478618,0.0,0.0,5,0.0,0.0
Mass-H1-Real,AK,HYD500,2035-Hlow,970.3300595580679,3230.2286333309726,0.47183582906666194,68.42696118986507,0.07051926353907843,3.328999860936148,4,HYD500,500,548.6700004478618,0.0,0.0,5,0.0,0.0
Mass-H1-Real,AK,HYD500,2040-Hhigh,970.3300595580679,3230.2286333309726,0.47183582906666194,54.858291320216765,0.05653570223847513,3.328999860936148,4,HYD500,500,548.6700004478618,0.0,0.0,5,0.0,0.0
Mass-H1-Real,AK,HYD500,2040-Hlow,970.3300595580679,3230.2286333309726,0.47183582906666194,74.55240933816211,0.07683201051415087,3.328999860936148,4,HYD500,500,548.6700004478618,0.0,0.0,5,0.0,0.0
Mass-H1-Real,AK,HYD500,2045-Hhigh,970.3300595580679,3230.2286333309726,0.47183582906666194,60.5802701955045,0.0624326429947924,3.328999860936148,4,HYD500,500,548.6700004478618,0.0,0.0,5,0.0,0.0
Mass-H1-Real,AK,HYD500,2045-Hlow,970.3300595580679,3230.2286333309726,0.47183582906666194,81.06724371042196,0.08354605003924505,3.328999860936148,4,HYD500,500,548.6700004478618,0.0,0.0,5,0.0,0.0
Mass-H1-Real,AK,HYD1000,2024-Hhigh,1201.6654526018049,4002.2054888849734,0.5555869316621257,105.94887968726901,0.08816836621030598,3.3305488480338146,5,HYD1000,1000,845.5635167104813,0.0,0.0,5,0.0,0.0
Mass-H1-Real,AK,HYD1000,2024-Hlow,1201.6654526018049,4002.2054888849734,0.566851147910581,143.10586605794992,0.11908960663560894,3.3305488480338146,5,HYD1000,1000,845.5635167104813,0.0,0.0,5,0.0,0.0
Mass-H1-Real,AK,HYD1000,2025-Hhigh,1201.6654526018049,4002.2054888849734,0.566851147910581,79.96789873626986,0.06654755578029319,3.3305488480338146,5,HYD1000,1000,845.5635167104813,0.0,0.0,5,0.0,0.0
Mass-H1-Real,AK,HYD1000,2025-Hlow,1201.6654526018049,4002.2054888849734,0.566851147910581,113.30291229144414,0.0942882330902703,3.3305488480338146,5,HYD1000,1000,845.5635167104813,0.0,0.0,5,0.0,0.0
Mass-H1-Real,AK,HYD1000,2030-Hhigh,1201.6654526018049,4002.2054888849734,0.566851147910581,63.56744830828198,0.05289945564353866,3.3305488480338146,5,HYD1000,1000,845.5635167104813,0.0,0.0,5,0.0,0.0
Mass-H1-Real,AK,HYD1000,2030-Hlow,1201.6654526018049,4002.2054888849734,0.566851147910581,88.4967482863228,0.07364507991364208,3.3305488480338146,5,HYD1000,1000,845.5635167104813,0.0,0.0,5,0.0,0.0
Mass-H1-Real,AK,HYD1000,2035-Hhigh,1201.6654526018049,4002.2054888849734,0.566851147910581,64.73672511017737,0.053872502508923455,3.3305488480338146,5,HYD1000,1000,845.5635167104813,0.0,0.0,5,0.0,0.0
Mass-H1-Real,AK,HYD1000,2035-Hlow,1201.6654526018049,4002.2054888849734,0.566851147910581,83.327504887256,0.06934334735748468,3.3305488480338146,5,HYD1000,1000,845.5635167104813,0.0,0.0,5,0.0,0.0
Mass-H1-Real,AK,HYD1000,2040-Hhigh,1201.6654526018049,4002.2054888849734,0.566851147910581,68.16605772000787,0.05672631893711936,3.3305488480338146,5,HYD1000,1000,845.5635167104813,0.0,0.0,5,0.0,0.0
Mass-H1-Real,AK,HYD1000,2040-Hlow,1201.6654526018049,4002.2054888849734,0.566851147910581,91.61679159349447,0.0762415124734833,3.3305488480338146,5,HYD1000,1000,845.5635167104813,0.0,0.0,5,0.0,0.0
Mass-H1-Real,AK,HYD1000,2045-Hhigh,1201.6654526018049,4002.2054888849734,0.566851147910581,74.98399510087152,0.0624000589669269,3.3305488480338146,5,HYD1000,1000,845.5635167104813,0.0,0.0,5,0.0,0.0
Mass-H1-Real,AK,HYD1000,2045-Hlow,1201.6654526018049,4002.2054888849734,0.566851147910581,98.89847808047462,0.0823011744794219,3.3305488480338146,5,HYD1000,1000,845.5635167104813,0.0,0.0,5,0.0,0.0
Mass-H1-Real,AK,HYD200,2024-Hhigh,1094.6720845918549,3477.775,0.4744851704425149,97.14410636075247,0.08874265428717162,3.1770016326822454,5,HYD200,200,316.71454677362755,1827.5951476569803,262.0,8.5,-489.1734003901646,101.0
Mass-H1-Real,AK,HYD200,2024-Hlow,1094.6720845918549,3477.775,0.48782278414918107,133.62083065225343,0.12206471009267908,3.1770016326822454,5,HYD200,200,316.71454677362755,1827.5951476569803,262.0,8.5,-489.1734003901646,101.0
Mass-H1-Real,AK,HYD200,2025-Hhigh,1094.6720845918549,3477.775,0.48782278414918107,72.39629159432236,0.06613514002352139,3.1770016326822454,5,HYD200,200,316.71454677362755,1827.5951476569803,262.0,8.5,-489.1734003901646,101.0
Mass-H1-Real,AK,HYD200,2025-Hlow,1094.6720845918549,3477.775,0.48782278414918107,104.84036071898387,0.09577330252106801,3.1770016326822454,5,HYD200,200,316.71454677362755,1827.5951476569803,262.0,8.5,-489.1734003901646,101.0
Mass-H1-Real,AK,HYD200,2030-Hhigh,1094.6720845918549,3477.775,0.48782278414918107,57.27745446439259,0.0523238468127634,3.1770016326822454,5,HYD200,200,316.71454677362755,1827.5951476569803,262.0,8.5,-489.1734003901646,101.0
Mass-H1-Real,AK,HYD200,2030-Hlow,1094.6720845918549,3477.775,0.48782278414918107,81.1477012780425,0.07412968908245995,3.1770016326822454,5,HYD200,200,316.71454677362755,1827.5951476569803,262.0,8.5,-489.1734003901646,101.0
Mass-H1-Real,AK,HYD200,2035-Hhigh,1094.6720845918549,3477.775,0.48782278414918107,58.53739559562877,0.05347482266112072,3.1770016326822454,5,HYD200,200,316.71454677362755,1827.5951476569803,262.0,8.5,-489.1734003901646,101.0
Mass-H1-Real,AK,HYD200,2035-Hlow,1094.6720845918549,3477.775,0.48782278414918107,77.26900826221492,0.07058644259757883,3.1770016326822454,5,HYD200,200,316.71454677362755,1827.5951476569803,262.0,8.5,-489.1734003901646,101.0
Mass-H1-Real,AK,HYD200,2040-Hhigh,1094.6720845918549,3477.775,0.48782278414918107,61.71922269820657,0.056381471279792796,3.1770016326822454,5,HYD200,200,316.71454677362755,1827.5951476569803,262.0,8.5,-489.1734003901646,101.0
Mass-H1-Real,AK,HYD200,2040-Hlow,1094.6720845918549,3477.775,0.48782278414918107,84.56759010791491,0.07725381079708969,3.1770016326822454,5,HYD200,200,316.71454677362755,1827.5951476569803,262.0,8.5,-489.1734003901646,101.0
Mass-H1-Real,AK,HYD200,2045-Hhigh,1094.6720845918549,3477.775,0.48782278414918107,67.78884905815072,0.06192616950072823,3.1770016326822454,5,HYD200,200,316.71454677362755,1827.5951476569803,262.0,8.5,-489.1734003901646,101.0
Mass-H1-Real,AK,HYD200,2045-Hlow,1094.6720845918549,3477.775,0.48782278414918107,91.09783267182947,0.08321928909495761,3.1770016326822454,5,HYD200,200,316.71454677362755,1827.5951476569803,262.0,8.5,-489.1734003901646,101.0
Mass-H1-Real,AK,HYD500,2024-Hhigh,1110.8822771996981,3705.530799995734,0.4965385151820344,98.15852295291585,0.08836086862448914,3.335664701876964,5,HYD500,500,545.4139470464603,0.0,0.0,5,0.0,0.0
Mass-H1-Real,AK,HYD500,2024-Hlow,1110.8822771996981,3705.530799995734,0.5093371838755829,132.58102929064302,0.11934750604254131,3.335664701876964,5,HYD500,500,545.4139470464603,0.0,0.0,5,0.0,0.0
Mass-H1-Real,AK,HYD500,2025-Hhigh,1110.8822771996981,3705.530799995734,0.5093371838755829,73.63016735311142,0.066280801183288,3.335664701876964,5,HYD500,500,545.4139470464603,0.0,0.0,5,0.0,0.0
Mass-H1-Real,AK,HYD500,2025-Hlow,1110.8822771996981,3705.530799995734,0.5093371838755829,104.44042485752026,0.09401574496335716,3.335664701876964,5,HYD500,500,545.4139470464603,0.0,0.0,5,0.0,0.0
Mass-H1-Real,AK,HYD500,2030-Hhigh,1110.8822771996981,3705.530799995734,0.5093371838755829,58.401050351544264,0.052571772500287876,3.335664701876964,5,HYD500,500,545.4139470464603,0.0,0.0,5,0.0,0.0
Mass-H1-Real,AK,HYD500,2030-Hlow,1110.8822771996981,3705.530799995734,0.5093371838755829,81.31533734972626,0.07319887896195916,3.335664701876964,5,HYD500,500,545.4139470464603,0.0,0.0,5,0.0,0.0
Mass-H1-Real,AK,HYD500,2035-Hhigh,1110.8822771996981,3705.530799995734,0.5093371838755829,59.46429858030084,0.05352889302563896,3.335664701876964,5,HYD500,500,545.4139470464603,0.0,0.0,5,0.0,0.0
Mass-H1-Real,AK,HYD500,2035-Hlow,1110.8822771996981,3705.530799995734,0.5093371838755829,76.9418470562111,0.06926192688046605,3.335664701876964,5,HYD500,500,545.4139470464603,0.0,0.0,5,0.0,0.0
Mass-H1-Real,AK,HYD500,2040-Hhigh,1110.8822771996981,3705.530799995734,0.5093371838755829,62.55041112593529,0.05630696646237961,3.335664701876964,5,HYD500,500,545.4139470464603,0.0,0.0,5,0.0,0.0
Mass-H1-Real,AK,HYD500,2040-Hlow,1110.8822771996981,3705.530799995734,0.5093371838755829,84.39545199984725,0.07597155318076595,3.335664701876964,5,HYD500,500,545.4139470464603,0.0,0.0,5,0.0,0.0
Mass-H1-Real,AK,HYD500,2045-Hhigh,1110.8822771996981,3705.530799995734,0.5093371838755829,68.80214950201878,0.06193469003345216,3.335664701876964,5,HYD500,500,545.4139470464603,0.0,0.0,5,0.0,0.0
Mass-H1-Real,AK,HYD500,2045-Hlow,1110.8822771996981,3705.530799995734,0.5093371838755829,91.09629153896651,0.0820035510590746,3.335664701876964,5,HYD500,500,545.4139470464603,0.0,0.0,5,0.0,0.0
Mass-H1-Real,CH,HYD1000,2024-Hhigh,1556.219168484302,4439.320631667332,1.1273925598182661,155.80740364155056,0.100119190662136,2.852632020971096,3,HYD1000,1000,972.6253268848831,0.0,0.0,5,0.0,0.0
Mass-H1-Real,CH,HYD1000,2024-Hlow,1556.219168484302,4439.320631667332,1.1318706610804292,222.8913720645386,0.14322620912170506,2.852632020971096,3,HYD1000,1000,972.6253268848831,0.0,0.0,5,0.0,0.0
Mass-H1-Real,CH,HYD1000,2025-Hhigh,1556.219168484302,4439.320631667332,1.1318706610804292,122.92187143454757,0.07898750633837057,2.852632020971096,3,HYD1000,1000,972.6253268848831,0.0,0.0,5,0.0,0.0
Mass-H1-Real,CH,HYD1000,2025-Hlow,1556.219168484302,4439.320631667332,1.1318706610804292,184.0902469064838,0.11829326526403133,2.852632020971096,3,HYD1000,1000,972.6253268848831,0.0,0.0,5,0.0,0.0
Mass-H1-Real,CH,HYD1000,2030-Hhigh,1556.219168484302,4439.320631667332,1.1318706610804292,97.95167109848413,0.06294207980607598,2.852632020971096,3,HYD1000,1000,972.6253268848831,0.0,0.0,5,0.0,0.0
Mass-H1-Real,CH,HYD1000,2030-Hlow,1556.219168484302,4439.320631667332,1.1318706610804292,143.33852786858628,0.09210690291663258,2.852632020971096,3,HYD1000,1000,972.6253268848831,0.0,0.0,5,0.0,0.0
Mass-H1-Real,CH,HYD1000,2035-Hhigh,1556.219168484302,4439.320631667332,1.1318706610804292,97.5528094877561,0.06268577811104127,2.852632020971096,3,HYD1000,1000,972.6253268848831,0.0,0.0,5,0.0,0.0
Mass-H1-Real,CH,HYD1000,2035-Hlow,1556.219168484302,4439.320631667332,1.1318706610804292,130.67377872032702,0.08396875026773915,2.852632020971096,3,HYD1000,1000,972.6253268848831,0.0,0.0,5,0.0,0.0
Mass-H1-Real,CH,HYD1000,2040-Hhigh,1556.219168484302,4439.320631667332,1.1318706610804292,102.8546684061532,0.06609266258192265,2.852632020971096,3,HYD1000,1000,972.6253268848831,0.0,0.0,5,0.0,0.0
Mass-H1-Real,CH,HYD1000,2040-Hlow,1556.219168484302,4439.320631667332,1.1318706610804292,145.60817498561423,0.09356533959636998,2.852632020971096,3,HYD1000,1000,972.6253268848831,0.0,0.0,5,0.0,0.0
Mass-H1-Real,CH,HYD1000,2045-Hhigh,1556.219168484302,4439.320631667332,1.1318706610804292,115.5630917438856,0.07425887952301707,2.852632020971096,3,HYD1000,1000,972.6253268848831,0.0,0.0,5,0.0,0.0
Mass-H1-Real,CH,HYD1000,2045-Hlow,1556.219168484302,4439.320631667332,1.1318706610804292,158.62645623603206,0.10193066596816705,2.852632020971096,3,HYD1000,1000,972.6253268848831,0.0,0.0,5,0.0,0.0
Mass-H1-Real,CH,HYD200,2024-Hhigh,1301.4272403772973,3835.4298,0.9378332050104877,133.0896663120018,0.1022643926474274,2.9470950668652587,3,HYD200,200,363.72626133853527,233.1241826936014,69.0,11.2,-513.900360643361,107.0
Mass-H1-Real,CH,HYD200,2024-Hlow,1301.4272403772973,3835.4298,0.9413069152133032,194.94963621293772,0.14979680013184588,2.9470950668652587,3,HYD200,200,363.72626133853527,233.1241826936014,69.0,11.2,-513.900360643361,107.0
Mass-H1-Real,CH,HYD200,2025-Hhigh,1301.4272403772973,3835.4298,0.9413069152133032,104.85550749266221,0.08056962712895384,2.9470950668652587,3,HYD200,200,363.72626133853527,233.1241826936014,69.0,11.2,-513.900360643361,107.0
Mass-H1-Real,CH,HYD200,2025-Hlow,1301.4272403772973,3835.4298,0.9413069152133032,160.62472261906933,0.12342197676183768,2.9470950668652587,3,HYD200,200,363.72626133853527,233.1241826936014,69.0,11.2,-513.900360643361,107.0
Mass-H1-Real,CH,HYD200,2030-Hhigh,1301.4272403772973,3835.4298,0.9413069152133032,83.52338691958678,0.06417829927654849,2.9470950668652587,3,HYD200,200,363.72626133853527,233.1241826936014,69.0,11.2,-513.900360643361,107.0
Mass-H1-Real,CH,HYD200,2030-Hlow,1301.4272403772973,3835.4298,0.9413069152133032,124.63340134000786,0.09576670709910402,2.9470950668652587,3,HYD200,200,363.72626133853527,233.1241826936014,69.0,11.2,-513.900360643361,107.0
Mass-H1-Real,CH,HYD200,2035-Hhigh,1301.4272403772973,3835.4298,0.9413069152133032,83.43154094330626,0.06410772600634869,2.9470950668652587,3,HYD200,200,363.72626133853527,233.1241826936014,69.0,11.2,-513.900360643361,107.0
Mass-H1-Real,CH,HYD200,2035-Hlow,1301.4272403772973,3835.4298,0.9413069152133032,113.21810103183728,0.0869953367496858,2.9470950668652587,3,HYD200,200,363.72626133853527,233.1241826936014,69.0,11.2,-513.900360643361,107.0
Mass-H1-Real,CH,HYD200,2040-Hhigh,1301.4272403772973,3835.4298,0.9413069152133032,87.82962010944453,0.06748715362987316,2.9470950668652587,3,HYD200,200,363.72626133853527,233.1241826936014,69.0,11.2,-513.900360643361,107.0
Mass-H1-Real,CH,HYD200,2040-Hlow,1301.4272403772973,3835.4298,0.9413069152133032,126.46719157012542,0.09717576799257811,2.9470950668652587,3,HYD200,200,363.72626133853527,233.1241826936014,69.0,11.2,-513.900360643361,107.0
Mass-H1-Real,CH,HYD200,2045-Hhigh,1301.4272403772973,3835.4298,0.9413069152133032,98.68065189678892,0.07582494728493648,2.9470950668652587,3,HYD200,200,363.72626133853527,233.1241826936014,69.0,11.2,-513.900360643361,107.0
Mass-H1-Real,CH,HYD200,2045-Hlow,1301.4272403772973,3835.4298,0.9413069152133032,137.29063447298742,0.10549236270264747,2.9470950668652587,3,HYD200,200,363.72626133853527,233.1241826936014,69.0,11.2,-513.900360643361,107.0
Mass-H1-Real,CH,HYD500,2024-Hhigh,1398.2993593785727,4098.599999999999,0.9998406054862555,138.98946196439712,0.09939893130335577,2.931132001534696,3,HYD500,500,628.7423686760627,0.0,0.0,6,0.0,0.0
Mass-H1-Real,CH,HYD500,2024-Hlow,1398.2993593785727,4098.599999999999,1.002034055005577,199.51189080234488,0.1426818152094493,2.931132001534696,3,HYD500,500,628.7423686760627,0.0,0.0,6,0.0,0.0
Mass-H1-Real,CH,HYD500,2025-Hhigh,1398.2993593785727,4098.599999999999,1.002034055005577,109.457931102949,0.0782793257887166,2.931132001534696,3,HYD500,500,628.7423686760627,0.0,0.0,6,0.0,0.0
Mass-H1-Real,CH,HYD500,2025-Hlow,1398.2993593785727,4098.599999999999,1.002034055005577,164.01136575987286,0.11729345698389093,2.931132001534696,3,HYD500,500,628.7423686760627,0.0,0.0,6,0.0,0.0
Mass-H1-Real,CH,HYD500,2030-Hhigh,1398.2993593785727,4098.599999999999,1.002034055005577,87.18600607629875,0.06235145964383882,2.931132001534696,3,HYD500,500,628.7423686760627,0.0,0.0,6,0.0,0.0
Mass-H1-Real,CH,HYD500,2030-Hlow,1398.2993593785727,4098.599999999999,1.002034055005577,127.51013555312366,0.09118944001361144,2.931132001534696,3,HYD500,500,628.7423686760627,0.0,0.0,6,0.0,0.0
Mass-H1-Real,CH,HYD500,2035-Hhigh,1398.2993593785727,4098.599999999999,1.002034055005577,86.88910757959552,0.06213913136469609,2.931132001534696,3,HYD500,500,628.7423686760627,0.0,0.0,6,0.0,0.0
Mass-H1-Real,CH,HYD500,2035-Hlow,1398.2993593785727,4098.599999999999,1.002034055005577,116.98817284171085,0.08366461162772922,2.931132001534696,3,HYD500,500,628.7423686760627,0.0,0.0,6,0.0,0.0
Mass-H1-Real,CH,HYD500,2040-Hhigh,1398.2993593785727,4098.599999999999,1.002034055005577,91.62382309425323,0.06552518420302528,2.931132001534696,3,HYD500,500,628.7423686760627,0.0,0.0,6,0.0,0.0
Mass-H1-Real,CH,HYD500,2040-Hlow,1398.2993593785727,4098.599999999999,1.002034055005577,129.7601468852277,0.09279854561536469,2.931132001534696,3,HYD500,500,628.7423686760627,0.0,0.0,6,0.0,0.0
Mass-H1-Real,CH,HYD500,2045-Hhigh,1398.2993593785727,4098.599999999999,1.002034055005577,102.80667456836811,0.07352265012411727,2.931132001534696,3,HYD500,500,628.7423686760627,0.0,0.0,6,0.0,0.0
Mass-H1-Real,CH,HYD500,2045-Hlow,1398.2993593785727,4098.599999999999,1.002034055005577,140.94722715647958,0.10079903577951924,2.931132001534696,3,HYD500,500,628.7423686760627,0.0,0.0,6,0.0,0.0
Mass-H1-Real,CH,HYD1000,2024-Hhigh,1705.6063916959922,4911.074798334168,1.1384241509458406,170.13232674339565,0.09974887967804948,2.8793717133357926,4,HYD1000,1000,965.0833926937169,0.0,0.0,5,0.0,0.0
Mass-H1-Real,CH,HYD1000,2024-Hlow,1705.6063916959922,4911.074798334168,1.1448254400842748,237.83168299802207,0.13944113023728236,2.8793717133357926,4,HYD1000,1000,965.0833926937169,0.0,0.0,5,0.0,0.0
Mass-H1-Real,CH,HYD1000,2025-Hhigh,1705.6063916959922,4911.074798334168,1.1448254400842748,132.723385263328,0.07781595209159174,2.8793717133357926,4,HYD1000,1000,965.0833926937169,0.0,0.0,5,0.0,0.0
Mass-H1-Real,CH,HYD1000,2025-Hlow,1705.6063916959922,4911.074798334168,1.1448254400842748,195.30355283460855,0.11450681340400343,2.8793717133357926,4,HYD1000,1000,965.0833926937169,0.0,0.0,5,0.0,0.0
Mass-H1-Real,CH,HYD1000,2030-Hhigh,1705.6063916959922,4911.074798334168,1.1448254400842748,105.17919205376242,0.06166674360851574,2.8793717133357926,4,HYD1000,1000,965.0833926937169,0.0,0.0,5,0.0,0.0
Mass-H1-Real,CH,HYD1000,2030-Hlow,1705.6063916959922,4911.074798334168,1.1448254400842748,152.12909386289112,0.08919355286398731,2.8793717133357926,4,HYD1000,1000,965.0833926937169,0.0,0.0,5,0.0,0.0
Mass-H1-Real,CH,HYD1000,2035-Hhigh,1705.6063916959922,4911.074798334168,1.1448254400842748,105.05342170173415,0.061593004231927685,2.8793717133357926,4,HYD1000,1000,965.0833926937169,0.0,0.0,5,0.0,0.0
Mass-H1-Real,CH,HYD1000,2035-Hlow,1705.6063916959922,4911.074798334168,1.1448254400842748,139.41091490601423,0.08173686237619522,2.8793717133357926,4,HYD1000,1000,965.0833926937169,0.0,0.0,5,0.0,0.0
Mass-H1-Real,CH,HYD1000,2040-Hhigh,1705.6063916959922,4911.074798334168,1.1448254400842748,110.43218702498201,0.06474658371511631,2.8793717133357926,4,HYD1000,1000,965.0833926937169,0.0,0.0,5,0.0,0.0
Mass-H1-Real,CH,HYD1000,2040-Hlow,1705.6063916959922,4911.074798334168,1.1448254400842748,153.85522152194207,0.0902055845188022,2.8793717133357926,4,HYD1000,1000,965.0833926937169,0.0,0.0,5,0.0,0.0
Mass-H1-Real,CH,HYD1000,2045-Hhigh,1705.6063916959922,4911.074798334168,1.1448254400842748,123.81460483269414,0.0725927185987955,2.8793717133357926,4,HYD1000,1000,965.0833926937169,0.0,0.0,5,0.0,0.0
Mass-H1-Real,CH,HYD1000,2045-Hlow,1705.6063916959922,4911.074798334168,1.1448254400842748,168.32820729952564,0.09869112130387027,2.8793717133357926,4,HYD1000,1000,965.0833926937169,0.0,0.0,5,0.0,0.0
Mass-H1-Real,CH,HYD200,2024-Hhigh,1435.417615524417,4312.779733333333,0.9207721305337105,145.9342396851286,0.10166674708935687,3.004547029860503,4,HYD200,200,362.1523069130151,613.6186188146982,108.0,11.2,-390.9843725542077,107.0
Mass-H1-Real,CH,HYD200,2024-Hlow,1435.417615524417,4312.779733333333,0.9223907820378532,208.67431639235033,0.1453753347705107,3.004547029860503,4,HYD200,200,362.1523069130151,613.6186188146982,108.0,11.2,-390.9843725542077,107.0
Mass-H1-Real,CH,HYD200,2025-Hhigh,1435.417615524417,4312.779733333333,0.9223907820378532,113.25178162131945,0.0788981411377928,3.004547029860503,4,HYD200,200,362.1523069130151,613.6186188146982,108.0,11.2,-390.9843725542077,107.0
Mass-H1-Real,CH,HYD200,2025-Hlow,1435.417615524417,4312.779733333333,0.9223907820378532,170.77553824017104,0.11897272012910315,3.004547029860503,4,HYD200,200,362.1523069130151,613.6186188146982,108.0,11.2,-390.9843725542077,107.0
Mass-H1-Real,CH,HYD200,2030-Hhigh,1435.417615524417,4312.779733333333,0.9223907820378532,89.56321663936166,0.062395233046266145,3.004547029860503,4,HYD200,200,362.1523069130151,613.6186188146982,108.0,11.2,-390.9843725542077,107.0
Mass-H1-Real,CH,HYD200,2030-Hlow,1435.417615524417,4312.779733333333,0.9223907820378532,132.38375717098094,0.09222664940099382,3.004547029860503,4,HYD200,200,362.1523069130151,613.6186188146982,108.0,11.2,-390.9843725542077,107.0
Mass-H1-Real,CH,HYD200,2035-Hhigh,1435.417615524417,4312.779733333333,0.9223907820378532,89.89597899060698,0.0626270557211772,3.004547029860503,4,HYD200,200,362.1523069130151,613.6186188146982,108.0,11.2,-390.9843725542077,107.0
Mass-H1-Real,CH,HYD200,2035-Hlow,1435.417615524417,4312.779733333333,0.9223907820378532,120.80261073226534,0.08415851207742855,3.004547029860503,4,HYD200,200,362.1523069130151,613.6186188146982,108.0,11.2,-390.9843725542077,107.0
Mass-H1-Real,CH,HYD200,2040-Hhigh,1435.417615524417,4312.779733333333,0.9223907820378532,94.34984871336272,0.06572989469611103,3.004547029860503,4,HYD200,200,362.1523069130151,613.6186188146982,108.0,11.2,-390.9843725542077,107.0
Mass-H1-Real,CH,HYD200,2040-Hlow,1435.417615524417,4312.779733333333,0.9223907820378532,133.46275227869887,0.09297834360904053,3.004547029860503,4,HYD200,200,362.1523069130151,613.6186188146982,108.0,11.2,-390.9843725542077,107.0
Mass-H1-Real,CH,HYD200,2045-Hhigh,1435.417615524417,4312.779733333333,0.9223907820378532,105.55733039290466,0.07353771421729434,3.004547029860503,4,HYD200,200,362.1523069130151,613.6186188146982,108.0,11.2,-390.9843725542077,107.0
Mass-H1-Real,CH,HYD200,2045-Hlow,1435.417615524417,4312.779733333333,0.9223907820378532,145.81816709152605,0.10158588379748473,3.004547029860503,4,HYD200,200,362.1523069130151,613.6186188146982,108.0,11.2,-390.9843725542077,107.0
Mass-H1-Real,CH,HYD500,2024-Hhigh,1545.8510392186395,4573.7,1.0162770717875365,152.9648495054202,0.0989518689865081,2.958693874095273,4,HYD500,500,624.5121920159396,0.0,0.0,6,0.0,0.0
Mass-H1-Real,CH,HYD500,2024-Hlow,1545.8510392186395,4573.7,1.021994163970383,214.05378004196976,0.13846986197982222,2.958693874095273,4,HYD500,500,624.5121920159396,0.0,0.0,6,0.0,0.0
Mass-H1-Real,CH,HYD500,2025-Hhigh,1545.8510392186395,4573.7,1.021994163970383,118.760506628184,0.07682532379588934,2.958693874095273,4,HYD500,500,624.5121920159396,0.0,0.0,6,0.0,0.0
Mass-H1-Real,CH,HYD500,2025-Hlow,1545.8510392186395,4573.7,1.021994163970383,174.7446783328618,0.11304108474849404,2.958693874095273,4,HYD500,500,624.5121920159396,0.0,0.0,6,0.0,0.0
Mass-H1-Real,CH,HYD500,2030-Hhigh,1545.8510392186395,4573.7,1.021994163970383,93.9024889937871,0.060744849672741255,2.958693874095273,4,HYD500,500,624.5121920159396,0.0,0.0,6,0.0,0.0
Mass-H1-Real,CH,HYD500,2030-Hlow,1545.8510392186395,4573.7,1.021994163970383,135.85334455476084,0.08788255860889986,2.958693874095273,4,HYD500,500,624.5121920159396,0.0,0.0,6,0.0,0.0
Mass-H1-Real,CH,HYD500,2035-Hhigh,1545.8510392186395,4573.7,1.021994163970383,94.01136131635661,0.060815278400870545,2.958693874095273,4,HYD500,500,624.5121920159396,0.0,0.0,6,0.0,0.0
Mass-H1-Real,CH,HYD500,2035-Hlow,1545.8510392186395,4573.7,1.021994163970383,125.18778086697742,0.08098308161066696,2.958693874095273,4,HYD500,500,624.5121920159396,0.0,0.0,6,0.0,0.0
Mass-H1-Real,CH,HYD500,2040-Hhigh,1545.8510392186395,4573.7,1.021994163970383,98.81554433522774,0.06392307009424059,2.958693874095273,4,HYD500,500,624.5121920159396,0.0,0.0,6,0.0,0.0
Mass-H1-Real,CH,HYD500,2040-Hlow,1545.8510392186395,4573.7,1.021994163970383,137.3736930618253,0.08886606120293565,2.958693874095273,4,HYD500,500,624.5121920159396,0.0,0.0,6,0.0,0.0
Mass-H1-Real,CH,HYD500,2045-Hhigh,1545.8510392186395,4573.7,1.021994163970383,110.49088418804207,0.07147576408389933,2.958693874095273,4,HYD500,500,624.5121920159396,0.0,0.0,6,0.0,0.0
Mass-H1-Real,CH,HYD500,2045-Hlow,1545.8510392186395,4573.7,1.021994163970383,150.04076921132108,0.0970603023219884,2.958693874095273,4,HYD500,500,624.5121920159396,0.0,0.0,6,0.0,0.0
Mass-H1-Real,CH,HYD1000,2024-Hhigh,1855.7992938083964,5384.644701666168,1.2229712072400856,183.77799967386053,0.09902902770089902,2.9015231979186806,5,HYD1000,1000,960.4189262930832,0.0,0.0,5,0.0,0.0
Mass-H1-Real,CH,HYD1000,2024-Hlow,1855.7992938083964,5384.644701666168,1.244208218674496,254.44480097649168,0.13710793070425753,2.9015231979186806,5,HYD1000,1000,960.4189262930832,0.0,0.0,5,0.0,0.0
Mass-H1-Real,CH,HYD1000,2025-Hhigh,1855.7992938083964,5384.644701666168,1.244208218674496,143.07495349798742,0.0770961353285003,2.9015231979186806,5,HYD1000,1000,960.4189262930832,0.0,0.0,5,0.0,0.0
Mass-H1-Real,CH,HYD1000,2025-Hlow,1855.7992938083964,5384.644701666168,1.244208218674496,207.73224814255488,0.11193680740995172,2.9015231979186806,5,HYD1000,1000,960.4189262930832,0.0,0.0,5,0.0,0.0
Mass-H1-Real,CH,HYD1000,2030-Hhigh,1855.7992938083964,5384.644701666168,1.244208218674496,113.53182389265233,0.06117677933784903,2.9015231979186806,5,HYD1000,1000,960.4189262930832,0.0,0.0,5,0.0,0.0
Mass-H1-Real,CH,HYD1000,2030-Hlow,1855.7992938083964,5384.644701666168,1.244208218674496,161.54125752326377,0.08704672863182059,2.9015231979186806,5,HYD1000,1000,960.4189262930832,0.0,0.0,5,0.0,0.0
Mass-H1-Real,CH,HYD1000,2035-Hhigh,1855.7992938083964,5384.644701666168,1.244208218674496,113.21818758960319,0.06100777598490265,2.9015231979186806,5,HYD1000,1000,960.4189262930832,0.0,0.0,5,0.0,0.0
Mass-H1-Real,CH,HYD1000,2035-Hlow,1855.7992938083964,5384.644701666168,1.244208218674496,148.60385537700466,0.08007539170469552,2.9015231979186806,5,HYD1000,1000,960.4189262930832,0.0,0.0,5,0.0,0.0
Mass-H1-Real,CH,HYD1000,2040-Hhigh,1855.7992938083964,5384.644701666168,1.244208218674496,118.96622329598792,0.06410511292514301,2.9015231979186806,5,HYD1000,1000,960.4189262930832,0.0,0.0,5,0.0,0.0
Mass-H1-Real,CH,HYD1000,2040-Hlow,1855.7992938083964,5384.644701666168,1.244208218674496,164.70786410104577,0.08875305893830736,2.9015231979186806,5,HYD1000,1000,960.4189262930832,0.0,0.0,5,0.0,0.0
Mass-H1-Real,CH,HYD1000,2045-Hhigh,1855.7992938083964,5384.644701666168,1.244208218674496,133.01718539641692,0.07167649316400182,2.9015231979186806,5,HYD1000,1000,960.4189262930832,0.0,0.0,5,0.0,0.0
Mass-H1-Real,CH,HYD1000,2045-Hlow,1855.7992938083964,5384.644701666168,1.244208218674496,179.6463669804446,0.09680269174571221,2.9015231979186806,5,HYD1000,1000,960.4189262930832,0.0,0.0,5,0.0,0.0
Mass-H1-Real,CH,HYD200,2024-Hhigh,1575.6920402624912,4791.113266666666,0.986149680676671,158.53592342332865,0.10061352051820893,3.040640648199584,5,HYD200,200,361.07209179058464,684.8753364447396,136.0,11.2,-747.5360447727796,177.0
Mass-H1-Real,CH,HYD200,2024-Hlow,1575.6920402624912,4791.113266666666,1.0081739778662155,224.46999128233742,0.14245803465818324,3.040640648199584,5,HYD200,200,361.07209179058464,684.8753364447396,136.0,11.2,-747.5360447727796,177.0
Mass-H1-Real,CH,HYD200,2025-Hhigh,1575.6920402624912,4791.113266666666,1.0081739778662155,122.49083618676536,0.0777378022207689,3.040640648199584,5,HYD200,200,361.07209179058464,684.8753364447396,136.0,11.2,-747.5360447727796,177.0
Mass-H1-Real,CH,HYD200,2025-Hlow,1575.6920402624912,4791.113266666666,1.0081739778662155,182.382048629183,0.11574726784733923,3.040640648199584,5,HYD200,200,361.07209179058464,684.8753364447396,136.0,11.2,-747.5360447727796,177.0
Mass-H1-Real,CH,HYD200,2030-Hhigh,1575.6920402624912,4791.113266666666,1.0081739778662155,97.02904037768299,0.06157868282530584,3.040640648199584,5,HYD200,200,361.07209179058464,684.8753364447396,136.0,11.2,-747.5360447727796,177.0
Mass-H1-Real,CH,HYD200,2030-Hlow,1575.6920402624912,4791.113266666666,1.0081739778662155,141.06155412465836,0.0895235556950324,3.040640648199584,5,HYD200,200,361.07209179058464,684.8753364447396,136.0,11.2,-747.5360447727796,177.0
Mass-H1-Real,CH,HYD200,2035-Hhigh,1575.6920402624912,4791.113266666666,1.0081739778662155,97.22804917366349,0.06170498212167555,3.040640648199584,5,HYD200,200,361.07209179058464,684.8753364447396,136.0,11.2,-747.5360447727796,177.0
Mass-H1-Real,CH,HYD200,2035-Hlow,1575.6920402624912,4791.113266666666,1.0081739778662155,129.34268207087092,0.08208626988388162,3.040640648199584,5,HYD200,200,361.07209179058464,684.8753364447396,136.0,11.2,-747.5360447727796,177.0
Mass-H1-Real,CH,HYD200,2040-Hhigh,1575.6920402624912,4791.113266666666,1.0081739778662155,102.06633788125016,0.06477556227563804,3.040640648199584,5,HYD200,200,361.07209179058464,684.8753364447396,136.0,11.2,-747.5360447727796,177.0
Mass-H1-Real,CH,HYD200,2040-Hlow,1575.6920402624912,4791.113266666666,1.0081739778662155,143.53193148666503,0.09109136037950306,3.040640648199584,5,HYD200,200,361.07209179058464,684.8753364447396,136.0,11.2,-747.5360447727796,177.0
Mass-H1-Real,CH,HYD200,2045-Hhigh,1575.6920402624912,4791.113266666666,1.0081739778662155,113.8967613997193,0.07228364330681361,3.040640648199584,5,HYD200,200,361.07209179058464,684.8753364447396,136.0,11.2,-747.5360447727796,177.0
Mass-H1-Real,CH,HYD200,2045-Hlow,1575.6920402624912,4791.113266666666,1.0081739778662155,156.00583268722494,0.09900781923175563,3.040640648199584,5,HYD200,200,361.07209179058464,684.8753364447396,136.0,11.2,-747.5360447727796,177.0
Mass-H1-Real,CH,HYD500,2024-Hhigh,1699.1022202771928,5049.8,1.0690030062552347,166.59010650562482,0.0980459589290909,2.9720401396310177,5,HYD500,500,622.0758369446745,0.0,0.0,6,0.0,0.0
Mass-H1-Real,CH,HYD500,2024-Hlow,1699.1022202771928,5049.8,1.0931570979623393,230.74245286071243,0.13580257273930754,2.9720401396310177,5,HYD500,500,622.0758369446745,0.0,0.0,6,0.0,0.0
Mass-H1-Real,CH,HYD500,2025-Hhigh,1699.1022202771928,5049.8,1.0931570979623393,128.74636161573773,0.07577317013612868,2.9720401396310177,5,HYD500,500,622.0758369446745,0.0,0.0,6,0.0,0.0
Mass-H1-Real,CH,HYD500,2025-Hlow,1699.1022202771928,5049.8,1.0931570979623393,187.00933795165238,0.11006361813896255,2.9720401396310177,5,HYD500,500,622.0758369446745,0.0,0.0,6,0.0,0.0
Mass-H1-Real,CH,HYD500,2030-Hhigh,1699.1022202771928,5049.8,1.0931570979623393,102.04436401185441,0.06005781335228131,2.9720401396310177,5,HYD500,500,622.0758369446745,0.0,0.0,6,0.0,0.0
Mass-H1-Real,CH,HYD500,2030-Hlow,1699.1022202771928,5049.8,1.0931570979623393,145.0787466552128,0.08538553179663584,2.9720401396310177,5,HYD500,500,622.0758369446745,0.0,0.0,6,0.0,0.0
Mass-H1-Real,CH,HYD500,2035-Hhigh,1699.1022202771928,5049.8,1.0931570979623393,102.03739303814135,0.06005371061282875,2.9720401396310177,5,HYD500,500,622.0758369446745,0.0,0.0,6,0.0,0.0
Mass-H1-Real,CH,HYD500,2035-Hlow,1699.1022202771928,5049.8,1.0931570979623393,134.5087816819318,0.07916462004268815,2.9720401396310177,5,HYD500,500,622.0758369446745,0.0,0.0,6,0.0,0.0
Mass-H1-Real,CH,HYD500,2040-Hhigh,1699.1022202771928,5049.8,1.0931570979623393,107.27071957896545,0.06313376458390198,2.9720401396310177,5,HYD500,500,622.0758369446745,0.0,0.0,6,0.0,0.0
Mass-H1-Real,CH,HYD500,2040-Hlow,1699.1022202771928,5049.8,1.0931570979623393,148.1193394305855,0.08717506084267326,2.9720401396310177,5,HYD500,500,622.0758369446745,0.0,0.0,6,0.0,0.0
Mass-H1-Real,CH,HYD500,2045-Hhigh,1699.1022202771928,5049.8,1.0931570979623393,119.56098626278043,0.07036715321534637,2.9720401396310177,5,HYD500,500,622.0758369446745,0.0,0.0,6,0.0,0.0
Mass-H1-Real,CH,HYD500,2045-Hlow,1699.1022202771928,5049.8,1.0931570979623393,161.07208686325654,0.09479834994093476,2.9720401396310177,5,HYD500,500,622.0758369446745,0.0,0.0,6,0.0,0.0
Mod-Nom-Ideal,AK,HYD1000,2024-Hhigh,1860.5603705808307,5937.2,1.1479331638987724,166.0563615142459,0.08925072474934331,3.191081619214818,3,HYD1000,1000,878.5211666411961,0.0,0.0,6,0.0,0.0
Mod-Nom-Ideal,AK,HYD1000,2024-Hlow,1860.5603705808307,5937.2,1.1588715333261745,280.1508419644837,0.15057336832183846,3.191081619214818,3,HYD1000,1000,878.5211666411961,0.0,0.0,6,0.0,0.0
Mod-Nom-Ideal,AK,HYD1000,2025-Hhigh,1860.5603705808307,5937.2,1.1588715333261745,129.95873205838566,0.06984924225695245,3.191081619214818,3,HYD1000,1000,878.5211666411961,0.0,0.0,6,0.0,0.0
Mod-Nom-Ideal,AK,HYD1000,2025-Hlow,1860.5603705808307,5937.2,1.1588715333261745,233.15066884525,0.1253120686282622,3.191081619214818,3,HYD1000,1000,878.5211666411961,0.0,0.0,6,0.0,0.0
Mod-Nom-Ideal,AK,HYD1000,2030-Hhigh,1860.5603705808307,5937.2,1.1588715333261745,105.96355219208827,0.05695249338187748,3.191081619214818,3,HYD1000,1000,878.5211666411961,0.0,0.0,6,0.0,0.0
Mod-Nom-Ideal,AK,HYD1000,2030-Hlow,1860.5603705808307,5937.2,1.1588715333261745,183.0896590334473,0.0984056534410062,3.191081619214818,3,HYD1000,1000,878.5211666411961,0.0,0.0,6,0.0,0.0
Mod-Nom-Ideal,AK,HYD1000,2035-Hhigh,1860.5603705808307,5937.2,1.1588715333261745,112.48847310428857,0.06045945881840526,3.191081619214818,3,HYD1000,1000,878.5211666411961,0.0,0.0,6,0.0,0.0
Mod-Nom-Ideal,AK,HYD1000,2035-Hlow,1860.5603705808307,5937.2,1.1588715333261745,172.72008905832635,0.09283229493080437,3.191081619214818,3,HYD1000,1000,878.5211666411961,0.0,0.0,6,0.0,0.0
Mod-Nom-Ideal,AK,HYD1000,2040-Hhigh,1860.5603705808307,5937.2,1.1588715333261745,124.55187007549816,0.06694320272801225,3.191081619214818,3,HYD1000,1000,878.5211666411961,0.0,0.0,6,0.0,0.0
Mod-Nom-Ideal,AK,HYD1000,2040-Hlow,1860.5603705808307,5937.2,1.1588715333261745,193.79085602672157,0.10415725234770201,3.191081619214818,3,HYD1000,1000,878.5211666411961,0.0,0.0,6,0.0,0.0
Mod-Nom-Ideal,AK,HYD1000,2045-Hhigh,1860.5603705808307,5937.2,1.1588715333261745,140.104248493235,0.07530217815479816,3.191081619214818,3,HYD1000,1000,878.5211666411961,0.0,0.0,6,0.0,0.0
Mod-Nom-Ideal,AK,HYD1000,2045-Hlow,1860.5603705808307,5937.2,1.1588715333261745,208.62026349310673,0.11212765078296252,3.191081619214818,3,HYD1000,1000,878.5211666411961,0.0,0.0,6,0.0,0.0
Mod-Nom-Ideal,AK,HYD200,2024-Hhigh,1492.306981126396,5392.0,0.8237645777665629,133.34390859628164,0.08935420813727843,3.6131975982114004,3,HYD200,200,327.7510873398412,170.24077780748607,54.0,11.2,-636.5442504894082,141.0
Mod-Nom-Ideal,AK,HYD200,2024-Hlow,1492.306981126396,5392.0,0.8304368866811183,231.9605073692851,0.155437527467841,3.6131975982114004,3,HYD200,200,327.7510873398412,170.24077780748607,54.0,11.2,-636.5442504894082,141.0
Mod-Nom-Ideal,AK,HYD200,2025-Hhigh,1492.306981126396,5392.0,0.8304368866811183,104.01791852512248,0.06970276212646916,3.6131975982114004,3,HYD200,200,327.7510873398412,170.24077780748607,54.0,11.2,-636.5442504894082,141.0
Mod-Nom-Ideal,AK,HYD200,2025-Hlow,1492.306981126396,5392.0,0.8304368866811183,192.52082584325012,0.12900886230387734,3.6131975982114004,3,HYD200,200,327.7510873398412,170.24077780748607,54.0,11.2,-636.5442504894082,141.0
Mod-Nom-Ideal,AK,HYD200,2030-Hhigh,1492.306981126396,5392.0,0.8304368866811183,84.8217155544986,0.05683932101589112,3.6131975982114004,3,HYD200,200,327.7510873398412,170.24077780748607,54.0,11.2,-636.5442504894082,141.0
Mod-Nom-Ideal,AK,HYD200,2030-Hlow,1492.306981126396,5392.0,0.8304368866811183,150.7044858602861,0.10098759019845506,3.6131975982114004,3,HYD200,200,327.7510873398412,170.24077780748607,54.0,11.2,-636.5442504894082,141.0
Mod-Nom-Ideal,AK,HYD200,2035-Hhigh,1492.306981126396,5392.0,0.8304368866811183,90.71728847355023,0.06078996454541588,3.6131975982114004,3,HYD200,200,327.7510873398412,170.24077780748607,54.0,11.2,-636.5442504894082,141.0
Mod-Nom-Ideal,AK,HYD200,2035-Hlow,1492.306981126396,5392.0,0.8304368866811183,141.57142813024782,0.09486749705036523,3.6131975982114004,3,HYD200,200,327.7510873398412,170.24077780748607,54.0,11.2,-636.5442504894082,141.0
Mod-Nom-Ideal,AK,HYD200,2040-Hhigh,1492.306981126396,5392.0,0.8304368866811183,100.56790674540035,0.06739089746098455,3.6131975982114004,3,HYD200,200,327.7510873398412,170.24077780748607,54.0,11.2,-636.5442504894082,141.0
Mod-Nom-Ideal,AK,HYD200,2040-Hlow,1492.306981126396,5392.0,0.8304368866811183,159.53156775925612,0.10690264789811638,3.6131975982114004,3,HYD200,200,327.7510873398412,170.24077780748607,54.0,11.2,-636.5442504894082,141.0
Mod-Nom-Ideal,AK,HYD200,2045-Hhigh,1492.306981126396,5392.0,0.8304368866811183,112.87908893696172,0.07564066265491862,3.6131975982114004,3,HYD200,200,327.7510873398412,170.24077780748607,54.0,11.2,-636.5442504894082,141.0
Mod-Nom-Ideal,AK,HYD200,2045-Hlow,1492.306981126396,5392.0,0.8304368866811183,171.37778344223204,0.11484083744812061,3.6131975982114004,3,HYD200,200,327.7510873398412,170.24077780748607,54.0,11.2,-636.5442504894082,141.0
Mod-Nom-Ideal,AK,HYD500,2024-Hhigh,1859.5672009272469,5630.116666666667,1.1323740428362437,165.80484974856597,0.0891631395014333,3.0276489410327785,3,HYD500,500,567.9569486903204,0.0,0.0,8.5,0.0,0.0
Mod-Nom-Ideal,AK,HYD500,2024-Hlow,1859.5672009272469,5630.116666666667,1.1394563605272257,282.9523692420118,0.15216033553448438,3.0276489410327785,3,HYD500,500,567.9569486903204,0.0,0.0,8.5,0.0,0.0
Mod-Nom-Ideal,AK,HYD500,2025-Hhigh,1859.5672009272469,5630.116666666667,1.1394563605272257,129.61077202656335,0.06969942896494129,3.0276489410327785,3,HYD500,500,567.9569486903204,0.0,0.0,8.5,0.0,0.0
Mod-Nom-Ideal,AK,HYD500,2025-Hlow,1859.5672009272469,5630.116666666667,1.1394563605272257,235.07821962716287,0.126415554925869,3.0276489410327785,3,HYD500,500,567.9569486903204,0.0,0.0,8.5,0.0,0.0
Mod-Nom-Ideal,AK,HYD500,2030-Hhigh,1859.5672009272469,5630.116666666667,1.1394563605272257,105.65552554282014,0.056817266668360525,3.0276489410327785,3,HYD500,500,567.9569486903204,0.0,0.0,8.5,0.0,0.0
Mod-Nom-Ideal,AK,HYD500,2030-Hlow,1859.5672009272469,5630.116666666667,1.1394563605272257,184.28239128756758,0.09909961371424371,3.0276489410327785,3,HYD500,500,567.9569486903204,0.0,0.0,8.5,0.0,0.0
Mod-Nom-Ideal,AK,HYD500,2035-Hhigh,1859.5672009272469,5630.116666666667,1.1394563605272257,112.39619440655218,0.06044212564649851,3.0276489410327785,3,HYD500,500,567.9569486903204,0.0,0.0,8.5,0.0,0.0
Mod-Nom-Ideal,AK,HYD500,2035-Hlow,1859.5672009272469,5630.116666666667,1.1394563605272257,173.98407411157885,0.09356159542114109,3.0276489410327785,3,HYD500,500,567.9569486903204,0.0,0.0,8.5,0.0,0.0
Mod-Nom-Ideal,AK,HYD500,2040-Hhigh,1859.5672009272469,5630.116666666667,1.1394563605272257,124.46948208712541,0.06693465125920724,3.0276489410327785,3,HYD500,500,567.9569486903204,0.0,0.0,8.5,0.0,0.0
Mod-Nom-Ideal,AK,HYD500,2040-Hlow,1859.5672009272469,5630.116666666667,1.1394563605272257,195.23864636581357,0.10499144439010355,3.0276489410327785,3,HYD500,500,567.9569486903204,0.0,0.0,8.5,0.0,0.0
Mod-Nom-Ideal,AK,HYD500,2045-Hhigh,1859.5672009272469,5630.116666666667,1.1394563605272257,139.902240015426,0.07523376404233509,3.0276489410327785,3,HYD500,500,567.9569486903204,0.0,0.0,8.5,0.0,0.0
Mod-Nom-Ideal,AK,HYD500,2045-Hlow,1859.5672009272469,5630.116666666667,1.1394563605272257,209.879830984625,0.1128648810755381,3.0276489410327785,3,HYD500,500,567.9569486903204,0.0,0.0,8.5,0.0,0.0
Mod-Nom-Ideal,AK,HYD1000,2024-Hhigh,1993.8296933331717,6408.5,1.1263876894990217,178.55169920573485,0.08955213166037378,3.2141661955523553,4,HYD1000,1000,870.5244971350908,0.0,0.0,6,0.0,0.0
Mod-Nom-Ideal,AK,HYD1000,2024-Hlow,1993.8296933331717,6408.5,1.138572953500349,293.2421881584074,0.14707484251986522,3.2141661955523553,4,HYD1000,1000,870.5244971350908,0.0,0.0,6,0.0,0.0
Mod-Nom-Ideal,AK,HYD1000,2025-Hhigh,1993.8296933331717,6408.5,1.138572953500349,138.27194695661515,0.06934992864182894,3.2141661955523553,4,HYD1000,1000,870.5244971350908,0.0,0.0,6,0.0,0.0
Mod-Nom-Ideal,AK,HYD1000,2025-Hlow,1993.8296933331717,6408.5,1.138572953500349,243.01935579463128,0.12188571401420212,3.2141661955523553,4,HYD1000,1000,870.5244971350908,0.0,0.0,6,0.0,0.0
Mod-Nom-Ideal,AK,HYD1000,2030-Hhigh,1993.8296933331717,6408.5,1.138572953500349,112.18484563234296,0.05626601209093174,3.2141661955523553,4,HYD1000,1000,870.5244971350908,0.0,0.0,6,0.0,0.0
Mod-Nom-Ideal,AK,HYD1000,2030-Hlow,1993.8296933331717,6408.5,1.138572953500349,190.77189919041223,0.09568114058502687,3.2141661955523553,4,HYD1000,1000,870.5244971350908,0.0,0.0,6,0.0,0.0
Mod-Nom-Ideal,AK,HYD1000,2035-Hhigh,1993.8296933331717,6408.5,1.138572953500349,119.00282819879949,0.0596855531827582,3.2141661955523553,4,HYD1000,1000,870.5244971350908,0.0,0.0,6,0.0,0.0
Mod-Nom-Ideal,AK,HYD1000,2035-Hlow,1993.8296933331717,6408.5,1.138572953500349,180.2560012255238,0.09040691982281697,3.2141661955523553,4,HYD1000,1000,870.5244971350908,0.0,0.0,6,0.0,0.0
Mod-Nom-Ideal,AK,HYD1000,2040-Hhigh,1993.8296933331717,6408.5,1.138572953500349,131.23339089402214,0.06581975949742908,3.2141661955523553,4,HYD1000,1000,870.5244971350908,0.0,0.0,6,0.0,0.0
Mod-Nom-Ideal,AK,HYD1000,2040-Hlow,1993.8296933331717,6408.5,1.138572953500349,201.15398606463722,0.10088824874924968,3.2141661955523553,4,HYD1000,1000,870.5244971350908,0.0,0.0,6,0.0,0.0
Mod-Nom-Ideal,AK,HYD1000,2045-Hhigh,1993.8296933331717,6408.5,1.138572953500349,147.35312999126313,0.07390457193208237,3.2141661955523553,4,HYD1000,1000,870.5244971350908,0.0,0.0,6,0.0,0.0
Mod-Nom-Ideal,AK,HYD1000,2045-Hlow,1993.8296933331717,6408.5,1.138572953500349,217.16879811152566,0.10892043529980494,3.2141661955523553,4,HYD1000,1000,870.5244971350908,0.0,0.0,6,0.0,0.0
Mod-Nom-Ideal,AK,HYD200,2024-Hhigh,1606.6901894217178,5869.333333333333,0.8020510131796857,143.97616682954288,0.08961041013225018,3.6530585497916257,4,HYD200,200,326.19453854011164,648.5818860746782,111.0,11.2,-531.8424070635938,123.0
Mod-Nom-Ideal,AK,HYD200,2024-Hlow,1606.6901894217178,5869.333333333333,0.808723322094241,243.07178130366214,0.15128727548348875,3.6530585497916257,4,HYD200,200,326.19453854011164,648.5818860746782,111.0,11.2,-531.8424070635938,123.0
Mod-Nom-Ideal,AK,HYD200,2025-Hhigh,1606.6901894217178,5869.333333333333,0.808723322094241,110.82183511486454,0.06897523607507162,3.6530585497916257,4,HYD200,200,326.19453854011164,648.5818860746782,111.0,11.2,-531.8424070635938,123.0
Mod-Nom-Ideal,AK,HYD200,2025-Hlow,1606.6901894217178,5869.333333333333,0.808723322094241,200.63834057269605,0.12487680692499285,3.6530585497916257,4,HYD200,200,326.19453854011164,648.5818860746782,111.0,11.2,-531.8424070635938,123.0
Mod-Nom-Ideal,AK,HYD200,2030-Hhigh,1606.6901894217178,5869.333333333333,0.808723322094241,89.70964742452855,0.055835062674290045,3.6530585497916257,4,HYD200,200,326.19453854011164,648.5818860746782,111.0,11.2,-531.8424070635938,123.0
Mod-Nom-Ideal,AK,HYD200,2030-Hlow,1606.6901894217178,5869.333333333333,0.808723322094241,156.89093750959142,0.09764853146085359,3.6530585497916257,4,HYD200,200,326.19453854011164,648.5818860746782,111.0,11.2,-531.8424070635938,123.0
Mod-Nom-Ideal,AK,HYD200,2035-Hhigh,1606.6901894217178,5869.333333333333,0.808723322094241,95.99312665608483,0.059745884606810726,3.6530585497916257,4,HYD200,200,326.19453854011164,648.5818860746782,111.0,11.2,-531.8424070635938,123.0
Mod-Nom-Ideal,AK,HYD200,2035-Hlow,1606.6901894217178,5869.333333333333,0.808723322094241,147.5401538485395,0.09182862683791101,3.6530585497916257,4,HYD200,200,326.19453854011164,648.5818860746782,111.0,11.2,-531.8424070635938,123.0
Mod-Nom-Ideal,AK,HYD200,2040-Hhigh,1606.6901894217178,5869.333333333333,0.808723322094241,105.81781527332461,0.06586074650235507,3.6530585497916257,4,HYD200,200,326.19453854011164,648.5818860746782,111.0,11.2,-531.8424070635938,123.0
Mod-Nom-Ideal,AK,HYD200,2040-Hlow,1606.6901894217178,5869.333333333333,0.808723322094241,165.03967256270056,0.10272028400329118,3.6530585497916257,4,HYD200,200,326.19453854011164,648.5818860746782,111.0,11.2,-531.8424070635938,123.0
Mod-Nom-Ideal,AK,HYD200,2045-Hhigh,1606.6901894217178,5869.333333333333,0.808723322094241,118.37977784124587,0.07367928093458595,3.6530585497916257,4,HYD200,200,326.19453854011164,648.5818860746782,111.0,11.2,-531.8424070635938,123.0
Mod-Nom-Ideal,AK,HYD200,2045-Hlow,1606.6901894217178,5869.333333333333,0.808723322094241,178.01980096652449,0.11079908381752031,3.6530585497916257,4,HYD200,200,326.19453854011164,648.5818860746782,111.0,11.2,-531.8424070635938,123.0
Mod-Nom-Ideal,AK,HYD500,2024-Hhigh,2000.8594905422171,6104.841666666666,1.118705641895016,179.0116462409194,0.0894673749391611,3.051109633396747,4,HYD500,500,563.3748541457762,0.0,0.0,8.5,0.0,0.0
Mod-Nom-Ideal,AK,HYD500,2024-Hlow,2000.8594905422171,6104.841666666666,1.1306961381650036,296.6404256021711,0.1482565002711829,3.051109633396747,4,HYD500,500,563.3748541457762,0.0,0.0,8.5,0.0,0.0
Mod-Nom-Ideal,AK,HYD500,2025-Hhigh,2000.8594905422171,6104.841666666666,1.1306961381650036,138.19783928766782,0.06906923746565397,3.051109633396747,4,HYD500,500,563.3748541457762,0.0,0.0,8.5,0.0,0.0
Mod-Nom-Ideal,AK,HYD500,2025-Hlow,2000.8594905422171,6104.841666666666,1.1306961381650036,245.15705604944554,0.12252587311016523,3.051109633396747,4,HYD500,500,563.3748541457762,0.0,0.0,8.5,0.0,0.0
Mod-Nom-Ideal,AK,HYD500,2030-Hhigh,2000.8594905422171,6104.841666666666,1.1306961381650036,111.89820193242375,0.05592506743294614,3.051109633396747,4,HYD500,500,563.3748541457762,0.0,0.0,8.5,0.0,0.0
Mod-Nom-Ideal,AK,HYD500,2030-Hlow,2000.8594905422171,6104.841666666666,1.1306961381650036,192.01947460822345,0.0959684952970824,3.051109633396747,4,HYD500,500,563.3748541457762,0.0,0.0,8.5,0.0,0.0
Mod-Nom-Ideal,AK,HYD500,2035-Hhigh,2000.8594905422171,6104.841666666666,1.1306961381650036,119.06394866826548,0.059506401739384554,3.051109633396747,4,HYD500,500,563.3748541457762,0.0,0.0,8.5,0.0,0.0
Mod-Nom-Ideal,AK,HYD500,2035-Hlow,2000.8594905422171,6104.841666666666,1.1306961381650036,181.52549942598822,0.09072376160546698,3.051109633396747,4,HYD500,500,563.3748541457762,0.0,0.0,8.5,0.0,0.0
Mod-Nom-Ideal,AK,HYD500,2040-Hhigh,2000.8594905422171,6104.841666666666,1.1306961381650036,131.17664728282443,0.06556014947720122,3.051109633396747,4,HYD500,500,563.3748541457762,0.0,0.0,8.5,0.0,0.0
Mod-Nom-Ideal,AK,HYD500,2040-Hlow,2000.8594905422171,6104.841666666666,1.1306961381650036,202.34694498347278,0.10113001234716304,3.051109633396747,4,HYD500,500,563.3748541457762,0.0,0.0,8.5,0.0,0.0
Mod-Nom-Ideal,AK,HYD500,2045-Hhigh,2000.8594905422171,6104.841666666666,1.1306961381650036,147.00086927021235,0.07346886173920002,3.051109633396747,4,HYD500,500,563.3748541457762,0.0,0.0,8.5,0.0,0.0
Mod-Nom-Ideal,AK,HYD500,2045-Hlow,2000.8594905422171,6104.841666666666,1.1306961381650036,218.31080308254306,0.10910851267391222,3.051109633396747,4,HYD500,500,563.3748541457762,0.0,0.0,8.5,0.0,0.0
Mod-Nom-Ideal,AK,HYD1000,2024-Hhigh,2134.185573736674,6882.9,1.2244847312581972,191.15865694308127,0.08956983839431919,3.2250709988395996,5,HYD1000,1000,866.4644475578347,0.0,0.0,6,0.0,0.0
Mod-Nom-Ideal,AK,HYD1000,2024-Hlow,2134.185573736674,6882.9,1.2530651457085362,308.844547902452,0.1447130707390672,3.2250709988395996,5,HYD1000,1000,866.4644475578347,0.0,0.0,6,0.0,0.0
Mod-Nom-Ideal,AK,HYD1000,2025-Hhigh,2134.185573736674,6882.9,1.2530651457085362,147.8360834002126,0.06927049138532566,3.2250709988395996,5,HYD1000,1000,866.4644475578347,0.0,0.0,6,0.0,0.0
Mod-Nom-Ideal,AK,HYD1000,2025-Hlow,2134.185573736674,6882.9,1.2530651457085362,254.72341800227483,0.119353921766179,3.2250709988395996,5,HYD1000,1000,866.4644475578347,0.0,0.0,6,0.0,0.0
Mod-Nom-Ideal,AK,HYD1000,2030-Hhigh,2134.185573736674,6882.9,1.2530651457085362,119.95713444184277,0.05620745258427262,3.2250709988395996,5,HYD1000,1000,866.4644475578347,0.0,0.0,6,0.0,0.0
Mod-Nom-Ideal,AK,HYD1000,2030-Hlow,2134.185573736674,6882.9,1.2530651457085362,199.76636159831537,0.0936030887176091,3.2250709988395996,5,HYD1000,1000,866.4644475578347,0.0,0.0,6,0.0,0.0
Mod-Nom-Ideal,AK,HYD1000,2035-Hhigh,2134.185573736674,6882.9,1.2530651457085362,126.66144229778995,0.05934884194537154,3.2250709988395996,5,HYD1000,1000,866.4644475578347,0.0,0.0,6,0.0,0.0
Mod-Nom-Ideal,AK,HYD1000,2035-Hlow,2134.185573736674,6882.9,1.2530651457085362,189.19715146337504,0.0886507498652594,3.2250709988395996,5,HYD1000,1000,866.4644475578347,0.0,0.0,6,0.0,0.0
Mod-Nom-Ideal,AK,HYD1000,2040-Hhigh,2134.185573736674,6882.9,1.2530651457085362,139.2425615238524,0.06524388658482835,3.2250709988395996,5,HYD1000,1000,866.4644475578347,0.0,0.0,6,0.0,0.0
Mod-Nom-Ideal,AK,HYD1000,2040-Hlow,2134.185573736674,6882.9,1.2530651457085362,211.5888491987168,0.0991426667870559,3.2250709988395996,5,HYD1000,1000,866.4644475578347,0.0,0.0,6,0.0,0.0
Mod-Nom-Ideal,AK,HYD1000,2045-Hhigh,2134.185573736674,6882.9,1.2530651457085362,156.0371129129005,0.07311318885906457,3.2250709988395996,5,HYD1000,1000,866.4644475578347,0.0,0.0,6,0.0,0.0
Mod-Nom-Ideal,AK,HYD1000,2045-Hlow,2134.185573736674,6882.9,1.2530651457085362,228.03917704794125,0.10685067871050927,3.2250709988395996,5,HYD1000,1000,866.4644475578347,0.0,0.0,6,0.0,0.0
Mod-Nom-Ideal,AK,HYD200,2024-Hhigh,1727.0847939868288,6347.666666666666,0.8623358185786154,154.49544652285437,0.08945446515466952,3.675364804766543,5,HYD200,200,325.19033799916815,720.5504397190025,138.0,11.2,-836.6846629346762,208.0
Mod-Nom-Ideal,AK,HYD200,2024-Hlow,1727.0847939868288,6347.666666666666,0.8818828351284158,256.5868748801691,0.14856646053136746,3.675364804766543,5,HYD200,200,325.19033799916815,720.5504397190025,138.0,11.2,-836.6846629346762,208.0
Mod-Nom-Ideal,AK,HYD200,2025-Hhigh,1727.0847939868288,6347.666666666666,0.8818828351284158,118.543672885467,0.06863801551504543,3.675364804766543,5,HYD200,200,325.19033799916815,720.5504397190025,138.0,11.2,-836.6846629346762,208.0
Mod-Nom-Ideal,AK,HYD200,2025-Hlow,1727.0847939868288,6347.666666666666,0.8818828351284158,210.56739805824748,0.12192070637838834,3.675364804766543,5,HYD200,200,325.19033799916815,720.5504397190025,138.0,11.2,-836.6846629346762,208.0
Mod-Nom-Ideal,AK,HYD200,2030-Hhigh,1727.0847939868288,6347.666666666666,0.8818828351284158,96.00875868385573,0.0555900665781601,3.675364804766543,5,HYD200,200,325.19033799916815,720.5504397190025,138.0,11.2,-836.6846629346762,208.0
Mod-Nom-Ideal,AK,HYD200,2030-Hlow,1727.0847939868288,6347.666666666666,0.8818828351284158,164.37806731838768,0.09517660504608742,3.675364804766543,5,HYD200,200,325.19033799916815,720.5504397190025,138.0,11.2,-836.6846629346762,208.0
Mod-Nom-Ideal,AK,HYD200,2035-Hhigh,1727.0847939868288,6347.666666666666,0.8818828351284158,102.15307111057304,0.059147687169870414,3.675364804766543,5,HYD200,200,325.19033799916815,720.5504397190025,138.0,11.2,-836.6846629346762,208.0
Mod-Nom-Ideal,AK,HYD200,2035-Hlow,1727.0847939868288,6347.666666666666,0.8818828351284158,154.9856583203019,0.08973830286730199,3.675364804766543,5,HYD200,200,325.19033799916815,720.5504397190025,138.0,11.2,-836.6846629346762,208.0
Mod-Nom-Ideal,AK,HYD200,2040-Hhigh,1727.0847939868288,6347.666666666666,0.8818828351284158,112.40690225629874,0.06508476170230006,3.675364804766543,5,HYD200,200,325.19033799916815,720.5504397190025,138.0,11.2,-836.6846629346762,208.0
Mod-Nom-Ideal,AK,HYD200,2040-Hlow,1727.0847939868288,6347.666666666666,0.8818828351284158,173.82364959120395,0.10064569510217665,3.675364804766543,5,HYD200,200,325.19033799916815,720.5504397190025,138.0,11.2,-836.6846629346762,208.0
Mod-Nom-Ideal,AK,HYD200,2045-Hhigh,1727.0847939868288,6347.666666666666,0.8818828351284158,125.48922004942085,0.07265955932582767,3.675364804766543,5,HYD200,200,325.19033799916815,720.5504397190025,138.0,11.2,-836.6846629346762,208.0
Mod-Nom-Ideal,AK,HYD200,2045-Hlow,1727.0847939868288,6347.666666666666,0.8818828351284158,186.9262179617391,0.10823221801995939,3.675364804766543,5,HYD200,200,325.19033799916815,720.5504397190025,138.0,11.2,-836.6846629346762,208.0
Mod-Nom-Ideal,AK,HYD500,2024-Hhigh,2148.57956156489,6581.55,1.177516731338275,191.97517708225436,0.08934981069187484,3.063209814397757,5,HYD500,500,561.4033413106,0.0,0.0,8.5,0.0,0.0
Mod-Nom-Ideal,AK,HYD500,2024-Hlow,2148.57956156489,6581.55,1.2077530198939341,312.96985149728374,0.14566360822558333,3.063209814397757,5,HYD500,500,561.4033413106,0.0,0.0,8.5,0.0,0.0
Mod-Nom-Ideal,AK,HYD500,2025-Hhigh,2148.57956156489,6581.55,1.2077530198939341,147.77998809502122,0.06878031921116647,3.063209814397757,5,HYD500,500,561.4033413106,0.0,0.0,8.5,0.0,0.0
Mod-Nom-Ideal,AK,HYD500,2025-Hlow,2148.57956156489,6581.55,1.2077530198939341,257.1955856083312,0.11970493911847796,3.063209814397757,5,HYD500,500,561.4033413106,0.0,0.0,8.5,0.0,0.0
Mod-Nom-Ideal,AK,HYD500,2030-Hhigh,2148.57956156489,6581.55,1.2077530198939341,119.6921029808015,0.05570754982590699,3.063209814397757,5,HYD500,500,561.4033413106,0.0,0.0,8.5,0.0,0.0
Mod-Nom-Ideal,AK,HYD500,2030-Hlow,2148.57956156489,6581.55,1.2077530198939341,201.1243799540803,0.09360806718630144,3.063209814397757,5,HYD500,500,561.4033413106,0.0,0.0,8.5,0.0,0.0
Mod-Nom-Ideal,AK,HYD500,2035-Hhigh,2148.57956156489,6581.55,1.2077530198939341,126.75285666166806,0.05899379242412102,3.063209814397757,5,HYD500,500,561.4033413106,0.0,0.0,8.5,0.0,0.0
Mod-Nom-Ideal,AK,HYD500,2035-Hlow,2148.57956156489,6581.55,1.2077530198939341,190.7100773780957,0.088761003217956,3.063209814397757,5,HYD500,500,561.4033413106,0.0,0.0,8.5,0.0,0.0
Mod-Nom-Ideal,AK,HYD500,2040-Hhigh,2148.57956156489,6581.55,1.2077530198939341,139.2974279189881,0.06483233407355538,3.063209814397757,5,HYD500,500,561.4033413106,0.0,0.0,8.5,0.0,0.0
Mod-Nom-Ideal,AK,HYD500,2040-Hlow,2148.57956156489,6581.55,1.2077530198939341,212.94883122404573,0.09911144787626446,3.063209814397757,5,HYD500,500,561.4033413106,0.0,0.0,8.5,0.0,0.0
Mod-Nom-Ideal,AK,HYD500,2045-Hhigh,2148.57956156489,6581.55,1.2077530198939341,155.75274580567364,0.07249103016331085,3.063209814397757,5,HYD500,500,561.4033413106,0.0,0.0,8.5,0.0,0.0
Mod-Nom-Ideal,AK,HYD500,2045-Hlow,2148.57956156489,6581.55,1.2077530198939341,229.14834560987384,0.10665108693623458,3.063209814397757,5,HYD500,500,561.4033413106,0.0,0.0,8.5,0.0,0.0
Mod-Nom-Ideal,CH,HYD1000,2024-Hhigh,4745.82309867386,13583.5,2.3573280548384505,460.14746602435764,0.0969584108925042,2.862201080313272,3,HYD1000,1000,992.5468603718883,0.0,0.0,14,0.0,0.0
Mod-Nom-Ideal,CH,HYD1000,2024-Hlow,4745.82309867386,13583.5,2.3962225170014886,741.0135939123568,0.1561401633616349,2.862201080313272,3,HYD1000,1000,992.5468603718883,0.0,0.0,14,0.0,0.0
Mod-Nom-Ideal,CH,HYD1000,2025-Hhigh,4745.82309867386,13583.5,2.3962225170014886,360.13752313367,0.07588515535572836,2.862201080313272,3,HYD1000,1000,992.5468603718883,0.0,0.0,14,0.0,0.0
Mod-Nom-Ideal,CH,HYD1000,2025-Hlow,4745.82309867386,13583.5,2.3962225170014886,608.9247269192036,0.12830750625520732,2.862201080313272,3,HYD1000,1000,992.5468603718883,0.0,0.0,14,0.0,0.0
Mod-Nom-Ideal,CH,HYD1000,2030-Hhigh,4745.82309867386,13583.5,2.3962225170014886,291.639117386689,0.06145174637212723,2.862201080313272,3,HYD1000,1000,992.5468603718883,0.0,0.0,14,0.0,0.0
Mod-Nom-Ideal,CH,HYD1000,2030-Hlow,4745.82309867386,13583.5,2.3962225170014886,475.09969266635517,0.10010901855973388,2.862201080313272,3,HYD1000,1000,992.5468603718883,0.0,0.0,14,0.0,0.0
Mod-Nom-Ideal,CH,HYD1000,2035-Hhigh,4745.82309867386,13583.5,2.3962225170014886,308.1832913749677,0.06493779581904019,2.862201080313272,3,HYD1000,1000,992.5468603718883,0.0,0.0,14,0.0,0.0
Mod-Nom-Ideal,CH,HYD1000,2035-Hlow,4745.82309867386,13583.5,2.3962225170014886,450.34223180960424,0.09489233425819112,2.862201080313272,3,HYD1000,1000,992.5468603718883,0.0,0.0,14,0.0,0.0
Mod-Nom-Ideal,CH,HYD1000,2040-Hhigh,4745.82309867386,13583.5,2.3962225170014886,338.11249004745645,0.07124422529401407,2.862201080313272,3,HYD1000,1000,992.5468603718883,0.0,0.0,14,0.0,0.0
Mod-Nom-Ideal,CH,HYD1000,2040-Hlow,4745.82309867386,13583.5,2.3962225170014886,494.9588078090532,0.10429356457626099,2.862201080313272,3,HYD1000,1000,992.5468603718883,0.0,0.0,14,0.0,0.0
Mod-Nom-Ideal,CH,HYD1000,2045-Hhigh,4745.82309867386,13583.5,2.3962225170014886,375.11173873045277,0.07904039635090306,2.862201080313272,3,HYD1000,1000,992.5468603718883,0.0,0.0,14,0.0,0.0
Mod-Nom-Ideal,CH,HYD1000,2045-Hlow,4745.82309867386,13583.5,2.3962225170014886,531.454515897771,0.11198363378657687,2.862201080313272,3,HYD1000,1000,992.5468603718883,0.0,0.0,14,0.0,0.0
Mod-Nom-Ideal,CH,HYD200,2024-Hhigh,4535.69046079062,12970.533333333333,2.0170229413969283,439.9090415071841,0.09698832962920119,2.85966016540565,3,HYD200,200,372.87410474689534,22.1500940378453,6.0,14,-464.2102564900063,113.0
Mod-Nom-Ideal,CH,HYD200,2024-Hlow,4535.69046079062,12970.533333333333,2.055917403559966,714.6810053300549,0.15756829340719125,2.85966016540565,3,HYD200,200,372.87410474689534,22.1500940378453,6.0,14,-464.2102564900063,113.0
Mod-Nom-Ideal,CH,HYD200,2025-Hhigh,4535.69046079062,12970.533333333333,2.055917403559966,342.8993572630107,0.07560025540262279,2.85966016540565,3,HYD200,200,372.87410474689534,22.1500940378453,6.0,14,-464.2102564900063,113.0
Mod-Nom-Ideal,CH,HYD200,2025-Hlow,4535.69046079062,12970.533333333333,2.055917403559966,586.2741625122051,0.12925797463039643,2.85966016540565,3,HYD200,200,372.87410474689534,22.1500940378453,6.0,14,-464.2102564900063,113.0
Mod-Nom-Ideal,CH,HYD200,2030-Hhigh,4535.69046079062,12970.533333333333,2.055917403559966,277.5492886118103,0.061192290569897154,2.85966016540565,3,HYD200,200,372.87410474689534,22.1500940378453,6.0,14,-464.2102564900063,113.0
Mod-Nom-Ideal,CH,HYD200,2030-Hlow,4535.69046079062,12970.533333333333,2.055917403559966,456.93626448526345,0.1007423827607527,2.85966016540565,3,HYD200,200,372.87410474689534,22.1500940378453,6.0,14,-464.2102564900063,113.0
Mod-Nom-Ideal,CH,HYD200,2035-Hhigh,4535.69046079062,12970.533333333333,2.055917403559966,294.2574081402812,0.06487598981544895,2.85966016540565,3,HYD200,200,372.87410474689534,22.1500940378453,6.0,14,-464.2102564900063,113.0
Mod-Nom-Ideal,CH,HYD200,2035-Hlow,4535.69046079062,12970.533333333333,2.055917403559966,433.06584309555444,0.09547958504647744,2.85966016540565,3,HYD200,200,372.87410474689534,22.1500940378453,6.0,14,-464.2102564900063,113.0
Mod-Nom-Ideal,CH,HYD200,2040-Hhigh,4535.69046079062,12970.533333333333,2.055917403559966,322.8595938745674,0.07118201664455945,2.85966016540565,3,HYD200,200,372.87410474689534,22.1500940378453,6.0,14,-464.2102564900063,113.0
Mod-Nom-Ideal,CH,HYD200,2040-Hlow,4535.69046079062,12970.533333333333,2.055917403559966,476.28893745955827,0.10500913622234617,2.85966016540565,3,HYD200,200,372.87410474689534,22.1500940378453,6.0,14,-464.2102564900063,113.0
Mod-Nom-Ideal,CH,HYD200,2045-Hhigh,4535.69046079062,12970.533333333333,2.055917403559966,357.92025674717735,0.07891196717264255,2.85966016540565,3,HYD200,200,372.87410474689534,22.1500940378453,6.0,14,-464.2102564900063,113.0
Mod-Nom-Ideal,CH,HYD200,2045-Hlow,4535.69046079062,12970.533333333333,2.055917403559966,510.3712206648286,0.11252337986394809,2.85966016540565,3,HYD200,200,372.87410474689534,22.1500940378453,6.0,14,-464.2102564900063,113.0
Mod-Nom-Ideal,CH,HYD500,2024-Hhigh,4627.597512220586,13238.866666666665,2.179024113825123,448.85321577044283,0.09699486927830449,2.860850934357491,3,HYD500,500,644.2808899893415,0.0,0.0,14,0.0,0.0
Mod-Nom-Ideal,CH,HYD500,2024-Hlow,4627.597512220586,13238.866666666665,2.217918575988161,726.3015249647816,0.15695002062015123,2.860850934357491,3,HYD500,500,644.2808899893415,0.0,0.0,14,0.0,0.0
Mod-Nom-Ideal,CH,HYD500,2025-Hhigh,4627.597512220586,13238.866666666665,2.217918575988161,350.758945218525,0.07579720239114114,2.860850934357491,3,HYD500,500,644.2808899893415,0.0,0.0,14,0.0,0.0
Mod-Nom-Ideal,CH,HYD500,2025-Hlow,4627.597512220586,13238.866666666665,2.217918575988161,596.4755748076022,0.12889530112167838,2.860850934357491,3,HYD500,500,644.2808899893415,0.0,0.0,14,0.0,0.0
Mod-Nom-Ideal,CH,HYD500,2030-Hhigh,4627.597512220586,13238.866666666665,2.217918575988161,284.0171720122732,0.06137464878097955,2.860850934357491,3,HYD500,500,644.2808899893415,0.0,0.0,14,0.0,0.0
Mod-Nom-Ideal,CH,HYD500,2030-Hlow,4627.597512220586,13238.866666666665,2.217918575988161,465.15694636563404,0.10051802153001528,2.860850934357491,3,HYD500,500,644.2808899893415,0.0,0.0,14,0.0,0.0
Mod-Nom-Ideal,CH,HYD500,2035-Hhigh,4627.597512220586,13238.866666666665,2.217918575988161,300.53645934320974,0.06494438173362124,2.860850934357491,3,HYD500,500,644.2808899893415,0.0,0.0,14,0.0,0.0
Mod-Nom-Ideal,CH,HYD500,2035-Hlow,4627.597512220586,13238.866666666665,2.217918575988161,440.80677139950154,0.09525607407200312,2.860850934357491,3,HYD500,500,644.2808899893415,0.0,0.0,14,0.0,0.0
Mod-Nom-Ideal,CH,HYD500,2040-Hhigh,4627.597512220586,13238.866666666665,2.217918575988161,329.7255669502933,0.07125199762502078,2.860850934357491,3,HYD500,500,644.2808899893415,0.0,0.0,14,0.0,0.0
Mod-Nom-Ideal,CH,HYD500,2040-Hlow,4627.597512220586,13238.866666666665,2.217918575988161,484.7257172247667,0.10474673217467599,2.860850934357491,3,HYD500,500,644.2808899893415,0.0,0.0,14,0.0,0.0
Mod-Nom-Ideal,CH,HYD500,2045-Hhigh,4627.597512220586,13238.866666666665,2.217918575988161,365.68705437870346,0.0790230899323018,2.860850934357491,3,HYD500,500,644.2808899893415,0.0,0.0,14,0.0,0.0
Mod-Nom-Ideal,CH,HYD500,2045-Hlow,4627.597512220586,13238.866666666665,2.217918575988161,519.959269284449,0.11236052139611051,2.860850934357491,3,HYD500,500,644.2808899893415,0.0,0.0,14,0.0,0.0
Mod-Nom-Ideal,CH,HYD1000,2024-Hhigh,4885.497980398391,14059.033333333333,2.291549705199316,473.702087890732,0.09696086044684102,2.8777073268152047,4,HYD1000,1000,988.672959162005,0.0,0.0,14,0.0,0.0
Mod-Nom-Ideal,CH,HYD1000,2024-Hlow,4885.497980398391,14059.033333333333,2.3334013411491457,755.4130420588406,0.1546235501661675,2.8777073268152047,4,HYD1000,1000,988.672959162005,0.0,0.0,14,0.0,0.0
Mod-Nom-Ideal,CH,HYD1000,2025-Hhigh,4885.497980398391,14059.033333333333,2.3334013411491457,369.3396136045246,0.0755991743495525,2.8777073268152047,4,HYD1000,1000,988.672959162005,0.0,0.0,14,0.0,0.0
Mod-Nom-Ideal,CH,HYD1000,2025-Hlow,4885.497980398391,14059.033333333333,2.3334013411491457,619.6871262306556,0.126842161989825,2.8777073268152047,4,HYD1000,1000,988.672959162005,0.0,0.0,14,0.0,0.0
Mod-Nom-Ideal,CH,HYD1000,2030-Hhigh,4885.497980398391,14059.033333333333,2.3334013411491457,298.5203072350851,0.06110335290953126,2.8777073268152047,4,HYD1000,1000,988.672959162005,0.0,0.0,14,0.0,0.0
Mod-Nom-Ideal,CH,HYD1000,2030-Hlow,4885.497980398391,14059.033333333333,2.3334013411491457,483.520083902791,0.09897048076629479,2.8777073268152047,4,HYD1000,1000,988.672959162005,0.0,0.0,14,0.0,0.0
Mod-Nom-Ideal,CH,HYD1000,2035-Hhigh,4885.497980398391,14059.033333333333,2.3334013411491457,315.36673446488726,0.06455160471464784,2.8777073268152047,4,HYD1000,1000,988.672959162005,0.0,0.0,14,0.0,0.0
Mod-Nom-Ideal,CH,HYD1000,2035-Hlow,4885.497980398391,14059.033333333333,2.3334013411491457,458.7086261213775,0.0938918873698873,2.8777073268152047,4,HYD1000,1000,988.672959162005,0.0,0.0,14,0.0,0.0
Mod-Nom-Ideal,CH,HYD1000,2040-Hhigh,4885.497980398391,14059.033333333333,2.3334013411491457,345.484471509767,0.07071632674824978,2.8777073268152047,4,HYD1000,1000,988.672959162005,0.0,0.0,14,0.0,0.0
Mod-Nom-Ideal,CH,HYD1000,2040-Hlow,4885.497980398391,14059.033333333333,2.3334013411491457,502.9286142328013,0.10294316285681684,2.8777073268152047,4,HYD1000,1000,988.672959162005,0.0,0.0,14,0.0,0.0
Mod-Nom-Ideal,CH,HYD1000,2045-Hhigh,4885.497980398391,14059.033333333333,2.3334013411491457,383.0792656164089,0.07841150833618205,2.8777073268152047,4,HYD1000,1000,988.672959162005,0.0,0.0,14,0.0,0.0
Mod-Nom-Ideal,CH,HYD1000,2045-Hlow,4885.497980398391,14059.033333333333,2.3334013411491457,540.9073846785938,0.11071693957275675,2.8777073268152047,4,HYD1000,1000,988.672959162005,0.0,0.0,14,0.0,0.0
Mod-Nom-Ideal,CH,HYD200,2024-Hhigh,4674.592919852401,13449.099999999999,1.9988855872905196,453.05893261966355,0.09691944098395819,2.877063357299709,4,HYD200,200,372.10580799449065,24.40815024672263,19.0,14,-482.8248366748024,123.0
Mod-Nom-Ideal,CH,HYD200,2024-Hlow,4674.592919852401,13449.099999999999,2.0377800494535574,728.5406596942136,0.15585114515537687,2.877063357299709,4,HYD200,200,372.10580799449065,24.40815024672263,19.0,14,-482.8248366748024,123.0
Mod-Nom-Ideal,CH,HYD200,2025-Hhigh,4674.592919852401,13449.099999999999,2.0377800494535574,351.33531924563283,0.0751584844433312,2.877063357299709,4,HYD200,200,372.10580799449065,24.40815024672263,19.0,14,-482.8248366748024,123.0
Mod-Nom-Ideal,CH,HYD200,2025-Hlow,4674.592919852401,13449.099999999999,2.0377800494535574,596.3288426266496,0.12756807979880277,2.877063357299709,4,HYD200,200,372.10580799449065,24.40815024672263,19.0,14,-482.8248366748024,123.0
Mod-Nom-Ideal,CH,HYD200,2030-Hhigh,4674.592919852401,13449.099999999999,2.0377800494535574,283.61393276744866,0.060671364893181694,2.877063357299709,4,HYD200,200,372.10580799449065,24.40815024672263,19.0,14,-482.8248366748024,123.0
Mod-Nom-Ideal,CH,HYD200,2030-Hlow,4674.592919852401,13449.099999999999,2.0377800494535574,464.65507816089837,0.09940011593043052,2.877063357299709,4,HYD200,200,372.10580799449065,24.40815024672263,19.0,14,-482.8248366748024,123.0
Mod-Nom-Ideal,CH,HYD200,2035-Hhigh,4674.592919852401,13449.099999999999,2.0377800494535574,300.8322684784017,0.06435475208992111,2.877063357299709,4,HYD200,200,372.10580799449065,24.40815024672263,19.0,14,-482.8248366748024,123.0
Mod-Nom-Ideal,CH,HYD200,2035-Hlow,4674.592919852401,13449.099999999999,2.0377800494535574,440.675691682937,0.09427038872442635,2.877063357299709,4,HYD200,200,372.10580799449065,24.40815024672263,19.0,14,-482.8248366748024,123.0
Mod-Nom-Ideal,CH,HYD200,2040-Hhigh,4674.592919852401,13449.099999999999,2.0377800494535574,329.44345772157897,0.070475325524598,2.877063357299709,4,HYD200,200,372.10580799449065,24.40815024672263,19.0,14,-482.8248366748024,123.0
Mod-Nom-Ideal,CH,HYD200,2040-Hlow,4674.592919852401,13449.099999999999,2.0377800494535574,483.2520394208583,0.10337842197307671,2.877063357299709,4,HYD200,200,372.10580799449065,24.40815024672263,19.0,14,-482.8248366748024,123.0
Mod-Nom-Ideal,CH,HYD200,2045-Hhigh,4674.592919852401,13449.099999999999,2.0377800494535574,364.85290835666655,0.0780501991536381,2.877063357299709,4,HYD200,200,372.10580799449065,24.40815024672263,19.0,14,-482.8248366748024,123.0
Mod-Nom-Ideal,CH,HYD200,2045-Hlow,4674.592919852401,13449.099999999999,2.0377800494535574,518.7911661710307,0.11098103622409358,2.877063357299709,4,HYD200,200,372.10580799449065,24.40815024672263,19.0,14,-482.8248366748024,123.0
Mod-Nom-Ideal,CH,HYD500,2024-Hhigh,4766.316629058838,13716.266666666666,2.1617211299089756,462.0948562813557,0.09695009632052108,2.8777497875492792,4,HYD500,500,642.2568133133163,0.0,0.0,14,0.0,0.0
Mod-Nom-Ideal,CH,HYD500,2024-Hlow,4766.316629058838,13716.266666666666,2.200615592072013,740.2944540419218,0.15531793450912662,2.8777497875492792,4,HYD500,500,642.2568133133163,0.0,0.0,14,0.0,0.0
Mod-Nom-Ideal,CH,HYD500,2025-Hhigh,4766.316629058838,13716.266666666666,2.200615592072013,359.43956684958346,0.07541244000832542,2.8777497875492792,4,HYD500,500,642.2568133133163,0.0,0.0,14,0.0,0.0
Mod-Nom-Ideal,CH,HYD500,2025-Hlow,4766.316629058838,13716.266666666666,2.200615592072013,606.6909586441884,0.12728717075684212,2.8777497875492792,4,HYD500,500,642.2568133133163,0.0,0.0,14,0.0,0.0
Mod-Nom-Ideal,CH,HYD500,2030-Hhigh,4766.316629058838,13716.266666666666,2.200615592072013,290.3299130748988,0.06091284647453807,2.8777497875492792,4,HYD500,500,642.2568133133163,0.0,0.0,14,0.0,0.0
Mod-Nom-Ideal,CH,HYD500,2030-Hlow,4766.316629058838,13716.266666666666,2.200615592072013,473.03166998492253,0.09924470126491111,2.8777497875492792,4,HYD500,500,642.2568133133163,0.0,0.0,14,0.0,0.0
Mod-Nom-Ideal,CH,HYD500,2035-Hhigh,4766.316629058838,13716.266666666666,2.200615592072013,307.24685522842685,0.06446211595663466,2.8777497875492792,4,HYD500,500,642.2568133133163,0.0,0.0,14,0.0,0.0
Mod-Nom-Ideal,CH,HYD500,2035-Hlow,4766.316629058838,13716.266666666666,2.200615592072013,448.60313728478496,0.09411945789538674,2.8777497875492792,4,HYD500,500,642.2568133133163,0.0,0.0,14,0.0,0.0
Mod-Nom-Ideal,CH,HYD500,2040-Hhigh,4766.316629058838,13716.266666666666,2.200615592072013,336.53737133122524,0.07060743075259737,2.8777497875492792,4,HYD500,500,642.2568133133163,0.0,0.0,14,0.0,0.0
Mod-Nom-Ideal,CH,HYD500,2040-Hlow,4766.316629058838,13716.266666666666,2.200615592072013,491.93581662151746,0.10321089740919198,2.8777497875492792,4,HYD500,500,642.2568133133163,0.0,0.0,14,0.0,0.0
Mod-Nom-Ideal,CH,HYD500,2045-Hhigh,4766.316629058838,13716.266666666666,2.200615592072013,372.9444473868154,0.0782458397986156,2.8777497875492792,4,HYD500,500,642.2568133133163,0.0,0.0,14,0.0,0.0
Mod-Nom-Ideal,CH,HYD500,2045-Hlow,4766.316629058838,13716.266666666666,2.200615592072013,528.5815181886409,0.11089937142783046,2.8777497875492792,4,HYD500,500,642.2568133133163,0.0,0.0,14,0.0,0.0
Mod-Nom-Ideal,CH,HYD1000,2024-Hhigh,5031.000849850283,14534.8,2.452066411579337,487.0138209038262,0.09680257178217713,2.8890474149755985,5,HYD1000,1000,985.9094824104238,0.0,0.0,14,0.0,0.0
Mod-Nom-Ideal,CH,HYD1000,2024-Hlow,5031.000849850283,14534.8,2.513448810972421,771.8743797918688,0.153423623415774,2.8890474149755985,5,HYD1000,1000,985.9094824104238,0.0,0.0,14,0.0,0.0
Mod-Nom-Ideal,CH,HYD1000,2025-Hhigh,5031.000849850283,14534.8,2.513448810972421,379.5798246362755,0.07544817342807075,2.8890474149755985,5,HYD1000,1000,985.9094824104238,0.0,0.0,14,0.0,0.0
Mod-Nom-Ideal,CH,HYD1000,2025-Hlow,5031.000849850283,14534.8,2.513448810972421,632.2523984463719,0.1256712962919072,2.8890474149755985,5,HYD1000,1000,985.9094824104238,0.0,0.0,14,0.0,0.0
Mod-Nom-Ideal,CH,HYD1000,2030-Hhigh,5031.000849850283,14534.8,2.513448810972421,306.93297833006045,0.06100833362792901,2.8890474149755985,5,HYD1000,1000,985.9094824104238,0.0,0.0,14,0.0,0.0
Mod-Nom-Ideal,CH,HYD1000,2030-Hlow,5031.000849850283,14534.8,2.513448810972421,493.0149911519127,0.09799541003189938,2.8890474149755985,5,HYD1000,1000,985.9094824104238,0.0,0.0,14,0.0,0.0
Mod-Nom-Ideal,CH,HYD1000,2035-Hhigh,5031.000849850283,14534.8,2.513448810972421,323.3921999911725,0.06427989373144238,2.8890474149755985,5,HYD1000,1000,985.9094824104238,0.0,0.0,14,0.0,0.0
Mod-Nom-Ideal,CH,HYD1000,2035-Hlow,5031.000849850283,14534.8,2.513448810972421,467.9682830736405,0.09301693580265778,2.8890474149755985,5,HYD1000,1000,985.9094824104238,0.0,0.0,14,0.0,0.0
Mod-Nom-Ideal,CH,HYD1000,2040-Hhigh,5031.000849850283,14534.8,2.513448810972421,353.8310618299823,0.07033015346052106,2.8890474149755985,5,HYD1000,1000,985.9094824104238,0.0,0.0,14,0.0,0.0
Mod-Nom-Ideal,CH,HYD1000,2040-Hlow,5031.000849850283,14534.8,2.513448810972421,513.8893414616068,0.10214455469171697,2.8890474149755985,5,HYD1000,1000,985.9094824104238,0.0,0.0,14,0.0,0.0
Mod-Nom-Ideal,CH,HYD1000,2045-Hhigh,5031.000849850283,14534.8,2.513448810972421,392.2514111345001,0.07796687435387196,2.8890474149755985,5,HYD1000,1000,985.9094824104238,0.0,0.0,14,0.0,0.0
Mod-Nom-Ideal,CH,HYD1000,2045-Hlow,5031.000849850283,14534.8,2.513448810972421,552.3295002060574,0.10978521306004037,2.8890474149755985,5,HYD1000,1000,985.9094824104238,0.0,0.0,14,0.0,0.0
Mod-Nom-Ideal,CH,HYD200,2024-Hhigh,4820.136470836608,13927.9,2.073197286288487,466.04226354058466,0.09668652876537662,2.8895239967308646,5,HYD200,200,371.4449064819116,65.94824771817105,17.0,14,-619.1330879719404,173.0
Mod-Nom-Ideal,CH,HYD200,2024-Hlow,4820.136470836608,13927.9,2.1258752290446643,744.8924906451018,0.15453763501343654,2.8895239967308646,5,HYD200,200,371.4449064819116,65.94824771817105,17.0,14,-619.1330879719404,173.0
Mod-Nom-Ideal,CH,HYD200,2025-Hhigh,4820.136470836608,13927.9,2.1258752290446643,360.88314330604993,0.0748699016074566,2.8895239967308646,5,HYD200,200,371.4449064819116,65.94824771817105,17.0,14,-619.1330879719404,173.0
Mod-Nom-Ideal,CH,HYD200,2025-Hlow,4820.136470836608,13927.9,2.1258752290446643,608.3331341489725,0.12620662046180345,2.8895239967308646,5,HYD200,200,371.4449064819116,65.94824771817105,17.0,14,-619.1330879719404,173.0
Mod-Nom-Ideal,CH,HYD200,2030-Hhigh,4820.136470836608,13927.9,2.1258752290446643,291.3565813135353,0.06044571208229005,2.8895239967308646,5,HYD200,200,371.4449064819116,65.94824771817105,17.0,14,-619.1330879719404,173.0
Mod-Nom-Ideal,CH,HYD200,2030-Hlow,4820.136470836608,13927.9,2.1258752290446643,473.61794496580063,0.09825820240388278,2.8895239967308646,5,HYD200,200,371.4449064819116,65.94824771817105,17.0,14,-619.1330879719404,173.0
Mod-Nom-Ideal,CH,HYD200,2035-Hhigh,4820.136470836608,13927.9,2.1258752290446643,308.3253100350469,0.06396609554532641,2.8895239967308646,5,HYD200,200,371.4449064819116,65.94824771817105,17.0,14,-619.1330879719404,173.0
Mod-Nom-Ideal,CH,HYD200,2035-Hlow,4820.136470836608,13927.9,2.1258752290446643,449.59366934557215,0.09327405397456275,2.8895239967308646,5,HYD200,200,371.4449064819116,65.94824771817105,17.0,14,-619.1330879719404,173.0
Mod-Nom-Ideal,CH,HYD200,2040-Hhigh,4820.136470836608,13927.9,2.1258752290446643,337.43006067162787,0.07000425459179203,2.8895239967308646,5,HYD200,200,371.4449064819116,65.94824771817105,17.0,14,-619.1330879719404,173.0
Mod-Nom-Ideal,CH,HYD200,2040-Hlow,4820.136470836608,13927.9,2.1258752290446643,493.67624588715114,0.10241955780174541,2.8895239967308646,5,HYD200,200,371.4449064819116,65.94824771817105,17.0,14,-619.1330879719404,173.0
Mod-Nom-Ideal,CH,HYD200,2045-Hhigh,4820.136470836608,13927.9,2.1258752290446643,373.4847424567431,0.07748426724356192,2.8895239967308646,5,HYD200,200,371.4449064819116,65.94824771817105,17.0,14,-619.1330879719404,173.0
Mod-Nom-Ideal,CH,HYD200,2045-Hlow,4820.136470836608,13927.9,2.1258752290446643,529.4883489924767,0.10984924435149364,2.8895239967308646,5,HYD200,200,371.4449064819116,65.94824771817105,17.0,14,-619.1330879719404,173.0
Mod-Nom-Ideal,CH,HYD500,2024-Hhigh,4911.648942314777,14194.366666666667,2.243531677680413,475.07060378585805,0.09672324088414294,2.8899391697927626,5,HYD500,500,640.8716002134121,0.0,0.0,14,0.0,0.0
Mod-Nom-Ideal,CH,HYD500,2024-Hlow,4911.648942314777,14194.366666666667,2.3019569032867047,756.5449170515832,0.1540307391543819,2.8899391697927626,5,HYD500,500,640.8716002134121,0.0,0.0,14,0.0,0.0
Mod-Nom-Ideal,CH,HYD500,2025-Hhigh,4911.648942314777,14194.366666666667,2.3019569032867047,369.0478915922291,0.07513726976959048,2.8899391697927626,5,HYD500,500,640.8716002134121,0.0,0.0,14,0.0,0.0
Mod-Nom-Ideal,CH,HYD500,2025-Hlow,4911.648942314777,14194.366666666667,2.3019569032867047,618.8026253335142,0.12598673736683694,2.8899391697927626,5,HYD500,500,640.8716002134121,0.0,0.0,14,0.0,0.0
Mod-Nom-Ideal,CH,HYD500,2030-Hhigh,4911.648942314777,14194.366666666667,2.3019569032867047,298.16115298744427,0.0607048990042285,2.8899391697927626,5,HYD500,500,640.8716002134121,0.0,0.0,14,0.0,0.0
Mod-Nom-Ideal,CH,HYD500,2030-Hlow,4911.648942314777,14194.366666666667,2.3019569032867047,482.0790768510962,0.09815014927021647,2.8899391697927626,5,HYD500,500,640.8716002134121,0.0,0.0,14,0.0,0.0
Mod-Nom-Ideal,CH,HYD500,2035-Hhigh,4911.648942314777,14194.366666666667,2.3019569032867047,314.88880434707676,0.06411060889027526,2.8899391697927626,5,HYD500,500,640.8716002134121,0.0,0.0,14,0.0,0.0
Mod-Nom-Ideal,CH,HYD500,2035-Hlow,4911.648942314777,14194.366666666667,2.3019569032867047,457.6042461223618,0.0931671321580041,2.8899391697927626,5,HYD500,500,640.8716002134121,0.0,0.0,14,0.0,0.0
Mod-Nom-Ideal,CH,HYD500,2040-Hhigh,4911.648942314777,14194.366666666667,2.3019569032867047,344.55908203009,0.07015140660026593,2.8899391697927626,5,HYD500,500,640.8716002134121,0.0,0.0,14,0.0,0.0
Mod-Nom-Ideal,CH,HYD500,2040-Hlow,4911.648942314777,14194.366666666667,2.3019569032867047,502.4840392693926,0.10230455090965447,2.8899391697927626,5,HYD500,500,640.8716002134121,0.0,0.0,14,0.0,0.0
Mod-Nom-Ideal,CH,HYD500,2045-Hhigh,4911.648942314777,14194.366666666667,2.3019569032867047,381.6314890706436,0.07769926017774129,2.8899391697927626,5,HYD500,500,640.8716002134121,0.0,0.0,14,0.0,0.0
Mod-Nom-Ideal,CH,HYD500,2045-Hlow,4911.648942314777,14194.366666666667,2.3019569032867047,539.4053140521454,0.10982163432021118,2.8899391697927626,5,HYD500,500,640.8716002134121,0.0,0.0,14,0.0,0.0
Mod-Nom-Real,AK,HYD1000,2024-Hhigh,1753.5110541591812,5620.099999999999,1.2079968599956132,158.44902167081565,0.0903610053070312,3.205055358316444,3,HYD1000,1000,877.0769073268314,0.0,0.0,6,0.0,0.0
Mod-Nom-Real,AK,HYD1000,2024-Hlow,1753.5110541591812,5620.099999999999,1.217910532519952,258.88177787882654,0.14763623945499554,3.205055358316444,3,HYD1000,1000,877.0769073268314,0.0,0.0,6,0.0,0.0
Mod-Nom-Real,AK,HYD1000,2025-Hhigh,1753.5110541591812,5620.099999999999,1.217910532519952,124.53862160988977,0.0710224331432041,3.205055358316444,3,HYD1000,1000,877.0769073268314,0.0,0.0,6,0.0,0.0
Mod-Nom-Real,AK,HYD1000,2025-Hlow,1753.5110541591812,5620.099999999999,1.217910532519952,216.79026382009081,0.12363210560086432,3.205055358316444,3,HYD1000,1000,877.0769073268314,0.0,0.0,6,0.0,0.0
Mod-Nom-Real,AK,HYD1000,2030-Hhigh,1753.5110541591812,5620.099999999999,1.217910532519952,101.20682571522993,0.0577166739127055,3.205055358316444,3,HYD1000,1000,877.0769073268314,0.0,0.0,6,0.0,0.0
Mod-Nom-Real,AK,HYD1000,2030-Hlow,1753.5110541591812,5620.099999999999,1.217910532519952,170.70242017246494,0.09734892732359635,3.205055358316444,3,HYD1000,1000,877.0769073268314,0.0,0.0,6,0.0,0.0
Mod-Nom-Real,AK,HYD1000,2035-Hhigh,1753.5110541591812,5620.099999999999,1.217910532519952,106.25329238564066,0.0605945951316456,3.205055358316444,3,HYD1000,1000,877.0769073268314,0.0,0.0,6,0.0,0.0
Mod-Nom-Real,AK,HYD1000,2035-Hlow,1753.5110541591812,5620.099999999999,1.217910532519952,160.43275282301292,0.09149229623758566,3.205055358316444,3,HYD1000,1000,877.0769073268314,0.0,0.0,6,0.0,0.0
Mod-Nom-Real,AK,HYD1000,2040-Hhigh,1753.5110541591812,5620.099999999999,1.217910532519952,116.6209107528675,0.06650708615509009,3.205055358316444,3,HYD1000,1000,877.0769073268314,0.0,0.0,6,0.0,0.0
Mod-Nom-Real,AK,HYD1000,2040-Hlow,1753.5110541591812,5620.099999999999,1.217910532519952,180.790482041304,0.1031019916369983,3.205055358316444,3,HYD1000,1000,877.0769073268314,0.0,0.0,6,0.0,0.0
Mod-Nom-Real,AK,HYD1000,2045-Hhigh,1753.5110541591812,5620.099999999999,1.217910532519952,132.26544510049055,0.0754289200440271,3.205055358316444,3,HYD1000,1000,877.0769073268314,0.0,0.0,6,0.0,0.0
Mod-Nom-Real,AK,HYD1000,2045-Hlow,1753.5110541591812,5620.099999999999,1.217910532519952,195.49473344226237,0.11148759682955249,3.205055358316444,3,HYD1000,1000,877.0769073268314,0.0,0.0,6,0.0,0.0
Mod-Nom-Real,AK,HYD200,2024-Hhigh,1390.5198662101411,5075.166666666667,0.8819544368449641,125.98670485892599,0.09060403085236206,3.6498339865499534,3,HYD200,200,326.57489284767917,200.65604515720958,56.0,11.2,-639.5535708024557,135.0
Mod-Nom-Real,AK,HYD200,2024-Hlow,1390.5198662101411,5075.166666666667,0.8869560694697572,211.87727950188022,0.15237270940928827,3.6498339865499534,3,HYD200,200,326.57489284767917,200.65604515720958,56.0,11.2,-639.5535708024557,135.0
Mod-Nom-Real,AK,HYD200,2025-Hhigh,1390.5198662101411,5075.166666666667,0.8869560694697572,98.82396578745849,0.07106979784244506,3.6498339865499534,3,HYD200,200,326.57489284767917,200.65604515720958,56.0,11.2,-639.5535708024557,135.0
Mod-Nom-Real,AK,HYD200,2025-Hlow,1390.5198662101411,5075.166666666667,0.8869560694697572,177.09149967334628,0.12735632476507422,3.6498339865499534,3,HYD200,200,326.57489284767917,200.65604515720958,56.0,11.2,-639.5535708024557,135.0
Mod-Nom-Real,AK,HYD200,2030-Hhigh,1390.5198662101411,5075.166666666667,0.8869560694697572,80.29233466863496,0.05774267352790259,3.6498339865499534,3,HYD200,200,326.57489284767917,200.65604515720958,56.0,11.2,-639.5535708024557,135.0
Mod-Nom-Real,AK,HYD200,2030-Hlow,1390.5198662101411,5075.166666666667,0.8869560694697572,138.99167380914002,0.0999566257100386,3.6498339865499534,3,HYD200,200,326.57489284767917,200.65604515720958,56.0,11.2,-639.5535708024557,135.0
Mod-Nom-Real,AK,HYD200,2035-Hhigh,1390.5198662101411,5075.166666666667,0.8869560694697572,84.81385684572415,0.06099435103856814,3.6498339865499534,3,HYD200,200,326.57489284767917,200.65604515720958,56.0,11.2,-639.5535708024557,135.0
Mod-Nom-Real,AK,HYD200,2035-Hlow,1390.5198662101411,5075.166666666667,0.8869560694697572,129.91026614972478,0.0934256815070143,3.6498339865499534,3,HYD200,200,326.57489284767917,200.65604515720958,56.0,11.2,-639.5535708024557,135.0
Mod-Nom-Real,AK,HYD200,2040-Hhigh,1390.5198662101411,5075.166666666667,0.8869560694697572,93.13662932613728,0.06697971858538128,3.6498339865499534,3,HYD200,200,326.57489284767917,200.65604515720958,56.0,11.2,-639.5535708024557,135.0
Mod-Nom-Real,AK,HYD200,2040-Hlow,1390.5198662101411,5075.166666666667,0.8869560694697572,147.07653787103737,0.10577090011082989,3.6498339865499534,3,HYD200,200,326.57489284767917,200.65604515720958,56.0,11.2,-639.5535708024557,135.0
Mod-Nom-Real,AK,HYD200,2045-Hhigh,1390.5198662101411,5075.166666666667,0.8869560694697572,105.48332850137564,0.07585891511846589,3.6498339865499534,3,HYD200,200,326.57489284767917,200.65604515720958,56.0,11.2,-639.5535708024557,135.0
Mod-Nom-Real,AK,HYD200,2045-Hlow,1390.5198662101411,5075.166666666667,0.8869560694697572,158.76749153194905,0.11417851365523421,3.6498339865499534,3,HYD200,200,326.57489284767917,200.65604515720958,56.0,11.2,-639.5535708024557,135.0
Mod-Nom-Real,AK,HYD500,2024-Hhigh,1747.0788498746808,5313.208333333333,1.209131163941585,157.82087423030853,0.0903341450453877,3.0411954982538156,3,HYD500,500,566.7412205237513,0.0,0.0,8.5,0.0,0.0
Mod-Nom-Real,AK,HYD500,2024-Hlow,1747.0788498746808,5313.208333333333,1.2162134816325667,260.6423541961596,0.14918751618729495,3.0411954982538156,3,HYD500,500,566.7412205237513,0.0,0.0,8.5,0.0,0.0
Mod-Nom-Real,AK,HYD500,2025-Hhigh,1747.0788498746808,5313.208333333333,1.2162134816325667,124.03705752327843,0.07099682852446854,3.0411954982538156,3,HYD500,500,566.7412205237513,0.0,0.0,8.5,0.0,0.0
Mod-Nom-Real,AK,HYD500,2025-Hlow,1747.0788498746808,5313.208333333333,1.2162134816325667,218.09070822758693,0.12483163438400662,3.0411954982538156,3,HYD500,500,566.7412205237513,0.0,0.0,8.5,0.0,0.0
Mod-Nom-Real,AK,HYD500,2030-Hhigh,1747.0788498746808,5313.208333333333,1.2162134816325667,100.81118979246051,0.057702713188756055,3.0411954982538156,3,HYD500,500,566.7412205237513,0.0,0.0,8.5,0.0,0.0
Mod-Nom-Real,AK,HYD500,2030-Hlow,1747.0788498746808,5313.208333333333,1.2162134816325667,171.46002397459185,0.09814097628558138,3.0411954982538156,3,HYD500,500,566.7412205237513,0.0,0.0,8.5,0.0,0.0
Mod-Nom-Real,AK,HYD500,2035-Hhigh,1747.0788498746808,5313.208333333333,1.2162134816325667,105.981948779956,0.06066237295904427,3.0411954982538156,3,HYD500,500,566.7412205237513,0.0,0.0,8.5,0.0,0.0
Mod-Nom-Real,AK,HYD500,2035-Hlow,1747.0788498746808,5313.208333333333,1.2162134816325667,161.06672694324536,0.09219201924103126,3.0411954982538156,3,HYD500,500,566.7412205237513,0.0,0.0,8.5,0.0,0.0
Mod-Nom-Real,AK,HYD500,2040-Hhigh,1747.0788498746808,5313.208333333333,1.2162134816325667,116.30373986740443,0.0665704011446003,3.0411954982538156,3,HYD500,500,566.7412205237513,0.0,0.0,8.5,0.0,0.0
Mod-Nom-Real,AK,HYD500,2040-Hlow,1747.0788498746808,5313.208333333333,1.2162134816325667,181.71501222271232,0.10401076759400234,3.0411954982538156,3,HYD500,500,566.7412205237513,0.0,0.0,8.5,0.0,0.0
Mod-Nom-Real,AK,HYD500,2045-Hhigh,1747.0788498746808,5313.208333333333,1.2162134816325667,131.8833306604909,0.07548790981583402,3.0411954982538156,3,HYD500,500,566.7412205237513,0.0,0.0,8.5,0.0,0.0
Mod-Nom-Real,AK,HYD500,2045-Hlow,1747.0788498746808,5313.208333333333,1.2162134816325667,196.32726621458883,0.11237458814676368,3.0411954982538156,3,HYD500,500,566.7412205237513,0.0,0.0,8.5,0.0,0.0
Mod-Nom-Real,AK,HYD1000,2024-Hhigh,1886.5884682404328,6091.299999999999,1.2065015835974948,170.99897968891068,0.09063925841145236,3.2287380647890744,4,HYD1000,1000,868.9750492516317,0.0,0.0,6,0.0,0.0
Mod-Nom-Real,AK,HYD1000,2024-Hlow,1886.5884682404328,6091.299999999999,1.2186868475988224,271.898549757139,0.14412181264456206,3.2287380647890744,4,HYD1000,1000,868.9750492516317,0.0,0.0,6,0.0,0.0
Mod-Nom-Real,AK,HYD1000,2025-Hhigh,1886.5884682404328,6091.299999999999,1.2186868475988224,132.8968435214721,0.07044294278201604,3.2287380647890744,4,HYD1000,1000,868.9750492516317,0.0,0.0,6,0.0,0.0
Mod-Nom-Real,AK,HYD1000,2025-Hlow,1886.5884682404328,6091.299999999999,1.2186868475988224,226.60418923067272,0.12011320595106784,3.2287380647890744,4,HYD1000,1000,868.9750492516317,0.0,0.0,6,0.0,0.0
Mod-Nom-Real,AK,HYD1000,2030-Hhigh,1886.5884682404328,6091.299999999999,1.2186868475988224,107.39837123858719,0.056927291270233715,3.2287380647890744,4,HYD1000,1000,868.9750492516317,0.0,0.0,6,0.0,0.0
Mod-Nom-Real,AK,HYD1000,2030-Hlow,1886.5884682404328,6091.299999999999,1.2186868475988224,178.34742157732322,0.09453435371820267,3.2287380647890744,4,HYD1000,1000,868.9750492516317,0.0,0.0,6,0.0,0.0
Mod-Nom-Real,AK,HYD1000,2035-Hhigh,1886.5884682404328,6091.299999999999,1.2186868475988224,112.72164675961277,0.059748932349165174,3.2287380647890744,4,HYD1000,1000,868.9750492516317,0.0,0.0,6,0.0,0.0
Mod-Nom-Real,AK,HYD1000,2035-Hlow,1886.5884682404328,6091.299999999999,1.2186868475988224,167.89234641040164,0.0889925647467728,3.2287380647890744,4,HYD1000,1000,868.9750492516317,0.0,0.0,6,0.0,0.0
Mod-Nom-Real,AK,HYD1000,2040-Hhigh,1886.5884682404328,6091.299999999999,1.2186868475988224,123.23208001768724,0.06532006428122732,3.2287380647890744,4,HYD1000,1000,868.9750492516317,0.0,0.0,6,0.0,0.0
Mod-Nom-Real,AK,HYD1000,2040-Hlow,1886.5884682404328,6091.299999999999,1.2186868475988224,187.96333576372675,0.09963133928144635,3.2287380647890744,4,HYD1000,1000,868.9750492516317,0.0,0.0,6,0.0,0.0
Mod-Nom-Real,AK,HYD1000,2045-Hhigh,1886.5884682404328,6091.299999999999,1.2186868475988224,139.42716822901232,0.07390438910031717,3.2287380647890744,4,HYD1000,1000,868.9750492516317,0.0,0.0,6,0.0,0.0
Mod-Nom-Real,AK,HYD1000,2045-Hlow,1886.5884682404328,6091.299999999999,1.2186868475988224,203.90855284516476,0.10808321808271437,3.2287380647890744,4,HYD1000,1000,868.9750492516317,0.0,0.0,6,0.0,0.0
Mod-Nom-Real,AK,HYD200,2024-Hhigh,1504.8334029991204,5552.499999999999,0.8704189682807107,136.6326192922604,0.09079584425754553,3.6897772131678583,4,HYD200,200,325.0457647638569,646.12993678009,112.0,11.2,-535.5485827534537,117.0
Mod-Nom-Real,AK,HYD200,2024-Hlow,1504.8334029991204,5552.499999999999,0.8770912771952661,223.0280656739742,0.14820781172818276,3.6897772131678583,4,HYD200,200,325.0457647638569,646.12993678009,112.0,11.2,-535.5485827534537,117.0
Mod-Nom-Real,AK,HYD200,2025-Hhigh,1504.8334029991204,5552.499999999999,0.8770912771952661,105.64455714108865,0.07020349025383138,3.6897772131678583,4,HYD200,200,325.0457647638569,646.12993678009,112.0,11.2,-535.5485827534537,117.0
Mod-Nom-Real,AK,HYD200,2025-Hlow,1504.8334029991204,5552.499999999999,0.8770912771952661,185.25327369716473,0.12310550345836058,3.6897772131678583,4,HYD200,200,325.0457647638569,646.12993678009,112.0,11.2,-535.5485827534537,117.0
Mod-Nom-Real,AK,HYD200,2030-Hhigh,1504.8334029991204,5552.499999999999,0.8770912771952661,85.17437030103434,0.05660053141516033,3.6897772131678583,4,HYD200,200,325.0457647638569,646.12993678009,112.0,11.2,-535.5485827534537,117.0
Mod-Nom-Real,AK,HYD200,2030-Hlow,1504.8334029991204,5552.499999999999,0.8770912771952661,145.20530277255344,0.09649261006777261,3.6897772131678583,4,HYD200,200,325.0457647638569,646.12993678009,112.0,11.2,-535.5485827534537,117.0
Mod-Nom-Real,AK,HYD200,2035-Hhigh,1504.8334029991204,5552.499999999999,0.8770912771952661,90.08400879848357,0.059863110839344,3.6897772131678583,4,HYD200,200,325.0457647638569,646.12993678009,112.0,11.2,-535.5485827534537,117.0
Mod-Nom-Real,AK,HYD200,2035-Hlow,1504.8334029991204,5552.499999999999,0.8770912771952661,135.86829985949737,0.09028793459044236,3.6897772131678583,4,HYD200,200,325.0457647638569,646.12993678009,112.0,11.2,-535.5485827534537,117.0
Mod-Nom-Real,AK,HYD200,2040-Hhigh,1504.8334029991204,5552.499999999999,0.8770912771952661,98.38277759734618,0.06537785338979725,3.6897772131678583,4,HYD200,200,325.0457647638569,646.12993678009,112.0,11.2,-535.5485827534537,117.0
Mod-Nom-Real,AK,HYD200,2040-Hlow,1504.8334029991204,5552.499999999999,0.8770912771952661,152.5830191943938,0.10139528993063095,3.6897772131678583,4,HYD200,200,325.0457647638569,646.12993678009,112.0,11.2,-535.5485827534537,117.0
Mod-Nom-Real,AK,HYD200,2045-Hhigh,1504.8334029991204,5552.499999999999,0.8770912771952661,110.98290244956918,0.07375095623766803,3.6897772131678583,4,HYD200,200,325.0457647638569,646.12993678009,112.0,11.2,-535.5485827534537,117.0
Mod-Nom-Real,AK,HYD200,2045-Hlow,1504.8334029991204,5552.499999999999,0.8770912771952661,165.45891935461785,0.10995165247186806,3.6897772131678583,4,HYD200,200,325.0457647638569,646.12993678009,112.0,11.2,-535.5485827534537,117.0
Mod-Nom-Real,AK,HYD500,2024-Hhigh,1888.3594702850246,5787.933333333333,1.2159418767252534,171.04807565483037,0.09058025145446104,3.0650590760983216,4,HYD500,500,562.1872507368138,0.0,0.0,8.5,0.0,0.0
Mod-Nom-Real,AK,HYD500,2024-Hlow,1888.3594702850246,5787.933333333333,1.224718042360502,274.3481752249042,0.1452838718167864,3.0650590760983216,4,HYD500,500,562.1872507368138,0.0,0.0,8.5,0.0,0.0
Mod-Nom-Real,AK,HYD500,2025-Hhigh,1888.3594702850246,5787.933333333333,1.224718042360502,132.7090671896596,0.07027743884464371,3.0650590760983216,4,HYD500,500,562.1872507368138,0.0,0.0,8.5,0.0,0.0
Mod-Nom-Real,AK,HYD500,2025-Hlow,1888.3594702850246,5787.933333333333,1.224718042360502,228.22601537440485,0.12085941208002994,3.0650590760983216,4,HYD500,500,562.1872507368138,0.0,0.0,8.5,0.0,0.0
Mod-Nom-Real,AK,HYD500,2030-Hhigh,1888.3594702850246,5787.933333333333,1.224718042360502,107.08541477600451,0.056708172602243624,3.0650590760983216,4,HYD500,500,562.1872507368138,0.0,0.0,8.5,0.0,0.0
Mod-Nom-Real,AK,HYD500,2030-Hlow,1888.3594702850246,5787.933333333333,1.224718042360502,179.2678985798056,0.09493314244493255,3.0650590760983216,4,HYD500,500,562.1872507368138,0.0,0.0,8.5,0.0,0.0
Mod-Nom-Real,AK,HYD500,2035-Hhigh,1888.3594702850246,5787.933333333333,1.224718042360502,112.64496053150178,0.05965228670921401,3.0650590760983216,4,HYD500,500,562.1872507368138,0.0,0.0,8.5,0.0,0.0
Mod-Nom-Real,AK,HYD500,2035-Hlow,1888.3594702850246,5787.933333333333,1.224718042360502,168.6005587527521,0.08928414393860293,3.0650590760983216,4,HYD500,500,562.1872507368138,0.0,0.0,8.5,0.0,0.0
Mod-Nom-Real,AK,HYD500,2040-Hhigh,1888.3594702850246,5787.933333333333,1.224718042360502,123.07680786300374,0.06517657776483987,3.0650590760983216,4,HYD500,500,562.1872507368138,0.0,0.0,8.5,0.0,0.0
Mod-Nom-Real,AK,HYD500,2040-Hlow,1888.3594702850246,5787.933333333333,1.224718042360502,188.83959678812712,0.10000193276740053,3.0650590760983216,4,HYD500,500,562.1872507368138,0.0,0.0,8.5,0.0,0.0
Mod-Nom-Real,AK,HYD500,2045-Hhigh,1888.3594702850246,5787.933333333333,1.224718042360502,139.03714420539814,0.07362853651186031,3.0650590760983216,4,HYD500,500,562.1872507368138,0.0,0.0,8.5,0.0,0.0
Mod-Nom-Real,AK,HYD500,2045-Hlow,1888.3594702850246,5787.933333333333,1.224718042360502,204.85536305533068,0.10848324499593835,3.0650590760983216,4,HYD500,500,562.1872507368138,0.0,0.0,8.5,0.0,0.0
Mod-Nom-Real,AK,HYD1000,2024-Hhigh,2026.8950351086194,6565.6,1.2855933509555342,183.52752474158632,0.09054614154291973,3.23924025974446,5,HYD1000,1000,864.9125418855425,0.0,0.0,6,0.0,0.0
Mod-Nom-Real,AK,HYD1000,2024-Hlow,2026.8950351086194,6565.6,1.3131490685028102,287.5407645444923,0.1418626813741656,3.23924025974446,5,HYD1000,1000,864.9125418855425,0.0,0.0,6,0.0,0.0
Mod-Nom-Real,AK,HYD1000,2025-Hhigh,2026.8950351086194,6565.6,1.3131490685028102,142.40967180765566,0.07026001314371173,3.23924025974446,5,HYD1000,1000,864.9125418855425,0.0,0.0,6,0.0,0.0
Mod-Nom-Real,AK,HYD1000,2025-Hlow,2026.8950351086194,6565.6,1.3131490685028102,238.29378583003233,0.11756592310033578,3.23924025974446,5,HYD1000,1000,864.9125418855425,0.0,0.0,6,0.0,0.0
Mod-Nom-Real,AK,HYD1000,2030-Hhigh,2026.8950351086194,6565.6,1.3131490685028102,115.14552634591183,0.056808825494873885,3.23924025974446,5,HYD1000,1000,864.9125418855425,0.0,0.0,6,0.0,0.0
Mod-Nom-Real,AK,HYD1000,2030-Hlow,2026.8950351086194,6565.6,1.3131490685028102,187.34137300244677,0.09242776254193515,3.23924025974446,5,HYD1000,1000,864.9125418855425,0.0,0.0,6,0.0,0.0
Mod-Nom-Real,AK,HYD1000,2035-Hhigh,2026.8950351086194,6565.6,1.3131490685028102,120.37468943473506,0.05938871394407668,3.23924025974446,5,HYD1000,1000,864.9125418855425,0.0,0.0,6,0.0,0.0
Mod-Nom-Real,AK,HYD1000,2035-Hlow,2026.8950351086194,6565.6,1.3131490685028102,176.84919460560113,0.08725128412785517,3.23924025974446,5,HYD1000,1000,864.9125418855425,0.0,0.0,6,0.0,0.0
Mod-Nom-Real,AK,HYD1000,2040-Hhigh,2026.8950351086194,6565.6,1.3131490685028102,131.268423469055,0.06476330603968372,3.23924025974446,5,HYD1000,1000,864.9125418855425,0.0,0.0,6,0.0,0.0
Mod-Nom-Real,AK,HYD1000,2040-Hlow,2026.8950351086194,6565.6,1.3131490685028102,198.42137660065208,0.09789425360648676,3.23924025974446,5,HYD1000,1000,864.9125418855425,0.0,0.0,6,0.0,0.0
Mod-Nom-Real,AK,HYD1000,2045-Hhigh,2026.8950351086194,6565.6,1.3131490685028102,148.0985527907171,0.0730667105229653,3.23924025974446,5,HYD1000,1000,864.9125418855425,0.0,0.0,6,0.0,0.0
Mod-Nom-Real,AK,HYD1000,2045-Hlow,2026.8950351086194,6565.6,1.3131490685028102,214.7238737106556,0.10593734258130873,3.23924025974446,5,HYD1000,1000,864.9125418855425,0.0,0.0,6,0.0,0.0
Mod-Nom-Real,AK,HYD200,2024-Hhigh,1625.220018566491,6030.666666666666,0.9189196685644119,147.09953764050968,0.09051053762570396,3.7106770761942465,5,HYD200,200,323.9034872805716,733.2834933529473,136.0,11.2,-781.2545804521584,188.0
Mod-Nom-Real,AK,HYD200,2024-Hlow,1625.220018566491,6030.666666666666,0.9415678844745572,236.51737398805474,0.1455294491121716,3.7106770761942465,5,HYD200,200,323.9034872805716,733.2834933529473,136.0,11.2,-781.2545804521584,188.0
Mod-Nom-Real,AK,HYD200,2025-Hhigh,1625.220018566491,6030.666666666666,0.9415678844745572,113.34958774392088,0.06974414937609477,3.7106770761942465,5,HYD200,200,323.9034872805716,733.2834933529473,136.0,11.2,-781.2545804521584,188.0
Mod-Nom-Real,AK,HYD200,2025-Hlow,1625.220018566491,6030.666666666666,0.9415678844745572,195.17593352137698,0.12009200680011925,3.7106770761942465,5,HYD200,200,323.9034872805716,733.2834933529473,136.0,11.2,-781.2545804521584,188.0
Mod-Nom-Real,AK,HYD200,2030-Hhigh,1625.220018566491,6030.666666666666,0.9415678844745572,91.490469958801,0.05629420565438226,3.7106770761942465,5,HYD200,200,323.9034872805716,733.2834933529473,136.0,11.2,-781.2545804521584,188.0
Mod-Nom-Real,AK,HYD200,2030-Hlow,1625.220018566491,6030.666666666666,0.9415678844745572,152.69247827391848,0.09395188130195402,3.7106770761942465,5,HYD200,200,323.9034872805716,733.2834933529473,136.0,11.2,-781.2545804521584,188.0
Mod-Nom-Real,AK,HYD200,2035-Hhigh,1625.220018566491,6030.666666666666,0.9415678844745572,96.26381757987889,0.059231252679737126,3.7106770761942465,5,HYD200,200,323.9034872805716,733.2834933529473,136.0,11.2,-781.2545804521584,188.0
Mod-Nom-Real,AK,HYD200,2035-Hlow,1625.220018566491,6030.666666666666,0.9415678844745572,143.39244696945713,0.08822955989425665,3.7106770761942465,5,HYD200,200,323.9034872805716,733.2834933529473,136.0,11.2,-781.2545804521584,188.0
Mod-Nom-Real,AK,HYD200,2040-Hhigh,1625.220018566491,6030.666666666666,0.9415678844745572,105.01632781748341,0.06461668365992194,3.7106770761942465,5,HYD200,200,323.9034872805716,733.2834933529473,136.0,11.2,-781.2545804521584,188.0
Mod-Nom-Real,AK,HYD200,2040-Hlow,1625.220018566491,6030.666666666666,0.9415678844745572,161.40224860454316,0.0993110143615548,3.7106770761942465,5,HYD200,200,323.9034872805716,733.2834933529473,136.0,11.2,-781.2545804521584,188.0
Mod-Nom-Real,AK,HYD200,2045-Hhigh,1625.220018566491,6030.666666666666,0.9415678844745572,118.10300130035294,0.0726689309454387,3.7106770761942465,5,HYD200,200,323.9034872805716,733.2834933529473,136.0,11.2,-781.2545804521584,188.0
Mod-Nom-Real,AK,HYD200,2045-Hlow,1625.220018566491,6030.666666666666,0.9415678844745572,174.38526195707794,0.10729947943349401,3.7106770761942465,5,HYD200,200,323.9034872805716,733.2834933529473,136.0,11.2,-781.2545804521584,188.0
Mod-Nom-Real,AK,HYD500,2024-Hhigh,2036.0327424062093,6264.641666666666,1.2896666194754838,183.97204692812775,0.09035809842169201,3.0768865039287303,5,HYD500,500,560.1341997550497,0.0,0.0,8.5,0.0,0.0
Mod-Nom-Real,AK,HYD500,2024-Hlow,2036.0327424062093,6264.641666666666,1.3199029080311429,290.7165432013167,0.14278578980893217,3.0768865039287303,5,HYD500,500,560.1341997550497,0.0,0.0,8.5,0.0,0.0
Mod-Nom-Real,AK,HYD500,2025-Hhigh,2036.0327424062093,6264.641666666666,1.3199029080311429,142.25257029414215,0.06986752586602622,3.0768865039287303,5,HYD500,500,560.1341997550497,0.0,0.0,8.5,0.0,0.0
Mod-Nom-Real,AK,HYD500,2025-Hlow,2036.0327424062093,6264.641666666666,1.3199029080311429,240.28004753442244,0.11801384257232349,3.0768865039287303,5,HYD500,500,560.1341997550497,0.0,0.0,8.5,0.0,0.0
Mod-Nom-Real,AK,HYD500,2030-Hhigh,2036.0327424062093,6264.641666666666,1.3199029080311429,114.88740207467937,0.0564270896443954,3.0768865039287303,5,HYD500,500,560.1341997550497,0.0,0.0,8.5,0.0,0.0
Mod-Nom-Real,AK,HYD500,2030-Hlow,2036.0327424062093,6264.641666666666,1.3199029080311429,188.38948893567283,0.09252773052806201,3.0768865039287303,5,HYD500,500,560.1341997550497,0.0,0.0,8.5,0.0,0.0
Mod-Nom-Real,AK,HYD500,2035-Hhigh,2036.0327424062093,6264.641666666666,1.3199029080311429,120.3575575721905,0.059113763283566066,3.0768865039287303,5,HYD500,500,560.1341997550497,0.0,0.0,8.5,0.0,0.0
Mod-Nom-Real,AK,HYD500,2035-Hlow,2036.0327424062093,6264.641666666666,1.3199029080311429,177.8556468462656,0.08735402095551448,3.0768865039287303,5,HYD500,500,560.1341997550497,0.0,0.0,8.5,0.0,0.0
Mod-Nom-Real,AK,HYD500,2040-Hhigh,2036.0327424062093,6264.641666666666,1.3199029080311429,131.22782501563913,0.06445270858490833,3.0768865039287303,5,HYD500,500,560.1341997550497,0.0,0.0,8.5,0.0,0.0
Mod-Nom-Real,AK,HYD500,2040-Hlow,2036.0327424062093,6264.641666666666,1.3199029080311429,199.3813553690943,0.09792639932374707,3.0768865039287303,5,HYD500,500,560.1341997550497,0.0,0.0,8.5,0.0,0.0
Mod-Nom-Real,AK,HYD500,2045-Hhigh,2036.0327424062093,6264.641666666666,1.3199029080311429,147.80895318209505,0.07259655019467544,3.0768865039287303,5,HYD500,500,560.1341997550497,0.0,0.0,8.5,0.0,0.0
Mod-Nom-Real,AK,HYD500,2045-Hlow,2036.0327424062093,6264.641666666666,1.3199029080311429,215.6441760495023,0.10591390381799622,3.0768865039287303,5,HYD500,500,560.1341997550497,0.0,0.0,8.5,0.0,0.0
Mod-Nom-Real,CH,HYD1000,2024-Hhigh,3964.1071876554593,11581.5,2.64621499201827,392.1010087935163,0.0989128169930797,2.921591029643623,3,HYD1000,1000,989.1624750525001,0.0,0.0,14,0.0,0.0
Mod-Nom-Real,CH,HYD1000,2024-Hlow,3964.1071876554593,11581.5,2.685109454181308,605.6872443058382,0.15279285237089346,2.921591029643623,3,HYD1000,1000,989.1624750525001,0.0,0.0,14,0.0,0.0
Mod-Nom-Real,CH,HYD1000,2025-Hhigh,3964.1071876554593,11581.5,2.685109454181308,310.763346887675,0.07839428455805042,2.921591029643623,3,HYD1000,1000,989.1624750525001,0.0,0.0,14,0.0,0.0
Mod-Nom-Real,CH,HYD1000,2025-Hlow,3964.1071876554593,11581.5,2.685109454181308,504.37830060053227,0.12723629224033242,2.921591029643623,3,HYD1000,1000,989.1624750525001,0.0,0.0,14,0.0,0.0
Mod-Nom-Real,CH,HYD1000,2030-Hhigh,3964.1071876554593,11581.5,2.685109454181308,250.9240364724239,0.0632990039355699,2.921591029643623,3,HYD1000,1000,989.1624750525001,0.0,0.0,14,0.0,0.0
Mod-Nom-Real,CH,HYD1000,2030-Hlow,3964.1071876554593,11581.5,2.685109454181308,395.76547343233034,0.09983722808121209,2.921591029643623,3,HYD1000,1000,989.1624750525001,0.0,0.0,14,0.0,0.0
Mod-Nom-Real,CH,HYD1000,2035-Hhigh,3964.1071876554593,11581.5,2.685109454181308,258.07097336673814,0.0651019160557493,2.921591029643623,3,HYD1000,1000,989.1624750525001,0.0,0.0,14,0.0,0.0
Mod-Nom-Real,CH,HYD1000,2035-Hlow,3964.1071876554593,11581.5,2.685109454181308,370.0824165931307,0.0933583273796421,2.921591029643623,3,HYD1000,1000,989.1624750525001,0.0,0.0,14,0.0,0.0
Mod-Nom-Real,CH,HYD1000,2040-Hhigh,3964.1071876554593,11581.5,2.685109454181308,279.0088884501062,0.07038379015556435,2.921591029643623,3,HYD1000,1000,989.1624750525001,0.0,0.0,14,0.0,0.0
Mod-Nom-Real,CH,HYD1000,2040-Hlow,3964.1071876554593,11581.5,2.685109454181308,411.39689619910325,0.1037804672588636,2.921591029643623,3,HYD1000,1000,989.1624750525001,0.0,0.0,14,0.0,0.0
Mod-Nom-Real,CH,HYD1000,2045-Hhigh,3964.1071876554593,11581.5,2.685109454181308,316.406829245893,0.07981792980553318,2.921591029643623,3,HYD1000,1000,989.1624750525001,0.0,0.0,14,0.0,0.0
Mod-Nom-Real,CH,HYD1000,2045-Hlow,3964.1071876554593,11581.5,2.685109454181308,447.4452364708678,0.11287415180503882,2.921591029643623,3,HYD1000,1000,989.1624750525001,0.0,0.0,14,0.0,0.0
Mod-Nom-Real,CH,HYD200,2024-Hhigh,3754.976634960388,10969.233333333334,2.242597718777633,371.31121717075916,0.09888509390809463,2.9212520874844405,3,HYD200,200,370.133769179482,26.816891140530107,12.0,14,-696.6650431838294,131.0
Mod-Nom-Real,CH,HYD200,2024-Hlow,3754.976634960388,10969.233333333334,2.2814921809406705,579.533418938901,0.15433742344578255,2.9212520874844405,3,HYD200,200,370.133769179482,26.816891140530107,12.0,14,-696.6650431838294,131.0
Mod-Nom-Real,CH,HYD200,2025-Hhigh,3754.976634960388,10969.233333333334,2.2814921809406705,292.810273301034,0.07797925307306816,2.9212520874844405,3,HYD200,200,370.133769179482,26.816891140530107,12.0,14,-696.6650431838294,131.0
Mod-Nom-Real,CH,HYD200,2025-Hlow,3754.976634960388,10969.233333333334,2.2814921809406705,481.2715966038331,0.1281689990086743,2.9212520874844405,3,HYD200,200,370.133769179482,26.816891140530107,12.0,14,-696.6650431838294,131.0
Mod-Nom-Real,CH,HYD200,2030-Hhigh,3754.976634960388,10969.233333333334,2.2814921809406705,236.19194278488928,0.06290104193614535,2.9212520874844405,3,HYD200,200,370.133769179482,26.816891140530107,12.0,14,-696.6650431838294,131.0
Mod-Nom-Real,CH,HYD200,2030-Hlow,3754.976634960388,10969.233333333334,2.2814921809406705,377.13076680084146,0.10043491703506163,2.9212520874844405,3,HYD200,200,370.133769179482,26.816891140530107,12.0,14,-696.6650431838294,131.0
Mod-Nom-Real,CH,HYD200,2035-Hhigh,3754.976634960388,10969.233333333334,2.2814921809406705,243.8692415304891,0.06494560825224995,2.9212520874844405,3,HYD200,200,370.133769179482,26.816891140530107,12.0,14,-696.6650431838294,131.0
Mod-Nom-Real,CH,HYD200,2035-Hlow,3754.976634960388,10969.233333333334,2.2814921809406705,352.7478380924164,0.09394142024964626,2.9212520874844405,3,HYD200,200,370.133769179482,26.816891140530107,12.0,14,-696.6650431838294,131.0
Mod-Nom-Real,CH,HYD200,2040-Hhigh,3754.976634960388,10969.233333333334,2.2814921809406705,263.63038517422234,0.07020826247484852,2.9212520874844405,3,HYD200,200,370.133769179482,26.816891140530107,12.0,14,-696.6650431838294,131.0
Mod-Nom-Real,CH,HYD200,2040-Hlow,3754.976634960388,10969.233333333334,2.2814921809406705,392.2660776173383,0.1044656507220787,2.9212520874844405,3,HYD200,200,370.133769179482,26.816891140530107,12.0,14,-696.6650431838294,131.0
Mod-Nom-Real,CH,HYD200,2045-Hhigh,3754.976634960388,10969.233333333334,2.2814921809406705,298.622939412489,0.07952724302787553,2.9212520874844405,3,HYD200,200,370.133769179482,26.816891140530107,12.0,14,-696.6650431838294,131.0
Mod-Nom-Real,CH,HYD200,2045-Hlow,3754.976634960388,10969.233333333334,2.2814921809406705,425.5028529273139,0.11331704409708068,2.9212520874844405,3,HYD200,200,370.133769179482,26.816891140530107,12.0,14,-696.6650431838294,131.0
Mod-Nom-Real,CH,HYD500,2024-Hhigh,3846.5090033130023,11237.1,2.439865893144062,380.56013477508804,0.09893649915996848,2.921376237601803,3,HYD500,500,641.0984821868343,0.0,0.0,14,0.0,0.0
Mod-Nom-Real,CH,HYD500,2024-Hlow,3846.5090033130023,11237.1,2.4787603553071,591.0490527577083,0.1536585647527764,2.921376237601803,3,HYD500,500,641.0984821868343,0.0,0.0,14,0.0,0.0
Mod-Nom-Real,CH,HYD500,2025-Hhigh,3846.5090033130023,11237.1,2.4787603553071,301.0298657017363,0.07826053843692006,2.921376237601803,3,HYD500,500,641.0984821868343,0.0,0.0,14,0.0,0.0
Mod-Nom-Real,CH,HYD500,2025-Hlow,3846.5090033130023,11237.1,2.4787603553071,491.6033448806197,0.1278050680388896,2.921376237601803,3,HYD500,500,641.0984821868343,0.0,0.0,14,0.0,0.0
Mod-Nom-Real,CH,HYD500,2030-Hhigh,3846.5090033130023,11237.1,2.4787603553071,242.96273772566698,0.06316447914626039,2.921376237601803,3,HYD500,500,641.0984821868343,0.0,0.0,14,0.0,0.0
Mod-Nom-Real,CH,HYD500,2030-Hlow,3846.5090033130023,11237.1,2.4787603553071,385.4800636538863,0.10021556255864003,2.921376237601803,3,HYD500,500,641.0984821868343,0.0,0.0,14,0.0,0.0
Mod-Nom-Real,CH,HYD500,2035-Hhigh,3846.5090033130023,11237.1,2.4787603553071,250.2823138957926,0.06506739323376709,2.921376237601803,3,HYD500,500,641.0984821868343,0.0,0.0,14,0.0,0.0
Mod-Nom-Real,CH,HYD500,2035-Hlow,3846.5090033130023,11237.1,2.4787603553071,360.5465969931104,0.09373345978979154,2.921376237601803,3,HYD500,500,641.0984821868343,0.0,0.0,14,0.0,0.0
Mod-Nom-Real,CH,HYD500,2040-Hhigh,3846.5090033130023,11237.1,2.4787603553071,270.5269485331228,0.07033051223853048,2.921376237601803,3,HYD500,500,641.0984821868343,0.0,0.0,14,0.0,0.0
Mod-Nom-Real,CH,HYD500,2040-Hlow,3846.5090033130023,11237.1,2.4787603553071,400.9060418415859,0.10422594656512829,2.921376237601803,3,HYD500,500,641.0984821868343,0.0,0.0,14,0.0,0.0
Mod-Nom-Real,CH,HYD500,2045-Hhigh,3846.5090033130023,11237.1,2.4787603553071,306.71186489658584,0.07973772182319463,2.921376237601803,3,HYD500,500,641.0984821868343,0.0,0.0,14,0.0,0.0
Mod-Nom-Real,CH,HYD500,2045-Hlow,3846.5090033130023,11237.1,2.4787603553071,435.4409415210481,0.11320419142292462,2.921376237601803,3,HYD500,500,641.0984821868343,0.0,0.0,14,0.0,0.0
Mod-Nom-Real,CH,HYD1000,2024-Hhigh,4103.227554739729,12056.8,2.5860498543405046,405.6415983800055,0.09885915245218119,2.9383698172120436,4,HYD1000,1000,985.0636284127856,0.0,0.0,14,0.0,0.0
Mod-Nom-Real,CH,HYD1000,2024-Hlow,4103.227554739729,12056.8,2.6279014902903346,619.8388221388285,0.15106128379910075,2.9383698172120436,4,HYD1000,1000,985.0636284127856,0.0,0.0,14,0.0,0.0
Mod-Nom-Real,CH,HYD1000,2025-Hhigh,4103.227554739729,12056.8,2.6279014902903346,320.04191739109655,0.07799760386708483,2.9383698172120436,4,HYD1000,1000,985.0636284127856,0.0,0.0,14,0.0,0.0
Mod-Nom-Real,CH,HYD1000,2025-Hlow,4103.227554739729,12056.8,2.6279014902903346,515.0823477681239,0.12553102183502857,2.9383698172120436,4,HYD1000,1000,985.0636284127856,0.0,0.0,14,0.0,0.0
Mod-Nom-Real,CH,HYD1000,2030-Hhigh,4103.227554739729,12056.8,2.6279014902903346,257.8384641561999,0.06283796370453912,2.9383698172120436,4,HYD1000,1000,985.0636284127856,0.0,0.0,14,0.0,0.0
Mod-Nom-Real,CH,HYD1000,2030-Hlow,4103.227554739729,12056.8,2.6279014902903346,404.0863518555076,0.09848012240723487,2.9383698172120436,4,HYD1000,1000,985.0636284127856,0.0,0.0,14,0.0,0.0
Mod-Nom-Real,CH,HYD1000,2035-Hhigh,4103.227554739729,12056.8,2.6279014902903346,265.2205164648749,0.06463704801321896,2.9383698172120436,4,HYD1000,1000,985.0636284127856,0.0,0.0,14,0.0,0.0
Mod-Nom-Real,CH,HYD1000,2035-Hlow,4103.227554739729,12056.8,2.6279014902903346,378.19348554236285,0.09216975673345319,2.9383698172120436,4,HYD1000,1000,985.0636284127856,0.0,0.0,14,0.0,0.0
Mod-Nom-Real,CH,HYD1000,2040-Hhigh,4103.227554739729,12056.8,2.6279014902903346,286.3119740727595,0.06977725954828758,2.9383698172120436,4,HYD1000,1000,985.0636284127856,0.0,0.0,14,0.0,0.0
Mod-Nom-Real,CH,HYD1000,2040-Hlow,4103.227554739729,12056.8,2.6279014902903346,419.3585795882351,0.10220212600781176,2.9383698172120436,4,HYD1000,1000,985.0636284127856,0.0,0.0,14,0.0,0.0
Mod-Nom-Real,CH,HYD1000,2045-Hhigh,4103.227554739729,12056.8,2.6279014902903346,324.3846526473556,0.07905597442984894,2.9383698172120436,4,HYD1000,1000,985.0636284127856,0.0,0.0,14,0.0,0.0
Mod-Nom-Real,CH,HYD1000,2045-Hlow,4103.227554739729,12056.8,2.6279014902903346,456.9807237327396,0.11137104087850819,2.9383698172120436,4,HYD1000,1000,985.0636284127856,0.0,0.0,14,0.0,0.0
Mod-Nom-Real,CH,HYD200,2024-Hhigh,3893.7970333558014,11447.8,2.2320673311375385,384.4460223813807,0.09873293833450085,2.9400094308803535,4,HYD200,200,369.3520018520153,26.690453939116345,17.0,14,-513.3892771929239,115.0
Mod-Nom-Real,CH,HYD200,2024-Hlow,3893.7970333558014,11447.8,2.2680046195137837,593.3610184981283,0.1523862218331268,2.9400094308803535,4,HYD200,200,369.3520018520153,26.690453939116345,17.0,14,-513.3892771929239,115.0
Mod-Nom-Real,CH,HYD200,2025-Hhigh,3893.7970333558014,11447.8,2.2680046195137837,301.29194561181095,0.07737741413607985,2.9400094308803535,4,HYD200,200,369.3520018520153,26.690453939116345,17.0,14,-513.3892771929239,115.0
Mod-Nom-Real,CH,HYD200,2025-Hlow,3893.7970333558014,11447.8,2.2680046195137837,491.3247180020522,0.12618138896125577,2.9400094308803535,4,HYD200,200,369.3520018520153,26.690453939116345,17.0,14,-513.3892771929239,115.0
Mod-Nom-Real,CH,HYD200,2030-Hhigh,3893.7970333558014,11447.8,2.2680046195137837,242.30243059285533,0.06222780194170295,2.9400094308803535,4,HYD200,200,369.3520018520153,26.690453939116345,17.0,14,-513.3892771929239,115.0
Mod-Nom-Real,CH,HYD200,2030-Hlow,3893.7970333558014,11447.8,2.2680046195137837,384.77049188838885,0.09881626818046575,2.9400094308803535,4,HYD200,200,369.3520018520153,26.690453939116345,17.0,14,-513.3892771929239,115.0
Mod-Nom-Real,CH,HYD200,2035-Hhigh,3893.7970333558014,11447.8,2.2680046195137837,250.44018654959447,0.0643177300727863,2.9400094308803535,4,HYD200,200,369.3520018520153,26.690453939116345,17.0,14,-513.3892771929239,115.0
Mod-Nom-Real,CH,HYD200,2035-Hlow,3893.7970333558014,11447.8,2.2680046195137837,360.3069424767232,0.09253357054571458,2.9400094308803535,4,HYD200,200,369.3520018520153,26.690453939116345,17.0,14,-513.3892771929239,115.0
Mod-Nom-Real,CH,HYD200,2040-Hhigh,3893.7970333558014,11447.8,2.2680046195137837,270.21826592945274,0.06939711125532648,2.9400094308803535,4,HYD200,200,369.3520018520153,26.690453939116345,17.0,14,-513.3892771929239,115.0
Mod-Nom-Real,CH,HYD200,2040-Hlow,3893.7970333558014,11447.8,2.2680046195137837,399.2008736837834,0.10252226047327871,2.9400094308803535,4,HYD200,200,369.3520018520153,26.690453939116345,17.0,14,-513.3892771929239,115.0
Mod-Nom-Real,CH,HYD200,2045-Hhigh,3893.7970333558014,11447.8,2.2680046195137837,305.53881164711083,0.07846808886794684,2.9400094308803535,4,HYD200,200,369.3520018520153,26.690453939116345,17.0,14,-513.3892771929239,115.0
Mod-Nom-Real,CH,HYD200,2045-Hlow,3893.7970333558014,11447.8,2.2680046195137837,433.8724982840773,0.1114265829901647,2.9400094308803535,4,HYD200,200,369.3520018520153,26.690453939116345,17.0,14,-513.3892771929239,115.0
Mod-Nom-Real,CH,HYD500,2024-Hhigh,3984.8168372371224,11714.266666666666,2.4330709631048864,393.7805509247517,0.09882023867319832,2.939725248397808,4,HYD500,500,638.9079775950355,0.0,0.0,14,0.0,0.0
Mod-Nom-Real,CH,HYD500,2024-Hlow,3984.8168372371224,11714.266666666666,2.471965425267924,604.9422409839394,0.1518118060862684,2.939725248397808,4,HYD500,500,638.9079775950355,0.0,0.0,14,0.0,0.0
Mod-Nom-Real,CH,HYD500,2025-Hhigh,3984.8168372371224,11714.266666666666,2.471965425267924,309.8074295082655,0.07774696859669737,2.939725248397808,4,HYD500,500,638.9079775950355,0.0,0.0,14,0.0,0.0
Mod-Nom-Real,CH,HYD500,2025-Hlow,3984.8168372371224,11714.266666666666,2.471965425267924,501.88841381924686,0.12595018399069802,2.939725248397808,4,HYD500,500,638.9079775950355,0.0,0.0,14,0.0,0.0
Mod-Nom-Real,CH,HYD500,2030-Hhigh,3984.8168372371224,11714.266666666666,2.471965425267924,249.36458251410824,0.062578681204079,2.939725248397808,4,HYD500,500,638.9079775950355,0.0,0.0,14,0.0,0.0
Mod-Nom-Real,CH,HYD500,2030-Hlow,3984.8168372371224,11714.266666666666,2.471965425267924,393.41492366433636,0.09872848357494672,2.939725248397808,4,HYD500,500,638.9079775950355,0.0,0.0,14,0.0,0.0
Mod-Nom-Real,CH,HYD500,2035-Hhigh,3984.8168372371224,11714.266666666666,2.471965425267924,257.01620435126586,0.06449887531831158,2.939725248397808,4,HYD500,500,638.9079775950355,0.0,0.0,14,0.0,0.0
Mod-Nom-Real,CH,HYD500,2035-Hlow,3984.8168372371224,11714.266666666666,2.471965425267924,368.1994929937371,0.09240060661082447,2.939725248397808,4,HYD500,500,638.9079775950355,0.0,0.0,14,0.0,0.0
Mod-Nom-Real,CH,HYD500,2040-Hhigh,3984.8168372371224,11714.266666666666,2.471965425267924,277.3881979811415,0.06961127934137845,2.939725248397808,4,HYD500,500,638.9079775950355,0.0,0.0,14,0.0,0.0
Mod-Nom-Real,CH,HYD500,2040-Hlow,3984.8168372371224,11714.266666666666,2.471965425267924,408.13242279998724,0.10242187770993418,2.939725248397808,4,HYD500,500,638.9079775950355,0.0,0.0,14,0.0,0.0
Mod-Nom-Real,CH,HYD500,2045-Hhigh,3984.8168372371224,11714.266666666666,2.471965425267924,313.97159737059883,0.0787919771961944,2.939725248397808,4,HYD500,500,638.9079775950355,0.0,0.0,14,0.0,0.0
Mod-Nom-Real,CH,HYD500,2045-Hlow,3984.8168372371224,11714.266666666666,2.471965425267924,444.2639176923401,0.11148916897278797,2.939725248397808,4,HYD500,500,638.9079775950355,0.0,0.0,14,0.0,0.0
Mod-Nom-Real,CH,HYD1000,2024-Hhigh,4248.825945979613,12532.8,2.7716721448378445,418.96856157371576,0.09860807830223274,2.949708968864439,5,HYD1000,1000,982.2784022313972,0.0,0.0,14,0.0,0.0
Mod-Nom-Real,CH,HYD1000,2024-Hlow,4248.825945979613,12532.8,2.8302644351676056,636.52690739859,0.14981242241774906,2.949708968864439,5,HYD1000,1000,982.2784022313972,0.0,0.0,14,0.0,0.0
Mod-Nom-Real,CH,HYD1000,2025-Hhigh,4248.825945979613,12532.8,2.8302644351676056,330.33584139352394,0.07774755793564554,2.949708968864439,5,HYD1000,1000,982.2784022313972,0.0,0.0,14,0.0,0.0
Mod-Nom-Real,CH,HYD1000,2025-Hlow,4248.825945979613,12532.8,2.8302644351676056,527.7483194868555,0.12421038804525034,2.949708968864439,5,HYD1000,1000,982.2784022313972,0.0,0.0,14,0.0,0.0
Mod-Nom-Real,CH,HYD1000,2030-Hhigh,4248.825945979613,12532.8,2.8302644351676056,266.2046683168389,0.06265370050489619,2.949708968864439,5,HYD1000,1000,982.2784022313972,0.0,0.0,14,0.0,0.0
Mod-Nom-Real,CH,HYD1000,2030-Hlow,4248.825945979613,12532.8,2.8302644351676056,413.6298771242005,0.0973515701474172,2.949708968864439,5,HYD1000,1000,982.2784022313972,0.0,0.0,14,0.0,0.0
Mod-Nom-Real,CH,HYD1000,2035-Hhigh,4248.825945979613,12532.8,2.8302644351676056,273.21489947952364,0.06430362244846699,2.949708968864439,5,HYD1000,1000,982.2784022313972,0.0,0.0,14,0.0,0.0
Mod-Nom-Real,CH,HYD1000,2035-Hlow,4248.825945979613,12532.8,2.8302644351676056,387.6448575857691,0.09123575842229362,2.949708968864439,5,HYD1000,1000,982.2784022313972,0.0,0.0,14,0.0,0.0
Mod-Nom-Real,CH,HYD1000,2040-Hhigh,4248.825945979613,12532.8,2.8302644351676056,294.6612401384031,0.06935121463782762,2.949708968864439,5,HYD1000,1000,982.2784022313972,0.0,0.0,14,0.0,0.0
Mod-Nom-Real,CH,HYD1000,2040-Hlow,4248.825945979613,12532.8,2.8302644351676056,430.15881185010585,0.10124180592926785,2.949708968864439,5,HYD1000,1000,982.2784022313972,0.0,0.0,14,0.0,0.0
Mod-Nom-Real,CH,HYD1000,2045-Hhigh,4248.825945979613,12532.8,2.8302644351676056,333.4598647010782,0.07848282535946419,2.949708968864439,5,HYD1000,1000,982.2784022313972,0.0,0.0,14,0.0,0.0
Mod-Nom-Real,CH,HYD1000,2045-Hlow,4248.825945979613,12532.8,2.8302644351676056,468.2021476508595,0.11019565254111872,2.949708968864439,5,HYD1000,1000,982.2784022313972,0.0,0.0,14,0.0,0.0
Mod-Nom-Real,CH,HYD200,2024-Hhigh,4039.2796426251252,11926.366666666665,2.313115436571918,397.41110888341467,0.09838662931124458,2.9525974237613632,5,HYD200,200,368.40524558176855,65.07152986193043,17.0,14,-622.2293333304136,158.0
Mod-Nom-Real,CH,HYD200,2024-Hlow,4039.2796426251252,11926.366666666665,2.365793379328095,609.7335396002372,0.15095105898733266,2.9525974237613632,5,HYD200,200,368.40524558176855,65.07152986193043,17.0,14,-622.2293333304136,158.0
Mod-Nom-Real,CH,HYD200,2025-Hhigh,4039.2796426251252,11926.366666666665,2.365793379328095,310.82799890881114,0.076951344400311,2.9525974237613632,5,HYD200,200,368.40524558176855,65.07152986193043,17.0,14,-622.2293333304136,158.0
Mod-Nom-Real,CH,HYD200,2025-Hlow,4039.2796426251252,11926.366666666665,2.365793379328095,503.37898281980335,0.12462097882697165,2.9525974237613632,5,HYD200,200,368.40524558176855,65.07152986193043,17.0,14,-622.2293333304136,158.0
Mod-Nom-Real,CH,HYD200,2030-Hhigh,4039.2796426251252,11926.366666666665,2.365793379328095,249.98407099005297,0.061888280363671104,2.9525974237613632,5,HYD200,200,368.40524558176855,65.07152986193043,17.0,14,-622.2293333304136,158.0
Mod-Nom-Real,CH,HYD200,2030-Hlow,4039.2796426251252,11926.366666666665,2.365793379328095,393.81240978448005,0.09749570334985315,2.9525974237613632,5,HYD200,200,368.40524558176855,65.07152986193043,17.0,14,-622.2293333304136,158.0
Mod-Nom-Real,CH,HYD200,2035-Hhigh,4039.2796426251252,11926.366666666665,2.365793379328095,257.98726962987587,0.06386962341191364,2.9525974237613632,5,HYD200,200,368.40524558176855,65.07152986193043,17.0,14,-622.2293333304136,158.0
Mod-Nom-Real,CH,HYD200,2035-Hlow,4039.2796426251252,11926.366666666665,2.365793379328095,369.3541138976639,0.0914405900497696,2.9525974237613632,5,HYD200,200,368.40524558176855,65.07152986193043,17.0,14,-622.2293333304136,158.0
Mod-Nom-Real,CH,HYD200,2040-Hhigh,4039.2796426251252,11926.366666666665,2.365793379328095,278.23064463009604,0.0688812534032118,2.9525974237613632,5,HYD200,200,368.40524558176855,65.07152986193043,17.0,14,-622.2293333304136,158.0
Mod-Nom-Real,CH,HYD200,2040-Hlow,4039.2796426251252,11926.366666666665,2.365793379328095,409.77162991001495,0.10144670985039912,2.9525974237613632,5,HYD200,200,368.40524558176855,65.07152986193043,17.0,14,-622.2293333304136,158.0
Mod-Nom-Real,CH,HYD200,2045-Hhigh,4039.2796426251252,11926.366666666665,2.365793379328095,314.19126413965904,0.07778398425900176,2.9525974237613632,5,HYD200,200,368.40524558176855,65.07152986193043,17.0,14,-622.2293333304136,158.0
Mod-Nom-Real,CH,HYD200,2045-Hlow,4039.2796426251252,11926.366666666665,2.365793379328095,444.68488764257967,0.11009014650780138,2.9525974237613632,5,HYD200,200,368.40524558176855,65.07152986193043,17.0,14,-622.2293333304136,158.0
Mod-Nom-Real,CH,HYD500,2024-Hhigh,4129.837917126445,12192.133333333333,2.5262472917900314,406.7934409856771,0.09850106690596838,2.952206255546382,5,HYD500,500,637.3679076132009,0.0,0.0,14,0.0,0.0
Mod-Nom-Real,CH,HYD500,2024-Hlow,4129.837917126445,12192.133333333333,2.584672517396322,621.2676607352946,0.1504339088366874,2.952206255546382,5,HYD500,500,637.3679076132009,0.0,0.0,14,0.0,0.0
Mod-Nom-Real,CH,HYD500,2025-Hhigh,4129.837917126445,12192.133333333333,2.584672517396322,319.3755143878756,0.07733366800266539,2.952206255546382,5,HYD500,500,637.3679076132009,0.0,0.0,14,0.0,0.0
Mod-Nom-Real,CH,HYD500,2025-Hlow,4129.837917126445,12192.133333333333,2.584672517396322,514.0459744345834,0.12447122253946913,2.952206255546382,5,HYD500,500,637.3679076132009,0.0,0.0,14,0.0,0.0
Mod-Nom-Real,CH,HYD500,2030-Hhigh,4129.837917126445,12192.133333333333,2.584672517396322,257.11227011048175,0.0622572302521212,2.952206255546382,5,HYD500,500,637.3679076132009,0.0,0.0,14,0.0,0.0
Mod-Nom-Real,CH,HYD500,2030-Hlow,4129.837917126445,12192.133333333333,2.584672517396322,402.4847571379934,0.09745776110701304,2.952206255546382,5,HYD500,500,637.3679076132009,0.0,0.0,14,0.0,0.0
Mod-Nom-Real,CH,HYD500,2035-Hhigh,4129.837917126445,12192.133333333333,2.584672517396322,264.6556492819676,0.06408378599664655,2.952206255546382,5,HYD500,500,637.3679076132009,0.0,0.0,14,0.0,0.0
Mod-Nom-Real,CH,HYD500,2035-Hlow,4129.837917126445,12192.133333333333,2.584672517396322,377.32965127759127,0.09136669739817259,2.952206255546382,5,HYD500,500,637.3679076132009,0.0,0.0,14,0.0,0.0
Mod-Nom-Real,CH,HYD500,2040-Hhigh,4129.837917126445,12192.133333333333,2.584672517396322,285.3663373177588,0.06909867724695541,2.952206255546382,5,HYD500,500,637.3679076132009,0.0,0.0,14,0.0,0.0
Mod-Nom-Real,CH,HYD500,2040-Hlow,4129.837917126445,12192.133333333333,2.584672517396322,418.63828422177943,0.10136918024934725,2.952206255546382,5,HYD500,500,637.3679076132009,0.0,0.0,14,0.0,0.0
Mod-Nom-Real,CH,HYD500,2045-Hhigh,4129.837917126445,12192.133333333333,2.584672517396322,322.6363648880007,0.07812325116925949,2.952206255546382,5,HYD500,500,637.3679076132009,0.0,0.0,14,0.0,0.0
Mod-Nom-Real,CH,HYD500,2045-Hlow,4129.837917126445,12192.133333333333,2.584672517396322,454.9531425899189,0.11016246925895747,2.952206255546382,5,HYD500,500,637.3679076132009,0.0,0.0,14,0.0,0.0
Mod-H1-Ideal,AK,HYD1000,2024-Hhigh,1456.4387268468633,4806.848133330027,0.9539928124416158,127.98582833921907,0.0878758755723996,3.3004121936091866,3,HYD1000,1000,876.100433354256,0.0,0.0,5,0.0,0.0
Mod-H1-Ideal,AK,HYD1000,2024-Hlow,1456.4387268468633,4806.848133330027,0.9617522495225495,209.31823372009586,0.14371921719855815,3.3004121936091866,3,HYD1000,1000,876.100433354256,0.0,0.0,5,0.0,0.0
Mod-H1-Ideal,AK,HYD1000,2025-Hhigh,1456.4387268468633,4806.848133330027,0.9617522495225495,99.53039712502485,0.06833819733735351,3.3004121936091866,3,HYD1000,1000,876.100433354256,0.0,0.0,5,0.0,0.0
Mod-H1-Ideal,AK,HYD1000,2025-Hlow,1456.4387268468633,4806.848133330027,0.9617522495225495,173.71633187684733,0.11927472723341877,3.3004121936091866,3,HYD1000,1000,876.100433354256,0.0,0.0,5,0.0,0.0
Mod-H1-Ideal,AK,HYD1000,2030-Hhigh,1456.4387268468633,4806.848133330027,0.9617522495225495,80.73258700467909,0.055431502552436375,3.3004121936091866,3,HYD1000,1000,876.100433354256,0.0,0.0,5,0.0,0.0
Mod-H1-Ideal,AK,HYD1000,2030-Hlow,1456.4387268468633,4806.848133330027,0.9617522495225495,136.27598861032732,0.09356795181171806,3.3004121936091866,3,HYD1000,1000,876.100433354256,0.0,0.0,5,0.0,0.0
Mod-H1-Ideal,AK,HYD1000,2035-Hhigh,1456.4387268468633,4806.848133330027,0.9617522495225495,84.98680568910086,0.058352475886915056,3.3004121936091866,3,HYD1000,1000,876.100433354256,0.0,0.0,5,0.0,0.0
Mod-H1-Ideal,AK,HYD1000,2035-Hlow,1456.4387268468633,4806.848133330027,0.9617522495225495,128.73086628947377,0.0883874233200125,3.3004121936091866,3,HYD1000,1000,876.100433354256,0.0,0.0,5,0.0,0.0
Mod-H1-Ideal,AK,HYD1000,2040-Hhigh,1456.4387268468633,4806.848133330027,0.9617522495225495,93.10453115788972,0.06392615730526312,3.3004121936091866,3,HYD1000,1000,876.100433354256,0.0,0.0,5,0.0,0.0
Mod-H1-Ideal,AK,HYD1000,2040-Hlow,1456.4387268468633,4806.848133330027,0.9617522495225495,144.33342091230665,0.099100235562112,3.3004121936091866,3,HYD1000,1000,876.100433354256,0.0,0.0,5,0.0,0.0
Mod-H1-Ideal,AK,HYD1000,2045-Hhigh,1456.4387268468633,4806.848133330027,0.9617522495225495,104.6819570112603,0.07187529079090949,3.3004121936091866,3,HYD1000,1000,876.100433354256,0.0,0.0,5,0.0,0.0
Mod-H1-Ideal,AK,HYD1000,2045-Hlow,1456.4387268468633,4806.848133330027,0.9617522495225495,155.29563538705472,0.10662696104165267,3.3004121936091866,3,HYD1000,1000,876.100433354256,0.0,0.0,5,0.0,0.0
Mod-H1-Ideal,AK,HYD200,2024-Hhigh,1391.705638588127,4261.758333333333,0.8809045052679403,122.23169681394025,0.08782869985203424,3.0622555626467456,3,HYD200,200,326.0503188622573,437.7886419279535,96.0,8.5,-1000.0417846416026,176.0
Mod-H1-Ideal,AK,HYD200,2024-Hlow,1391.705638588127,4261.758333333333,0.8864663402684495,207.23943549048792,0.1489103943709896,3.0622555626467456,3,HYD200,200,326.0503188622573,437.7886419279535,96.0,8.5,-1000.0417846416026,176.0
Mod-H1-Ideal,AK,HYD200,2025-Hhigh,1391.705638588127,4261.758333333333,0.8864663402684495,94.68768276212808,0.06803714818471807,3.0622555626467456,3,HYD200,200,326.0503188622573,437.7886419279535,96.0,8.5,-1000.0417846416026,176.0
Mod-H1-Ideal,AK,HYD200,2025-Hlow,1391.705638588127,4261.758333333333,0.8864663402684495,171.3438316374002,0.12311786838143948,3.0622555626467456,3,HYD200,200,326.0503188622573,437.7886419279535,96.0,8.5,-1000.0417846416026,176.0
Mod-H1-Ideal,AK,HYD200,2030-Hhigh,1391.705638588127,4261.758333333333,0.8864663402684495,76.86960408661903,0.05523409689178422,3.0622555626467456,3,HYD200,200,326.0503188622573,437.7886419279535,96.0,8.5,-1000.0417846416026,176.0
Mod-H1-Ideal,AK,HYD200,2030-Hlow,1391.705638588127,4261.758333333333,0.8864663402684495,133.84700917415918,0.09617479836464972,3.0622555626467456,3,HYD200,200,326.0503188622573,437.7886419279535,96.0,8.5,-1000.0417846416026,176.0
Mod-H1-Ideal,AK,HYD200,2035-Hhigh,1391.705638588127,4261.758333333333,0.8864663402684495,81.60651046549971,0.058637766638848135,3.0622555626467456,3,HYD200,200,326.0503188622573,437.7886419279535,96.0,8.5,-1000.0417846416026,176.0
Mod-H1-Ideal,AK,HYD200,2035-Hlow,1391.705638588127,4261.758333333333,0.8864663402684495,127.02923079293996,0.09127593312175554,3.0622555626467456,3,HYD200,200,326.0503188622573,437.7886419279535,96.0,8.5,-1000.0417846416026,176.0
Mod-H1-Ideal,AK,HYD200,2040-Hhigh,1391.705638588127,4261.758333333333,0.8864663402684495,89.69096805649066,0.06444679504746517,3.0622555626467456,3,HYD200,200,326.0503188622573,437.7886419279535,96.0,8.5,-1000.0417846416026,176.0
Mod-H1-Ideal,AK,HYD200,2040-Hlow,1391.705638588127,4261.758333333333,0.8864663402684495,142.53937095386743,0.10242063192218749,3.0622555626467456,3,HYD200,200,326.0503188622573,437.7886419279535,96.0,8.5,-1000.0417846416026,176.0
Mod-H1-Ideal,AK,HYD200,2045-Hhigh,1391.705638588127,4261.758333333333,0.8864663402684495,100.71033515195813,0.07236468140930138,3.0622555626467456,3,HYD200,200,326.0503188622573,437.7886419279535,96.0,8.5,-1000.0417846416026,176.0
Mod-H1-Ideal,AK,HYD200,2045-Hlow,1391.705638588127,4261.758333333333,0.8864663402684495,152.6484736005433,0.10968445436163055,3.0622555626467456,3,HYD200,200,326.0503188622573,437.7886419279535,96.0,8.5,-1000.0417846416026,176.0
Mod-H1-Ideal,AK,HYD500,2024-Hhigh,1395.0773867800785,4499.6,0.9514296963815995,122.81924789876823,0.0880375877801606,3.2253407894348745,3,HYD500,500,565.6551714701208,0.0,0.0,6,0.0,0.0
Mod-H1-Ideal,AK,HYD500,2024-Hlow,1395.0773867800785,4499.6,0.9548618909812656,205.76871927878244,0.1474962759977845,3.2253407894348745,3,HYD500,500,565.6551714701208,0.0,0.0,6,0.0,0.0
Mod-H1-Ideal,AK,HYD500,2025-Hhigh,1395.0773867800785,4499.6,0.9548618909812656,95.62286325527315,0.06854305299577423,3.2253407894348745,3,HYD500,500,565.6551714701208,0.0,0.0,6,0.0,0.0
Mod-H1-Ideal,AK,HYD500,2025-Hlow,1395.0773867800785,4499.6,0.9548618909812656,170.7883003967319,0.12242209788155296,3.2253407894348745,3,HYD500,500,565.6551714701208,0.0,0.0,6,0.0,0.0
Mod-H1-Ideal,AK,HYD500,2030-Hhigh,1395.0773867800785,4499.6,0.9548618909812656,77.66581420594456,0.05567133045228542,3.2253407894348745,3,HYD500,500,565.6551714701208,0.0,0.0,6,0.0,0.0
Mod-H1-Ideal,AK,HYD500,2030-Hlow,1395.0773867800785,4499.6,0.9548618909812656,133.68106013209575,0.09582340119542729,3.2253407894348745,3,HYD500,500,565.6551714701208,0.0,0.0,6,0.0,0.0
Mod-H1-Ideal,AK,HYD500,2035-Hhigh,1395.0773867800785,4499.6,0.9548618909812656,82.08984035619885,0.058842499444182864,3.2253407894348745,3,HYD500,500,565.6551714701208,0.0,0.0,6,0.0,0.0
Mod-H1-Ideal,AK,HYD500,2035-Hlow,1395.0773867800785,4499.6,0.9548618909812656,126.65209504134732,0.0907849960450351,3.2253407894348745,3,HYD500,500,565.6551714701208,0.0,0.0,6,0.0,0.0
Mod-H1-Ideal,AK,HYD500,2040-Hhigh,1395.0773867800785,4499.6,0.9548618909812656,90.24266708385002,0.06468649548691736,3.2253407894348745,3,HYD500,500,565.6551714701208,0.0,0.0,6,0.0,0.0
Mod-H1-Ideal,AK,HYD500,2040-Hlow,1395.0773867800785,4499.6,0.9548618909812656,142.14110448696945,0.10188761271160704,3.2253407894348745,3,HYD500,500,565.6551714701208,0.0,0.0,6,0.0,0.0
Mod-H1-Ideal,AK,HYD500,2045-Hhigh,1395.0773867800785,4499.6,0.9548618909812656,101.54066932786436,0.07278497256860156,3.2253407894348745,3,HYD500,500,565.6551714701208,0.0,0.0,6,0.0,0.0
Mod-H1-Ideal,AK,HYD500,2045-Hlow,1395.0773867800785,4499.6,0.9548618909812656,152.5811916977486,0.10937113105238919,3.2253407894348745,3,HYD500,500,565.6551714701208,0.0,0.0,6,0.0,0.0
Mod-H1-Ideal,AK,HYD1000,2024-Hhigh,1594.2718366654121,5277.732155551999,0.9405952879752237,140.84036276496522,0.08834149831031808,3.3104342899206785,4,HYD1000,1000,867.7591510995517,0.0,0.0,5,0.0,0.0
Mod-H1-Ideal,AK,HYD1000,2024-Hlow,1594.2718366654121,5277.732155551999,0.9493398884173713,222.54468314966476,0.13959017404154894,3.3104342899206785,4,HYD1000,1000,867.7591510995517,0.0,0.0,5,0.0,0.0
Mod-H1-Ideal,AK,HYD1000,2025-Hhigh,1594.2718366654121,5277.732155551999,0.9493398884173713,108.04668236610885,0.06777180646438559,3.3104342899206785,4,HYD1000,1000,867.7591510995517,0.0,0.0,5,0.0,0.0
Mod-H1-Ideal,AK,HYD1000,2025-Hlow,1594.2718366654121,5277.732155551999,0.9493398884173713,183.47218600094664,0.115082121995392,3.3104342899206785,4,HYD1000,1000,867.7591510995517,0.0,0.0,5,0.0,0.0
Mod-H1-Ideal,AK,HYD1000,2030-Hhigh,1594.2718366654121,5277.732155551999,0.9493398884173713,87.01977947120359,0.05458277407271689,3.3104342899206785,4,HYD1000,1000,867.7591510995517,0.0,0.0,5,0.0,0.0
Mod-H1-Ideal,AK,HYD1000,2030-Hlow,1594.2718366654121,5277.732155551999,0.9493398884173713,143.84150065307378,0.09022394885550601,3.3104342899206785,4,HYD1000,1000,867.7591510995517,0.0,0.0,5,0.0,0.0
Mod-H1-Ideal,AK,HYD1000,2035-Hhigh,1594.2718366654121,5277.732155551999,0.9493398884173713,91.53925880348564,0.05741759761305805,3.3104342899206785,4,HYD1000,1000,867.7591510995517,0.0,0.0,5,0.0,0.0
Mod-H1-Ideal,AK,HYD1000,2035-Hlow,1594.2718366654121,5277.732155551999,0.9493398884173713,136.12874125281567,0.08538615443244818,3.3104342899206785,4,HYD1000,1000,867.7591510995517,0.0,0.0,5,0.0,0.0
Mod-H1-Ideal,AK,HYD1000,2040-Hhigh,1594.2718366654121,5277.732155551999,0.9493398884173713,99.73652577540524,0.06255929728020204,3.3104342899206785,4,HYD1000,1000,867.7591510995517,0.0,0.0,5,0.0,0.0
Mod-H1-Ideal,AK,HYD1000,2040-Hlow,1594.2718366654121,5277.732155551999,0.9493398884173713,151.48421016587946,0.09501780479464825,3.3104342899206785,4,HYD1000,1000,867.7591510995517,0.0,0.0,5,0.0,0.0
Mod-H1-Ideal,AK,HYD1000,2045-Hhigh,1594.2718366654121,5277.732155551999,0.9493398884173713,111.82748251584496,0.07014329673523177,3.3104342899206785,4,HYD1000,1000,867.7591510995517,0.0,0.0,5,0.0,0.0
Mod-H1-Ideal,AK,HYD1000,2045-Hlow,1594.2718366654121,5277.732155551999,0.9493398884173713,163.57169589406845,0.10259962707250472,3.3104342899206785,4,HYD1000,1000,867.7591510995517,0.0,0.0,5,0.0,0.0
Mod-H1-Ideal,AK,HYD200,2024-Hhigh,1533.3306016583285,4738.466666666666,0.8587268642369422,135.3622896613363,0.0882799114000198,3.0903098532970756,4,HYD200,200,324.21114919309895,1081.6685679602508,166.0,8.5,-646.8441378100058,130.0
Mod-H1-Ideal,AK,HYD200,2024-Hlow,1533.3306016583285,4738.466666666666,0.8659825471817179,220.838564974735,0.14402540765565727,3.0903098532970756,4,HYD200,200,324.21114919309895,1081.6685679602508,166.0,8.5,-646.8441378100058,130.0
Mod-H1-Ideal,AK,HYD200,2025-Hhigh,1533.3306016583285,4738.466666666666,0.8659825471817179,103.08107672753458,0.06722690893669654,3.0903098532970756,4,HYD200,200,324.21114919309895,1081.6685679602508,166.0,8.5,-646.8441378100058,130.0
Mod-H1-Ideal,AK,HYD200,2025-Hlow,1533.3306016583285,4738.466666666666,0.8659825471817179,181.22528989580115,0.11819061701357965,3.0903098532970756,4,HYD200,200,324.21114919309895,1081.6685679602508,166.0,8.5,-646.8441378100058,130.0
Mod-H1-Ideal,AK,HYD200,2030-Hhigh,1533.3306016583285,4738.466666666666,0.8659825471817179,82.8569090553671,0.0540372108700861,3.0903098532970756,4,HYD200,200,324.21114919309895,1081.6685679602508,166.0,8.5,-646.8441378100058,130.0
Mod-H1-Ideal,AK,HYD200,2030-Hlow,1533.3306016583285,4738.466666666666,0.8659825471817179,141.3665706587042,0.09219575380926551,3.0903098532970756,4,HYD200,200,324.21114919309895,1081.6685679602508,166.0,8.5,-646.8441378100058,130.0
Mod-H1-Ideal,AK,HYD200,2035-Hhigh,1533.3306016583285,4738.466666666666,0.8659825471817179,88.09591429404772,0.057453959504082275,3.0903098532970756,4,HYD200,200,324.21114919309895,1081.6685679602508,166.0,8.5,-646.8441378100058,130.0
Mod-H1-Ideal,AK,HYD200,2035-Hlow,1533.3306016583285,4738.466666666666,0.8659825471817179,134.34947605703292,0.08761937961176226,3.0903098532970756,4,HYD200,200,324.21114919309895,1081.6685679602508,166.0,8.5,-646.8441378100058,130.0
Mod-H1-Ideal,AK,HYD200,2040-Hhigh,1533.3306016583285,4738.466666666666,0.8659825471817179,96.1255634291067,0.06269069653024921,3.0903098532970756,4,HYD200,200,324.21114919309895,1081.6685679602508,166.0,8.5,-646.8441378100058,130.0
Mod-H1-Ideal,AK,HYD200,2040-Hlow,1533.3306016583285,4738.466666666666,0.8659825471817179,149.28714338387476,0.09736135391964242,3.0903098532970756,4,HYD200,200,324.21114919309895,1081.6685679602508,166.0,8.5,-646.8441378100058,130.0
Mod-H1-Ideal,AK,HYD200,2045-Hhigh,1533.3306016583285,4738.466666666666,0.8659825471817179,107.47291547882881,0.07009115670331932,3.0903098532970756,4,HYD200,200,324.21114919309895,1081.6685679602508,166.0,8.5,-646.8441378100058,130.0
Mod-H1-Ideal,AK,HYD200,2045-Hlow,1533.3306016583285,4738.466666666666,0.8659825471817179,160.74397969348533,0.10483321699810688,3.0903098532970756,4,HYD200,200,324.21114919309895,1081.6685679602508,166.0,8.5,-646.8441378100058,130.0
Mod-H1-Ideal,AK,HYD500,2024-Hhigh,1528.6103447711398,4973.8,0.9457582552498871,135.2490525147394,0.08847843597119485,3.2538050112075267,4,HYD500,500,560.516451018305,0.0,0.0,6,0.0,0.0
Mod-H1-Ideal,AK,HYD500,2024-Hlow,1528.6103447711398,4973.8,0.9525978370650363,218.73782550105707,0.14309586890425371,3.2538050112075267,4,HYD500,500,560.516451018305,0.0,0.0,6,0.0,0.0
Mod-H1-Ideal,AK,HYD500,2025-Hhigh,1528.6103447711398,4973.8,0.9525978370650363,103.73026136704755,0.06785919101089023,3.2538050112075267,4,HYD500,500,560.516451018305,0.0,0.0,6,0.0,0.0
Mod-H1-Ideal,AK,HYD500,2025-Hlow,1528.6103447711398,4973.8,0.9525978370650363,180.34322176505194,0.11797854331023289,3.2538050112075267,4,HYD500,500,560.516451018305,0.0,0.0,6,0.0,0.0
Mod-H1-Ideal,AK,HYD500,2030-Hhigh,1528.6103447711398,4973.8,0.9525978370650363,83.56619780813442,0.054668083396129157,3.2538050112075267,4,HYD500,500,560.516451018305,0.0,0.0,6,0.0,0.0
Mod-H1-Ideal,AK,HYD500,2030-Hlow,1528.6103447711398,4973.8,0.9525978370650363,141.03335148350757,0.09226246045366308,3.2538050112075267,4,HYD500,500,560.516451018305,0.0,0.0,6,0.0,0.0
Mod-H1-Ideal,AK,HYD500,2035-Hhigh,1528.6103447711398,4973.8,0.9525978370650363,88.44910286488351,0.0578624259396373,3.2538050112075267,4,HYD500,500,560.516451018305,0.0,0.0,6,0.0,0.0
Mod-H1-Ideal,AK,HYD500,2035-Hlow,1528.6103447711398,4973.8,0.9525978370650363,133.87384083864845,0.08757878768555093,3.2538050112075267,4,HYD500,500,560.516451018305,0.0,0.0,6,0.0,0.0
Mod-H1-Ideal,AK,HYD500,2040-Hhigh,1528.6103447711398,4973.8,0.9525978370650363,96.62899030736713,0.06321361793599153,3.2538050112075267,4,HYD500,500,560.516451018305,0.0,0.0,6,0.0,0.0
Mod-H1-Ideal,AK,HYD500,2040-Hlow,1528.6103447711398,4973.8,0.9525978370650363,149.00801707708953,0.09747939858368464,3.2538050112075267,4,HYD500,500,560.516451018305,0.0,0.0,6,0.0,0.0
Mod-H1-Ideal,AK,HYD500,2045-Hhigh,1528.6103447711398,4973.8,0.9525978370650363,108.3475568676414,0.07087977471712253,3.2538050112075267,4,HYD500,500,560.516451018305,0.0,0.0,6,0.0,0.0
Mod-H1-Ideal,AK,HYD500,2045-Hlow,1528.6103447711398,4973.8,0.9525978370650363,160.71800065748252,0.10513994047419904,3.2538050112075267,4,HYD500,500,560.516451018305,0.0,0.0,6,0.0,0.0
Mod-H1-Ideal,AK,HYD1000,2024-Hhigh,1734.6270990451815,5750.801622217173,1.0148102547135651,153.3233712347254,0.08838981664654129,3.315295619088782,5,HYD1000,1000,862.5129576488948,0.0,0.0,5,0.0,0.0
Mod-H1-Ideal,AK,HYD1000,2024-Hlow,1734.6270990451815,5750.801622217173,1.0390474893665027,237.70127556671397,0.13703306935395837,3.315295619088782,5,HYD1000,1000,862.5129576488948,0.0,0.0,5,0.0,0.0
Mod-H1-Ideal,AK,HYD1000,2025-Hhigh,1734.6270990451815,5750.801622217173,1.0390474893665027,117.48758790070356,0.06773074625974317,3.315295619088782,5,HYD1000,1000,862.5129576488948,0.0,0.0,5,0.0,0.0
Mod-H1-Ideal,AK,HYD1000,2025-Hlow,1734.6270990451815,5750.801622217173,1.0390474893665027,194.7473440672738,0.11227043793704808,3.315295619088782,5,HYD1000,1000,862.5129576488948,0.0,0.0,5,0.0,0.0
Mod-H1-Ideal,AK,HYD1000,2030-Hhigh,1734.6270990451815,5750.801622217173,1.0390474893665027,94.69167127500604,0.054589064893041675,3.315295619088782,5,HYD1000,1000,862.5129576488948,0.0,0.0,5,0.0,0.0
Mod-H1-Ideal,AK,HYD1000,2030-Hlow,1734.6270990451815,5750.801622217173,1.0390474893665027,152.55570785810352,0.08794726425182518,3.315295619088782,5,HYD1000,1000,862.5129576488948,0.0,0.0,5,0.0,0.0
Mod-H1-Ideal,AK,HYD1000,2035-Hhigh,1734.6270990451815,5750.801622217173,1.0390474893665027,99.13288935499162,0.05714939505416405,3.315295619088782,5,HYD1000,1000,862.5129576488948,0.0,0.0,5,0.0,0.0
Mod-H1-Ideal,AK,HYD1000,2035-Hlow,1734.6270990451815,5750.801622217173,1.0390474893665027,144.88474504842358,0.08352500957016917,3.315295619088782,5,HYD1000,1000,862.5129576488948,0.0,0.0,5,0.0,0.0
Mod-H1-Ideal,AK,HYD1000,2040-Hhigh,1734.6270990451815,5750.801622217173,1.0390474893665027,107.62576192567786,0.06204547477951891,3.315295619088782,5,HYD1000,1000,862.5129576488948,0.0,0.0,5,0.0,0.0
Mod-H1-Ideal,AK,HYD1000,2040-Hlow,1734.6270990451815,5750.801622217173,1.0390474893665027,161.6657441460031,0.0931991344047325,3.315295619088782,5,HYD1000,1000,862.5129576488948,0.0,0.0,5,0.0,0.0
Mod-H1-Ideal,AK,HYD1000,2045-Hhigh,1734.6270990451815,5750.801622217173,1.0390474893665027,120.3623187530751,0.06938800784291221,3.315295619088782,5,HYD1000,1000,862.5129576488948,0.0,0.0,5,0.0,0.0
Mod-H1-Ideal,AK,HYD1000,2045-Hlow,1734.6270990451815,5750.801622217173,1.0390474893665027,174.1656041486576,0.10040521345742054,3.315295619088782,5,HYD1000,1000,862.5129576488948,0.0,0.0,5,0.0,0.0
Mod-H1-Ideal,AK,HYD200,2024-Hhigh,1681.1537787846055,5216.45,0.9211064250414959,148.22924945894417,0.08817114253885025,3.102898774537595,5,HYD200,200,323.0321681106048,1397.7345321755793,220.0,8.5,-1349.6369069159127,278.0
Mod-H1-Ideal,AK,HYD200,2024-Hlow,1681.1537787846055,5216.45,0.9418730869467316,237.20319428656626,0.14109547697537397,3.102898774537595,5,HYD200,200,323.0321681106048,1397.7345321755793,220.0,8.5,-1349.6369069159127,278.0
Mod-H1-Ideal,AK,HYD200,2025-Hhigh,1681.1537787846055,5216.45,0.9418730869467316,112.52016739437349,0.06693032417041601,3.102898774537595,5,HYD200,200,323.0321681106048,1397.7345321755793,220.0,8.5,-1349.6369069159127,278.0
Mod-H1-Ideal,AK,HYD200,2025-Hlow,1681.1537787846055,5216.45,0.9418730869467316,193.17793806447355,0.11490795220656855,3.102898774537595,5,HYD200,200,323.0321681106048,1397.7345321755793,220.0,8.5,-1349.6369069159127,278.0
Mod-H1-Ideal,AK,HYD200,2030-Hhigh,1681.1537787846055,5216.45,0.9418730869467316,90.52704953893615,0.05384816706320758,3.102898774537595,5,HYD200,200,323.0321681106048,1397.7345321755793,220.0,8.5,-1349.6369069159127,278.0
Mod-H1-Ideal,AK,HYD200,2030-Hlow,1681.1537787846055,5216.45,0.9418730869467316,150.38071483848645,0.08945089779187516,3.102898774537595,5,HYD200,200,323.0321681106048,1397.7345321755793,220.0,8.5,-1349.6369069159127,278.0
Mod-H1-Ideal,AK,HYD200,2035-Hhigh,1681.1537787846055,5216.45,0.9418730869467316,95.5998381283634,0.056865611780902964,3.102898774537595,5,HYD200,200,323.0321681106048,1397.7345321755793,220.0,8.5,-1349.6369069159127,278.0
Mod-H1-Ideal,AK,HYD200,2035-Hlow,1681.1537787846055,5216.45,0.9418730869467316,143.42577915845996,0.08531389630646995,3.102898774537595,5,HYD200,200,323.0321681106048,1397.7345321755793,220.0,8.5,-1349.6369069159127,278.0
Mod-H1-Ideal,AK,HYD200,2040-Hhigh,1681.1537787846055,5216.45,0.9418730869467316,104.1536805473101,0.06195369029394103,3.102898774537595,5,HYD200,200,323.0321681106048,1397.7345321755793,220.0,8.5,-1349.6369069159127,278.0
Mod-H1-Ideal,AK,HYD200,2040-Hlow,1681.1537787846055,5216.45,0.9418730869467316,159.8632477365768,0.0950913888746991,3.102898774537595,5,HYD200,200,323.0321681106048,1397.7345321755793,220.0,8.5,-1349.6369069159127,278.0
Mod-H1-Ideal,AK,HYD200,2045-Hhigh,1681.1537787846055,5216.45,0.9418730869467316,116.09756410817413,0.0690582655633723,3.102898774537595,5,HYD200,200,323.0321681106048,1397.7345321755793,220.0,8.5,-1349.6369069159127,278.0
Mod-H1-Ideal,AK,HYD200,2045-Hlow,1681.1537787846055,5216.45,0.9418730869467316,171.49597922760384,0.10201088168840051,3.102898774537595,5,HYD200,200,323.0321681106048,1397.7345321755793,220.0,8.5,-1349.6369069159127,278.0
Mod-H1-Ideal,AK,HYD500,2024-Hhigh,1668.6800604010562,5449.8,0.9971461684520504,147.54295840775464,0.08841896173451828,3.2659346326042735,5,HYD500,500,557.8658070968511,0.0,0.0,6,0.0,0.0
Mod-H1-Ideal,AK,HYD500,2024-Hlow,1668.6800604010562,5449.8,1.0225413933577685,234.23360413282927,0.14037058972019645,3.2659346326042735,5,HYD500,500,557.8658070968511,0.0,0.0,6,0.0,0.0
Mod-H1-Ideal,AK,HYD500,2025-Hhigh,1668.6800604010562,5449.8,1.0225413933577685,112.7900366878094,0.06759236798257244,3.2659346326042735,5,HYD500,500,557.8658070968511,0.0,0.0,6,0.0,0.0
Mod-H1-Ideal,AK,HYD500,2025-Hlow,1668.6800604010562,5449.8,1.0225413933577685,191.75715321676154,0.11491546987783505,3.2659346326042735,5,HYD500,500,557.8658070968511,0.0,0.0,6,0.0,0.0
Mod-H1-Ideal,AK,HYD500,2030-Hhigh,1668.6800604010562,5449.8,1.0225413933577685,90.93114160592687,0.054492855619112615,3.2659346326042735,5,HYD500,500,557.8658070968511,0.0,0.0,6,0.0,0.0
Mod-H1-Ideal,AK,HYD500,2030-Hlow,1668.6800604010562,5449.8,1.0225413933577685,149.69641920746338,0.08970947922244893,3.2659346326042735,5,HYD500,500,557.8658070968511,0.0,0.0,6,0.0,0.0
Mod-H1-Ideal,AK,HYD500,2035-Hhigh,1668.6800604010562,5449.8,1.0225413933577685,95.74006210602018,0.05737472651468592,3.2659346326042735,5,HYD500,500,557.8658070968511,0.0,0.0,6,0.0,0.0
Mod-H1-Ideal,AK,HYD500,2035-Hlow,1668.6800604010562,5449.8,1.0225413933577685,142.61479659818906,0.08546563237767253,3.2659346326042735,5,HYD500,500,557.8658070968511,0.0,0.0,6,0.0,0.0
Mod-H1-Ideal,AK,HYD500,2040-Hhigh,1668.6800604010562,5449.8,1.0225413933577685,104.32807796923775,0.06252131876266515,3.2659346326042735,5,HYD500,500,557.8658070968511,0.0,0.0,6,0.0,0.0
Mod-H1-Ideal,AK,HYD500,2040-Hlow,1668.6800604010562,5449.8,1.0225413933577685,159.0245616299139,0.09529961159342518,3.2659346326042735,5,HYD500,500,557.8658070968511,0.0,0.0,6,0.0,0.0
Mod-H1-Ideal,AK,HYD500,2045-Hhigh,1668.6800604010562,5449.8,1.0225413933577685,116.60833434656621,0.06988058233196612,3.2659346326042735,5,HYD500,500,557.8658070968511,0.0,0.0,6,0.0,0.0
Mod-H1-Ideal,AK,HYD500,2045-Hlow,1668.6800604010562,5449.8,1.0225413933577685,170.94701547622435,0.10244445267425223,3.2659346326042735,5,HYD500,500,557.8658070968511,0.0,0.0,6,0.0,0.0
Mod-H1-Ideal,CH,HYD1000,2024-Hhigh,4061.001338375248,11121.093899228623,2.106782114996135,386.2069062903269,0.09510139842624211,2.7385102767974026,3,HYD1000,1000,989.9083118792829,0.0,0.0,8.5,0.0,0.0
Mod-H1-Ideal,CH,HYD1000,2024-Hlow,4061.001338375248,11121.093899228623,2.1376991152393616,627.7183449327395,0.15457230683501352,2.7385102767974026,3,HYD1000,1000,989.9083118792829,0.0,0.0,8.5,0.0,0.0
Mod-H1-Ideal,CH,HYD1000,2025-Hhigh,4061.001338375248,11121.093899228623,2.1376991152393616,301.09086841285216,0.0741420263932527,2.7385102767974026,3,HYD1000,1000,989.9083118792829,0.0,0.0,8.5,0.0,0.0
Mod-H1-Ideal,CH,HYD1000,2025-Hlow,4061.001338375248,11121.093899228623,2.1376991152393616,515.8135187673624,0.12701633803788218,2.7385102767974026,3,HYD1000,1000,989.9083118792829,0.0,0.0,8.5,0.0,0.0
Mod-H1-Ideal,CH,HYD1000,2030-Hhigh,4061.001338375248,11121.093899228623,2.1376991152393616,243.8302673425213,0.06004190765425221,2.7385102767974026,3,HYD1000,1000,989.9083118792829,0.0,0.0,8.5,0.0,0.0
Mod-H1-Ideal,CH,HYD1000,2030-Hlow,4061.001338375248,11121.093899228623,2.1376991152393616,402.5682327155652,0.09913028811673018,2.7385102767974026,3,HYD1000,1000,989.9083118792829,0.0,0.0,8.5,0.0,0.0
Mod-H1-Ideal,CH,HYD1000,2035-Hhigh,4061.001338375248,11121.093899228623,2.1376991152393616,257.39783425156224,0.06338284890951149,2.7385102767974026,3,HYD1000,1000,989.9083118792829,0.0,0.0,8.5,0.0,0.0
Mod-H1-Ideal,CH,HYD1000,2035-Hlow,4061.001338375248,11121.093899228623,2.1376991152393616,381.53791265647453,0.09395168355426416,2.7385102767974026,3,HYD1000,1000,989.9083118792829,0.0,0.0,8.5,0.0,0.0
Mod-H1-Ideal,CH,HYD1000,2040-Hhigh,4061.001338375248,11121.093899228623,2.1376991152393616,282.2192622161289,0.0694949936483008,2.7385102767974026,3,HYD1000,1000,989.9083118792829,0.0,0.0,8.5,0.0,0.0
Mod-H1-Ideal,CH,HYD1000,2040-Hlow,4061.001338375248,11121.093899228623,2.1376991152393616,420.82955749942425,0.1036270423067116,2.7385102767974026,3,HYD1000,1000,989.9083118792829,0.0,0.0,8.5,0.0,0.0
Mod-H1-Ideal,CH,HYD1000,2045-Hhigh,4061.001338375248,11121.093899228623,2.1376991152393616,314.12950340758823,0.07735272097528223,2.7385102767974026,3,HYD1000,1000,989.9083118792829,0.0,0.0,8.5,0.0,0.0
Mod-H1-Ideal,CH,HYD1000,2045-Hlow,4061.001338375248,11121.093899228623,2.1376991152393616,451.5647123615887,0.11119541086934329,2.7385102767974026,3,HYD1000,1000,989.9083118792829,0.0,0.0,8.5,0.0,0.0
Mod-H1-Ideal,CH,HYD200,2024-Hhigh,3652.650684572037,10507.7824,1.770098947759875,355.2201457345216,0.09724996349497379,2.8767553504041534,3,HYD200,200,370.4514428838455,204.91842418743096,50.0,11.2,-1325.4079978301681,209.0
Mod-H1-Ideal,CH,HYD200,2024-Hlow,3652.650684572037,10507.7824,1.7957151587495002,587.3168846762928,0.16079196599800397,2.8767553504041534,3,HYD200,200,370.4514428838455,204.91842418743096,50.0,11.2,-1325.4079978301681,209.0
Mod-H1-Ideal,CH,HYD200,2025-Hhigh,3652.650684572037,10507.7824,1.7957151587495002,276.9911664241442,0.07583291980097952,2.8767553504041534,3,HYD200,200,370.4514428838455,204.91842418743096,50.0,11.2,-1325.4079978301681,209.0
Mod-H1-Ideal,CH,HYD200,2025-Hlow,3652.650684572037,10507.7824,1.7957151587495002,483.91093439618066,0.13248212768883433,2.8767553504041534,3,HYD200,200,370.4514428838455,204.91842418743096,50.0,11.2,-1325.4079978301681,209.0
Mod-H1-Ideal,CH,HYD200,2030-Hhigh,3652.650684572037,10507.7824,1.7957151587495002,224.3071307690578,0.06140941199673978,2.8767553504041534,3,HYD200,200,370.4514428838455,204.91842418743096,50.0,11.2,-1325.4079978301681,209.0
Mod-H1-Ideal,CH,HYD200,2030-Hlow,3652.650684572037,10507.7824,1.7957151587495002,376.96669824523826,0.10320359946749345,2.8767553504041534,3,HYD200,200,370.4514428838455,204.91842418743096,50.0,11.2,-1325.4079978301681,209.0
Mod-H1-Ideal,CH,HYD200,2035-Hhigh,3652.650684572037,10507.7824,1.7957151587495002,237.4188978564186,0.06499907008880479,2.8767553504041534,3,HYD200,200,370.4514428838455,204.91842418743096,50.0,11.2,-1325.4079978301681,209.0
Mod-H1-Ideal,CH,HYD200,2035-Hlow,3652.650684572037,10507.7824,1.7957151587495002,354.2895651338287,0.0969951949224893,2.8767553504041534,3,HYD200,200,370.4514428838455,204.91842418743096,50.0,11.2,-1325.4079978301681,209.0
Mod-H1-Ideal,CH,HYD200,2040-Hhigh,3652.650684572037,10507.7824,1.7957151587495002,260.07743072773184,0.07120238237569214,2.8767553504041534,3,HYD200,200,370.4514428838455,204.91842418743096,50.0,11.2,-1325.4079978301681,209.0
Mod-H1-Ideal,CH,HYD200,2040-Hlow,3652.650684572037,10507.7824,1.7957151587495002,392.4921907526925,0.1074540723016548,2.8767553504041534,3,HYD200,200,370.4514428838455,204.91842418743096,50.0,11.2,-1325.4079978301681,209.0
Mod-H1-Ideal,CH,HYD200,2045-Hhigh,3652.650684572037,10507.7824,1.7957151587495002,289.42954570931033,0.07923822196625445,2.8767553504041534,3,HYD200,200,370.4514428838455,204.91842418743096,50.0,11.2,-1325.4079978301681,209.0
Mod-H1-Ideal,CH,HYD200,2045-Hlow,3652.650684572037,10507.7824,1.7957151587495002,420.91944595711004,0.11523670953123925,2.8767553504041534,3,HYD200,200,370.4514428838455,204.91842418743096,50.0,11.2,-1325.4079978301681,209.0
Mod-H1-Ideal,CH,HYD500,2024-Hhigh,3937.640371867837,10775.987061080468,1.9632861435495308,374.5838398061148,0.09512901241116371,2.736661056725409,3,HYD500,500,641.1009503885581,0.0,0.0,8.5,0.0,0.0
Mod-H1-Ideal,CH,HYD500,2024-Hlow,3937.640371867837,10775.987061080468,1.9959624682122024,612.47840286951,0.15554452540798644,2.736661056725409,3,HYD500,500,641.1009503885581,0.0,0.0,8.5,0.0,0.0
Mod-H1-Ideal,CH,HYD500,2025-Hhigh,3937.640371867837,10775.987061080468,1.9959624682122024,291.5977916156791,0.07405394197473611,2.736661056725409,3,HYD500,500,641.1009503885581,0.0,0.0,8.5,0.0,0.0
Mod-H1-Ideal,CH,HYD500,2025-Hlow,3937.640371867837,10775.987061080468,1.9959624682122024,502.9217042562429,0.12772159383810863,2.736661056725409,3,HYD500,500,641.1009503885581,0.0,0.0,8.5,0.0,0.0
Mod-H1-Ideal,CH,HYD500,2030-Hhigh,3937.640371867837,10775.987061080468,1.9959624682122024,236.1852890011698,0.05998142712284674,2.736661056725409,3,HYD500,500,641.1009503885581,0.0,0.0,8.5,0.0,0.0
Mod-H1-Ideal,CH,HYD500,2030-Hlow,3937.640371867837,10775.987061080468,1.9959624682122024,392.2487493136297,0.09961517870347432,2.736661056725409,3,HYD500,500,641.1009503885581,0.0,0.0,8.5,0.0,0.0
Mod-H1-Ideal,CH,HYD500,2035-Hhigh,3937.640371867837,10775.987061080468,1.9959624682122024,249.78280494207658,0.06343464139758172,2.736661056725409,3,HYD500,500,641.1009503885581,0.0,0.0,8.5,0.0,0.0
Mod-H1-Ideal,CH,HYD500,2035-Hlow,3937.640371867837,10775.987061080468,1.9959624682122024,371.78277616701394,0.0944176565293232,2.736661056725409,3,HYD500,500,641.1009503885581,0.0,0.0,8.5,0.0,0.0
Mod-H1-Ideal,CH,HYD500,2040-Hhigh,3937.640371867837,10775.987061080468,1.9959624682122024,273.86816280709115,0.0695513396204795,2.736661056725409,3,HYD500,500,641.1009503885581,0.0,0.0,8.5,0.0,0.0
Mod-H1-Ideal,CH,HYD500,2040-Hlow,3937.640371867837,10775.987061080468,1.9959624682122024,410.31712715550304,0.10420380949133436,2.736661056725409,3,HYD500,500,641.1009503885581,0.0,0.0,8.5,0.0,0.0
Mod-H1-Ideal,CH,HYD500,2045-Hhigh,3937.640371867837,10775.987061080468,1.9959624682122024,304.74800252466594,0.07739355902126414,2.736661056725409,3,HYD500,500,641.1009503885581,0.0,0.0,8.5,0.0,0.0
Mod-H1-Ideal,CH,HYD500,2045-Hlow,3937.640371867837,10775.987061080468,1.9959624682122024,439.7228343387155,0.11167165937252188,2.736661056725409,3,HYD500,500,641.1009503885581,0.0,0.0,8.5,0.0,0.0
Mod-H1-Ideal,CH,HYD1000,2024-Hhigh,4217.796239209456,11595.676942839767,2.0759360860410627,401.2692595085009,0.09513718462220239,2.749226440823313,4,HYD1000,1000,985.0078228894689,0.0,0.0,8.5,0.0,0.0
Mod-H1-Ideal,CH,HYD1000,2024-Hlow,4217.796239209456,11595.676942839767,2.1103717351231794,643.4084211316077,0.15254611286110922,2.749226440823313,4,HYD1000,1000,985.0078228894689,0.0,0.0,8.5,0.0,0.0
Mod-H1-Ideal,CH,HYD1000,2025-Hhigh,4217.796239209456,11595.676942839767,2.1103717351231794,311.27577671984426,0.07380057239990968,2.749226440823313,4,HYD1000,1000,985.0078228894689,0.0,0.0,8.5,0.0,0.0
Mod-H1-Ideal,CH,HYD1000,2025-Hlow,4217.796239209456,11595.676942839767,2.1103717351231794,527.5040547714182,0.12506627272973447,2.749226440823313,4,HYD1000,1000,985.0078228894689,0.0,0.0,8.5,0.0,0.0
Mod-H1-Ideal,CH,HYD1000,2030-Hhigh,4217.796239209456,11595.676942839767,2.1103717351231794,251.42990816502186,0.059611677261144205,2.749226440823313,4,HYD1000,1000,985.0078228894689,0.0,0.0,8.5,0.0,0.0
Mod-H1-Ideal,CH,HYD1000,2030-Hlow,4217.796239209456,11595.676942839767,2.1103717351231794,411.726886643065,0.09761659010825881,2.749226440823313,4,HYD1000,1000,985.0078228894689,0.0,0.0,8.5,0.0,0.0
Mod-H1-Ideal,CH,HYD1000,2035-Hhigh,4217.796239209456,11595.676942839767,2.1103717351231794,265.3037598561159,0.06290103760580003,2.749226440823313,4,HYD1000,1000,985.0078228894689,0.0,0.0,8.5,0.0,0.0
Mod-H1-Ideal,CH,HYD1000,2035-Hlow,4217.796239209456,11595.676942839767,2.1103717351231794,390.674613776504,0.09262529330950524,2.749226440823313,4,HYD1000,1000,985.0078228894689,0.0,0.0,8.5,0.0,0.0
Mod-H1-Ideal,CH,HYD1000,2040-Hhigh,4217.796239209456,11595.676942839767,2.1103717351231794,290.2255265671746,0.06880975516768248,2.749226440823313,4,HYD1000,1000,985.0078228894689,0.0,0.0,8.5,0.0,0.0
Mod-H1-Ideal,CH,HYD1000,2040-Hlow,4217.796239209456,11595.676942839767,2.1103717351231794,429.46208367906087,0.10182143928307812,2.749226440823313,4,HYD1000,1000,985.0078228894689,0.0,0.0,8.5,0.0,0.0
Mod-H1-Ideal,CH,HYD1000,2045-Hhigh,4217.796239209456,11595.676942839767,2.1103717351231794,322.83365851518926,0.07654083796511188,2.749226440823313,4,HYD1000,1000,985.0078228894689,0.0,0.0,8.5,0.0,0.0
Mod-H1-Ideal,CH,HYD1000,2045-Hlow,4217.796239209456,11595.676942839767,2.1103717351231794,461.66023996008494,0.10945532068818341,2.749226440823313,4,HYD1000,1000,985.0078228894689,0.0,0.0,8.5,0.0,0.0
Mod-H1-Ideal,CH,HYD200,2024-Hhigh,3787.2077007201033,10985.8006,1.7565847284389196,368.1179893231731,0.09720036988020984,2.900765278310759,4,HYD200,200,369.4872277381491,608.267438901266,105.0,11.2,-1340.8687389930565,236.0
Mod-H1-Ideal,CH,HYD200,2024-Hlow,3787.2077007201033,10985.8006,1.7841742017244828,601.0912540075208,0.15871621033439193,2.900765278310759,4,HYD200,200,369.4872277381491,608.267438901266,105.0,11.2,-1340.8687389930565,236.0
Mod-H1-Ideal,CH,HYD200,2025-Hhigh,3787.2077007201033,10985.8006,1.7841742017244828,285.36559141384885,0.075349865643648,2.900765278310759,4,HYD200,200,369.4872277381491,608.267438901266,105.0,11.2,-1340.8687389930565,236.0
Mod-H1-Ideal,CH,HYD200,2025-Hlow,3787.2077007201033,10985.8006,1.7841742017244828,494.0482455180517,0.13045184858071368,2.900765278310759,4,HYD200,200,369.4872277381491,608.267438901266,105.0,11.2,-1340.8687389930565,236.0
Mod-H1-Ideal,CH,HYD200,2030-Hhigh,3787.2077007201033,10985.8006,1.7841742017244828,230.34306664181676,0.06082134512929384,2.900765278310759,4,HYD200,200,369.4872277381491,608.267438901266,105.0,11.2,-1340.8687389930565,236.0
Mod-H1-Ideal,CH,HYD200,2030-Hlow,3787.2077007201033,10985.8006,1.7841742017244828,384.73175103612004,0.10158718017048993,2.900765278310759,4,HYD200,200,369.4872277381491,608.267438901266,105.0,11.2,-1340.8687389930565,236.0
Mod-H1-Ideal,CH,HYD200,2035-Hhigh,3787.2077007201033,10985.8006,1.7841742017244828,243.99939529554345,0.06442725474210173,2.900765278310759,4,HYD200,200,369.4872277381491,608.267438901266,105.0,11.2,-1340.8687389930565,236.0
Mod-H1-Ideal,CH,HYD200,2035-Hlow,3787.2077007201033,10985.8006,1.7841742017244828,361.9195752775224,0.0955636986080026,2.900765278310759,4,HYD200,200,369.4872277381491,608.267438901266,105.0,11.2,-1340.8687389930565,236.0
Mod-H1-Ideal,CH,HYD200,2040-Hhigh,3787.2077007201033,10985.8006,1.7841742017244828,266.6705057434575,0.07041348846347997,2.900765278310759,4,HYD200,200,369.4872277381491,608.267438901266,105.0,11.2,-1340.8687389930565,236.0
Mod-H1-Ideal,CH,HYD200,2040-Hlow,3787.2077007201033,10985.8006,1.7841742017244828,399.6158607273318,0.10551728141325559,2.900765278310759,4,HYD200,200,369.4872277381491,608.267438901266,105.0,11.2,-1340.8687389930565,236.0
Mod-H1-Ideal,CH,HYD200,2045-Hhigh,3787.2077007201033,10985.8006,1.7841742017244828,296.42542535772714,0.07827017918805047,2.900765278310759,4,HYD200,200,369.4872277381491,608.267438901266,105.0,11.2,-1340.8687389930565,236.0
Mod-H1-Ideal,CH,HYD200,2045-Hlow,3787.2077007201033,10985.8006,1.7841742017244828,429.56412547029527,0.11342502429655958,2.900765278310759,4,HYD200,200,369.4872277381491,608.267438901266,105.0,11.2,-1340.8687389930565,236.0
Mod-H1-Ideal,CH,HYD500,2024-Hhigh,4094.096434484272,11252.83441571013,1.9644211022214786,389.42060712339725,0.09511759514097817,2.748551382651453,4,HYD500,500,638.5486694469961,0.0,0.0,8.5,0.0,0.0
Mod-H1-Ideal,CH,HYD500,2024-Hlow,4094.096434484272,11252.83441571013,1.99709742688415,627.9639510002957,0.1533827942378205,2.748551382651453,4,HYD500,500,638.5486694469961,0.0,0.0,8.5,0.0,0.0
Mod-H1-Ideal,CH,HYD500,2025-Hhigh,4094.096434484272,11252.83441571013,1.99709742688415,301.33919366633813,0.07360334532625572,2.748551382651453,4,HYD500,500,638.5486694469961,0.0,0.0,8.5,0.0,0.0
Mod-H1-Ideal,CH,HYD500,2025-Hlow,4094.096434484272,11252.83441571013,1.99709742688415,514.2364858338517,0.12560439014149147,2.748551382651453,4,HYD500,500,638.5486694469961,0.0,0.0,8.5,0.0,0.0
Mod-H1-Ideal,CH,HYD500,2030-Hhigh,4094.096434484272,11252.83441571013,1.99709742688415,243.26761834631196,0.059419122690244124,2.748551382651453,4,HYD500,500,638.5486694469961,0.0,0.0,8.5,0.0,0.0
Mod-H1-Ideal,CH,HYD500,2030-Hlow,4094.096434484272,11252.83441571013,1.99709742688415,401.02120163581674,0.09795108836666493,2.748551382651453,4,HYD500,500,638.5486694469961,0.0,0.0,8.5,0.0,0.0
Mod-H1-Ideal,CH,HYD500,2035-Hhigh,4094.096434484272,11252.83441571013,1.99709742688415,257.3652054825185,0.06286251669959465,2.748551382651453,4,HYD500,500,638.5486694469961,0.0,0.0,8.5,0.0,0.0
Mod-H1-Ideal,CH,HYD500,2035-Hlow,4094.096434484272,11252.83441571013,1.99709742688415,380.5189420402762,0.09294332659953812,2.748551382651453,4,HYD500,500,638.5486694469961,0.0,0.0,8.5,0.0,0.0
Mod-H1-Ideal,CH,HYD500,2040-Hhigh,4094.096434484272,11252.83441571013,1.99709742688415,281.4701793516579,0.06875025634004499,2.748551382651453,4,HYD500,500,638.5486694469961,0.0,0.0,8.5,0.0,0.0
Mod-H1-Ideal,CH,HYD500,2040-Hlow,4094.096434484272,11252.83441571013,1.99709742688415,418.37716103604185,0.10219035328823277,2.748551382651453,4,HYD500,500,638.5486694469961,0.0,0.0,8.5,0.0,0.0
Mod-H1-Ideal,CH,HYD500,2045-Hhigh,4094.096434484272,11252.83441571013,1.99709742688415,312.84320485147026,0.07641324767448443,2.748551382651453,4,HYD500,500,638.5486694469961,0.0,0.0,8.5,0.0,0.0
Mod-H1-Ideal,CH,HYD500,2045-Hlow,4094.096434484272,11252.83441571013,1.99709742688415,449.2733149833315,0.10973686677214917,2.748551382651453,4,HYD500,500,638.5486694469961,0.0,0.0,8.5,0.0,0.0
Mod-H1-Ideal,CH,HYD1000,2024-Hhigh,4379.2678423776815,12070.98012854964,2.20020714270328,415.9244699916784,0.09497580074158155,2.756392292734444,5,HYD1000,1000,981.8424491188609,0.0,0.0,8.5,0.0,0.0
Mod-H1-Ideal,CH,HYD1000,2024-Hlow,4379.2678423776815,12070.98012854964,2.253602063619548,661.1292475596744,0.1509679862834607,2.756392292734444,5,HYD1000,1000,981.8424491188609,0.0,0.0,8.5,0.0,0.0
Mod-H1-Ideal,CH,HYD1000,2025-Hhigh,4379.2678423776815,12070.98012854964,2.253602063619548,322.45719806411506,0.07363267323905907,2.756392292734444,5,HYD1000,1000,981.8424491188609,0.0,0.0,8.5,0.0,0.0
Mod-H1-Ideal,CH,HYD1000,2025-Hlow,4379.2678423776815,12070.98012854964,2.253602063619548,540.9221497199886,0.12351885502082013,2.756392292734444,5,HYD1000,1000,981.8424491188609,0.0,0.0,8.5,0.0,0.0
Mod-H1-Ideal,CH,HYD1000,2030-Hhigh,4379.2678423776815,12070.98012854964,2.253602063619548,260.6355057585829,0.05951577184579634,2.756392292734444,5,HYD1000,1000,981.8424491188609,0.0,0.0,8.5,0.0,0.0
Mod-H1-Ideal,CH,HYD1000,2030-Hlow,4379.2678423776815,12070.98012854964,2.253602063619548,421.97682267085906,0.09635784744368382,2.756392292734444,5,HYD1000,1000,981.8424491188609,0.0,0.0,8.5,0.0,0.0
Mod-H1-Ideal,CH,HYD1000,2035-Hhigh,4379.2678423776815,12070.98012854964,2.253602063619548,274.11645491928857,0.06259412869582777,2.756392292734444,5,HYD1000,1000,981.8424491188609,0.0,0.0,8.5,0.0,0.0
Mod-H1-Ideal,CH,HYD1000,2035-Hlow,4379.2678423776815,12070.98012854964,2.253602063619548,400.7589489591015,0.09151277414023465,2.756392292734444,5,HYD1000,1000,981.8424491188609,0.0,0.0,8.5,0.0,0.0
Mod-H1-Ideal,CH,HYD1000,2040-Hhigh,4379.2678423776815,12070.98012854964,2.253602063619548,299.53556937746276,0.06839854974817726,2.756392292734444,5,HYD1000,1000,981.8424491188609,0.0,0.0,8.5,0.0,0.0
Mod-H1-Ideal,CH,HYD1000,2040-Hlow,4379.2678423776815,12070.98012854964,2.253602063619548,441.37696571483264,0.10078784436148834,2.756392292734444,5,HYD1000,1000,981.8424491188609,0.0,0.0,8.5,0.0,0.0
Mod-H1-Ideal,CH,HYD1000,2045-Hhigh,4379.2678423776815,12070.98012854964,2.253602063619548,332.96151409411465,0.07603131986403837,2.756392292734444,5,HYD1000,1000,981.8424491188609,0.0,0.0,8.5,0.0,0.0
Mod-H1-Ideal,CH,HYD1000,2045-Hlow,4379.2678423776815,12070.98012854964,2.253602063619548,474.1556466303637,0.10827281264735922,2.756392292734444,5,HYD1000,1000,981.8424491188609,0.0,0.0,8.5,0.0,0.0
Mod-H1-Ideal,CH,HYD200,2024-Hhigh,3927.594697320117,11464.465666666667,1.8137977297721604,380.70241392747204,0.09693016802045118,2.918953341720601,5,HYD200,200,368.62985613881006,535.7301260037076,100.0,11.2,-1791.957390611499,328.0
Mod-H1-Ideal,CH,HYD200,2024-Hlow,3927.594697320117,11464.465666666667,1.8619110523403908,616.9136956428555,0.1570716286137643,2.918953341720601,5,HYD200,200,368.62985613881006,535.7301260037076,100.0,11.2,-1791.957390611499,328.0
Mod-H1-Ideal,CH,HYD200,2025-Hhigh,3927.594697320117,11464.465666666667,1.8619110523403908,294.5581930041511,0.07499709509362933,2.918953341720601,5,HYD200,200,368.62985613881006,535.7301260037076,100.0,11.2,-1791.957390611499,328.0
Mod-H1-Ideal,CH,HYD200,2025-Hlow,3927.594697320117,11464.465666666667,1.8619110523403908,505.6744448192339,0.12874914134196855,2.918953341720601,5,HYD200,200,368.62985613881006,535.7301260037076,100.0,11.2,-1791.957390611499,328.0
Mod-H1-Ideal,CH,HYD200,2030-Hhigh,3927.594697320117,11464.465666666667,1.8619110523403908,237.81842819664757,0.06055065415963522,2.918953341720601,5,HYD200,200,368.62985613881006,535.7301260037076,100.0,11.2,-1791.957390611499,328.0
Mod-H1-Ideal,CH,HYD200,2030-Hlow,3927.594697320117,11464.465666666667,1.8619110523403908,393.42264174960394,0.10016884940242045,2.918953341720601,5,HYD200,200,368.62985613881006,535.7301260037076,100.0,11.2,-1791.957390611499,328.0
Mod-H1-Ideal,CH,HYD200,2035-Hhigh,3927.594697320117,11464.465666666667,1.8619110523403908,251.25386302090436,0.06397143350670585,2.918953341720601,5,HYD200,200,368.62985613881006,535.7301260037076,100.0,11.2,-1791.957390611499,328.0
Mod-H1-Ideal,CH,HYD200,2035-Hlow,3927.594697320117,11464.465666666667,1.8619110523403908,370.4712491264318,0.09432522387791499,2.918953341720601,5,HYD200,200,368.62985613881006,535.7301260037076,100.0,11.2,-1791.957390611499,328.0
Mod-H1-Ideal,CH,HYD200,2040-Hhigh,3927.594697320117,11464.465666666667,1.8619110523403908,274.3796006159646,0.0698594487876205,2.918953341720601,5,HYD200,200,368.62985613881006,535.7301260037076,100.0,11.2,-1791.957390611499,328.0
Mod-H1-Ideal,CH,HYD200,2040-Hlow,3927.594697320117,11464.465666666667,1.8619110523403908,409.70491142116725,0.1043144578285325,2.918953341720601,5,HYD200,200,368.62985613881006,535.7301260037076,100.0,11.2,-1791.957390611499,328.0
Mod-H1-Ideal,CH,HYD200,2045-Hhigh,3927.594697320117,11464.465666666667,1.8619110523403908,304.7552412262206,0.07759335285643443,2.918953341720601,5,HYD200,200,368.62985613881006,535.7301260037076,100.0,11.2,-1791.957390611499,328.0
Mod-H1-Ideal,CH,HYD200,2045-Hlow,3927.594697320117,11464.465666666667,1.8619110523403908,439.84282777689396,0.11198783522062708,2.918953341720601,5,HYD200,200,368.62985613881006,535.7301260037076,100.0,11.2,-1791.957390611499,328.0
Mod-H1-Ideal,CH,HYD500,2024-Hhigh,4255.337401849149,11729.827965370625,2.024940382411538,403.68381348225415,0.09486528924988043,2.75649774804542,5,HYD500,500,636.7432464080225,0.0,0.0,8.5,0.0,0.0
Mod-H1-Ideal,CH,HYD500,2024-Hlow,4255.337401849149,11729.827965370625,2.078335303327806,645.4781486444494,0.1516867142812126,2.75649774804542,5,HYD500,500,636.7432464080225,0.0,0.0,8.5,0.0,0.0
Mod-H1-Ideal,CH,HYD500,2025-Hhigh,4255.337401849149,11729.827965370625,2.078335303327806,311.82447061308204,0.07327843627101797,2.75649774804542,5,HYD500,500,636.7432464080225,0.0,0.0,8.5,0.0,0.0
Mod-H1-Ideal,CH,HYD500,2025-Hlow,4255.337401849149,11729.827965370625,2.078335303327806,527.1717158201744,0.12388482182190606,2.75649774804542,5,HYD500,500,636.7432464080225,0.0,0.0,8.5,0.0,0.0
Mod-H1-Ideal,CH,HYD500,2030-Hhigh,4255.337401849149,11729.827965370625,2.078335303327806,251.86774939732942,0.05918866722245827,2.75649774804542,5,HYD500,500,636.7432464080225,0.0,0.0,8.5,0.0,0.0
Mod-H1-Ideal,CH,HYD500,2030-Hlow,4255.337401849149,11729.827965370625,2.078335303327806,410.74137832611785,0.09652380987407273,2.75649774804542,5,HYD500,500,636.7432464080225,0.0,0.0,8.5,0.0,0.0
Mod-H1-Ideal,CH,HYD500,2035-Hhigh,4255.337401849149,11729.827965370625,2.078335303327806,265.725692333104,0.062445269843381494,2.75649774804542,5,HYD500,500,636.7432464080225,0.0,0.0,8.5,0.0,0.0
Mod-H1-Ideal,CH,HYD500,2035-Hlow,4255.337401849149,11729.827965370625,2.078335303327806,390.2222321059566,0.09170183119589678,2.75649774804542,5,HYD500,500,636.7432464080225,0.0,0.0,8.5,0.0,0.0
Mod-H1-Ideal,CH,HYD500,2040-Hhigh,4255.337401849149,11729.827965370625,2.078335303327806,290.3148090527206,0.0682236874863471,2.75649774804542,5,HYD500,500,636.7432464080225,0.0,0.0,8.5,0.0,0.0
Mod-H1-Ideal,CH,HYD500,2040-Hlow,4255.337401849149,11729.827965370625,2.078335303327806,429.75295235649094,0.10099151060730052,2.75649774804542,5,HYD500,500,636.7432464080225,0.0,0.0,8.5,0.0,0.0
Mod-H1-Ideal,CH,HYD500,2045-Hhigh,4255.337401849149,11729.827965370625,2.078335303327806,322.398252633321,0.07576326438726656,2.75649774804542,5,HYD500,500,636.7432464080225,0.0,0.0,8.5,0.0,0.0
Mod-H1-Ideal,CH,HYD500,2045-Hlow,4255.337401849149,11729.827965370625,2.078335303327806,461.0026782137782,0.10833516468363952,2.75649774804542,5,HYD500,500,636.7432464080225,0.0,0.0,8.5,0.0,0.0
Mod-H1-Real,AK,HYD1000,2024-Hhigh,1430.150195507733,4729.227522218799,0.974894231045962,126.27467751881295,0.08829469653988532,3.3068047937019824,3,HYD1000,1000,875.4210304050822,0.0,0.0,5,0.0,0.0
Mod-H1-Real,AK,HYD1000,2024-Hlow,1430.150195507733,4729.227522218799,0.9826536681268956,203.33945431277024,0.14218048912029166,3.3068047937019824,3,HYD1000,1000,875.4210304050822,0.0,0.0,5,0.0,0.0
Mod-H1-Real,AK,HYD1000,2025-Hhigh,1430.150195507733,4729.227522218799,0.9826536681268956,98.29281721589297,0.0687290170813122,3.3068047937019824,3,HYD1000,1000,875.4210304050822,0.0,0.0,5,0.0,0.0
Mod-H1-Real,AK,HYD1000,2025-Hlow,1430.150195507733,4729.227522218799,0.9826536681268956,169.20535140607626,0.11831299393418244,3.3068047937019824,3,HYD1000,1000,875.4210304050822,0.0,0.0,5,0.0,0.0
Mod-H1-Real,AK,HYD1000,2030-Hhigh,1430.150195507733,4729.227522218799,0.9826536681268956,79.58242983261323,0.05564620421169107,3.3068047937019824,3,HYD1000,1000,875.4210304050822,0.0,0.0,5,0.0,0.0
Mod-H1-Real,AK,HYD1000,2030-Hlow,1430.150195507733,4729.227522218799,0.9826536681268956,132.9160380396332,0.09293851684748765,3.3068047937019824,3,HYD1000,1000,875.4210304050822,0.0,0.0,5,0.0,0.0
Mod-H1-Real,AK,HYD1000,2035-Hhigh,1430.150195507733,4729.227522218799,0.9826536681268956,83.44976962547265,0.05835035361152837,3.3068047937019824,3,HYD1000,1000,875.4210304050822,0.0,0.0,5,0.0,0.0
Mod-H1-Real,AK,HYD1000,2035-Hlow,1430.150195507733,4729.227522218799,0.9826536681268956,125.47964138247842,0.0877387856021168,3.3068047937019824,3,HYD1000,1000,875.4210304050822,0.0,0.0,5,0.0,0.0
Mod-H1-Real,AK,HYD1000,2040-Hhigh,1430.150195507733,4729.227522218799,0.9826536681268956,90.9796057044462,0.0636154202476241,3.3068047937019824,3,HYD1000,1000,875.4210304050822,0.0,0.0,5,0.0,0.0
Mod-H1-Real,AK,HYD1000,2040-Hlow,1430.150195507733,4729.227522218799,0.9826536681268956,141.00861332642987,0.09859706607694367,3.3068047937019824,3,HYD1000,1000,875.4210304050822,0.0,0.0,5,0.0,0.0
Mod-H1-Real,AK,HYD1000,2045-Hhigh,1430.150195507733,4729.227522218799,0.9826536681268956,102.62415584166084,0.07175760711288588,3.3068047937019824,3,HYD1000,1000,875.4210304050822,0.0,0.0,5,0.0,0.0
Mod-H1-Real,AK,HYD1000,2045-Hlow,1430.150195507733,4729.227522218799,0.9826536681268956,151.8790459907746,0.10619796890413624,3.3068047937019824,3,HYD1000,1000,875.4210304050822,0.0,0.0,5,0.0,0.0
Mod-H1-Real,AK,HYD200,2024-Hhigh,1363.9730043665668,4184.266666666666,0.9224960659691704,120.41545044068022,0.08828286927614196,3.0677048983164097,3,HYD200,200,325.4811097979043,439.62594022261715,96.0,8.5,-945.2269675704079,165.0
Mod-H1-Real,AK,HYD200,2024-Hlow,1363.9730043665668,4184.266666666666,0.926537418279207,201.01758221833714,0.14737651080689115,3.0677048983164097,3,HYD200,200,325.4811097979043,439.62594022261715,96.0,8.5,-945.2269675704079,165.0
Mod-H1-Real,AK,HYD200,2025-Hhigh,1363.9730043665668,4184.266666666666,0.926537418279207,93.46750649796141,0.0685259211133493,3.0677048983164097,3,HYD200,200,325.4811097979043,439.62594022261715,96.0,8.5,-945.2269675704079,165.0
Mod-H1-Real,AK,HYD200,2025-Hlow,1363.9730043665668,4184.266666666666,0.926537418279207,166.75840671228374,0.12225931611434411,3.0677048983164097,3,HYD200,200,325.4811097979043,439.62594022261715,96.0,8.5,-945.2269675704079,165.0
Mod-H1-Real,AK,HYD200,2030-Hhigh,1363.9730043665668,4184.266666666666,0.926537418279207,75.78284527127744,0.05556037035093024,3.0677048983164097,3,HYD200,200,325.4811097979043,439.62594022261715,96.0,8.5,-945.2269675704079,165.0
Mod-H1-Real,AK,HYD200,2030-Hlow,1363.9730043665668,4184.266666666666,0.926537418279207,130.46011341861595,0.09564713744404496,3.0677048983164097,3,HYD200,200,325.4811097979043,439.62594022261715,96.0,8.5,-945.2269675704079,165.0
Mod-H1-Real,AK,HYD200,2035-Hhigh,1363.9730043665668,4184.266666666666,0.926537418279207,80.07955436295015,0.05871051267626762,3.0677048983164097,3,HYD200,200,325.4811097979043,439.62594022261715,96.0,8.5,-945.2269675704079,165.0
Mod-H1-Real,AK,HYD200,2035-Hlow,1363.9730043665668,4184.266666666666,0.926537418279207,123.57919413992336,0.09060237537275448,3.0677048983164097,3,HYD200,200,325.4811097979043,439.62594022261715,96.0,8.5,-945.2269675704079,165.0
Mod-H1-Real,AK,HYD200,2040-Hhigh,1363.9730043665668,4184.266666666666,0.926537418279207,87.6399985720099,0.06425347004042077,3.0677048983164097,3,HYD200,200,325.4811097979043,439.62594022261715,96.0,8.5,-945.2269675704079,165.0
Mod-H1-Real,AK,HYD200,2040-Hlow,1363.9730043665668,4184.266666666666,0.926537418279207,139.13559916518858,0.10200759012074698,3.0677048983164097,3,HYD200,200,325.4811097979043,439.62594022261715,96.0,8.5,-945.2269675704079,165.0
Mod-H1-Real,AK,HYD200,2045-Hhigh,1363.9730043665668,4184.266666666666,0.926537418279207,98.7593508128195,0.07240564915629225,3.0677048983164097,3,HYD200,200,325.4811097979043,439.62594022261715,96.0,8.5,-945.2269675704079,165.0
Mod-H1-Real,AK,HYD200,2045-Hlow,1363.9730043665668,4184.266666666666,0.926537418279207,149.2653719295071,0.1094342567277029,3.0677048983164097,3,HYD200,200,325.4811097979043,439.62594022261715,96.0,8.5,-945.2269675704079,165.0
Mod-H1-Real,AK,HYD500,2024-Hhigh,1368.8451114638142,4422.2,0.9984357633576108,121.14940082749241,0.08850482776531071,3.2306065623969626,3,HYD500,500,565.1044901157969,0.0,0.0,6,0.0,0.0
Mod-H1-Real,AK,HYD500,2024-Hlow,1368.8451114638142,4422.2,1.003003753695771,199.82375184683718,0.14597981186720962,3.2306065623969626,3,HYD500,500,565.1044901157969,0.0,0.0,6,0.0,0.0
Mod-H1-Real,AK,HYD500,2025-Hhigh,1368.8451114638142,4422.2,1.003003753695771,94.49737247554252,0.0690343791888105,3.2306065623969626,3,HYD500,500,565.1044901157969,0.0,0.0,6,0.0,0.0
Mod-H1-Real,AK,HYD500,2025-Hlow,1368.8451114638142,4422.2,1.003003753695771,166.45446271666506,0.12160211650145147,3.2306065623969626,3,HYD500,500,565.1044901157969,0.0,0.0,6,0.0,0.0
Mod-H1-Real,AK,HYD500,2030-Hhigh,1368.8451114638142,4422.2,1.003003753695771,76.66498265663314,0.05600705442462312,3.2306065623969626,3,HYD500,500,565.1044901157969,0.0,0.0,6,0.0,0.0
Mod-H1-Real,AK,HYD500,2030-Hlow,1368.8451114638142,4422.2,1.003003753695771,130.48456873074912,0.09532456786963403,3.2306065623969626,3,HYD500,500,565.1044901157969,0.0,0.0,6,0.0,0.0
Mod-H1-Real,AK,HYD500,2035-Hhigh,1368.8451114638142,4422.2,1.003003753695771,80.68907393319327,0.05894682550818775,3.2306065623969626,3,HYD500,500,565.1044901157969,0.0,0.0,6,0.0,0.0
Mod-H1-Real,AK,HYD500,2035-Hlow,1368.8451114638142,4422.2,1.003003753695771,123.38371227175944,0.09013708800100509,3.2306065623969626,3,HYD500,500,565.1044901157969,0.0,0.0,6,0.0,0.0
Mod-H1-Real,AK,HYD500,2040-Hhigh,1368.8451114638142,4422.2,1.003003753695771,88.28805850179003,0.06449820930242184,3.2306065623969626,3,HYD500,500,565.1044901157969,0.0,0.0,6,0.0,0.0
Mod-H1-Real,AK,HYD500,2040-Hlow,1368.8451114638142,4422.2,1.003003753695771,139.01997326570816,0.10156004656877733,3.2306065623969626,3,HYD500,500,565.1044901157969,0.0,0.0,6,0.0,0.0
Mod-H1-Real,AK,HYD500,2045-Hhigh,1368.8451114638142,4422.2,1.003003753695771,99.71468106835098,0.0728458466434659,3.2306065623969626,3,HYD500,500,565.1044901157969,0.0,0.0,6,0.0,0.0
Mod-H1-Real,AK,HYD500,2045-Hlow,1368.8451114638142,4422.2,1.003003753695771,149.4879570603841,0.10920735721554707,3.2306065623969626,3,HYD500,500,565.1044901157969,0.0,0.0,6,0.0,0.0
Mod-H1-Real,AK,HYD1000,2024-Hhigh,1567.8893483122024,5200.1416111075605,0.9762638938727562,139.17452531872564,0.0887655276621044,3.3166508954891465,4,HYD1000,1000,867.0387605643928,0.0,0.0,5,0.0,0.0
Mod-H1-Real,AK,HYD1000,2024-Hlow,1567.8893483122024,5200.1416111075605,0.985008494314904,216.52041701921954,0.13809674595487167,3.3166508954891465,4,HYD1000,1000,867.0387605643928,0.0,0.0,5,0.0,0.0
Mod-H1-Real,AK,HYD1000,2025-Hhigh,1567.8893483122024,5200.1416111075605,0.985008494314904,106.83718945356014,0.06814077126588555,3.3166508954891465,4,HYD1000,1000,867.0387605643928,0.0,0.0,5,0.0,0.0
Mod-H1-Real,AK,HYD1000,2025-Hlow,1567.8893483122024,5200.1416111075605,0.985008494314904,178.89631299426517,0.11410008824082071,3.3166508954891465,4,HYD1000,1000,867.0387605643928,0.0,0.0,5,0.0,0.0
Mod-H1-Real,AK,HYD1000,2030-Hhigh,1567.8893483122024,5200.1416111075605,0.985008494314904,85.85584617948048,0.05475886820195722,3.3166508954891465,4,HYD1000,1000,867.0387605643928,0.0,0.0,5,0.0,0.0
Mod-H1-Real,AK,HYD1000,2030-Hlow,1567.8893483122024,5200.1416111075605,0.985008494314904,140.44336975386108,0.08957479678336051,3.3166508954891465,4,HYD1000,1000,867.0387605643928,0.0,0.0,5,0.0,0.0
Mod-H1-Real,AK,HYD1000,2035-Hhigh,1567.8893483122024,5200.1416111075605,0.985008494314904,89.95726534418878,0.05737475379944749,3.3166508954891465,4,HYD1000,1000,867.0387605643928,0.0,0.0,5,0.0,0.0
Mod-H1-Real,AK,HYD1000,2035-Hlow,1567.8893483122024,5200.1416111075605,0.985008494314904,132.83943500021527,0.0847250063553362,3.3166508954891465,4,HYD1000,1000,867.0387605643928,0.0,0.0,5,0.0,0.0
Mod-H1-Real,AK,HYD1000,2040-Hhigh,1567.8893483122024,5200.1416111075605,0.985008494314904,97.56674824229222,0.062228082834621355,3.3166508954891465,4,HYD1000,1000,867.0387605643928,0.0,0.0,5,0.0,0.0
Mod-H1-Real,AK,HYD1000,2040-Hlow,1567.8893483122024,5200.1416111075605,0.985008494314904,148.01521453006902,0.09440412022022093,3.3166508954891465,4,HYD1000,1000,867.0387605643928,0.0,0.0,5,0.0,0.0
Mod-H1-Real,AK,HYD1000,2045-Hhigh,1567.8893483122024,5200.1416111075605,0.985008494314904,109.69471626544738,0.0699633021829833,3.3166508954891465,4,HYD1000,1000,867.0387605643928,0.0,0.0,5,0.0,0.0
Mod-H1-Real,AK,HYD1000,2045-Hlow,1567.8893483122024,5200.1416111075605,0.985008494314904,160.0507923206296,0.10208041306800168,3.3166508954891465,4,HYD1000,1000,867.0387605643928,0.0,0.0,5,0.0,0.0
Mod-H1-Real,AK,HYD200,2024-Hhigh,1505.5706115671505,4660.975,0.9224011511424642,133.52825513076328,0.08868946703985776,3.095819594371854,4,HYD200,200,323.69925853097027,1092.4944895324074,169.0,8.5,-626.9904669667043,117.0
Mod-H1-Real,AK,HYD200,2024-Hlow,1505.5706115671505,4660.975,0.9296568340872399,214.62217418134676,0.14255204806232652,3.095819594371854,4,HYD200,200,323.69925853097027,1092.4944895324074,169.0,8.5,-626.9904669667043,117.0
Mod-H1-Real,AK,HYD200,2025-Hhigh,1505.5706115671505,4660.975,0.9296568340872399,101.8921629113211,0.06767677459196776,3.095819594371854,4,HYD200,200,323.69925853097027,1092.4944895324074,169.0,8.5,-626.9904669667043,117.0
Mod-H1-Real,AK,HYD200,2025-Hlow,1505.5706115671505,4660.975,0.9296568340872399,176.64565709006683,0.11732804541541637,3.095819594371854,4,HYD200,200,323.69925853097027,1092.4944895324074,169.0,8.5,-626.9904669667043,117.0
Mod-H1-Real,AK,HYD200,2030-Hhigh,1505.5706115671505,4660.975,0.9296568340872399,81.75957232189943,0.0543047079251871,3.095819594371854,4,HYD200,200,323.69925853097027,1092.4944895324074,169.0,8.5,-626.9904669667043,117.0
Mod-H1-Real,AK,HYD200,2030-Hlow,1505.5706115671505,4660.975,0.9296568340872399,137.99463585660973,0.09165603711736305,3.095819594371854,4,HYD200,200,323.69925853097027,1092.4944895324074,169.0,8.5,-626.9904669667043,117.0
Mod-H1-Real,AK,HYD200,2035-Hhigh,1505.5706115671505,4660.975,0.9296568340872399,86.51833900945067,0.05746548075841731,3.095819594371854,4,HYD200,200,323.69925853097027,1092.4944895324074,169.0,8.5,-626.9904669667043,117.0
Mod-H1-Real,AK,HYD200,2035-Hlow,1505.5706115671505,4660.975,0.9296568340872399,130.89044448285196,0.08693743320787055,3.095819594371854,4,HYD200,200,323.69925853097027,1092.4944895324074,169.0,8.5,-626.9904669667043,117.0
Mod-H1-Real,AK,HYD200,2040-Hhigh,1505.5706115671505,4660.975,0.9296568340872399,94.05711779611295,0.06247273762750241,3.095819594371854,4,HYD200,200,323.69925853097027,1092.4944895324074,169.0,8.5,-626.9904669667043,117.0
Mod-H1-Real,AK,HYD200,2040-Hlow,1505.5706115671505,4660.975,0.9296568340872399,145.81606498276275,0.09685103034189982,3.095819594371854,4,HYD200,200,323.69925853097027,1092.4944895324074,169.0,8.5,-626.9904669667043,117.0
Mod-H1-Real,AK,HYD200,2045-Hhigh,1505.5706115671505,4660.975,0.9296568340872399,105.48226935221652,0.07006132328952668,3.095819594371854,4,HYD200,200,323.69925853097027,1092.4944895324074,169.0,8.5,-626.9904669667043,117.0
Mod-H1-Real,AK,HYD200,2045-Hlow,1505.5706115671505,4660.975,0.9296568340872399,157.33147139792837,0.10449956328130092,3.095819594371854,4,HYD200,200,323.69925853097027,1092.4944895324074,169.0,8.5,-626.9904669667043,117.0
Mod-H1-Real,AK,HYD500,2024-Hhigh,1502.297467543318,4896.3,1.0042038458452602,133.58459536117275,0.08892020272098403,3.259208050191843,4,HYD500,500,559.9876762036095,0.0,0.0,6,0.0,0.0
Mod-H1-Real,AK,HYD500,2024-Hlow,1502.297467543318,4896.3,1.0110434276604094,212.7756238698536,0.1416334836920161,3.259208050191843,4,HYD500,500,559.9876762036095,0.0,0.0,6,0.0,0.0
Mod-H1-Real,AK,HYD500,2025-Hhigh,1502.297467543318,4896.3,1.0110434276604094,102.66422513154887,0.06833814697127459,3.259208050191843,4,HYD500,500,559.9876762036095,0.0,0.0,6,0.0,0.0
Mod-H1-Real,AK,HYD500,2025-Hlow,1502.297467543318,4896.3,1.0110434276604094,176.01094248087136,0.11716117898321371,3.259208050191843,4,HYD500,500,559.9876762036095,0.0,0.0,6,0.0,0.0
Mod-H1-Real,AK,HYD500,2030-Hhigh,1502.297467543318,4896.3,1.0110434276604094,82.58406069556553,0.054971843113477296,3.259208050191843,4,HYD500,500,559.9876762036095,0.0,0.0,6,0.0,0.0
Mod-H1-Real,AK,HYD500,2030-Hlow,1502.297467543318,4896.3,1.0110434276604094,137.8419174282044,0.09175407694297388,3.259208050191843,4,HYD500,500,559.9876762036095,0.0,0.0,6,0.0,0.0
Mod-H1-Real,AK,HYD500,2035-Hhigh,1502.297467543318,4896.3,1.0110434276604094,86.99080199937113,0.057905177821823625,3.259208050191843,4,HYD500,500,559.9876762036095,0.0,0.0,6,0.0,0.0
Mod-H1-Real,AK,HYD500,2035-Hlow,1502.297467543318,4896.3,1.0110434276604094,130.61704572401044,0.08694486181728464,3.259208050191843,4,HYD500,500,559.9876762036095,0.0,0.0,6,0.0,0.0
Mod-H1-Real,AK,HYD500,2040-Hhigh,1502.297467543318,4896.3,1.0110434276604094,94.6629092642165,0.06301209401558612,3.259208050191843,4,HYD500,500,559.9876762036095,0.0,0.0,6,0.0,0.0
Mod-H1-Real,AK,HYD500,2040-Hlow,1502.297467543318,4896.3,1.0110434276604094,145.8079626158099,0.09705665207187446,3.259208050191843,4,HYD500,500,559.9876762036095,0.0,0.0,6,0.0,0.0
Mod-H1-Real,AK,HYD500,2045-Hhigh,1502.297467543318,4896.3,1.0110434276604094,106.49403358305086,0.07088744798138999,3.259208050191843,4,HYD500,500,559.9876762036095,0.0,0.0,6,0.0,0.0
Mod-H1-Real,AK,HYD500,2045-Hlow,1502.297467543318,4896.3,1.0110434276604094,157.54908060406976,0.10487209358191035,3.259208050191843,4,HYD500,500,559.9876762036095,0.0,0.0,6,0.0,0.0
Mod-H1-Real,AK,HYD1000,2024-Hhigh,1708.2148514846456,5673.294855550453,1.044517399626209,151.57950540751767,0.08873562085927114,3.3211834276113876,5,HYD1000,1000,861.858702590786,0.0,0.0,5,0.0,0.0
Mod-H1-Real,AK,HYD1000,2024-Hlow,1708.2148514846456,5673.294855550453,1.0679438206288663,231.72524127318854,0.13565345194826708,3.3211834276113876,5,HYD1000,1000,861.858702590786,0.0,0.0,5,0.0,0.0
Mod-H1-Real,AK,HYD1000,2025-Hhigh,1708.2148514846456,5673.294855550453,1.0679438206288663,116.22233457183198,0.06803730483365175,3.3211834276113876,5,HYD1000,1000,861.858702590786,0.0,0.0,5,0.0,0.0
Mod-H1-Real,AK,HYD1000,2025-Hlow,1708.2148514846456,5673.294855550453,1.0679438206288663,190.1885203632867,0.11133758742232562,3.3211834276113876,5,HYD1000,1000,861.858702590786,0.0,0.0,5,0.0,0.0
Mod-H1-Real,AK,HYD1000,2030-Hhigh,1708.2148514846456,5673.294855550453,1.0679438206288663,93.48854619171303,0.05472879837712461,3.3211834276113876,5,HYD1000,1000,861.858702590786,0.0,0.0,5,0.0,0.0
Mod-H1-Real,AK,HYD1000,2030-Hlow,1708.2148514846456,5673.294855550453,1.0679438206288663,149.1363507548105,0.08730538235585117,3.3211834276113876,5,HYD1000,1000,861.858702590786,0.0,0.0,5,0.0,0.0
Mod-H1-Real,AK,HYD1000,2035-Hhigh,1708.2148514846456,5673.294855550453,1.0679438206288663,97.53644530683869,0.05709846464691939,3.3211834276113876,5,HYD1000,1000,861.858702590786,0.0,0.0,5,0.0,0.0
Mod-H1-Real,AK,HYD1000,2035-Hlow,1708.2148514846456,5673.294855550453,1.0679438206288663,141.53188935622154,0.08285368156892746,3.3211834276113876,5,HYD1000,1000,861.858702590786,0.0,0.0,5,0.0,0.0
Mod-H1-Real,AK,HYD1000,2040-Hhigh,1708.2148514846456,5673.294855550453,1.0679438206288663,105.47191731895215,0.0617439411835603,3.3211834276113876,5,HYD1000,1000,861.858702590786,0.0,0.0,5,0.0,0.0
Mod-H1-Real,AK,HYD1000,2040-Hlow,1708.2148514846456,5673.294855550453,1.0679438206288663,158.16954413433803,0.09259347206639114,3.3211834276113876,5,HYD1000,1000,861.858702590786,0.0,0.0,5,0.0,0.0
Mod-H1-Real,AK,HYD1000,2045-Hhigh,1708.2148514846456,5673.294855550453,1.0679438206288663,118.21690214846305,0.06920493756726108,3.3211834276113876,5,HYD1000,1000,861.858702590786,0.0,0.0,5,0.0,0.0
Mod-H1-Real,AK,HYD1000,2045-Hlow,1708.2148514846456,5673.294855550453,1.0679438206288663,170.5699242220629,0.09985273460994498,3.3211834276113876,5,HYD1000,1000,861.858702590786,0.0,0.0,5,0.0,0.0
Mod-H1-Real,AK,HYD200,2024-Hhigh,1653.3850149843292,5138.958333333333,0.9712540749023114,146.38713689834557,0.0885378393850588,3.108143769757125,5,HYD200,200,322.46773134728716,1412.984720251819,223.0,8.5,-1228.4286187292216,254.0
Mod-H1-Real,AK,HYD200,2024-Hlow,1653.3850149843292,5138.958333333333,0.9952350674422862,230.96439004774123,0.13969183702195964,3.108143769757125,5,HYD200,200,322.46773134728716,1412.984720251819,223.0,8.5,-1228.4286187292216,254.0
Mod-H1-Real,AK,HYD200,2025-Hhigh,1653.3850149843292,5138.958333333333,0.9952350674422862,111.28292768159503,0.06730611846185733,3.108143769757125,5,HYD200,200,322.46773134728716,1412.984720251819,223.0,8.5,-1228.4286187292216,254.0
Mod-H1-Real,AK,HYD200,2025-Hlow,1653.3850149843292,5138.958333333333,0.9952350674422862,188.59089749187953,0.11406350957745132,3.108143769757125,5,HYD200,200,322.46773134728716,1412.984720251819,223.0,8.5,-1228.4286187292216,254.0
Mod-H1-Real,AK,HYD200,2030-Hhigh,1653.3850149843292,5138.958333333333,0.9952350674422862,89.4332768983609,0.054091016966915324,3.108143769757125,5,HYD200,200,322.46773134728716,1412.984720251819,223.0,8.5,-1228.4286187292216,254.0
Mod-H1-Real,AK,HYD200,2030-Hlow,1653.3850149843292,5138.958333333333,0.9952350674422862,146.9914862463824,0.08890336183903033,3.108143769757125,5,HYD200,200,322.46773134728716,1412.984720251819,223.0,8.5,-1228.4286187292216,254.0
Mod-H1-Real,AK,HYD200,2035-Hhigh,1653.3850149843292,5138.958333333333,0.9952350674422862,94.07307603305554,0.05689725936819814,3.108143769757125,5,HYD200,200,322.46773134728716,1412.984720251819,223.0,8.5,-1228.4286187292216,254.0
Mod-H1-Real,AK,HYD200,2035-Hlow,1653.3850149843292,5138.958333333333,0.9952350674422862,140.02144227463484,0.08468774121311481,3.108143769757125,5,HYD200,200,322.46773134728716,1412.984720251819,223.0,8.5,-1228.4286187292216,254.0
Mod-H1-Real,AK,HYD200,2040-Hhigh,1653.3850149843292,5138.958333333333,0.9952350674422862,102.14038225591368,0.061776525933302816,3.108143769757125,5,HYD200,200,322.46773134728716,1412.984720251819,223.0,8.5,-1228.4286187292216,254.0
Mod-H1-Real,AK,HYD200,2040-Hlow,1653.3850149843292,5138.958333333333,0.9952350674422862,156.41011580208885,0.09459993551687736,3.108143769757125,5,HYD200,200,322.46773134728716,1412.984720251819,223.0,8.5,-1228.4286187292216,254.0
Mod-H1-Real,AK,HYD200,2045-Hhigh,1653.3850149843292,5138.958333333333,0.9952350674422862,114.1627089730898,0.06904786721692396,3.108143769757125,5,HYD200,200,322.46773134728716,1412.984720251819,223.0,8.5,-1228.4286187292216,254.0
Mod-H1-Real,AK,HYD200,2045-Hlow,1653.3850149843292,5138.958333333333,0.9952350674422862,168.09839917402397,0.10166924077004363,3.108143769757125,5,HYD200,200,322.46773134728716,1412.984720251819,223.0,8.5,-1228.4286187292216,254.0
Mod-H1-Real,AK,HYD500,2024-Hhigh,1642.3426477474002,5372.4,1.0487145807075595,145.86104198085087,0.0888127956616791,3.2711809605435636,5,HYD500,500,557.3520999328903,0.0,0.0,6,0.0,0.0
Mod-H1-Real,AK,HYD500,2024-Hlow,1642.3426477474002,5372.4,1.074109805613278,228.27067139153976,0.13899089310298957,3.2711809605435636,5,HYD500,500,557.3520999328903,0.0,0.0,6,0.0,0.0
Mod-H1-Real,AK,HYD500,2025-Hhigh,1642.3426477474002,5372.4,1.074109805613278,111.712934134609,0.06802047933653305,3.2711809605435636,5,HYD500,500,557.3520999328903,0.0,0.0,6,0.0,0.0
Mod-H1-Real,AK,HYD500,2025-Hlow,1642.3426477474002,5372.4,1.074109805613278,187.39300749950684,0.11410104204292011,3.2711809605435636,5,HYD500,500,557.3520999328903,0.0,0.0,6,0.0,0.0
Mod-H1-Real,AK,HYD500,2030-Hhigh,1642.3426477474002,5372.4,1.074109805613278,89.95539461842282,0.054772610783628856,3.2711809605435636,5,HYD500,500,557.3520999328903,0.0,0.0,6,0.0,0.0
Mod-H1-Real,AK,HYD500,2030-Hlow,1642.3426477474002,5372.4,1.074109805613278,146.50031548062842,0.08920204056173352,3.2711809605435636,5,HYD500,500,557.3520999328903,0.0,0.0,6,0.0,0.0
Mod-H1-Real,AK,HYD500,2035-Hhigh,1642.3426477474002,5372.4,1.074109805613278,94.30265459539245,0.05741959798994189,3.2711809605435636,5,HYD500,500,557.3520999328903,0.0,0.0,6,0.0,0.0
Mod-H1-Real,AK,HYD500,2035-Hlow,1642.3426477474002,5372.4,1.074109805613278,139.3184251610927,0.08482908566746329,3.2711809605435636,5,HYD500,500,557.3520999328903,0.0,0.0,6,0.0,0.0
Mod-H1-Real,AK,HYD500,2040-Hhigh,1642.3426477474002,5372.4,1.074109805613278,102.3810789920481,0.06233844023503357,3.2711809605435636,5,HYD500,500,557.3520999328903,0.0,0.0,6,0.0,0.0
Mod-H1-Real,AK,HYD500,2040-Hlow,1642.3426477474002,5372.4,1.074109805613278,155.78371091776037,0.09485457321066938,3.2711809605435636,5,HYD500,500,557.3520999328903,0.0,0.0,6,0.0,0.0
Mod-H1-Real,AK,HYD500,2045-Hhigh,1642.3426477474002,5372.4,1.074109805613278,114.7503271301218,0.06986990643366094,3.2711809605435636,5,HYD500,500,557.3520999328903,0.0,0.0,6,0.0,0.0
Mod-H1-Real,AK,HYD500,2045-Hlow,1642.3426477474002,5372.4,1.074109805613278,167.75126824346245,0.10214145536167271,3.2711809605435636,5,HYD500,500,557.3520999328903,0.0,0.0,6,0.0,0.0
Mod-H1-Real,CH,HYD1000,2024-Hhigh,3614.9203014131203,10019.495600586622,2.37671540097756,348.5912396107181,0.09643123790985078,2.7717058095775635,3,HYD1000,1000,987.162892515825,0.0,0.0,8.5,0.0,0.0
Mod-H1-Real,CH,HYD1000,2024-Hlow,3614.9203014131203,10019.495600586622,2.4093917256402317,545.1906565284349,0.15081678462324954,2.7717058095775635,3,HYD1000,1000,987.162892515825,0.0,0.0,8.5,0.0,0.0
Mod-H1-Real,CH,HYD1000,2025-Hhigh,3614.9203014131203,10019.495600586622,2.4093917256402317,274.2267309824926,0.07585968932020264,2.7717058095775635,3,HYD1000,1000,987.162892515825,0.0,0.0,8.5,0.0,0.0
Mod-H1-Real,CH,HYD1000,2025-Hlow,3614.9203014131203,10019.495600586622,2.4093917256402317,452.5468558435866,0.12518861222657662,2.7717058095775635,3,HYD1000,1000,987.162892515825,0.0,0.0,8.5,0.0,0.0
Mod-H1-Real,CH,HYD1000,2030-Hhigh,3614.9203014131203,10019.495600586622,2.4093917256402317,221.42687788875537,0.061253598814390645,2.7717058095775635,3,HYD1000,1000,987.162892515825,0.0,0.0,8.5,0.0,0.0
Mod-H1-Real,CH,HYD1000,2030-Hlow,3614.9203014131203,10019.495600586622,2.4093917256402317,354.8421819147858,0.09816044402862029,2.7717058095775635,3,HYD1000,1000,987.162892515825,0.0,0.0,8.5,0.0,0.0
Mod-H1-Real,CH,HYD1000,2035-Hhigh,3614.9203014131203,10019.495600586622,2.4093917256402317,228.72878976185723,0.06327353598153855,2.7717058095775635,3,HYD1000,1000,987.162892515825,0.0,0.0,8.5,0.0,0.0
Mod-H1-Real,CH,HYD1000,2035-Hlow,3614.9203014131203,10019.495600586622,2.4093917256402317,333.03549928073295,0.0921280336804507,2.7717058095775635,3,HYD1000,1000,987.162892515825,0.0,0.0,8.5,0.0,0.0
Mod-H1-Real,CH,HYD1000,2040-Hhigh,3614.9203014131203,10019.495600586622,2.4093917256402317,247.66161104518616,0.06851094640962678,2.7717058095775635,3,HYD1000,1000,987.162892515825,0.0,0.0,8.5,0.0,0.0
Mod-H1-Real,CH,HYD1000,2040-Hlow,3614.9203014131203,10019.495600586622,2.4093917256402317,370.76065391571353,0.10256399118143165,2.7717058095775635,3,HYD1000,1000,987.162892515825,0.0,0.0,8.5,0.0,0.0
Mod-H1-Real,CH,HYD1000,2045-Hhigh,3614.9203014131203,10019.495600586622,2.4093917256402317,280.3950888611253,0.07756605000434315,2.7717058095775635,3,HYD1000,1000,987.162892515825,0.0,0.0,8.5,0.0,0.0
Mod-H1-Real,CH,HYD1000,2045-Hlow,3614.9203014131203,10019.495600586622,2.4093917256402317,401.6797081351549,0.11111716846928353,2.7717058095775635,3,HYD1000,1000,987.162892515825,0.0,0.0,8.5,0.0,0.0
Mod-H1-Real,CH,HYD200,2024-Hhigh,3186.0416994769116,9406.346,1.9968053555269947,314.7324680294186,0.09878479245299639,2.9523612329193134,3,HYD200,200,368.06228859511555,289.31933831740156,59.0,11.2,-1649.1015743626529,222.0
Mod-H1-Real,CH,HYD200,2024-Hlow,3186.0416994769116,9406.346,2.024394828812558,500.57432807925886,0.15711480743062584,2.9523612329193134,3,HYD200,200,368.06228859511555,289.31933831740156,59.0,11.2,-1649.1015743626529,222.0
Mod-H1-Real,CH,HYD200,2025-Hhigh,3186.0416994769116,9406.346,2.024394828812558,247.86299698077383,0.07779653261332653,2.9523612329193134,3,HYD200,200,368.06228859511555,289.31933831740156,59.0,11.2,-1649.1015743626529,222.0
Mod-H1-Real,CH,HYD200,2025-Hlow,3186.0416994769116,9406.346,2.024394828812558,416.89371321421527,0.13085004922649363,2.9523612329193134,3,HYD200,200,368.06228859511555,289.31933831740156,59.0,11.2,-1649.1015743626529,222.0
Mod-H1-Real,CH,HYD200,2030-Hhigh,3186.0416994769116,9406.346,2.024394828812558,200.09485300485963,0.0628035888663075,2.9523612329193134,3,HYD200,200,368.06228859511555,289.31933831740156,59.0,11.2,-1649.1015743626529,222.0
Mod-H1-Real,CH,HYD200,2030-Hlow,3186.0416994769116,9406.346,2.024394828812558,326.3098836531911,0.10241858532697957,2.9523612329193134,3,HYD200,200,368.06228859511555,289.31933831740156,59.0,11.2,-1649.1015743626529,222.0
Mod-H1-Real,CH,HYD200,2035-Hhigh,3186.0416994769116,9406.346,2.024394828812558,206.90410009790796,0.06494080103593049,2.9523612329193134,3,HYD200,200,368.06228859511555,289.31933831740156,59.0,11.2,-1649.1015743626529,222.0
Mod-H1-Real,CH,HYD200,2035-Hlow,3186.0416994769116,9406.346,2.024394828812558,303.2685496993683,0.0951866228709936,2.9523612329193134,3,HYD200,200,368.06228859511555,289.31933831740156,59.0,11.2,-1649.1015743626529,222.0
Mod-H1-Real,CH,HYD200,2040-Hhigh,3186.0416994769116,9406.346,2.024394828812558,223.60573191863296,0.07018292697027312,2.9523612329193134,3,HYD200,200,368.06228859511555,289.31933831740156,59.0,11.2,-1649.1015743626529,222.0
Mod-H1-Real,CH,HYD200,2040-Hlow,3186.0416994769116,9406.346,2.024394828812558,339.5240703833002,0.10656611005406606,2.9523612329193134,3,HYD200,200,368.06228859511555,289.31933831740156,59.0,11.2,-1649.1015743626529,222.0
Mod-H1-Real,CH,HYD200,2045-Hhigh,3186.0416994769116,9406.346,2.024394828812558,253.44454145975484,0.07954840688411759,2.9523612329193134,3,HYD200,200,368.06228859511555,289.31933831740156,59.0,11.2,-1649.1015743626529,222.0
Mod-H1-Real,CH,HYD200,2045-Hlow,3186.0416994769116,9406.346,2.024394828812558,367.7299991342278,0.11541907916478374,2.9523612329193134,3,HYD200,200,368.06228859511555,289.31933831740156,59.0,11.2,-1649.1015743626529,222.0
Mod-H1-Real,CH,HYD500,2024-Hhigh,3492.198415528671,9674.326928580444,2.219356269068257,336.81537192999144,0.09644794821287445,2.7702684032962894,3,HYD500,500,638.3880734458602,0.0,0.0,8.5,-21.270390587321963,20.0
Mod-H1-Real,CH,HYD500,2024-Hlow,3492.198415528671,9674.326928580444,2.2502732693114837,530.1337350758705,0.15180515881300963,2.7702684032962894,3,HYD500,500,638.3880734458602,0.0,0.0,8.5,-21.270390587321963,20.0
Mod-H1-Real,CH,HYD500,2025-Hhigh,3492.198415528671,9674.326928580444,2.2502732693114837,264.5252972460872,0.07574749936023943,2.7702684032962894,3,HYD500,500,638.3880734458602,0.0,0.0,8.5,-21.270390587321963,20.0
Mod-H1-Real,CH,HYD500,2025-Hlow,3492.198415528671,9674.326928580444,2.2502732693114837,439.64235686383574,0.12589271987206946,2.7702684032962894,3,HYD500,500,638.3880734458602,0.0,0.0,8.5,-21.270390587321963,20.0
Mod-H1-Real,CH,HYD500,2030-Hhigh,3492.198415528671,9674.326928580444,2.2502732693114837,213.69839755944975,0.06119308588229193,2.7702684032962894,3,HYD500,500,638.3880734458602,0.0,0.0,8.5,-21.270390587321963,20.0
Mod-H1-Real,CH,HYD500,2030-Hlow,3492.198415528671,9674.326928580444,2.2502732693114837,344.46044691384697,0.09863713510152898,2.7702684032962894,3,HYD500,500,638.3880734458602,0.0,0.0,8.5,-21.270390587321963,20.0
Mod-H1-Real,CH,HYD500,2035-Hhigh,3492.198415528671,9674.326928580444,2.2502732693114837,221.1245094543597,0.06331957212714229,2.7702684032962894,3,HYD500,500,638.3880734458602,0.0,0.0,8.5,-21.270390587321963,20.0
Mod-H1-Real,CH,HYD500,2035-Hlow,3492.198415528671,9674.326928580444,2.2502732693114837,323.4055191520436,0.09260800237293632,2.7702684032962894,3,HYD500,500,638.3880734458602,0.0,0.0,8.5,-21.270390587321963,20.0
Mod-H1-Real,CH,HYD500,2040-Hhigh,3492.198415528671,9674.326928580444,2.2502732693114837,239.4485471569183,0.06856670746202978,2.7702684032962894,3,HYD500,500,638.3880734458602,0.0,0.0,8.5,-21.270390587321963,20.0
Mod-H1-Real,CH,HYD500,2040-Hlow,3492.198415528671,9674.326928580444,2.2502732693114837,360.1901219873324,0.10314136802355904,2.7702684032962894,3,HYD500,500,638.3880734458602,0.0,0.0,8.5,-21.270390587321963,20.0
Mod-H1-Real,CH,HYD500,2045-Hhigh,3492.198415528671,9674.326928580444,2.2502732693114837,271.06092217413175,0.07761899237134177,2.7702684032962894,3,HYD500,500,638.3880734458602,0.0,0.0,8.5,-21.270390587321963,20.0
Mod-H1-Real,CH,HYD500,2045-Hlow,3492.198415528671,9674.326928580444,2.2502732693114837,389.7207880391024,0.11159755021540035,2.7702684032962894,3,HYD500,500,638.3880734458602,0.0,0.0,8.5,-21.270390587321963,20.0
Mod-H1-Real,CH,HYD1000,2024-Hhigh,3771.3379543103397,10493.712283827383,2.3637889979143885,363.68511702927776,0.09643397686320171,2.7824905672624496,4,HYD1000,1000,982.074595050652,0.0,0.0,8.5,0.0,0.0
Mod-H1-Real,CH,HYD1000,2024-Hlow,3771.3379543103397,10493.712283827383,2.399948217163246,560.8054553301556,0.14870198908830207,2.7824905672624496,4,HYD1000,1000,982.074595050652,0.0,0.0,8.5,0.0,0.0
Mod-H1-Real,CH,HYD1000,2025-Hhigh,3771.3379543103397,10493.712283827383,2.399948217163246,284.4408940599579,0.07542174620942271,2.7824905672624496,4,HYD1000,1000,982.074595050652,0.0,0.0,8.5,0.0,0.0
Mod-H1-Real,CH,HYD1000,2025-Hlow,3771.3379543103397,10493.712283827383,2.399948217163246,464.15997552159814,0.12307567795431862,2.7824905672624496,4,HYD1000,1000,982.074595050652,0.0,0.0,8.5,0.0,0.0
Mod-H1-Real,CH,HYD1000,2030-Hhigh,3771.3379543103397,10493.712283827383,2.399948217163246,229.03100265523173,0.060729376531601334,2.7824905672624496,4,HYD1000,1000,982.074595050652,0.0,0.0,8.5,0.0,0.0
Mod-H1-Real,CH,HYD1000,2030-Hlow,3771.3379543103397,10493.712283827383,2.399948217163246,363.93396771030643,0.0964999615837554,2.7824905672624496,4,HYD1000,1000,982.074595050652,0.0,0.0,8.5,0.0,0.0
Mod-H1-Real,CH,HYD1000,2035-Hhigh,3771.3379543103397,10493.712283827383,2.399948217163246,236.60141125516847,0.06273673007340852,2.7824905672624496,4,HYD1000,1000,982.074595050652,0.0,0.0,8.5,0.0,0.0
Mod-H1-Real,CH,HYD1000,2035-Hlow,3771.3379543103397,10493.712283827383,2.399948217163246,342.012522942636,0.09068731762735367,2.7824905672624496,4,HYD1000,1000,982.074595050652,0.0,0.0,8.5,0.0,0.0
Mod-H1-Real,CH,HYD1000,2040-Hhigh,3771.3379543103397,10493.712283827383,2.399948217163246,255.64549681575255,0.06778641954470563,2.7824905672624496,4,HYD1000,1000,982.074595050652,0.0,0.0,8.5,0.0,0.0
Mod-H1-Real,CH,HYD1000,2040-Hlow,3771.3379543103397,10493.712283827383,2.399948217163246,379.21150809240186,0.10055092189735826,2.7824905672624496,4,HYD1000,1000,982.074595050652,0.0,0.0,8.5,0.0,0.0
Mod-H1-Real,CH,HYD1000,2045-Hhigh,3771.3379543103397,10493.712283827383,2.399948217163246,289.1183777427331,0.07666201789534502,2.7824905672624496,4,HYD1000,1000,982.074595050652,0.0,0.0,8.5,0.0,0.0
Mod-H1-Real,CH,HYD1000,2045-Hlow,3771.3379543103397,10493.712283827383,2.399948217163246,411.79764478550237,0.10919139302136802,2.7824905672624496,4,HYD1000,1000,982.074595050652,0.0,0.0,8.5,0.0,0.0
Mod-H1-Real,CH,HYD200,2024-Hhigh,3320.6691304306773,9884.366399999999,2.009479881747426,327.6473271498398,0.09866906767291966,2.9766188716061683,4,HYD200,200,367.0712480812885,560.7831884930656,101.0,11.2,-1401.5548993519835,226.0
Mod-H1-Real,CH,HYD200,2024-Hlow,3320.6691304306773,9884.366399999999,2.03706935503299,514.3601800324207,0.1548965463974757,2.9766188716061683,4,HYD200,200,367.0712480812885,560.7831884930656,101.0,11.2,-1401.5548993519835,226.0
Mod-H1-Real,CH,HYD200,2025-Hhigh,3320.6691304306773,9884.366399999999,2.03706935503299,256.2675118444217,0.07717345564361747,2.9766188716061683,4,HYD200,200,367.0712480812885,560.7831884930656,101.0,11.2,-1401.5548993519835,226.0
Mod-H1-Real,CH,HYD200,2025-Hlow,3320.6691304306773,9884.366399999999,2.03706935503299,427.0805363911375,0.12861279447487348,2.9766188716061683,4,HYD200,200,367.0712480812885,560.7831884930656,101.0,11.2,-1401.5548993519835,226.0
Mod-H1-Real,CH,HYD200,2030-Hhigh,3320.6691304306773,9884.366399999999,2.03706935503299,206.14445577225948,0.06207919177588264,2.9766188716061683,4,HYD200,200,367.0712480812885,560.7831884930656,101.0,11.2,-1401.5548993519835,226.0
Mod-H1-Real,CH,HYD200,2030-Hlow,3320.6691304306773,9884.366399999999,2.03706935503299,334.1347627616156,0.10062272079431162,2.9766188716061683,4,HYD200,200,367.0712480812885,560.7831884930656,101.0,11.2,-1401.5548993519835,226.0
Mod-H1-Real,CH,HYD200,2035-Hhigh,3320.6691304306773,9884.366399999999,2.03706935503299,213.4843835621837,0.06428956790840996,2.9766188716061683,4,HYD200,200,367.0712480812885,560.7831884930656,101.0,11.2,-1401.5548993519835,226.0
Mod-H1-Real,CH,HYD200,2035-Hlow,3320.6691304306773,9884.366399999999,2.03706935503299,310.93510462115006,0.0936362800411925,2.9766188716061683,4,HYD200,200,367.0712480812885,560.7831884930656,101.0,11.2,-1401.5548993519835,226.0
Mod-H1-Real,CH,HYD200,2040-Hhigh,3320.6691304306773,9884.366399999999,2.03706935503299,230.23902739075413,0.06933513046537493,2.9766188716061683,4,HYD200,200,367.0712480812885,560.7831884930656,101.0,11.2,-1401.5548993519835,226.0
Mod-H1-Real,CH,HYD200,2040-Hlow,3320.6691304306773,9884.366399999999,2.03706935503299,346.6605842553781,0.10439479834909587,2.9766188716061683,4,HYD200,200,367.0712480812885,560.7831884930656,101.0,11.2,-1401.5548993519835,226.0
Mod-H1-Real,CH,HYD200,2045-Hhigh,3320.6691304306773,9884.366399999999,2.03706935503299,260.48556026907596,0.07844369614605115,2.9766188716061683,4,HYD200,200,367.0712480812885,560.7831884930656,101.0,11.2,-1401.5548993519835,226.0
Mod-H1-Real,CH,HYD200,2045-Hlow,3320.6691304306773,9884.366399999999,2.03706935503299,376.4323860842921,0.11336040156324467,2.9766188716061683,4,HYD200,200,367.0712480812885,560.7831884930656,101.0,11.2,-1401.5548993519835,226.0
Mod-H1-Real,CH,HYD500,2024-Hhigh,3648.3692146179856,10151.06827907429,2.2239937329003703,351.6459409394499,0.09638441732555572,2.782357728050611,4,HYD500,500,635.7681849323255,0.0,0.0,8.5,0.0,0.0
Mod-H1-Real,CH,HYD500,2024-Hlow,3648.3692146179856,10151.06827907429,2.256670057563042,545.5295050158555,0.1495269455816239,2.782357728050611,4,HYD500,500,635.7681849323255,0.0,0.0,8.5,0.0,0.0
Mod-H1-Real,CH,HYD500,2025-Hhigh,3648.3692146179856,10151.06827907429,2.256670057563042,274.3188532888397,0.07518944414663996,2.782357728050611,4,HYD500,500,635.7681849323255,0.0,0.0,8.5,0.0,0.0
Mod-H1-Real,CH,HYD500,2025-Hlow,3648.3692146179856,10151.06827907429,2.256670057563042,450.9367842672856,0.12359954756237641,2.782357728050611,4,HYD500,500,635.7681849323255,0.0,0.0,8.5,0.0,0.0
Mod-H1-Real,CH,HYD500,2030-Hhigh,3648.3692146179856,10151.06827907429,2.256670057563042,220.78930116553792,0.06051725803432874,2.782357728050611,4,HYD500,500,635.7681849323255,0.0,0.0,8.5,0.0,0.0
Mod-H1-Real,CH,HYD500,2030-Hlow,3648.3692146179856,10151.06827907429,2.256670057563042,353.2068151779623,0.09681224525269053,2.782357728050611,4,HYD500,500,635.7681849323255,0.0,0.0,8.5,0.0,0.0
Mod-H1-Real,CH,HYD500,2035-Hhigh,3648.3692146179856,10151.06827907429,2.256670057563042,228.680102441098,0.0626800877292905,2.782357728050611,4,HYD500,500,635.7681849323255,0.0,0.0,8.5,0.0,0.0
Mod-H1-Real,CH,HYD500,2035-Hlow,3648.3692146179856,10151.06827907429,2.256670057563042,331.98206845275314,0.09099464690212676,2.782357728050611,4,HYD500,500,635.7681849323255,0.0,0.0,8.5,0.0,0.0
Mod-H1-Real,CH,HYD500,2040-Hhigh,3648.3692146179856,10151.06827907429,2.256670057563042,247.02724643066844,0.06770894936863846,2.782357728050611,4,HYD500,500,635.7681849323255,0.0,0.0,8.5,0.0,0.0
Mod-H1-Real,CH,HYD500,2040-Hlow,3648.3692146179856,10151.06827907429,2.256670057563042,368.2178338707948,0.10092669140926029,2.782357728050611,4,HYD500,500,635.7681849323255,0.0,0.0,8.5,0.0,0.0
Mod-H1-Real,CH,HYD500,2045-Hhigh,3648.3692146179856,10151.06827907429,2.256670057563042,279.1410312894862,0.07651117934310127,2.782357728050611,4,HYD500,500,635.7681849323255,0.0,0.0,8.5,0.0,0.0
Mod-H1-Real,CH,HYD500,2045-Hlow,3648.3692146179856,10151.06827907429,2.256670057563042,399.31222837514804,0.10944951151742446,2.782357728050611,4,HYD500,500,635.7681849323255,0.0,0.0,8.5,0.0,0.0
Mod-H1-Real,CH,HYD1000,2024-Hhigh,3932.755046807232,10969.008585555786,2.462790513007405,378.267926461628,0.0961839529692349,2.789141061419746,5,HYD1000,1000,978.9016700852898,0.0,0.0,8.5,0.0,0.0
Mod-H1-Real,CH,HYD1000,2024-Hlow,3932.755046807232,10969.008585555786,2.5196683285098587,578.5599839213617,0.1471131502052384,2.789141061419746,5,HYD1000,1000,978.9016700852898,0.0,0.0,8.5,0.0,0.0
Mod-H1-Real,CH,HYD1000,2025-Hhigh,3932.755046807232,10969.008585555786,2.5196683285098587,295.5808472746102,0.07515872302155574,2.789141061419746,5,HYD1000,1000,978.9016700852898,0.0,0.0,8.5,0.0,0.0
Mod-H1-Real,CH,HYD1000,2025-Hlow,3932.755046807232,10969.008585555786,2.5196683285098587,477.53144390536784,0.12142415131932689,2.789141061419746,5,HYD1000,1000,978.9016700852898,0.0,0.0,8.5,0.0,0.0
Mod-H1-Real,CH,HYD1000,2030-Hhigh,3932.755046807232,10969.008585555786,2.5196683285098587,238.170326169699,0.06056068159217168,2.789141061419746,5,HYD1000,1000,978.9016700852898,0.0,0.0,8.5,0.0,0.0
Mod-H1-Real,CH,HYD1000,2030-Hlow,3932.755046807232,10969.008585555786,2.5196683285098587,374.175763071705,0.09514341946505818,2.789141061419746,5,HYD1000,1000,978.9016700852898,0.0,0.0,8.5,0.0,0.0
Mod-H1-Real,CH,HYD1000,2035-Hhigh,3932.755046807232,10969.008585555786,2.5196683285098587,245.41626848910838,0.062403141199538256,2.789141061419746,5,HYD1000,1000,978.9016700852898,0.0,0.0,8.5,0.0,0.0
Mod-H1-Real,CH,HYD1000,2035-Hlow,3932.755046807232,10969.008585555786,2.5196683285098587,352.11557743908907,0.08953407299672798,2.789141061419746,5,HYD1000,1000,978.9016700852898,0.0,0.0,8.5,0.0,0.0
Mod-H1-Real,CH,HYD1000,2040-Hhigh,3932.755046807232,10969.008585555786,2.5196683285098587,264.90044914378143,0.06735747484675869,2.789141061419746,5,HYD1000,1000,978.9016700852898,0.0,0.0,8.5,0.0,0.0
Mod-H1-Real,CH,HYD1000,2040-Hlow,3932.755046807232,10969.008585555786,2.5196683285098587,391.0688600995619,0.0994389061726708,2.789141061419746,5,HYD1000,1000,978.9016700852898,0.0,0.0,8.5,0.0,0.0
Mod-H1-Real,CH,HYD1000,2045-Hhigh,3932.755046807232,10969.008585555786,2.5196683285098587,299.14281870296594,0.07606444213855172,2.789141061419746,5,HYD1000,1000,978.9016700852898,0.0,0.0,8.5,0.0,0.0
Mod-H1-Real,CH,HYD1000,2045-Hlow,3932.755046807232,10969.008585555786,2.5196683285098587,424.1169862191461,0.10784220760544476,2.789141061419746,5,HYD1000,1000,978.9016700852898,0.0,0.0,8.5,0.0,0.0
Mod-H1-Real,CH,HYD200,2024-Hhigh,3460.8012735103475,10362.8616,2.063637032932748,340.1788656816049,0.09829482793057225,2.9943532670654562,5,HYD200,200,366.03505771150833,557.6925882298304,110.0,11.2,-1831.156333089349,313.0
Mod-H1-Real,CH,HYD200,2024-Hlow,3460.8012735103475,10362.8616,2.107922034506368,530.1470907895398,0.15318622737670312,2.9943532670654562,5,HYD200,200,366.03505771150833,557.6925882298304,110.0,11.2,-1831.156333089349,313.0
Mod-H1-Real,CH,HYD200,2025-Hhigh,3460.8012735103475,10362.8616,2.107922034506368,265.4634665205808,0.0767057815635039,2.9943532670654562,5,HYD200,200,366.03505771150833,557.6925882298304,110.0,11.2,-1831.156333089349,313.0
Mod-H1-Real,CH,HYD200,2025-Hlow,3460.8012735103475,10362.8616,2.107922034506368,438.63465088471634,0.12674366894225106,2.9943532670654562,5,HYD200,200,366.03505771150833,557.6925882298304,110.0,11.2,-1831.156333089349,313.0
Mod-H1-Real,CH,HYD200,2030-Hhigh,3460.8012735103475,10362.8616,2.107922034506368,213.60653700780884,0.061721699723932495,2.9943532670654562,5,HYD200,200,366.03505771150833,557.6925882298304,110.0,11.2,-1831.156333089349,313.0
Mod-H1-Real,CH,HYD200,2030-Hlow,3460.8012735103475,10362.8616,2.107922034506368,342.7745281332107,0.09904484570000428,2.9943532670654562,5,HYD200,200,366.03505771150833,557.6925882298304,110.0,11.2,-1831.156333089349,313.0
Mod-H1-Real,CH,HYD200,2035-Hhigh,3460.8012735103475,10362.8616,2.107922034506368,220.75780548813094,0.06378806179304618,2.9943532670654562,5,HYD200,200,366.03505771150833,557.6925882298304,110.0,11.2,-1831.156333089349,313.0
Mod-H1-Real,CH,HYD200,2035-Hlow,3460.8012735103475,10362.8616,2.107922034506368,319.44421232435326,0.09230354102370511,2.9943532670654562,5,HYD200,200,366.03505771150833,557.6925882298304,110.0,11.2,-1831.156333089349,313.0
Mod-H1-Real,CH,HYD200,2040-Hhigh,3460.8012735103475,10362.8616,2.107922034506368,237.90300321259252,0.06874217396807751,2.9943532670654562,5,HYD200,200,366.03505771150833,557.6925882298304,110.0,11.2,-1831.156333089349,313.0
Mod-H1-Real,CH,HYD200,2040-Hlow,3460.8012735103475,10362.8616,2.107922034506368,356.69034649350493,0.10306582733417341,2.9943532670654562,5,HYD200,200,366.03505771150833,557.6925882298304,110.0,11.2,-1831.156333089349,313.0
Mod-H1-Real,CH,HYD200,2045-Hhigh,3460.8012735103475,10362.8616,2.107922034506368,268.7646384760063,0.07765965660414646,2.9943532670654562,5,HYD200,200,366.03505771150833,557.6925882298304,110.0,11.2,-1831.156333089349,313.0
Mod-H1-Real,CH,HYD200,2045-Hlow,3460.8012735103475,10362.8616,2.107922034506368,386.6238472487259,0.11171512510932677,2.9943532670654562,5,HYD200,200,366.03505771150833,557.6925882298304,110.0,11.2,-1831.156333089349,313.0
Mod-H1-Real,CH,HYD500,2024-Hhigh,3809.555975966814,10628.057818796517,2.2842769878840015,365.8599121110438,0.09603741601885597,2.7898416208726946,5,HYD500,500,633.8810214528671,0.0,0.0,8.5,0.0,0.0
Mod-H1-Real,CH,HYD500,2024-Hlow,3809.555975966814,10628.057818796517,2.337671908800269,563.1161419800875,0.14781673915086027,2.7898416208726946,5,HYD500,500,633.8810214528671,0.0,0.0,8.5,0.0,0.0
Mod-H1-Real,CH,HYD500,2025-Hhigh,3809.555975966814,10628.057818796517,2.337671908800269,284.75827859123217,0.07474841697764117,2.7898416208726946,5,HYD500,500,633.8810214528671,0.0,0.0,8.5,0.0,0.0
Mod-H1-Real,CH,HYD500,2025-Hlow,3809.555975966814,10628.057818796517,2.337671908800269,463.8606788533203,0.12176240007487978,2.7898416208726946,5,HYD500,500,633.8810214528671,0.0,0.0,8.5,0.0,0.0
Mod-H1-Real,CH,HYD500,2030-Hhigh,3809.555975966814,10628.057818796517,2.337671908800269,229.3129135540977,0.06019413154728647,2.7898416208726946,5,HYD500,500,633.8810214528671,0.0,0.0,8.5,0.0,0.0
Mod-H1-Real,CH,HYD500,2030-Hlow,3809.555975966814,10628.057818796517,2.337671908800269,362.988828423031,0.09528376291436677,2.7898416208726946,5,HYD500,500,633.8810214528671,0.0,0.0,8.5,0.0,0.0
Mod-H1-Real,CH,HYD500,2035-Hhigh,3809.555975966814,10628.057818796517,2.337671908800269,237.07253120668622,0.062231013982284485,2.7898416208726946,5,HYD500,500,633.8810214528671,0.0,0.0,8.5,0.0,0.0
Mod-H1-Real,CH,HYD500,2035-Hlow,3809.555975966814,10628.057818796517,2.337671908800269,341.8064757832777,0.08972344229606229,2.7898416208726946,5,HYD500,500,633.8810214528671,0.0,0.0,8.5,0.0,0.0
Mod-H1-Real,CH,HYD500,2040-Hhigh,3809.555975966814,10628.057818796517,2.337671908800269,255.87653687203766,0.06716702379129622,2.7898416208726946,5,HYD500,500,633.8810214528671,0.0,0.0,8.5,0.0,0.0
Mod-H1-Real,CH,HYD500,2040-Hlow,3809.555975966814,10628.057818796517,2.337671908800269,379.48308658615224,0.09961346912348348,2.7898416208726946,5,HYD500,500,633.8810214528671,0.0,0.0,8.5,0.0,0.0
Mod-H1-Real,CH,HYD500,2045-Hhigh,3809.555975966814,10628.057818796517,2.337671908800269,288.64806966484605,0.07576947851293642,2.7898416208726946,5,HYD500,500,633.8810214528671,0.0,0.0,8.5,0.0,0.0
Mod-H1-Real,CH,HYD500,2045-Hlow,3809.555975966814,10628.057818796517,2.337671908800269,410.8981199332858,0.10785984574724758,2.7898416208726946,5,HYD500,500,633.8810214528671,0.0,0.0,8.5,0.0,0.0
