Hshld_code,Loc_code,SH_code,Grid_code,P_annual (kWh),Q_annual (kWh),P_avg_peak (kW),kgCO2,kgCO2_kWh_dispatched,sCOP_annual,Occ_code,DW_code,Tank_Volume (L),Q_standing_losses_annual (kWh),unmet_demand_DW (L.K),unmet_demand_DW (min),HP_cap,unmet_demand_SH (L.K),unmet_demand_SH (min)
Mod-Nom-Ideal,AK,Rl,2024-Hhigh,2233.508469594546,2233.508469594546,1.4200183063756628,211.47571575424666,0.09468319401208106,,,,,,,,,,
Mod-Nom-Ideal,AK,Rl,2024-Hlow,2233.508469594546,2233.508469594546,1.4277724035072425,370.84912602131374,0.16603882683670093,,,,,,,,,,
Mod-Nom-Ideal,AK,Rl,2025-Hhigh,2233.508469594546,2233.508469594546,1.4277724035072425,168.87696935194492,0.07561062411489379,,,,,,,,,,
Mod-Nom-Ideal,AK,Rl,2025-Hlow,2233.508469594546,2233.508469594546,1.4277724035072425,316.97420775611783,0.14191762067222377,,,,,,,,,,
Mod-Nom-Ideal,AK,Rl,2030-Hhigh,2233.508469594546,2233.508469594546,1.4292778911926634,138.4410675583732,0.061983677001012094,,,,,,,,,,
Mod-Nom-Ideal,AK,Rl,2030-Hlow,2233.508469594546,2233.508469594546,1.4292778911926634,249.59412191949255,0.11174979872129248,,,,,,,,,,
Mod-Nom-Ideal,AK,Rl,2035-Hhigh,2233.508469594546,2233.508469594546,1.4292778911926634,146.442054933367,0.0655659277441428,,,,,,,,,,
Mod-Nom-Ideal,AK,Rl,2035-Hlow,2233.508469594546,2233.508469594546,1.4292778911926634,233.72718564852966,0.10464575748439346,,,,,,,,,,
Mod-Nom-Ideal,AK,Rl,2040-Hhigh,2233.508469594546,2233.508469594546,1.4292778911926634,163.48299934620263,0.0731956030486332,,,,,,,,,,
Mod-Nom-Ideal,AK,Rl,2040-Hlow,2233.508469594546,2233.508469594546,1.4292778911926634,265.1114275088852,0.11869730118239107,,,,,,,,,,
Mod-Nom-Ideal,AK,Rl,2045-Hhigh,2233.508469594546,2233.508469594546,1.4292778911926634,186.75957106467177,0.0836171313460811,,,,,,,,,,
Mod-Nom-Ideal,AK,Rl,2045-Hlow,2233.508469594546,2233.508469594546,1.4292778911926634,288.1061567160877,0.1289926412360497,,,,,,,,,,
Mod-Nom-Ideal,AK,Rb,2024-Hhigh,1157.0023147021138,1157.0023147021138,0.4177784950669235,104.7427883477315,0.09052945445031281,,,,,,,,,,
Mod-Nom-Ideal,AK,Rb,2024-Hlow,1157.0023147021138,1157.0023147021138,0.4177784950669235,213.90743319363202,0.18488073055299412,,,,,,,,,,
Mod-Nom-Ideal,AK,Rb,2025-Hhigh,1157.0023147021138,1157.0023147021138,0.4177784950669235,82.72385440198568,0.07149843466240953,,,,,,,,,,
Mod-Nom-Ideal,AK,Rb,2025-Hlow,1157.0023147021138,1157.0023147021138,0.4177784950669235,181.43977941219973,0.15681885602702003,,,,,,,,,,
Mod-Nom-Ideal,AK,Rb,2030-Hhigh,1157.0023147021138,1157.0023147021138,0.3939688945982961,69.41413296351165,0.0599948090694903,,,,,,,,,,
Mod-Nom-Ideal,AK,Rb,2030-Hlow,1157.0023147021138,1157.0023147021138,0.3939688945982961,142.68832408370102,0.1233258760769533,,,,,,,,,,
Mod-Nom-Ideal,AK,Rb,2035-Hhigh,1157.0023147021138,1157.0023147021138,0.3939688945982961,77.24930494110387,0.0667667678443606,,,,,,,,,,
Mod-Nom-Ideal,AK,Rb,2035-Hlow,1157.0023147021138,1157.0023147021138,0.3939688945982961,132.23973160405228,0.11429513141302507,,,,,,,,,,
Mod-Nom-Ideal,AK,Rb,2040-Hhigh,1157.0023147021138,1157.0023147021138,0.3939688945982961,88.67893114928069,0.07664542241828816,,,,,,,,,,
Mod-Nom-Ideal,AK,Rb,2040-Hlow,1157.0023147021138,1157.0023147021138,0.3939688945982961,151.01079430758614,0.13051900794724508,,,,,,,,,,
Mod-Nom-Ideal,AK,Rb,2045-Hhigh,1157.0023147021138,1157.0023147021138,0.3939688945982961,99.18370962443214,0.08572472877892932,,,,,,,,,,
Mod-Nom-Ideal,AK,Rb,2045-Hlow,1157.0023147021138,1157.0023147021138,0.3939688945982961,162.28446273423393,0.14026286781977293,,,,,,,,,,
Mod-Nom-Ideal,AK,R,2024-Hhigh,3390.510784296661,3390.510784296661,1.8377968014425867,316.2185041019779,0.09326574201343392,,,,,,,,,,
Mod-Nom-Ideal,AK,R,2024-Hlow,3390.510784296661,3390.510784296661,1.8455508985741662,584.7565592149456,0.17246857373917762,,,,,,,,,,
Mod-Nom-Ideal,AK,R,2025-Hhigh,3390.510784296661,3390.510784296661,1.8455508985741662,251.6008237539306,0.07420735097473626,,,,,,,,,,
Mod-Nom-Ideal,AK,R,2025-Hlow,3390.510784296661,3390.510784296661,1.8455508985741662,498.41398716831736,0.14700262552673463,,,,,,,,,,
Mod-Nom-Ideal,AK,R,2030-Hhigh,3390.510784296661,3390.510784296661,1.8232467857909598,207.855200521885,0.06130498138645596,,,,,,,,,,
Mod-Nom-Ideal,AK,R,2030-Hlow,3390.510784296661,3390.510784296661,1.8232467857909598,392.2824460031935,0.1157001027161074,,,,,,,,,,
Mod-Nom-Ideal,AK,R,2035-Hhigh,3390.510784296661,3390.510784296661,1.8232467857909598,223.69135987447086,0.06597571106704919,,,,,,,,,,
Mod-Nom-Ideal,AK,R,2035-Hlow,3390.510784296661,3390.510784296661,1.8232467857909598,365.9669172525819,0.10793857932780453,,,,,,,,,,
Mod-Nom-Ideal,AK,R,2040-Hhigh,3390.510784296661,3390.510784296661,1.8232467857909598,252.16193049548332,0.07437284425207709,,,,,,,,,,
Mod-Nom-Ideal,AK,R,2040-Hlow,3390.510784296661,3390.510784296661,1.8232467857909598,416.1222218164712,0.12273142552554749,,,,,,,,,,
Mod-Nom-Ideal,AK,R,2045-Hhigh,3390.510784296661,3390.510784296661,1.8232467857909598,285.9432806891039,0.08433634307062703,,,,,,,,,,
Mod-Nom-Ideal,AK,R,2045-Hlow,3390.510784296661,3390.510784296661,1.8232467857909598,450.3906194503216,0.13283857451105324,,,,,,,,,,
Mod-H1-Ideal,AK,Rl,2024-Hhigh,1684.7373555181127,1684.7373555181127,1.1512813660895267,155.8578932774588,0.09251168603044795,,,,,,,,,,
Mod-H1-Ideal,AK,Rl,2024-Hlow,1684.7373555181127,1684.7373555181127,1.1657742628112702,283.905438716875,0.16851614157363098,,,,,,,,,,
Mod-H1-Ideal,AK,Rl,2025-Hhigh,1684.7373555181127,1684.7373555181127,1.1657742628112702,123.60939131963394,0.0733701255657265,,,,,,,,,,
Mod-H1-Ideal,AK,Rl,2025-Hlow,1684.7373555181127,1684.7373555181127,1.1657742628112702,242.64826600751672,0.14402735548823534,,,,,,,,,,
Mod-H1-Ideal,AK,Rl,2030-Hhigh,1684.7373555181127,1684.7373555181127,1.1549494764706674,101.70250900471173,0.060366981637582806,,,,,,,,,,
Mod-H1-Ideal,AK,Rl,2030-Hlow,1684.7373555181127,1684.7373555181127,1.1549494764706674,190.33886049561656,0.11297835824212554,,,,,,,,,,
Mod-H1-Ideal,AK,Rl,2035-Hhigh,1684.7373555181127,1684.7373555181127,1.1549494764706674,108.73347715396991,0.06454031353779222,,,,,,,,,,
Mod-H1-Ideal,AK,Rl,2035-Hlow,1684.7373555181127,1684.7373555181127,1.1549494764706674,179.3676015301763,0.10646621026279482,,,,,,,,,,
Mod-H1-Ideal,AK,Rl,2040-Hhigh,1684.7373555181127,1684.7373555181127,1.1549494764706674,121.80582389106573,0.07229959227300826,,,,,,,,,,
Mod-H1-Ideal,AK,Rl,2040-Hlow,1684.7373555181127,1684.7373555181127,1.1549494764706674,203.74033842088838,0.12093299751060096,,,,,,,,,,
Mod-H1-Ideal,AK,Rl,2045-Hhigh,1684.7373555181127,1684.7373555181127,1.1549494764706674,138.95837995553018,0.0824807377247214,,,,,,,,,,
Mod-H1-Ideal,AK,Rl,2045-Hlow,1684.7373555181127,1684.7373555181127,1.1549494764706674,220.18245649822762,0.1306924523143337,,,,,,,,,,
Mod-H1-Ideal,AK,Rb,2024-Hhigh,577.4506731790643,577.4506731790643,0.3233454045991835,54.130374966740874,0.09374025779333595,,,,,,,,,,
Mod-H1-Ideal,AK,Rb,2024-Hlow,577.4506731790643,577.4506731790643,0.3233454045991835,111.35864215847269,0.19284528935676032,,,,,,,,,,
Mod-H1-Ideal,AK,Rb,2025-Hhigh,577.4506731790643,577.4506731790643,0.3233454045991835,43.49032348584381,0.0753143523868708,,,,,,,,,,
Mod-H1-Ideal,AK,Rb,2025-Hlow,577.4506731790643,577.4506731790643,0.3233454045991835,96.67857689565828,0.16742309150565104,,,,,,,,,,
Mod-H1-Ideal,AK,Rb,2030-Hhigh,577.4506731790643,577.4506731790643,0.303293913359103,36.57521738224882,0.06333911982626964,,,,,,,,,,
Mod-H1-Ideal,AK,Rb,2030-Hlow,577.4506731790643,577.4506731790643,0.303293913359103,76.22538000308165,0.13200327498699543,,,,,,,,,,
Mod-H1-Ideal,AK,Rb,2035-Hhigh,577.4506731790643,577.4506731790643,0.303293913359103,39.99326392946344,0.06925832073116615,,,,,,,,,,
Mod-H1-Ideal,AK,Rb,2035-Hlow,577.4506731790643,577.4506731790643,0.303293913359103,69.6774690478837,0.12066393249536848,,,,,,,,,,
Mod-H1-Ideal,AK,Rb,2040-Hhigh,577.4506731790643,577.4506731790643,0.303293913359103,45.36350520884957,0.07855823417627672,,,,,,,,,,
Mod-H1-Ideal,AK,Rb,2040-Hlow,577.4506731790643,577.4506731790643,0.303293913359103,81.16996415133168,0.14056605684510357,,,,,,,,,,
Mod-H1-Ideal,AK,Rb,2045-Hhigh,577.4506731790643,577.4506731790643,0.303293913359103,51.52495977197183,0.08922833094696941,,,,,,,,,,
Mod-H1-Ideal,AK,Rb,2045-Hlow,577.4506731790643,577.4506731790643,0.303293913359103,87.70909369176302,0.15189019212479973,,,,,,,,,,
Mod-H1-Ideal,AK,R,2024-Hhigh,2262.1880286971764,2262.1880286971764,1.4746267706887102,209.98826824419956,0.09282529373348976,,,,,,,,,,
Mod-H1-Ideal,AK,R,2024-Hlow,2262.1880286971764,2262.1880286971764,1.4891196674104532,395.26408087534776,0.17472644884562735,,,,,,,,,,
Mod-H1-Ideal,AK,R,2025-Hhigh,2262.1880286971764,2262.1880286971764,1.4891196674104532,167.09971480547773,0.07386641282056144,,,,,,,,,,
Mod-H1-Ideal,AK,R,2025-Hlow,2262.1880286971764,2262.1880286971764,1.4891196674104532,339.32684290317496,0.14999939819264171,,,,,,,,,,
Mod-H1-Ideal,AK,R,2030-Hhigh,2262.1880286971764,2262.1880286971764,1.4582433898297706,138.27772638696052,0.06112565561873142,,,,,,,,,,
Mod-H1-Ideal,AK,R,2030-Hlow,2262.1880286971764,2262.1880286971764,1.4582433898297706,266.5642404986984,0.11783469681440062,,,,,,,,,,
Mod-H1-Ideal,AK,R,2035-Hhigh,2262.1880286971764,2262.1880286971764,1.4582433898297706,148.7267410834333,0.06574464155797295,,,,,,,,,,
Mod-H1-Ideal,AK,R,2035-Hlow,2262.1880286971764,2262.1880286971764,1.4582433898297706,249.04507057805995,0.11009034943991294,,,,,,,,,,
Mod-H1-Ideal,AK,R,2040-Hhigh,2262.1880286971764,2262.1880286971764,1.4582433898297706,167.16932909991516,0.07389718581270636,,,,,,,,,,
Mod-H1-Ideal,AK,R,2040-Hlow,2262.1880286971764,2262.1880286971764,1.4582433898297706,284.91030257221985,0.12594457178535393,,,,,,,,,,
Mod-H1-Ideal,AK,R,2045-Hhigh,2262.1880286971764,2262.1880286971764,1.4582433898297706,190.48333972750206,0.08420314196305066,,,,,,,,,,
Mod-H1-Ideal,AK,R,2045-Hlow,2262.1880286971764,2262.1880286971764,1.4582433898297706,307.8915501899907,0.136103430079289,,,,,,,,,,
Mod-Nom-Real,AK,Rl,2024-Hhigh,2238.2603680441844,2238.2603680441844,1.4252819636628475,211.86490351555878,0.09465605813352652,,,,,,,,,,
Mod-Nom-Real,AK,Rl,2024-Hlow,2238.2603680441844,2238.2603680441844,1.43300580562957,371.68432934471605,0.16605946951091208,,,,,,,,,,
Mod-Nom-Real,AK,Rl,2025-Hhigh,2238.2603680441844,2238.2603680441844,1.43300580562957,169.18192486149607,0.07558634700275242,,,,,,,,,,
Mod-Nom-Real,AK,Rl,2025-Hlow,2238.2603680441844,2238.2603680441844,1.43300580562957,317.67130155174124,0.14192776947988664,,,,,,,,,,
Mod-Nom-Real,AK,Rl,2030-Hhigh,2238.2603680441844,2238.2603680441844,1.4342525981539735,138.68969397153649,0.06196316387120101,,,,,,,,,,
Mod-Nom-Real,AK,Rl,2030-Hlow,2238.2603680441844,2238.2603680441844,1.4342525981539735,250.12624301997207,0.11175028901509569,,,,,,,,,,
Mod-Nom-Real,AK,Rl,2035-Hhigh,2238.2603680441844,2238.2603680441844,1.4342525981539735,146.71670420717942,0.06554943575906767,,,,,,,,,,
Mod-Nom-Real,AK,Rl,2035-Hlow,2238.2603680441844,2238.2603680441844,1.4342525981539735,234.24445142490745,0.10465469288972522,,,,,,,,,,
Mod-Nom-Real,AK,Rl,2040-Hhigh,2238.2603680441844,2238.2603680441844,1.4342525981539735,163.78775882992363,0.07317636552401771,,,,,,,,,,
Mod-Nom-Real,AK,Rl,2040-Hlow,2238.2603680441844,2238.2603680441844,1.4342525981539735,265.71003625881474,0.11871274676189482,,,,,,,,,,
Mod-Nom-Real,AK,Rl,2045-Hhigh,2238.2603680441844,2238.2603680441844,1.4342525981539735,187.1059742926022,0.08359437398969692,,,,,,,,,,
Mod-Nom-Real,AK,Rl,2045-Hlow,2238.2603680441844,2238.2603680441844,1.4342525981539735,288.735245691818,0.12899984729842576,,,,,,,,,,
Mod-Nom-Real,AK,Rb,2024-Hhigh,836.5585200238972,836.5585200238972,0.46154224960032514,80.77718823968925,0.09655892123049772,,,,,,,,,,
Mod-Nom-Real,AK,Rb,2024-Hlow,836.5585200238972,836.5585200238972,0.46154224960032514,151.0847993034561,0.1806027859224244,,,,,,,,,,
Mod-Nom-Real,AK,Rb,2025-Hhigh,836.5585200238972,836.5585200238972,0.46154224960032514,65.48262827876225,0.07827620747546946,,,,,,,,,,
Mod-Nom-Real,AK,Rb,2025-Hlow,836.5585200238972,836.5585200238972,0.46154224960032514,132.27580007459267,0.1581190041203741,,,,,,,,,,
Mod-Nom-Real,AK,Rb,2030-Hhigh,836.5585200238972,836.5585200238972,0.43625026533892225,54.5033168214874,0.06515182801548713,,,,,,,,,,
Mod-Nom-Real,AK,Rb,2030-Hlow,836.5585200238972,836.5585200238972,0.43625026533892225,105.34362476313635,0.12592499178673966,,,,,,,,,,
Mod-Nom-Real,AK,Rb,2035-Hhigh,836.5585200238972,836.5585200238972,0.43625026533892225,58.23546379472927,0.06961313811383536,,,,,,,,,,
Mod-Nom-Real,AK,Rb,2035-Hlow,836.5585200238972,836.5585200238972,0.43625026533892225,95.5823261944287,0.1142565928223387,,,,,,,,,,
Mod-Nom-Real,AK,Rb,2040-Hhigh,836.5585200238972,836.5585200238972,0.43625026533892225,65.07602036866531,0.07779015909945707,,,,,,,,,,
Mod-Nom-Real,AK,Rb,2040-Hlow,836.5585200238972,836.5585200238972,0.43625026533892225,111.63265594708415,0.13344273386145805,,,,,,,,,,
Mod-Nom-Real,AK,Rb,2045-Hhigh,836.5585200238972,836.5585200238972,0.43625026533892225,75.0328772858059,0.08969232335791942,,,,,,,,,,
Mod-Nom-Real,AK,Rb,2045-Hlow,836.5585200238972,836.5585200238972,0.43625026533892225,122.03212288255786,0.145873982466967,,,,,,,,,,
Mod-Nom-Real,AK,R,2024-Hhigh,3074.818888068081,3074.818888068081,1.8868242132631732,292.64209175524803,0.09517376548285615,,,,,,,,,,
Mod-Nom-Real,AK,R,2024-Hlow,3074.818888068081,3074.818888068081,1.894548055229895,522.7691286481721,0.17001623434693733,,,,,,,,,,
Mod-Nom-Real,AK,R,2025-Hhigh,3074.818888068081,3074.818888068081,1.894548055229895,234.66455314025825,0.07631817082003772,,,,,,,,,,
Mod-Nom-Real,AK,R,2025-Hlow,3074.818888068081,3074.818888068081,1.894548055229895,449.9471016263339,0.14633287943311588,,,,,,,,,,
Mod-Nom-Real,AK,R,2030-Hhigh,3074.818888068081,3074.818888068081,1.8705028634928957,193.19301079302394,0.06283069599406804,,,,,,,,,,
Mod-Nom-Real,AK,R,2030-Hlow,3074.818888068081,3074.818888068081,1.8705028634928957,355.46986778310867,0.11560676603182037,,,,,,,,,,
Mod-Nom-Real,AK,R,2035-Hhigh,3074.818888068081,3074.818888068081,1.8705028634928957,204.95216800190883,0.06665503740634329,,,,,,,,,,
Mod-Nom-Real,AK,R,2035-Hlow,3074.818888068081,3074.818888068081,1.8705028634928957,329.8267776193362,0.10726705852472745,,,,,,,,,,
Mod-Nom-Real,AK,R,2040-Hhigh,3074.818888068081,3074.818888068081,1.8705028634928957,228.86377919858884,0.0744316291560134,,,,,,,,,,
Mod-Nom-Real,AK,R,2040-Hlow,3074.818888068081,3074.818888068081,1.8705028634928957,377.3426922058989,0.12272029863943779,,,,,,,,,,
Mod-Nom-Real,AK,R,2045-Hhigh,3074.818888068081,3074.818888068081,1.8705028634928957,262.1388515784081,0.08525342828992143,,,,,,,,,,
Mod-Nom-Real,AK,R,2045-Hlow,3074.818888068081,3074.818888068081,1.8705028634928957,410.767368574376,0.13359075234264042,,,,,,,,,,
Mod-H1-Real,AK,Rl,2024-Hhigh,1686.91804868813,1686.91804868813,1.1535714060777156,156.06019446066207,0.09251201893418937,,,,,,,,,,
Mod-H1-Real,AK,Rl,2024-Hlow,1686.91804868813,1686.91804868813,1.1680141783285285,284.346026203384,0.16855947828912737,,,,,,,,,,
Mod-H1-Real,AK,Rl,2025-Hhigh,1686.91804868813,1686.91804868813,1.1680141783285285,123.7641432088931,0.07336701584593341,,,,,,,,,,
Mod-H1-Real,AK,Rl,2025-Hlow,1686.91804868813,1686.91804868813,1.1680141783285285,243.03309486639534,0.14406929551521222,,,,,,,,,,
Mod-H1-Real,AK,Rl,2030-Hhigh,1686.91804868813,1686.91804868813,1.1571500702365463,101.83075265287346,0.06036496718501794,,,,,,,,,,
Mod-H1-Real,AK,Rl,2030-Hlow,1686.91804868813,1686.91804868813,1.1571500702365463,190.6338516481757,0.11300718004435747,,,,,,,,,,
Mod-H1-Real,AK,Rl,2035-Hhigh,1686.91804868813,1686.91804868813,1.1571500702365463,108.87527058124185,0.0645409364526695,,,,,,,,,,
Mod-H1-Real,AK,Rl,2035-Hlow,1686.91804868813,1686.91804868813,1.1571500702365463,179.6516867655795,0.10649698537832926,,,,,,,,,,
Mod-H1-Real,AK,Rl,2040-Hhigh,1686.91804868813,1686.91804868813,1.1571500702365463,121.96174803687606,0.0722985613508151,,,,,,,,,,
Mod-H1-Real,AK,Rl,2040-Hlow,1686.91804868813,1686.91804868813,1.1571500702365463,204.0806466004408,0.12097840008241581,,,,,,,,,,
Mod-H1-Real,AK,Rl,2045-Hhigh,1686.91804868813,1686.91804868813,1.1571500702365463,139.13579132021985,0.08247928310946814,,,,,,,,,,
Mod-H1-Real,AK,Rl,2045-Hlow,1686.91804868813,1686.91804868813,1.1571500702365463,220.5425213972833,0.13073695048125972,,,,,,,,,,
Mod-H1-Real,AK,Rb,2024-Hhigh,498.34919189280527,498.34919189280527,0.3483264724931247,48.300097252045745,0.09692018776752642,,,,,,,,,,
Mod-H1-Real,AK,Rb,2024-Hlow,498.34919189280527,498.34919189280527,0.3483264724931247,93.92222709713141,0.1884666989032342,,,,,,,,,,
Mod-H1-Real,AK,Rb,2025-Hhigh,498.34919189280527,498.34919189280527,0.3483264724931247,39.31330137876385,0.07888705754582648,,,,,,,,,,
Mod-H1-Real,AK,Rb,2025-Hlow,498.34919189280527,498.34919189280527,0.3483264724931247,83.10246536144365,0.16675549336361511,,,,,,,,,,
Mod-H1-Real,AK,Rb,2030-Hhigh,498.34919189280527,498.34919189280527,0.3272480837781597,32.882540727572646,0.06598293177255853,,,,,,,,,,
Mod-H1-Real,AK,Rb,2030-Hlow,498.34919189280527,498.34919189280527,0.3272480837781597,66.079090432977,0.1325959618435392,,,,,,,,,,
Mod-H1-Real,AK,Rb,2035-Hhigh,498.34919189280527,498.34919189280527,0.3272480837781597,35.24413040339993,0.07072175690611118,,,,,,,,,,
Mod-H1-Real,AK,Rb,2035-Hlow,498.34919189280527,498.34919189280527,0.3272480837781597,59.87487455772622,0.12014642650530331,,,,,,,,,,
Mod-H1-Real,AK,Rb,2040-Hhigh,498.34919189280527,498.34919189280527,0.3272480837781597,39.28318690245001,0.0788266290816015,,,,,,,,,,
Mod-H1-Real,AK,Rb,2040-Hlow,498.34919189280527,498.34919189280527,0.3272480837781597,70.76689623175359,0.14200263065135166,,,,,,,,,,
Mod-H1-Real,AK,Rb,2045-Hhigh,498.34919189280527,498.34919189280527,0.3272480837781597,45.310997793894686,0.09092218575051099,,,,,,,,,,
Mod-H1-Real,AK,Rb,2045-Hlow,498.34919189280527,498.34919189280527,0.3272480837781597,77.003588968977,0.15451733487618546,,,,,,,,,,
Mod-H1-Real,AK,R,2024-Hhigh,2185.267240580935,2185.267240580935,1.5018978785708403,204.3602917127079,0.09351729981472674,,,,,,,,,,
Mod-H1-Real,AK,R,2024-Hlow,2185.267240580935,2185.267240580935,1.5163406508216528,378.2682533005155,0.1730993108192827,,,,,,,,,,
Mod-H1-Real,AK,R,2025-Hhigh,2185.267240580935,2185.267240580935,1.5163406508216528,163.07744458765703,0.07462585882370353,,,,,,,,,,
Mod-H1-Real,AK,R,2025-Hlow,2185.267240580935,2185.267240580935,1.5163406508216528,326.135560227839,0.14924287252900867,,,,,,,,,,
Mod-H1-Real,AK,R,2030-Hhigh,2185.267240580935,2185.267240580935,1.4843981540147053,134.71329338044612,0.061646141432401526,,,,,,,,,,
Mod-H1-Real,AK,R,2030-Hlow,2185.267240580935,2185.267240580935,1.4843981540147053,256.71294208115273,0.11747439274882818,,,,,,,,,,
Mod-H1-Real,AK,R,2035-Hhigh,2185.267240580935,2185.267240580935,1.4843981540147053,144.11940098464174,0.06595046972210539,,,,,,,,,,
Mod-H1-Real,AK,R,2035-Hlow,2185.267240580935,2185.267240580935,1.4843981540147053,239.52656132330569,0.10960973416671435,,,,,,,,,,
Mod-H1-Real,AK,R,2040-Hhigh,2185.267240580935,2185.267240580935,1.4843981540147053,161.24493493932613,0.07378728420257676,,,,,,,,,,
Mod-H1-Real,AK,R,2040-Hlow,2185.267240580935,2185.267240580935,1.4843981540147053,274.8475428321943,0.12577296622042822,,,,,,,,,,
Mod-H1-Real,AK,R,2045-Hhigh,2185.267240580935,2185.267240580935,1.4843981540147053,184.44678911411444,0.08440468318423189,,,,,,,,,,
Mod-H1-Real,AK,R,2045-Hlow,2185.267240580935,2185.267240580935,1.4843981540147053,297.5461103662603,0.13616005623511757,,,,,,,,,,
Mod-Nom-Ideal,CH,Rl,2024-Hhigh,5867.6054458022645,5867.6054458022645,3.273225512985771,573.0035774032897,0.09765543758795531,,,,,,,,,,
Mod-Nom-Ideal,CH,Rl,2024-Hlow,5867.6054458022645,5867.6054458022645,3.285040659157417,886.2499678102809,0.15104116594007044,,,,,,,,,,
Mod-Nom-Ideal,CH,Rl,2025-Hhigh,5867.6054458022645,5867.6054458022645,3.285040659157417,450.66859953437705,0.07680622081649836,,,,,,,,,,
Mod-Nom-Ideal,CH,Rl,2025-Hlow,5867.6054458022645,5867.6054458022645,3.285040659157417,732.8953673565477,0.12490535945644869,,,,,,,,,,
Mod-Nom-Ideal,CH,Rl,2030-Hhigh,5867.6054458022645,5867.6054458022645,3.3010140006111155,363.6692175296719,0.06197915331710724,,,,,,,,,,
Mod-Nom-Ideal,CH,Rl,2030-Hlow,5867.6054458022645,5867.6054458022645,3.3010140006111155,573.8589714752777,0.097801220067689,,,,,,,,,,
Mod-Nom-Ideal,CH,Rl,2035-Hhigh,5867.6054458022645,5867.6054458022645,3.3010140006111155,373.61190531388775,0.06367365849064935,,,,,,,,,,
Mod-Nom-Ideal,CH,Rl,2035-Hlow,5867.6054458022645,5867.6054458022645,3.3010140006111155,546.0692821602622,0.09306509907732888,,,,,,,,,,
Mod-Nom-Ideal,CH,Rl,2040-Hhigh,5867.6054458022645,5867.6054458022645,3.3010140006111155,406.2245606960371,0.06923174443957435,,,,,,,,,,
Mod-Nom-Ideal,CH,Rl,2040-Hlow,5867.6054458022645,5867.6054458022645,3.3010140006111155,602.5206781046302,0.10268595659165847,,,,,,,,,,
Mod-Nom-Ideal,CH,Rl,2045-Hhigh,5867.6054458022645,5867.6054458022645,3.3010140006111155,458.616535269587,0.07816076583637457,,,,,,,,,,
Mod-Nom-Ideal,CH,Rl,2045-Hlow,5867.6054458022645,5867.6054458022645,3.3010140006111155,652.93268842467,0.11127753807846498,,,,,,,,,,
Mod-Nom-Ideal,CH,Rb,2024-Hhigh,5056.106238557996,5056.106238557996,1.2883859210267476,493.19540892495905,0.09754451066788078,,,,,,,,,,
Mod-Nom-Ideal,CH,Rb,2024-Hlow,5056.106238557996,5056.106238557996,1.2883859210267476,847.0382517593289,0.16752777963797386,,,,,,,,,,
Mod-Nom-Ideal,CH,Rb,2025-Hhigh,5056.106238557996,5056.106238557996,1.2883859210267476,384.77829081675577,0.07610170211267055,,,,,,,,,,
Mod-Nom-Ideal,CH,Rb,2025-Hlow,5056.106238557996,5056.106238557996,1.2883859210267476,698.7211808726433,0.13819353231626694,,,,,,,,,,
Mod-Nom-Ideal,CH,Rb,2030-Hhigh,5056.106238557996,5056.106238557996,1.177670735445186,315.82822781782556,0.06246471353970203,,,,,,,,,,
Mod-Nom-Ideal,CH,Rb,2030-Hlow,5056.106238557996,5056.106238557996,1.177670735445186,546.8896592259305,0.10816419462378694,,,,,,,,,,
Mod-Nom-Ideal,CH,Rb,2035-Hhigh,5056.106238557996,5056.106238557996,1.177670735445186,344.55704287286545,0.06814671737814063,,,,,,,,,,
Mod-Nom-Ideal,CH,Rb,2035-Hlow,5056.106238557996,5056.106238557996,1.177670735445186,519.8171904553008,0.10280978403720267,,,,,,,,,,
Mod-Nom-Ideal,CH,Rb,2040-Hhigh,5056.106238557996,5056.106238557996,1.177670735445186,385.79705872978565,0.07630319469707486,,,,,,,,,,
Mod-Nom-Ideal,CH,Rb,2040-Hlow,5056.106238557996,5056.106238557996,1.177670735445186,572.1812874526212,0.11316638940241247,,,,,,,,,,
Mod-Nom-Ideal,CH,Rb,2045-Hhigh,5056.106238557996,5056.106238557996,1.177670735445186,422.0980147541382,0.08348282153076766,,,,,,,,,,
Mod-Nom-Ideal,CH,Rb,2045-Hlow,5056.106238557996,5056.106238557996,1.177670735445186,610.5284622986701,0.12075071873347208,,,,,,,,,,
Mod-Nom-Ideal,CH,R,2024-Hhigh,10923.711684360258,10923.711684360258,4.561611434012518,1066.1989863282486,0.09760409438989052,,,,,,,,,,
Mod-Nom-Ideal,CH,R,2024-Hlow,10923.711684360258,10923.711684360258,4.573426580184165,1733.2882195696102,0.15867209513147448,,,,,,,,,,
Mod-Nom-Ideal,CH,R,2025-Hhigh,10923.711684360258,10923.711684360258,4.573426580184165,835.4468903511324,0.07648013005938832,,,,,,,,,,
Mod-Nom-Ideal,CH,R,2025-Hlow,10923.711684360258,10923.711684360258,4.573426580184165,1431.616548229191,0.1310558708976978,,,,,,,,,,
Mod-Nom-Ideal,CH,R,2030-Hhigh,10923.711684360258,10923.711684360258,4.478684736056302,679.4974453474975,0.062203897812531106,,,,,,,,,,
Mod-Nom-Ideal,CH,R,2030-Hlow,10923.711684360258,10923.711684360258,4.478684736056302,1120.748630701209,0.10259778572385904,,,,,,,,,,
Mod-Nom-Ideal,CH,R,2035-Hhigh,10923.711684360258,10923.711684360258,4.478684736056302,718.1689481867533,0.06574404093939729,,,,,,,,,,
Mod-Nom-Ideal,CH,R,2035-Hlow,10923.711684360258,10923.711684360258,4.478684736056302,1065.886472615563,0.0975754856420843,,,,,,,,,,
Mod-Nom-Ideal,CH,R,2040-Hhigh,10923.711684360258,10923.711684360258,4.478684736056302,792.0216194258228,0.07250480810105775,,,,,,,,,,
Mod-Nom-Ideal,CH,R,2040-Hlow,10923.711684360258,10923.711684360258,4.478684736056302,1174.7019655572512,0.10753688851373663,,,,,,,,,,
Mod-Nom-Ideal,CH,R,2045-Hhigh,10923.711684360258,10923.711684360258,4.478684736056302,880.7145500237252,0.08062411160893834,,,,,,,,,,
Mod-Nom-Ideal,CH,R,2045-Hlow,10923.711684360258,10923.711684360258,4.478684736056302,1263.4611507233403,0.11566225722821559,,,,,,,,,,
Mod-H1-Ideal,CH,Rl,2024-Hhigh,4986.386754278528,4986.386754278528,2.860592324810011,477.8653878817963,0.09583399993427462,,,,,,,,,,
Mod-H1-Ideal,CH,Rl,2024-Hlow,4986.386754278528,4986.386754278528,2.8788170809864573,759.5133308588496,0.15231737293685763,,,,,,,,,,
Mod-H1-Ideal,CH,Rl,2025-Hhigh,4986.386754278528,4986.386754278528,2.8788170809864573,373.84586401270406,0.07497329879033725,,,,,,,,,,
Mod-H1-Ideal,CH,Rl,2025-Hlow,4986.386754278528,4986.386754278528,2.8788170809864573,627.8799447403093,0.1259188217202691,,,,,,,,,,
Mod-H1-Ideal,CH,Rl,2030-Hhigh,4986.386754278528,4986.386754278528,2.89421269071694,302.12315292336325,0.060589594793089195,,,,,,,,,,
Mod-H1-Ideal,CH,Rl,2030-Hlow,4986.386754278528,4986.386754278528,2.89421269071694,490.85881496674654,0.09843977997606566,,,,,,,,,,
Mod-H1-Ideal,CH,Rl,2035-Hhigh,4986.386754278528,4986.386754278528,2.89421269071694,312.36523282285987,0.06264360311699398,,,,,,,,,,
Mod-H1-Ideal,CH,Rl,2035-Hlow,4986.386754278528,4986.386754278528,2.89421269071694,467.74843697300486,0.09380508573099693,,,,,,,,,,
Mod-H1-Ideal,CH,Rl,2040-Hhigh,4986.386754278528,4986.386754278528,2.89421269071694,340.76297795280084,0.06833865777868352,,,,,,,,,,
Mod-H1-Ideal,CH,Rl,2040-Hlow,4986.386754278528,4986.386754278528,2.89421269071694,517.873624207158,0.10385749235411808,,,,,,,,,,
Mod-H1-Ideal,CH,Rl,2045-Hhigh,4986.386754278528,4986.386754278528,2.89421269071694,384.55149290667134,0.07712027001850791,,,,,,,,,,
Mod-H1-Ideal,CH,Rl,2045-Hlow,4986.386754278528,4986.386754278528,2.89421269071694,558.7368814421935,0.1120524558113696,,,,,,,,,,
Mod-H1-Ideal,CH,Rb,2024-Hhigh,3477.17992782906,3477.17992782906,1.0612176495757195,340.6628720130681,0.09797102223173057,,,,,,,,,,
Mod-H1-Ideal,CH,Rb,2024-Hlow,3477.17992782906,3477.17992782906,1.0612176495757195,608.5400543849221,0.17500965351679618,,,,,,,,,,
Mod-H1-Ideal,CH,Rb,2025-Hhigh,3477.17992782906,3477.17992782906,1.0612176495757195,267.0113373418592,0.07678962345459209,,,,,,,,,,
Mod-H1-Ideal,CH,Rb,2025-Hlow,3477.17992782906,3477.17992782906,1.0612176495757195,507.2630062526011,0.14588345060685579,,,,,,,,,,
Mod-H1-Ideal,CH,Rb,2030-Hhigh,3477.17992782906,3477.17992782906,0.9799228844701733,219.973900203656,0.06326215633626826,,,,,,,,,,
Mod-H1-Ideal,CH,Rb,2030-Hlow,3477.17992782906,3477.17992782906,0.9799228844701733,397.76312382450044,0.11439244792628249,,,,,,,,,,
Mod-H1-Ideal,CH,Rb,2035-Hhigh,3477.17992782906,3477.17992782906,0.9799228844701733,240.07723641642974,0.0690436622203555,,,,,,,,,,
Mod-H1-Ideal,CH,Rb,2035-Hlow,3477.17992782906,3477.17992782906,0.9799228844701733,374.2566901365178,0.10763224736839573,,,,,,,,,,
Mod-H1-Ideal,CH,Rb,2040-Hhigh,3477.17992782906,3477.17992782906,0.9799228844701733,269.7624658438801,0.07758081877928687,,,,,,,,,,
Mod-H1-Ideal,CH,Rb,2040-Hlow,3477.17992782906,3477.17992782906,0.9799228844701733,416.57941686434907,0.11980381386948703,,,,,,,,,,
Mod-H1-Ideal,CH,Rb,2045-Hhigh,3477.17992782906,3477.17992782906,0.9799228844701733,297.61924459109315,0.08559213235103096,,,,,,,,,,
Mod-H1-Ideal,CH,Rb,2045-Hlow,3477.17992782906,3477.17992782906,0.9799228844701733,445.28537888503786,0.1280593435275715,,,,,,,,,,
Mod-H1-Ideal,CH,R,2024-Hhigh,8463.566682107588,8463.566682107588,3.9218099743857304,818.5282598948644,0.0967119762434524,,,,,,,,,,
Mod-H1-Ideal,CH,R,2024-Hlow,8463.566682107588,8463.566682107588,3.9400347305621772,1368.0533852437718,0.1616402914548906,,,,,,,,,,
Mod-H1-Ideal,CH,R,2025-Hhigh,8463.566682107588,8463.566682107588,3.9400347305621772,640.8572013545632,0.07571951937347739,,,,,,,,,,
Mod-H1-Ideal,CH,R,2025-Hlow,8463.566682107588,8463.566682107588,3.9400347305621772,1135.1429509929108,0.1341211091764257,,,,,,,,,,
Mod-H1-Ideal,CH,R,2030-Hhigh,8463.566682107588,8463.566682107588,3.874135575187114,522.0970531270192,0.061687592564345126,,,,,,,,,,
Mod-H1-Ideal,CH,R,2030-Hlow,8463.566682107588,8463.566682107588,3.874135575187114,888.6219387912472,0.10499378951782105,,,,,,,,,,
Mod-H1-Ideal,CH,R,2035-Hhigh,8463.566682107588,8463.566682107588,3.874135575187114,552.4424692392897,0.06527300959383722,,,,,,,,,,
Mod-H1-Ideal,CH,R,2035-Hlow,8463.566682107588,8463.566682107588,3.874135575187114,842.0051271095228,0.09948585020184984,,,,,,,,,,
Mod-H1-Ideal,CH,R,2040-Hhigh,8463.566682107588,8463.566682107588,3.874135575187114,610.5254437966809,0.07213571614994926,,,,,,,,,,
Mod-H1-Ideal,CH,R,2040-Hlow,8463.566682107588,8463.566682107588,3.874135575187114,934.4530410715073,0.11040889452043766,,,,,,,,,,
Mod-H1-Ideal,CH,R,2045-Hhigh,8463.566682107588,8463.566682107588,3.874135575187114,682.1707374977641,0.08060085813938322,,,,,,,,,,
Mod-H1-Ideal,CH,R,2045-Hlow,8463.566682107588,8463.566682107588,3.874135575187114,1004.0222603272314,0.11862874105426328,,,,,,,,,,
Mod-Nom-Real,CH,Rl,2024-Hhigh,5901.745137045861,5901.745137045861,3.2995267174784795,576.3666670966293,0.09766037904258461,,,,,,,,,,
Mod-Nom-Real,CH,Rl,2024-Hlow,5901.745137045861,5901.745137045861,3.310656733360363,891.7403565079695,0.15109774071916857,,,,,,,,,,
Mod-Nom-Real,CH,Rl,2025-Hhigh,5901.745137045861,5901.745137045861,3.310656733360363,453.3018498861441,0.07680810325758085,,,,,,,,,,
Mod-Nom-Real,CH,Rl,2025-Hlow,5901.745137045861,5901.745137045861,3.310656733360363,737.4120149147723,0.12494812937379508,,,,,,,,,,
Mod-Nom-Real,CH,Rl,2030-Hhigh,5901.745137045861,5901.745137045861,3.326305395100945,365.7750553213017,0.061977440032998724,,,,,,,,,,
Mod-Nom-Real,CH,Rl,2030-Hlow,5901.745137045861,5901.745137045861,3.326305395100945,577.3392443227381,0.09782517389622948,,,,,,,,,,
Mod-Nom-Real,CH,Rl,2035-Hhigh,5901.745137045861,5901.745137045861,3.326305395100945,375.78208385941355,0.06367304502876459,,,,,,,,,,
Mod-Nom-Real,CH,Rl,2035-Hlow,5901.745137045861,5901.745137045861,3.326305395100945,549.3452668755655,0.09308183496899396,,,,,,,,,,
Mod-Nom-Real,CH,Rl,2040-Hhigh,5901.745137045861,5901.745137045861,3.326305395100945,408.5315987513723,0.06922216891186599,,,,,,,,,,
Mod-Nom-Real,CH,Rl,2040-Hlow,5901.745137045861,5901.745137045861,3.326305395100945,606.1413909904787,0.10270545015332276,,,,,,,,,,
Mod-Nom-Real,CH,Rl,2045-Hhigh,5901.745137045861,5901.745137045861,3.326305395100945,461.2284855492197,0.078151203557409,,,,,,,,,,
Mod-Nom-Real,CH,Rl,2045-Hlow,5901.745137045861,5901.745137045861,3.326305395100945,656.8667052158758,0.11130041876811249,,,,,,,,,,
Mod-Nom-Real,CH,Rb,2024-Hhigh,3023.420563786557,3023.420563786557,1.5055982909962213,315.76230454980043,0.10443876327755643,,,,,,,,,,
Mod-Nom-Real,CH,Rb,2024-Hlow,3023.420563786557,3023.420563786557,1.5055982909962213,500.4621259457909,0.16552845209169575,,,,,,,,,,
Mod-Nom-Real,CH,Rb,2025-Hhigh,3023.420563786557,3023.420563786557,1.5055982909962213,255.1594893111787,0.08439430900463772,,,,,,,,,,
Mod-Nom-Real,CH,Rb,2025-Hlow,3023.420563786557,3023.420563786557,1.5055982909962213,428.89875159944035,0.14185877966718727,,,,,,,,,,
Mod-Nom-Real,CH,Rb,2030-Hhigh,3023.420563786557,3023.420563786557,1.379629471679668,208.7582947169784,0.06904705789773678,,,,,,,,,,
Mod-Nom-Real,CH,Rb,2030-Hlow,3023.420563786557,3023.420563786557,1.379629471679668,341.1945984905629,0.11285052518900908,,,,,,,,,,
Mod-Nom-Real,CH,Rb,2035-Hhigh,3023.420563786557,3023.420563786557,1.379629471679668,214.10209581597067,0.07081452655988667,,,,,,,,,,
Mod-Nom-Real,CH,Rb,2035-Hlow,3023.420563786557,3023.420563786557,1.379629471679668,313.09145989166365,0.1035553781838228,,,,,,,,,,
Mod-Nom-Real,CH,Rb,2040-Hhigh,3023.420563786557,3023.420563786557,1.379629471679668,233.07818938588358,0.07709089240762936,,,,,,,,,,
Mod-Nom-Real,CH,Rb,2040-Hlow,3023.420563786557,3023.420563786557,1.379629471679668,355.16936965773493,0.11747269761667489,,,,,,,,,,
Mod-Nom-Real,CH,Rb,2045-Hhigh,3023.420563786557,3023.420563786557,1.379629471679668,267.79942573759257,0.0885749832309794,,,,,,,,,,
Mod-Nom-Real,CH,Rb,2045-Hlow,3023.420563786557,3023.420563786557,1.379629471679668,390.64998748865855,0.1292079547806625,,,,,,,,,,
Mod-Nom-Real,CH,R,2024-Hhigh,8925.16570083242,8925.16570083242,4.805125008474701,892.1289716464302,0.0999565724099917,,,,,,,,,,
Mod-Nom-Real,CH,R,2024-Hlow,8925.16570083242,8925.16570083242,4.816255024356585,1392.20248245376,0.1559861776374543,,,,,,,,,,
Mod-Nom-Real,CH,R,2025-Hhigh,8925.16570083242,8925.16570083242,4.816255024356585,708.4613391973229,0.07937794803420256,,,,,,,,,,
Mod-Nom-Real,CH,R,2025-Hlow,8925.16570083242,8925.16570083242,4.816255024356585,1166.3107665142127,0.13067665134838166,,,,,,,,,,
Mod-Nom-Real,CH,R,2030-Hhigh,8925.16570083242,8925.16570083242,4.705934866780614,574.5333500382801,0.06437228946737597,,,,,,,,,,
Mod-Nom-Real,CH,R,2030-Hlow,8925.16570083242,8925.16570083242,4.705934866780614,918.5338428133007,0.10291504646548266,,,,,,,,,,
Mod-Nom-Real,CH,R,2035-Hhigh,8925.16570083242,8925.16570083242,4.705934866780614,589.884179675384,0.06609223844666183,,,,,,,,,,
Mod-Nom-Real,CH,R,2035-Hlow,8925.16570083242,8925.16570083242,4.705934866780614,862.436726767229,0.0966297720037615,,,,,,,,,,
Mod-Nom-Real,CH,R,2040-Hhigh,8925.16570083242,8925.16570083242,4.705934866780614,641.6097881372558,0.07188771723055125,,,,,,,,,,
Mod-Nom-Real,CH,R,2040-Hlow,8925.16570083242,8925.16570083242,4.705934866780614,961.3107606482141,0.10770788945224355,,,,,,,,,,
Mod-Nom-Real,CH,R,2045-Hhigh,8925.16570083242,8925.16570083242,4.705934866780614,729.0279112868124,0.0816822830772563,,,,,,,,,,
Mod-Nom-Real,CH,R,2045-Hlow,8925.16570083242,8925.16570083242,4.705934866780614,1047.516692704534,0.11736663809018534,,,,,,,,,,
Mod-H1-Real,CH,Rl,2024-Hhigh,5012.66436812263,5012.66436812263,2.879826910982735,480.32031486190766,0.0958213595780401,,,,,,,,,,
Mod-H1-Real,CH,Rl,2024-Hlow,5012.66436812263,5012.66436812263,2.897126909632008,763.8647209742301,0.15238696726473966,,,,,,,,,,
Mod-H1-Real,CH,Rl,2025-Hhigh,5012.66436812263,5012.66436812263,2.897126909632008,375.7304132702553,0.074956228001153,,,,,,,,,,
Mod-H1-Real,CH,Rl,2025-Hlow,5012.66436812263,5012.66436812263,2.897126909632008,631.4173128626744,0.12596441063919792,,,,,,,,,,
Mod-H1-Real,CH,Rl,2030-Hhigh,5012.66436812263,5012.66436812263,2.9126635410686124,303.64010413733695,0.060574593038443925,,,,,,,,,,
Mod-H1-Real,CH,Rl,2030-Hlow,5012.66436812263,5012.66436812263,2.9126635410686124,493.5660205213746,0.09846380772272363,,,,,,,,,,
Mod-H1-Real,CH,Rl,2035-Hhigh,5012.66436812263,5012.66436812263,2.9126635410686124,313.9513005845586,0.06263162213314939,,,,,,,,,,
Mod-H1-Real,CH,Rl,2035-Hlow,5012.66436812263,5012.66436812263,2.9126635410686124,470.34028393487006,0.09383039625113071,,,,,,,,,,
Mod-H1-Real,CH,Rl,2040-Hhigh,5012.66436812263,5012.66436812263,2.9126635410686124,342.47154947627365,0.06832126077584125,,,,,,,,,,
Mod-H1-Real,CH,Rl,2040-Hlow,5012.66436812263,5012.66436812263,2.9126635410686124,520.738835401389,0.10388464041457836,,,,,,,,,,
Mod-H1-Real,CH,Rl,2045-Hhigh,5012.66436812263,5012.66436812263,2.9126635410686124,386.473303906519,0.07709937780080478,,,,,,,,,,
Mod-H1-Real,CH,Rl,2045-Hlow,5012.66436812263,5012.66436812263,2.9126635410686124,561.7854543378033,0.11207322355560109,,,,,,,,,,
Mod-H1-Real,CH,Rb,2024-Hhigh,2351.9308081423637,2351.9308081423637,1.3018239034731005,244.71386689204894,0.10404807235181056,,,,,,,,,,
Mod-H1-Real,CH,Rb,2024-Hlow,2351.9308081423637,2351.9308081423637,1.3018239034731005,402.84324344918207,0.17128192804590267,,,,,,,,,,
Mod-H1-Real,CH,Rb,2025-Hhigh,2351.9308081423637,2351.9308081423637,1.3018239034731005,197.80918722706602,0.08410501981701687,,,,,,,,,,
Mod-H1-Real,CH,Rb,2025-Hlow,2351.9308081423637,2351.9308081423637,1.3018239034731005,347.78954919368056,0.14787405649419455,,,,,,,,,,
Mod-H1-Real,CH,Rb,2030-Hhigh,2351.9308081423637,2351.9308081423637,1.2007274250128568,162.4417266256204,0.06906739180559589,,,,,,,,,,
Mod-H1-Real,CH,Rb,2030-Hlow,2351.9308081423637,2351.9308081423637,1.2007274250128568,276.9591353011188,0.11775819864355223,,,,,,,,,,
Mod-H1-Real,CH,Rb,2035-Hhigh,2351.9308081423637,2351.9308081423637,1.2007274250128568,167.59220481641424,0.07125728539130977,,,,,,,,,,
Mod-H1-Real,CH,Rb,2035-Hlow,2351.9308081423637,2351.9308081423637,1.2007274250128568,252.9378267129005,0.10754475677483026,,,,,,,,,,
Mod-H1-Real,CH,Rb,2040-Hhigh,2351.9308081423637,2351.9308081423637,1.2007274250128568,183.46707127304805,0.07800700200783402,,,,,,,,,,
Mod-H1-Real,CH,Rb,2040-Hlow,2351.9308081423637,2351.9308081423637,1.2007274250128568,289.6606991460542,0.12315868228063998,,,,,,,,,,
Mod-H1-Real,CH,Rb,2045-Hhigh,2351.9308081423637,2351.9308081423637,1.2007274250128568,211.37168142742908,0.08987155604053579,,,,,,,,,,
Mod-H1-Real,CH,Rb,2045-Hlow,2351.9308081423637,2351.9308081423637,1.2007274250128568,317.60281153572436,0.13503918161035444,,,,,,,,,,
Mod-H1-Real,CH,R,2024-Hhigh,7364.595176264991,7364.595176264991,4.1816508144558355,725.0341817539567,0.0984486131825189,,,,,,,,,,
Mod-H1-Real,CH,R,2024-Hlow,7364.595176264991,7364.595176264991,4.198950813105108,1166.7079644234125,0.15842119444440625,,,,,,,,,,
Mod-H1-Real,CH,R,2025-Hhigh,7364.595176264991,7364.595176264991,4.198950813105108,573.5396004973217,0.07787795347472126,,,,,,,,,,
Mod-H1-Real,CH,R,2025-Hlow,7364.595176264991,7364.595176264991,4.198950813105108,979.2068620563554,0.13296139687517317,,,,,,,,,,
Mod-H1-Real,CH,R,2030-Hhigh,7364.595176264991,7364.595176264991,4.113390966081469,466.081830762957,0.0632868229152731,,,,,,,,,,
Mod-H1-Real,CH,R,2030-Hlow,7364.595176264991,7364.595176264991,4.113390966081469,770.5251558224937,0.10462559548497427,,,,,,,,,,
Mod-H1-Real,CH,R,2035-Hhigh,7364.595176264991,7364.595176264991,4.113390966081469,481.5435054009725,0.06538628313921674,,,,,,,,,,
Mod-H1-Real,CH,R,2035-Hlow,7364.595176264991,7364.595176264991,4.113390966081469,723.2781106477703,0.09821016543839224,,,,,,,,,,
Mod-H1-Real,CH,R,2040-Hhigh,7364.595176264991,7364.595176264991,4.113390966081469,525.9386207493217,0.07141446449688703,,,,,,,,,,
Mod-H1-Real,CH,R,2040-Hlow,7364.595176264991,7364.595176264991,4.113390966081469,810.399534547443,0.11003992957538816,,,,,,,,,,
Mod-H1-Real,CH,R,2045-Hhigh,7364.595176264991,7364.595176264991,4.113390966081469,597.8449853339482,0.08117825501946323,,,,,,,,,,
Mod-H1-Real,CH,R,2045-Hlow,7364.595176264991,7364.595176264991,4.113390966081469,879.3882658735276,0.11940754988239773,,,,,,,,,,
Mass-Nom-Ideal,AK,Rl,2024-Hhigh,1563.8815104525415,1563.8815104525415,0.8726967079755691,159.0729711056425,0.10171676693051472,,,,,,,,,,
Mass-Nom-Ideal,AK,Rl,2024-Hlow,1563.8815104525415,1563.8815104525415,0.8818432276672292,255.00572582826697,0.1630594927581667,,,,,,,,,,
Mass-Nom-Ideal,AK,Rl,2025-Hhigh,1563.8815104525415,1563.8815104525415,0.8818432276672292,127.1080501145555,0.08127728940140366,,,,,,,,,,
Mass-Nom-Ideal,AK,Rl,2025-Hlow,1563.8815104525415,1563.8815104525415,0.8818432276672292,215.05649572032013,0.1375145714575838,,,,,,,,,,
Mass-Nom-Ideal,AK,Rl,2030-Hhigh,1563.8815104525415,1563.8815104525415,0.8545164687154105,103.24006770441004,0.06601527482381667,,,,,,,,,,
Mass-Nom-Ideal,AK,Rl,2030-Hlow,1563.8815104525415,1563.8815104525415,0.8545164687154105,168.0852747115965,0.10747954598104913,,,,,,,,,,
Mass-Nom-Ideal,AK,Rl,2035-Hhigh,1563.8815104525415,1563.8815104525415,0.8545164687154105,104.74955380773407,0.06698049251661184,,,,,,,,,,
Mass-Nom-Ideal,AK,Rl,2035-Hlow,1563.8815104525415,1563.8815104525415,0.8545164687154105,153.75829509118833,0.09831837902265063,,,,,,,,,,
Mass-Nom-Ideal,AK,Rl,2040-Hhigh,1563.8815104525415,1563.8815104525415,0.8545164687154105,113.31339804445923,0.07245651111487958,,,,,,,,,,
Mass-Nom-Ideal,AK,Rl,2040-Hlow,1563.8815104525415,1563.8815104525415,0.8545164687154105,173.09826308938685,0.110685024365623,,,,,,,,,,
Mass-Nom-Ideal,AK,Rl,2045-Hhigh,1563.8815104525415,1563.8815104525415,0.8545164687154105,128.48633338022017,0.0821586114558257,,,,,,,,,,
Mass-Nom-Ideal,AK,Rl,2045-Hlow,1563.8815104525415,1563.8815104525415,0.8545164687154105,189.0502686120098,0.12088528916574005,,,,,,,,,,
Mass-Nom-Ideal,AK,Rb,2024-Hhigh,887.9253731783978,887.9253731783978,0.2395374476341267,85.66117801446019,0.09647339810532653,,,,,,,,,,
Mass-Nom-Ideal,AK,Rb,2024-Hlow,887.9253731783978,887.9253731783978,0.2395374476341267,156.03954222302076,0.17573497383509282,,,,,,,,,,
Mass-Nom-Ideal,AK,Rb,2025-Hhigh,887.9253731783978,887.9253731783978,0.2395374476341267,67.19398593054646,0.07567526276450505,,,,,,,,,,
Mass-Nom-Ideal,AK,Rb,2025-Hlow,887.9253731783978,887.9253731783978,0.2395374476341267,129.44235976114973,0.1457806744476743,,,,,,,,,,
Mass-Nom-Ideal,AK,Rb,2030-Hhigh,887.9253731783978,887.9253731783978,0.22989889570483846,56.049775410188424,0.06312442137964129,,,,,,,,,,
Mass-Nom-Ideal,AK,Rb,2030-Hlow,887.9253731783978,887.9253731783978,0.22989889570483846,101.15665590891138,0.11392472719504937,,,,,,,,,,
Mass-Nom-Ideal,AK,Rb,2035-Hhigh,887.9253731783978,887.9253731783978,0.22989889570483846,60.86146040430829,0.0685434409723533,,,,,,,,,,
Mass-Nom-Ideal,AK,Rb,2035-Hlow,887.9253731783978,887.9253731783978,0.22989889570483846,92.87344332039315,0.10459600111205906,,,,,,,,,,
Mass-Nom-Ideal,AK,Rb,2040-Hhigh,887.9253731783978,887.9253731783978,0.22989889570483846,68.29761777163087,0.07691819586949548,,,,,,,,,,
Mass-Nom-Ideal,AK,Rb,2040-Hlow,887.9253731783978,887.9253731783978,0.22989889570483846,103.26673245566957,0.11630113923427854,,,,,,,,,,
Mass-Nom-Ideal,AK,Rb,2045-Hhigh,887.9253731783978,887.9253731783978,0.22989889570483846,74.99884223170592,0.08446525405985612,,,,,,,,,,
Mass-Nom-Ideal,AK,Rb,2045-Hlow,887.9253731783978,887.9253731783978,0.22989889570483846,111.18023894452739,0.1252134946279878,,,,,,,,,,
Mass-Nom-Ideal,AK,R,2024-Hhigh,2451.80688363094,2451.80688363094,1.112234155609696,244.73414912010256,0.09981787340349982,,,,,,,,,,
Mass-Nom-Ideal,AK,R,2024-Hlow,2451.80688363094,2451.80688363094,1.1213806753013562,411.0452680512878,0.16764993637776274,,,,,,,,,,
Mass-Nom-Ideal,AK,R,2025-Hhigh,2451.80688363094,2451.80688363094,1.1213806753013562,194.30203604510191,0.07924850743438462,,,,,,,,,,
Mass-Nom-Ideal,AK,R,2025-Hlow,2451.80688363094,2451.80688363094,1.1213806753013562,344.4988554814699,0.14050815249009058,,,,,,,,,,
Mass-Nom-Ideal,AK,R,2030-Hhigh,2451.80688363094,2451.80688363094,1.084415364420249,159.28984311459848,0.06496834811015063,,,,,,,,,,
Mass-Nom-Ideal,AK,R,2030-Hlow,2451.80688363094,2451.80688363094,1.084415364420249,269.2419306205079,0.1098136775853166,,,,,,,,,,
Mass-Nom-Ideal,AK,R,2035-Hhigh,2451.80688363094,2451.80688363094,1.084415364420249,165.61101421204242,0.06754651653754437,,,,,,,,,,
Mass-Nom-Ideal,AK,R,2035-Hlow,2451.80688363094,2451.80688363094,1.084415364420249,246.63173841158155,0.10059182885005147,,,,,,,,,,
Mass-Nom-Ideal,AK,R,2040-Hhigh,2451.80688363094,2451.80688363094,1.084415364420249,181.61101581609017,0.07407231663659336,,,,,,,,,,
Mass-Nom-Ideal,AK,R,2040-Hlow,2451.80688363094,2451.80688363094,1.084415364420249,276.3649955450564,0.11271890840594297,,,,,,,,,,
Mass-Nom-Ideal,AK,R,2045-Hhigh,2451.80688363094,2451.80688363094,1.084415364420249,203.48517561192614,0.0829939653773139,,,,,,,,,,
Mass-Nom-Ideal,AK,R,2045-Hlow,2451.80688363094,2451.80688363094,1.084415364420249,300.23050755653713,0.12245275497061928,,,,,,,,,,
Mass-H1-Ideal,AK,Rl,2024-Hhigh,452.53689337432246,452.53689337432246,0.30223100513839024,48.00106492540729,0.10607105327366649,,,,,,,,,,
Mass-H1-Ideal,AK,Rl,2024-Hlow,452.53689337432246,452.53689337432246,0.3022203247822385,77.96459029038093,0.17228339044147586,,,,,,,,,,
Mass-H1-Ideal,AK,Rl,2025-Hhigh,452.53689337432246,452.53689337432246,0.3022203247822385,38.89090641770284,0.0859397476473452,,,,,,,,,,
Mass-H1-Ideal,AK,Rl,2025-Hlow,452.53689337432246,452.53689337432246,0.3022203247822385,66.59766679709318,0.14716516547526204,,,,,,,,,,
Mass-H1-Ideal,AK,Rl,2030-Hhigh,452.53689337432246,452.53689337432246,0.28956820688841217,31.753469281745062,0.07016769184270623,,,,,,,,,,
Mass-H1-Ideal,AK,Rl,2030-Hlow,452.53689337432246,452.53689337432246,0.28956820688841217,51.9915334573733,0.11488904930977141,,,,,,,,,,
Mass-H1-Ideal,AK,Rl,2035-Hhigh,452.53689337432246,452.53689337432246,0.28956820688841217,31.962322875530454,0.07062920911752571,,,,,,,,,,
Mass-H1-Ideal,AK,Rl,2035-Hlow,452.53689337432246,452.53689337432246,0.28956820688841217,45.9311637379338,0.10149705893689683,,,,,,,,,,
Mass-H1-Ideal,AK,Rl,2040-Hhigh,452.53689337432246,452.53689337432246,0.28956820688841217,34.28933133521072,0.07577134999874541,,,,,,,,,,
Mass-H1-Ideal,AK,Rl,2040-Hlow,452.53689337432246,452.53689337432246,0.28956820688841217,52.38831442897581,0.1157658418484834,,,,,,,,,,
Mass-H1-Ideal,AK,Rl,2045-Hhigh,452.53689337432246,452.53689337432246,0.28956820688841217,39.15005767137731,0.08651241090965323,,,,,,,,,,
Mass-H1-Ideal,AK,Rl,2045-Hlow,452.53689337432246,452.53689337432246,0.28956820688841217,57.7076840037273,0.12752039634477613,,,,,,,,,,
Mass-H1-Ideal,AK,Rb,2024-Hhigh,86.39709664817063,86.39709664817063,0.039081237821494995,10.051747990159555,0.11634358537640038,,,,,,,,,,
Mass-H1-Ideal,AK,Rb,2024-Hlow,86.39709664817063,86.39709664817063,0.039081237821494995,17.324584681295956,0.20052276469249602,,,,,,,,,,
Mass-H1-Ideal,AK,Rb,2025-Hhigh,86.39709664817063,86.39709664817063,0.039081237821494995,8.317682239165588,0.09627270547107797,,,,,,,,,,
Mass-H1-Ideal,AK,Rb,2025-Hlow,86.39709664817063,86.39709664817063,0.039081237821494995,14.996396269801298,0.17357523402516828,,,,,,,,,,
Mass-H1-Ideal,AK,Rb,2030-Hhigh,86.39709664817063,86.39709664817063,0.039081237821494995,6.931864849539948,0.08023261334542453,,,,,,,,,,
Mass-H1-Ideal,AK,Rb,2030-Hlow,86.39709664817063,86.39709664817063,0.039081237821494995,11.738500679751358,0.1358668420022643,,,,,,,,,,
Mass-H1-Ideal,AK,Rb,2035-Hhigh,86.39709664817063,86.39709664817063,0.039081237821494995,6.842857554179537,0.07920240169696059,,,,,,,,,,
Mass-H1-Ideal,AK,Rb,2035-Hlow,86.39709664817063,86.39709664817063,0.039081237821494995,9.497451092980851,0.10992789643912125,,,,,,,,,,
Mass-H1-Ideal,AK,Rb,2040-Hhigh,86.39709664817063,86.39709664817063,0.039081237821494995,7.307495612637039,0.0845803377212418,,,,,,,,,,
Mass-H1-Ideal,AK,Rb,2040-Hlow,86.39709664817063,86.39709664817063,0.039081237821494995,11.082216091481952,0.12827070030618448,,,,,,,,,,
Mass-H1-Ideal,AK,Rb,2045-Hhigh,86.39709664817063,86.39709664817063,0.039081237821494995,8.34746603832468,0.0966174369529746,,,,,,,,,,
Mass-H1-Ideal,AK,Rb,2045-Hlow,86.39709664817063,86.39709664817063,0.039081237821494995,12.534372662425756,0.1450786328326365,,,,,,,,,,
Mass-H1-Ideal,AK,R,2024-Hhigh,538.9339900224929,538.9339900224929,0.34131224295988527,58.052812915566854,0.10771785411631574,,,,,,,,,,
Mass-H1-Ideal,AK,R,2024-Hlow,538.9339900224929,538.9339900224929,0.34130156260373357,95.28917497167686,0.1768104753751009,,,,,,,,,,
Mass-H1-Ideal,AK,R,2025-Hhigh,538.9339900224929,538.9339900224929,0.34130156260373357,47.208588656868415,0.08759623540333412,,,,,,,,,,
Mass-H1-Ideal,AK,R,2025-Hlow,538.9339900224929,538.9339900224929,0.34130156260373357,81.59406306689449,0.1513989924136889,,,,,,,,,,
Mass-H1-Ideal,AK,R,2030-Hhigh,538.9339900224929,538.9339900224929,0.32864944470990726,38.68533413128501,0.07178121040328231,,,,,,,,,,
Mass-H1-Ideal,AK,R,2030-Hlow,538.9339900224929,538.9339900224929,0.32864944470990726,63.73003413712467,0.11825202217151833,,,,,,,,,,
Mass-H1-Ideal,AK,R,2035-Hhigh,538.9339900224929,538.9339900224929,0.32864944470990726,38.805180429710006,0.07200358698491152,,,,,,,,,,
Mass-H1-Ideal,AK,R,2035-Hlow,538.9339900224929,538.9339900224929,0.32864944470990726,55.42861483091465,0.1028486157063526,,,,,,,,,,
Mass-H1-Ideal,AK,R,2040-Hhigh,538.9339900224929,538.9339900224929,0.32864944470990726,41.596826947847774,0.07718352844308761,,,,,,,,,,
Mass-H1-Ideal,AK,R,2040-Hlow,538.9339900224929,538.9339900224929,0.32864944470990726,63.47053052045774,0.11777050936759201,,,,,,,,,,
Mass-H1-Ideal,AK,R,2045-Hhigh,538.9339900224929,538.9339900224929,0.32864944470990726,47.49752370970199,0.08813235867294181,,,,,,,,,,
Mass-H1-Ideal,AK,R,2045-Hlow,538.9339900224929,538.9339900224929,0.32864944470990726,70.24205666615305,0.13033517641598635,,,,,,,,,,
Mass-Nom-Real,AK,Rl,2024-Hhigh,1564.6934843278088,1564.6934843278088,0.8734620032481012,159.19404520716017,0.10174136136033686,,,,,,,,,,
Mass-Nom-Real,AK,Rl,2024-Hlow,1564.6934843278088,1564.6934843278088,0.8824671170194679,255.28540759847058,0.16315362092029226,,,,,,,,,,
Mass-Nom-Real,AK,Rl,2025-Hhigh,1564.6934843278088,1564.6934843278088,0.8824671170194679,127.21296448816827,0.08130216285959602,,,,,,,,,,
Mass-Nom-Real,AK,Rl,2025-Hlow,1564.6934843278088,1564.6934843278088,0.8824671170194679,215.29792691464672,0.137597509717463,,,,,,,,,,
Mass-Nom-Real,AK,Rl,2030-Hhigh,1564.6934843278088,1564.6934843278088,0.8553374637205738,103.32202031408534,0.06603339334443027,,,,,,,,,,
Mass-Nom-Real,AK,Rl,2030-Hlow,1564.6934843278088,1564.6934843278088,0.8553374637205738,168.27291092813618,0.10754368993900815,,,,,,,,,,
Mass-Nom-Real,AK,Rl,2035-Hhigh,1564.6934843278088,1564.6934843278088,0.8553374637205738,104.83068098788436,0.06699758261786304,,,,,,,,,,
Mass-Nom-Real,AK,Rl,2035-Hlow,1564.6934843278088,1564.6934843278088,0.8553374637205738,153.91647190905127,0.09836844944438027,,,,,,,,,,
Mass-Nom-Real,AK,Rl,2040-Hhigh,1564.6934843278088,1564.6934843278088,0.8553374637205738,113.40500063039634,0.07247745438085917,,,,,,,,,,
Mass-Nom-Real,AK,Rl,2040-Hlow,1564.6934843278088,1564.6934843278088,0.8553374637205738,173.3207408351911,0.11076977220854828,,,,,,,,,,
Mass-Nom-Real,AK,Rl,2045-Hhigh,1564.6934843278088,1564.6934843278088,0.8553374637205738,128.58908443337245,0.08218164498116654,,,,,,,,,,
Mass-Nom-Real,AK,Rl,2045-Hlow,1564.6934843278088,1564.6934843278088,0.8553374637205738,189.29074245048156,0.12097624508981752,,,,,,,,,,
Mass-Nom-Real,AK,Rb,2024-Hhigh,589.3476177212862,589.3476177212862,0.2937354708183112,61.01968371214192,0.10353767772588046,,,,,,,,,,
Mass-Nom-Real,AK,Rb,2024-Hlow,589.3476177212862,589.3476177212862,0.2937354708183112,100.69539056723312,0.17085907796925023,,,,,,,,,,
Mass-Nom-Real,AK,Rb,2025-Hhigh,589.3476177212862,589.3476177212862,0.2937354708183112,49.53986755970479,0.0840588238080113,,,,,,,,,,
Mass-Nom-Real,AK,Rb,2025-Hlow,589.3476177212862,589.3476177212862,0.2937354708183112,86.92724837238902,0.1474974119832594,,,,,,,,,,
Mass-Nom-Real,AK,Rb,2030-Hhigh,589.3476177212862,589.3476177212862,0.2833445498042027,40.882931193117955,0.06936980818076757,,,,,,,,,,
Mass-Nom-Real,AK,Rb,2030-Hlow,589.3476177212862,589.3476177212862,0.2833445498042027,68.54785905233143,0.11631142129219403,,,,,,,,,,
Mass-Nom-Real,AK,Rb,2035-Hhigh,589.3476177212862,589.3476177212862,0.2833445498042027,41.42308464908373,0.07028633594761301,,,,,,,,,,
Mass-Nom-Real,AK,Rb,2035-Hlow,589.3476177212862,589.3476177212862,0.2833445498042027,60.272889207303976,0.10227052319367852,,,,,,,,,,
Mass-Nom-Real,AK,Rb,2040-Hhigh,589.3476177212862,589.3476177212862,0.2833445498042027,44.66867838625726,0.07579343165748052,,,,,,,,,,
Mass-Nom-Real,AK,Rb,2040-Hlow,589.3476177212862,589.3476177212862,0.2833445498042027,68.89017623289523,0.11689226215804391,,,,,,,,,,
Mass-Nom-Real,AK,Rb,2045-Hhigh,589.3476177212862,589.3476177212862,0.2833445498042027,51.34897125084414,0.08712849548689965,,,,,,,,,,
Mass-Nom-Real,AK,Rb,2045-Hlow,589.3476177212862,589.3476177212862,0.2833445498042027,76.13297416354665,0.12918177977526227,,,,,,,,,,
Mass-Nom-Real,AK,R,2024-Hhigh,2154.041102049094,2154.041102049094,1.1671974740664124,220.2137289193021,0.10223283516262405,,,,,,,,,,
Mass-Nom-Real,AK,R,2024-Hlow,2154.041102049094,2154.041102049094,1.1762025878377793,355.9807981657037,0.16526184102386282,,,,,,,,,,
Mass-Nom-Real,AK,R,2025-Hhigh,2154.041102049094,2154.041102049094,1.1762025878377793,176.75283204787303,0.08205638781903082,,,,,,,,,,
Mass-Nom-Real,AK,R,2025-Hlow,2154.041102049094,2154.041102049094,1.1762025878377793,302.22517528703577,0.14030613204155448,,,,,,,,,,
Mass-Nom-Real,AK,R,2030-Hhigh,2154.041102049094,2154.041102049094,1.1386820135247766,144.20495150720322,0.06694623949841258,,,,,,,,,,
Mass-Nom-Real,AK,R,2030-Hlow,2154.041102049094,2154.041102049094,1.1386820135247766,236.82076998046765,0.10994254926481441,,,,,,,,,,
Mass-Nom-Real,AK,R,2035-Hhigh,2154.041102049094,2154.041102049094,1.1386820135247766,146.25376563696818,0.06789738854000513,,,,,,,,,,
Mass-Nom-Real,AK,R,2035-Hlow,2154.041102049094,2154.041102049094,1.1386820135247766,214.18936111635531,0.09943606039485572,,,,,,,,,,
Mass-Nom-Real,AK,R,2040-Hhigh,2154.041102049094,2154.041102049094,1.1386820135247766,158.0736790166536,0.07338470879979098,,,,,,,,,,
Mass-Nom-Real,AK,R,2040-Hlow,2154.041102049094,2154.041102049094,1.1386820135247766,242.21091706808636,0.11244489106437021,,,,,,,,,,
Mass-Nom-Real,AK,R,2045-Hhigh,2154.041102049094,2154.041102049094,1.1386820135247766,179.93805568421664,0.08353510780878105,,,,,,,,,,
Mass-Nom-Real,AK,R,2045-Hlow,2154.041102049094,2154.041102049094,1.1386820135247766,265.42371661402814,0.12322128689259278,,,,,,,,,,
Mass-H1-Real,AK,Rl,2024-Hhigh,451.76431108953096,451.76431108953096,0.3021059952242683,47.91849601652647,0.10606968022985319,,,,,,,,,,
Mass-H1-Real,AK,Rl,2024-Hlow,451.76431108953096,451.76431108953096,0.3021001253511585,77.81241105534959,0.1722411645747038,,,,,,,,,,
Mass-H1-Real,AK,Rl,2025-Hhigh,451.76431108953096,451.76431108953096,0.3021001253511585,38.823091090931705,0.08593660485774345,,,,,,,,,,
Mass-H1-Real,AK,Rl,2025-Hlow,451.76431108953096,451.76431108953096,0.3021001253511585,66.46914977932194,0.14713236116198883,,,,,,,,,,
Mass-H1-Real,AK,Rl,2030-Hhigh,451.76431108953096,451.76431108953096,0.28944519153901505,31.69801816574487,0.07016494527710254,,,,,,,,,,
Mass-H1-Real,AK,Rl,2030-Hlow,451.76431108953096,451.76431108953096,0.28944519153901505,51.89187804236785,0.11486493458772551,,,,,,,,,,
Mass-H1-Real,AK,Rl,2035-Hhigh,451.76431108953096,451.76431108953096,0.28944519153901505,31.9070316622621,0.07062760576485366,,,,,,,,,,
Mass-H1-Real,AK,Rl,2035-Hlow,451.76431108953096,451.76431108953096,0.28944519153901505,45.84471458658417,0.1014792746156051,,,,,,,,,,
Mass-H1-Real,AK,Rl,2040-Hhigh,451.76431108953096,451.76431108953096,0.28944519153901505,34.23066702451536,0.07577107395216863,,,,,,,,,,
Mass-H1-Real,AK,Rl,2040-Hlow,451.76431108953096,451.76431108953096,0.28944519153901505,52.2906185536443,0.11574756409494531,,,,,,,,,,
Mass-H1-Real,AK,Rl,2045-Hhigh,451.76431108953096,451.76431108953096,0.28944519153901505,39.08316385764537,0.08651228726631272,,,,,,,,,,
Mass-H1-Real,AK,Rl,2045-Hlow,451.76431108953096,451.76431108953096,0.28944519153901505,57.5997769587247,0.12749961770953072,,,,,,,,,,
Mass-H1-Real,AK,Rb,2024-Hhigh,78.51358347710293,78.51358347710293,0.03908506666266775,9.342418972245376,0.11899111667689864,,,,,,,,,,
Mass-H1-Real,AK,Rb,2024-Hlow,78.51358347710293,78.51358347710293,0.03908506666266775,15.60788724813768,0.1987921905601142,,,,,,,,,,
Mass-H1-Real,AK,Rb,2025-Hhigh,78.51358347710293,78.51358347710293,0.03908506666266775,7.8396965225241955,0.09985146741914412,,,,,,,,,,
Mass-H1-Real,AK,Rb,2025-Hlow,78.51358347710293,78.51358347710293,0.03908506666266775,13.705392643804768,0.17456078345731982,,,,,,,,,,
Mass-H1-Real,AK,Rb,2030-Hhigh,78.51358347710293,78.51358347710293,0.03908506666266775,6.4879276042927865,0.08263446039480384,,,,,,,,,,
Mass-H1-Real,AK,Rb,2030-Hlow,78.51358347710293,78.51358347710293,0.03908506666266775,10.751391893242591,0.1369367110390273,,,,,,,,,,
Mass-H1-Real,AK,Rb,2035-Hhigh,78.51358347710293,78.51358347710293,0.03908506666266775,6.218615570858361,0.07920432739733385,,,,,,,,,,
Mass-H1-Real,AK,Rb,2035-Hlow,78.51358347710293,78.51358347710293,0.03908506666266775,8.515971802119537,0.10846494867481202,,,,,,,,,,
Mass-H1-Real,AK,Rb,2040-Hhigh,78.51358347710293,78.51358347710293,0.03908506666266775,6.547298293288601,0.08339064405585313,,,,,,,,,,
Mass-H1-Real,AK,Rb,2040-Hlow,78.51358347710293,78.51358347710293,0.03908506666266775,10.062392299085996,0.12816116464764993,,,,,,,,,,
Mass-H1-Real,AK,Rb,2045-Hhigh,78.51358347710293,78.51358347710293,0.03908506666266775,7.577931152325142,0.09651745362679962,,,,,,,,,,
Mass-H1-Real,AK,Rb,2045-Hlow,78.51358347710293,78.51358347710293,0.03908506666266775,11.439914701435722,0.14570618477466343,,,,,,,,,,
Mass-H1-Real,AK,R,2024-Hhigh,530.277894566634,530.277894566634,0.34119106188693604,57.26091498877184,0.10798284366646649,,,,,,,,,,
Mass-H1-Real,AK,R,2024-Hlow,530.277894566634,530.277894566634,0.3411851920138262,93.42029830348729,0.17617234144718474,,,,,,,,,,
Mass-H1-Real,AK,R,2025-Hhigh,530.277894566634,530.277894566634,0.3411851920138262,46.66278761345588,0.08799685616084511,,,,,,,,,,
Mass-H1-Real,AK,R,2025-Hlow,530.277894566634,530.277894566634,0.3411851920138262,80.17454242312675,0.15119344638842402,,,,,,,,,,
Mass-H1-Real,AK,R,2030-Hhigh,530.277894566634,530.277894566634,0.3285302582016828,38.18594577003765,0.07201119669761993,,,,,,,,,,
Mass-H1-Real,AK,R,2030-Hlow,530.277894566634,530.277894566634,0.3285302582016828,62.643269935610434,0.11813290838156702,,,,,,,,,,
Mass-H1-Real,AK,R,2035-Hhigh,530.277894566634,530.277894566634,0.3285302582016828,38.125647233120446,0.071897485495371,,,,,,,,,,
Mass-H1-Real,AK,R,2035-Hlow,530.277894566634,530.277894566634,0.3285302582016828,54.3606863887037,0.10251358192694342,,,,,,,,,,
Mass-H1-Real,AK,R,2040-Hhigh,530.277894566634,530.277894566634,0.3285302582016828,40.77796531780398,0.07689923667500698,,,,,,,,,,
Mass-H1-Real,AK,R,2040-Hlow,530.277894566634,530.277894566634,0.3285302582016828,62.35301085273028,0.1175855367376531,,,,,,,,,,
Mass-H1-Real,AK,R,2045-Hhigh,530.277894566634,530.277894566634,0.3285302582016828,46.66109500997051,0.08799366424297957,,,,,,,,,,
Mass-H1-Real,AK,R,2045-Hlow,530.277894566634,530.277894566634,0.3285302582016828,69.03969166016041,0.13019530394828666,,,,,,,,,,
Mass-Nom-Ideal,CH,Rl,2024-Hhigh,3452.1915523232456,3452.1915523232456,1.7172965753951415,357.0053879040689,0.10341413055825727,,,,,,,,,,
Mass-Nom-Ideal,CH,Rl,2024-Hlow,3452.1915523232456,3452.1915523232456,1.7221793626064252,509.9081497733461,0.14770563627333763,,,,,,,,,,
Mass-Nom-Ideal,CH,Rl,2025-Hhigh,3452.1915523232456,3452.1915523232456,1.7221793626064252,279.8633087752962,0.08106830241993804,,,,,,,,,,
Mass-Nom-Ideal,CH,Rl,2025-Hlow,3452.1915523232456,3452.1915523232456,1.7221793626064252,417.0462856133128,0.12080624127958665,,,,,,,,,,
Mass-Nom-Ideal,CH,Rl,2030-Hhigh,3452.1915523232456,3452.1915523232456,1.7010726336031836,222.4134036590426,0.06442672727976623,,,,,,,,,,
Mass-Nom-Ideal,CH,Rl,2030-Hlow,3452.1915523232456,3452.1915523232456,1.7010726336031836,323.8699766924679,0.09381576073741066,,,,,,,,,,
Mass-Nom-Ideal,CH,Rl,2035-Hhigh,3452.1915523232456,3452.1915523232456,1.7010726336031836,220.5313423784661,0.0638815485861593,,,,,,,,,,
Mass-Nom-Ideal,CH,Rl,2035-Hlow,3452.1915523232456,3452.1915523232456,1.7010726336031836,301.53708343669814,0.08734656778641689,,,,,,,,,,
Mass-Nom-Ideal,CH,Rl,2040-Hhigh,3452.1915523232456,3452.1915523232456,1.7010726336031836,233.77969983292647,0.06771921438588717,,,,,,,,,,
Mass-Nom-Ideal,CH,Rl,2040-Hlow,3452.1915523232456,3452.1915523232456,1.7010726336031836,328.4703514219701,0.09514835617997996,,,,,,,,,,
Mass-Nom-Ideal,CH,Rl,2045-Hhigh,3452.1915523232456,3452.1915523232456,1.7010726336031836,261.63541614925236,0.07578820936896671,,,,,,,,,,
Mass-Nom-Ideal,CH,Rl,2045-Hlow,3452.1915523232456,3452.1915523232456,1.7010726336031836,356.8657405089951,0.10337367874874517,,,,,,,,,,
Mass-Nom-Ideal,CH,Rb,2024-Hhigh,3304.6358897040245,3304.6358897040245,0.6759737105382863,337.33974083173064,0.10208075930021568,,,,,,,,,,
Mass-Nom-Ideal,CH,Rb,2024-Hlow,3304.6358897040245,3304.6358897040245,0.6759737105382863,526.604041729165,0.15935312067809373,,,,,,,,,,
Mass-Nom-Ideal,CH,Rb,2025-Hhigh,3304.6358897040245,3304.6358897040245,0.6759737105382863,265.0919520686262,0.08021820282668685,,,,,,,,,,
Mass-Nom-Ideal,CH,Rb,2025-Hlow,3304.6358897040245,3304.6358897040245,0.6759737105382863,430.897649291831,0.1303918687787488,,,,,,,,,,
Mass-Nom-Ideal,CH,Rb,2030-Hhigh,3304.6358897040245,3304.6358897040245,0.5884471322956397,214.80825470973443,0.06500209459656188,,,,,,,,,,
Mass-Nom-Ideal,CH,Rb,2030-Hlow,3304.6358897040245,3304.6358897040245,0.5884471322956397,336.0187763619721,0.10168102858438276,,,,,,,,,,
Mass-Nom-Ideal,CH,Rb,2035-Hhigh,3304.6358897040245,3304.6358897040245,0.5884471322956397,228.24415994909867,0.0690678693710916,,,,,,,,,,
Mass-Nom-Ideal,CH,Rb,2035-Hlow,3304.6358897040245,3304.6358897040245,0.5884471322956397,316.3711640199396,0.09573555894784977,,,,,,,,,,
Mass-Nom-Ideal,CH,Rb,2040-Hhigh,3304.6358897040245,3304.6358897040245,0.5884471322956397,250.44654317054082,0.07578642595719426,,,,,,,,,,
Mass-Nom-Ideal,CH,Rb,2040-Hlow,3304.6358897040245,3304.6358897040245,0.5884471322956397,341.2499432986782,0.10326400689464213,,,,,,,,,,
Mass-Nom-Ideal,CH,Rb,2045-Hhigh,3304.6358897040245,3304.6358897040245,0.5884471322956397,271.05378092453384,0.08202228323218097,,,,,,,,,,
Mass-Nom-Ideal,CH,Rb,2045-Hlow,3304.6358897040245,3304.6358897040245,0.5884471322956397,366.8524702330817,0.11101146464457795,,,,,,,,,,
Mass-Nom-Ideal,CH,R,2024-Hhigh,6756.82744202727,6756.82744202727,2.393270285933428,694.3451287357996,0.10276200401641059,,,,,,,,,,
Mass-Nom-Ideal,CH,R,2024-Hlow,6756.82744202727,6756.82744202727,2.3981530731447114,1036.5121915025113,0.15340219953752787,,,,,,,,,,
Mass-Nom-Ideal,CH,R,2025-Hhigh,6756.82744202727,6756.82744202727,2.3981530731447114,544.9552608439222,0.08065253486485631,,,,,,,,,,
Mass-Nom-Ideal,CH,R,2025-Hlow,6756.82744202727,6756.82744202727,2.3981530731447114,847.9439349051437,0.12549438951644037,,,,,,,,,,
Mass-Nom-Ideal,CH,R,2030-Hhigh,6756.82744202727,6756.82744202727,2.2895197658988238,437.22165836877707,0.06470812849966703,,,,,,,,,,
Mass-Nom-Ideal,CH,R,2030-Hlow,6756.82744202727,6756.82744202727,2.2895197658988238,659.88875305444,0.09766251376347887,,,,,,,,,,
Mass-Nom-Ideal,CH,R,2035-Hhigh,6756.82744202727,6756.82744202727,2.2895197658988238,448.77550232756465,0.06641807951705175,,,,,,,,,,
Mass-Nom-Ideal,CH,R,2035-Hlow,6756.82744202727,6756.82744202727,2.2895197658988238,617.9082474566379,0.09144946393232815,,,,,,,,,,
Mass-Nom-Ideal,CH,R,2040-Hhigh,6756.82744202727,6756.82744202727,2.2895197658988238,484.2262430034673,0.07166473424962641,,,,,,,,,,
Mass-Nom-Ideal,CH,R,2040-Hlow,6756.82744202727,6756.82744202727,2.2895197658988238,669.7202947206486,0.0991175667081577,,,,,,,,,,
Mass-Nom-Ideal,CH,R,2045-Hhigh,6756.82744202727,6756.82744202727,2.2895197658988238,532.6891970737861,0.07883717641810338,,,,,,,,,,
Mass-Nom-Ideal,CH,R,2045-Hlow,6756.82744202727,6756.82744202727,2.2895197658988238,723.7182107420767,0.10710917467576136,,,,,,,,,,
Mass-H1-Ideal,CH,Rl,2024-Hhigh,1250.165598278432,1250.165598278432,0.8397614874256413,138.43258511511814,0.11073139854892006,,,,,,,,,,
Mass-H1-Ideal,CH,Rl,2024-Hlow,1250.165598278432,1250.165598278432,0.8389727506793409,205.13785821819633,0.16408854834966335,,,,,,,,,,
Mass-H1-Ideal,CH,Rl,2025-Hhigh,1250.165598278432,1250.165598278432,0.8389727506793409,110.27071065802996,0.08820488326496959,,,,,,,,,,
Mass-H1-Ideal,CH,Rl,2025-Hlow,1250.165598278432,1250.165598278432,0.8389727506793409,170.60539352255356,0.13646623595905172,,,,,,,,,,
Mass-H1-Ideal,CH,Rl,2030-Hhigh,1250.165598278432,1250.165598278432,0.815470663840914,87.49949580512856,0.06999032442231785,,,,,,,,,,
Mass-H1-Ideal,CH,Rl,2030-Hlow,1250.165598278432,1250.165598278432,0.815470663840914,131.96822160000207,0.10556059275805685,,,,,,,,,,
Mass-H1-Ideal,CH,Rl,2035-Hhigh,1250.165598278432,1250.165598278432,0.815470663840914,85.81639033618706,0.06864401840393176,,,,,,,,,,
Mass-H1-Ideal,CH,Rl,2035-Hlow,1250.165598278432,1250.165598278432,0.815470663840914,119.3082656672753,0.09543396957296806,,,,,,,,,,
Mass-H1-Ideal,CH,Rl,2040-Hhigh,1250.165598278432,1250.165598278432,0.815470663840914,90.7042858541274,0.07255381685357022,,,,,,,,,,
Mass-H1-Ideal,CH,Rl,2040-Hlow,1250.165598278432,1250.165598278432,0.815470663840914,132.8039218580578,0.10622906440629813,,,,,,,,,,
Mass-H1-Ideal,CH,Rl,2045-Hhigh,1250.165598278432,1250.165598278432,0.815470663840914,101.97021097686752,0.08156536311452485,,,,,,,,,,
Mass-H1-Ideal,CH,Rl,2045-Hlow,1250.165598278432,1250.165598278432,0.815470663840914,144.41180376001068,0.11551413985385306,,,,,,,,,,
Mass-H1-Ideal,CH,Rb,2024-Hhigh,668.4851097503869,668.4851097503869,0.2905344171795058,77.62855777499148,0.11612608365200247,,,,,,,,,,
Mass-H1-Ideal,CH,Rb,2024-Hlow,668.4851097503869,668.4851097503869,0.2905344171795058,124.99820686060643,0.18698727172439325,,,,,,,,,,
Mass-H1-Ideal,CH,Rb,2025-Hhigh,668.4851097503869,668.4851097503869,0.2905344171795058,63.006893109125066,0.09425324841214774,,,,,,,,,,
Mass-H1-Ideal,CH,Rb,2025-Hlow,668.4851097503869,668.4851097503869,0.2905344171795058,106.11189383336436,0.1587348652731946,,,,,,,,,,
Mass-H1-Ideal,CH,Rb,2030-Hhigh,668.4851097503869,668.4851097503869,0.25560704963161673,50.95558183407694,0.07622545527319795,,,,,,,,,,
Mass-H1-Ideal,CH,Rb,2030-Hlow,668.4851097503869,668.4851097503869,0.25560704963161673,82.8336164549728,0.12391243312196283,,,,,,,,,,
Mass-H1-Ideal,CH,Rb,2035-Hhigh,668.4851097503869,668.4851097503869,0.25560704963161673,52.11607460954964,0.07796145919990626,,,,,,,,,,
Mass-H1-Ideal,CH,Rb,2035-Hlow,668.4851097503869,668.4851097503869,0.25560704963161673,73.30202512519519,0.10965393851863993,,,,,,,,,,
Mass-H1-Ideal,CH,Rb,2040-Hhigh,668.4851097503869,668.4851097503869,0.25560704963161673,56.26495042845236,0.08416784399201017,,,,,,,,,,
Mass-H1-Ideal,CH,Rb,2040-Hlow,668.4851097503869,668.4851097503869,0.25560704963161673,81.20198741454261,0.12147164720671719,,,,,,,,,,
Mass-H1-Ideal,CH,Rb,2045-Hhigh,668.4851097503869,668.4851097503869,0.25560704963161673,62.34044675350407,0.09325629822447663,,,,,,,,,,
Mass-H1-Ideal,CH,Rb,2045-Hlow,668.4851097503869,668.4851097503869,0.25560704963161673,89.02690433667914,0.13317709405662287,,,,,,,,,,
Mass-H1-Ideal,CH,R,2024-Hhigh,1918.6507080288188,1918.6507080288188,1.130295904605147,216.06114289010964,0.1126109833259261,,,,,,,,,,
Mass-H1-Ideal,CH,R,2024-Hlow,1918.6507080288188,1918.6507080288188,1.1295071678588466,330.1360650788024,0.17206678823681107,,,,,,,,,,
Mass-H1-Ideal,CH,R,2025-Hhigh,1918.6507080288188,1918.6507080288188,1.1295071678588466,173.27760376715509,0.09031221943736535,,,,,,,,,,
Mass-H1-Ideal,CH,R,2025-Hlow,1918.6507080288188,1918.6507080288188,1.1295071678588466,276.71728735591785,0.14422494214187184,,,,,,,,,,
Mass-H1-Ideal,CH,R,2030-Hhigh,1918.6507080288188,1918.6507080288188,1.0710777134725311,138.4550776392056,0.0721627324138907,,,,,,,,,,
Mass-H1-Ideal,CH,R,2030-Hlow,1918.6507080288188,1918.6507080288188,1.0710777134725311,214.8018380549748,0.11195463413747554,,,,,,,,,,
Mass-H1-Ideal,CH,R,2035-Hhigh,1918.6507080288188,1918.6507080288188,1.0710777134725311,137.9324649457367,0.0718903468820782,,,,,,,,,,
Mass-H1-Ideal,CH,R,2035-Hlow,1918.6507080288188,1918.6507080288188,1.0710777134725311,192.61029079247052,0.10038840836764616,,,,,,,,,,
Mass-H1-Ideal,CH,R,2040-Hhigh,1918.6507080288188,1918.6507080288188,1.0710777134725311,146.96923628257983,0.07660030857496355,,,,,,,,,,
Mass-H1-Ideal,CH,R,2040-Hlow,1918.6507080288188,1918.6507080288188,1.0710777134725311,214.00590927260035,0.11153979636682568,,,,,,,,,,
Mass-H1-Ideal,CH,R,2045-Hhigh,1918.6507080288188,1918.6507080288188,1.0710777134725311,164.31065773037164,0.0856386506636119,,,,,,,,,,
Mass-H1-Ideal,CH,R,2045-Hlow,1918.6507080288188,1918.6507080288188,1.0710777134725311,233.43870809668994,0.1216681635275448,,,,,,,,,,
Mass-Nom-Real,CH,Rl,2024-Hhigh,3460.5966624348066,3460.5966624348066,1.7232573925618127,358.02990537572026,0.10345901019387148,,,,,,,,,,
Mass-Nom-Real,CH,Rl,2024-Hlow,3460.5966624348066,3460.5966624348066,1.7280206408267813,511.57461815090863,0.14782844348898347,,,,,,,,,,
Mass-Nom-Real,CH,Rl,2025-Hhigh,3460.5966624348066,3460.5966624348066,1.7280206408267813,280.6770205577853,0.08110653969142609,,,,,,,,,,
Mass-Nom-Real,CH,Rl,2025-Hlow,3460.5966624348066,3460.5966624348066,1.7280206408267813,418.4409361545192,0.12091583532306609,,,,,,,,,,
Mass-Nom-Real,CH,Rl,2030-Hhigh,3460.5966624348066,3460.5966624348066,1.7072778772076223,223.05303181252947,0.06445507915839976,,,,,,,,,,
Mass-Nom-Real,CH,Rl,2030-Hlow,3460.5966624348066,3460.5966624348066,1.7072778772076223,324.94565891515896,0.09389873788022834,,,,,,,,,,
Mass-Nom-Real,CH,Rl,2035-Hhigh,3460.5966624348066,3460.5966624348066,1.7072778772076223,221.1603466591283,0.06390815464276738,,,,,,,,,,
Mass-Nom-Real,CH,Rl,2035-Hlow,3460.5966624348066,3460.5966624348066,1.7072778772076223,302.50651816398045,0.08741455525508798,,,,,,,,,,
Mass-Nom-Real,CH,Rl,2040-Hhigh,3460.5966624348066,3460.5966624348066,1.7072778772076223,234.46397423217098,0.06775247077398694,,,,,,,,,,
Mass-Nom-Real,CH,Rl,2040-Hlow,3460.5966624348066,3460.5966624348066,1.7072778772076223,329.5664397887102,0.09523399342263535,,,,,,,,,,
Mass-Nom-Real,CH,Rl,2045-Hhigh,3460.5966624348066,3460.5966624348066,1.7072778772076223,262.4032753284737,0.07582602103761263,,,,,,,,,,
Mass-Nom-Real,CH,Rl,2045-Hlow,3460.5966624348066,3460.5966624348066,1.7072778772076223,358.0329575467266,0.1034598921721267,,,,,,,,,,
Mass-Nom-Real,CH,Rb,2024-Hhigh,2073.64123011684,2073.64123011684,0.9581635718732171,226.03910871638678,0.10900589042765636,,,,,,,,,,
Mass-Nom-Real,CH,Rb,2024-Hlow,2073.64123011684,2073.64123011684,0.9581635718732171,328.0084240154407,0.1581799297060461,,,,,,,,,,
Mass-Nom-Real,CH,Rb,2025-Hhigh,2073.64123011684,2073.64123011684,0.9581635718732171,183.80553067347316,0.08863902202750694,,,,,,,,,,
Mass-Nom-Real,CH,Rb,2025-Hlow,2073.64123011684,2073.64123011684,0.9581635718732171,279.12988711946633,0.13460857310583987,,,,,,,,,,
Mass-Nom-Real,CH,Rb,2030-Hhigh,2073.64123011684,2073.64123011684,0.8334225903463273,148.14738999371937,0.07144311554095208,,,,,,,,,,
Mass-Nom-Real,CH,Rb,2030-Hlow,2073.64123011684,2073.64123011684,0.8334225903463273,220.360329840198,0.10626733623915346,,,,,,,,,,
Mass-Nom-Real,CH,Rb,2035-Hhigh,2073.64123011684,2073.64123011684,0.8334225903463273,146.55880077099272,0.07067702871761226,,,,,,,,,,
Mass-Nom-Real,CH,Rb,2035-Hlow,2073.64123011684,2073.64123011684,0.8334225903463273,197.20394608541858,0.09510032074078073,,,,,,,,,,
Mass-Nom-Real,CH,Rb,2040-Hhigh,2073.64123011684,2073.64123011684,0.8334225903463273,155.38554242360925,0.07493366748637324,,,,,,,,,,
Mass-Nom-Real,CH,Rb,2040-Hlow,2073.64123011684,2073.64123011684,0.8334225903463273,219.67848463056328,0.105938520820299,,,,,,,,,,
Mass-Nom-Real,CH,Rb,2045-Hhigh,2073.64123011684,2073.64123011684,0.8334225903463273,177.41835806122344,0.0855588495659043,,,,,,,,,,
Mass-Nom-Real,CH,Rb,2045-Hlow,2073.64123011684,2073.64123011684,0.8334225903463273,244.40202866043236,0.11786128917134883,,,,,,,,,,
Mass-Nom-Real,CH,R,2024-Hhigh,5534.237892551646,5534.237892551646,2.6814209644350298,584.0690140921071,0.10553738842310825,,,,,,,,,,
Mass-Nom-Real,CH,R,2024-Hlow,5534.237892551646,5534.237892551646,2.6861842126999984,839.5830421663493,0.15170707484337045,,,,,,,,,,
Mass-Nom-Real,CH,R,2025-Hhigh,5534.237892551646,5534.237892551646,2.6861842126999984,464.4825512312582,0.08392890949924477,,,,,,,,,,
Mass-Nom-Real,CH,R,2025-Hlow,5534.237892551646,5534.237892551646,2.6861842126999984,697.5708232739853,0.12604641087308943,,,,,,,,,,
Mass-Nom-Real,CH,R,2030-Hhigh,5534.237892551646,5534.237892551646,2.540700467553949,371.200421806249,0.06707344877708199,,,,,,,,,,
Mass-Nom-Real,CH,R,2030-Hlow,5534.237892551646,5534.237892551646,2.540700467553949,545.3059887553568,0.09853316741032522,,,,,,,,,,
Mass-Nom-Real,CH,R,2035-Hhigh,5534.237892551646,5534.237892551646,2.540700467553949,367.71914743012104,0.06644440563804142,,,,,,,,,,
Mass-Nom-Real,CH,R,2035-Hlow,5534.237892551646,5534.237892551646,2.540700467553949,499.71046424939914,0.09029435921465238,,,,,,,,,,
Mass-Nom-Real,CH,R,2040-Hhigh,5534.237892551646,5534.237892551646,2.540700467553949,389.8495166557803,0.07044321625213587,,,,,,,,,,
Mass-Nom-Real,CH,R,2040-Hlow,5534.237892551646,5534.237892551646,2.540700467553949,549.2449244192736,0.0992449069019033,,,,,,,,,,
Mass-Nom-Real,CH,R,2045-Hhigh,5534.237892551646,5534.237892551646,2.540700467553949,439.8216333896971,0.07947284557131869,,,,,,,,,,
Mass-Nom-Real,CH,R,2045-Hlow,5534.237892551646,5534.237892551646,2.540700467553949,602.4349862071589,0.10885599750201502,,,,,,,,,,
Mass-H1-Real,CH,Rl,2024-Hhigh,1250.5978533516566,1250.5978533516566,0.8408029345655306,138.5735683581329,0.1108058581635573,,,,,,,,,,
Mass-H1-Real,CH,Rl,2024-Hlow,1250.5978533516566,1250.5978533516566,0.8399443460418803,205.35973631669893,0.1642092506126777,,,,,,,,,,
Mass-H1-Real,CH,Rl,2025-Hhigh,1250.5978533516566,1250.5978533516566,0.8399443460418803,110.39370399837692,0.08827274387407351,,,,,,,,,,
Mass-H1-Real,CH,Rl,2025-Hlow,1250.5978533516566,1250.5978533516566,0.8399443460418803,170.82116248655137,0.13659160059226333,,,,,,,,,,
Mass-H1-Real,CH,Rl,2030-Hhigh,1250.5978533516566,1250.5978533516566,0.8165283427619837,87.59937316807587,0.07004599674732029,,,,,,,,,,
Mass-H1-Real,CH,Rl,2030-Hlow,1250.5978533516566,1250.5978533516566,0.8165283427619837,132.14267575758075,0.10566360353444765,,,,,,,,,,
Mass-H1-Real,CH,Rl,2035-Hhigh,1250.5978533516566,1250.5978533516566,0.8165283427619837,85.9091873933135,0.06869449452761585,,,,,,,,,,
Mass-H1-Real,CH,Rl,2035-Hlow,1250.5978533516566,1250.5978533516566,0.8165283427619837,119.4073927291767,0.09548024763448915,,,,,,,,,,
Mass-H1-Real,CH,Rl,2040-Hhigh,1250.5978533516566,1250.5978533516566,0.8165283427619837,90.79973978533354,0.07260506608258306,,,,,,,,,,
Mass-H1-Real,CH,Rl,2040-Hlow,1250.5978533516566,1250.5978533516566,0.8165283427619837,132.95615871507485,0.10631407878939386,,,,,,,,,,
Mass-H1-Real,CH,Rl,2045-Hhigh,1250.5978533516566,1250.5978533516566,0.8165283427619837,102.08421363836435,0.0816283294943888,,,,,,,,,,
Mass-H1-Real,CH,Rl,2045-Hlow,1250.5978533516566,1250.5978533516566,0.8165283427619837,144.5881500704805,0.11561522329738372,,,,,,,,,,
Mass-H1-Real,CH,Rb,2024-Hhigh,547.3526862592631,547.3526862592631,0.38134014581853487,66.67158781294127,0.12180736385636574,,,,,,,,,,
Mass-H1-Real,CH,Rb,2024-Hlow,547.3526862592631,547.3526862592631,0.38134014581853487,101.37752124278157,0.18521425725635762,,,,,,,,,,
Mass-H1-Real,CH,Rb,2025-Hhigh,547.3526862592631,547.3526862592631,0.38134014581853487,55.884922287553685,0.10210038918322367,,,,,,,,,,
Mass-H1-Real,CH,Rb,2025-Hlow,547.3526862592631,547.3526862592631,0.38134014581853487,88.74228525454369,0.16212998946077953,,,,,,,,,,
Mass-H1-Real,CH,Rb,2030-Hhigh,547.3526862592631,547.3526862592631,0.33628039935631815,44.91254186975324,0.08205411793389762,,,,,,,,,,
Mass-H1-Real,CH,Rb,2030-Hlow,547.3526862592631,547.3526862592631,0.33628039935631815,69.89183536419011,0.12769067754439525,,,,,,,,,,
Mass-H1-Real,CH,Rb,2035-Hhigh,547.3526862592631,547.3526862592631,0.33628039935631815,43.19526586314319,0.07891669657885446,,,,,,,,,,
Mass-H1-Real,CH,Rb,2035-Hlow,547.3526862592631,547.3526862592631,0.33628039935631815,59.15301063876174,0.10807110684525423,,,,,,,,,,
Mass-H1-Real,CH,Rb,2040-Hhigh,547.3526862592631,547.3526862592631,0.33628039935631815,45.3715203146086,0.08289266035157009,,,,,,,,,,
Mass-H1-Real,CH,Rb,2040-Hlow,547.3526862592631,547.3526862592631,0.33628039935631815,67.66064614320175,0.12361434928840945,,,,,,,,,,
Mass-H1-Real,CH,Rb,2045-Hhigh,547.3526862592631,547.3526862592631,0.33628039935631815,52.240218822834606,0.0954416048998618,,,,,,,,,,
Mass-H1-Real,CH,Rb,2045-Hlow,547.3526862592631,547.3526862592631,0.33628039935631815,75.71458863782163,0.13832870567471392,,,,,,,,,,
Mass-H1-Real,CH,R,2024-Hhigh,1797.9505396109193,1797.9505396109193,1.2221430803840654,205.24515617107414,0.11415506247212433,,,,,,,,,,
Mass-H1-Real,CH,R,2024-Hlow,1797.9505396109193,1797.9505396109193,1.221284491860415,306.7372575594804,0.17060383520108346,,,,,,,,,,
Mass-H1-Real,CH,R,2025-Hhigh,1797.9505396109193,1797.9505396109193,1.221284491860415,166.2786262859307,0.09248231395837718,,,,,,,,,,
Mass-H1-Real,CH,R,2025-Hlow,1797.9505396109193,1797.9505396109193,1.221284491860415,259.563447741095,0.14436628929584744,,,,,,,,,,
Mass-H1-Real,CH,R,2030-Hhigh,1797.9505396109193,1797.9505396109193,1.152808742118302,132.51191503782914,0.07370164646826438,,,,,,,,,,
Mass-H1-Real,CH,R,2030-Hlow,1797.9505396109193,1797.9505396109193,1.152808742118302,202.0345111217708,0.11236933757115006,,,,,,,,,,
Mass-H1-Real,CH,R,2035-Hhigh,1797.9505396109193,1797.9505396109193,1.152808742118302,129.1044532564567,0.07180645430012508,,,,,,,,,,
Mass-H1-Real,CH,R,2035-Hlow,1797.9505396109193,1797.9505396109193,1.152808742118302,178.56040336793848,0.09931330113595858,,,,,,,,,,
Mass-H1-Real,CH,R,2040-Hhigh,1797.9505396109193,1797.9505396109193,1.152808742118302,136.1712600999422,0.07573693330263133,,,,,,,,,,
Mass-H1-Real,CH,R,2040-Hlow,1797.9505396109193,1797.9505396109193,1.152808742118302,200.61680485827657,0.1115808251887121,,,,,,,,,,
Mass-H1-Real,CH,R,2045-Hhigh,1797.9505396109193,1797.9505396109193,1.152808742118302,154.324432461199,0.08583352492810796,,,,,,,,,,
Mass-H1-Real,CH,R,2045-Hlow,1797.9505396109193,1797.9505396109193,1.152808742118302,220.3027387083022,0.12252992162730807,,,,,,,,,,
Mod-Nom-Ideal,AK,HPl,2024-Hhigh,545.7219822506701,2233.508469594546,0.34428593447933253,51.763290246682544,0.09485285902026533,4.092758844683324,,,,,,,,,
Mod-Nom-Ideal,AK,HPl,2024-Hlow,545.7219822506701,2233.508469594546,0.3459010981848308,90.82718369786122,0.16643490028250496,4.092758844683324,,,,,,,,,
Mod-Nom-Ideal,AK,HPl,2025-Hhigh,545.7219822506701,2233.508469594546,0.3459010981848308,41.36392825546836,0.07579670528365924,4.092758844683324,,,,,,,,,
Mod-Nom-Ideal,AK,HPl,2025-Hlow,545.7219822506701,2233.508469594546,0.3459010981848308,77.64737868548629,0.14228376574689638,4.092758844683324,,,,,,,,,
Mod-Nom-Ideal,AK,HPl,2030-Hhigh,545.7219822506701,2233.508469594546,0.3464255027292723,33.9089772586898,0.062135992980972075,4.092758844683324,,,,,,,,,
Mod-Nom-Ideal,AK,HPl,2030-Hlow,545.7219822506701,2233.508469594546,0.3464255027292723,61.156529379738046,0.1120653581289064,4.092758844683324,,,,,,,,,
Mod-Nom-Ideal,AK,HPl,2035-Hhigh,545.7219822506701,2233.508469594546,0.3464255027292723,35.8565563437496,0.0657048048456281,4.092758844683324,,,,,,,,,
Mod-Nom-Ideal,AK,HPl,2035-Hlow,545.7219822506701,2233.508469594546,0.3464255027292723,57.1077589283717,0.10464624989605059,4.092758844683324,,,,,,,,,
Mod-Nom-Ideal,AK,HPl,2040-Hhigh,545.7219822506701,2233.508469594546,0.3464255027292723,40.00132681338429,0.07329982686130869,4.092758844683324,,,,,,,,,
Mod-Nom-Ideal,AK,HPl,2040-Hlow,545.7219822506701,2233.508469594546,0.3464255027292723,64.85519178235195,0.11884291615828953,4.092758844683324,,,,,,,,,
Mod-Nom-Ideal,AK,HPl,2045-Hhigh,545.7219822506701,2233.508469594546,0.3464255027292723,45.70949856277457,0.08375967992760557,4.092758844683324,,,,,,,,,
Mod-Nom-Ideal,AK,HPl,2045-Hlow,545.7219822506701,2233.508469594546,0.3464255027292723,70.49232880040412,0.12917260270454786,4.092758844683324,,,,,,,,,
Mod-H1-Ideal,AK,HPl,2024-Hhigh,436.7886286976347,1684.7373555181127,0.29546400888859103,40.51045003263873,0.09274611876556416,3.8570998529459564,,,,,,,,,
Mod-H1-Ideal,AK,HPl,2024-Hlow,436.7886286976347,1684.7373555181127,0.2989768462407858,73.86313421245701,0.16910498433233823,3.8570998529459564,,,,,,,,,
Mod-H1-Ideal,AK,HPl,2025-Hhigh,436.7886286976347,1684.7373555181127,0.2989768462407858,32.156684692327616,0.07362070021879613,3.8570998529459564,,,,,,,,,
Mod-H1-Ideal,AK,HPl,2025-Hlow,436.7886286976347,1684.7373555181127,0.2989768462407858,63.161090877412825,0.1446033315146944,3.8570998529459564,,,,,,,,,
Mod-H1-Ideal,AK,HPl,2030-Hhigh,436.7886286976347,1684.7373555181127,0.29629898292836354,26.460910071879933,0.06058058368135174,3.8570998529459564,,,,,,,,,
Mod-H1-Ideal,AK,HPl,2030-Hlow,436.7886286976347,1684.7373555181127,0.29629898292836354,49.56475454436041,0.11347537753477421,3.8570998529459564,,,,,,,,,
Mod-H1-Ideal,AK,HPl,2035-Hhigh,436.7886286976347,1684.7373555181127,0.29629898292836354,28.282488162810274,0.06475097176210767,3.8570998529459564,,,,,,,,,
Mod-H1-Ideal,AK,HPl,2035-Hlow,436.7886286976347,1684.7373555181127,0.29629898292836354,46.546138623118466,0.10656444688568086,3.8570998529459564,,,,,,,,,
Mod-H1-Ideal,AK,HPl,2040-Hhigh,436.7886286976347,1684.7373555181127,0.29629898292836354,31.655514073006145,0.07247330171436207,3.8570998529459564,,,,,,,,,
Mod-H1-Ideal,AK,HPl,2040-Hlow,436.7886286976347,1684.7373555181127,0.29629898292836354,52.96177945942597,0.12125265169411854,3.8570998529459564,,,,,,,,,
Mod-H1-Ideal,AK,HPl,2045-Hhigh,436.7886286976347,1684.7373555181127,0.29629898292836354,36.126807548883214,0.08271004594740003,3.8570998529459564,,,,,,,,,
Mod-H1-Ideal,AK,HPl,2045-Hlow,436.7886286976347,1684.7373555181127,0.29629898292836354,57.25864889490897,0.13109006309444485,3.8570998529459564,,,,,,,,,
Mod-Nom-Real,AK,HPl,2024-Hhigh,546.828648113696,2238.2603680441844,0.34548074696039055,51.853568080785806,0.09482599029816095,4.093165886178677,,,,,,,,,
Mod-Nom-Real,AK,HPl,2024-Hlow,546.828648113696,2238.2603680441844,0.3470880489139372,91.0211440710734,0.1664527716041468,4.093165886178677,,,,,,,,,
Mod-Nom-Real,AK,HPl,2025-Hhigh,546.828648113696,2238.2603680441844,0.3470880489139372,41.4344789207277,0.075772326602963,4.093165886178677,,,,,,,,,
Mod-Nom-Real,AK,HPl,2025-Hlow,546.828648113696,2238.2603680441844,0.3470880489139372,77.80886009622336,0.14229111873459385,4.093165886178677,,,,,,,,,
Mod-Nom-Real,AK,HPl,2030-Hhigh,546.828648113696,2238.2603680441844,0.347548885932393,33.96651696808783,0.06211546722223952,4.093165886178677,,,,,,,,,
Mod-Nom-Real,AK,HPl,2030-Hlow,546.828648113696,2238.2603680441844,0.347548885932393,61.279748433322546,0.11206389541716427,4.093165886178677,,,,,,,,,
Mod-Nom-Real,AK,HPl,2035-Hhigh,546.828648113696,2238.2603680441844,0.347548885932393,35.92013301544041,0.06568809651679394,4.093165886178677,,,,,,,,,
Mod-Nom-Real,AK,HPl,2035-Hlow,546.828648113696,2238.2603680441844,0.347548885932393,57.2276737269997,0.10465375931639373,4.093165886178677,,,,,,,,,
Mod-Nom-Real,AK,HPl,2040-Hhigh,546.828648113696,2238.2603680441844,0.347548885932393,40.07176391358572,0.0732802936565497,4.093165886178677,,,,,,,,,
Mod-Nom-Real,AK,HPl,2040-Hlow,546.828648113696,2238.2603680441844,0.347548885932393,64.99355893018613,0.11885543881869323,4.093165886178677,,,,,,,,,
Mod-Nom-Real,AK,HPl,2045-Hhigh,546.828648113696,2238.2603680441844,0.347548885932393,45.789477474619204,0.08373642754923606,4.093165886178677,,,,,,,,,
Mod-Nom-Real,AK,HPl,2045-Hlow,546.828648113696,2238.2603680441844,0.347548885932393,70.63757042643415,0.12917679179776123,4.093165886178677,,,,,,,,,
Mod-H1-Real,AK,HPl,2024-Hhigh,437.34409625642905,1686.91804868813,0.296023568553857,40.562106384207034,0.0927464363447681,3.857187196826901,,,,,,,,,
Mod-H1-Real,AK,HPl,2024-Hlow,437.34409625642905,1686.91804868813,0.2995229065411157,73.97543169631503,0.1691469767844787,3.857187196826901,,,,,,,,,
Mod-H1-Real,AK,HPl,2025-Hhigh,437.34409625642905,1686.91804868813,0.2995229065411157,32.19620966026237,0.07361757009150224,3.857187196826901,,,,,,,,,
Mod-H1-Real,AK,HPl,2025-Hlow,437.34409625642905,1686.91804868813,0.2995229065411157,63.259017938592116,0.14464358494850083,3.857187196826901,,,,,,,,,
Mod-H1-Real,AK,HPl,2030-Hhigh,437.34409625642905,1686.91804868813,0.29683717381652225,26.493729874419095,0.06057868415556469,3.857187196826901,,,,,,,,,
Mod-H1-Real,AK,HPl,2030-Hlow,437.34409625642905,1686.91804868813,0.29683717381652225,49.63989386801749,0.11350306153192476,3.857187196826901,,,,,,,,,
Mod-H1-Real,AK,HPl,2035-Hhigh,437.34409625642905,1686.91804868813,0.29683717381652225,28.31864400307744,0.06475140340404481,3.857187196826901,,,,,,,,,
Mod-H1-Real,AK,HPl,2035-Hlow,437.34409625642905,1686.91804868813,0.29683717381652225,46.61800186380218,0.10659341754660048,3.857187196826901,,,,,,,,,
Mod-H1-Real,AK,HPl,2040-Hhigh,437.34409625642905,1686.91804868813,0.29683717381652225,31.69519448704008,0.07247198432159961,3.857187196826901,,,,,,,,,
Mod-H1-Real,AK,HPl,2040-Hlow,437.34409625642905,1686.91804868813,0.29683717381652225,53.04788773681657,0.12129553866370903,3.857187196826901,,,,,,,,,
Mod-H1-Real,AK,HPl,2045-Hhigh,437.34409625642905,1686.91804868813,0.29683717381652225,36.17198225873205,0.08270828980739972,3.857187196826901,,,,,,,,,
Mod-H1-Real,AK,HPl,2045-Hlow,437.34409625642905,1686.91804868813,0.29683717381652225,57.34970515117322,0.13113176933694612,3.857187196826901,,,,,,,,,
Mod-Nom-Ideal,CH,HPl,2024-Hhigh,1434.4276418795885,5867.6054458022645,0.8772911761719188,143.16181149044667,0.09980413602658686,4.090555197412192,,,,,,,,,
Mod-Nom-Ideal,CH,HPl,2024-Hlow,1434.4276418795885,5867.6054458022645,0.8721325291215247,219.21229696880098,0.15282213655723914,4.090555197412192,,,,,,,,,
Mod-Nom-Ideal,CH,HPl,2025-Hhigh,1434.4276418795885,5867.6054458022645,0.8721325291215247,113.30138504313899,0.0789871735145006,4.090555197412192,,,,,,,,,
Mod-Nom-Ideal,CH,HPl,2025-Hlow,1434.4276418795885,5867.6054458022645,0.8721325291215247,182.17539539952242,0.12700215060050757,4.090555197412192,,,,,,,,,
Mod-Nom-Ideal,CH,HPl,2030-Hhigh,1434.4276418795885,5867.6054458022645,0.8771319651967182,91.25267117433718,0.06361608526643081,4.090555197412192,,,,,,,,,
Mod-Nom-Ideal,CH,HPl,2030-Hlow,1434.4276418795885,5867.6054458022645,0.8771319651967182,142.66851602789782,0.09946023895701947,4.090555197412192,,,,,,,,,
Mod-Nom-Ideal,CH,HPl,2035-Hhigh,1434.4276418795885,5867.6054458022645,0.8771319651967182,93.1747638019638,0.0649560570931784,4.090555197412192,,,,,,,,,
Mod-Nom-Ideal,CH,HPl,2035-Hlow,1434.4276418795885,5867.6054458022645,0.8771319651967182,134.26313094444802,0.09360049055420991,4.090555197412192,,,,,,,,,
Mod-Nom-Ideal,CH,HPl,2040-Hhigh,1434.4276418795885,5867.6054458022645,0.8771319651967182,100.59247673440184,0.07012725758867241,4.090555197412192,,,,,,,,,
Mod-Nom-Ideal,CH,HPl,2040-Hlow,1434.4276418795885,5867.6054458022645,0.8771319651967182,148.84921852471984,0.10376906731222546,4.090555197412192,,,,,,,,,
Mod-Nom-Ideal,CH,HPl,2045-Hhigh,1434.4276418795885,5867.6054458022645,0.8771319651967182,113.81842398416279,0.07934762316419246,4.090555197412192,,,,,,,,,
Mod-Nom-Ideal,CH,HPl,2045-Hlow,1434.4276418795885,5867.6054458022645,0.8771319651967182,161.8777421313457,0.11285180054061895,4.090555197412192,,,,,,,,,
Mod-H1-Ideal,CH,HPl,2024-Hhigh,1310.2433655150664,4986.386754278528,0.7839359911573082,128.7825366052758,0.09828902018874212,3.80569509872568,,,,,,,,,
Mod-H1-Ideal,CH,HPl,2024-Hlow,1310.2433655150664,4986.386754278528,0.7810959216163398,203.1815621334671,0.1550716206478137,3.80569509872568,,,,,,,,,
Mod-H1-Ideal,CH,HPl,2025-Hhigh,1310.2433655150664,4986.386754278528,0.7810959216163398,101.40440690727927,0.07739356639857241,3.80569509872568,,,,,,,,,
Mod-H1-Ideal,CH,HPl,2025-Hlow,1310.2433655150664,4986.386754278528,0.7810959216163398,168.75940823636563,0.1288000478979911,3.80569509872568,,,,,,,,,
Mod-H1-Ideal,CH,HPl,2030-Hhigh,1310.2433655150664,4986.386754278528,0.7849215797587838,81.80991726035698,0.06243871895370895,3.80569509872568,,,,,,,,,
Mod-H1-Ideal,CH,HPl,2030-Hlow,1310.2433655150664,4986.386754278528,0.7849215797587838,132.0376254222537,0.10077335928379133,3.80569509872568,,,,,,,,,
Mod-H1-Ideal,CH,HPl,2035-Hhigh,1310.2433655150664,4986.386754278528,0.7849215797587838,84.11137493832787,0.06419523055952514,3.80569509872568,,,,,,,,,
Mod-H1-Ideal,CH,HPl,2035-Hlow,1310.2433655150664,4986.386754278528,0.7849215797587838,124.3040972309543,0.09487099916135765,3.80569509872568,,,,,,,,,
Mod-H1-Ideal,CH,HPl,2040-Hhigh,1310.2433655150664,4986.386754278528,0.7849215797587838,91.28868274676466,0.06967307383455318,3.80569509872568,,,,,,,,,
Mod-H1-Ideal,CH,HPl,2040-Hlow,1310.2433655150664,4986.386754278528,0.7849215797587838,138.08365502773788,0.1053877918118335,3.80569509872568,,,,,,,,,
Mod-H1-Ideal,CH,HPl,2045-Hhigh,1310.2433655150664,4986.386754278528,0.7849215797587838,103.24097142235726,0.07879526364308088,3.80569509872568,,,,,,,,,
Mod-H1-Ideal,CH,HPl,2045-Hlow,1310.2433655150664,4986.386754278528,0.7849215797587838,149.6359756526816,0.11420471920791492,3.80569509872568,,,,,,,,,
Mod-Nom-Real,CH,HPl,2024-Hhigh,1446.9003977584027,5901.549834381867,0.8881309068179226,144.44379872138575,0.09982981478556782,4.078753343025401,,,,,,,,,
Mod-Nom-Real,CH,HPl,2024-Hlow,1446.9003977584027,5901.549834381867,0.882680434978424,221.30777082569534,0.15295300987445604,4.078753343025401,,,,,,,,,
Mod-Nom-Real,CH,HPl,2025-Hhigh,1446.9003977584027,5901.549834381867,0.882680434978424,114.32598274058618,0.07901441102490861,4.078753343025401,,,,,,,,,
Mod-Nom-Real,CH,HPl,2025-Hlow,1446.9003977584027,5901.549834381867,0.882680434978424,183.9392603813471,0.1271264149669966,4.078753343025401,,,,,,,,,
Mod-Nom-Real,CH,HPl,2030-Hhigh,1446.9003977584027,5901.549834381867,0.8875256806128771,92.07697191719272,0.06363739484752519,4.078753343025401,,,,,,,,,
Mod-Nom-Real,CH,HPl,2030-Hlow,1446.9003977584027,5901.549834381867,0.8875256806128771,144.03327949772446,0.09954609157677108,4.078753343025401,,,,,,,,,
Mod-Nom-Real,CH,HPl,2035-Hhigh,1446.9003977584027,5901.549834381867,0.8875256806128771,94.01855363993295,0.06497928522626045,4.078753343025401,,,,,,,,,
Mod-Nom-Real,CH,HPl,2035-Hlow,1446.9003977584027,5901.549834381867,0.8875256806128771,135.52452512789273,0.09366541424541237,4.078753343025401,,,,,,,,,
Mod-Nom-Real,CH,HPl,2040-Hhigh,1446.9003977584027,5901.549834381867,0.8875256806128771,101.49019611154692,0.0701431807391716,4.078753343025401,,,,,,,,,
Mod-Nom-Real,CH,HPl,2040-Hlow,1446.9003977584027,5901.549834381867,0.8875256806128771,150.26181262084916,0.10385083372265354,4.078753343025401,,,,,,,,,
Mod-Nom-Real,CH,HPl,2045-Hhigh,1446.9003977584027,5901.549834381867,0.8875256806128771,114.84362684550311,0.07937217172890654,4.078753343025401,,,,,,,,,
Mod-Nom-Real,CH,HPl,2045-Hlow,1446.9003977584027,5901.549834381867,0.8875256806128771,163.42675481848192,0.11294955414461792,4.078753343025401,,,,,,,,,
Mod-H1-Real,CH,HPl,2024-Hhigh,1316.9208443964596,5012.66436812263,0.789059795859384,129.42872153674554,0.09828132198489294,3.806352059390416,,,,,,,,,
Mod-H1-Real,CH,HPl,2024-Hlow,1316.9208443964596,5012.66436812263,0.7859493008377637,204.30704493526196,0.15513995833887434,3.806352059390416,,,,,,,,,
Mod-H1-Real,CH,HPl,2025-Hhigh,1316.9208443964596,5012.66436812263,0.7859493008377637,101.90583478487568,0.07738189825036809,3.806352059390416,,,,,,,,,
Mod-H1-Real,CH,HPl,2025-Hlow,1316.9208443964596,5012.66436812263,0.7859493008377637,169.68243838672103,0.12884786440181673,3.806352059390416,,,,,,,,,
Mod-H1-Real,CH,HPl,2030-Hhigh,1316.9208443964596,5012.66436812263,0.7898115973663863,82.21267351922526,0.06242795371418322,3.806352059390416,,,,,,,,,
Mod-H1-Real,CH,HPl,2030-Hlow,1316.9208443964596,5012.66436812263,0.7898115973663863,132.7458577869155,0.10080017971600448,3.806352059390416,,,,,,,,,
Mod-H1-Real,CH,HPl,2035-Hhigh,1316.9208443964596,5012.66436812263,0.7898115973663863,84.52880014754834,0.0641866977102087,3.806352059390416,,,,,,,,,
Mod-H1-Real,CH,HPl,2035-Hlow,1316.9208443964596,5012.66436812263,0.7898115973663863,124.97065892219837,0.09489610514857634,3.806352059390416,,,,,,,,,
Mod-H1-Real,CH,HPl,2040-Hhigh,1316.9208443964596,5012.66436812263,0.7898115973663863,91.73617129393436,0.06965959395682338,3.806352059390416,,,,,,,,,
Mod-H1-Real,CH,HPl,2040-Hlow,1316.9208443964596,5012.66436812263,0.7898115973663863,138.82467125908545,0.1054161089861922,3.806352059390416,,,,,,,,,
Mod-H1-Real,CH,HPl,2045-Hhigh,1316.9208443964596,5012.66436812263,0.7898115973663863,103.7456342360759,0.07877894459451902,3.806352059390416,,,,,,,,,
Mod-H1-Real,CH,HPl,2045-Hlow,1316.9208443964596,5012.66436812263,0.7898115973663863,150.42971974723892,0.11422836868846156,3.806352059390416,,,,,,,,,
Mass-Nom-Ideal,AK,HPl,2024-Hhigh,383.78245787604624,1563.8815104525415,0.21136738114914144,39.11074988317089,0.10190864402614996,4.074916605379714,,,,,,,,,
Mass-Nom-Ideal,AK,HPl,2024-Hlow,383.78245787604624,1563.8815104525415,0.213563692640265,62.89204622486673,0.16387420772936828,4.074916605379714,,,,,,,,,
Mass-Nom-Ideal,AK,HPl,2025-Hhigh,383.78245787604624,1563.8815104525415,0.213563692640265,31.26328892231045,0.08146096383698664,4.074916605379714,,,,,,,,,
Mass-Nom-Ideal,AK,HPl,2025-Hlow,383.78245787604624,1563.8815104525415,0.213563692640265,53.075444871394325,0.1382956510444169,4.074916605379714,,,,,,,,,
Mass-Nom-Ideal,AK,HPl,2030-Hhigh,383.78245787604624,1563.8815104525415,0.20686841110076673,25.40354736452535,0.06619257040854683,4.074916605379714,,,,,,,,,
Mass-Nom-Ideal,AK,HPl,2030-Hlow,383.78245787604624,1563.8815104525415,0.20686841110076673,41.49924325592414,0.10813220459734388,4.074916605379714,,,,,,,,,
Mass-Nom-Ideal,AK,HPl,2035-Hhigh,383.78245787604624,1563.8815104525415,0.20686841110076673,25.78227882655588,0.06717940931756454,4.074916605379714,,,,,,,,,
Mass-Nom-Ideal,AK,HPl,2035-Hlow,383.78245787604624,1563.8815104525415,0.20686841110076673,37.81923501529214,0.09854341760327923,4.074916605379714,,,,,,,,,
Mass-Nom-Ideal,AK,HPl,2040-Hhigh,383.78245787604624,1563.8815104525415,0.20686841110076673,27.873695105981113,0.07262889309803665,4.074916605379714,,,,,,,,,
Mass-Nom-Ideal,AK,HPl,2040-Hlow,383.78245787604624,1563.8815104525415,0.20686841110076673,42.66650967188119,0.11117368393544862,4.074916605379714,,,,,,,,,
Mass-Nom-Ideal,AK,HPl,2045-Hhigh,383.78245787604624,1563.8815104525415,0.20686841110076673,31.621785543174227,0.0823950779777105,4.074916605379714,,,,,,,,,
Mass-Nom-Ideal,AK,HPl,2045-Hlow,383.78245787604624,1563.8815104525415,0.20686841110076673,46.601187344949516,0.12142604850376129,4.074916605379714,,,,,,,,,
Mass-H1-Ideal,AK,HPl,2024-Hhigh,120.44872220910057,452.53689337432246,0.0784021313755348,12.802698270898025,0.10629169024036944,3.7570916907587653,,,,,,,,,
Mass-H1-Ideal,AK,HPl,2024-Hlow,120.44872220910057,452.53689337432246,0.07839931589785566,20.857939923198337,0.17316862761722518,3.7570916907587653,,,,,,,,,
Mass-H1-Ideal,AK,HPl,2025-Hhigh,120.44872220910057,452.53689337432246,0.07839931589785566,10.370461890369533,0.08609856294171618,3.7570916907587653,,,,,,,,,
Mass-H1-Ideal,AK,HPl,2025-Hlow,120.44872220910057,452.53689337432246,0.07839931589785566,17.826947702285263,0.14800445679562668,3.7570916907587653,,,,,,,,,
Mass-H1-Ideal,AK,HPl,2030-Hhigh,120.44872220910057,452.53689337432246,0.07511579382940936,8.476647165246995,0.07037556737655899,3.7570916907587653,,,,,,,,,
Mass-H1-Ideal,AK,HPl,2030-Hlow,120.44872220910057,452.53689337432246,0.07511579382940936,13.925751876526068,0.11561560489077484,3.7570916907587653,,,,,,,,,
Mass-H1-Ideal,AK,HPl,2035-Hhigh,120.44872220910057,452.53689337432246,0.07511579382940936,8.533343638506636,0.07084627783508271,3.7570916907587653,,,,,,,,,
Mass-H1-Ideal,AK,HPl,2035-Hlow,120.44872220910057,452.53689337432246,0.07511579382940936,12.22408765913499,0.10148789821044188,3.7570916907587653,,,,,,,,,
Mass-H1-Ideal,AK,HPl,2040-Hhigh,120.44872220910057,452.53689337432246,0.07511579382940936,9.141168119998609,0.07589261182969978,3.7570916907587653,,,,,,,,,
Mass-H1-Ideal,AK,HPl,2040-Hlow,120.44872220910057,452.53689337432246,0.07511579382940936,13.986004341848924,0.11611583822009366,3.7570916907587653,,,,,,,,,
Mass-H1-Ideal,AK,HPl,2045-Hhigh,120.44872220910057,452.53689337432246,0.07511579382940936,10.445513143223627,0.08672166006950309,3.7570916907587653,,,,,,,,,
Mass-H1-Ideal,AK,HPl,2045-Hlow,120.44872220910057,452.53689337432246,0.07511579382940936,15.401391444847178,0.1278667898037985,3.7570916907587653,,,,,,,,,
Mass-Nom-Real,AK,HPl,2024-Hhigh,384.01130034328605,1564.6934843278088,0.21158416546773554,39.14283731332883,0.10193147253306656,4.074602708120971,,,,,,,,,
Mass-Nom-Real,AK,HPl,2024-Hlow,384.01130034328605,1564.6934843278088,0.21374508541393644,62.964189463528655,0.16396441825342628,4.074602708120971,,,,,,,,,
Mass-Nom-Real,AK,HPl,2025-Hhigh,384.01130034328605,1564.6934843278088,0.21374508541393644,31.29088871541747,0.08148429144518676,4.074602708120971,,,,,,,,,
Mass-Nom-Real,AK,HPl,2025-Hlow,384.01130034328605,1564.6934843278088,0.21374508541393644,53.13766805669486,0.13837527179328463,4.074602708120971,,,,,,,,,
Mass-Nom-Real,AK,HPl,2030-Hhigh,384.01130034328605,1564.6934843278088,0.2070989121621125,25.425151913377263,0.06620938469948282,4.074602708120971,,,,,,,,,
Mass-Nom-Real,AK,HPl,2030-Hlow,384.01130034328605,1564.6934843278088,0.2070989121621125,41.547667427106425,0.10819386666476997,4.074602708120971,,,,,,,,,
Mass-Nom-Real,AK,HPl,2035-Hhigh,384.01130034328605,1564.6934843278088,0.2070989121621125,25.803810762395337,0.06719544643433169,4.074602708120971,,,,,,,,,
Mass-Nom-Real,AK,HPl,2035-Hlow,384.01130034328605,1564.6934843278088,0.2070989121621125,37.86041044916043,0.09859191751731057,4.074602708120971,,,,,,,,,
Mass-Nom-Real,AK,HPl,2040-Hhigh,384.01130034328605,1564.6934843278088,0.2070989121621125,27.89797041692394,0.07264882671938198,4.074602708120971,,,,,,,,,
Mass-Nom-Real,AK,HPl,2040-Hlow,384.01130034328605,1564.6934843278088,0.2070989121621125,42.723571309214144,0.1112560262445962,4.074602708120971,,,,,,,,,
Mass-Nom-Real,AK,HPl,2045-Hhigh,384.01130034328605,1564.6934843278088,0.2070989121621125,31.649059617271877,0.08241700072101855,4.074602708120971,,,,,,,,,
Mass-Nom-Real,AK,HPl,2045-Hlow,384.01130034328605,1564.6934843278088,0.2070989121621125,46.662874666277034,0.12151432685590986,4.074602708120971,,,,,,,,,
Mass-H1-Real,AK,HPl,2024-Hhigh,120.24438838465511,451.76431108953096,0.0783692102288787,12.780817755901676,0.10629034691429051,3.7570510953439427,,,,,,,,,
Mass-H1-Real,AK,HPl,2024-Hlow,120.24438838465511,451.76431108953096,0.07836766285569328,20.817598744812127,0.17312740348612182,3.7570510953439427,,,,,,,,,
Mass-H1-Real,AK,HPl,2025-Hhigh,120.24438838465511,451.76431108953096,0.07836766285569328,10.352545360931593,0.08609587108393263,3.7570510953439427,,,,,,,,,
Mass-H1-Real,AK,HPl,2025-Hlow,120.24438838465511,451.76431108953096,0.07836766285569328,17.792920588152302,0.14797298091977265,3.7570510953439427,,,,,,,,,
Mass-H1-Real,AK,HPl,2030-Hhigh,120.24438838465511,451.76431108953096,0.07508339032607458,8.461935184184384,0.07037280739551124,3.7570510953439427,,,,,,,,,
Mass-H1-Real,AK,HPl,2030-Hlow,120.24438838465511,451.76431108953096,0.07508339032607458,13.899305188065853,0.11559213178084243,3.7570510953439427,,,,,,,,,
Mass-H1-Real,AK,HPl,2035-Hhigh,120.24438838465511,451.76431108953096,0.07508339032607458,8.518677262207081,0.07084469700952951,3.7570510953439427,,,,,,,,,
Mass-H1-Real,AK,HPl,2035-Hlow,120.24438838465511,451.76431108953096,0.07508339032607458,12.201337340814025,0.10147115807003504,3.7570510953439427,,,,,,,,,
Mass-H1-Real,AK,HPl,2040-Hhigh,120.24438838465511,451.76431108953096,0.07508339032607458,9.125664556542187,0.07589264396563516,3.7570510953439427,,,,,,,,,
Mass-H1-Real,AK,HPl,2040-Hlow,120.24438838465511,451.76431108953096,0.07508339032607458,13.960328232644802,0.11609962360976454,3.7570510953439427,,,,,,,,,
Mass-H1-Real,AK,HPl,2045-Hhigh,120.24438838465511,451.76431108953096,0.07508339032607458,10.427802525981113,0.08672173950124934,3.7570510953439427,,,,,,,,,
Mass-H1-Real,AK,HPl,2045-Hlow,120.24438838465511,451.76431108953096,0.07508339032607458,15.373072917787443,0.12784856843888495,3.7570510953439427,,,,,,,,,
Mass-Nom-Ideal,CH,HPl,2024-Hhigh,964.1722574668731,3452.1915523232456,0.5167918167229115,101.79223992749391,0.10557474469855431,3.5804717731591187,,,,,,,,,
Mass-Nom-Ideal,CH,HPl,2024-Hlow,964.1722574668731,3452.1915523232456,0.5142321733762683,146.66063746276947,0.15211041007141654,3.5804717731591187,,,,,,,,,
Mass-Nom-Ideal,CH,HPl,2025-Hhigh,964.1722574668731,3452.1915523232456,0.5142321733762683,80.38575706596106,0.08337281688352555,3.5804717731591187,,,,,,,,,
Mass-Nom-Ideal,CH,HPl,2025-Hlow,964.1722574668731,3452.1915523232456,0.5142321733762683,120.85393112994551,0.1253447505816644,3.5804717731591187,,,,,,,,,
Mass-Nom-Ideal,CH,HPl,2030-Hhigh,964.1722574668731,3452.1915523232456,0.5060824569326878,63.901460113934014,0.06627597881919925,3.5804717731591187,,,,,,,,,
Mass-Nom-Ideal,CH,HPl,2030-Hlow,964.1722574668731,3452.1915523232456,0.5060824569326878,93.97007517158677,0.09746191559013549,3.5804717731591187,,,,,,,,,
Mass-Nom-Ideal,CH,HPl,2035-Hhigh,964.1722574668731,3452.1915523232456,0.5060824569326878,63.32371267021945,0.0656767628189044,3.5804717731591187,,,,,,,,,
Mass-Nom-Ideal,CH,HPl,2035-Hlow,964.1722574668731,3452.1915523232456,0.5060824569326878,86.39506114752659,0.08960542110442847,3.5804717731591187,,,,,,,,,
Mass-Nom-Ideal,CH,HPl,2040-Hhigh,964.1722574668731,3452.1915523232456,0.5060824569326878,66.98344891844968,0.06947249145545041,3.5804717731591187,,,,,,,,,
Mass-Nom-Ideal,CH,HPl,2040-Hlow,964.1722574668731,3452.1915523232456,0.5060824569326878,94.81389032148694,0.09833708612461767,3.5804717731591187,,,,,,,,,
Mass-Nom-Ideal,CH,HPl,2045-Hhigh,964.1722574668731,3452.1915523232456,0.5060824569326878,75.23961574052471,0.07803544974235041,3.5804717731591187,,,,,,,,,
Mass-Nom-Ideal,CH,HPl,2045-Hlow,964.1722574668731,3452.1915523232456,0.5060824569326878,103.43900145389749,0.10728269834858989,3.5804717731591187,,,,,,,,,
Mass-H1-Ideal,CH,HPl,2024-Hhigh,379.1447510833203,1250.165598278432,0.26557872928099335,42.74768183455737,0.11274765564448815,3.297330622951701,,,,,,,,,
Mass-H1-Ideal,CH,HPl,2024-Hlow,379.1447510833203,1250.165598278432,0.2635512492630252,63.57240951591877,0.16767318902417877,3.297330622951701,,,,,,,,,
Mass-H1-Ideal,CH,HPl,2025-Hhigh,379.1447510833203,1250.165598278432,0.2635512492630252,34.25681582703608,0.09035286847346556,3.297330622951701,,,,,,,,,
Mass-H1-Ideal,CH,HPl,2025-Hlow,379.1447510833203,1250.165598278432,0.2635512492630252,53.19931668802568,0.14031400022292456,3.297330622951701,,,,,,,,,
Mass-H1-Ideal,CH,HPl,2030-Hhigh,379.1447510833203,1250.165598278432,0.25489141988301856,27.200546536144245,0.0717418517820037,3.297330622951701,,,,,,,,,
Mass-H1-Ideal,CH,HPl,2030-Hlow,379.1447510833203,1250.165598278432,0.25489141988301856,41.21628297253566,0.10870856804629225,3.297330622951701,,,,,,,,,
Mass-H1-Ideal,CH,HPl,2035-Hhigh,379.1447510833203,1250.165598278432,0.25489141988301856,26.66239846743189,0.07032247813335177,3.297330622951701,,,,,,,,,
Mass-H1-Ideal,CH,HPl,2035-Hlow,379.1447510833203,1250.165598278432,0.25489141988301856,36.80291616842002,0.09706824652923196,3.297330622951701,,,,,,,,,
Mass-H1-Ideal,CH,HPl,2040-Hhigh,379.1447510833203,1250.165598278432,0.25489141988301856,28.10114899458056,0.07411720435081295,3.297330622951701,,,,,,,,,
Mass-H1-Ideal,CH,HPl,2040-Hlow,379.1447510833203,1250.165598278432,0.25489141988301856,41.240855991156685,0.1087733797535645,3.297330622951701,,,,,,,,,
Mass-H1-Ideal,CH,HPl,2045-Hhigh,379.1447510833203,1250.165598278432,0.25489141988301856,31.695602520813242,0.08359762974497269,3.297330622951701,,,,,,,,,
Mass-H1-Ideal,CH,HPl,2045-Hlow,379.1447510833203,1250.165598278432,0.25489141988301856,45.0489935901978,0.1188174001129661,3.297330622951701,,,,,,,,,
Mass-Nom-Real,CH,HPl,2024-Hhigh,966.4374279657854,3460.5966624348066,0.5185426798722036,102.06959129062206,0.10561427810744474,3.580776739699408,,,,,,,,,
Mass-Nom-Real,CH,HPl,2024-Hlow,966.4374279657854,3460.5966624348066,0.5159217250196515,147.11026010946063,0.15221912547313796,3.580776739699408,,,,,,,,,
Mass-Nom-Real,CH,HPl,2025-Hhigh,966.4374279657854,3460.5966624348066,0.5159217250196515,80.6071167970434,0.08340645184521674,3.580776739699408,,,,,,,,,
Mass-Nom-Real,CH,HPl,2025-Hlow,966.4374279657854,3460.5966624348066,0.5159217250196515,121.23189386244111,0.12544205176078202,3.580776739699408,,,,,,,,,
Mass-Nom-Real,CH,HPl,2030-Hhigh,966.4374279657854,3460.5966624348066,0.5078967132531338,64.07569969947919,0.06630092941904113,3.580776739699408,,,,,,,,,
Mass-Nom-Real,CH,HPl,2030-Hlow,966.4374279657854,3460.5966624348066,0.5078967132531338,94.2621864301094,0.09753573661620081,3.580776739699408,,,,,,,,,
Mass-Nom-Real,CH,HPl,2035-Hhigh,966.4374279657854,3460.5966624348066,0.5078967132531338,63.49470949876437,0.06569976251065916,3.580776739699408,,,,,,,,,
Mass-Nom-Real,CH,HPl,2035-Hlow,966.4374279657854,3460.5966624348066,0.5078967132531338,86.65611620035817,0.0896655217324903,3.580776739699408,,,,,,,,,
Mass-Nom-Real,CH,HPl,2040-Hhigh,966.4374279657854,3460.5966624348066,0.5078967132531338,67.16902203469763,0.06950167707813112,3.580776739699408,,,,,,,,,
Mass-Nom-Real,CH,HPl,2040-Hlow,966.4374279657854,3460.5966624348066,0.5078967132531338,95.10978824633557,0.09841277406497828,3.580776739699408,,,,,,,,,
Mass-Nom-Real,CH,HPl,2045-Hhigh,966.4374279657854,3460.5966624348066,0.5078967132531338,75.44841413203069,0.07806859704392759,3.580776739699408,,,,,,,,,
Mass-Nom-Real,CH,HPl,2045-Hlow,966.4374279657854,3460.5966624348066,0.5078967132531338,103.7560516936323,0.10735930613948196,3.580776739699408,,,,,,,,,
Mass-H1-Real,CH,HPl,2024-Hhigh,379.307631542679,1250.5978533516566,0.26594427130383136,42.79148443805863,0.11281472050541595,3.2970542887981455,,,,,,,,,
Mass-H1-Real,CH,HPl,2024-Hlow,379.307631542679,1250.5978533516566,0.26388972486449075,63.64191402915727,0.1677844280915724,3.2970542887981455,,,,,,,,,
Mass-H1-Real,CH,HPl,2025-Hhigh,379.307631542679,1250.5978533516566,0.26388972486449075,34.29497022400737,0.09041465916339878,3.2970542887981455,,,,,,,,,
Mass-H1-Real,CH,HPl,2025-Hlow,379.307631542679,1250.5978533516566,0.26388972486449075,53.26621272428467,0.14043011079857814,3.2970542887981455,,,,,,,,,
Mass-H1-Real,CH,HPl,2030-Hhigh,379.307631542679,1250.5978533516566,0.2552614683211037,27.231453709462944,0.07179252787166479,3.2970542887981455,,,,,,,,,
Mass-H1-Real,CH,HPl,2030-Hlow,379.307631542679,1250.5978533516566,0.2552614683211037,41.270318388831434,0.10880434496132138,3.2970542887981455,,,,,,,,,
Mass-H1-Real,CH,HPl,2035-Hhigh,379.307631542679,1250.5978533516566,0.2552614683211037,26.691425527292296,0.07036880702541051,3.2970542887981455,,,,,,,,,
Mass-H1-Real,CH,HPl,2035-Hlow,379.307631542679,1250.5978533516566,0.2552614683211037,36.8346556213495,0.09711024128763127,3.2970542887981455,,,,,,,,,
Mass-H1-Real,CH,HPl,2040-Hhigh,379.307631542679,1250.5978533516566,0.2552614683211037,28.130993144310548,0.07416405789121408,3.2970542887981455,,,,,,,,,
Mass-H1-Real,CH,HPl,2040-Hlow,379.307631542679,1250.5978533516566,0.2552614683211037,41.28825162582517,0.10885162383340945,3.2970542887981455,,,,,,,,,
Mass-H1-Real,CH,HPl,2045-Hhigh,379.307631542679,1250.5978533516566,0.2552614683211037,31.731198896877064,0.08365557731549814,3.2970542887981455,,,,,,,,,
Mass-H1-Real,CH,HPl,2045-Hlow,379.307631542679,1250.5978533516566,0.2552614683211037,45.10409417450261,0.11891164433222742,3.2970542887981455,,,,,,,,,
Mod-Nom-Ideal,AK,HP,2024-Hhigh,852.3424616186181,3390.510784296661,0.4525703612169487,79.53045595608195,0.09330810036737085,3.977873844109564,,,,,,,,,
Mod-Nom-Ideal,AK,HP,2024-Hlow,852.3424616186181,3390.510784296661,0.4542988601129551,147.4613096797272,0.17300711429968507,3.977873844109564,,,,,,,,,
Mod-Nom-Ideal,AK,HP,2025-Hhigh,852.3424616186181,3390.510784296661,0.4542988601129551,63.26446204869456,0.07422422898954709,3.977873844109564,,,,,,,,,
Mod-Nom-Ideal,AK,HP,2025-Hlow,852.3424616186181,3390.510784296661,0.4542988601129551,125.57372922196264,0.14732778768699992,3.977873844109564,,,,,,,,,
Mod-Nom-Ideal,AK,HP,2030-Hhigh,852.3424616186181,3390.510784296661,0.4488916428279985,52.29294289946745,0.06135203307853739,3.977873844109564,,,,,,,,,
Mod-Nom-Ideal,AK,HP,2030-Hlow,852.3424616186181,3390.510784296661,0.4488916428279985,98.86445600975735,0.11599147110659189,3.977873844109564,,,,,,,,,
Mod-Nom-Ideal,AK,HP,2035-Hhigh,852.3424616186181,3390.510784296661,0.4488916428279985,56.327023100890514,0.0660849665918605,3.977873844109564,,,,,,,,,
Mod-Nom-Ideal,AK,HP,2035-Hlow,852.3424616186181,3390.510784296661,0.4488916428279985,91.97493016178407,0.10790842214656482,3.977873844109564,,,,,,,,,
Mod-Nom-Ideal,AK,HP,2040-Hhigh,852.3424616186181,3390.510784296661,0.4488916428279985,63.50818471370719,0.07451017352004694,3.977873844109564,,,,,,,,,
Mod-Nom-Ideal,AK,HP,2040-Hlow,852.3424616186181,3390.510784296661,0.4488916428279985,104.71813719553757,0.12285922843345783,3.977873844109564,,,,,,,,,
Mod-Nom-Ideal,AK,HP,2045-Hhigh,852.3424616186181,3390.510784296661,0.4488916428279985,71.98699812139958,0.08445783398458713,3.977873844109564,,,,,,,,,
Mod-Nom-Ideal,AK,HP,2045-Hlow,852.3424616186181,3390.510784296661,0.4488916428279985,113.36354184684033,0.13300233996504215,3.977873844109564,,,,,,,,,
Mod-H1-Ideal,AK,HP,2024-Hhigh,551.4008394872418,2262.1880286971764,0.3516804113413129,51.22370086851259,0.09289739369302827,4.102619848748922,,,,,,,,,
Mod-H1-Ideal,AK,HP,2024-Hlow,551.4008394872418,2262.1880286971764,0.3551027647852349,96.57928910505188,0.17515259714668338,4.102619848748922,,,,,,,,,
Mod-H1-Ideal,AK,HP,2025-Hhigh,551.4008394872418,2262.1880286971764,0.3551027647852349,40.76966529170625,0.07393834461626635,4.102619848748922,,,,,,,,,
Mod-H1-Ideal,AK,HP,2025-Hlow,551.4008394872418,2262.1880286971764,0.3551027647852349,82.84303991500488,0.15024104785919842,4.102619848748922,,,,,,,,,
Mod-H1-Ideal,AK,HP,2030-Hhigh,551.4008394872418,2262.1880286971764,0.34800262117198016,33.74732949500776,0.06120289828791347,4.102619848748922,,,,,,,,,
Mod-H1-Ideal,AK,HP,2030-Hlow,551.4008394872418,2262.1880286971764,0.34800262117198016,65.09497933454077,0.11805382704000567,4.102619848748922,,,,,,,,,
Mod-H1-Ideal,AK,HP,2035-Hhigh,551.4008394872418,2262.1880286971764,0.34800262117198016,36.312592471047594,0.0658551635590823,4.102619848748922,,,,,,,,,
Mod-H1-Ideal,AK,HP,2035-Hlow,551.4008394872418,2262.1880286971764,0.34800262117198016,60.62183922990806,0.10994150695577734,4.102619848748922,,,,,,,,,
Mod-H1-Ideal,AK,HP,2040-Hhigh,551.4008394872418,2262.1880286971764,0.34800262117198016,40.808007547453684,0.07400788070145456,4.102619848748922,,,,,,,,,
Mod-H1-Ideal,AK,HP,2040-Hlow,551.4008394872418,2262.1880286971764,0.34800262117198016,69.4293674663369,0.12591451172054907,4.102619848748922,,,,,,,,,
Mod-H1-Ideal,AK,HP,2045-Hhigh,551.4008394872418,2262.1880286971764,0.34800262117198016,46.49371281377318,0.084319263744699,4.102619848748922,,,,,,,,,
Mod-H1-Ideal,AK,HP,2045-Hlow,551.4008394872418,2262.1880286971764,0.34800262117198016,75.04935744764659,0.13610671597351287,4.102619848748922,,,,,,,,,
Mod-Nom-Real,AK,HP,2024-Hhigh,764.5449404258283,3074.818888068081,0.46313627505406035,72.91246844296091,0.09536714532745569,4.021763437941922,,,,,,,,,
Mod-Nom-Real,AK,HP,2024-Hlow,764.5449404258283,3074.818888068081,0.4648570416042982,130.22814010507145,0.17033418602252254,4.021763437941922,,,,,,,,,
Mod-Nom-Real,AK,HP,2025-Hhigh,764.5449404258283,3074.818888068081,0.4648570416042982,58.49142550856332,0.07650488861516155,4.021763437941922,,,,,,,,,
Mod-Nom-Real,AK,HP,2025-Hlow,764.5449404258283,3074.818888068081,0.4648570416042982,112.0872392339408,0.14660647570502738,4.021763437941922,,,,,,,,,
Mod-Nom-Real,AK,HP,2030-Hhigh,764.5449404258283,3074.818888068081,0.45904883867753055,48.15432703397605,0.06298429887869712,4.021763437941922,,,,,,,,,
Mod-Nom-Real,AK,HP,2030-Hlow,764.5449404258283,3074.818888068081,0.45904883867753055,88.56932835982418,0.11584581059485367,4.021763437941922,,,,,,,,,
Mod-Nom-Real,AK,HP,2035-Hhigh,764.5449404258283,3074.818888068081,0.45904883867753055,51.06137115719656,0.06678661836249539,4.021763437941922,,,,,,,,,
Mod-Nom-Real,AK,HP,2035-Hlow,764.5449404258283,3074.818888068081,0.45904883867753055,81.93108309677613,0.10716320096388711,4.021763437941922,,,,,,,,,
Mod-Nom-Real,AK,HP,2040-Hhigh,764.5449404258283,3074.818888068081,0.45904883867753055,56.970332251257446,0.07451534793955567,4.021763437941922,,,,,,,,,
Mod-Nom-Real,AK,HP,2040-Hlow,764.5449404258283,3074.818888068081,0.45904883867753055,93.84182805372102,0.12274206929085682,4.021763437941922,,,,,,,,,
Mod-Nom-Real,AK,HP,2045-Hhigh,764.5449404258283,3074.818888068081,0.45904883867753055,65.27475164067894,0.08537725932019495,4.021763437941922,,,,,,,,,
Mod-Nom-Real,AK,HP,2045-Hlow,764.5449404258283,3074.818888068081,0.45904883867753055,102.1644156228139,0.13362774406160013,4.021763437941922,,,,,,,,,
Mod-H1-Real,AK,HP,2024-Hhigh,529.7986599032018,2185.267240580935,0.35763814448064857,49.62381880213958,0.09366542907301091,4.124712661561279,,,,,,,,,
Mod-H1-Real,AK,HP,2024-Hlow,529.7986599032018,2185.267240580935,0.36104790188799174,91.82984049860623,0.17332969569115977,4.124712661561279,,,,,,,,,
Mod-H1-Real,AK,HP,2025-Hhigh,529.7986599032018,2185.267240580935,0.36104790188799174,39.620109063199386,0.07478333197452458,4.124712661561279,,,,,,,,,
Mod-H1-Real,AK,HP,2025-Hlow,529.7986599032018,2185.267240580935,0.36104790188799174,79.15238295549406,0.1494008742301383,4.124712661561279,,,,,,,,,
Mod-H1-Real,AK,HP,2030-Hhigh,529.7986599032018,2185.267240580935,0.3537195900648519,32.72831159829529,0.06177499883498195,4.124712661561279,,,,,,,,,
Mod-H1-Real,AK,HP,2030-Hlow,529.7986599032018,2185.267240580935,0.3537195900648519,62.31837244056808,0.11762651957623697,4.124712661561279,,,,,,,,,
Mod-H1-Real,AK,HP,2035-Hhigh,529.7986599032018,2185.267240580935,0.3537195900648519,35.00232454927051,0.06606721986738452,4.124712661561279,,,,,,,,,
Mod-H1-Real,AK,HP,2035-Hlow,529.7986599032018,2185.267240580935,0.3537195900648519,57.950483155493615,0.10938208708584049,4.124712661561279,,,,,,,,,
Mod-H1-Real,AK,HP,2040-Hhigh,529.7986599032018,2185.267240580935,0.3537195900648519,39.12824086294623,0.07385492607719175,4.124712661561279,,,,,,,,,
Mod-H1-Real,AK,HP,2040-Hlow,529.7986599032018,2185.267240580935,0.3537195900648519,66.56674790537073,0.1256453685963135,4.124712661561279,,,,,,,,,
Mod-H1-Real,AK,HP,2045-Hhigh,529.7986599032018,2185.267240580935,0.3537195900648519,44.77217120875894,0.08450789818331958,4.124712661561279,,,,,,,,,
Mod-H1-Real,AK,HP,2045-Hlow,529.7986599032018,2185.267240580935,0.3537195900648519,72.08134370179914,0.1360542205126924,4.124712661561279,,,,,,,,,
Mod-Nom-Ideal,CH,HP,2024-Hhigh,3135.3836952043225,10923.711684360258,1.3203644017904264,313.0771281528807,0.0998528915716896,3.4840111279102626,,,,,,,,,
Mod-Nom-Ideal,CH,HP,2024-Hlow,3135.3836952043225,10923.711684360258,1.3145691899579617,510.35117822341505,0.16277152267010087,3.4840111279102626,,,,,,,,,
Mod-Nom-Ideal,CH,HP,2025-Hhigh,3135.3836952043225,10923.711684360258,1.3145691899579617,246.13510483427817,0.07850238719131898,3.4840111279102626,,,,,,,,,
Mod-Nom-Ideal,CH,HP,2025-Hlow,3135.3836952043225,10923.711684360258,1.3145691899579617,422.79585124059344,0.13484660645753638,3.4840111279102626,,,,,,,,,
Mod-Nom-Ideal,CH,HP,2030-Hhigh,3135.3836952043225,10923.711684360258,1.2810503575900467,200.05413507285388,0.0638053120512311,3.4840111279102626,,,,,,,,,
Mod-Nom-Ideal,CH,HP,2030-Hlow,3135.3836952043225,10923.711684360258,1.2810503575900467,330.6941697863191,0.10547167489967088,3.4840111279102626,,,,,,,,,
Mod-Nom-Ideal,CH,HP,2035-Hhigh,3135.3836952043225,10923.711684360258,1.2810503575900467,211.26986793736054,0.0673824604817921,3.4840111279102626,,,,,,,,,
Mod-Nom-Ideal,CH,HP,2035-Hlow,3135.3836952043225,10923.711684360258,1.2810503575900467,311.2514377155404,0.09927060544188267,3.4840111279102626,,,,,,,,,
Mod-Nom-Ideal,CH,HP,2040-Hhigh,3135.3836952043225,10923.711684360258,1.2810503575900467,232.31472049254216,0.07409451061695432,3.4840111279102626,,,,,,,,,
Mod-Nom-Ideal,CH,HP,2040-Hlow,3135.3836952043225,10923.711684360258,1.2810503575900467,343.61513470412865,0.10959269043520889,3.4840111279102626,,,,,,,,,
Mod-Nom-Ideal,CH,HP,2045-Hhigh,3135.3836952043225,10923.711684360258,1.2810503575900467,257.93316794273574,0.08226526416439985,3.4840111279102626,,,,,,,,,
Mod-Nom-Ideal,CH,HP,2045-Hlow,3135.3836952043225,10923.711684360258,1.2810503575900467,370.4439452687018,0.11814947747393997,3.4840111279102626,,,,,,,,,
Mod-H1-Ideal,CH,HP,2024-Hhigh,2439.432564620969,8463.566682107588,1.154199260147553,242.33289314202707,0.09933986151393365,3.469481716713341,,,,,,,,,
Mod-H1-Ideal,CH,HP,2024-Hlow,2439.432564620969,8463.566682107588,1.151145319940298,405.0192843727782,0.16603012120390742,3.469481716713341,,,,,,,,,
Mod-H1-Ideal,CH,HP,2025-Hhigh,2439.432564620969,8463.566682107588,1.151145319940298,190.74307508710987,0.07819157530872221,3.469481716713341,,,,,,,,,
Mod-H1-Ideal,CH,HP,2025-Hlow,2439.432564620969,8463.566682107588,1.151145319940298,337.45752858678935,0.1383344362459236,3.469481716713341,,,,,,,,,
Mod-H1-Ideal,CH,HP,2030-Hhigh,2439.432564620969,8463.566682107588,1.1263775650507062,155.23905464515505,0.06363736259677077,3.469481716713341,,,,,,,,,
Mod-H1-Ideal,CH,HP,2030-Hlow,2439.432564620969,8463.566682107588,1.1263775650507062,264.0286146075167,0.10823361893118805,3.469481716713341,,,,,,,,,
Mod-H1-Ideal,CH,HP,2035-Hhigh,2439.432564620969,8463.566682107588,1.1263775650507062,163.75414810296238,0.06712796675664857,3.469481716713341,,,,,,,,,
Mod-H1-Ideal,CH,HP,2035-Hlow,2439.432564620969,8463.566682107588,1.1263775650507062,247.16565679823515,0.10132096307267216,3.469481716713341,,,,,,,,,
Mod-H1-Ideal,CH,HP,2040-Hhigh,2439.432564620969,8463.566682107588,1.1263775650507062,180.25555032155438,0.07389240962664688,3.469481716713341,,,,,,,,,
Mod-H1-Ideal,CH,HP,2040-Hlow,2439.432564620969,8463.566682107588,1.1263775650507062,274.9532191272191,0.11271195732764205,3.469481716713341,,,,,,,,,
Mod-H1-Ideal,CH,HP,2045-Hhigh,2439.432564620969,8463.566682107588,1.1263775650507062,201.30522374713755,0.08252133166813556,3.469481716713341,,,,,,,,,
Mod-H1-Ideal,CH,HP,2045-Hlow,2439.432564620969,8463.566682107588,1.1263775650507062,296.41377813329433,0.12150931426930021,3.469481716713341,,,,,,,,,
Mod-Nom-Real,CH,HP,2024-Hhigh,2482.5706613987118,8925.16570083242,1.3904851512246799,254.7295856800478,0.10260718441606408,3.595130579608102,,,,,,,,,
Mod-Nom-Real,CH,HP,2024-Hlow,2482.5706613987118,8925.16570083242,1.3844599254375165,396.7801840514671,0.1598263405835611,3.595130579608102,,,,,,,,,
Mod-Nom-Real,CH,HP,2025-Hhigh,2482.5706613987118,8925.16570083242,1.3844599254375165,203.55090673222034,0.08199198914947992,3.595130579608102,,,,,,,,,
Mod-Nom-Real,CH,HP,2025-Hlow,2482.5706613987118,8925.16570083242,1.3844599254375165,334.1980302942294,0.1346177313260997,3.595130579608102,,,,,,,,,
Mod-Nom-Real,CH,HP,2030-Hhigh,2482.5706613987118,8925.16570083242,1.345648456769873,164.84031967950085,0.06639904444316108,3.595130579608102,,,,,,,,,
Mod-Nom-Real,CH,HP,2030-Hlow,2482.5706613987118,8925.16570083242,1.345648456769873,263.1920000212263,0.10601591491979552,3.595130579608102,,,,,,,,,
Mod-Nom-Real,CH,HP,2035-Hhigh,2482.5706613987118,8925.16570083242,1.345648456769873,168.3390857727117,0.06780837636978572,3.595130579608102,,,,,,,,,
Mod-Nom-Real,CH,HP,2035-Hlow,2482.5706613987118,8925.16570083242,1.345648456769873,243.69872999979705,0.09816386449298249,3.595130579608102,,,,,,,,,
Mod-Nom-Real,CH,HP,2040-Hhigh,2482.5706613987118,8925.16570083242,1.345648456769873,182.11190630294854,0.07335618241792335,3.595130579608102,,,,,,,,,
Mod-Nom-Real,CH,HP,2040-Hlow,2482.5706613987118,8925.16570083242,1.345648456769873,272.85813795398417,0.10990951524427202,3.595130579608102,,,,,,,,,
Mod-Nom-Real,CH,HP,2045-Hhigh,2482.5706613987118,8925.16570083242,1.345648456769873,207.368748932067,0.08352984757148174,3.595130579608102,,,,,,,,,
Mod-Nom-Real,CH,HP,2045-Hlow,2482.5706613987118,8925.16570083242,1.345648456769873,298.5495495489393,0.12025822837233269,3.595130579608102,,,,,,,,,
Mod-H1-Real,CH,HP,2024-Hhigh,2080.3460924693813,7364.595176264991,1.2328906880910921,210.99124153497579,0.10142122135289908,3.540081721461634,,,,,,,,,
Mod-H1-Real,CH,HP,2024-Hlow,2080.3460924693813,7364.595176264991,1.2295378598994784,338.36155847066874,0.1626467632936171,3.540081721461634,,,,,,,,,
Mod-H1-Real,CH,HP,2025-Hhigh,2080.3460924693813,7364.595176264991,1.2295378598994784,168.19810202642083,0.08085101927764761,3.540081721461634,,,,,,,,,
Mod-H1-Real,CH,HP,2025-Hlow,2080.3460924693813,7364.595176264991,1.2295378598994784,285.7509414788058,0.13735740534384738,3.540081721461634,,,,,,,,,
Mod-H1-Real,CH,HP,2030-Hhigh,2080.3460924693813,7364.595176264991,1.1977532723478934,136.46739533797074,0.06559840972228964,3.540081721461634,,,,,,,,,
Mod-H1-Real,CH,HP,2030-Hlow,2080.3460924693813,7364.595176264991,1.1977532723478934,224.88546171400452,0.10810002361052547,3.540081721461634,,,,,,,,,
Mod-H1-Real,CH,HP,2035-Hhigh,2080.3460924693813,7364.595176264991,1.1977532723478934,140.0578580860337,0.06732430656275289,3.540081721461634,,,,,,,,,
Mod-H1-Real,CH,HP,2035-Hlow,2080.3460924693813,7364.595176264991,1.1977532723478934,207.8943386555242,0.09993257343481371,3.540081721461634,,,,,,,,,
Mod-H1-Real,CH,HP,2040-Hhigh,2080.3460924693813,7364.595176264991,1.1977532723478934,152.06633162503738,0.07309665068495111,3.540081721461634,,,,,,,,,
Mod-H1-Real,CH,HP,2040-Hlow,2080.3460924693813,7364.595176264991,1.1977532723478934,234.05440305736929,0.11250743513524979,3.540081721461634,,,,,,,,,
Mod-H1-Real,CH,HP,2045-Hhigh,2080.3460924693813,7364.595176264991,1.1977532723478934,173.2723140514956,0.0832901384431763,3.540081721461634,,,,,,,,,
Mod-H1-Real,CH,HP,2045-Hlow,2080.3460924693813,7364.595176264991,1.1977532723478934,255.1654084150588,0.12265526843765509,3.540081721461634,,,,,,,,,
Mass-Nom-Ideal,AK,HP,2024-Hhigh,622.8780313643073,2451.8068836309394,0.27508644146255457,62.15067310929965,0.09977984449567003,3.9362551898975755,,,,,,,,,
Mass-Nom-Ideal,AK,HP,2024-Hlow,622.8780313643073,2451.8068836309394,0.2773164128999022,105.03437997605616,0.16862752366783013,3.9362551898975755,,,,,,,,,
Mass-Nom-Ideal,AK,HP,2025-Hhigh,622.8780313643073,2451.8068836309394,0.2773164128999022,49.310849392512516,0.07916613993353655,3.9362551898975755,,,,,,,,,
Mass-Nom-Ideal,AK,HP,2025-Hlow,622.8780313643073,2451.8068836309394,0.2773164128999022,87.96628816850125,0.14122554294590584,3.9362551898975755,,,,,,,,,
Mass-Nom-Ideal,AK,HP,2030-Hhigh,622.8780313643073,2451.8068836309394,0.2681080199226196,40.47714005003438,0.0649840546814216,3.9362551898975755,,,,,,,,,
Mass-Nom-Ideal,AK,HP,2030-Hlow,622.8780313643073,2451.8068836309394,0.2681080199226196,68.8052089763083,0.11046337406635182,3.9362551898975755,,,,,,,,,
Mass-Nom-Ideal,AK,HP,2035-Hhigh,622.8780313643073,2451.8068836309394,0.2681080199226196,42.18566298563519,0.06772700410260857,3.9362551898975755,,,,,,,,,
Mass-Nom-Ideal,AK,HP,2035-Hlow,622.8780313643073,2451.8068836309394,0.2681080199226196,62.82263105192144,0.10085863987580243,3.9362551898975755,,,,,,,,,
Mass-Nom-Ideal,AK,HP,2040-Hhigh,622.8780313643073,2451.8068836309394,0.2681080199226196,46.29281426233917,0.07432083318293105,3.9362551898975755,,,,,,,,,
Mass-Nom-Ideal,AK,HP,2040-Hlow,622.8780313643073,2451.8068836309394,0.2681080199226196,70.56114947740853,0.11328245005343415,3.9362551898975755,,,,,,,,,
Mass-Nom-Ideal,AK,HP,2045-Hhigh,622.8780313643073,2451.8068836309394,0.2681080199226196,51.84933779438991,0.08324155803155049,3.9362551898975755,,,,,,,,,
Mass-Nom-Ideal,AK,HP,2045-Hlow,622.8780313643073,2451.8068836309394,0.2681080199226196,76.64532020450385,0.12305028648486036,3.9362551898975755,,,,,,,,,
Mass-H1-Ideal,AK,HP,2024-Hhigh,135.95499194893856,538.9339900224929,0.08390642141925954,14.65979927569186,0.10782832660677683,3.964061799399787,,,,,,,,,
Mass-H1-Ideal,AK,HP,2024-Hlow,135.95499194893856,538.9339900224929,0.08390374927498952,24.14268895087738,0.17757853981518232,3.964061799399787,,,,,,,,,
Mass-H1-Ideal,AK,HP,2025-Hhigh,135.95499194893856,538.9339900224929,0.08390374927498952,11.90872107736377,0.08759311376985997,3.964061799399787,,,,,,,,,
Mass-H1-Ideal,AK,HP,2025-Hlow,135.95499194893856,538.9339900224929,0.08390374927498952,20.672636171335803,0.15205499904777275,3.964061799399787,,,,,,,,,
Mass-H1-Ideal,AK,HP,2030-Hhigh,135.95499194893856,538.9339900224929,0.08078738833002777,9.77458778423225,0.07189576229685889,3.964061799399787,,,,,,,,,
Mass-H1-Ideal,AK,HP,2030-Hlow,135.95499194893856,538.9339900224929,0.08078738833002777,16.16096567122887,0.11886996894750684,3.964061799399787,,,,,,,,,
Mass-H1-Ideal,AK,HP,2035-Hhigh,135.95499194893856,538.9339900224929,0.08078738833002777,9.816848111937091,0.07220660287063284,3.964061799399787,,,,,,,,,
Mass-H1-Ideal,AK,HP,2035-Hlow,135.95499194893856,538.9339900224929,0.08078738833002777,13.976088258881662,0.10279937542955941,3.964061799399787,,,,,,,,,
Mass-H1-Ideal,AK,HP,2040-Hhigh,135.95499194893856,538.9339900224929,0.08078738833002777,10.508873639699102,0.07729671039696713,3.964061799399787,,,,,,,,,
Mass-H1-Ideal,AK,HP,2040-Hlow,135.95499194893856,538.9339900224929,0.08078738833002777,16.05505595449278,0.11809096322496694,3.964061799399787,,,,,,,,,
Mass-H1-Ideal,AK,HP,2045-Hhigh,135.95499194893856,538.9339900224929,0.08078738833002777,12.00753910372177,0.08831995744761997,3.964061799399787,,,,,,,,,
Mass-H1-Ideal,AK,HP,2045-Hlow,135.95499194893856,538.9339900224929,0.08078738833002777,17.752843133362834,0.1305788252337978,3.964061799399787,,,,,,,,,
Mass-Nom-Real,AK,HP,2024-Hhigh,537.7658421230735,2154.041102049094,0.2875969466724388,55.09739478367124,0.10245610722717045,4.005537230749064,,,,,,,,,
Mass-Nom-Real,AK,HP,2024-Hlow,537.7658421230735,2154.041102049094,0.28979098416570787,89.27258983285274,0.16600643410226443,4.005537230749064,,,,,,,,,
Mass-Nom-Real,AK,HP,2025-Hhigh,537.7658421230735,2154.041102049094,0.28979098416570787,44.219456406300395,0.08222808691553209,4.005537230749064,,,,,,,,,
Mass-Nom-Real,AK,HP,2025-Hlow,537.7658421230735,2154.041102049094,0.28979098416570787,75.82541297680683,0.1410007981865337,4.005537230749064,,,,,,,,,
Mass-Nom-Real,AK,HP,2030-Hhigh,537.7658421230735,2154.041102049094,0.28044429239738006,36.10056903080016,0.0671306472130637,4.005537230749064,,,,,,,,,
Mass-Nom-Real,AK,HP,2030-Hlow,537.7658421230735,2154.041102049094,0.28044429239738006,59.44093204220688,0.11053311197218656,4.005537230749064,,,,,,,,,
Mass-Nom-Real,AK,HP,2035-Hhigh,537.7658421230735,2154.041102049094,0.28044429239738006,36.6204907006745,0.06809746516457531,4.005537230749064,,,,,,,,,
Mass-Nom-Real,AK,HP,2035-Hlow,537.7658421230735,2154.041102049094,0.28044429239738006,53.54638770730041,0.09957193914716089,4.005537230749064,,,,,,,,,
Mass-Nom-Real,AK,HP,2040-Hhigh,537.7658421230735,2154.041102049094,0.28044429239738006,39.54293986446641,0.07353189207472308,4.005537230749064,,,,,,,,,
Mass-Nom-Real,AK,HP,2040-Hlow,537.7658421230735,2154.041102049094,0.28044429239738006,60.68819161703883,0.11285244778181669,4.005537230749064,,,,,,,,,
Mass-Nom-Real,AK,HP,2045-Hhigh,537.7658421230735,2154.041102049094,0.28044429239738006,45.03770396889759,0.08374965540966847,4.005537230749064,,,,,,,,,
Mass-Nom-Real,AK,HP,2045-Hlow,537.7658421230735,2154.041102049094,0.28044429239738006,66.47512426601371,0.1236135117908812,4.005537230749064,,,,,,,,,
Mass-H1-Real,AK,HP,2024-Hhigh,133.31067684186016,530.277894566634,0.08387613338390029,14.417373678494247,0.10814867961098766,3.977760124912398,,,,,,,,,
Mass-H1-Real,AK,HP,2024-Hlow,133.31067684186016,530.277894566634,0.08387466478607702,23.576579979135232,0.17685440159532728,3.977760124912398,,,,,,,,,
Mass-H1-Real,AK,HP,2025-Hhigh,133.31067684186016,530.277894566634,0.08387466478607702,11.737939485927795,0.08804950784138565,3.977760124912398,,,,,,,,,
Mass-H1-Real,AK,HP,2025-Hlow,133.31067684186016,530.277894566634,0.08387466478607702,20.239716918946257,0.1518236753306386,3.977760124912398,,,,,,,,,
Mass-H1-Real,AK,HP,2030-Hhigh,133.31067684186016,530.277894566634,0.08075759158523893,9.61911760469167,0.07215564298801327,3.977760124912398,,,,,,,,,
Mass-H1-Real,AK,HP,2030-Hlow,133.31067684186016,530.277894566634,0.08075759158523893,15.82617851195025,0.11871651158687058,3.977760124912398,,,,,,,,,
Mass-H1-Real,AK,HP,2035-Hhigh,133.31067684186016,530.277894566634,0.08075759158523893,9.607467419115197,0.07206825174634782,3.977760124912398,,,,,,,,,
Mass-H1-Real,AK,HP,2035-Hlow,133.31067684186016,530.277894566634,0.08075759158523893,13.651135008014252,0.10240091290068173,3.977760124912398,,,,,,,,,
Mass-H1-Real,AK,HP,2040-Hhigh,133.31067684186016,530.277894566634,0.08075759158523893,10.257511019992299,0.07694440732725613,3.977760124912398,,,,,,,,,
Mass-H1-Real,AK,HP,2040-Hlow,133.31067684186016,530.277894566634,0.08075759158523893,15.708140035858598,0.11783107255911981,3.977760124912398,,,,,,,,,
Mass-H1-Real,AK,HP,2045-Hhigh,133.31067684186016,530.277894566634,0.08075759158523893,11.747654768186663,0.08812238484185572,3.977760124912398,,,,,,,,,
Mass-H1-Real,AK,HP,2045-Hlow,133.31067684186016,530.277894566634,0.08075759158523893,17.374372815112203,0.13032994225753244,3.977760124912398,,,,,,,,,
Mass-Nom-Ideal,CH,HP,2024-Hhigh,1990.511485093362,6756.82744202727,0.7217904974835248,208.23061828186562,0.10461161356830799,3.3945181892333323,,,,,,,,,
Mass-Nom-Ideal,CH,HP,2024-Hlow,1990.511485093362,6756.82744202727,0.7192028909445294,315.1001520689254,0.15830109719469723,3.3945181892333323,,,,,,,,,
Mass-Nom-Ideal,CH,HP,2025-Hhigh,1990.511485093362,6756.82744202727,0.7192028909445294,163.95293026160257,0.08236723650650657,3.3945181892333323,,,,,,,,,
Mass-Nom-Ideal,CH,HP,2025-Hlow,1990.511485093362,6756.82744202727,0.7192028909445294,258.84351477087245,0.13003869443070898,3.3945181892333323,,,,,,,,,
Mass-Nom-Ideal,CH,HP,2030-Hhigh,1990.511485093362,6756.82744202727,0.6813052396054996,131.6702117388531,0.06614893343992805,3.3945181892333323,,,,,,,,,
Mass-Nom-Ideal,CH,HP,2030-Hlow,1990.511485093362,6756.82744202727,0.6813052396054996,201.4080756320178,0.10118408114714851,3.3945181892333323,,,,,,,,,
Mass-Nom-Ideal,CH,HP,2035-Hhigh,1990.511485093362,6756.82744202727,0.6813052396054996,135.70591777120123,0.0681764053046075,3.3945181892333323,,,,,,,,,
Mass-Nom-Ideal,CH,HP,2035-Hlow,1990.511485093362,6756.82744202727,0.6813052396054996,186.891998860694,0.09389144461627064,3.3945181892333323,,,,,,,,,
Mass-Nom-Ideal,CH,HP,2040-Hhigh,1990.511485093362,6756.82744202727,0.6813052396054996,146.4586110156038,0.07357838028688107,3.3945181892333323,,,,,,,,,
Mass-Nom-Ideal,CH,HP,2040-Hlow,1990.511485093362,6756.82744202727,0.6813052396054996,203.3731711588537,0.10217131259070067,3.3945181892333323,,,,,,,,,
Mass-Nom-Ideal,CH,HP,2045-Hhigh,1990.511485093362,6756.82744202727,0.6813052396054996,161.01970925237606,0.08089363485628101,3.3945181892333323,,,,,,,,,
Mass-Nom-Ideal,CH,HP,2045-Hlow,1990.511485093362,6756.82744202727,0.6813052396054996,220.20513020884994,0.11062741001894875,3.3945181892333323,,,,,,,,,
Mass-H1-Ideal,CH,HP,2024-Hhigh,584.3428323936963,1918.6507080288188,0.34918413585503827,66.85792301020281,0.11441557815696424,3.2834332889295084,,,,,,,,,
Mass-H1-Ideal,CH,HP,2024-Hlow,584.3428323936963,1918.6507080288188,0.3472598730016212,102.82530711969599,0.17596743113710045,3.2834332889295084,,,,,,,,,
Mass-H1-Ideal,CH,HP,2025-Hhigh,584.3428323936963,1918.6507080288188,0.3472598730016212,53.821259232008664,0.09210562061921043,3.2834332889295084,,,,,,,,,
Mass-H1-Ideal,CH,HP,2025-Hlow,584.3428323936963,1918.6507080288188,0.3472598730016212,86.51288495869588,0.148051589174638,3.2834332889295084,,,,,,,,,
Mass-H1-Ideal,CH,HP,2030-Hhigh,584.3428323936963,1918.6507080288188,0.3261006503322701,43.04081746177305,0.07365679028775123,3.2834332889295084,,,,,,,,,
Mass-H1-Ideal,CH,HP,2030-Hlow,584.3428323936963,1918.6507080288188,0.3261006503322701,67.20527103147337,0.11501000321365173,3.2834332889295084,,,,,,,,,
Mass-H1-Ideal,CH,HP,2035-Hhigh,584.3428323936963,1918.6507080288188,0.3261006503322701,42.971784532712675,0.07353865256921775,3.2834332889295084,,,,,,,,,
Mass-H1-Ideal,CH,HP,2035-Hlow,584.3428323936963,1918.6507080288188,0.3261006503322701,59.60267640742176,0.10199949944327362,3.2834332889295084,,,,,,,,,
Mass-H1-Ideal,CH,HP,2040-Hhigh,584.3428323936963,1918.6507080288188,0.3261006503322701,45.72846413580263,0.07825622494329398,3.2834332889295084,,,,,,,,,
Mass-H1-Ideal,CH,HP,2040-Hlow,584.3428323936963,1918.6507080288188,0.3261006503322701,66.51391198985567,0.11382686379054009,3.2834332889295084,,,,,,,,,
Mass-H1-Ideal,CH,HP,2045-Hhigh,584.3428323936963,1918.6507080288188,0.3261006503322701,51.16907116642611,0.08756686713657053,3.2834332889295084,,,,,,,,,
Mass-H1-Ideal,CH,HP,2045-Hlow,584.3428323936963,1918.6507080288188,0.3261006503322701,72.81721894478031,0.12461386519706687,3.2834332889295084,,,,,,,,,
Mass-Nom-Real,CH,HP,2024-Hhigh,1576.4882790668553,5534.237892551646,0.8072673414922301,170.17156820445132,0.10794344015369285,3.510484642377066,,,,,,,,,
Mass-Nom-Real,CH,HP,2024-Hlow,1576.4882790668553,5534.237892551646,0.8046174446383623,246.88145579906669,0.15660215117184326,3.510484642377066,,,,,,,,,
Mass-Nom-Real,CH,HP,2025-Hhigh,1576.4882790668553,5534.237892551646,0.8046174446383623,136.2085705249701,0.086399989352026,3.510484642377066,,,,,,,,,
Mass-Nom-Real,CH,HP,2025-Hlow,1576.4882790668553,5534.237892551646,0.8046174446383623,206.55990309056008,0.13102533385965018,3.510484642377066,,,,,,,,,
Mass-Nom-Real,CH,HP,2030-Hhigh,1576.4882790668553,5534.237892551646,0.7542272034905311,108.88939613176757,0.06907085677555476,3.510484642377066,,,,,,,,,
Mass-Nom-Real,CH,HP,2030-Hlow,1576.4882790668553,5534.237892551646,0.7542272034905311,161.56832724796666,0.10248622168228307,3.510484642377066,,,,,,,,,
Mass-Nom-Real,CH,HP,2035-Hhigh,1576.4882790668553,5534.237892551646,0.7542272034905311,107.76476286509856,0.06835747800731254,3.510484642377066,,,,,,,,,
Mass-Nom-Real,CH,HP,2035-Hlow,1576.4882790668553,5534.237892551646,0.7542272034905311,146.07150224842994,0.09265625643274153,3.510484642377066,,,,,,,,,
Mass-Nom-Real,CH,HP,2040-Hhigh,1576.4882790668553,5534.237892551646,0.7542272034905311,113.9710006264982,0.07229422643976724,3.510484642377066,,,,,,,,,
Mass-Nom-Real,CH,HP,2040-Hlow,1576.4882790668553,5534.237892551646,0.7542272034905311,161.7313561405577,0.10258963437158485,3.510484642377066,,,,,,,,,
Mass-Nom-Real,CH,HP,2045-Hhigh,1576.4882790668553,5534.237892551646,0.7542272034905311,129.0016629170182,0.08182849478169037,3.510484642377066,,,,,,,,,
Mass-Nom-Real,CH,HP,2045-Hlow,1576.4882790668553,5534.237892551646,0.7542272034905311,178.07142012346696,0.1129544840186632,3.510484642377066,,,,,,,,,
Mass-H1-Real,CH,HP,2024-Hhigh,540.1156813347023,1797.9505396109193,0.37819424234594673,62.82593271518139,0.11631940135477943,3.328824919817045,,,,,,,,,
Mass-H1-Real,CH,HP,2024-Hlow,540.1156813347023,1797.9505396109193,0.37624429099806345,94.22074951396193,0.17444549893668912,3.328824919817045,,,,,,,,,
Mass-H1-Real,CH,HP,2025-Hhigh,540.1156813347023,1797.9505396109193,0.37624429099806345,51.175652607118494,0.09474942938271336,3.328824919817045,,,,,,,,,
Mass-H1-Real,CH,HP,2025-Hlow,540.1156813347023,1797.9505396109193,0.37624429099806345,80.17366785121344,0.1484379562042949,3.328824919817045,,,,,,,,,
Mass-H1-Real,CH,HP,2030-Hhigh,540.1156813347023,1797.9505396109193,0.3515038557008912,40.80403564442979,0.07554684497142768,3.328824919817045,,,,,,,,,
Mass-H1-Real,CH,HP,2030-Hlow,540.1156813347023,1797.9505396109193,0.3515038557008912,62.47258377978813,0.11566519162230122,3.328824919817045,,,,,,,,,
Mass-H1-Real,CH,HP,2035-Hhigh,540.1156813347023,1797.9505396109193,0.3515038557008912,39.71906888170776,0.07353807759026051,3.328824919817045,,,,,,,,,
Mass-H1-Real,CH,HP,2035-Hlow,540.1156813347023,1797.9505396109193,0.3515038557008912,54.449944781848636,0.10081163473590529,3.328824919817045,,,,,,,,,
Mass-H1-Real,CH,HP,2040-Hhigh,540.1156813347023,1797.9505396109193,0.3515038557008912,41.76434732850998,0.07732481905599252,3.328824919817045,,,,,,,,,
Mass-H1-Real,CH,HP,2040-Hlow,540.1156813347023,1797.9505396109193,0.3515038557008912,61.586505839821584,0.11402465799110406,3.328824919817045,,,,,,,,,
Mass-H1-Real,CH,HP,2045-Hhigh,540.1156813347023,1797.9505396109193,0.3515038557008912,47.480734011459695,0.08790845304496266,3.328824919817045,,,,,,,,,
Mass-H1-Real,CH,HP,2045-Hlow,540.1156813347023,1797.9505396109193,0.3515038557008912,67.94963397789473,0.1258057048260135,3.328824919817045,,,,,,,,,
,,,2024-Hhigh,1009.8000000000001,1009.7747841269363,0.23448275862068965,79.93946912912996,0.07916366521007126,,1,R,135,288.6630761683829,941.0404560935588,96.0,,,
,,,2024-Hlow,1009.8000000000001,1009.7747841269363,0.22241379310344828,105.1180143968636,0.10409785541380827,,1,R,135,288.6630761683829,941.0404560935588,96.0,,,
,,,2025-Hhigh,1009.8000000000001,1009.7747841269363,0.22241379310344828,57.11211981856091,0.05655785286052774,,1,R,135,288.6630761683829,941.0404560935588,96.0,,,
,,,2025-Hlow,1009.8000000000001,1009.7747841269363,0.22241379310344828,77.97282917516115,0.07721611128457234,,1,R,135,288.6630761683829,941.0404560935588,96.0,,,
,,,2030-Hhigh,1009.8000000000001,1009.7747841269363,0.23448275862068965,44.20913648214419,0.04378009158461496,,1,R,135,288.6630761683829,941.0404560935588,96.0,,,
,,,2030-Hlow,1009.8000000000001,1009.7747841269363,0.23448275862068965,59.89191363215557,0.059310669075218425,,1,R,135,288.6630761683829,941.0404560935588,96.0,,,
,,,2035-Hhigh,1009.8000000000001,1009.7747841269363,0.23448275862068965,47.23698149501513,0.04677855168846814,,1,R,135,288.6630761683829,941.0404560935588,96.0,,,
,,,2035-Hlow,1009.8000000000001,1009.7747841269363,0.23448275862068965,61.36502273314219,0.06076948181139056,,1,R,135,288.6630761683829,941.0404560935588,96.0,,,
,,,2040-Hhigh,1009.8000000000001,1009.7747841269363,0.23448275862068965,48.942522623073415,0.04846754072397842,,1,R,135,288.6630761683829,941.0404560935588,96.0,,,
,,,2040-Hlow,1009.8000000000001,1009.7747841269363,0.23448275862068965,63.47729349355296,0.06286125321207463,,1,R,135,288.6630761683829,941.0404560935588,96.0,,,
,,,2045-Hhigh,1009.8000000000001,1009.7747841269363,0.23448275862068965,52.30079826315899,0.05179322466147652,,1,R,135,288.6630761683829,941.0404560935588,96.0,,,
,,,2045-Hlow,1009.8000000000001,1009.7747841269363,0.23448275862068965,67.18140268466595,0.06652941442331745,,1,R,135,288.6630761683829,941.0404560935588,96.0,,,
,,,2024-Hhigh,1049.3,1049.3890715157713,0.2275862068965517,83.29742552605751,0.07938380398938102,,1,Ro,162,327.69131686034484,437.0346967187187,97.0,,,
,,,2024-Hlow,1049.3,1049.3890715157713,0.21379310344827587,109.22744291422465,0.10409553313087264,,1,Ro,162,327.69131686034484,437.0346967187187,97.0,,,
,,,2025-Hhigh,1049.3,1049.3890715157713,0.21379310344827587,59.43095463970594,0.05663866829286757,,1,Ro,162,327.69131686034484,437.0346967187187,97.0,,,
,,,2025-Hlow,1049.3,1049.3890715157713,0.21379310344827587,81.13668485601974,0.07732458291815472,,1,Ro,162,327.69131686034484,437.0346967187187,97.0,,,
,,,2030-Hhigh,1049.3,1049.3890715157713,0.2275862068965517,46.077675294899386,0.04391277546449956,,1,Ro,162,327.69131686034484,437.0346967187187,97.0,,,
,,,2030-Hlow,1049.3,1049.3890715157713,0.2275862068965517,62.34847667378854,0.059419114336975644,,1,Ro,162,327.69131686034484,437.0346967187187,97.0,,,
,,,2035-Hhigh,1049.3,1049.3890715157713,0.2275862068965517,49.3802817859178,0.047060213271626614,,1,Ro,162,327.69131686034484,437.0346967187187,97.0,,,
,,,2035-Hlow,1049.3,1049.3890715157713,0.2275862068965517,63.788934412998266,0.06079189403697538,,1,Ro,162,327.69131686034484,437.0346967187187,97.0,,,
,,,2040-Hhigh,1049.3,1049.3890715157713,0.2275862068965517,51.04142719016673,0.048643311912862607,,1,Ro,162,327.69131686034484,437.0346967187187,97.0,,,
,,,2040-Hlow,1049.3,1049.3890715157713,0.2275862068965517,65.9189302685913,0.06282181479900058,,1,Ro,162,327.69131686034484,437.0346967187187,97.0,,,
,,,2045-Hhigh,1049.3,1049.3890715157713,0.2275862068965517,54.59678420623068,0.05203162508932687,,1,Ro,162,327.69131686034484,437.0346967187187,97.0,,,
,,,2045-Hlow,1049.3,1049.3890715157713,0.2275862068965517,69.78547818752578,0.06650669797724748,,1,Ro,162,327.69131686034484,437.0346967187187,97.0,,,
,,,2024-Hhigh,1486.3000000000002,1486.2790963901361,0.35172413793103446,118.65146208295293,0.07983008953976513,,2,R,135,284.91228772596924,229.06469397973515,144.0,,,
,,,2024-Hlow,1486.3000000000002,1486.2790963901361,0.37413793103448273,155.94873192336814,0.10492412832090972,,2,R,135,284.91228772596924,229.06469397973515,144.0,,,
,,,2025-Hhigh,1486.3000000000002,1486.2790963901361,0.37413793103448273,85.58883609621405,0.057585168604059774,,2,R,135,284.91228772596924,229.06469397973515,144.0,,,
,,,2025-Hlow,1486.3000000000002,1486.2790963901361,0.37413793103448273,117.52000413671993,0.07906883141809858,,2,R,135,284.91228772596924,229.06469397973515,144.0,,,
,,,2030-Hhigh,1486.3000000000002,1486.2790963901361,0.3689655172413793,66.7510910676522,0.04491091372377864,,2,R,135,284.91228772596924,229.06469397973515,144.0,,,
,,,2030-Hlow,1486.3000000000002,1486.2790963901361,0.3689655172413793,90.22597335155892,0.06070508871126886,,2,R,135,284.91228772596924,229.06469397973515,144.0,,,
,,,2035-Hhigh,1486.3000000000002,1486.2790963901361,0.3689655172413793,69.00156005739245,0.04642505554557791,,2,R,135,284.91228772596924,229.06469397973515,144.0,,,
,,,2035-Hlow,1486.3000000000002,1486.2790963901361,0.3689655172413793,90.53309049887696,0.060911720715116024,,2,R,135,284.91228772596924,229.06469397973515,144.0,,,
,,,2040-Hhigh,1486.3000000000002,1486.2790963901361,0.3689655172413793,71.83811640617863,0.048333523788049934,,2,R,135,284.91228772596924,229.06469397973515,144.0,,,
,,,2040-Hlow,1486.3000000000002,1486.2790963901361,0.3689655172413793,93.65438426238572,0.06301176361594947,,2,R,135,284.91228772596924,229.06469397973515,144.0,,,
,,,2045-Hhigh,1486.3000000000002,1486.2790963901361,0.3689655172413793,76.57571593869781,0.05152103608874238,,2,R,135,284.91228772596924,229.06469397973515,144.0,,,
,,,2045-Hlow,1486.3000000000002,1486.2790963901361,0.3689655172413793,99.49886401930729,0.06694399785999279,,2,R,135,284.91228772596924,229.06469397973515,144.0,,,
,,,2024-Hhigh,1525.1,1525.1150595859226,0.35862068965517246,121.72789955650185,0.07981633962133752,,2,Ro,162,323.4818995859226,0.0,5.0,,,
,,,2024-Hlow,1525.1,1525.1150595859226,0.38620689655172413,160.0048593911633,0.10491433964406487,,2,Ro,162,323.4818995859226,0.0,5.0,,,
,,,2025-Hhigh,1525.1,1525.1150595859226,0.38620689655172413,87.89361329572064,0.0576313771527904,,2,Ro,162,323.4818995859226,0.0,5.0,,,
,,,2025-Hlow,1525.1,1525.1150595859226,0.38620689655172413,120.61214985793212,0.07908474844792612,,2,Ro,162,323.4818995859226,0.0,5.0,,,
,,,2030-Hhigh,1525.1,1525.1150595859226,0.37586206896551727,68.60210973036827,0.04498204034513689,,2,Ro,162,323.4818995859226,0.0,5.0,,,
,,,2030-Hlow,1525.1,1525.1150595859226,0.37586206896551727,92.54078999667622,0.06067850632527456,,2,Ro,162,323.4818995859226,0.0,5.0,,,
,,,2035-Hhigh,1525.1,1525.1150595859226,0.37586206896551727,70.8736126763913,0.046471452807285624,,2,Ro,162,323.4818995859226,0.0,5.0,,,
,,,2035-Hlow,1525.1,1525.1150595859226,0.37586206896551727,92.87030747686448,0.060894569193406654,,2,Ro,162,323.4818995859226,0.0,5.0,,,
,,,2040-Hhigh,1525.1,1525.1150595859226,0.37586206896551727,73.75022234794032,0.04835763054746595,,2,Ro,162,323.4818995859226,0.0,5.0,,,
,,,2040-Hlow,1525.1,1525.1150595859226,0.37586206896551727,95.94606366663348,0.06291132625180872,,2,Ro,162,323.4818995859226,0.0,5.0,,,
,,,2045-Hhigh,1525.1,1525.1150595859226,0.37586206896551727,78.59179094671873,0.0515322214587363,,2,Ro,162,323.4818995859226,0.0,5.0,,,
,,,2045-Hlow,1525.1,1525.1150595859226,0.37586206896551727,101.93603003866579,0.06683891550630502,,2,Ro,162,323.4818995859226,0.0,5.0,,,
,,,2024-Hhigh,2028.5,2028.6080195478958,0.4068965517241379,164.25742039156157,0.08097481902467911,,3,R,180,352.72565547961256,37.152736306333914,48.0,,,
,,,2024-Hlow,2028.5,2028.6080195478958,0.4810344827586207,217.3145161225479,0.1071306463507754,,3,R,180,352.72565547961256,37.152736306333914,48.0,,,
,,,2025-Hhigh,2028.5,2028.6080195478958,0.4810344827586207,119.9344958935772,0.059124720677139364,,3,R,180,352.72565547961256,37.152736306333914,48.0,,,
,,,2025-Hlow,2028.5,2028.6080195478958,0.4810344827586207,164.2077803625787,0.08095034772619113,,3,R,180,352.72565547961256,37.152736306333914,48.0,,,
,,,2030-Hhigh,2028.5,2028.6080195478958,0.4931034482758621,93.72610677846703,0.04620463730760021,,3,R,180,352.72565547961256,37.152736306333914,48.0,,,
,,,2030-Hlow,2028.5,2028.6080195478958,0.4931034482758621,126.42133801786235,0.06232257235290232,,3,R,180,352.72565547961256,37.152736306333914,48.0,,,
,,,2035-Hhigh,2028.5,2028.6080195478958,0.4931034482758621,96.06681171006886,0.047358546566462344,,3,R,180,352.72565547961256,37.152736306333914,48.0,,,
,,,2035-Hlow,2028.5,2028.6080195478958,0.4931034482758621,126.42016098753467,0.06232199210625323,,3,R,180,352.72565547961256,37.152736306333914,48.0,,,
,,,2040-Hhigh,2028.5,2028.6080195478958,0.4931034482758621,100.54701150318934,0.04956717352880914,,3,R,180,352.72565547961256,37.152736306333914,48.0,,,
,,,2040-Hlow,2028.5,2028.6080195478958,0.4931034482758621,133.8218609877884,0.06597084593925975,,3,R,180,352.72565547961256,37.152736306333914,48.0,,,
,,,2045-Hhigh,2028.5,2028.6080195478958,0.4931034482758621,107.76419611163828,0.05312506586721138,,3,R,180,352.72565547961256,37.152736306333914,48.0,,,
,,,2045-Hlow,2028.5,2028.6080195478958,0.4931034482758621,140.9352229732929,0.06947755630923978,,3,R,180,352.72565547961256,37.152736306333914,48.0,,,
,,,2024-Hhigh,2092.9,2092.9852925285027,0.42931034482758623,169.44765342000957,0.08096309112714872,,3,Ro,216,417.05972808405903,0.0,0.0,,,
,,,2024-Hlow,2092.9,2092.9852925285027,0.5017241379310344,224.02594017969034,0.10704091938443802,,3,Ro,216,417.05972808405903,0.0,0.0,,,
,,,2025-Hhigh,2092.9,2092.9852925285027,0.5017241379310344,123.81409175526002,0.059159105430388464,,3,Ro,216,417.05972808405903,0.0,0.0,,,
,,,2025-Hlow,2092.9,2092.9852925285027,0.5017241379310344,169.21294444606863,0.08085094579104048,,3,Ro,216,417.05972808405903,0.0,0.0,,,
,,,2030-Hhigh,2092.9,2092.9852925285027,0.5137931034482758,96.77892394288114,0.046241542330202653,,3,Ro,216,417.05972808405903,0.0,0.0,,,
,,,2030-Hlow,2092.9,2092.9852925285027,0.5137931034482758,130.3740321186576,0.06229348373962329,,3,Ro,216,417.05972808405903,0.0,0.0,,,
,,,2035-Hhigh,2092.9,2092.9852925285027,0.5137931034482758,99.30506430336764,0.047448547137162615,,3,Ro,216,417.05972808405903,0.0,0.0,,,
,,,2035-Hlow,2092.9,2092.9852925285027,0.5137931034482758,130.25411342039888,0.062236185876247734,,3,Ro,216,417.05972808405903,0.0,0.0,,,
,,,2040-Hhigh,2092.9,2092.9852925285027,0.5137931034482758,103.77229288133371,0.0495830153764316,,3,Ro,216,417.05972808405903,0.0,0.0,,,
,,,2040-Hlow,2092.9,2092.9852925285027,0.5137931034482758,137.56730831235484,0.06573047365490699,,3,Ro,216,417.05972808405903,0.0,0.0,,,
,,,2045-Hhigh,2092.9,2092.9852925285027,0.5137931034482758,111.311385305646,0.05318523833228821,,3,Ro,216,417.05972808405903,0.0,0.0,,,
,,,2045-Hlow,2092.9,2092.9852925285027,0.5137931034482758,144.99208566844976,0.06927807619496859,,3,Ro,216,417.05972808405903,0.0,0.0,,,
,,,2024-Hhigh,2731.2,2731.3125786529554,0.5637931034482758,226.12002839349344,0.08279145737898852,,4,R,300,575.9721860603626,0.0,0.0,,,
,,,2024-Hlow,2731.2,2731.3125786529554,0.5603448275862069,285.5354392932406,0.10454578181504123,,4,R,300,575.9721860603626,0.0,0.0,,,
,,,2025-Hhigh,2731.2,2731.3125786529554,0.5603448275862069,161.22786942228177,0.05903187954828712,,4,R,300,575.9721860603626,0.0,0.0,,,
,,,2025-Hlow,2731.2,2731.3125786529554,0.5603448275862069,214.07869734665158,0.07838265134250572,,4,R,300,575.9721860603626,0.0,0.0,,,
,,,2030-Hhigh,2731.2,2731.3125786529554,0.5758620689655172,124.59838115759726,0.045620379744287225,,4,R,300,575.9721860603626,0.0,0.0,,,
,,,2030-Hlow,2731.2,2731.3125786529554,0.5758620689655172,164.7775913762663,0.06033157270660014,,4,R,300,575.9721860603626,0.0,0.0,,,
,,,2035-Hhigh,2731.2,2731.3125786529554,0.5758620689655172,128.31852343407036,0.04698247050163678,,4,R,300,575.9721860603626,0.0,0.0,,,
,,,2035-Hlow,2731.2,2731.3125786529554,0.5758620689655172,163.7617954032835,0.05995964975222741,,4,R,300,575.9721860603626,0.0,0.0,,,
,,,2040-Hhigh,2731.2,2731.3125786529554,0.5758620689655172,132.35669196193737,0.04846100320809072,,4,R,300,575.9721860603626,0.0,0.0,,,
,,,2040-Hlow,2731.2,2731.3125786529554,0.5758620689655172,168.72378285224266,0.06177642898807948,,4,R,300,575.9721860603626,0.0,0.0,,,
,,,2045-Hhigh,2731.2,2731.3125786529554,0.5758620689655172,141.75462554190415,0.05190195721364388,,4,R,300,575.9721860603626,0.0,0.0,,,
,,,2045-Hlow,2731.2,2731.3125786529554,0.5758620689655172,180.05044150822863,0.06592356528567246,,4,R,300,575.9721860603626,0.0,0.0,,,
,,,2024-Hhigh,2847.2,2847.2279246596777,0.6051724137931035,235.88405004414187,0.08284772760752385,,4,Ro,360,691.8875320670849,0.0,0.0,,,
,,,2024-Hlow,2847.2,2847.2279246596777,0.5931034482758621,297.6703416774144,0.10454844818678506,,4,Ro,360,691.8875320670849,0.0,0.0,,,
,,,2025-Hhigh,2847.2,2847.2279246596777,0.5931034482758621,168.43181619785847,0.05915700203633692,,4,Ro,360,691.8875320670849,0.0,0.0,,,
,,,2025-Hlow,2847.2,2847.2279246596777,0.5931034482758621,223.4325092350031,0.07847446938571337,,4,Ro,360,691.8875320670849,0.0,0.0,,,
,,,2030-Hhigh,2847.2,2847.2279246596777,0.6051724137931035,130.42188402086902,0.04580706800395793,,4,Ro,360,691.8875320670849,0.0,0.0,,,
,,,2030-Hlow,2847.2,2847.2279246596777,0.6051724137931035,171.86243881515776,0.060361913042693796,,4,Ro,360,691.8875320670849,0.0,0.0,,,
,,,2035-Hhigh,2847.2,2847.2279246596777,0.6051724137931035,133.9559388979357,0.04704830672166891,,4,Ro,360,691.8875320670849,0.0,0.0,,,
,,,2035-Hlow,2847.2,2847.2279246596777,0.6051724137931035,170.9153185578405,0.06002926333163828,,4,Ro,360,691.8875320670849,0.0,0.0,,,
,,,2040-Hhigh,2847.2,2847.2279246596777,0.6051724137931035,138.2078155909257,0.04854166043513827,,4,Ro,360,691.8875320670849,0.0,0.0,,,
,,,2040-Hlow,2847.2,2847.2279246596777,0.6051724137931035,176.07132173065997,0.06184016638474992,,4,Ro,360,691.8875320670849,0.0,0.0,,,
,,,2045-Hhigh,2847.2,2847.2279246596777,0.6051724137931035,148.28459346502592,0.05208084906751403,,4,Ro,360,691.8875320670849,0.0,0.0,,,
,,,2045-Hlow,2847.2,2847.2279246596777,0.6051724137931035,187.84901608674448,0.06597675473684479,,4,Ro,360,691.8875320670849,0.0,0.0,,,
,,,2024-Hhigh,3208.65,3208.894841460051,0.7051724137931035,267.598186339569,0.08339899532188584,,5,R,300,574.1272177563471,0.0,0.0,,,
,,,2024-Hlow,3208.65,3208.894841460051,0.7051724137931035,336.9731908491263,0.105020239305978,,5,R,300,574.1272177563471,0.0,0.0,,,
,,,2025-Hhigh,3208.65,3208.894841460051,0.7051724137931035,192.39951132627917,0.05996276045261377,,5,R,300,574.1272177563471,0.0,0.0,,,
,,,2025-Hlow,3208.65,3208.894841460051,0.7051724137931035,250.21682575567135,0.07798196305476489,,5,R,300,574.1272177563471,0.0,0.0,,,
,,,2030-Hhigh,3208.65,3208.894841460051,0.7086206896551724,149.50112123948156,0.04659315326990528,,5,R,300,574.1272177563471,0.0,0.0,,,
,,,2030-Hlow,3208.65,3208.894841460051,0.7086206896551724,192.3174861002286,0.0599371966715686,,5,R,300,574.1272177563471,0.0,0.0,,,
,,,2035-Hhigh,3208.65,3208.894841460051,0.7086206896551724,152.99382674713488,0.04768168131367861,,5,R,300,574.1272177563471,0.0,0.0,,,
,,,2035-Hlow,3208.65,3208.894841460051,0.7086206896551724,191.71969904406396,0.059750891821814145,,5,R,300,574.1272177563471,0.0,0.0,,,
,,,2040-Hhigh,3208.65,3208.894841460051,0.7086206896551724,158.57026051965676,0.04941961900477047,,5,R,300,574.1272177563471,0.0,0.0,,,
,,,2040-Hlow,3208.65,3208.894841460051,0.7086206896551724,202.295253625869,0.06304684325989715,,5,R,300,574.1272177563471,0.0,0.0,,,
,,,2045-Hhigh,3208.65,3208.894841460051,0.7086206896551724,169.4868470639904,0.05282185562899986,,5,R,300,574.1272177563471,0.0,0.0,,,
,,,2045-Hlow,3208.65,3208.894841460051,0.7086206896551724,213.79248449526733,0.06663004207229437,,5,R,300,574.1272177563471,0.0,0.0,,,
,,,2024-Hhigh,3324.15,3324.3940525519356,0.7189655172413792,276.64888912991165,0.08322394871769073,,5,Ro,360,689.6264288482317,0.0,0.0,,,
,,,2024-Hlow,3324.15,3324.3940525519356,0.7310344827586207,348.8068092300042,0.10493112802671486,,5,Ro,360,689.6264288482317,0.0,0.0,,,
,,,2025-Hhigh,3324.15,3324.3940525519356,0.7310344827586207,199.3828586497914,0.05998010277809106,,5,Ro,360,689.6264288482317,0.0,0.0,,,
,,,2025-Hlow,3324.15,3324.3940525519356,0.7310344827586207,259.3669133077024,0.07802503295811032,,5,Ro,360,689.6264288482317,0.0,0.0,,,
,,,2030-Hhigh,3324.15,3324.3940525519356,0.7327586206896551,155.09240730728743,0.04665626018900694,,5,Ro,360,689.6264288482317,0.0,0.0,,,
,,,2030-Hlow,3324.15,3324.3940525519356,0.7327586206896551,199.29118236750722,0.059952523913634224,,5,Ro,360,689.6264288482317,0.0,0.0,,,
,,,2035-Hhigh,3324.15,3324.3940525519356,0.7327586206896551,158.87228024657188,0.047793354766352866,,5,Ro,360,689.6264288482317,0.0,0.0,,,
,,,2035-Hlow,3324.15,3324.3940525519356,0.7327586206896551,199.02550424466827,0.05987260028719169,,5,Ro,360,689.6264288482317,0.0,0.0,,,
,,,2040-Hhigh,3324.15,3324.3940525519356,0.7327586206896551,164.51227938393677,0.04949002884464804,,5,Ro,360,689.6264288482317,0.0,0.0,,,
,,,2040-Hlow,3324.15,3324.3940525519356,0.7327586206896551,209.4207323265496,0.06299978410316912,,5,Ro,360,689.6264288482317,0.0,0.0,,,
,,,2045-Hhigh,3324.15,3324.3940525519356,0.7327586206896551,175.90167420450646,0.052916286631020396,,5,Ro,360,689.6264288482317,0.0,0.0,,,
,,,2045-Hlow,3324.15,3324.3940525519356,0.7327586206896551,221.64452599179754,0.06667705307877127,,5,Ro,360,689.6264288482317,0.0,0.0,,,
,AK,,2024-Hhigh,246.0223328758283,1045.1411360470563,0.056995246960296425,19.634021804974186,0.07980585166991247,4.248155538686632,1,HP,135,323.51266410046316,496.6184883574883,78.0,,,
,AK,,2024-Hlow,246.0223328758283,1045.1411360470563,0.05652545444545868,26.359318686559796,0.10714197519565752,4.248155538686632,1,HP,135,323.51266410046316,496.6184883574883,78.0,,,
,AK,,2025-Hhigh,246.0223328758283,1045.1411360470563,0.05652545444545868,14.057827601665371,0.05714045321552413,4.248155538686632,1,HP,135,323.51266410046316,496.6184883574883,78.0,,,
,AK,,2025-Hlow,246.0223328758283,1045.1411360470563,0.05652545444545868,19.67512093094669,0.07997290612180749,4.248155538686632,1,HP,135,323.51266410046316,496.6184883574883,78.0,,,
,AK,,2030-Hhigh,246.0223328758283,1045.1411360470563,0.05902708515104547,10.9324474403497,0.04443680910004009,4.248155538686632,1,HP,135,323.51266410046316,496.6184883574883,78.0,,,
,AK,,2030-Hlow,246.0223328758283,1045.1411360470563,0.05902708515104547,15.152049289878054,0.06158810508282414,4.248155538686632,1,HP,135,323.51266410046316,496.6184883574883,78.0,,,
,AK,,2035-Hhigh,246.0223328758283,1045.1411360470563,0.05902708515104547,11.759527031763838,0.047798616061815305,4.248155538686632,1,HP,135,323.51266410046316,496.6184883574883,78.0,,,
,AK,,2035-Hlow,246.0223328758283,1045.1411360470563,0.05902708515104547,15.466304014781729,0.06286544735183792,4.248155538686632,1,HP,135,323.51266410046316,496.6184883574883,78.0,,,
,AK,,2040-Hhigh,246.0223328758283,1045.1411360470563,0.05902708515104547,12.23193099371466,0.04971878305002629,4.248155538686632,1,HP,135,323.51266410046316,496.6184883574883,78.0,,,
,AK,,2040-Hlow,246.0223328758283,1045.1411360470563,0.05902708515104547,16.11318855088239,0.06549482058206071,4.248155538686632,1,HP,135,323.51266410046316,496.6184883574883,78.0,,,
,AK,,2045-Hhigh,246.0223328758283,1045.1411360470563,0.05902708515104547,13.112232157927279,0.05329691822955458,4.248155538686632,1,HP,135,323.51266410046316,496.6184883574883,78.0,,,
,AK,,2045-Hlow,246.0223328758283,1045.1411360470563,0.05902708515104547,17.04840648137259,0.06929617438420607,4.248155538686632,1,HP,135,323.51266410046316,496.6184883574883,78.0,,,
,AK,,2024-Hhigh,256.4695082823454,1089.1765010282277,0.05756924880556888,20.521991684982407,0.08001727699493189,4.246806992077832,1,HPo,162,367.13115285725956,138.10095186691794,75.0,,,
,AK,,2024-Hlow,256.4695082823454,1089.1765010282277,0.05456729195886473,27.52729278487306,0.10733163941878217,4.246806992077832,1,HPo,162,367.13115285725956,138.10095186691794,75.0,,,
,AK,,2025-Hhigh,256.4695082823454,1089.1765010282277,0.05456729195886473,14.709865317185214,0.05735522096057997,4.246806992077832,1,HPo,162,367.13115285725956,138.10095186691794,75.0,,,
,AK,,2025-Hlow,256.4695082823454,1089.1765010282277,0.05456729195886473,20.583063961024624,0.08025540384459615,4.246806992077832,1,HPo,162,367.13115285725956,138.10095186691794,75.0,,,
,AK,,2030-Hhigh,256.4695082823454,1089.1765010282277,0.05756924880556888,11.444001661100542,0.0446212952866971,4.246806992077832,1,HPo,162,367.13115285725956,138.10095186691794,75.0,,,
,AK,,2030-Hlow,256.4695082823454,1089.1765010282277,0.05756924880556888,15.823010845208337,0.061695485561538574,4.246806992077832,1,HPo,162,367.13115285725956,138.10095186691794,75.0,,,
,AK,,2035-Hhigh,256.4695082823454,1089.1765010282277,0.05756924880556888,12.305434184883538,0.047980105967749494,4.246806992077832,1,HPo,162,367.13115285725956,138.10095186691794,75.0,,,
,AK,,2035-Hlow,256.4695082823454,1089.1765010282277,0.05756924880556888,16.148532226620638,0.06296472565012617,4.246806992077832,1,HPo,162,367.13115285725956,138.10095186691794,75.0,,,
,AK,,2040-Hhigh,256.4695082823454,1089.1765010282277,0.05756924880556888,12.793856874378049,0.04988451438169947,4.246806992077832,1,HPo,162,367.13115285725956,138.10095186691794,75.0,,,
,AK,,2040-Hlow,256.4695082823454,1089.1765010282277,0.05756924880556888,16.782817867910946,0.06543786815169804,4.246806992077832,1,HPo,162,367.13115285725956,138.10095186691794,75.0,,,
,AK,,2045-Hhigh,256.4695082823454,1089.1765010282277,0.05756924880556888,13.727271303079213,0.05352398963531744,4.246806992077832,1,HPo,162,367.13115285725956,138.10095186691794,75.0,,,
,AK,,2045-Hlow,256.4695082823454,1089.1765010282277,0.05756924880556888,17.787602059163664,0.06935562117419988,4.246806992077832,1,HPo,162,367.13115285725956,138.10095186691794,75.0,,,
,CH,,2024-Hhigh,267.29049419911405,1073.2995674180138,0.06842381316559468,21.753245527635872,0.0813842841393047,4.015479752222222,1,HP,135,352.0080596481094,786.4109002255259,90.0,,,
,CH,,2024-Hlow,267.29049419911405,1073.2995674180138,0.06692722353370884,29.26995383583008,0.109506153309088,4.015479752222222,1,HP,135,352.0080596481094,786.4109002255259,90.0,,,
,CH,,2025-Hhigh,267.29049419911405,1073.2995674180138,0.06692722353370884,15.67631836188188,0.058648993144530016,4.015479752222222,1,HP,135,352.0080596481094,786.4109002255259,90.0,,,
,CH,,2025-Hlow,267.29049419911405,1073.2995674180138,0.06692722353370884,21.97004149483082,0.0821953715962101,4.015479752222222,1,HP,135,352.0080596481094,786.4109002255259,90.0,,,
,CH,,2030-Hhigh,267.29049419911405,1073.2995674180138,0.0668448300061319,12.182989695660739,0.04557958460948934,4.015479752222222,1,HP,135,352.0080596481094,786.4109002255259,90.0,,,
,CH,,2030-Hlow,267.29049419911405,1073.2995674180138,0.0668448300061319,16.886512922143893,0.0631766310011928,4.015479752222222,1,HP,135,352.0080596481094,786.4109002255259,90.0,,,
,CH,,2035-Hhigh,267.29049419911405,1073.2995674180138,0.0668448300061319,13.07963961251799,0.04893417422758966,4.015479752222222,1,HP,135,352.0080596481094,786.4109002255259,90.0,,,
,CH,,2035-Hlow,267.29049419911405,1073.2995674180138,0.0668448300061319,17.152987068659854,0.06417357684213788,4.015479752222222,1,HP,135,352.0080596481094,786.4109002255259,90.0,,,
,CH,,2040-Hhigh,267.29049419911405,1073.2995674180138,0.0668448300061319,13.603376576993352,0.050893604045865244,4.015479752222222,1,HP,135,352.0080596481094,786.4109002255259,90.0,,,
,CH,,2040-Hlow,267.29049419911405,1073.2995674180138,0.0668448300061319,17.864544101280956,0.06683568809586259,4.015479752222222,1,HP,135,352.0080596481094,786.4109002255259,90.0,,,
,CH,,2045-Hhigh,267.29049419911405,1073.2995674180138,0.0668448300061319,14.600360788849077,0.054623569134384396,4.015479752222222,1,HP,135,352.0080596481094,786.4109002255259,90.0,,,
,CH,,2045-Hlow,267.29049419911405,1073.2995674180138,0.0668448300061319,18.946639932476323,0.07088407685146599,4.015479752222222,1,HP,135,352.0080596481094,786.4109002255259,90.0,,,
,CH,,2024-Hhigh,279.470783836782,1121.3468291753002,0.0678792167166069,22.82851663011775,0.08168480553391291,4.012393760022497,1,HPo,162,399.5504565930812,352.2223373176528,90.0,,,
,CH,,2024-Hlow,279.470783836782,1121.3468291753002,0.06396717974326756,30.691343001963816,0.10981950449564107,4.012393760022497,1,HPo,162,399.5504565930812,352.2223373176528,90.0,,,
,CH,,2025-Hhigh,279.470783836782,1121.3468291753002,0.06396717974326756,16.42413238633287,0.05876869188560683,4.012393760022497,1,HPo,162,399.5504565930812,352.2223373176528,90.0,,,
,CH,,2025-Hlow,279.470783836782,1121.3468291753002,0.06396717974326756,23.059007002924726,0.08250954424055922,4.012393760022497,1,HPo,162,399.5504565930812,352.2223373176528,90.0,,,
,CH,,2030-Hhigh,279.470783836782,1121.3468291753002,0.0678792167166069,12.79582191951992,0.04578590199608487,4.012393760022497,1,HPo,162,399.5504565930812,352.2223373176528,90.0,,,
,CH,,2030-Hlow,279.470783836782,1121.3468291753002,0.0678792167166069,17.7028202518383,0.06334408201387232,4.012393760022497,1,HPo,162,399.5504565930812,352.2223373176528,90.0,,,
,CH,,2035-Hhigh,279.470783836782,1121.3468291753002,0.0678792167166069,13.713642429181833,0.049070039597380405,4.012393760022497,1,HPo,162,399.5504565930812,352.2223373176528,90.0,,,
,CH,,2035-Hlow,279.470783836782,1121.3468291753002,0.0678792167166069,17.92777233468088,0.06414900365811102,4.012393760022497,1,HPo,162,399.5504565930812,352.2223373176528,90.0,,,
,CH,,2040-Hhigh,279.470783836782,1121.3468291753002,0.0678792167166069,14.274600406172157,0.05107725469617921,4.012393760022497,1,HPo,162,399.5504565930812,352.2223373176528,90.0,,,
,CH,,2040-Hlow,279.470783836782,1121.3468291753002,0.0678792167166069,18.634776584561667,0.06667880029794043,4.012393760022497,1,HPo,162,399.5504565930812,352.2223373176528,90.0,,,
,CH,,2045-Hhigh,279.470783836782,1121.3468291753002,0.0678792167166069,15.29261224424659,0.05471989606318871,4.012393760022497,1,HPo,162,399.5504565930812,352.2223373176528,90.0,,,
,CH,,2045-Hlow,279.470783836782,1121.3468291753002,0.0678792167166069,19.778212368987408,0.07077023257120996,4.012393760022497,1,HPo,162,399.5504565930812,352.2223373176528,90.0,,,
,AK,,2024-Hhigh,357.83452212095375,1521.4076238337868,0.09249935353776809,28.828160358323906,0.08056282604443495,4.251707227173366,2,HP,135,320.0034508209422,196.93099707585716,92.0,,,
,AK,,2024-Hlow,357.83452212095375,1521.4076238337868,0.09759421582778048,38.584191050876264,0.10782691066859725,4.251707227173366,2,HP,135,320.0034508209422,196.93099707585716,92.0,,,
,AK,,2025-Hhigh,357.83452212095375,1521.4076238337868,0.09759421582778048,20.888546640578,0.05837487818885551,4.251707227173366,2,HP,135,320.0034508209422,196.93099707585716,92.0,,,
,AK,,2025-Hlow,357.83452212095375,1521.4076238337868,0.09759421582778048,29.221982714961012,0.08166339720873415,4.251707227173366,2,HP,135,320.0034508209422,196.93099707585716,92.0,,,
,AK,,2030-Hhigh,357.83452212095375,1521.4076238337868,0.09606388651033393,16.325638268686017,0.045623429991943854,4.251707227173366,2,HP,135,320.0034508209422,196.93099707585716,92.0,,,
,AK,,2030-Hlow,357.83452212095375,1521.4076238337868,0.09606388651033393,22.438969677679516,0.06270767153677473,4.251707227173366,2,HP,135,320.0034508209422,196.93099707585716,92.0,,,
,AK,,2035-Hhigh,357.83452212095375,1521.4076238337868,0.09606388651033393,16.907224934124795,0.04724872500817538,4.251707227173366,2,HP,135,320.0034508209422,196.93099707585716,92.0,,,
,AK,,2035-Hlow,357.83452212095375,1521.4076238337868,0.09606388651033393,22.449698140747504,0.06273765316907895,4.251707227173366,2,HP,135,320.0034508209422,196.93099707585716,92.0,,,
,AK,,2040-Hhigh,357.83452212095375,1521.4076238337868,0.09606388651033393,17.68470318705027,0.049421456270428155,4.251707227173366,2,HP,135,320.0034508209422,196.93099707585716,92.0,,,
,AK,,2040-Hlow,357.83452212095375,1521.4076238337868,0.09606388651033393,23.28468232167627,0.0650710897977744,4.251707227173366,2,HP,135,320.0034508209422,196.93099707585716,92.0,,,
,AK,,2045-Hhigh,357.83452212095375,1521.4076238337868,0.09606388651033393,18.884425758155075,0.05277418636475728,4.251707227173366,2,HP,135,320.0034508209422,196.93099707585716,92.0,,,
,AK,,2045-Hlow,357.83452212095375,1521.4076238337868,0.09606388651033393,24.767969648355184,0.06921626650651447,4.251707227173366,2,HP,135,320.0034508209422,196.93099707585716,92.0,,,
,AK,,2024-Hhigh,368.08616746885303,1564.8170593602943,0.09348043966075872,29.66169751603545,0.08058357020043515,4.25122484259805,2,HPo,162,363.1838993602941,0.0,1.0,,,
,AK,,2024-Hlow,368.08616746885303,1564.8170593602943,0.10109983287606764,39.709609777640374,0.10788128782644502,4.25122484259805,2,HPo,162,363.1838993602941,0.0,1.0,,,
,AK,,2025-Hhigh,368.08616746885303,1564.8170593602943,0.10109983287606764,21.524923176857474,0.05847794641367197,4.25122484259805,2,HPo,162,363.1838993602941,0.0,1.0,,,
,AK,,2025-Hlow,368.08616746885303,1564.8170593602943,0.10109983287606764,30.066391624137978,0.08168302501256626,4.25122484259805,2,HPo,162,363.1838993602941,0.0,1.0,,,
,AK,,2030-Hhigh,368.08616746885303,1564.8170593602943,0.0990750475963226,16.82450033009252,0.04570804832408212,4.25122484259805,2,HPo,162,363.1838993602941,0.0,1.0,,,
,AK,,2030-Hlow,368.08616746885303,1564.8170593602943,0.0990750475963226,23.10675060762521,0.06277538427080522,4.25122484259805,2,HPo,162,363.1838993602941,0.0,1.0,,,
,AK,,2035-Hhigh,368.08616746885303,1564.8170593602943,0.0990750475963226,17.414231068447535,0.04731020235885692,4.25122484259805,2,HPo,162,363.1838993602941,0.0,1.0,,,
,AK,,2035-Hlow,368.08616746885303,1564.8170593602943,0.0990750475963226,23.0973763960016,0.0627499168328733,4.25122484259805,2,HPo,162,363.1838993602941,0.0,1.0,,,
,AK,,2040-Hhigh,368.08616746885303,1564.8170593602943,0.0990750475963226,18.21739844828997,0.04949221149374352,4.25122484259805,2,HPo,162,363.1838993602941,0.0,1.0,,,
,AK,,2040-Hlow,368.08616746885303,1564.8170593602943,0.0990750475963226,23.954417726817994,0.06507828830281971,4.25122484259805,2,HPo,162,363.1838993602941,0.0,1.0,,,
,AK,,2045-Hhigh,368.08616746885303,1564.8170593602943,0.0990750475963226,19.432087905555264,0.052792225361741094,4.25122484259805,2,HPo,162,363.1838993602941,0.0,1.0,,,
,AK,,2045-Hlow,368.08616746885303,1564.8170593602943,0.0990750475963226,25.467458393653025,0.0691888493631265,4.25122484259805,2,HPo,162,363.1838993602941,0.0,1.0,,,
,CH,,2024-Hhigh,385.42940165811876,1549.901321452792,0.09646930176943264,31.608556595605076,0.08200868034359846,4.02123272066197,2,HP,135,348.49320773054177,193.5419493310941,98.0,,,
,CH,,2024-Hlow,385.42940165811876,1549.901321452792,0.10271545272529563,42.37211659634848,0.109934832200303,4.02123272066197,2,HP,135,348.49320773054177,193.5419493310941,98.0,,,
,CH,,2025-Hhigh,385.42940165811876,1549.901321452792,0.10271545272529563,22.9758856884077,0.05961113913356208,4.02123272066197,2,HP,135,348.49320773054177,193.5419493310941,98.0,,,
,CH,,2025-Hlow,385.42940165811876,1549.901321452792,0.10271545272529563,32.16944491009459,0.0834639100486406,4.02123272066197,2,HP,135,348.49320773054177,193.5419493310941,98.0,,,
,CH,,2030-Hhigh,385.42940165811876,1549.901321452792,0.10068881121498857,17.95607318228815,0.04658719107842073,4.02123272066197,2,HP,135,348.49320773054177,193.5419493310941,98.0,,,
,CH,,2030-Hlow,385.42940165811876,1549.901321452792,0.10068881121498857,24.692715428957932,0.06406546911763808,4.02123272066197,2,HP,135,348.49320773054177,193.5419493310941,98.0,,,
,CH,,2035-Hhigh,385.42940165811876,1549.901321452792,0.10068881121498857,18.554472954777427,0.04813974459383746,4.02123272066197,2,HP,135,348.49320773054177,193.5419493310941,98.0,,,
,CH,,2035-Hlow,385.42940165811876,1549.901321452792,0.10068881121498857,24.58208329190103,0.06377843305712748,4.02123272066197,2,HP,135,348.49320773054177,193.5419493310941,98.0,,,
,CH,,2040-Hhigh,385.42940165811876,1549.901321452792,0.10068881121498857,19.404094196681676,0.050344094439098805,4.02123272066197,2,HP,135,348.49320773054177,193.5419493310941,98.0,,,
,CH,,2040-Hlow,385.42940165811876,1549.901321452792,0.10068881121498857,25.533927125243917,0.06624800032222987,4.02123272066197,2,HP,135,348.49320773054177,193.5419493310941,98.0,,,
,CH,,2045-Hhigh,385.42940165811876,1549.901321452792,0.10068881121498857,20.734936657788197,0.053796977004313684,4.02123272066197,2,HP,135,348.49320773054177,193.5419493310941,98.0,,,
,CH,,2045-Hlow,385.42940165811876,1549.901321452792,0.10068881121498857,27.204237558796116,0.07058163555183747,4.02123272066197,2,HP,135,348.49320773054177,193.5419493310941,98.0,,,
,CH,,2024-Hhigh,397.3706803290595,1597.273410363638,0.10080610968393441,32.64198967811984,0.0821449374450306,4.019605596066999,2,HPo,162,395.640250363638,0.0,3.0,,,
,CH,,2024-Hlow,397.3706803290595,1597.273410363638,0.10899349124302529,43.704525114168995,0.10998427231213341,4.019605596066999,2,HPo,162,395.640250363638,0.0,3.0,,,
,CH,,2025-Hhigh,397.3706803290595,1597.273410363638,0.10899349124302529,23.71621925122248,0.059682861432009196,4.019605596066999,2,HPo,162,395.640250363638,0.0,3.0,,,
,CH,,2025-Hlow,397.3706803290595,1597.273410363638,0.10899349124302529,33.178659367642766,0.08349548924990587,4.019605596066999,2,HPo,162,395.640250363638,0.0,3.0,,,
,CH,,2030-Hhigh,397.3706803290595,1597.273410363638,0.10598884048938342,18.539890190393535,0.04665641203080408,4.019605596066999,2,HPo,162,395.640250363638,0.0,3.0,,,
,CH,,2030-Hlow,397.3706803290595,1597.273410363638,0.10598884048938342,25.490635241724455,0.06414825376803307,4.019605596066999,2,HPo,162,395.640250363638,0.0,3.0,,,
,CH,,2035-Hhigh,397.3706803290595,1597.273410363638,0.10598884048938342,19.191510273642244,0.04829624132749278,4.019605596066999,2,HPo,162,395.640250363638,0.0,3.0,,,
,CH,,2035-Hlow,397.3706803290595,1597.273410363638,0.10598884048938342,25.34826517905783,0.06378997352816049,4.019605596066999,2,HPo,162,395.640250363638,0.0,3.0,,,
,CH,,2040-Hhigh,397.3706803290595,1597.273410363638,0.10598884048938342,20.067084455894797,0.050499660516667724,4.019605596066999,2,HPo,162,395.640250363638,0.0,3.0,,,
,CH,,2040-Hlow,397.3706803290595,1597.273410363638,0.10598884048938342,26.33448626768449,0.06627184030255355,4.019605596066999,2,HPo,162,395.640250363638,0.0,3.0,,,
,CH,,2045-Hhigh,397.3706803290595,1597.273410363638,0.10598884048938342,21.450614666795843,0.05398137237763179,4.019605596066999,2,HPo,162,395.640250363638,0.0,3.0,,,
,CH,,2045-Hlow,397.3706803290595,1597.273410363638,0.10598884048938342,28.051060960436246,0.07059167258441762,4.019605596066999,2,HPo,162,395.640250363638,0.0,3.0,,,
,AK,,2024-Hhigh,487.7820823802187,2072.3464791558054,0.10245943338391635,39.76874018622947,0.0815297273572881,4.248508819847226,3,HP,180,396.42387077384495,2.5422419830372163,6.0,,,
,AK,,2024-Hlow,487.7820823802187,2072.3464791558054,0.12180006322888176,53.598837658120104,0.10988275214328316,4.248508819847226,3,HP,180,396.42387077384495,2.5422419830372163,6.0,,,
,AK,,2025-Hhigh,487.7820823802187,2072.3464791558054,0.12180006322888176,29.147124869717565,0.059754398372914866,4.248508819847226,3,HP,180,396.42387077384495,2.5422419830372163,6.0,,,
,AK,,2025-Hlow,487.7820823802187,2072.3464791558054,0.12180006322888176,40.68328290690152,0.08340462755085276,4.248508819847226,3,HP,180,396.42387077384495,2.5422419830372163,6.0,,,
,AK,,2030-Hhigh,487.7820823802187,2072.3464791558054,0.12430169393446855,22.801043875737193,0.046744324359918016,4.248508819847226,3,HP,180,396.42387077384495,2.5422419830372163,6.0,,,
,AK,,2030-Hlow,487.7820823802187,2072.3464791558054,0.12430169393446855,31.348650952909512,0.0642677377568652,4.248508819847226,3,HP,180,396.42387077384495,2.5422419830372163,6.0,,,
,AK,,2035-Hhigh,487.7820823802187,2072.3464791558054,0.12430169393446855,23.439994090699226,0.04805423351411278,4.248508819847226,3,HP,180,396.42387077384495,2.5422419830372163,6.0,,,
,AK,,2035-Hlow,487.7820823802187,2072.3464791558054,0.12430169393446855,31.227810742077896,0.06402000374777254,4.248508819847226,3,HP,180,396.42387077384495,2.5422419830372163,6.0,,,
,AK,,2040-Hhigh,487.7820823802187,2072.3464791558054,0.12430169393446855,24.64537008744819,0.0505253697864152,4.248508819847226,3,HP,180,396.42387077384495,2.5422419830372163,6.0,,,
,AK,,2040-Hlow,487.7820823802187,2072.3464791558054,0.12430169393446855,33.21412383418375,0.06809213588188721,4.248508819847226,3,HP,180,396.42387077384495,2.5422419830372163,6.0,,,
,AK,,2045-Hhigh,487.7820823802187,2072.3464791558054,0.12430169393446855,26.467305839069578,0.054260512624649294,4.248508819847226,3,HP,180,396.42387077384495,2.5422419830372163,6.0,,,
,AK,,2045-Hlow,487.7820823802187,2072.3464791558054,0.12430169393446855,34.997331126277544,0.07174788166777651,4.248508819847226,3,HP,180,396.42387077384495,2.5422419830372163,6.0,,,
,AK,,2024-Hhigh,504.89281957598774,2144.518205237764,0.1110158339995946,41.16973628086512,0.08154153650955015,4.247472180409981,3,HPo,216,468.59264079332024,0.0,0.0,,,
,AK,,2024-Hlow,504.89281957598774,2144.518205237764,0.1288402186080681,55.47759245748661,0.10987993947720835,4.247472180409981,3,HPo,216,468.59264079332024,0.0,0.0,,,
,AK,,2025-Hhigh,504.89281957598774,2144.518205237764,0.1288402186080681,30.227905930498444,0.05986994617171232,4.247472180409981,3,HPo,216,468.59264079332024,0.0,0.0,,,
,AK,,2025-Hlow,504.89281957598774,2144.518205237764,0.1288402186080681,42.12771756984855,0.08343893186127638,4.247472180409981,3,HPo,216,468.59264079332024,0.0,0.0,,,
,AK,,2030-Hhigh,504.89281957598774,2144.518205237764,0.13184217545477228,23.655878174329153,0.0468532671829152,4.247472180409981,3,HPo,216,468.59264079332024,0.0,0.0,,,
,AK,,2030-Hlow,504.89281957598774,2144.518205237764,0.13184217545477228,32.47792487961842,0.06432637506489712,4.247472180409981,3,HPo,216,468.59264079332024,0.0,0.0,,,
,AK,,2035-Hhigh,504.89281957598774,2144.518205237764,0.13184217545477228,24.341038749392474,0.048210308813332374,4.247472180409981,3,HPo,216,468.59264079332024,0.0,0.0,,,
,AK,,2035-Hlow,504.89281957598774,2144.518205237764,0.13184217545477228,32.38875170842178,0.06414975704273644,4.247472180409981,3,HPo,216,468.59264079332024,0.0,0.0,,,
,AK,,2040-Hhigh,504.89281957598774,2144.518205237764,0.13184217545477228,25.57910127789361,0.05066243821683799,4.247472180409981,3,HPo,216,468.59264079332024,0.0,0.0,,,
,AK,,2040-Hlow,504.89281957598774,2144.518205237764,0.13184217545477228,34.36556084266547,0.06806506155410545,4.247472180409981,3,HPo,216,468.59264079332024,0.0,0.0,,,
,AK,,2045-Hhigh,504.89281957598774,2144.518205237764,0.13184217545477228,27.477508026401704,0.054422457521732026,4.247472180409981,3,HPo,216,468.59264079332024,0.0,0.0,,,
,AK,,2045-Hlow,504.89281957598774,2144.518205237764,0.13184217545477228,36.22856908123509,0.07175496991947732,4.247472180409981,3,HPo,216,468.59264079332024,0.0,0.0,,,
,CH,,2024-Hhigh,525.1599993573593,2108.024474349978,0.11047502738999493,43.58873820101516,0.08300087259950281,4.014061384967586,3,HP,180,432.104234975263,4.579610851406408,8.0,,,
,CH,,2024-Hlow,525.1599993573593,2108.024474349978,0.1306509183557026,58.772109912894486,0.1119127694127774,4.014061384967586,3,HP,180,432.104234975263,4.579610851406408,8.0,,,
,CH,,2025-Hhigh,525.1599993573593,2108.024474349978,0.1306509183557026,32.009548986052344,0.06095199372614551,4.014061384967586,3,HP,180,432.104234975263,4.579610851406408,8.0,,,
,CH,,2025-Hlow,525.1599993573593,2108.024474349978,0.1306509183557026,44.743799665890265,0.08520031937056032,4.014061384967586,3,HP,180,432.104234975263,4.579610851406408,8.0,,,
,CH,,2030-Hhigh,525.1599993573593,2108.024474349978,0.13407395070737455,25.060179594578226,0.04771913250294098,4.014061384967586,3,HP,180,432.104234975263,4.579610851406408,8.0,,,
,CH,,2030-Hlow,525.1599993573593,2108.024474349978,0.13407395070737455,34.444987943655306,0.06558951174081384,4.014061384967586,3,HP,180,432.104234975263,4.579610851406408,8.0,,,
,CH,,2035-Hhigh,525.1599993573593,2108.024474349978,0.13407395070737455,25.751998758873814,0.04903648181580214,4.014061384967586,3,HP,180,432.104234975263,4.579610851406408,8.0,,,
,CH,,2035-Hlow,525.1599993573593,2108.024474349978,0.13407395070737455,34.195135181136976,0.0651137467114436,4.014061384967586,3,HP,180,432.104234975263,4.579610851406408,8.0,,,
,CH,,2040-Hhigh,525.1599993573593,2108.024474349978,0.13407395070737455,27.056978868801867,0.0515214009100305,4.014061384967586,3,HP,180,432.104234975263,4.579610851406408,8.0,,,
,CH,,2040-Hlow,525.1599993573593,2108.024474349978,0.13407395070737455,36.47508760093854,0.06945519012410174,4.014061384967586,3,HP,180,432.104234975263,4.579610851406408,8.0,,,
,CH,,2045-Hhigh,525.1599993573593,2108.024474349978,0.13407395070737455,29.092585053020148,0.055397564720505894,4.014061384967586,3,HP,180,432.104234975263,4.579610851406408,8.0,,,
,CH,,2045-Hlow,525.1599993573593,2108.024474349978,0.13407395070737455,38.49007735806864,0.07329209651376556,4.014061384967586,3,HP,180,432.104234975263,4.579610851406408,8.0,,,
,CH,,2024-Hhigh,545.1663988449028,2186.8109812089406,0.11778604423759428,45.26534259306213,0.08303032374880445,4.011272495594648,3,HPo,216,510.8854167644968,0.0,0.0,,,
,CH,,2024-Hlow,545.1663988449028,2186.8109812089406,0.1365097092217415,61.054604668830024,0.11199260408967311,4.011272495594648,3,HPo,216,510.8854167644968,0.0,0.0,,,
,CH,,2025-Hhigh,545.1663988449028,2186.8109812089406,0.1365097092217415,33.279206407801865,0.06104412612060055,4.011272495594648,3,HPo,216,510.8854167644968,0.0,0.0,,,
,CH,,2025-Hlow,545.1663988449028,2186.8109812089406,0.1365097092217415,46.49393475794258,0.08528393322929259,4.011272495594648,3,HPo,216,510.8854167644968,0.0,0.0,,,
,CH,,2030-Hhigh,545.1663988449028,2186.8109812089406,0.14042174619508083,26.086086097301777,0.04784976871753819,4.011272495594648,3,HPo,216,510.8854167644968,0.0,0.0,,,
,CH,,2030-Hlow,545.1663988449028,2186.8109812089406,0.14042174619508083,35.80215233874593,0.06567197174037769,4.011272495594648,3,HPo,216,510.8854167644968,0.0,0.0,,,
,CH,,2035-Hhigh,545.1663988449028,2186.8109812089406,0.14042174619508083,26.80465739494268,0.04916784572882027,4.011272495594648,3,HPo,216,510.8854167644968,0.0,0.0,,,
,CH,,2035-Hlow,545.1663988449028,2186.8109812089406,0.14042174619508083,35.55016409389402,0.06520974911369742,4.011272495594648,3,HPo,216,510.8854167644968,0.0,0.0,,,
,CH,,2040-Hhigh,545.1663988449028,2186.8109812089406,0.14042174619508083,28.150471905980687,0.051636476432931004,4.011272495594648,3,HPo,216,510.8854167644968,0.0,0.0,,,
,CH,,2040-Hlow,545.1663988449028,2186.8109812089406,0.14042174619508083,37.84056871481781,0.06941104366482291,4.011272495594648,3,HPo,216,510.8854167644968,0.0,0.0,,,
,CH,,2045-Hhigh,545.1663988449028,2186.8109812089406,0.14042174619508083,30.261828823251523,0.05550934336263242,4.011272495594648,3,HPo,216,510.8854167644968,0.0,0.0,,,
,CH,,2045-Hlow,545.1663988449028,2186.8109812089406,0.14042174619508083,39.96149114330185,0.07330145663410687,4.011272495594648,3,HPo,216,510.8854167644968,0.0,0.0,,,
,AK,,2024-Hhigh,658.1091448908267,2802.744823491569,0.1452892132250705,54.853247421283385,0.08334977237002679,4.258784192941909,4,HP,300,647.4044308989766,0.0,0.0,,,
,AK,,2024-Hlow,658.1091448908267,2802.744823491569,0.14484232092994245,70.7040192828157,0.10743509618688667,4.258784192941909,4,HP,300,647.4044308989766,0.0,0.0,,,
,AK,,2025-Hhigh,658.1091448908267,2802.744823491569,0.14484232092994245,39.23931449001567,0.059624326442880626,4.258784192941909,4,HP,300,647.4044308989766,0.0,0.0,,,
,AK,,2025-Hlow,658.1091448908267,2802.744823491569,0.14484232092994245,53.31292642615209,0.0810092472351165,4.258784192941909,4,HP,300,647.4044308989766,0.0,0.0,,,
,AK,,2030-Hhigh,658.1091448908267,2802.744823491569,0.14378296685951872,30.435955314036896,0.04624757998019599,4.258784192941909,4,HP,300,647.4044308989766,0.0,0.0,,,
,AK,,2030-Hlow,658.1091448908267,2802.744823491569,0.14378296685951872,41.08475554761935,0.062428482975168016,4.258784192941909,4,HP,300,647.4044308989766,0.0,0.0,,,
,AK,,2035-Hhigh,658.1091448908267,2802.744823491569,0.14378296685951872,31.458615112985132,0.04780151644633928,4.258784192941909,4,HP,300,647.4044308989766,0.0,0.0,,,
,AK,,2035-Hlow,658.1091448908267,2802.744823491569,0.14378296685951872,40.74195974308144,0.06190760310714129,4.258784192941909,4,HP,300,647.4044308989766,0.0,0.0,,,
,AK,,2040-Hhigh,658.1091448908267,2802.744823491569,0.14378296685951872,32.58285626437312,0.04950980626439748,4.258784192941909,4,HP,300,647.4044308989766,0.0,0.0,,,
,AK,,2040-Hlow,658.1091448908267,2802.744823491569,0.14378296685951872,42.170749993499456,0.06407865674088929,4.258784192941909,4,HP,300,647.4044308989766,0.0,0.0,,,
,AK,,2045-Hhigh,658.1091448908267,2802.744823491569,0.14378296685951872,35.01374314582402,0.05320355053208147,4.258784192941909,4,HP,300,647.4044308989766,0.0,0.0,,,
,AK,,2045-Hlow,658.1091448908267,2802.744823491569,0.14378296685951872,45.02625303721886,0.06841760730233924,4.258784192941909,4,HP,300,647.4044308989766,0.0,0.0,,,
,AK,,2024-Hhigh,689.0074520446115,2932.8425077657357,0.16542111208673224,57.366670915487425,0.0832598700424115,4.256619429967851,4,HPo,360,777.5021151731429,0.0,0.0,,,
,AK,,2024-Hlow,689.0074520446115,2932.8425077657357,0.16191882909891075,74.221468863714,0.10772230204980185,4.256619429967851,4,HPo,360,777.5021151731429,0.0,0.0,,,
,AK,,2025-Hhigh,689.0074520446115,2932.8425077657357,0.16191882909891075,41.14622164678181,0.05971810830881652,4.256619429967851,4,HPo,360,777.5021151731429,0.0,0.0,,,
,AK,,2025-Hlow,689.0074520446115,2932.8425077657357,0.16191882909891075,55.96469224882162,0.08122508992137585,4.256619429967851,4,HPo,360,777.5021151731429,0.0,0.0,,,
,AK,,2030-Hhigh,689.0074520446115,2932.8425077657357,0.15833436360762465,31.988000905675506,0.04642620455083897,4.256619429967851,4,HPo,360,777.5021151731429,0.0,0.0,,,
,AK,,2030-Hlow,689.0074520446115,2932.8425077657357,0.15833436360762465,43.100598065845695,0.0625546181510023,4.256619429967851,4,HPo,360,777.5021151731429,0.0,0.0,,,
,AK,,2035-Hhigh,689.0074520446115,2932.8425077657357,0.15833436360762465,33.02461251767414,0.047930704406279605,4.256619429967851,4,HPo,360,777.5021151731429,0.0,0.0,,,
,AK,,2035-Hlow,689.0074520446115,2932.8425077657357,0.15833436360762465,42.6675494464604,0.06192610735899237,4.256619429967851,4,HPo,360,777.5021151731429,0.0,0.0,,,
,AK,,2040-Hhigh,689.0074520446115,2932.8425077657357,0.15833436360762465,34.25676865732427,0.049719010375966495,4.256619429967851,4,HPo,360,777.5021151731429,0.0,0.0,,,
,AK,,2040-Hlow,689.0074520446115,2932.8425077657357,0.15833436360762465,44.232652527185216,0.06419764023730946,4.256619429967851,4,HPo,360,777.5021151731429,0.0,0.0,,,
,AK,,2045-Hhigh,689.0074520446115,2932.8425077657357,0.15833436360762465,36.88056335777068,0.05352708921845269,4.256619429967851,4,HPo,360,777.5021151731429,0.0,0.0,,,
,AK,,2045-Hlow,689.0074520446115,2932.8425077657357,0.15833436360762465,47.22942959575596,0.06854705193043105,4.256619429967851,4,HPo,360,777.5021151731429,0.0,0.0,,,
,CH,,2024-Hhigh,711.5567065675885,2861.6860144892566,0.15292106419097592,60.28395484540671,0.08472122360592287,4.021725869598608,4,HP,300,706.3456218966638,0.0,0.0,,,
,CH,,2024-Hlow,711.5567065675885,2861.6860144892566,0.15188390341387392,78.02648772393287,0.1096560358489452,4.021725869598608,4,HP,300,706.3456218966638,0.0,0.0,,,
,CH,,2025-Hhigh,711.5567065675885,2861.6860144892566,0.15188390341387392,43.30342632532004,0.06085730894759936,4.021725869598608,4,HP,300,706.3456218966638,0.0,0.0,,,
,CH,,2025-Hlow,711.5567065675885,2861.6860144892566,0.15188390341387392,59.011157490355096,0.0829324731896822,4.021725869598608,4,HP,300,706.3456218966638,0.0,0.0,,,
,CH,,2030-Hhigh,711.5567065675885,2861.6860144892566,0.1567739496305481,33.61135905207893,0.04723637447563892,4.021725869598608,4,HP,300,706.3456218966638,0.0,0.0,,,
,CH,,2030-Hlow,711.5567065675885,2861.6860144892566,0.1567739496305481,45.434343871403705,0.06385203519557867,4.021725869598608,4,HP,300,706.3456218966638,0.0,0.0,,,
,CH,,2035-Hhigh,711.5567065675885,2861.6860144892566,0.1567739496305481,34.687607626824374,0.0487489012564447,4.021725869598608,4,HP,300,706.3456218966638,0.0,0.0,,,
,CH,,2035-Hlow,711.5567065675885,2861.6860144892566,0.1567739496305481,44.84917930009894,0.06302966283100987,4.021725869598608,4,HP,300,706.3456218966638,0.0,0.0,,,
,CH,,2040-Hhigh,711.5567065675885,2861.6860144892566,0.1567739496305481,35.995596905484064,0.050587109324174366,4.021725869598608,4,HP,300,706.3456218966638,0.0,0.0,,,
,CH,,2040-Hlow,711.5567065675885,2861.6860144892566,0.1567739496305481,46.57582437218217,0.06545623692713812,4.021725869598608,4,HP,300,706.3456218966638,0.0,0.0,,,
,CH,,2045-Hhigh,711.5567065675885,2861.6860144892566,0.1567739496305481,38.690673225888396,0.05437468703306121,4.021725869598608,4,HP,300,706.3456218966638,0.0,0.0,,,
,CH,,2045-Hlow,711.5567065675885,2861.6860144892566,0.1567739496305481,49.873489799008716,0.0700906749085238,4.021725869598608,4,HP,300,706.3456218966638,0.0,0.0,,,
,CH,,2024-Hhigh,747.5442541466115,3003.7385515235687,0.16642164932748174,63.307630883825,0.08468746904635942,4.018141447629217,4,HPo,360,848.3981589309759,0.0,0.0,,,
,CH,,2024-Hlow,747.5442541466115,3003.7385515235687,0.1629986169758098,82.13582789278722,0.10987420134283903,4.018141447629217,4,HPo,360,848.3981589309759,0.0,0.0,,,
,CH,,2025-Hhigh,747.5442541466115,3003.7385515235687,0.1629986169758098,45.585416792490975,0.060980224969464585,4.018141447629217,4,HPo,360,848.3981589309759,0.0,0.0,,,
,CH,,2025-Hlow,747.5442541466115,3003.7385515235687,0.1629986169758098,62.174563636428026,0.08317174975467619,4.018141447629217,4,HPo,360,848.3981589309759,0.0,0.0,,,
,CH,,2030-Hhigh,747.5442541466115,3003.7385515235687,0.16642164932748174,35.425990699236905,0.04738982408429965,4.018141447629217,4,HPo,360,848.3981589309759,0.0,0.0,,,
,CH,,2030-Hlow,747.5442541466115,3003.7385515235687,0.16642164932748174,47.86460177141909,0.06402912136092974,4.018141447629217,4,HPo,360,848.3981589309759,0.0,0.0,,,
,CH,,2035-Hhigh,747.5442541466115,3003.7385515235687,0.16642164932748174,36.609757861316176,0.048973365333547354,4.018141447629217,4,HPo,360,848.3981589309759,0.0,0.0,,,
,CH,,2035-Hlow,747.5442541466115,3003.7385515235687,0.16642164932748174,47.18959675038453,0.06312615806840181,4.018141447629217,4,HPo,360,848.3981589309759,0.0,0.0,,,
,CH,,2040-Hhigh,747.5442541466115,3003.7385515235687,0.16642164932748174,38.047360992488656,0.05089646637164393,4.018141447629217,4,HPo,360,848.3981589309759,0.0,0.0,,,
,CH,,2040-Hlow,747.5442541466115,3003.7385515235687,0.16642164932748174,49.006910088007054,0.06555720255512205,4.018141447629217,4,HPo,360,848.3981589309759,0.0,0.0,,,
,CH,,2045-Hhigh,747.5442541466115,3003.7385515235687,0.16642164932748174,40.91764099773304,0.05473607852747685,4.018141447629217,4,HPo,360,848.3981589309759,0.0,0.0,,,
,CH,,2045-Hlow,747.5442541466115,3003.7385515235687,0.16642164932748174,52.44401427768466,0.07015506304379823,4.018141447629217,4,HPo,360,848.3981589309759,0.0,0.0,,,
,AK,,2024-Hhigh,770.6443053146912,3280.56704057369,0.17768985373997884,64.52926498875004,0.08373417482453158,4.256914659525157,5,HP,300,645.799416869986,0.0,0.0,,,
,AK,,2024-Hlow,770.6443053146912,3280.56704057369,0.17826651394679519,83.04502808454617,0.10776051611856768,4.256914659525157,5,HP,300,645.799416869986,0.0,0.0,,,
,AK,,2025-Hhigh,770.6443053146912,3280.56704057369,0.17826651394679519,46.55314378509909,0.06040808121729933,4.256914659525157,5,HP,300,645.799416869986,0.0,0.0,,,
,AK,,2025-Hlow,770.6443053146912,3280.56704057369,0.17826651394679519,62.08589728065156,0.080563623000236,4.256914659525157,5,HP,300,645.799416869986,0.0,0.0,,,
,AK,,2030-Hhigh,770.6443053146912,3280.56704057369,0.17871987865736136,36.27940231608526,0.047076714984963956,4.256914659525157,5,HP,300,645.799416869986,0.0,0.0,,,
,AK,,2030-Hlow,770.6443053146912,3280.56704057369,0.17871987865736136,47.71183087435099,0.06191161155063352,4.256914659525157,5,HP,300,645.799416869986,0.0,0.0,,,
,AK,,2035-Hhigh,770.6443053146912,3280.56704057369,0.17871987865736136,37.28907474574312,0.048386881585423765,4.256914659525157,5,HP,300,645.799416869986,0.0,0.0,,,
,AK,,2035-Hlow,770.6443053146912,3280.56704057369,0.17871987865736136,47.43907824429585,0.06155768350863786,4.256914659525157,5,HP,300,645.799416869986,0.0,0.0,,,
,AK,,2040-Hhigh,770.6443053146912,3280.56704057369,0.17871987865736136,38.84619638502101,0.05040742676890116,4.256914659525157,5,HP,300,645.799416869986,0.0,0.0,,,
,AK,,2040-Hlow,770.6443053146912,3280.56704057369,0.17871987865736136,50.262737250402466,0.0652217072179334,4.256914659525157,5,HP,300,645.799416869986,0.0,0.0,,,
,AK,,2045-Hhigh,770.6443053146912,3280.56704057369,0.17871987865736136,41.614256327745395,0.05399930427144633,4.256914659525157,5,HP,300,645.799416869986,0.0,0.0,,,
,AK,,2045-Hlow,770.6443053146912,3280.56704057369,0.17871987865736136,53.148067194706975,0.06896575609288913,4.256914659525157,5,HP,300,645.799416869986,0.0,0.0,,,
,AK,,2024-Hhigh,801.3942873763864,3410.2406622039807,0.18279826478595648,67.02444222570739,0.08363478911876544,4.2553842920049565,5,HPo,360,775.4730385002765,0.0,0.0,,,
,AK,,2024-Hlow,801.3942873763864,3410.2406622039807,0.1854143965900918,86.51265103261014,0.10795266748885399,4.2553842920049565,5,HPo,360,775.4730385002765,0.0,0.0,,,
,AK,,2025-Hhigh,801.3942873763864,3410.2406622039807,0.1854143965900918,48.45412702922902,0.06046228154165995,4.2553842920049565,5,HPo,360,775.4730385002765,0.0,0.0,,,
,AK,,2025-Hlow,801.3942873763864,3410.2406622039807,0.1854143965900918,64.71951733800876,0.08075864572218032,4.2553842920049565,5,HPo,360,775.4730385002765,0.0,0.0,,,
,AK,,2030-Hhigh,801.3942873763864,3410.2406622039807,0.18636808744177535,37.80481463339942,0.047173800997715176,4.2553842920049565,5,HPo,360,775.4730385002765,0.0,0.0,,,
,AK,,2030-Hlow,801.3942873763864,3410.2406622039807,0.18636808744177535,49.76987184349805,0.06210410109914212,4.2553842920049565,5,HPo,360,775.4730385002765,0.0,0.0,,,
,AK,,2035-Hhigh,801.3942873763864,3410.2406622039807,0.18636808744177535,38.90821396341084,0.048550650505369816,4.2553842920049565,5,HPo,360,775.4730385002765,0.0,0.0,,,
,AK,,2035-Hlow,801.3942873763864,3410.2406622039807,0.18636808744177535,49.50826384010423,0.06177766003571717,4.2553842920049565,5,HPo,360,775.4730385002765,0.0,0.0,,,
,AK,,2040-Hhigh,801.3942873763864,3410.2406622039807,0.18636808744177535,40.47971633183399,0.050511610788188846,4.2553842920049565,5,HPo,360,775.4730385002765,0.0,0.0,,,
,AK,,2040-Hlow,801.3942873763864,3410.2406622039807,0.18636808744177535,52.2856157415239,0.06524330977289236,4.2553842920049565,5,HPo,360,775.4730385002765,0.0,0.0,,,
,AK,,2045-Hhigh,801.3942873763864,3410.2406622039807,0.18636808744177535,43.336424636110834,0.05407628344592536,4.2553842920049565,5,HPo,360,775.4730385002765,0.0,0.0,,,
,AK,,2045-Hlow,801.3942873763864,3410.2406622039807,0.18636808744177535,55.25923702451443,0.06895386939358245,4.2553842920049565,5,HPo,360,775.4730385002765,0.0,0.0,,,
,CH,,2024-Hhigh,829.487123946229,3339.4791632348247,0.19618852657501698,70.60826474607903,0.0851227978201337,4.025956602373136,5,HP,300,704.7115395311207,0.0,0.0,,,
,CH,,2024-Hlow,829.487123946229,3339.4791632348247,0.19658880389603364,90.98618501216122,0.1096896894303803,4.025956602373136,5,HP,300,704.7115395311207,0.0,0.0,,,
,CH,,2025-Hhigh,829.487123946229,3339.4791632348247,0.19658880389603364,51.069990833980015,0.06156815381415203,4.025956602373136,5,HP,300,704.7115395311207,0.0,0.0,,,
,CH,,2025-Hlow,829.487123946229,3339.4791632348247,0.19658880389603364,68.2312263767676,0.08225712540559056,4.025956602373136,5,HP,300,704.7115395311207,0.0,0.0,,,
,CH,,2030-Hhigh,829.487123946229,3339.4791632348247,0.19595855322709152,39.781413234420214,0.04795904853249901,4.025956602373136,5,HP,300,704.7115395311207,0.0,0.0,,,
,CH,,2030-Hlow,829.487123946229,3339.4791632348247,0.19595855322709152,52.442416799855685,0.06322270145721422,4.025956602373136,5,HP,300,704.7115395311207,0.0,0.0,,,
,CH,,2035-Hhigh,829.487123946229,3339.4791632348247,0.19595855322709152,40.84506803821219,0.04924135270948455,4.025956602373136,5,HP,300,704.7115395311207,0.0,0.0,,,
,CH,,2035-Hlow,829.487123946229,3339.4791632348247,0.19595855322709152,51.82597117286542,0.06247953666394104,4.025956602373136,5,HP,300,704.7115395311207,0.0,0.0,,,
,CH,,2040-Hhigh,829.487123946229,3339.4791632348247,0.19595855322709152,42.542274660796046,0.051287444292569664,4.025956602373136,5,HP,300,704.7115395311207,0.0,0.0,,,
,CH,,2040-Hlow,829.487123946229,3339.4791632348247,0.19595855322709152,55.01285787994353,0.0663215332604846,4.025956602373136,5,HP,300,704.7115395311207,0.0,0.0,,,
,CH,,2045-Hhigh,829.487123946229,3339.4791632348247,0.19595855322709152,45.63134090371609,0.0550115120372551,4.025956602373136,5,HP,300,704.7115395311207,0.0,0.0,,,
,CH,,2045-Hlow,829.487123946229,3339.4791632348247,0.19595855322709152,58.304819496097075,0.07029020440813576,4.025956602373136,5,HP,300,704.7115395311207,0.0,0.0,,,
,CH,,2024-Hhigh,865.3280660882153,3481.1073301970373,0.1982359164602451,73.62672138621855,0.08508532690850307,4.022875793147056,5,HPo,360,846.3397064933334,0.0,0.0,,,
,CH,,2024-Hlow,865.3280660882153,3481.1073301970373,0.200555242559327,95.08240170617258,0.10988017774114293,4.022875793147056,5,HPo,360,846.3397064933334,0.0,0.0,,,
,CH,,2025-Hhigh,865.3280660882153,3481.1073301970373,0.200555242559327,53.3103867366501,0.061607139333459925,4.022875793147056,5,HPo,360,846.3397064933334,0.0,0.0,,,
,CH,,2025-Hlow,865.3280660882153,3481.1073301970373,0.200555242559327,71.39193859029571,0.0825027424720299,4.022875793147056,5,HPo,360,846.3397064933334,0.0,0.0,,,
,CH,,2030-Hhigh,865.3280660882153,3481.1073301970373,0.2009147716376592,41.581637930821685,0.04805303278650697,4.022875793147056,5,HPo,360,846.3397064933334,0.0,0.0,,,
,CH,,2030-Hlow,865.3280660882153,3481.1073301970373,0.2009147716376592,54.85763133135414,0.06339518326193029,4.022875793147056,5,HPo,360,846.3397064933334,0.0,0.0,,,
,CH,,2035-Hhigh,865.3280660882153,3481.1073301970373,0.2009147716376592,42.76366386864335,0.04941901868728228,4.022875793147056,5,HPo,360,846.3397064933334,0.0,0.0,,,
,CH,,2035-Hlow,865.3280660882153,3481.1073301970373,0.2009147716376592,54.3041088601856,0.06275551549561043,4.022875793147056,5,HPo,360,846.3397064933334,0.0,0.0,,,
,CH,,2040-Hhigh,865.3280660882153,3481.1073301970373,0.2009147716376592,44.56931906522458,0.05150568993642348,4.022875793147056,5,HPo,360,846.3397064933334,0.0,0.0,,,
,CH,,2040-Hlow,865.3280660882153,3481.1073301970373,0.2009147716376592,57.41818201865077,0.06635423519569202,4.022875793147056,5,HPo,360,846.3397064933334,0.0,0.0,,,
,CH,,2045-Hhigh,865.3280660882153,3481.1073301970373,0.2009147716376592,47.702532168286865,0.05512652835118358,4.022875793147056,5,HPo,360,846.3397064933334,0.0,0.0,,,
,CH,,2045-Hlow,865.3280660882153,3481.1073301970373,0.2009147716376592,60.81655169574165,0.07028149678614694,4.022875793147056,5,HPo,360,846.3397064933334,0.0,0.0,,,
Mass-Nom-Ideal,AK,HYD1000,2024-Hhigh,1562.8617570396486,4990.1,0.6115296872904101,145.17842688565904,0.09289268627357933,3.1929247596743164,3,HYD1000,1000,870.1546917812933,0.0,0.0,6,0.0,0.0
Mass-Nom-Ideal,AK,HYD1000,2024-Hlow,1562.8617570396486,4990.1,0.628407829205888,223.26681615374542,0.14285768728300985,3.1929247596743164,3,HYD1000,1000,870.1546917812933,0.0,0.0,6,0.0,0.0
Mass-Nom-Ideal,AK,HYD1000,2025-Hhigh,1562.8617570396486,4990.1,0.628407829205888,113.77139131397237,0.07279683618945068,3.1929247596743164,3,HYD1000,1000,870.1546917812933,0.0,0.0,6,0.0,0.0
Mass-Nom-Ideal,AK,HYD1000,2025-Hlow,1562.8617570396486,4990.1,0.628407829205888,184.1269891033804,0.11781399619896722,3.1929247596743164,3,HYD1000,1000,870.1546917812933,0.0,0.0,6,0.0,0.0
Mass-Nom-Ideal,AK,HYD1000,2030-Hhigh,1562.8617570396486,4990.1,0.6210302240635565,92.2717293162373,0.059040237500607315,3.1929247596743164,3,HYD1000,1000,870.1546917812933,0.0,0.0,6,0.0,0.0
Mass-Nom-Ideal,AK,HYD1000,2030-Hlow,1562.8617570396486,4990.1,0.6210302240635565,144.37598775978475,0.09237924410746333,3.1929247596743164,3,HYD1000,1000,870.1546917812933,0.0,0.0,6,0.0,0.0
Mass-Nom-Ideal,AK,HYD1000,2035-Hhigh,1562.8617570396486,4990.1,0.6210302240635565,95.07247940048732,0.06083230264753059,3.1929247596743164,3,HYD1000,1000,870.1546917812933,0.0,0.0,6,0.0,0.0
Mass-Nom-Ideal,AK,HYD1000,2035-Hlow,1562.8617570396486,4990.1,0.6210302240635565,135.24887391228737,0.08653924334835215,3.1929247596743164,3,HYD1000,1000,870.1546917812933,0.0,0.0,6,0.0,0.0
Mass-Nom-Ideal,AK,HYD1000,2040-Hhigh,1562.8617570396486,4990.1,0.6210302240635565,103.42631201783283,0.06617751797429705,3.1929247596743164,3,HYD1000,1000,870.1546917812933,0.0,0.0,6,0.0,0.0
Mass-Nom-Ideal,AK,HYD1000,2040-Hlow,1562.8617570396486,4990.1,0.6210302240635565,150.41546248147503,0.09624361323319469,3.1929247596743164,3,HYD1000,1000,870.1546917812933,0.0,0.0,6,0.0,0.0
Mass-Nom-Ideal,AK,HYD1000,2045-Hhigh,1562.8617570396486,4990.1,0.6210302240635565,115.15852381250424,0.07368439549678146,3.1929247596743164,3,HYD1000,1000,870.1546917812933,0.0,0.0,6,0.0,0.0
Mass-Nom-Ideal,AK,HYD1000,2045-Hlow,1562.8617570396486,4990.1,0.6210302240635565,163.03321676386284,0.1043171067623269,3.1929247596743164,3,HYD1000,1000,870.1546917812933,0.0,0.0,6,0.0,0.0
Mass-Nom-Ideal,AK,HYD200,2024-Hhigh,1234.4830383235394,4451.166666666667,0.44965813294188317,115.17571227656188,0.09329874020219309,3.605692851569244,3,HYD200,200,325.63872606977804,233.85808467085883,68.0,11.2,-619.6592306542215,120.0
Mass-Nom-Ideal,AK,HYD200,2024-Hlow,1234.4830383235394,4451.166666666667,0.46758436785214014,182.4095866667755,0.14776192220064244,3.605692851569244,3,HYD200,200,325.63872606977804,233.85808467085883,68.0,11.2,-619.6592306542215,120.0
Mass-Nom-Ideal,AK,HYD200,2025-Hhigh,1234.4830383235394,4451.166666666667,0.46758436785214014,89.97974592088133,0.07288860448263121,3.605692851569244,3,HYD200,200,325.63872606977804,233.85808467085883,68.0,11.2,-619.6592306542215,120.0
Mass-Nom-Ideal,AK,HYD200,2025-Hlow,1234.4830383235394,4451.166666666667,0.46758436785214014,149.72635503063185,0.1212866846951289,3.605692851569244,3,HYD200,200,325.63872606977804,233.85808467085883,68.0,11.2,-619.6592306542215,120.0
Mass-Nom-Ideal,AK,HYD200,2030-Hhigh,1234.4830383235394,4451.166666666667,0.46013327554845346,72.84049095002108,0.05900485360166664,3.605692851569244,3,HYD200,200,325.63872606977804,233.85808467085883,68.0,11.2,-619.6592306542215,120.0
Mass-Nom-Ideal,AK,HYD200,2030-Hlow,1234.4830383235394,4451.166666666667,0.46013327554845346,116.93921049165763,0.09472727195220453,3.605692851569244,3,HYD200,200,325.63872606977804,233.85808467085883,68.0,11.2,-619.6592306542215,120.0
Mass-Nom-Ideal,AK,HYD200,2035-Hhigh,1234.4830383235394,4451.166666666667,0.46013327554845346,75.46306920791842,0.06112928802197174,3.605692851569244,3,HYD200,200,325.63872606977804,233.85808467085883,68.0,11.2,-619.6592306542215,120.0
Mass-Nom-Ideal,AK,HYD200,2035-Hlow,1234.4830383235394,4451.166666666667,0.46013327554845346,109.06161230079253,0.08834597877416046,3.605692851569244,3,HYD200,200,325.63872606977804,233.85808467085883,68.0,11.2,-619.6592306542215,120.0
Mass-Nom-Ideal,AK,HYD200,2040-Hhigh,1234.4830383235394,4451.166666666667,0.46013327554845346,81.99998029006196,0.06642454998929762,3.605692851569244,3,HYD200,200,325.63872606977804,233.85808467085883,68.0,11.2,-619.6592306542215,120.0
Mass-Nom-Ideal,AK,HYD200,2040-Hlow,1234.4830383235394,4451.166666666667,0.46013327554845346,121.3646794312088,0.09831214821389951,3.605692851569244,3,HYD200,200,325.63872606977804,233.85808467085883,68.0,11.2,-619.6592306542215,120.0
Mass-Nom-Ideal,AK,HYD200,2045-Hhigh,1234.4830383235394,4451.166666666667,0.46013327554845346,91.09060847586186,0.0737884650076402,3.605692851569244,3,HYD200,200,325.63872606977804,233.85808467085883,68.0,11.2,-619.6592306542215,120.0
Mass-Nom-Ideal,AK,HYD200,2045-Hlow,1234.4830383235394,4451.166666666667,0.46013327554845346,131.10008749509004,0.10619837083636842,3.605692851569244,3,HYD200,200,325.63872606977804,233.85808467085883,68.0,11.2,-619.6592306542215,120.0
Mass-Nom-Ideal,AK,HYD500,2024-Hhigh,1546.7045424260887,4686.333333333333,0.5977363213079001,143.9060544449763,0.09304042918193799,3.0298826988524707,3,HYD500,500,562.9883907885064,0.0,0.0,8.5,0.0,0.0
Mass-Nom-Ideal,AK,HYD500,2024-Hlow,1546.7045424260887,4686.333333333333,0.6165849256271757,223.22761824400578,0.1443246671364017,3.0298826988524707,3,HYD500,500,562.9883907885064,0.0,0.0,8.5,0.0,0.0
Mass-Nom-Ideal,AK,HYD500,2025-Hhigh,1546.7045424260887,4686.333333333333,0.6165849256271757,112.6732424568112,0.07284729524365216,3.0298826988524707,3,HYD500,500,562.9883907885064,0.0,0.0,8.5,0.0,0.0
Mass-Nom-Ideal,AK,HYD500,2025-Hlow,1546.7045424260887,4686.333333333333,0.6165849256271757,183.669590912402,0.11874898267532494,3.0298826988524707,3,HYD500,500,562.9883907885064,0.0,0.0,8.5,0.0,0.0
Mass-Nom-Ideal,AK,HYD500,2030-Hhigh,1546.7045424260887,4686.333333333333,0.6103774774875456,91.21352345559421,0.05897281669097637,3.0298826988524707,3,HYD500,500,562.9883907885064,0.0,0.0,8.5,0.0,0.0
Mass-Nom-Ideal,AK,HYD500,2030-Hlow,1546.7045424260887,4686.333333333333,0.6103774774875456,143.75840406764758,0.09294496791362289,3.0298826988524707,3,HYD500,500,562.9883907885064,0.0,0.0,8.5,0.0,0.0
Mass-Nom-Ideal,AK,HYD500,2035-Hhigh,1546.7045424260887,4686.333333333333,0.6103774774875456,94.06389418369925,0.06081568367036345,3.0298826988524707,3,HYD500,500,562.9883907885064,0.0,0.0,8.5,0.0,0.0
Mass-Nom-Ideal,AK,HYD500,2035-Hlow,1546.7045424260887,4686.333333333333,0.6103774774875456,134.73942094043335,0.08711387161835535,3.0298826988524707,3,HYD500,500,562.9883907885064,0.0,0.0,8.5,0.0,0.0
Mass-Nom-Ideal,AK,HYD500,2040-Hhigh,1546.7045424260887,4686.333333333333,0.6103774774875456,102.24597370512858,0.06610569174688678,3.0298826988524707,3,HYD500,500,562.9883907885064,0.0,0.0,8.5,0.0,0.0
Mass-Nom-Ideal,AK,HYD500,2040-Hlow,1546.7045424260887,4686.333333333333,0.6103774774875456,149.73146600661445,0.09680676683845038,3.0298826988524707,3,HYD500,500,562.9883907885064,0.0,0.0,8.5,0.0,0.0
Mass-Nom-Ideal,AK,HYD500,2045-Hhigh,1546.7045424260887,4686.333333333333,0.6103774774875456,113.78839805071813,0.07356828335955809,3.0298826988524707,3,HYD500,500,562.9883907885064,0.0,0.0,8.5,0.0,0.0
Mass-Nom-Ideal,AK,HYD500,2045-Hlow,1546.7045424260887,4686.333333333333,0.6103774774875456,161.89451952933948,0.10467061748936178,3.0298826988524707,3,HYD500,500,562.9883907885064,0.0,0.0,8.5,0.0,0.0
Mass-Nom-Ideal,AK,HYD1000,2024-Hhigh,1696.857223014947,5461.8,0.6449179341364599,157.75058410588443,0.09296632737644,3.2187740523599073,4,HYD1000,1000,862.5389031910364,0.0,0.0,6,0.0,0.0
Mass-Nom-Ideal,AK,HYD1000,2024-Hlow,1696.857223014947,5461.8,0.6476637221971759,236.6145996537032,0.13944284554082306,3.2187740523599073,4,HYD1000,1000,862.5389031910364,0.0,0.0,6,0.0,0.0
Mass-Nom-Ideal,AK,HYD1000,2025-Hhigh,1696.857223014947,5461.8,0.6476637221971759,122.10091218652931,0.07195709251812152,3.2187740523599073,4,HYD1000,1000,862.5389031910364,0.0,0.0,6,0.0,0.0
Mass-Nom-Ideal,AK,HYD1000,2025-Hlow,1696.857223014947,5461.8,0.6476637221971759,194.22376756624388,0.1144608779878076,3.2187740523599073,4,HYD1000,1000,862.5389031910364,0.0,0.0,6,0.0,0.0
Mass-Nom-Ideal,AK,HYD1000,2030-Hhigh,1696.857223014947,5461.8,0.6403209744419467,98.71448808212912,0.058174893410734285,3.2187740523599073,4,HYD1000,1000,862.5389031910364,0.0,0.0,6,0.0,0.0
Mass-Nom-Ideal,AK,HYD1000,2030-Hlow,1696.857223014947,5461.8,0.6403209744419467,152.22910802040923,0.08971238472847536,3.2187740523599073,4,HYD1000,1000,862.5389031910364,0.0,0.0,6,0.0,0.0
Mass-Nom-Ideal,AK,HYD1000,2035-Hhigh,1696.857223014947,5461.8,0.6403209744419467,101.76251064037262,0.05997116861698165,3.2187740523599073,4,HYD1000,1000,862.5389031910364,0.0,0.0,6,0.0,0.0
Mass-Nom-Ideal,AK,HYD1000,2035-Hlow,1696.857223014947,5461.8,0.6403209744419467,142.87773193969963,0.0842013871301658,3.2187740523599073,4,HYD1000,1000,862.5389031910364,0.0,0.0,6,0.0,0.0
Mass-Nom-Ideal,AK,HYD1000,2040-Hhigh,1696.857223014947,5461.8,0.6403209744419467,110.14914830358248,0.06491362196512405,3.2187740523599073,4,HYD1000,1000,862.5389031910364,0.0,0.0,6,0.0,0.0
Mass-Nom-Ideal,AK,HYD1000,2040-Hlow,1696.857223014947,5461.8,0.6403209744419467,157.83835437277202,0.09301805256916519,3.2187740523599073,4,HYD1000,1000,862.5389031910364,0.0,0.0,6,0.0,0.0
Mass-Nom-Ideal,AK,HYD1000,2045-Hhigh,1696.857223014947,5461.8,0.6403209744419467,122.56279407663958,0.07222929095877147,3.2187740523599073,4,HYD1000,1000,862.5389031910364,0.0,0.0,6,0.0,0.0
Mass-Nom-Ideal,AK,HYD1000,2045-Hlow,1696.857223014947,5461.8,0.6403209744419467,171.54541798964547,0.10109596474171616,3.2187740523599073,4,HYD1000,1000,862.5389031910364,0.0,0.0,6,0.0,0.0
Mass-Nom-Ideal,AK,HYD200,2024-Hhigh,1348.8804456713083,4928.666666666666,0.45360546918635675,125.85705720974778,0.09330482743199044,3.653894370315211,4,HYD200,200,324.2596470734102,671.8547741904111,112.0,11.2,-366.855405150261,103.0
Mass-Nom-Ideal,AK,HYD200,2024-Hlow,1348.8804456713083,4928.666666666666,0.45478960896894727,193.6943020806128,0.14359634517810463,3.653894370315211,4,HYD200,200,324.2596470734102,671.8547741904111,112.0,11.2,-366.855405150261,103.0
Mass-Nom-Ideal,AK,HYD200,2025-Hhigh,1348.8804456713083,4928.666666666666,0.45478960896894727,96.58337266055577,0.07160261902417032,3.653894370315211,4,HYD200,200,324.2596470734102,671.8547741904111,112.0,11.2,-366.855405150261,103.0
Mass-Nom-Ideal,AK,HYD200,2025-Hlow,1348.8804456713083,4928.666666666666,0.45478960896894727,157.94475945400544,0.11709322346607211,3.653894370315211,4,HYD200,200,324.2596470734102,671.8547741904111,112.0,11.2,-366.855405150261,103.0
Mass-Nom-Ideal,AK,HYD200,2030-Hhigh,1348.8804456713083,4928.666666666666,0.44725046610317754,77.82504347085789,0.05769602763581176,3.653894370315211,4,HYD200,200,324.2596470734102,671.8547741904111,112.0,11.2,-366.855405150261,103.0
Mass-Nom-Ideal,AK,HYD200,2030-Hlow,1348.8804456713083,4928.666666666666,0.44725046610317754,123.19879166084141,0.09133410752316753,3.653894370315211,4,HYD200,200,324.2596470734102,671.8547741904111,112.0,11.2,-366.855405150261,103.0
Mass-Nom-Ideal,AK,HYD200,2035-Hhigh,1348.8804456713083,4928.666666666666,0.44725046610317754,80.80499527692305,0.0599052314356208,3.653894370315211,4,HYD200,200,324.2596470734102,671.8547741904111,112.0,11.2,-366.855405150261,103.0
Mass-Nom-Ideal,AK,HYD200,2035-Hlow,1348.8804456713083,4928.666666666666,0.44725046610317754,114.97948137967961,0.08524067625760327,3.653894370315211,4,HYD200,200,324.2596470734102,671.8547741904111,112.0,11.2,-366.855405150261,103.0
Mass-Nom-Ideal,AK,HYD200,2040-Hhigh,1348.8804456713083,4928.666666666666,0.44725046610317754,87.0943755621712,0.06456789839430598,3.653894370315211,4,HYD200,200,324.2596470734102,671.8547741904111,112.0,11.2,-366.855405150261,103.0
Mass-Nom-Ideal,AK,HYD200,2040-Hlow,1348.8804456713083,4928.666666666666,0.44725046610317754,126.72979349522774,0.09395183531788623,3.653894370315211,4,HYD200,200,324.2596470734102,671.8547741904111,112.0,11.2,-366.855405150261,103.0
Mass-Nom-Ideal,AK,HYD200,2045-Hhigh,1348.8804456713083,4928.666666666666,0.44725046610317754,96.64460142455363,0.07164801130796712,3.653894370315211,4,HYD200,200,324.2596470734102,671.8547741904111,112.0,11.2,-366.855405150261,103.0
Mass-Nom-Ideal,AK,HYD200,2045-Hlow,1348.8804456713083,4928.666666666666,0.44725046610317754,137.52168618908627,0.10195246482400057,3.653894370315211,4,HYD200,200,324.2596470734102,671.8547741904111,112.0,11.2,-366.855405150261,103.0
Mass-Nom-Ideal,AK,HYD500,2024-Hhigh,1688.292445324438,5161.625,0.6153818147679083,157.13734967662398,0.0930747218065215,3.057305038765422,4,HYD500,500,558.9316704024922,0.0,0.0,8.5,0.0,0.0
Mass-Nom-Ideal,AK,HYD500,2024-Hlow,1688.292445324438,5161.625,0.6198157754836607,237.19042613395828,0.14049131522849265,3.057305038765422,4,HYD500,500,558.9316704024922,0.0,0.0,8.5,0.0,0.0
Mass-Nom-Ideal,AK,HYD500,2025-Hhigh,1688.292445324438,5161.625,0.6198157754836607,121.14100899450389,0.07175356931199459,3.057305038765422,4,HYD500,500,558.9316704024922,0.0,0.0,8.5,0.0,0.0
Mass-Nom-Ideal,AK,HYD500,2025-Hlow,1688.292445324438,5161.625,0.6198157754836607,193.9612337553831,0.11488604020739411,3.057305038765422,4,HYD500,500,558.9316704024922,0.0,0.0,8.5,0.0,0.0
Mass-Nom-Ideal,AK,HYD500,2030-Hhigh,1688.292445324438,5161.625,0.6102836761807091,97.68491868039173,0.05786018823392868,3.057305038765422,4,HYD500,500,558.9316704024922,0.0,0.0,8.5,0.0,0.0
Mass-Nom-Ideal,AK,HYD500,2030-Hlow,1688.292445324438,5161.625,0.6102836761807091,151.66016602399776,0.08983050682007485,3.057305038765422,4,HYD500,500,558.9316704024922,0.0,0.0,8.5,0.0,0.0
Mass-Nom-Ideal,AK,HYD500,2035-Hhigh,1688.292445324438,5161.625,0.6102836761807091,100.88168326143892,0.05975367806734014,3.057305038765422,4,HYD500,500,558.9316704024922,0.0,0.0,8.5,0.0,0.0
Mass-Nom-Ideal,AK,HYD500,2035-Hlow,1688.292445324438,5161.625,0.6102836761807091,142.2988871158239,0.08428568611433811,3.057305038765422,4,HYD500,500,558.9316704024922,0.0,0.0,8.5,0.0,0.0
Mass-Nom-Ideal,AK,HYD500,2040-Hhigh,1688.292445324438,5161.625,0.6102836761807091,108.92750821080128,0.06451933639368312,3.057305038765422,4,HYD500,500,558.9316704024922,0.0,0.0,8.5,0.0,0.0
Mass-Nom-Ideal,AK,HYD500,2040-Hlow,1688.292445324438,5161.625,0.6102836761807091,156.81606975922375,0.09288442307108027,3.057305038765422,4,HYD500,500,558.9316704024922,0.0,0.0,8.5,0.0,0.0
Mass-Nom-Ideal,AK,HYD500,2045-Hhigh,1688.292445324438,5161.625,0.6102836761807091,121.04481048851554,0.07169658954746697,3.057305038765422,4,HYD500,500,558.9316704024922,0.0,0.0,8.5,0.0,0.0
Mass-Nom-Ideal,AK,HYD500,2045-Hlow,1688.292445324438,5161.625,0.6102836761807091,170.2474198183676,0.10084000570508463,3.057305038765422,4,HYD500,500,558.9316704024922,0.0,0.0,8.5,0.0,0.0
Mass-Nom-Ideal,AK,HYD1000,2024-Hhigh,1837.4673096845715,5936.299999999999,0.7158023733446253,170.17419628055592,0.09261345515298927,3.2306969319737466,5,HYD1000,1000,858.6643721586316,0.0,0.0,6,0.0,0.0
Mass-Nom-Ideal,AK,HYD1000,2024-Hlow,1837.4673096845715,5936.299999999999,0.723913911903587,252.37877045474892,0.13735143429467242,3.2306969319737466,5,HYD1000,1000,858.6643721586316,0.0,0.0,6,0.0,0.0
Mass-Nom-Ideal,AK,HYD1000,2025-Hhigh,1837.4673096845715,5936.299999999999,0.723913911903587,131.6857115897595,0.0716669683839792,3.2306969319737466,5,HYD1000,1000,858.6643721586316,0.0,0.0,6,0.0,0.0
Mass-Nom-Ideal,AK,HYD1000,2025-Hlow,1837.4673096845715,5936.299999999999,0.723913911903587,205.84175408160354,0.11202471630199469,3.2306969319737466,5,HYD1000,1000,858.6643721586316,0.0,0.0,6,0.0,0.0
Mass-Nom-Ideal,AK,HYD1000,2030-Hhigh,1837.4673096845715,5936.299999999999,0.7155072613031385,106.42242760465135,0.0579179978025951,3.2306969319737466,5,HYD1000,1000,858.6643721586316,0.0,0.0,6,0.0,0.0
Mass-Nom-Ideal,AK,HYD1000,2030-Hlow,1837.4673096845715,5936.299999999999,0.7155072613031385,161.3254419927419,0.08779772088594914,3.2306969319737466,5,HYD1000,1000,858.6643721586316,0.0,0.0,6,0.0,0.0
Mass-Nom-Ideal,AK,HYD1000,2035-Hhigh,1837.4673096845715,5936.299999999999,0.7155072613031385,109.43410827962808,0.05955703685330547,3.2306969319737466,5,HYD1000,1000,858.6643721586316,0.0,0.0,6,0.0,0.0
Mass-Nom-Ideal,AK,HYD1000,2035-Hlow,1837.4673096845715,5936.299999999999,0.7155072613031385,151.87746370975177,0.08265587252043345,3.2306969319737466,5,HYD1000,1000,858.6643721586316,0.0,0.0,6,0.0,0.0
Mass-Nom-Ideal,AK,HYD1000,2040-Hhigh,1837.4673096845715,5936.299999999999,0.7155072613031385,118.28866459948247,0.06437592874497913,3.2306969319737466,5,HYD1000,1000,858.6643721586316,0.0,0.0,6,0.0,0.0
Mass-Nom-Ideal,AK,HYD1000,2040-Hlow,1837.4673096845715,5936.299999999999,0.7155072613031385,168.47809123898136,0.0916903883682715,3.2306969319737466,5,HYD1000,1000,858.6643721586316,0.0,0.0,6,0.0,0.0
Mass-Nom-Ideal,AK,HYD1000,2045-Hhigh,1837.4673096845715,5936.299999999999,0.7155072613031385,131.23569998806752,0.07142205975386635,3.2306969319737466,5,HYD1000,1000,858.6643721586316,0.0,0.0,6,0.0,0.0
Mass-Nom-Ideal,AK,HYD1000,2045-Hlow,1837.4673096845715,5936.299999999999,0.7155072613031385,182.34158734534867,0.09923528238260211,3.2306969319737466,5,HYD1000,1000,858.6643721586316,0.0,0.0,6,0.0,0.0
Mass-Nom-Ideal,AK,HYD200,2024-Hhigh,1469.4371049643453,5407.166666666667,0.5552086086043947,136.12583091964336,0.09263807920717121,3.6797537290974205,5,HYD200,200,323.3005820915793,715.2944487895585,130.0,11.2,-600.1602284036373,162.0
Mass-Nom-Ideal,AK,HYD200,2024-Hlow,1469.4371049643453,5407.166666666667,0.5593417400645367,207.42665660602123,0.14116062259844342,3.6797537290974205,5,HYD200,200,323.3005820915793,715.2944487895585,130.0,11.2,-600.1602284036373,162.0
Mass-Nom-Ideal,AK,HYD200,2025-Hhigh,1469.4371049643453,5407.166666666667,0.5593417400645367,104.34351080613469,0.07100917109934181,3.6797537290974205,5,HYD200,200,323.3005820915793,715.2944487895585,130.0,11.2,-600.1602284036373,162.0
Mass-Nom-Ideal,AK,HYD200,2025-Hlow,1469.4371049643453,5407.166666666667,0.5593417400645367,167.83614781051443,0.11421798676751588,3.6797537290974205,5,HYD200,200,323.3005820915793,715.2944487895585,130.0,11.2,-600.1602284036373,162.0
Mass-Nom-Ideal,AK,HYD200,2030-Hhigh,1469.4371049643453,5407.166666666667,0.5472086710296387,84.00476369903257,0.05716798862314755,3.6797537290974205,5,HYD200,200,323.3005820915793,715.2944487895585,130.0,11.2,-600.1602284036373,162.0
Mass-Nom-Ideal,AK,HYD200,2030-Hlow,1469.4371049643453,5407.166666666667,0.5472086710296387,130.65940781448504,0.0889179995340157,3.6797537290974205,5,HYD200,200,323.3005820915793,715.2944487895585,130.0,11.2,-600.1602284036373,162.0
Mass-Nom-Ideal,AK,HYD200,2035-Hhigh,1469.4371049643453,5407.166666666667,0.5472086710296387,87.03078293409462,0.05922729366236219,3.6797537290974205,5,HYD200,200,323.3005820915793,715.2944487895585,130.0,11.2,-600.1602284036373,162.0
Mass-Nom-Ideal,AK,HYD200,2035-Hlow,1469.4371049643453,5407.166666666667,0.5472086710296387,122.39402518487435,0.0832931363794874,3.6797537290974205,5,HYD200,200,323.3005820915793,715.2944487895585,130.0,11.2,-600.1602284036373,162.0
Mass-Nom-Ideal,AK,HYD200,2040-Hhigh,1469.4371049643453,5407.166666666667,0.5472086710296387,93.80117085239701,0.06383476403004879,3.6797537290974205,5,HYD200,200,323.3005820915793,715.2944487895585,130.0,11.2,-600.1602284036373,162.0
Mass-Nom-Ideal,AK,HYD200,2040-Hlow,1469.4371049643453,5407.166666666667,0.5472086710296387,135.51945583215505,0.09222542113188527,3.6797537290974205,5,HYD200,200,323.3005820915793,715.2944487895585,130.0,11.2,-600.1602284036373,162.0
Mass-Nom-Ideal,AK,HYD200,2045-Hhigh,1469.4371049643453,5407.166666666667,0.5472086710296387,103.66676574271104,0.07054862395435865,3.6797537290974205,5,HYD200,200,323.3005820915793,715.2944487895585,130.0,11.2,-600.1602284036373,162.0
Mass-Nom-Ideal,AK,HYD200,2045-Hlow,1469.4371049643453,5407.166666666667,0.5472086710296387,146.3072857065778,0.09956689211963776,3.6797537290974205,5,HYD200,200,323.3005820915793,715.2944487895585,130.0,11.2,-600.1602284036373,162.0
Mass-Nom-Ideal,AK,HYD500,2024-Hhigh,1836.2289937668324,5638.475,0.7279296906884416,169.76750851743012,0.09245443193289839,3.070681826253738,5,HYD500,500,556.965916420662,0.0,0.0,8.5,0.0,0.0
Mass-Nom-Ideal,AK,HYD500,2024-Hlow,1836.2289937668324,5638.475,0.7322046854818706,253.68823358515422,0.13815718760912235,3.070681826253738,5,HYD500,500,556.965916420662,0.0,0.0,8.5,0.0,0.0
Mass-Nom-Ideal,AK,HYD500,2025-Hhigh,1836.2289937668324,5638.475,0.7322046854818706,130.68523029628165,0.07117044265170572,3.070681826253738,5,HYD500,500,556.965916420662,0.0,0.0,8.5,0.0,0.0
Mass-Nom-Ideal,AK,HYD500,2025-Hlow,1836.2289937668324,5638.475,0.7322046854818706,205.88759749166957,0.11212522958223888,3.070681826253738,5,HYD500,500,556.965916420662,0.0,0.0,8.5,0.0,0.0
Mass-Nom-Ideal,AK,HYD500,2030-Hhigh,1836.2289937668324,5638.475,0.7211483400306996,105.31289140390834,0.0573528093507934,3.070681826253738,5,HYD500,500,556.965916420662,0.0,0.0,8.5,0.0,0.0
Mass-Nom-Ideal,AK,HYD500,2030-Hlow,1836.2289937668324,5638.475,0.7211483400306996,160.77442266662536,0.0875568478726683,3.070681826253738,5,HYD500,500,556.965916420662,0.0,0.0,8.5,0.0,0.0
Mass-Nom-Ideal,AK,HYD500,2035-Hhigh,1836.2289937668324,5638.475,0.7211483400306996,108.59449149493993,0.05913995033493597,3.070681826253738,5,HYD500,500,556.965916420662,0.0,0.0,8.5,0.0,0.0
Mass-Nom-Ideal,AK,HYD500,2035-Hlow,1836.2289937668324,5638.475,0.7211483400306996,151.44972952083342,0.08247867234148726,3.070681826253738,5,HYD500,500,556.965916420662,0.0,0.0,8.5,0.0,0.0
Mass-Nom-Ideal,AK,HYD500,2040-Hhigh,1836.2289937668324,5638.475,0.7211483400306996,117.1374451161819,0.06379239491033557,3.070681826253738,5,HYD500,500,556.965916420662,0.0,0.0,8.5,0.0,0.0
Mass-Nom-Ideal,AK,HYD500,2040-Hlow,1836.2289937668324,5638.475,0.7211483400306996,167.41878632773168,0.09117533101592601,3.070681826253738,5,HYD500,500,556.965916420662,0.0,0.0,8.5,0.0,0.0
Mass-Nom-Ideal,AK,HYD500,2045-Hhigh,1836.2289937668324,5638.475,0.7211483400306996,129.66684688158145,0.07061583676204972,3.070681826253738,5,HYD500,500,556.965916420662,0.0,0.0,8.5,0.0,0.0
Mass-Nom-Ideal,AK,HYD500,2045-Hlow,1836.2289937668324,5638.475,0.7211483400306996,180.81697956271987,0.09847191182391292,3.070681826253738,5,HYD500,500,556.965916420662,0.0,0.0,8.5,0.0,0.0
Mass-Nom-Ideal,CH,HYD1000,2024-Hhigh,3363.2895194157263,9409.754133333332,1.1871470899462673,340.9000364352304,0.10135911121158903,2.7977829678391775,3,HYD1000,1000,984.7122305193888,0.0,0.0,11.2,0.0,0.0
Mass-Nom-Ideal,CH,HYD1000,2024-Hlow,3363.2895194157263,9409.754133333332,1.2036648777464207,506.6771498334258,0.15064928157640328,2.7977829678391775,3,HYD1000,1000,984.7122305193888,0.0,0.0,11.2,0.0,0.0
Mass-Nom-Ideal,CH,HYD1000,2025-Hhigh,3363.2895194157263,9409.754133333332,1.2036648777464207,268.41763627005884,0.07980806728666302,2.7977829678391775,3,HYD1000,1000,984.7122305193888,0.0,0.0,11.2,0.0,0.0
Mass-Nom-Ideal,CH,HYD1000,2025-Hlow,3363.2895194157263,9409.754133333332,1.2036648777464207,415.25198897225494,0.12346602532284907,2.7977829678391775,3,HYD1000,1000,984.7122305193888,0.0,0.0,11.2,0.0,0.0
Mass-Nom-Ideal,CH,HYD1000,2030-Hhigh,3363.2895194157263,9409.754133333332,1.148715395013496,215.29403554230686,0.06401293563918575,2.7977829678391775,3,HYD1000,1000,984.7122305193888,0.0,0.0,11.2,0.0,0.0
Mass-Nom-Ideal,CH,HYD1000,2030-Hlow,3363.2895194157263,9409.754133333332,1.148715395013496,323.33384210892075,0.09613619054867766,2.7977829678391775,3,HYD1000,1000,984.7122305193888,0.0,0.0,11.2,0.0,0.0
Mass-Nom-Ideal,CH,HYD1000,2035-Hhigh,3363.2895194157263,9409.754133333332,1.148715395013496,221.21017534019055,0.06577196939578944,2.7977829678391775,3,HYD1000,1000,984.7122305193888,0.0,0.0,11.2,0.0,0.0
Mass-Nom-Ideal,CH,HYD1000,2035-Hlow,3363.2895194157263,9409.754133333332,1.148715395013496,302.1277271651091,0.08983101972666183,2.7977829678391775,3,HYD1000,1000,984.7122305193888,0.0,0.0,11.2,0.0,0.0
Mass-Nom-Ideal,CH,HYD1000,2040-Hhigh,3363.2895194157263,9409.754133333332,1.148715395013496,238.68680145945075,0.07096825892672946,2.7977829678391775,3,HYD1000,1000,984.7122305193888,0.0,0.0,11.2,0.0,0.0
Mass-Nom-Ideal,CH,HYD1000,2040-Hlow,3363.2895194157263,9409.754133333332,1.148715395013496,329.38301443350576,0.09793477859459643,2.7977829678391775,3,HYD1000,1000,984.7122305193888,0.0,0.0,11.2,0.0,0.0
Mass-Nom-Ideal,CH,HYD1000,2045-Hhigh,3363.2895194157263,9409.754133333332,1.148715395013496,262.64069947967675,0.07809042247582151,2.7977829678391775,3,HYD1000,1000,984.7122305193888,0.0,0.0,11.2,0.0,0.0
Mass-Nom-Ideal,CH,HYD1000,2045-Hlow,3363.2895194157263,9409.754133333332,1.148715395013496,356.78234135743713,0.10608136447896929,2.7977829678391775,3,HYD1000,1000,984.7122305193888,0.0,0.0,11.2,0.0,0.0
Mass-Nom-Ideal,CH,HYD200,2024-Hhigh,3088.9024495713707,8801.8,1.0771865389476825,310.915560904664,0.10065567494622822,2.84949108743184,3,HYD200,200,371.0684792356438,16.50821799855913,11.0,14,-253.32409547442234,74.0
Mass-Nom-Ideal,CH,HYD200,2024-Hlow,3088.9024495713707,8801.8,1.1050386127464396,463.18722920793243,0.14995204179148042,2.84949108743184,3,HYD200,200,371.0684792356438,16.50821799855913,11.0,14,-253.32409547442234,74.0
Mass-Nom-Ideal,CH,HYD200,2025-Hhigh,3088.9024495713707,8801.8,1.1050386127464396,243.4678922474523,0.07882019462325104,2.84949108743184,3,HYD200,200,371.0684792356438,16.50821799855913,11.0,14,-253.32409547442234,74.0
Mass-Nom-Ideal,CH,HYD200,2025-Hlow,3088.9024495713707,8801.8,1.1050386127464396,377.63957700288205,0.12225688028940018,2.84949108743184,3,HYD200,200,371.0684792356438,16.50821799855913,11.0,14,-253.32409547442234,74.0
Mass-Nom-Ideal,CH,HYD200,2030-Hhigh,3088.9024495713707,8801.8,1.0592620769168244,194.80370587899714,0.06306567107874479,2.84949108743184,3,HYD200,200,371.0684792356438,16.50821799855913,11.0,14,-253.32409547442234,74.0
Mass-Nom-Ideal,CH,HYD200,2030-Hlow,3088.9024495713707,8801.8,1.0592620769168244,293.57681557888657,0.09504243671392877,2.84949108743184,3,HYD200,200,371.0684792356438,16.50821799855913,11.0,14,-253.32409547442234,74.0
Mass-Nom-Ideal,CH,HYD200,2035-Hhigh,3088.9024495713707,8801.8,1.0592620769168244,200.1798654563714,0.06480614675421337,2.84949108743184,3,HYD200,200,371.0684792356438,16.50821799855913,11.0,14,-253.32409547442234,74.0
Mass-Nom-Ideal,CH,HYD200,2035-Hlow,3088.9024495713707,8801.8,1.0592620769168244,275.3956968584952,0.08915648886765923,2.84949108743184,3,HYD200,200,371.0684792356438,16.50821799855913,11.0,14,-253.32409547442234,74.0
Mass-Nom-Ideal,CH,HYD200,2040-Hhigh,3088.9024495713707,8801.8,1.0592620769168244,215.7370194202999,0.06984261333673276,2.84949108743184,3,HYD200,200,371.0684792356438,16.50821799855913,11.0,14,-253.32409547442234,74.0
Mass-Nom-Ideal,CH,HYD200,2040-Hlow,3088.9024495713707,8801.8,1.0592620769168244,299.4333082563604,0.09693841522833169,2.84949108743184,3,HYD200,200,371.0684792356438,16.50821799855913,11.0,14,-253.32409547442234,74.0
Mass-Nom-Ideal,CH,HYD200,2045-Hhigh,3088.9024495713707,8801.8,1.0592620769168244,237.07478127292242,0.07675049152355716,2.84949108743184,3,HYD200,200,371.0684792356438,16.50821799855913,11.0,14,-253.32409547442234,74.0
Mass-Nom-Ideal,CH,HYD200,2045-Hlow,3088.9024495713707,8801.8,1.0592620769168244,323.11495513339474,0.10460510178242488,2.84949108743184,3,HYD200,200,371.0684792356438,16.50821799855913,11.0,14,-253.32409547442234,74.0
Mass-Nom-Ideal,CH,HYD500,2024-Hhigh,3185.777836914883,9068.266666666666,1.117497989670726,320.1571616349354,0.1004957589713715,2.846484322161147,3,HYD500,500,639.6661564973243,0.0,0.0,14,0.0,0.0
Mass-Nom-Ideal,CH,HYD500,2024-Hlow,3185.777836914883,9068.266666666666,1.1422395053465106,475.3350710776315,0.14920534180686856,2.846484322161147,3,HYD500,500,639.6661564973243,0.0,0.0,14,0.0,0.0
Mass-Nom-Ideal,CH,HYD500,2025-Hhigh,3185.777836914883,9068.266666666666,1.1422395053465106,251.4326740105361,0.07892348019283864,2.846484322161147,3,HYD500,500,639.6661564973243,0.0,0.0,14,0.0,0.0
Mass-Nom-Ideal,CH,HYD500,2025-Hlow,3185.777836914883,9068.266666666666,1.1422395053465106,388.305420704418,0.12188716243956739,2.846484322161147,3,HYD500,500,639.6661564973243,0.0,0.0,14,0.0,0.0
Mass-Nom-Ideal,CH,HYD500,2030-Hhigh,3185.777836914883,9068.266666666666,1.0995735276398677,201.37893407162906,0.06321185731728395,2.846484322161147,3,HYD500,500,639.6661564973243,0.0,0.0,14,0.0,0.0
Mass-Nom-Ideal,CH,HYD500,2030-Hlow,3185.777836914883,9068.266666666666,1.0995735276398677,302.1507010013389,0.09484361950798885,2.846484322161147,3,HYD500,500,639.6661564973243,0.0,0.0,14,0.0,0.0
Mass-Nom-Ideal,CH,HYD500,2035-Hhigh,3185.777836914883,9068.266666666666,1.0995735276398677,206.7397261904711,0.06489458360683382,2.846484322161147,3,HYD500,500,639.6661564973243,0.0,0.0,14,0.0,0.0
Mass-Nom-Ideal,CH,HYD500,2035-Hlow,3185.777836914883,9068.266666666666,1.0995735276398677,283.5833113060829,0.08901540716998202,2.846484322161147,3,HYD500,500,639.6661564973243,0.0,0.0,14,0.0,0.0
Mass-Nom-Ideal,CH,HYD500,2040-Hhigh,3185.777836914883,9068.266666666666,1.0995735276398677,223.01239955038142,0.07000249576924275,2.846484322161147,3,HYD500,500,639.6661564973243,0.0,0.0,14,0.0,0.0
Mass-Nom-Ideal,CH,HYD500,2040-Hlow,3185.777836914883,9068.266666666666,1.0995735276398677,308.418937834326,0.09681118823181965,2.846484322161147,3,HYD500,500,639.6661564973243,0.0,0.0,14,0.0,0.0
Mass-Nom-Ideal,CH,HYD500,2045-Hhigh,3185.777836914883,9068.266666666666,1.0995735276398677,245.32004809018005,0.07700475696941526,2.846484322161147,3,HYD500,500,639.6661564973243,0.0,0.0,14,0.0,0.0
Mass-Nom-Ideal,CH,HYD500,2045-Hlow,3185.777836914883,9068.266666666666,1.0995735276398677,333.19435270618857,0.10458806915075251,2.846484322161147,3,HYD500,500,639.6661564973243,0.0,0.0,14,0.0,0.0
Mass-Nom-Ideal,CH,HYD1000,2024-Hhigh,3500.145909548877,9885.106866666667,1.216490034826773,354.2782376310356,0.10121813398250515,2.824198511181703,4,HYD1000,1000,980.6926152532367,0.0,0.0,11.2,0.0,0.0
Mass-Nom-Ideal,CH,HYD1000,2024-Hlow,3500.145909548877,9885.106866666667,1.2135030523237418,521.2052547733955,0.1489095792696745,2.824198511181703,4,HYD1000,1000,980.6926152532367,0.0,0.0,11.2,0.0,0.0
Mass-Nom-Ideal,CH,HYD1000,2025-Hhigh,3500.145909548877,9885.106866666667,1.2135030523237418,277.47661292630556,0.0792757273830532,2.824198511181703,4,HYD1000,1000,980.6926152532367,0.0,0.0,11.2,0.0,0.0
Mass-Nom-Ideal,CH,HYD1000,2025-Hlow,3500.145909548877,9885.106866666667,1.2135030523237418,426.3117718730666,0.12179828581146568,2.824198511181703,4,HYD1000,1000,980.6926152532367,0.0,0.0,11.2,0.0,0.0
Mass-Nom-Ideal,CH,HYD1000,2030-Hhigh,3500.145909548877,9885.106866666667,1.1578994833831664,222.2780795347839,0.0635053752840357,2.824198511181703,4,HYD1000,1000,980.6926152532367,0.0,0.0,11.2,0.0,0.0
Mass-Nom-Ideal,CH,HYD1000,2030-Hlow,3500.145909548877,9885.106866666667,1.1578994833831664,331.9108782169742,0.09482772627034658,2.824198511181703,4,HYD1000,1000,980.6926152532367,0.0,0.0,11.2,0.0,0.0
Mass-Nom-Ideal,CH,HYD1000,2035-Hhigh,3500.145909548877,9885.106866666667,1.1578994833831664,228.43493171123498,0.06526440257477073,2.824198511181703,4,HYD1000,1000,980.6926152532367,0.0,0.0,11.2,0.0,0.0
Mass-Nom-Ideal,CH,HYD1000,2035-Hlow,3500.145909548877,9885.106866666667,1.1578994833831664,310.49212529272046,0.08870833768548203,2.824198511181703,4,HYD1000,1000,980.6926152532367,0.0,0.0,11.2,0.0,0.0
Mass-Nom-Ideal,CH,HYD1000,2040-Hhigh,3500.145909548877,9885.106866666667,1.1578994833831664,245.9167583971259,0.07025900198224061,2.824198511181703,4,HYD1000,1000,980.6926152532367,0.0,0.0,11.2,0.0,0.0
Mass-Nom-Ideal,CH,HYD1000,2040-Hlow,3500.145909548877,9885.106866666667,1.1578994833831664,337.43989445602654,0.09640737934251378,2.824198511181703,4,HYD1000,1000,980.6926152532367,0.0,0.0,11.2,0.0,0.0
Mass-Nom-Ideal,CH,HYD1000,2045-Hhigh,3500.145909548877,9885.106866666667,1.1578994833831664,270.69586993137153,0.07733845300359513,2.824198511181703,4,HYD1000,1000,980.6926152532367,0.0,0.0,11.2,0.0,0.0
Mass-Nom-Ideal,CH,HYD1000,2045-Hlow,3500.145909548877,9885.106866666667,1.1578994833831664,366.136427494524,0.1046060469923993,2.824198511181703,4,HYD1000,1000,980.6926152532367,0.0,0.0,11.2,0.0,0.0
Mass-Nom-Ideal,CH,HYD200,2024-Hhigh,3228.0673812292894,9280.366666666667,1.082391949770582,324.1061152164079,0.1004025247741217,2.8748986841571393,4,HYD200,200,370.35019874798763,34.46732806080165,22.0,14,-220.88427196417825,86.0
Mass-Nom-Ideal,CH,HYD200,2024-Hlow,3228.0673812292894,9280.366666666667,1.0841628283631564,477.25879636930983,0.1478466029378741,2.8748986841571393,4,HYD200,200,370.35019874798763,34.46732806080165,22.0,14,-220.88427196417825,86.0
Mass-Nom-Ideal,CH,HYD200,2025-Hhigh,3228.0673812292894,9280.366666666667,1.0841628283631564,251.74551009923024,0.0779864483508279,2.8748986841571393,4,HYD200,200,370.35019874798763,34.46732806080165,22.0,14,-220.88427196417825,86.0
Mass-Nom-Ideal,CH,HYD200,2025-Hlow,3228.0673812292894,9280.366666666667,1.0841628283631564,387.78620566459466,0.12012952639077834,2.8748986841571393,4,HYD200,200,370.35019874798763,34.46732806080165,22.0,14,-220.88427196417825,86.0
Mass-Nom-Ideal,CH,HYD200,2030-Hhigh,3228.0673812292894,9280.366666666667,1.035275734410569,201.05014790626433,0.06228189320809712,2.8748986841571393,4,HYD200,200,370.35019874798763,34.46732806080165,22.0,14,-220.88427196417825,86.0
Mass-Nom-Ideal,CH,HYD200,2030-Hlow,3228.0673812292894,9280.366666666667,1.035275734410569,301.33581360553245,0.09334867523452374,2.8748986841571393,4,HYD200,200,370.35019874798763,34.46732806080165,22.0,14,-220.88427196417825,86.0
Mass-Nom-Ideal,CH,HYD200,2035-Hhigh,3228.0673812292894,9280.366666666667,1.035275734410569,206.78622665629015,0.06405883218507766,2.8748986841571393,4,HYD200,200,370.35019874798763,34.46732806080165,22.0,14,-220.88427196417825,86.0
Mass-Nom-Ideal,CH,HYD200,2035-Hlow,3228.0673812292894,9280.366666666667,1.035275734410569,282.9089739714048,0.08764035584154053,2.8748986841571393,4,HYD200,200,370.35019874798763,34.46732806080165,22.0,14,-220.88427196417825,86.0
Mass-Nom-Ideal,CH,HYD200,2040-Hhigh,3228.0673812292894,9280.366666666667,1.035275734410569,222.07443434563675,0.06879485714485549,2.8748986841571393,4,HYD200,200,370.35019874798763,34.46732806080165,22.0,14,-220.88427196417825,86.0
Mass-Nom-Ideal,CH,HYD200,2040-Hlow,3228.0673812292894,9280.366666666667,1.035275734410569,306.14930049952267,0.09483981105218972,2.8748986841571393,4,HYD200,200,370.35019874798763,34.46732806080165,22.0,14,-220.88427196417825,86.0
Mass-Nom-Ideal,CH,HYD200,2045-Hhigh,3228.0673812292894,9280.366666666667,1.035275734410569,243.96946208641825,0.07557756182695033,2.8748986841571393,4,HYD200,200,370.35019874798763,34.46732806080165,22.0,14,-220.88427196417825,86.0
Mass-Nom-Ideal,CH,HYD200,2045-Hlow,3228.0673812292894,9280.366666666667,1.035275734410569,331.12039141232,0.10257542743306217,2.8748986841571393,4,HYD200,200,370.35019874798763,34.46732806080165,22.0,14,-220.88427196417825,86.0
Mass-Nom-Ideal,CH,HYD500,2024-Hhigh,3324.832389781782,9545.666666666666,1.1309322537168147,333.41869874554436,0.10028135546629091,2.871021918579533,4,HYD500,500,637.8538728585099,0.0,0.0,14,0.0,0.0
Mass-Nom-Ideal,CH,HYD500,2024-Hlow,3324.832389781782,9545.666666666666,1.129592574186417,489.50268690077985,0.147226274745509,2.871021918579533,4,HYD500,500,637.8538728585099,0.0,0.0,14,0.0,0.0
Mass-Nom-Ideal,CH,HYD500,2025-Hhigh,3324.832389781782,9545.666666666666,1.129592574186417,259.95679943194995,0.07818643737677605,2.871021918579533,4,HYD500,500,637.8538728585099,0.0,0.0,14,0.0,0.0
Mass-Nom-Ideal,CH,HYD500,2025-Hlow,3324.832389781782,9545.666666666666,1.129592574186417,398.65558519361946,0.11990246077330363,2.871021918579533,4,HYD500,500,637.8538728585099,0.0,0.0,14,0.0,0.0
Mass-Nom-Ideal,CH,HYD500,2030-Hhigh,3324.832389781782,9545.666666666666,1.0838160383568018,207.83543074339602,0.06251004753867814,2.871021918579533,4,HYD500,500,637.8538728585099,0.0,0.0,14,0.0,0.0
Mass-Nom-Ideal,CH,HYD500,2030-Hlow,3324.832389781782,9545.666666666666,1.0838160383568018,310.1145146299715,0.09327222496479745,2.871021918579533,4,HYD500,500,637.8538728585099,0.0,0.0,14,0.0,0.0
Mass-Nom-Ideal,CH,HYD500,2035-Hhigh,3324.832389781782,9545.666666666666,1.0838160383568018,213.50799552842443,0.06421616806447124,2.871021918579533,4,HYD500,500,637.8538728585099,0.0,0.0,14,0.0,0.0
Mass-Nom-Ideal,CH,HYD500,2035-Hlow,3324.832389781782,9545.666666666666,1.0838160383568018,291.3323006641574,0.08762315404515124,2.871021918579533,4,HYD500,500,637.8538728585099,0.0,0.0,14,0.0,0.0
Mass-Nom-Ideal,CH,HYD500,2040-Hhigh,3324.832389781782,9545.666666666666,1.0838160383568018,229.58828260447746,0.06905258842823833,2.871021918579533,4,HYD500,500,637.8538728585099,0.0,0.0,14,0.0,0.0
Mass-Nom-Ideal,CH,HYD500,2040-Hlow,3324.832389781782,9545.666666666666,1.0838160383568018,315.5346543222153,0.09490242434233648,2.871021918579533,4,HYD500,500,637.8538728585099,0.0,0.0,14,0.0,0.0
Mass-Nom-Ideal,CH,HYD500,2045-Hhigh,3324.832389781782,9545.666666666666,1.0838160383568018,252.51547089781883,0.07594833101177534,2.871021918579533,4,HYD500,500,637.8538728585099,0.0,0.0,14,0.0,0.0
Mass-Nom-Ideal,CH,HYD500,2045-Hlow,3324.832389781782,9545.666666666666,1.0838160383568018,341.54440965704373,0.10272530149390786,2.871021918579533,4,HYD500,500,637.8538728585099,0.0,0.0,14,0.0,0.0
Mass-Nom-Ideal,CH,HYD1000,2024-Hhigh,3641.6311267618926,10360.4334,1.3023852526427022,367.20868608775714,0.10083632122682233,2.8449980350460176,5,HYD1000,1000,977.6190741254082,0.0,0.0,11.2,0.0,0.0
Mass-Nom-Ideal,CH,HYD1000,2024-Hlow,3641.6311267618926,10360.4334,1.3070494161377888,537.3373012322402,0.14755401701271043,2.8449980350460176,5,HYD1000,1000,977.6190741254082,0.0,0.0,11.2,0.0,0.0
Mass-Nom-Ideal,CH,HYD1000,2025-Hhigh,3641.6311267618926,10360.4334,1.3070494161377888,287.4966743497157,0.07894722566405436,2.8449980350460176,5,HYD1000,1000,977.6190741254082,0.0,0.0,11.2,0.0,0.0
Mass-Nom-Ideal,CH,HYD1000,2025-Hlow,3641.6311267618926,10360.4334,1.3070494161377888,438.43146146708597,0.12039425362033729,2.8449980350460176,5,HYD1000,1000,977.6190741254082,0.0,0.0,11.2,0.0,0.0
Mass-Nom-Ideal,CH,HYD1000,2030-Hhigh,3641.6311267618926,10360.4334,1.2455582911670742,230.3984190518941,0.06326791787304455,2.8449980350460176,5,HYD1000,1000,977.6190741254082,0.0,0.0,11.2,0.0,0.0
Mass-Nom-Ideal,CH,HYD1000,2030-Hlow,3641.6311267618926,10360.4334,1.2455582911670742,341.1310502454796,0.09367534447367558,2.8449980350460176,5,HYD1000,1000,977.6190741254082,0.0,0.0,11.2,0.0,0.0
Mass-Nom-Ideal,CH,HYD1000,2035-Hhigh,3641.6311267618926,10360.4334,1.2455582911670742,236.34712966467484,0.06490144702679777,2.8449980350460176,5,HYD1000,1000,977.6190741254082,0.0,0.0,11.2,0.0,0.0
Mass-Nom-Ideal,CH,HYD1000,2035-Hlow,3641.6311267618926,10360.4334,1.2455582911670742,319.44117454675927,0.08771925640662119,2.8449980350460176,5,HYD1000,1000,977.6190741254082,0.0,0.0,11.2,0.0,0.0
Mass-Nom-Ideal,CH,HYD1000,2040-Hhigh,3641.6311267618926,10360.4334,1.2455582911670742,254.28365147676467,0.06982685577571705,2.8449980350460176,5,HYD1000,1000,977.6190741254082,0.0,0.0,11.2,0.0,0.0
Mass-Nom-Ideal,CH,HYD1000,2040-Hlow,3641.6311267618926,10360.4334,1.2455582911670742,348.1203780266432,0.0955946294143715,2.8449980350460176,5,HYD1000,1000,977.6190741254082,0.0,0.0,11.2,0.0,0.0
Mass-Nom-Ideal,CH,HYD1000,2045-Hhigh,3641.6311267618926,10360.4334,1.2455582911670742,279.69691112552835,0.07680539334971921,2.8449980350460176,5,HYD1000,1000,977.6190741254082,0.0,0.0,11.2,0.0,0.0
Mass-Nom-Ideal,CH,HYD1000,2045-Hlow,3641.6311267618926,10360.4334,1.2455582911670742,377.2154922926437,0.10358421244824445,2.8449980350460176,5,HYD1000,1000,977.6190741254082,0.0,0.0,11.2,0.0,0.0
Mass-Nom-Ideal,CH,HYD200,2024-Hhigh,3373.517889895162,9759.166666666666,1.1912762478230692,336.7719795987961,0.0998281291489644,2.892875326346631,5,HYD200,200,369.62933828121675,64.20254969202843,18.0,14,-341.84475581688713,125.0
Mass-Nom-Ideal,CH,HYD200,2024-Hlow,3373.517889895162,9759.166666666666,1.1988854770814745,493.8750109048431,0.1463976261647129,2.892875326346631,5,HYD200,200,369.62933828121675,64.20254969202843,18.0,14,-341.84475581688713,125.0
Mass-Nom-Ideal,CH,HYD200,2025-Hhigh,3373.517889895162,9759.166666666666,1.1988854770814745,261.2438774249318,0.077439600426441,2.892875326346631,5,HYD200,200,369.62933828121675,64.20254969202843,18.0,14,-341.84475581688713,125.0
Mass-Nom-Ideal,CH,HYD200,2025-Hlow,3373.517889895162,9759.166666666666,1.1988854770814745,399.7339965110714,0.11849173757412439,2.892875326346631,5,HYD200,200,369.62933828121675,64.20254969202843,18.0,14,-341.84475581688713,125.0
Mass-Nom-Ideal,CH,HYD200,2030-Hhigh,3373.517889895162,9759.166666666666,1.1432433388598449,208.59816915477884,0.0618340189567696,2.892875326346631,5,HYD200,200,369.62933828121675,64.20254969202843,18.0,14,-341.84475581688713,125.0
Mass-Nom-Ideal,CH,HYD200,2030-Hlow,3373.517889895162,9759.166666666666,1.1432433388598449,310.1982780381305,0.09195098059722175,2.892875326346631,5,HYD200,200,369.62933828121675,64.20254969202843,18.0,14,-341.84475581688713,125.0
Mass-Nom-Ideal,CH,HYD200,2035-Hhigh,3373.517889895162,9759.166666666666,1.1432433388598449,214.34356973828127,0.06353710777118256,2.892875326346631,5,HYD200,200,369.62933828121675,64.20254969202843,18.0,14,-341.84475581688713,125.0
Mass-Nom-Ideal,CH,HYD200,2035-Hlow,3373.517889895162,9759.166666666666,1.1432433388598449,291.7148554950641,0.08647200489698001,2.892875326346631,5,HYD200,200,369.62933828121675,64.20254969202843,18.0,14,-341.84475581688713,125.0
Mass-Nom-Ideal,CH,HYD200,2040-Hhigh,3373.517889895162,9759.166666666666,1.1432433388598449,230.17887149235366,0.06823111037348223,2.892875326346631,5,HYD200,200,369.62933828121675,64.20254969202843,18.0,14,-341.84475581688713,125.0
Mass-Nom-Ideal,CH,HYD200,2040-Hlow,3373.517889895162,9759.166666666666,1.1432433388598449,316.69065077200133,0.09387549172944894,2.892875326346631,5,HYD200,200,369.62933828121675,64.20254969202843,18.0,14,-341.84475581688713,125.0
Mass-Nom-Ideal,CH,HYD200,2045-Hhigh,3373.517889895162,9759.166666666666,1.1432433388598449,252.47779417854267,0.0748411013129054,2.892875326346631,5,HYD200,200,369.62933828121675,64.20254969202843,18.0,14,-341.84475581688713,125.0
Mass-Nom-Ideal,CH,HYD200,2045-Hlow,3373.517889895162,9759.166666666666,1.1432433388598449,341.73742842311964,0.10130001961653735,2.892875326346631,5,HYD200,200,369.62933828121675,64.20254969202843,18.0,14,-341.84475581688713,125.0
Mass-Nom-Ideal,CH,HYD500,2024-Hhigh,3470.2893865115257,10022.833333333332,1.227245800441412,346.1467497520562,0.09974578808830029,2.8881837267780965,5,HYD500,500,636.2272902146506,0.0,0.0,14,0.0,0.0
Mass-Nom-Ideal,CH,HYD500,2024-Hlow,3470.2893865115257,10022.833333333332,1.234663646909761,506.03702722888676,0.14581983542806945,2.8881837267780965,5,HYD500,500,636.2272902146506,0.0,0.0,14,0.0,0.0
Mass-Nom-Ideal,CH,HYD500,2025-Hhigh,3470.2893865115257,10022.833333333332,1.234663646909761,269.5750644355218,0.077680860127492,2.8881837267780965,5,HYD500,500,636.2272902146506,0.0,0.0,14,0.0,0.0
Mass-Nom-Ideal,CH,HYD500,2025-Hlow,3470.2893865115257,10022.833333333332,1.234663646909761,410.7184055305088,0.118352782660405,2.8881837267780965,5,HYD500,500,636.2272902146506,0.0,0.0,14,0.0,0.0
Mass-Nom-Ideal,CH,HYD500,2030-Hhigh,3470.2893865115257,10022.833333333332,1.1821320668111035,215.57280290706464,0.06211954649804208,2.8881837267780965,5,HYD500,500,636.2272902146506,0.0,0.0,14,0.0,0.0
Mass-Nom-Ideal,CH,HYD500,2030-Hlow,3470.2893865115257,10022.833333333332,1.1821320668111035,319.0973839164933,0.09195123183581609,2.8881837267780965,5,HYD500,500,636.2272902146506,0.0,0.0,14,0.0,0.0
Mass-Nom-Ideal,CH,HYD500,2035-Hhigh,3470.2893865115257,10022.833333333332,1.1821320668111035,221.2376846687674,0.06375194112879572,2.8881837267780965,5,HYD500,500,636.2272902146506,0.0,0.0,14,0.0,0.0
Mass-Nom-Ideal,CH,HYD500,2035-Hlow,3470.2893865115257,10022.833333333332,1.1821320668111035,300.21776312569625,0.08651087263575076,2.8881837267780965,5,HYD500,500,636.2272902146506,0.0,0.0,14,0.0,0.0
Mass-Nom-Ideal,CH,HYD500,2040-Hhigh,3470.2893865115257,10022.833333333332,1.1821320668111035,237.81660677707512,0.06852933006147303,2.8881837267780965,5,HYD500,500,636.2272902146506,0.0,0.0,14,0.0,0.0
Mass-Nom-Ideal,CH,HYD500,2040-Hlow,3470.2893865115257,10022.833333333332,1.1821320668111035,325.97100840718565,0.09393193826260836,2.8881837267780965,5,HYD500,500,636.2272902146506,0.0,0.0,14,0.0,0.0
Mass-Nom-Ideal,CH,HYD500,2045-Hhigh,3470.2893865115257,10022.833333333332,1.1821320668111035,261.1871955775996,0.07526380842842488,2.8881837267780965,5,HYD500,500,636.2272902146506,0.0,0.0,14,0.0,0.0
Mass-Nom-Ideal,CH,HYD500,2045-Hlow,3470.2893865115257,10022.833333333332,1.1821320668111035,352.14685839206453,0.10147478183254818,2.8881837267780965,5,HYD500,500,636.2272902146506,0.0,0.0,14,0.0,0.0
Mass-Nom-Real,AK,HYD1000,2024-Hhigh,1460.3564473961076,4689.9,0.6605617639328795,137.3349628177563,0.0940420833986331,3.2114762175784812,3,HYD1000,1000,867.7767729454678,0.0,0.0,6,0.0,0.0
Mass-Nom-Real,AK,HYD1000,2024-Hlow,1460.3564473961076,4689.9,0.6774399058483573,203.97493711202446,0.13967476055296124,3.2114762175784812,3,HYD1000,1000,867.7767729454678,0.0,0.0,6,0.0,0.0
Mass-Nom-Real,AK,HYD1000,2025-Hhigh,1460.3564473961076,4689.9,0.6774399058483573,108.3128328303847,0.07416876408736524,3.2114762175784812,3,HYD1000,1000,867.7767729454678,0.0,0.0,6,0.0,0.0
Mass-Nom-Real,AK,HYD1000,2025-Hlow,1460.3564473961076,4689.9,0.6774399058483573,169.64814519267875,0.11616899798345146,3.2114762175784812,3,HYD1000,1000,867.7767729454678,0.0,0.0,6,0.0,0.0
Mass-Nom-Real,AK,HYD1000,2030-Hhigh,1460.3564473961076,4689.9,0.6700623007060259,87.41436819563273,0.059858241014717435,3.2114762175784812,3,HYD1000,1000,867.7767729454678,0.0,0.0,6,0.0,0.0
Mass-Nom-Real,AK,HYD1000,2030-Hlow,1460.3564473961076,4689.9,0.6700623007060259,133.29289276292496,0.09127421801752114,3.2114762175784812,3,HYD1000,1000,867.7767729454678,0.0,0.0,6,0.0,0.0
Mass-Nom-Real,AK,HYD1000,2035-Hhigh,1460.3564473961076,4689.9,0.6700623007060259,88.44790577319709,0.060565970678531506,3.2114762175784812,3,HYD1000,1000,867.7767729454678,0.0,0.0,6,0.0,0.0
Mass-Nom-Real,AK,HYD1000,2035-Hlow,1460.3564473961076,4689.9,0.6700623007060259,124.07152397085885,0.08495975362185369,3.2114762175784812,3,HYD1000,1000,867.7767729454678,0.0,0.0,6,0.0,0.0
Mass-Nom-Real,AK,HYD1000,2040-Hhigh,1460.3564473961076,4689.9,0.6700623007060259,95.02273350243046,0.06506817816421531,3.2114762175784812,3,HYD1000,1000,867.7767729454678,0.0,0.0,6,0.0,0.0
Mass-Nom-Real,AK,HYD1000,2040-Hlow,1460.3564473961076,4689.9,0.6700623007060259,138.9117450760386,0.09512180764067948,3.2114762175784812,3,HYD1000,1000,867.7767729454678,0.0,0.0,6,0.0,0.0
Mass-Nom-Real,AK,HYD1000,2045-Hhigh,1460.3564473961076,4689.9,0.6700623007060259,107.04539892710716,0.07330087056346739,3.2114762175784812,3,HYD1000,1000,867.7767729454678,0.0,0.0,6,0.0,0.0
Mass-Nom-Real,AK,HYD1000,2045-Hlow,1460.3564473961076,4689.9,0.6700623007060259,151.4515437224068,0.1037086144224945,3.2114762175784812,3,HYD1000,1000,867.7767729454678,0.0,0.0,6,0.0,0.0
Mass-Nom-Real,AK,HYD200,2024-Hhigh,1137.1566827394781,4152.0,0.48048748818574916,107.51748411360396,0.0945494018067835,3.6512118892865186,3,HYD200,200,324.3365717464816,240.8136601972812,70.0,11.2,-547.2774772996811,105.0
Mass-Nom-Real,AK,HYD200,2024-Hlow,1137.1566827394781,4152.0,0.4999462901460189,164.29514489634917,0.14447889845799647,3.6512118892865186,3,HYD200,200,324.3365717464816,240.8136601972812,70.0,11.2,-547.2774772996811,105.0
Mass-Nom-Real,AK,HYD200,2025-Hhigh,1137.1566827394781,4152.0,0.4999462901460189,84.62317265901581,0.0744164581218074,3.6512118892865186,3,HYD200,200,324.3365717464816,240.8136601972812,70.0,11.2,-547.2774772996811,105.0
Mass-Nom-Real,AK,HYD200,2025-Hlow,1137.1566827394781,4152.0,0.4999462901460189,136.16170372363703,0.11973873591070615,3.6512118892865186,3,HYD200,200,324.3365717464816,240.8136601972812,70.0,11.2,-547.2774772996811,105.0
Mass-Nom-Real,AK,HYD200,2030-Hhigh,1137.1566827394781,4152.0,0.49249519784233226,68.23216006983388,0.060002426319527534,3.6512118892865186,3,HYD200,200,324.3365717464816,240.8136601972812,70.0,11.2,-547.2774772996811,105.0
Mass-Nom-Real,AK,HYD200,2030-Hlow,1137.1566827394781,4152.0,0.49249519784233226,106.5425140940789,0.093692026535351,3.6512118892865186,3,HYD200,200,324.3365717464816,240.8136601972812,70.0,11.2,-547.2774772996811,105.0
Mass-Nom-Real,AK,HYD200,2035-Hhigh,1137.1566827394781,4152.0,0.49249519784233226,69.28582079562803,0.0609290011194538,3.6512118892865186,3,HYD200,200,324.3365717464816,240.8136601972812,70.0,11.2,-547.2774772996811,105.0
Mass-Nom-Real,AK,HYD200,2035-Hlow,1137.1566827394781,4152.0,0.49249519784233226,98.37525467156833,0.08650985054634379,3.6512118892865186,3,HYD200,200,324.3365717464816,240.8136601972812,70.0,11.2,-547.2774772996811,105.0
Mass-Nom-Real,AK,HYD200,2040-Hhigh,1137.1566827394781,4152.0,0.49249519784233226,74.32331294560474,0.065358902668149,3.6512118892865186,3,HYD200,200,324.3365717464816,240.8136601972812,70.0,11.2,-547.2774772996811,105.0
Mass-Nom-Real,AK,HYD200,2040-Hlow,1137.1566827394781,4152.0,0.49249519784233226,110.34166109842738,0.0970329443367538,3.6512118892865186,3,HYD200,200,324.3365717464816,240.8136601972812,70.0,11.2,-547.2774772996811,105.0
Mass-Nom-Real,AK,HYD200,2045-Hhigh,1137.1566827394781,4152.0,0.49249519784233226,83.63062295303173,0.07354362351506442,3.6512118892865186,3,HYD200,200,324.3365717464816,240.8136601972812,70.0,11.2,-547.2774772996811,105.0
Mass-Nom-Real,AK,HYD200,2045-Hlow,1137.1566827394781,4152.0,0.49249519784233226,119.98523942187042,0.1055133749316047,3.6512118892865186,3,HYD200,200,324.3365717464816,240.8136601972812,70.0,11.2,-547.2774772996811,105.0
Mass-Nom-Real,AK,HYD500,2024-Hhigh,1439.8772305440561,4387.133333333333,0.637352426934755,135.61257350677306,0.09418342802429898,3.046880136909769,3,HYD500,500,561.5294237076946,0.0,0.0,8.5,0.0,0.0
Mass-Nom-Real,AK,HYD500,2024-Hlow,1439.8772305440561,4387.133333333333,0.6562010312540307,203.2848963509632,0.14118210361181432,3.046880136909769,3,HYD500,500,561.5294237076946,0.0,0.0,8.5,0.0,0.0
Mass-Nom-Real,AK,HYD500,2025-Hhigh,1439.8772305440561,4387.133333333333,0.6562010312540307,106.96801804829484,0.0742896795498857,3.046880136909769,3,HYD500,500,561.5294237076946,0.0,0.0,8.5,0.0,0.0
Mass-Nom-Real,AK,HYD500,2025-Hlow,1439.8772305440561,4387.133333333333,0.6562010312540307,168.89369109464226,0.11729728584625645,3.046880136909769,3,HYD500,500,561.5294237076946,0.0,0.0,8.5,0.0,0.0
Mass-Nom-Real,AK,HYD500,2030-Hhigh,1439.8772305440561,4387.133333333333,0.6483588734194281,86.33052561420224,0.059956865615259675,3.046880136909769,3,HYD500,500,561.5294237076946,0.0,0.0,8.5,0.0,0.0
Mass-Nom-Real,AK,HYD500,2030-Hlow,1439.8772305440561,4387.133333333333,0.6483588734194281,132.51826577543375,0.09203441999382257,3.046880136909769,3,HYD500,500,561.5294237076946,0.0,0.0,8.5,0.0,0.0
Mass-Nom-Real,AK,HYD500,2035-Hhigh,1439.8772305440561,4387.133333333333,0.6483588734194281,87.4065117433788,0.06070414191517727,3.046880136909769,3,HYD500,500,561.5294237076946,0.0,0.0,8.5,0.0,0.0
Mass-Nom-Real,AK,HYD500,2035-Hlow,1439.8772305440561,4387.133333333333,0.6483588734194281,123.06765351523117,0.0854709352329505,3.046880136909769,3,HYD500,500,561.5294237076946,0.0,0.0,8.5,0.0,0.0
Mass-Nom-Real,AK,HYD500,2040-Hhigh,1439.8772305440561,4387.133333333333,0.6483588734194281,93.8570281697164,0.06518404915275493,3.046880136909769,3,HYD500,500,561.5294237076946,0.0,0.0,8.5,0.0,0.0
Mass-Nom-Real,AK,HYD500,2040-Hlow,1439.8772305440561,4387.133333333333,0.6483588734194281,137.85612449612694,0.09574158238757491,3.046880136909769,3,HYD500,500,561.5294237076946,0.0,0.0,8.5,0.0,0.0
Mass-Nom-Real,AK,HYD500,2045-Hhigh,1439.8772305440561,4387.133333333333,0.6483588734194281,105.76547411988082,0.07345450839577305,3.046880136909769,3,HYD500,500,561.5294237076946,0.0,0.0,8.5,0.0,0.0
Mass-Nom-Real,AK,HYD500,2045-Hlow,1439.8772305440561,4387.133333333333,0.6483588734194281,150.059602666048,0.10421694258568706,3.046880136909769,3,HYD500,500,561.5294237076946,0.0,0.0,8.5,0.0,0.0
Mass-Nom-Real,AK,HYD1000,2024-Hhigh,1594.0816590973072,5161.400000000001,0.6973201619300793,149.9559200708893,0.09407041302752707,3.237851693822753,4,HYD1000,1000,859.9534723508367,0.0,0.0,6,0.0,0.0
Mass-Nom-Real,AK,HYD1000,2024-Hlow,1594.0816590973072,5161.400000000001,0.7011995676102186,217.2448564707253,0.136282137888561,3.237851693822753,4,HYD1000,1000,859.9534723508367,0.0,0.0,6,0.0,0.0
Mass-Nom-Real,AK,HYD1000,2025-Hhigh,1594.0816590973072,5161.400000000001,0.7011995676102186,116.65865798845617,0.07318236008970667,3.237851693822753,4,HYD1000,1000,859.9534723508367,0.0,0.0,6,0.0,0.0
Mass-Nom-Real,AK,HYD1000,2025-Hlow,1594.0816590973072,5161.400000000001,0.7011995676102186,179.6631919265228,0.1127063917341989,3.237851693822753,4,HYD1000,1000,859.9534723508367,0.0,0.0,6,0.0,0.0
Mass-Nom-Real,AK,HYD1000,2030-Hhigh,1594.0816590973072,5161.400000000001,0.6938219624678874,93.86174967232273,0.058881393645463895,3.237851693822753,4,HYD1000,1000,859.9534723508367,0.0,0.0,6,0.0,0.0
Mass-Nom-Real,AK,HYD1000,2030-Hlow,1594.0816590973072,5161.400000000001,0.6938219624678874,141.07241308143514,0.0884976075575208,3.237851693822753,4,HYD1000,1000,859.9534723508367,0.0,0.0,6,0.0,0.0
Mass-Nom-Real,AK,HYD1000,2035-Hhigh,1594.0816590973072,5161.400000000001,0.6938219624678874,95.09700340392563,0.05965629355385529,3.237851693822753,4,HYD1000,1000,859.9534723508367,0.0,0.0,6,0.0,0.0
Mass-Nom-Real,AK,HYD1000,2035-Hlow,1594.0816590973072,5161.400000000001,0.6938219624678874,131.63037919411008,0.08257442675091652,3.237851693822753,4,HYD1000,1000,859.9534723508367,0.0,0.0,6,0.0,0.0
Mass-Nom-Real,AK,HYD1000,2040-Hhigh,1594.0816590973072,5161.400000000001,0.6938219624678874,101.69503934253005,0.06379537632979083,3.237851693822753,4,HYD1000,1000,859.9534723508367,0.0,0.0,6,0.0,0.0
Mass-Nom-Real,AK,HYD1000,2040-Hlow,1594.0816590973072,5161.400000000001,0.6938219624678874,146.0370689651343,0.09161203764669862,3.237851693822753,4,HYD1000,1000,859.9534723508367,0.0,0.0,6,0.0,0.0
Mass-Nom-Real,AK,HYD1000,2045-Hhigh,1594.0816590973072,5161.400000000001,0.6938219624678874,114.3753446836495,0.07174999099382255,3.237851693822753,4,HYD1000,1000,859.9534723508367,0.0,0.0,6,0.0,0.0
Mass-Nom-Real,AK,HYD1000,2045-Hlow,1594.0816590973072,5161.400000000001,0.6938219624678874,159.79385646929006,0.10024195156964402,3.237851693822753,4,HYD1000,1000,859.9534723508367,0.0,0.0,6,0.0,0.0
Mass-Nom-Real,AK,HYD200,2024-Hhigh,1251.6256660754598,4629.5,0.4857028806564976,118.18963489003977,0.09442890002458146,3.6987896025782603,4,HYD200,200,322.97000324677055,687.3473361680017,115.0,11.2,-373.3272563297804,100.0
Mass-Nom-Real,AK,HYD200,2024-Hlow,1251.6256660754598,4629.5,0.48853572991157507,175.61948240023796,0.14031310411754527,3.6987896025782603,4,HYD200,200,322.97000324677055,687.3473361680017,115.0,11.2,-373.3272563297804,100.0
Mass-Nom-Real,AK,HYD200,2025-Hhigh,1251.6256660754598,4629.5,0.48853572991157507,91.28034802209069,0.07292943129578446,3.6987896025782603,4,HYD200,200,322.97000324677055,687.3473361680017,115.0,11.2,-373.3272563297804,100.0
Mass-Nom-Real,AK,HYD200,2025-Hlow,1251.6256660754598,4629.5,0.48853572991157507,144.40725615661643,0.11537575496467184,3.6987896025782603,4,HYD200,200,322.97000324677055,687.3473361680017,115.0,11.2,-373.3272563297804,100.0
Mass-Nom-Real,AK,HYD200,2030-Hhigh,1251.6256660754598,4629.5,0.47934787757331837,73.25590240448166,0.058528603551395296,3.6987896025782603,4,HYD200,200,322.97000324677055,687.3473361680017,115.0,11.2,-373.3272563297804,100.0
Mass-Nom-Real,AK,HYD200,2030-Hlow,1251.6256660754598,4629.5,0.47934787757331837,112.81224049571728,0.09013257202486602,3.6987896025782603,4,HYD200,200,322.97000324677055,687.3473361680017,115.0,11.2,-373.3272563297804,100.0
Mass-Nom-Real,AK,HYD200,2035-Hhigh,1251.6256660754598,4629.5,0.47934787757331837,74.63125214340769,0.05962745425109253,3.6987896025782603,4,HYD200,200,322.97000324677055,687.3473361680017,115.0,11.2,-373.3272563297804,100.0
Mass-Nom-Real,AK,HYD200,2035-Hlow,1251.6256660754598,4629.5,0.47934787757331837,104.27936038517761,0.08331513423829923,3.6987896025782603,4,HYD200,200,322.97000324677055,687.3473361680017,115.0,11.2,-373.3272563297804,100.0
Mass-Nom-Real,AK,HYD200,2040-Hhigh,1251.6256660754598,4629.5,0.47934787757331837,79.42620852687058,0.06345843703885985,3.6987896025782603,4,HYD200,200,322.97000324677055,687.3473361680017,115.0,11.2,-373.3272563297804,100.0
Mass-Nom-Real,AK,HYD200,2040-Hlow,1251.6256660754598,4629.5,0.47934787757331837,115.69245083245461,0.09243374753988114,3.6987896025782603,4,HYD200,200,322.97000324677055,687.3473361680017,115.0,11.2,-373.3272563297804,100.0
Mass-Nom-Real,AK,HYD200,2045-Hhigh,1251.6256660754598,4629.5,0.47934787757331837,89.16092787948011,0.07123609741804755,3.6987896025782603,4,HYD200,200,322.97000324677055,687.3473361680017,115.0,11.2,-373.3272563297804,100.0
Mass-Nom-Real,AK,HYD200,2045-Hlow,1251.6256660754598,4629.5,0.47934787757331837,126.41301092296268,0.10099905614698486,3.6987896025782603,4,HYD200,200,322.97000324677055,687.3473361680017,115.0,11.2,-373.3272563297804,100.0
Mass-Nom-Real,AK,HYD500,2024-Hhigh,1581.474580023444,4862.283333333333,0.6770759137742516,148.85688878952007,0.09412537556393312,3.07452512658234,4,HYD500,500,557.4205736275474,0.0,0.0,8.5,0.0,0.0
Mass-Nom-Real,AK,HYD500,2024-Hlow,1581.474580023444,4862.283333333333,0.6798199330216552,217.23010648223683,0.13735921476462593,3.07452512658234,4,HYD500,500,557.4205736275474,0.0,0.0,8.5,0.0,0.0
Mass-Nom-Real,AK,HYD500,2025-Hhigh,1581.474580023444,4862.283333333333,0.6798199330216552,115.55144010606709,0.07306563226855922,3.07452512658234,4,HYD500,500,557.4205736275474,0.0,0.0,8.5,0.0,0.0
Mass-Nom-Real,AK,HYD500,2025-Hlow,1581.474580023444,4862.283333333333,0.6798199330216552,179.22462407885357,0.1133275402227437,3.07452512658234,4,HYD500,500,557.4205736275474,0.0,0.0,8.5,0.0,0.0
Mass-Nom-Real,AK,HYD500,2030-Hhigh,1581.474580023444,4862.283333333333,0.6719777751870526,92.84648429655802,0.058708805989901934,3.07452512658234,4,HYD500,500,557.4205736275474,0.0,0.0,8.5,0.0,0.0
Mass-Nom-Real,AK,HYD500,2030-Hlow,1581.474580023444,4862.283333333333,0.6719777751870526,140.4452673385066,0.08880652848458975,3.07452512658234,4,HYD500,500,557.4205736275474,0.0,0.0,8.5,0.0,0.0
Mass-Nom-Real,AK,HYD500,2035-Hhigh,1581.474580023444,4862.283333333333,0.6719777751870526,94.21204064208929,0.059572276299687775,3.07452512658234,4,HYD500,500,557.4205736275474,0.0,0.0,8.5,0.0,0.0
Mass-Nom-Real,AK,HYD500,2035-Hlow,1581.474580023444,4862.283333333333,0.6719777751870526,130.56633116546664,0.08255986711056151,3.07452512658234,4,HYD500,500,557.4205736275474,0.0,0.0,8.5,0.0,0.0
Mass-Nom-Real,AK,HYD500,2040-Hhigh,1581.474580023444,4862.283333333333,0.6719777751870526,100.56030836027745,0.063586420945689,3.07452512658234,4,HYD500,500,557.4205736275474,0.0,0.0,8.5,0.0,0.0
Mass-Nom-Real,AK,HYD500,2040-Hlow,1581.474580023444,4862.283333333333,0.6719777751870526,144.9046756103365,0.09162630714442999,3.07452512658234,4,HYD500,500,557.4205736275474,0.0,0.0,8.5,0.0,0.0
Mass-Nom-Real,AK,HYD500,2045-Hhigh,1581.474580023444,4862.283333333333,0.6719777751870526,113.05061881147245,0.07148430979510056,3.07452512658234,4,HYD500,500,557.4205736275474,0.0,0.0,8.5,0.0,0.0
Mass-Nom-Real,AK,HYD500,2045-Hlow,1581.474580023444,4862.283333333333,0.6719777751870526,158.41327285334805,0.10016808038166487,3.07452512658234,4,HYD500,500,557.4205736275474,0.0,0.0,8.5,0.0,0.0
Mass-Nom-Real,AK,HYD1000,2024-Hhigh,1734.5633611237395,5636.0,0.7702145808792639,162.29475851477076,0.09356519464911783,3.2492327039288487,5,HYD1000,1000,856.0742082720665,0.0,0.0,6,0.0,0.0
Mass-Nom-Real,AK,HYD1000,2024-Hlow,1734.5633611237395,5636.0,0.7794597370576488,233.01868755815457,0.13433852736702168,3.2492327039288487,5,HYD1000,1000,856.0742082720665,0.0,0.0,6,0.0,0.0
Mass-Nom-Real,AK,HYD1000,2025-Hhigh,1734.5633611237395,5636.0,0.7794597370576488,126.19832123655453,0.07275509448948395,3.2492327039288487,5,HYD1000,1000,856.0742082720665,0.0,0.0,6,0.0,0.0
Mass-Nom-Real,AK,HYD1000,2025-Hlow,1734.5633611237395,5636.0,0.7794597370576488,191.2136154066118,0.11023731948467641,3.2492327039288487,5,HYD1000,1000,856.0742082720665,0.0,0.0,6,0.0,0.0
Mass-Nom-Real,AK,HYD1000,2030-Hhigh,1734.5633611237395,5636.0,0.7699194688377767,101.51684206601938,0.05852587708312456,3.2492327039288487,5,HYD1000,1000,856.0742082720665,0.0,0.0,6,0.0,0.0
Mass-Nom-Real,AK,HYD1000,2030-Hlow,1734.5633611237395,5636.0,0.7699194688377767,150.098424211251,0.0865338376074135,3.2492327039288487,5,HYD1000,1000,856.0742082720665,0.0,0.0,6,0.0,0.0
Mass-Nom-Real,AK,HYD1000,2035-Hhigh,1734.5633611237395,5636.0,0.7699194688377767,102.71960795840235,0.059219288416109114,3.2492327039288487,5,HYD1000,1000,856.0742082720665,0.0,0.0,6,0.0,0.0
Mass-Nom-Real,AK,HYD1000,2035-Hlow,1734.5633611237395,5636.0,0.7699194688377767,140.543672388797,0.08102538975442533,3.2492327039288487,5,HYD1000,1000,856.0742082720665,0.0,0.0,6,0.0,0.0
Mass-Nom-Real,AK,HYD1000,2040-Hhigh,1734.5633611237395,5636.0,0.7699194688377767,109.7671544777281,0.06328229739997233,3.2492327039288487,5,HYD1000,1000,856.0742082720665,0.0,0.0,6,0.0,0.0
Mass-Nom-Real,AK,HYD1000,2040-Hlow,1734.5633611237395,5636.0,0.7699194688377767,156.66803946388558,0.09032131254195751,3.2492327039288487,5,HYD1000,1000,856.0742082720665,0.0,0.0,6,0.0,0.0
Mass-Nom-Real,AK,HYD1000,2045-Hhigh,1734.5633611237395,5636.0,0.7699194688377767,122.9507189150357,0.07088280639998178,3.2492327039288487,5,HYD1000,1000,856.0742082720665,0.0,0.0,6,0.0,0.0
Mass-Nom-Real,AK,HYD1000,2045-Hlow,1734.5633611237395,5636.0,0.7699194688377767,170.47858293729084,0.09828328371172676,3.2492327039288487,5,HYD1000,1000,856.0742082720665,0.0,0.0,6,0.0,0.0
Mass-Nom-Real,AK,HYD200,2024-Hhigh,1371.9916211324792,5107.999999999999,0.5876707226377164,128.44261229982405,0.09361763608571022,3.72305480683892,5,HYD200,200,321.89182143137,692.4884631546855,129.0,11.2,-553.1329991606106,136.0
Mass-Nom-Real,AK,HYD200,2024-Hlow,1371.9916211324792,5107.999999999999,0.5918038540978584,189.3352288912417,0.13800028074148096,3.72305480683892,5,HYD200,200,321.89182143137,692.4884631546855,129.0,11.2,-553.1329991606106,136.0
Mass-Nom-Real,AK,HYD200,2025-Hhigh,1371.9916211324792,5107.999999999999,0.5918038540978584,98.99659843960353,0.07215539578724908,3.72305480683892,5,HYD200,200,321.89182143137,692.4884631546855,129.0,11.2,-553.1329991606106,136.0
Mass-Nom-Real,AK,HYD200,2025-Hlow,1371.9916211324792,5107.999999999999,0.5918038540978584,154.25380894185358,0.11243057651804629,3.72305480683892,5,HYD200,200,321.89182143137,692.4884631546855,129.0,11.2,-553.1329991606106,136.0
Mass-Nom-Real,AK,HYD200,2030-Hhigh,1371.9916211324792,5107.999999999999,0.5796707850629603,79.40477950773627,0.057875557171547014,3.72305480683892,5,HYD200,200,321.89182143137,692.4884631546855,129.0,11.2,-553.1329991606106,136.0
Mass-Nom-Real,AK,HYD200,2030-Hlow,1371.9916211324792,5107.999999999999,0.5796707850629603,120.23995454272385,0.0876389860482344,3.72305480683892,5,HYD200,200,321.89182143137,692.4884631546855,129.0,11.2,-553.1329991606106,136.0
Mass-Nom-Real,AK,HYD200,2035-Hhigh,1371.9916211324792,5107.999999999999,0.5796707850629603,80.87726306349616,0.05894880246917096,3.72305480683892,5,HYD200,200,321.89182143137,692.4884631546855,129.0,11.2,-553.1329991606106,136.0
Mass-Nom-Real,AK,HYD200,2035-Hlow,1371.9916211324792,5107.999999999999,0.5796707850629603,111.7885388701856,0.08147902446948788,3.72305480683892,5,HYD200,200,321.89182143137,692.4884631546855,129.0,11.2,-553.1329991606106,136.0
Mass-Nom-Real,AK,HYD200,2040-Hhigh,1371.9916211324792,5107.999999999999,0.5796707850629603,86.13751771124062,0.06278283072905384,3.72305480683892,5,HYD200,200,321.89182143137,692.4884631546855,129.0,11.2,-553.1329991606106,136.0
Mass-Nom-Real,AK,HYD200,2040-Hlow,1371.9916211324792,5107.999999999999,0.5796707850629603,124.4927520200378,0.09073871159451986,3.72305480683892,5,HYD200,200,321.89182143137,692.4884631546855,129.0,11.2,-553.1329991606106,136.0
Mass-Nom-Real,AK,HYD200,2045-Hhigh,1371.9916211324792,5107.999999999999,0.5796707850629603,96.19373494052759,0.07011247988608463,3.72305480683892,5,HYD200,200,321.89182143137,692.4884631546855,129.0,11.2,-553.1329991606106,136.0
Mass-Nom-Real,AK,HYD200,2045-Hlow,1371.9916211324792,5107.999999999999,0.5796707850629603,135.19213060645012,0.09853714011377042,3.72305480683892,5,HYD200,200,321.89182143137,692.4884631546855,129.0,11.2,-553.1329991606106,136.0
Mass-Nom-Real,AK,HYD500,2024-Hhigh,1729.3362806198993,5339.133333333333,0.7674913834499969,161.48105956831367,0.09337747746229498,3.0873887243141995,5,HYD500,500,555.3700639715402,0.0,0.0,8.5,0.0,0.0
Mass-Nom-Real,AK,HYD500,2024-Hlow,1729.3362806198993,5339.133333333333,0.7734563197117749,233.81908061101566,0.13520741062993294,3.0873887243141995,5,HYD500,500,555.3700639715402,0.0,0.0,8.5,0.0,0.0
Mass-Nom-Real,AK,HYD500,2025-Hhigh,1729.3362806198993,5339.133333333333,0.7734563197117749,125.07176053285465,0.07232356247566918,3.0873887243141995,5,HYD500,500,555.3700639715402,0.0,0.0,8.5,0.0,0.0
Mass-Nom-Real,AK,HYD500,2025-Hlow,1729.3362806198993,5339.133333333333,0.7734563197117749,191.12668510158724,0.11052025406711286,3.0873887243141995,5,HYD500,500,555.3700639715402,0.0,0.0,8.5,0.0,0.0
Mass-Nom-Real,AK,HYD500,2030-Hhigh,1729.3362806198993,5339.133333333333,0.760710032792255,100.46602569618567,0.05809513558587491,3.0873887243141995,5,HYD500,500,555.3700639715402,0.0,0.0,8.5,0.0,0.0
Mass-Nom-Real,AK,HYD500,2030-Hlow,1729.3362806198993,5339.133333333333,0.760710032792255,149.55751336748656,0.0864826089890834,3.0873887243141995,5,HYD500,500,555.3700639715402,0.0,0.0,8.5,0.0,0.0
Mass-Nom-Real,AK,HYD500,2035-Hhigh,1729.3362806198993,5339.133333333333,0.760710032792255,101.9020367493057,0.058925518357122425,3.0873887243141995,5,HYD500,500,555.3700639715402,0.0,0.0,8.5,0.0,0.0
Mass-Nom-Real,AK,HYD500,2035-Hlow,1729.3362806198993,5339.133333333333,0.760710032792255,139.77791575444172,0.0808274927906658,3.0873887243141995,5,HYD500,500,555.3700639715402,0.0,0.0,8.5,0.0,0.0
Mass-Nom-Real,AK,HYD500,2040-Hhigh,1729.3362806198993,5339.133333333333,0.760710032792255,108.77256124804386,0.06289844402561956,3.0873887243141995,5,HYD500,500,555.3700639715402,0.0,0.0,8.5,0.0,0.0
Mass-Nom-Real,AK,HYD500,2040-Hlow,1729.3362806198993,5339.133333333333,0.760710032792255,155.4767775145931,0.08990546214577813,3.0873887243141995,5,HYD500,500,555.3700639715402,0.0,0.0,8.5,0.0,0.0
Mass-Nom-Real,AK,HYD500,2045-Hhigh,1729.3362806198993,5339.133333333333,0.760710032792255,121.65039393895458,0.07034513489495964,3.0873887243141995,5,HYD500,500,555.3700639715402,0.0,0.0,8.5,0.0,0.0
Mass-Nom-Real,AK,HYD500,2045-Hlow,1729.3362806198993,5339.133333333333,0.760710032792255,168.97497211471259,0.09771088134121704,3.0873887243141995,5,HYD500,500,555.3700639715402,0.0,0.0,8.5,0.0,0.0
Mass-Nom-Real,CH,HYD1000,2024-Hhigh,2829.1320690742946,8183.0598666666665,1.3655938473611937,293.5746957862326,0.10376846630644983,2.8924276657555272,3,HYD1000,1000,980.5127215756835,0.0,0.0,11.2,0.0,0.0
Mass-Nom-Real,CH,HYD1000,2024-Hlow,2829.1320690742946,8183.0598666666665,1.379821943353928,418.6776492613933,0.14798801860048427,2.8924276657555272,3,HYD1000,1000,980.5127215756835,0.0,0.0,11.2,0.0,0.0
Mass-Nom-Real,CH,HYD1000,2025-Hhigh,2829.1320690742946,8183.0598666666665,1.379821943353928,234.53879574121652,0.08290132451043854,2.8924276657555272,3,HYD1000,1000,980.5127215756835,0.0,0.0,11.2,0.0,0.0
Mass-Nom-Real,CH,HYD1000,2025-Hlow,2829.1320690742946,8183.0598666666665,1.379821943353928,349.04002209915535,0.12337353420668089,2.8924276657555272,3,HYD1000,1000,980.5127215756835,0.0,0.0,11.2,0.0,0.0
Mass-Nom-Real,CH,HYD1000,2030-Hhigh,2829.1320690742946,8183.0598666666665,1.3065557063229347,187.47587949028764,0.06626621695735492,2.8924276657555272,3,HYD1000,1000,980.5127215756835,0.0,0.0,11.2,0.0,0.0
Mass-Nom-Real,CH,HYD1000,2030-Hlow,2829.1320690742946,8183.0598666666665,1.3065557063229347,273.1245542831375,0.09654005101730904,2.8924276657555272,3,HYD1000,1000,980.5127215756835,0.0,0.0,11.2,0.0,0.0
Mass-Nom-Real,CH,HYD1000,2035-Hhigh,2829.1320690742946,8183.0598666666665,1.3065557063229347,185.9062460886948,0.06571140602478985,2.8924276657555272,3,HYD1000,1000,980.5127215756835,0.0,0.0,11.2,0.0,0.0
Mass-Nom-Real,CH,HYD1000,2035-Hlow,2829.1320690742946,8183.0598666666665,1.3065557063229347,249.6275540161164,0.08823467689785006,2.8924276657555272,3,HYD1000,1000,980.5127215756835,0.0,0.0,11.2,0.0,0.0
Mass-Nom-Real,CH,HYD1000,2040-Hhigh,2829.1320690742946,8183.0598666666665,1.3065557063229347,197.00744965699909,0.0696352962134641,2.8924276657555272,3,HYD1000,1000,980.5127215756835,0.0,0.0,11.2,0.0,0.0
Mass-Nom-Real,CH,HYD1000,2040-Hlow,2829.1320690742946,8183.0598666666665,1.3065557063229347,276.8846492633358,0.09786911409686638,2.8924276657555272,3,HYD1000,1000,980.5127215756835,0.0,0.0,11.2,0.0,0.0
Mass-Nom-Real,CH,HYD1000,2045-Hhigh,2829.1320690742946,8183.0598666666665,1.3065557063229347,222.6134305345069,0.0786861217855224,2.8924276657555272,3,HYD1000,1000,980.5127215756835,0.0,0.0,11.2,0.0,0.0
Mass-Nom-Real,CH,HYD1000,2045-Hlow,2829.1320690742946,8183.0598666666665,1.3065557063229347,304.58443849939295,0.10766002825702457,2.8924276657555272,3,HYD1000,1000,980.5127215756835,0.0,0.0,11.2,0.0,0.0
Mass-Nom-Real,CH,HYD200,2024-Hhigh,2601.3685734951478,7576.333333333333,1.1996344229966738,267.15942304347936,0.1026995658229734,2.91244132435794,3,HYD200,200,368.10928314615364,24.960872345539567,10.0,14,-448.29801830579277,95.0
Mass-Nom-Real,CH,HYD200,2024-Hlow,2601.3685734951478,7576.333333333333,1.2274864967954309,383.3915384777002,0.14738070659575273,2.91244132435794,3,HYD200,200,368.10928314615364,24.960872345539567,10.0,14,-448.29801830579277,95.0
Mass-Nom-Real,CH,HYD200,2025-Hhigh,2601.3685734951478,7576.333333333333,1.2274864967954309,211.8269403549116,0.08142903797377128,2.91244132435794,3,HYD200,200,368.10928314615364,24.960872345539567,10.0,14,-448.29801830579277,95.0
Mass-Nom-Real,CH,HYD200,2025-Hlow,2601.3685734951478,7576.333333333333,1.2274864967954309,317.0250453999902,0.12186856127582166,2.91244132435794,3,HYD200,200,368.10928314615364,24.960872345539567,10.0,14,-448.29801830579277,95.0
Mass-Nom-Real,CH,HYD200,2030-Hhigh,2601.3685734951478,7576.333333333333,1.16482235029321,168.82967159583956,0.06490032720315496,2.91244132435794,3,HYD200,200,368.10928314615364,24.960872345539567,10.0,14,-448.29801830579277,95.0
Mass-Nom-Real,CH,HYD200,2030-Hlow,2601.3685734951478,7576.333333333333,1.16482235029321,247.53256055447167,0.09515474395921213,2.91244132435794,3,HYD200,200,368.10928314615364,24.960872345539567,10.0,14,-448.29801830579277,95.0
Mass-Nom-Real,CH,HYD200,2035-Hhigh,2601.3685734951478,7576.333333333333,1.16482235029321,167.83970870667008,0.06451977256001211,2.91244132435794,3,HYD200,200,368.10928314615364,24.960872345539567,10.0,14,-448.29801830579277,95.0
Mass-Nom-Real,CH,HYD200,2035-Hlow,2601.3685734951478,7576.333333333333,1.16482235029321,227.71304436505636,0.08753586350092082,2.91244132435794,3,HYD200,200,368.10928314615364,24.960872345539567,10.0,14,-448.29801830579277,95.0
Mass-Nom-Real,CH,HYD200,2040-Hhigh,2601.3685734951478,7576.333333333333,1.16482235029321,177.8559421859489,0.06837014331536463,2.91244132435794,3,HYD200,200,368.10928314615364,24.960872345539567,10.0,14,-448.29801830579277,95.0
Mass-Nom-Real,CH,HYD200,2040-Hlow,2601.3685734951478,7576.333333333333,1.16482235029321,251.13179615463633,0.09653833705587539,2.91244132435794,3,HYD200,200,368.10928314615364,24.960872345539567,10.0,14,-448.29801830579277,95.0
Mass-Nom-Real,CH,HYD200,2045-Hhigh,2601.3685734951478,7576.333333333333,1.16482235029321,200.23762365155707,0.07697395351498451,2.91244132435794,3,HYD200,200,368.10928314615364,24.960872345539567,10.0,14,-448.29801830579277,95.0
Mass-Nom-Real,CH,HYD200,2045-Hlow,2601.3685734951478,7576.333333333333,1.16482235029321,274.7873849693912,0.10563185385152565,2.91244132435794,3,HYD200,200,368.10928314615364,24.960872345539567,10.0,14,-448.29801830579277,95.0
Mass-Nom-Real,CH,HYD500,2024-Hhigh,2696.8341504309096,7841.866666666666,1.263972531223592,276.6695338252758,0.10259048884450998,2.9078045698188983,3,HYD500,500,636.0195277705851,0.0,0.0,14,0.0,0.0
Mass-Nom-Real,CH,HYD500,2024-Hlow,2696.8341504309096,7841.866666666666,1.288714046899377,395.3111319614175,0.1465834048038339,2.9078045698188983,3,HYD500,500,636.0195277705851,0.0,0.0,14,0.0,0.0
Mass-Nom-Real,CH,HYD500,2025-Hhigh,2696.8341504309096,7841.866666666666,1.288714046899377,220.1598023759741,0.08163638922356281,2.9078045698188983,3,HYD500,500,636.0195277705851,0.0,0.0,14,0.0,0.0
Mass-Nom-Real,CH,HYD500,2025-Hlow,2696.8341504309096,7841.866666666666,1.288714046899377,327.8017467880222,0.12155057689982339,2.9078045698188983,3,HYD500,500,636.0195277705851,0.0,0.0,14,0.0,0.0
Mass-Nom-Real,CH,HYD500,2030-Hhigh,2696.8341504309096,7841.866666666666,1.2291604585201286,175.71996852705982,0.06515786983006822,2.9078045698188983,3,HYD500,500,636.0195277705851,0.0,0.0,14,0.0,0.0
Mass-Nom-Real,CH,HYD500,2030-Hlow,2696.8341504309096,7841.866666666666,1.2291604585201286,256.2237594485757,0.09500909034678139,2.9078045698188983,3,HYD500,500,636.0195277705851,0.0,0.0,14,0.0,0.0
Mass-Nom-Real,CH,HYD500,2035-Hhigh,2696.8341504309096,7841.866666666666,1.2291604585201286,174.506817070105,0.06470802701835472,2.9078045698188983,3,HYD500,500,636.0195277705851,0.0,0.0,14,0.0,0.0
Mass-Nom-Real,CH,HYD500,2035-Hlow,2696.8341504309096,7841.866666666666,1.2291604585201286,235.8219156104637,0.08744398151913911,2.9078045698188983,3,HYD500,500,636.0195277705851,0.0,0.0,14,0.0,0.0
Mass-Nom-Real,CH,HYD500,2040-Hhigh,2696.8341504309096,7841.866666666666,1.2291604585201286,185.1073692436943,0.06863876638988615,2.9078045698188983,3,HYD500,500,636.0195277705851,0.0,0.0,14,0.0,0.0
Mass-Nom-Real,CH,HYD500,2040-Hlow,2696.8341504309096,7841.866666666666,1.2291604585201286,260.2380210317896,0.09649759922767509,2.9078045698188983,3,HYD500,500,636.0195277705851,0.0,0.0,14,0.0,0.0
Mass-Nom-Real,CH,HYD500,2045-Hhigh,2696.8341504309096,7841.866666666666,1.2291604585201286,208.66649481764188,0.0773746115549228,2.9078045698188983,3,HYD500,500,636.0195277705851,0.0,0.0,14,0.0,0.0
Mass-Nom-Real,CH,HYD500,2045-Hlow,2696.8341504309096,7841.866666666666,1.2291604585201286,285.2261492760184,0.10576332594662671,2.9078045698188983,3,HYD500,500,636.0195277705851,0.0,0.0,14,0.0,0.0
Mass-Nom-Real,CH,HYD1000,2024-Hhigh,2965.1210987596705,8657.914999999999,1.3938041601342952,306.8904337989337,0.1035001349278139,2.919919528285594,4,HYD1000,1000,976.0706668782007,0.0,0.0,11.2,0.0,0.0
Mass-Nom-Real,CH,HYD1000,2024-Hlow,2965.1210987596705,8657.914999999999,1.3889043911317343,432.92795048237394,0.14600683616715368,2.919919528285594,4,HYD1000,1000,976.0706668782007,0.0,0.0,11.2,0.0,0.0
Mass-Nom-Real,CH,HYD1000,2025-Hhigh,2965.1210987596705,8657.914999999999,1.3889043911317343,243.63049307697753,0.08216544450035776,2.919919528285594,4,HYD1000,1000,976.0706668782007,0.0,0.0,11.2,0.0,0.0
Mass-Nom-Real,CH,HYD1000,2025-Hlow,2965.1210987596705,8657.914999999999,1.3889043911317343,359.90653472461395,0.121380045784695,2.919919528285594,4,HYD1000,1000,976.0706668782007,0.0,0.0,11.2,0.0,0.0
Mass-Nom-Real,CH,HYD1000,2030-Hhigh,2965.1210987596705,8657.914999999999,1.3156381541007411,194.47194094329598,0.06558650876844284,2.919919528285594,4,HYD1000,1000,976.0706668782007,0.0,0.0,11.2,0.0,0.0
Mass-Nom-Real,CH,HYD1000,2030-Hlow,2965.1210987596705,8657.914999999999,1.3156381541007411,281.59965195310855,0.09497070864016431,2.919919528285594,4,HYD1000,1000,976.0706668782007,0.0,0.0,11.2,0.0,0.0
Mass-Nom-Real,CH,HYD1000,2035-Hhigh,2965.1210987596705,8657.914999999999,1.3156381541007411,193.0424668807939,0.0651044124172685,2.919919528285594,4,HYD1000,1000,976.0706668782007,0.0,0.0,11.2,0.0,0.0
Mass-Nom-Real,CH,HYD1000,2035-Hlow,2965.1210987596705,8657.914999999999,1.3156381541007411,257.76804796103704,0.08693339643661202,2.919919528285594,4,HYD1000,1000,976.0706668782007,0.0,0.0,11.2,0.0,0.0
Mass-Nom-Real,CH,HYD1000,2040-Hhigh,2965.1210987596705,8657.914999999999,1.3156381541007411,204.2088694963707,0.06887033031527535,2.919919528285594,4,HYD1000,1000,976.0706668782007,0.0,0.0,11.2,0.0,0.0
Mass-Nom-Real,CH,HYD1000,2040-Hlow,2965.1210987596705,8657.914999999999,1.3156381541007411,284.7960958956157,0.09604872327634367,2.919919528285594,4,HYD1000,1000,976.0706668782007,0.0,0.0,11.2,0.0,0.0
Mass-Nom-Real,CH,HYD1000,2045-Hhigh,2965.1210987596705,8657.914999999999,1.3156381541007411,230.7117999088678,0.07780855898444622,2.919919528285594,4,HYD1000,1000,976.0706668782007,0.0,0.0,11.2,0.0,0.0
Mass-Nom-Real,CH,HYD1000,2045-Hlow,2965.1210987596705,8657.914999999999,1.3156381541007411,313.9324725450552,0.10587509315433194,2.919919528285594,4,HYD1000,1000,976.0706668782007,0.0,0.0,11.2,0.0,0.0
Mass-Nom-Real,CH,HYD200,2024-Hhigh,2740.1093100467688,8054.9,1.2085212187093302,280.2604123971478,0.10228074163667734,2.939627251535639,4,HYD200,200,367.34837897034475,40.9818815430795,20.0,14,-281.1634443596565,86.0
Mass-Nom-Real,CH,HYD200,2024-Hlow,2740.1093100467688,8054.9,1.2071815391789322,397.37293236470725,0.14502083216451128,2.939627251535639,4,HYD200,200,367.34837897034475,40.9818815430795,20.0,14,-281.1634443596565,86.0
Mass-Nom-Real,CH,HYD200,2025-Hhigh,2740.1093100467688,8054.9,1.2071815391789322,220.0832641199332,0.08031915490122428,2.939627251535639,4,HYD200,200,367.34837897034475,40.9818815430795,20.0,14,-281.1634443596565,86.0
Mass-Nom-Real,CH,HYD200,2025-Hlow,2740.1093100467688,8054.9,1.2071815391789322,327.1445710152351,0.11939106582928669,2.939627251535639,4,HYD200,200,367.34837897034475,40.9818815430795,20.0,14,-281.1634443596565,86.0
Mass-Nom-Real,CH,HYD200,2030-Hhigh,2740.1093100467688,8054.9,1.147894914811233,175.07028772243643,0.06389171668463413,2.939627251535639,4,HYD200,200,367.34837897034475,40.9818815430795,20.0,14,-281.1634443596565,86.0
Mass-Nom-Real,CH,HYD200,2030-Hlow,2740.1093100467688,8054.9,1.147894914811233,255.26260054219716,0.09315781659011271,2.939627251535639,4,HYD200,200,367.34837897034475,40.9818815430795,20.0,14,-281.1634443596565,86.0
Mass-Nom-Real,CH,HYD200,2035-Hhigh,2740.1093100467688,8054.9,1.147894914811233,174.36011181244126,0.06363253873600584,2.939627251535639,4,HYD200,200,367.34837897034475,40.9818815430795,20.0,14,-281.1634443596565,86.0
Mass-Nom-Real,CH,HYD200,2035-Hlow,2740.1093100467688,8054.9,1.147894914811233,235.09728129442212,0.08579850461893049,2.939627251535639,4,HYD200,200,367.34837897034475,40.9818815430795,20.0,14,-281.1634443596565,86.0
Mass-Nom-Real,CH,HYD200,2040-Hhigh,2740.1093100467688,8054.9,1.147894914811233,184.170728368491,0.06721291289118227,2.939627251535639,4,HYD200,200,367.34837897034475,40.9818815430795,20.0,14,-281.1634443596565,86.0
Mass-Nom-Real,CH,HYD200,2040-Hlow,2740.1093100467688,8054.9,1.147894914811233,257.79463587375886,0.09408188021132587,2.939627251535639,4,HYD200,200,367.34837897034475,40.9818815430795,20.0,14,-281.1634443596565,86.0
Mass-Nom-Real,CH,HYD200,2045-Hhigh,2740.1093100467688,8054.9,1.147894914811233,207.10096333568785,0.07558127793527807,2.939627251535639,4,HYD200,200,367.34837897034475,40.9818815430795,20.0,14,-281.1634443596565,86.0
Mass-Nom-Real,CH,HYD200,2045-Hlow,2740.1093100467688,8054.9,1.147894914811233,282.7756294679964,0.10319866745139811,2.939627251535639,4,HYD200,200,367.34837897034475,40.9818815430795,20.0,14,-281.1634443596565,86.0
Mass-Nom-Real,CH,HYD500,2024-Hhigh,2835.4747096796973,8319.266666666666,1.2757706826250583,289.9419390313514,0.10225516667158142,2.9339943108173347,4,HYD500,500,633.9753098307597,0.0,0.0,14,0.0,0.0
Mass-Nom-Real,CH,HYD500,2024-Hlow,2835.4747096796973,8319.266666666666,1.2773501784275758,409.42879279346147,0.14439514886017504,2.9339943108173347,4,HYD500,500,633.9753098307597,0.0,0.0,14,0.0,0.0
Mass-Nom-Real,CH,HYD500,2025-Hhigh,2835.4747096796973,8319.266666666666,1.2773501784275758,228.76643774265767,0.08068011926246373,2.9339943108173347,4,HYD500,500,633.9753098307597,0.0,0.0,14,0.0,0.0
Mass-Nom-Real,CH,HYD500,2025-Hlow,2835.4747096796973,8319.266666666666,1.2773501784275758,338.1739638439426,0.11926537827669202,2.9339943108173347,4,HYD500,500,633.9753098307597,0.0,0.0,14,0.0,0.0
Mass-Nom-Real,CH,HYD500,2030-Hhigh,2835.4747096796973,8319.266666666666,1.2180635540598763,182.26667685589132,0.0642808332000537,2.9339943108173347,4,HYD500,500,633.9753098307597,0.0,0.0,14,0.0,0.0
Mass-Nom-Real,CH,HYD500,2030-Hlow,2835.4747096796973,8319.266666666666,1.2180635540598763,264.23840190805583,0.09319018117354498,2.9339943108173347,4,HYD500,500,633.9753098307597,0.0,0.0,14,0.0,0.0
Mass-Nom-Real,CH,HYD500,2035-Hhigh,2835.4747096796973,8319.266666666666,1.2180635540598763,181.2880602242598,0.06393569993954859,2.9339943108173347,4,HYD500,500,633.9753098307597,0.0,0.0,14,0.0,0.0
Mass-Nom-Real,CH,HYD500,2035-Hlow,2835.4747096796973,8319.266666666666,1.2180635540598763,243.41030853567466,0.08584464100657449,2.9339943108173347,4,HYD500,500,633.9753098307597,0.0,0.0,14,0.0,0.0
Mass-Nom-Real,CH,HYD500,2040-Hhigh,2835.4747096796973,8319.266666666666,1.2180635540598763,191.72515032041932,0.06761659684916643,2.9339943108173347,4,HYD500,500,633.9753098307597,0.0,0.0,14,0.0,0.0
Mass-Nom-Real,CH,HYD500,2040-Hlow,2835.4747096796973,8319.266666666666,1.2180635540598763,267.36779571021566,0.09429383898134581,2.9339943108173347,4,HYD500,500,633.9753098307597,0.0,0.0,14,0.0,0.0
Mass-Nom-Real,CH,HYD500,2045-Hhigh,2835.4747096796973,8319.266666666666,1.2180635540598763,216.03189259687974,0.07618896823850821,2.9339943108173347,4,HYD500,500,633.9753098307597,0.0,0.0,14,0.0,0.0
Mass-Nom-Real,CH,HYD500,2045-Hlow,2835.4747096796973,8319.266666666666,1.2180635540598763,293.70158466408253,0.10358109831184488,2.9339943108173347,4,HYD500,500,633.9753098307597,0.0,0.0,14,0.0,0.0
Mass-Nom-Real,CH,HYD1000,2024-Hhigh,3106.6394127268054,9133.244133333334,1.4769830124152181,319.78478422975405,0.1029359194117311,2.9399112416837485,5,HYD1000,1000,972.9518100150833,0.0,0.0,11.2,0.0,0.0
Mass-Nom-Real,CH,HYD1000,2024-Hlow,3106.6394127268054,9133.244133333334,1.479357484102886,449.25464468032425,0.14461113280153676,2.9399112416837485,5,HYD1000,1000,972.9518100150833,0.0,0.0,11.2,0.0,0.0
Mass-Nom-Real,CH,HYD1000,2025-Hhigh,3106.6394127268054,9133.244133333334,1.479357484102886,253.64400873550397,0.08164578344574333,2.9399112416837485,5,HYD1000,1000,972.9518100150833,0.0,0.0,11.2,0.0,0.0
Mass-Nom-Real,CH,HYD1000,2025-Hlow,3106.6394127268054,9133.244133333334,1.479357484102886,372.10109829425045,0.11977608240270292,2.9399112416837485,5,HYD1000,1000,972.9518100150833,0.0,0.0,11.2,0.0,0.0
Mass-Nom-Real,CH,HYD1000,2030-Hhigh,3106.6394127268054,9133.244133333334,1.396605826819033,202.61580754237292,0.06522025269888983,2.9399112416837485,5,HYD1000,1000,972.9518100150833,0.0,0.0,11.2,0.0,0.0
Mass-Nom-Real,CH,HYD1000,2030-Hlow,3106.6394127268054,9133.244133333334,1.396605826819033,290.8925613789924,0.09363576609094323,2.9399112416837485,5,HYD1000,1000,972.9518100150833,0.0,0.0,11.2,0.0,0.0
Mass-Nom-Real,CH,HYD1000,2035-Hhigh,3106.6394127268054,9133.244133333334,1.396605826819033,201.00534864538585,0.06470186009420272,2.9399112416837485,5,HYD1000,1000,972.9518100150833,0.0,0.0,11.2,0.0,0.0
Mass-Nom-Real,CH,HYD1000,2035-Hlow,3106.6394127268054,9133.244133333334,1.396605826819033,266.9272120587798,0.08592153017993437,2.9399112416837485,5,HYD1000,1000,972.9518100150833,0.0,0.0,11.2,0.0,0.0
Mass-Nom-Real,CH,HYD1000,2040-Hhigh,3106.6394127268054,9133.244133333334,1.396605826819033,212.58455789106037,0.06842910606882037,2.9399112416837485,5,HYD1000,1000,972.9518100150833,0.0,0.0,11.2,0.0,0.0
Mass-Nom-Real,CH,HYD1000,2040-Hlow,3106.6394127268054,9133.244133333334,1.396605826819033,295.29791903793944,0.09505381211228058,2.9399112416837485,5,HYD1000,1000,972.9518100150833,0.0,0.0,11.2,0.0,0.0
Mass-Nom-Real,CH,HYD1000,2045-Hhigh,3106.6394127268054,9133.244133333334,1.396605826819033,239.60518353766497,0.07712680865249023,2.9399112416837485,5,HYD1000,1000,972.9518100150833,0.0,0.0,11.2,0.0,0.0
Mass-Nom-Real,CH,HYD1000,2045-Hlow,3106.6394127268054,9133.244133333334,1.396605826819033,324.8484843531181,0.10456588010257274,2.9399112416837485,5,HYD1000,1000,972.9518100150833,0.0,0.0,11.2,0.0,0.0
Mass-Nom-Real,CH,HYD200,2024-Hhigh,2885.461722367403,8533.466666666667,1.3240643527147609,292.93749865907023,0.10152187997792153,2.957400751677727,5,HYD200,200,366.4181974858912,59.80251660033547,23.0,14,-365.59991316622813,118.0
Mass-Nom-Real,CH,HYD200,2024-Hlow,2885.461722367403,8533.466666666667,1.3285630238501942,413.98708490393153,0.1434734280807829,2.957400751677727,5,HYD200,200,366.4181974858912,59.80251660033547,23.0,14,-365.59991316622813,118.0
Mass-Nom-Real,CH,HYD200,2025-Hhigh,2885.461722367403,8533.466666666667,1.3285630238501942,229.55040410584974,0.07955413247260582,2.957400751677727,5,HYD200,200,366.4181974858912,59.80251660033547,23.0,14,-365.59991316622813,118.0
Mass-Nom-Real,CH,HYD200,2025-Hlow,2885.461722367403,8533.466666666667,1.3285630238501942,339.0872528377999,0.11751576886613235,2.957400751677727,5,HYD200,200,366.4181974858912,59.80251660033547,23.0,14,-365.59991316622813,118.0
Mass-Nom-Real,CH,HYD200,2030-Hhigh,2885.461722367403,8533.466666666667,1.2591438330789317,182.5882136151884,0.06327868160572314,2.957400751677727,5,HYD200,200,366.4181974858912,59.80251660033547,23.0,14,-365.59991316622813,118.0
Mass-Nom-Real,CH,HYD200,2030-Hlow,2885.461722367403,8533.466666666667,1.2591438330789317,264.13926713038325,0.09154142128548765,2.957400751677727,5,HYD200,200,366.4181974858912,59.80251660033547,23.0,14,-365.59991316622813,118.0
Mass-Nom-Real,CH,HYD200,2035-Hhigh,2885.461722367403,8533.466666666667,1.2591438330789317,181.9470335411715,0.0630564710426626,2.957400751677727,5,HYD200,200,366.4181974858912,59.80251660033547,23.0,14,-365.59991316622813,118.0
Mass-Nom-Real,CH,HYD200,2035-Hlow,2885.461722367403,8533.466666666667,1.2591438330789317,244.00470558691234,0.08456348725593783,2.957400751677727,5,HYD200,200,366.4181974858912,59.80251660033547,23.0,14,-365.59991316622813,118.0
Mass-Nom-Real,CH,HYD200,2040-Hhigh,2885.461722367403,8533.466666666667,1.2591438330789317,192.2313465854632,0.06662065384383102,2.957400751677727,5,HYD200,200,366.4181974858912,59.80251660033547,23.0,14,-365.59991316622813,118.0
Mass-Nom-Real,CH,HYD200,2040-Hlow,2885.461722367403,8533.466666666667,1.2591438330789317,268.26518427626905,0.09297131970136428,2.957400751677727,5,HYD200,200,366.4181974858912,59.80251660033547,23.0,14,-365.59991316622813,118.0
Mass-Nom-Real,CH,HYD200,2045-Hhigh,2885.461722367403,8533.466666666667,1.2591438330789317,215.51460126447233,0.07468981466427198,2.957400751677727,5,HYD200,200,366.4181974858912,59.80251660033547,23.0,14,-365.59991316622813,118.0
Mass-Nom-Real,CH,HYD200,2045-Hlow,2885.461722367403,8533.466666666667,1.2591438330789317,293.21921393110114,0.10161951262709068,2.957400751677727,5,HYD200,200,366.4181974858912,59.80251660033547,23.0,14,-365.59991316622813,118.0
Mass-Nom-Real,CH,HYD500,2024-Hhigh,2980.8804416383778,8796.2,1.3976226965658987,302.7155673078695,0.10155240145810353,2.950873130344455,5,HYD500,500,632.2800840440239,0.0,0.0,14,0.0,0.0
Mass-Nom-Real,CH,HYD500,2024-Hlow,2980.8804416383778,8796.2,1.401929984911275,425.9976923773486,0.14291002296731095,2.950873130344455,5,HYD500,500,632.2800840440239,0.0,0.0,14,0.0,0.0
Mass-Nom-Real,CH,HYD500,2025-Hhigh,2980.8804416383778,8796.2,1.401929984911275,238.3563930653333,0.07996174208661846,2.950873130344455,5,HYD500,500,632.2800840440239,0.0,0.0,14,0.0,0.0
Mass-Nom-Real,CH,HYD500,2025-Hlow,2980.8804416383778,8796.2,1.401929984911275,350.2609371662081,0.11750251109490813,2.950873130344455,5,HYD500,500,632.2800840440239,0.0,0.0,14,0.0,0.0
Mass-Nom-Real,CH,HYD500,2030-Hhigh,2980.8804416383778,8796.2,1.3356213522629843,189.89250584002554,0.06370349618438743,2.950873130344455,5,HYD500,500,632.2800840440239,0.0,0.0,14,0.0,0.0
Mass-Nom-Real,CH,HYD500,2030-Hlow,2980.8804416383778,8796.2,1.3356213522629843,273.2669760761756,0.09167324266315766,2.950873130344455,5,HYD500,500,632.2800840440239,0.0,0.0,14,0.0,0.0
Mass-Nom-Real,CH,HYD500,2035-Hhigh,2980.8804416383778,8796.2,1.3356213522629843,189.05466643860154,0.06342242506535808,2.950873130344455,5,HYD500,500,632.2800840440239,0.0,0.0,14,0.0,0.0
Mass-Nom-Real,CH,HYD500,2035-Hlow,2980.8804416383778,8796.2,1.3356213522629843,252.48044907182842,0.08469995828918851,2.950873130344455,5,HYD500,500,632.2800840440239,0.0,0.0,14,0.0,0.0
Mass-Nom-Real,CH,HYD500,2040-Hhigh,2980.8804416383778,8796.2,1.3356213522629843,199.91177681418858,0.06706467459134702,2.950873130344455,5,HYD500,500,632.2800840440239,0.0,0.0,14,0.0,0.0
Mass-Nom-Real,CH,HYD500,2040-Hlow,2980.8804416383778,8796.2,1.3356213522629843,277.76702126324074,0.09318287891834132,2.950873130344455,5,HYD500,500,632.2800840440239,0.0,0.0,14,0.0,0.0
Mass-Nom-Real,CH,HYD500,2045-Hhigh,2980.8804416383778,8796.2,1.3356213522629843,224.5589345415955,0.07533308998403554,2.950873130344455,5,HYD500,500,632.2800840440239,0.0,0.0,14,0.0,0.0
Mass-Nom-Real,CH,HYD500,2045-Hlow,2980.8804416383778,8796.2,1.3356213522629843,304.2373182818155,0.10206290531887212,2.950873130344455,5,HYD500,500,632.2800840440239,0.0,0.0,14,0.0,0.0
Mass-H1-Ideal,AK,HYD1000,2024-Hhigh,927.2784077653965,3069.426833331161,0.316810450753945,81.50681897426084,0.08789897218752261,3.3101459147830528,3,HYD1000,1000,861.6763056383284,0.0,0.0,5,0.0,0.0
Mass-H1-Ideal,AK,HYD1000,2024-Hlow,927.2784077653965,3069.426833331161,0.338912518763427,115.187138372748,0.12422066275686491,3.3101459147830528,3,HYD1000,1000,861.6763056383284,0.0,0.0,5,0.0,0.0
Mass-H1-Ideal,AK,HYD1000,2025-Hhigh,927.2784077653965,3069.426833331161,0.338912518763427,62.9163382927523,0.06785053740695995,3.3101459147830528,3,HYD1000,1000,861.6763056383284,0.0,0.0,5,0.0,0.0
Mass-H1-Ideal,AK,HYD1000,2025-Hlow,927.2784077653965,3069.426833331161,0.338912518763427,93.25334822632593,0.10056672024861732,3.3101459147830528,3,HYD1000,1000,861.6763056383284,0.0,0.0,5,0.0,0.0
Mass-H1-Ideal,AK,HYD1000,2030-Hhigh,927.2784077653965,3069.426833331161,0.33377992274762364,50.412482229873234,0.05436606935705517,3.3101459147830528,3,HYD1000,1000,861.6763056383284,0.0,0.0,5,0.0,0.0
Mass-H1-Ideal,AK,HYD1000,2030-Hlow,927.2784077653965,3069.426833331161,0.33377992274762364,73.00590317913354,0.07873137405956313,3.3101459147830528,3,HYD1000,1000,861.6763056383284,0.0,0.0,5,0.0,0.0
Mass-H1-Ideal,AK,HYD1000,2035-Hhigh,927.2784077653965,3069.426833331161,0.33377992274762364,51.35965812022667,0.05538752729506107,3.3101459147830528,3,HYD1000,1000,861.6763056383284,0.0,0.0,5,0.0,0.0
Mass-H1-Ideal,AK,HYD1000,2035-Hlow,927.2784077653965,3069.426833331161,0.33377992274762364,68.21062905424988,0.07356003168307065,3.3101459147830528,3,HYD1000,1000,861.6763056383284,0.0,0.0,5,0.0,0.0
Mass-H1-Ideal,AK,HYD1000,2040-Hhigh,927.2784077653965,3069.426833331161,0.33377992274762364,54.433263020410976,0.058702178940612956,3.3101459147830528,3,HYD1000,1000,861.6763056383284,0.0,0.0,5,0.0,0.0
Mass-H1-Ideal,AK,HYD1000,2040-Hlow,927.2784077653965,3069.426833331161,0.33377992274762364,75.42562597076682,0.0813408630451467,3.3101459147830528,3,HYD1000,1000,861.6763056383284,0.0,0.0,5,0.0,0.0
Mass-H1-Ideal,AK,HYD1000,2045-Hhigh,927.2784077653965,3069.426833331161,0.33377992274762364,60.22756595578391,0.0649508987283802,3.3101459147830528,3,HYD1000,1000,861.6763056383284,0.0,0.0,5,0.0,0.0
Mass-H1-Ideal,AK,HYD1000,2045-Hlow,927.2784077653965,3069.426833331161,0.33377992274762364,81.57626742310546,0.08797386711472359,3.3101459147830528,3,HYD1000,1000,861.6763056383284,0.0,0.0,5,0.0,0.0
Mass-H1-Ideal,AK,HYD200,2024-Hhigh,808.8276840672446,2532.575,0.2763711309010709,71.86204808774657,0.08884716671217707,3.1311675526049942,3,HYD200,200,320.22305682422194,627.4657308303191,129.0,8.5,-534.5544531223122,89.0
Mass-H1-Ideal,AK,HYD200,2024-Hlow,808.8276840672446,2532.575,0.30197950109374255,103.88993960465521,0.12844508373184957,3.1311675526049942,3,HYD200,200,320.22305682422194,627.4657308303191,129.0,8.5,-534.5544531223122,89.0
Mass-H1-Ideal,AK,HYD200,2025-Hhigh,808.8276840672446,2532.575,0.30197950109374255,55.3048619477192,0.06837656899874517,3.1311675526049942,3,HYD200,200,320.22305682422194,627.4657308303191,129.0,8.5,-534.5544531223122,89.0
Mass-H1-Ideal,AK,HYD200,2025-Hlow,808.8276840672446,2532.575,0.30197950109374255,83.68893174915796,0.10346942049303075,3.1311675526049942,3,HYD200,200,320.22305682422194,627.4657308303191,129.0,8.5,-534.5544531223122,89.0
Mass-H1-Ideal,AK,HYD200,2030-Hhigh,808.8276840672446,2532.575,0.3004552549455233,44.15649759317303,0.05459320750636168,3.1311675526049942,3,HYD200,200,320.22305682422194,627.4657308303191,129.0,8.5,-534.5544531223122,89.0
Mass-H1-Ideal,AK,HYD200,2030-Hlow,808.8276840672446,2532.575,0.3004552549455233,65.22819669750083,0.08064535621418946,3.1311675526049942,3,HYD200,200,320.22305682422194,627.4657308303191,129.0,8.5,-534.5544531223122,89.0
Mass-H1-Ideal,AK,HYD200,2035-Hhigh,808.8276840672446,2532.575,0.3004552549455233,44.93808314144202,0.05555952649329192,3.1311675526049942,3,HYD200,200,320.22305682422194,627.4657308303191,129.0,8.5,-534.5544531223122,89.0
Mass-H1-Ideal,AK,HYD200,2035-Hlow,808.8276840672446,2532.575,0.3004552549455233,61.59920542195695,0.07615862641125387,3.1311675526049942,3,HYD200,200,320.22305682422194,627.4657308303191,129.0,8.5,-534.5544531223122,89.0
Mass-H1-Ideal,AK,HYD200,2040-Hhigh,808.8276840672446,2532.575,0.3004552549455233,47.816523732836,0.05911830748965884,3.1311675526049942,3,HYD200,200,320.22305682422194,627.4657308303191,129.0,8.5,-534.5544531223122,89.0
Mass-H1-Ideal,AK,HYD200,2040-Hlow,808.8276840672446,2532.575,0.3004552549455233,68.01454567201567,0.0840902790690842,3.1311675526049942,3,HYD200,200,320.22305682422194,627.4657308303191,129.0,8.5,-534.5544531223122,89.0
Mass-H1-Ideal,AK,HYD200,2045-Hhigh,808.8276840672446,2532.575,0.3004552549455233,52.93294614555046,0.06544403361587918,3.1311675526049942,3,HYD200,200,320.22305682422194,627.4657308303191,129.0,8.5,-534.5544531223122,89.0
Mass-H1-Ideal,AK,HYD200,2045-Hlow,808.8276840672446,2532.575,0.3004552549455233,73.28060496398011,0.09060100984116128,3.1311675526049942,3,HYD200,200,320.22305682422194,627.4657308303191,129.0,8.5,-534.5544531223122,89.0
Mass-H1-Ideal,AK,HYD500,2024-Hhigh,834.5999310476572,2765.215655553599,0.2874342419013126,73.6708402696574,0.08827084394457094,3.3132229619076017,3,HYD500,500,554.3755519846553,0.0,0.0,5,0.0,0.0
Mass-H1-Ideal,AK,HYD500,2024-Hlow,834.5999310476572,2765.215655553599,0.3112015716077235,104.56381925638418,0.12528615851324987,3.3132229619076017,3,HYD500,500,554.3755519846553,0.0,0.0,5,0.0,0.0
Mass-H1-Ideal,AK,HYD500,2025-Hhigh,834.5999310476572,2765.215655553599,0.3112015716077235,56.86949751932553,0.06813983011949012,3.3132229619076017,3,HYD500,500,554.3755519846553,0.0,0.0,5,0.0,0.0
Mass-H1-Ideal,AK,HYD500,2025-Hlow,834.5999310476572,2765.215655553599,0.3112015716077235,84.56390618856844,0.10132268532830695,3.3132229619076017,3,HYD500,500,554.3755519846553,0.0,0.0,5,0.0,0.0
Mass-H1-Ideal,AK,HYD500,2030-Hhigh,834.5999310476572,2765.215655553599,0.3078286680776705,45.516216676569165,0.05453656893960384,3.3132229619076017,3,HYD500,500,554.3755519846553,0.0,0.0,5,0.0,0.0
Mass-H1-Ideal,AK,HYD500,2030-Hlow,834.5999310476572,2765.215655553599,0.3078286680776705,66.11027072444452,0.07921192929102878,3.3132229619076017,3,HYD500,500,554.3755519846553,0.0,0.0,5,0.0,0.0
Mass-H1-Ideal,AK,HYD500,2035-Hhigh,834.5999310476572,2765.215655553599,0.3078286680776705,46.272612937047995,0.05544286695418592,3.3132229619076017,3,HYD500,500,554.3755519846553,0.0,0.0,5,0.0,0.0
Mass-H1-Ideal,AK,HYD500,2035-Hlow,834.5999310476572,2765.215655553599,0.3078286680776705,61.980690887863844,0.07426395400016471,3.3132229619076017,3,HYD500,500,554.3755519846553,0.0,0.0,5,0.0,0.0
Mass-H1-Ideal,AK,HYD500,2040-Hhigh,834.5999310476572,2765.215655553599,0.3078286680776705,49.05116937268294,0.05877207455685979,3.3132229619076017,3,HYD500,500,554.3755519846553,0.0,0.0,5,0.0,0.0
Mass-H1-Ideal,AK,HYD500,2040-Hlow,834.5999310476572,2765.215655553599,0.3078286680776705,68.66040270355928,0.08226744353713426,3.3132229619076017,3,HYD500,500,554.3755519846553,0.0,0.0,5,0.0,0.0
Mass-H1-Ideal,AK,HYD500,2045-Hhigh,834.5999310476572,2765.215655553599,0.3078286680776705,54.34271278975315,0.06511229005439503,3.3132229619076017,3,HYD500,500,554.3755519846553,0.0,0.0,5,0.0,0.0
Mass-H1-Ideal,AK,HYD500,2045-Hlow,834.5999310476572,2765.215655553599,0.3078286680776705,74.1856084524658,0.08888762830275104,3.3132229619076017,3,HYD500,500,554.3755519846553,0.0,0.0,5,0.0,0.0
Mass-H1-Ideal,AK,HYD1000,2024-Hhigh,1065.3880246970411,3539.51066666424,0.36005155639949876,94.33806425760099,0.08854808020244775,3.3222737487318317,4,HYD1000,1000,852.3934212838758,0.0,0.0,5,0.0,0.0
Mass-H1-Ideal,AK,HYD1000,2024-Hlow,1065.3880246970411,3539.51066666424,0.3616755757373908,128.64220757350898,0.12074681204539567,3.3222737487318317,4,HYD1000,1000,852.3934212838758,0.0,0.0,5,0.0,0.0
Mass-H1-Ideal,AK,HYD1000,2025-Hhigh,1065.3880246970411,3539.51066666424,0.3616755757373908,71.31245448439903,0.0669356636561386,3.3222737487318317,4,HYD1000,1000,852.3934212838758,0.0,0.0,5,0.0,0.0
Mass-H1-Ideal,AK,HYD1000,2025-Hlow,1065.3880246970411,3539.51066666424,0.3616755757373908,103.13747857525777,0.09680743183178396,3.3222737487318317,4,HYD1000,1000,852.3934212838758,0.0,0.0,5,0.0,0.0
Mass-H1-Ideal,AK,HYD1000,2030-Hhigh,1065.3880246970411,3539.51066666424,0.35740817782031775,56.78002026911626,0.05329515533578716,3.3222737487318317,4,HYD1000,1000,852.3934212838758,0.0,0.0,5,0.0,0.0
Mass-H1-Ideal,AK,HYD1000,2030-Hlow,1065.3880246970411,3539.51066666424,0.35740817782031775,80.63223289618736,0.07568344211407513,3.3222737487318317,4,HYD1000,1000,852.3934212838758,0.0,0.0,5,0.0,0.0
Mass-H1-Ideal,AK,HYD1000,2035-Hhigh,1065.3880246970411,3539.51066666424,0.35740817782031775,57.88805432145219,0.0543351839700972,3.3222737487318317,4,HYD1000,1000,852.3934212838758,0.0,0.0,5,0.0,0.0
Mass-H1-Ideal,AK,HYD1000,2035-Hlow,1065.3880246970411,3539.51066666424,0.35740817782031775,75.40959617186957,0.07078134390830365,3.3222737487318317,4,HYD1000,1000,852.3934212838758,0.0,0.0,5,0.0,0.0
Mass-H1-Ideal,AK,HYD1000,2040-Hhigh,1065.3880246970411,3539.51066666424,0.35740817782031775,60.819686616389475,0.05708688778784092,3.3222737487318317,4,HYD1000,1000,852.3934212838758,0.0,0.0,5,0.0,0.0
Mass-H1-Ideal,AK,HYD1000,2040-Hlow,1065.3880246970411,3539.51066666424,0.35740817782031775,82.26387530149816,0.07721494271994574,3.3222737487318317,4,HYD1000,1000,852.3934212838758,0.0,0.0,5,0.0,0.0
Mass-H1-Ideal,AK,HYD1000,2045-Hhigh,1065.3880246970411,3539.51066666424,0.35740817782031775,67.19300036918642,0.06306904039802189,3.3222737487318317,4,HYD1000,1000,852.3934212838758,0.0,0.0,5,0.0,0.0
Mass-H1-Ideal,AK,HYD1000,2045-Hlow,1065.3880246970411,3539.51066666424,0.35740817782031775,89.3814500823608,0.08389567745308357,3.3222737487318317,4,HYD1000,1000,852.3934212838758,0.0,0.0,5,0.0,0.0
Mass-H1-Ideal,AK,HYD200,2024-Hhigh,950.2083311285494,3008.858333333333,0.290614174031538,84.937189139777,0.08938796509908335,3.1665248922410028,4,HYD200,200,318.01778936877133,1234.5362306686873,182.0,8.5,-458.6164410294224,97.0
Mass-H1-Ideal,AK,HYD200,2024-Hlow,950.2083311285494,3008.858333333333,0.288924232563189,117.73879948938419,0.12390840580143876,3.1665248922410028,4,HYD200,200,318.01778936877133,1234.5362306686873,182.0,8.5,-458.6164410294224,97.0
Mass-H1-Ideal,AK,HYD200,2025-Hhigh,950.2083311285494,3008.858333333333,0.288924232563189,63.433718513303205,0.06675769558657084,3.1665248922410028,4,HYD200,200,318.01778936877133,1234.5362306686873,182.0,8.5,-458.6164410294224,97.0
Mass-H1-Ideal,AK,HYD200,2025-Hlow,950.2083311285494,3008.858333333333,0.288924232563189,93.64452911627757,0.09855157658432362,3.1665248922410028,4,HYD200,200,318.01778936877133,1234.5362306686873,182.0,8.5,-458.6164410294224,97.0
Mass-H1-Ideal,AK,HYD200,2030-Hhigh,950.2083311285494,3008.858333333333,0.28571004494662067,50.25927698347902,0.05289290288981866,3.1665248922410028,4,HYD200,200,318.01778936877133,1234.5362306686873,182.0,8.5,-458.6164410294224,97.0
Mass-H1-Ideal,AK,HYD200,2030-Hlow,950.2083311285494,3008.858333333333,0.28571004494662067,72.76308813474412,0.07657593156263365,3.1665248922410028,4,HYD200,200,318.01778936877133,1234.5362306686873,182.0,8.5,-458.6164410294224,97.0
Mass-H1-Ideal,AK,HYD200,2035-Hhigh,950.2083311285494,3008.858333333333,0.28571004494662067,51.403138722337204,0.054096703889436965,3.1665248922410028,4,HYD200,200,318.01778936877133,1234.5362306686873,182.0,8.5,-458.6164410294224,97.0
Mass-H1-Ideal,AK,HYD200,2035-Hlow,950.2083311285494,3008.858333333333,0.28571004494662067,68.6867441516745,0.07228598392743642,3.1665248922410028,4,HYD200,200,318.01778936877133,1234.5362306686873,182.0,8.5,-458.6164410294224,97.0
Mass-H1-Ideal,AK,HYD200,2040-Hhigh,950.2083311285494,3008.858333333333,0.28571004494662067,53.961802433213904,0.05678944360456639,3.1665248922410028,4,HYD200,200,318.01778936877133,1234.5362306686873,182.0,8.5,-458.6164410294224,97.0
Mass-H1-Ideal,AK,HYD200,2040-Hlow,950.2083311285494,3008.858333333333,0.28571004494662067,74.399531516673,0.07829812587341735,3.1665248922410028,4,HYD200,200,318.01778936877133,1234.5362306686873,182.0,8.5,-458.6164410294224,97.0
Mass-H1-Ideal,AK,HYD200,2045-Hhigh,950.2083311285494,3008.858333333333,0.28571004494662067,59.55382945618812,0.06267449727098988,3.1665248922410028,4,HYD200,200,318.01778936877133,1234.5362306686873,182.0,8.5,-458.6164410294224,97.0
Mass-H1-Ideal,AK,HYD200,2045-Hlow,950.2083311285494,3008.858333333333,0.28571004494662067,80.81990616556975,0.08505493323719973,3.1665248922410028,4,HYD200,200,318.01778936877133,1234.5362306686873,182.0,8.5,-458.6164410294224,97.0
Mass-H1-Ideal,AK,HYD500,2024-Hhigh,973.448063575543,3239.093111108693,0.32596177119671016,86.48004922307454,0.08883889388554256,3.327443170631289,4,HYD500,500,548.8548898114417,0.0,0.0,5,0.0,0.0
Mass-H1-Ideal,AK,HYD500,2024-Hlow,973.448063575543,3239.093111108693,0.3250260344506533,117.89500134076444,0.12111072562795784,3.327443170631289,4,HYD500,500,548.8548898114417,0.0,0.0,5,0.0,0.0
Mass-H1-Ideal,AK,HYD500,2025-Hhigh,973.448063575543,3239.093111108693,0.3250260344506533,65.01472241712256,0.06678807514221038,3.327443170631289,4,HYD500,500,548.8548898114417,0.0,0.0,5,0.0,0.0
Mass-H1-Ideal,AK,HYD500,2025-Hlow,973.448063575543,3239.093111108693,0.3250260344506533,94.224846159312,0.09679493923200949,3.327443170631289,4,HYD500,500,548.8548898114417,0.0,0.0,5,0.0,0.0
Mass-H1-Ideal,AK,HYD500,2030-Hhigh,973.448063575543,3239.093111108693,0.3216238346323107,51.62472340728123,0.05303284822167092,3.327443170631289,4,HYD500,500,548.8548898114417,0.0,0.0,5,0.0,0.0
Mass-H1-Ideal,AK,HYD500,2030-Hlow,973.448063575543,3239.093111108693,0.3216238346323107,73.5357350903078,0.07554150841926367,3.327443170631289,4,HYD500,500,548.8548898114417,0.0,0.0,5,0.0,0.0
Mass-H1-Ideal,AK,HYD500,2035-Hhigh,973.448063575543,3239.093111108693,0.3216238346323107,52.63513761179508,0.054070822657412795,3.327443170631289,4,HYD500,500,548.8548898114417,0.0,0.0,5,0.0,0.0
Mass-H1-Ideal,AK,HYD500,2035-Hlow,973.448063575543,3239.093111108693,0.3216238346323107,68.94023364786305,0.07082065929089297,3.327443170631289,4,HYD500,500,548.8548898114417,0.0,0.0,5,0.0,0.0
Mass-H1-Ideal,AK,HYD500,2040-Hhigh,973.448063575543,3239.093111108693,0.3216238346323107,55.234430643902506,0.05674101445229915,3.327443170631289,4,HYD500,500,548.8548898114417,0.0,0.0,5,0.0,0.0
Mass-H1-Ideal,AK,HYD500,2040-Hlow,973.448063575543,3239.093111108693,0.3216238346323107,75.0767899581129,0.07712459736408596,3.327443170631289,4,HYD500,500,548.8548898114417,0.0,0.0,5,0.0,0.0
Mass-H1-Ideal,AK,HYD500,2045-Hhigh,973.448063575543,3239.093111108693,0.3216238346323107,61.03324351660581,0.06269799673998674,3.327443170631289,4,HYD500,500,548.8548898114417,0.0,0.0,5,0.0,0.0
Mass-H1-Ideal,AK,HYD500,2045-Hlow,973.448063575543,3239.093111108693,0.3216238346323107,81.67952564985004,0.08390743040757143,3.327443170631289,4,HYD500,500,548.8548898114417,0.0,0.0,5,0.0,0.0
Mass-H1-Ideal,AK,HYD1000,2024-Hhigh,1205.195896351576,4011.1351555516258,0.4049965622972155,106.40424299696488,0.08828792341483792,3.3282018032871807,5,HYD1000,1000,845.8121611033579,0.0,0.0,5,0.0,0.0
Mass-H1-Ideal,AK,HYD1000,2024-Hlow,1205.195896351576,4011.1351555516258,0.40999234738800217,143.85273021883253,0.11936045472301231,3.3282018032871807,5,HYD1000,1000,845.8121611033579,0.0,0.0,5,0.0,0.0
Mass-H1-Ideal,AK,HYD1000,2025-Hhigh,1205.195896351576,4011.1351555516258,0.40999234738800217,80.56057447180167,0.06684438166083898,3.3282018032871807,5,HYD1000,1000,845.8121611033579,0.0,0.0,5,0.0,0.0
Mass-H1-Ideal,AK,HYD1000,2025-Hlow,1205.195896351576,4011.1351555516258,0.40999234738800217,114.18051974529786,0.09474021616813527,3.3282018032871807,5,HYD1000,1000,845.8121611033579,0.0,0.0,5,0.0,0.0
Mass-H1-Ideal,AK,HYD1000,2030-Hhigh,1205.195896351576,4011.1351555516258,0.4040238495617579,64.24222125022979,0.053304381009516184,3.3282018032871807,5,HYD1000,1000,845.8121611033579,0.0,0.0,5,0.0,0.0
Mass-H1-Ideal,AK,HYD1000,2030-Hlow,1205.195896351576,4011.1351555516258,0.4040238495617579,89.22599681308611,0.07403443463688776,3.3282018032871807,5,HYD1000,1000,845.8121611033579,0.0,0.0,5,0.0,0.0
Mass-H1-Ideal,AK,HYD1000,2035-Hhigh,1205.195896351576,4011.1351555516258,0.4040238495617579,65.33479052121935,0.05421093012264961,3.3282018032871807,5,HYD1000,1000,845.8121611033579,0.0,0.0,5,0.0,0.0
Mass-H1-Ideal,AK,HYD1000,2035-Hlow,1205.195896351576,4011.1351555516258,0.4040238495617579,83.96348483079275,0.06966791463941326,3.3282018032871807,5,HYD1000,1000,845.8121611033579,0.0,0.0,5,0.0,0.0
Mass-H1-Ideal,AK,HYD1000,2040-Hhigh,1205.195896351576,4011.1351555516258,0.4040238495617579,68.74270600986642,0.0570386160606483,3.3282018032871807,5,HYD1000,1000,845.8121611033579,0.0,0.0,5,0.0,0.0
Mass-H1-Ideal,AK,HYD1000,2040-Hlow,1205.195896351576,4011.1351555516258,0.4040238495617579,92.32755029113855,0.07660791956779535,3.3282018032871807,5,HYD1000,1000,845.8121611033579,0.0,0.0,5,0.0,0.0
Mass-H1-Ideal,AK,HYD1000,2045-Hhigh,1205.195896351576,4011.1351555516258,0.4040238495617579,75.54805077762322,0.06268528710255795,3.3282018032871807,5,HYD1000,1000,845.8121611033579,0.0,0.0,5,0.0,0.0
Mass-H1-Ideal,AK,HYD1000,2045-Hlow,1205.195896351576,4011.1351555516258,0.4040238495617579,99.6299368071294,0.08266700634206745,3.3282018032871807,5,HYD1000,1000,845.8121611033579,0.0,0.0,5,0.0,0.0
Mass-H1-Ideal,AK,HYD200,2024-Hhigh,1097.8573861346918,3486.4166666666665,0.3969162518216667,97.49000913322037,0.08880024888884767,3.1756553362013196,5,HYD200,200,316.83333573398926,1877.035863945541,264.0,8.5,-597.7100087609194,121.0
Mass-H1-Ideal,AK,HYD200,2024-Hlow,1097.8573861346918,3486.4166666666665,0.4016681443820665,134.30043652906258,0.12232958326391019,3.1756553362013196,5,HYD200,200,316.83333573398926,1877.035863945541,264.0,8.5,-597.7100087609194,121.0
Mass-H1-Ideal,AK,HYD200,2025-Hhigh,1097.8573861346918,3486.4166666666665,0.4016681443820665,72.88432143089189,0.06638778620190473,3.1756553362013196,5,HYD200,200,316.83333573398926,1877.035863945541,264.0,8.5,-597.7100087609194,121.0
Mass-H1-Ideal,AK,HYD200,2025-Hlow,1097.8573861346918,3486.4166666666665,0.4016681443820665,105.44908377780894,0.09604989237178736,3.1756553362013196,5,HYD200,200,316.83333573398926,1877.035863945541,264.0,8.5,-597.7100087609194,121.0
Mass-H1-Ideal,AK,HYD200,2030-Hhigh,1097.8573861346918,3486.4166666666665,0.39518453737555337,57.77165537402934,0.05262218581725839,3.1756553362013196,5,HYD200,200,316.83333573398926,1877.035863945541,264.0,8.5,-597.7100087609194,121.0
Mass-H1-Ideal,AK,HYD200,2030-Hlow,1097.8573861346918,3486.4166666666665,0.39518453737555337,81.71725217137968,0.07443339472268588,3.1756553362013196,5,HYD200,200,316.83333573398926,1877.035863945541,264.0,8.5,-597.7100087609194,121.0
Mass-H1-Ideal,AK,HYD200,2035-Hhigh,1097.8573861346918,3486.4166666666665,0.39518453737555337,59.039942011516956,0.05377742387778004,3.1756553362013196,5,HYD200,200,316.83333573398926,1877.035863945541,264.0,8.5,-597.7100087609194,121.0
Mass-H1-Ideal,AK,HYD200,2035-Hlow,1097.8573861346918,3486.4166666666665,0.39518453737555337,77.77367826685698,0.07084133080406788,3.1756553362013196,5,HYD200,200,316.83333573398926,1877.035863945541,264.0,8.5,-597.7100087609194,121.0
Mass-H1-Ideal,AK,HYD200,2040-Hhigh,1097.8573861346918,3486.4166666666665,0.39518453737555337,62.163181516611736,0.05662227380504701,3.1756553362013196,5,HYD200,200,316.83333573398926,1877.035863945541,264.0,8.5,-597.7100087609194,121.0
Mass-H1-Ideal,AK,HYD200,2040-Hlow,1097.8573861346918,3486.4166666666665,0.39518453737555337,85.05183024659513,0.07747074558203178,3.1756553362013196,5,HYD200,200,316.83333573398926,1877.035863945541,264.0,8.5,-597.7100087609194,121.0
Mass-H1-Ideal,AK,HYD200,2045-Hhigh,1097.8573861346918,3486.4166666666665,0.39518453737555337,68.14410635962997,0.06207008963117696,3.1756553362013196,5,HYD200,200,316.83333573398926,1877.035863945541,264.0,8.5,-597.7100087609194,121.0
Mass-H1-Ideal,AK,HYD200,2045-Hlow,1097.8573861346918,3486.4166666666665,0.39518453737555337,91.48644412017893,0.08333181092152786,3.1756553362013196,5,HYD200,200,316.83333573398926,1877.035863945541,264.0,8.5,-597.7100087609194,121.0
Mass-H1-Ideal,AK,HYD500,2024-Hhigh,1114.0492566357589,3714.36462221792,0.3734589670336131,98.50378063678549,0.08841959190767769,3.334111665254978,5,HYD500,500,545.5916776985082,0.0,0.0,5,0.0,0.0
Mass-H1-Ideal,AK,HYD500,2024-Hlow,1114.0492566357589,3714.36462221792,0.3767482480684339,133.25785847293753,0.11961576894306614,3.334111665254978,5,HYD500,500,545.5916776985082,0.0,0.0,5,0.0,0.0
Mass-H1-Ideal,AK,HYD500,2025-Hhigh,1114.0492566357589,3714.36462221792,0.3767482480684339,74.09525161596719,0.06650985239173568,3.334111665254978,5,HYD500,500,545.5916776985082,0.0,0.0,5,0.0,0.0
Mass-H1-Ideal,AK,HYD500,2025-Hlow,1114.0492566357589,3714.36462221792,0.3767482480684339,105.13201565632589,0.09436927050587231,3.334111665254978,5,HYD500,500,545.5916776985082,0.0,0.0,5,0.0,0.0
Mass-H1-Ideal,AK,HYD500,2030-Hhigh,1114.0492566357589,3714.36462221792,0.37164494834092,58.87696212743032,0.052849514307140084,3.334111665254978,5,HYD500,500,545.5916776985082,0.0,0.0,5,0.0,0.0
Mass-H1-Ideal,AK,HYD500,2030-Hlow,1114.0492566357589,3714.36462221792,0.37164494834092,81.91508046033941,0.07352913703987304,3.334111665254978,5,HYD500,500,545.5916776985082,0.0,0.0,5,0.0,0.0
Mass-H1-Ideal,AK,HYD500,2035-Hhigh,1114.0492566357589,3714.36462221792,0.37164494834092,59.94203753720565,0.05380555409032856,3.334111665254978,5,HYD500,500,545.5916776985082,0.0,0.0,5,0.0,0.0
Mass-H1-Ideal,AK,HYD500,2035-Hlow,1114.0492566357589,3714.36462221792,0.37164494834092,77.45174218217933,0.06952272686404419,3.334111665254978,5,HYD500,500,545.5916776985082,0.0,0.0,5,0.0,0.0
Mass-H1-Ideal,AK,HYD500,2040-Hhigh,1114.0492566357589,3714.36462221792,0.37164494834092,63.01450550015798,0.056563482381785504,3.334111665254978,5,HYD500,500,545.5916776985082,0.0,0.0,5,0.0,0.0
Mass-H1-Ideal,AK,HYD500,2040-Hlow,1114.0492566357589,3714.36462221792,0.37164494834092,84.9855036417676,0.0762852298814951,3.334111665254978,5,HYD500,500,545.5916776985082,0.0,0.0,5,0.0,0.0
Mass-H1-Ideal,AK,HYD500,2045-Hhigh,1114.0492566357589,3714.36462221792,0.37164494834092,69.17543520442447,0.06209369540205308,3.334111665254978,5,HYD500,500,545.5916776985082,0.0,0.0,5,0.0,0.0
Mass-H1-Ideal,AK,HYD500,2045-Hlow,1114.0492566357589,3714.36462221792,0.37164494834092,91.59679440230805,0.08221969886584274,3.334111665254978,5,HYD500,500,545.5916776985082,0.0,0.0,5,0.0,0.0
Mass-H1-Ideal,CH,HYD1000,2024-Hhigh,1617.2365700087062,4561.500325556299,0.6936323934080307,161.9270194824191,0.10012574689771415,2.8205522989946625,3,HYD1000,1000,974.1031087309327,0.0,0.0,5,0.0,0.0
Mass-H1-Ideal,CH,HYD1000,2024-Hlow,1617.2365700087062,4561.500325556299,0.7036971695080602,233.79663111861382,0.14456551097985323,2.8205522989946625,3,HYD1000,1000,974.1031087309327,0.0,0.0,5,0.0,0.0
Mass-H1-Ideal,CH,HYD1000,2025-Hhigh,1617.2365700087062,4561.500325556299,0.7036971695080602,127.71374237799692,0.07897035272786924,2.8205522989946625,3,HYD1000,1000,974.1031087309327,0.0,0.0,5,0.0,0.0
Mass-H1-Ideal,CH,HYD1000,2025-Hlow,1617.2365700087062,4561.500325556299,0.7036971695080602,192.59544533878173,0.11908922226371922,2.8205522989946625,3,HYD1000,1000,974.1031087309327,0.0,0.0,5,0.0,0.0
Mass-H1-Ideal,CH,HYD1000,2030-Hhigh,1617.2365700087062,4561.500325556299,0.6770698121684846,101.80207508970514,0.06294816539373525,2.8205522989946625,3,HYD1000,1000,974.1031087309327,0.0,0.0,5,0.0,0.0
Mass-H1-Ideal,CH,HYD1000,2030-Hlow,1617.2365700087062,4561.500325556299,0.6770698121684846,149.89650611193272,0.09268681458960934,2.8205522989946625,3,HYD1000,1000,974.1031087309327,0.0,0.0,5,0.0,0.0
Mass-H1-Ideal,CH,HYD1000,2035-Hhigh,1617.2365700087062,4561.500325556299,0.6770698121684846,102.20638837246955,0.06319816795381973,2.8205522989946625,3,HYD1000,1000,974.1031087309327,0.0,0.0,5,0.0,0.0
Mass-H1-Ideal,CH,HYD1000,2035-Hlow,1617.2365700087062,4561.500325556299,0.6770698121684846,137.8767321504071,0.08525452287395706,2.8205522989946625,3,HYD1000,1000,974.1031087309327,0.0,0.0,5,0.0,0.0
Mass-H1-Ideal,CH,HYD1000,2040-Hhigh,1617.2365700087062,4561.500325556299,0.6770698121684846,108.84616005025617,0.06730379591259812,2.8205522989946625,3,HYD1000,1000,974.1031087309327,0.0,0.0,5,0.0,0.0
Mass-H1-Ideal,CH,HYD1000,2040-Hlow,1617.2365700087062,4561.500325556299,0.6770698121684846,152.3539390416205,0.09420634053606661,2.8205522989946625,3,HYD1000,1000,974.1031087309327,0.0,0.0,5,0.0,0.0
Mass-H1-Ideal,CH,HYD1000,2045-Hhigh,1617.2365700087062,4561.500325556299,0.6770698121684846,120.84542160428647,0.07472340401233687,2.8205522989946625,3,HYD1000,1000,974.1031087309327,0.0,0.0,5,0.0,0.0
Mass-H1-Ideal,CH,HYD1000,2045-Hlow,1617.2365700087062,4561.500325556299,0.6770698121684846,166.07882643154582,0.1026929699163628,2.8205522989946625,3,HYD1000,1000,974.1031087309327,0.0,0.0,5,0.0,0.0
Mass-H1-Ideal,CH,HYD200,2024-Hhigh,1360.5167985966402,3957.1882666666666,0.5904835864754651,139.11828415612982,0.10225399958282688,2.9085919929459654,3,HYD200,200,364.78329361299205,218.40922026309576,65.0,11.2,-447.7885426567067,101.0
Mass-H1-Ideal,CH,HYD200,2024-Hlow,1360.5167985966402,3957.1882666666666,0.6096397114308435,205.5281702682163,0.15106624959002093,2.9085919929459654,3,HYD200,200,364.78329361299205,218.40922026309576,65.0,11.2,-447.7885426567067,101.0
Mass-H1-Ideal,CH,HYD200,2025-Hhigh,1360.5167985966402,3957.1882666666666,0.6096397114308435,109.54271568462735,0.08051551865998244,2.9085919929459654,3,HYD200,200,364.78329361299205,218.40922026309576,65.0,11.2,-447.7885426567067,101.0
Mass-H1-Ideal,CH,HYD200,2025-Hlow,1360.5167985966402,3957.1882666666666,0.6096397114308435,168.8329396048295,0.12409471149417561,2.9085919929459654,3,HYD200,200,364.78329361299205,218.40922026309576,65.0,11.2,-447.7885426567067,101.0
Mass-H1-Ideal,CH,HYD200,2030-Hhigh,1360.5167985966402,3957.1882666666666,0.5769315002418928,87.17079559510971,0.0640718260039314,2.9085919929459654,3,HYD200,200,364.78329361299205,218.40922026309576,65.0,11.2,-447.7885426567067,101.0
Mass-H1-Ideal,CH,HYD200,2030-Hlow,1360.5167985966402,3957.1882666666666,0.5769315002418928,130.97718276725263,0.09627016946968557,2.9085919929459654,3,HYD200,200,364.78329361299205,218.40922026309576,65.0,11.2,-447.7885426567067,101.0
Mass-H1-Ideal,CH,HYD200,2035-Hhigh,1360.5167985966402,3957.1882666666666,0.5769315002418928,87.70271200970195,0.06446279244781575,2.9085919929459654,3,HYD200,200,364.78329361299205,218.40922026309576,65.0,11.2,-447.7885426567067,101.0
Mass-H1-Ideal,CH,HYD200,2035-Hlow,1360.5167985966402,3957.1882666666666,0.5769315002418928,120.15196107461846,0.08831347117400831,2.9085919929459654,3,HYD200,200,364.78329361299205,218.40922026309576,65.0,11.2,-447.7885426567067,101.0
Mass-H1-Ideal,CH,HYD200,2040-Hhigh,1360.5167985966402,3957.1882666666666,0.5769315002418928,93.37725638661527,0.0686336666206055,2.9085919929459654,3,HYD200,200,364.78329361299205,218.40922026309576,65.0,11.2,-447.7885426567067,101.0
Mass-H1-Ideal,CH,HYD200,2040-Hlow,1360.5167985966402,3957.1882666666666,0.5769315002418928,133.05567240128013,0.09779789013889852,2.9085919929459654,3,HYD200,200,364.78329361299205,218.40922026309576,65.0,11.2,-447.7885426567067,101.0
Mass-H1-Ideal,CH,HYD200,2045-Hhigh,1360.5167985966402,3957.1882666666666,0.5769315002418928,103.61351269121971,0.07615746663186815,2.9085919929459654,3,HYD200,200,364.78329361299205,218.40922026309576,65.0,11.2,-447.7885426567067,101.0
Mass-H1-Ideal,CH,HYD200,2045-Hlow,1360.5167985966402,3957.1882666666666,0.5769315002418928,144.42224787250882,0.10615249148079535,2.9085919929459654,3,HYD200,200,364.78329361299205,218.40922026309576,65.0,11.2,-447.7885426567067,101.0
Mass-H1-Ideal,CH,HYD500,2024-Hhigh,1448.5170688483859,4220.4,0.602526271442907,144.1099434059377,0.09948791526530605,2.91360046130167,3,HYD500,500,629.9121467584868,0.0,0.0,6,0.0,0.0
Mass-H1-Ideal,CH,HYD500,2024-Hlow,1448.5170688483859,4220.4,0.6198823315152835,208.4982051165156,0.14393907369160508,2.91360046130167,3,HYD500,500,629.9121467584868,0.0,0.0,6,0.0,0.0
Mass-H1-Ideal,CH,HYD500,2025-Hhigh,1448.5170688483859,4220.4,0.6198823315152835,113.31734638766484,0.07822990065126088,2.91360046130167,3,HYD500,500,629.9121467584868,0.0,0.0,6,0.0,0.0
Mass-H1-Ideal,CH,HYD500,2025-Hlow,1448.5170688483859,4220.4,0.6198823315152835,170.93611687926335,0.11800766491151025,2.91360046130167,3,HYD500,500,629.9121467584868,0.0,0.0,6,0.0,0.0
Mass-H1-Ideal,CH,HYD500,2030-Hhigh,1448.5170688483859,4220.4,0.5998084774312731,90.19894490587801,0.06226985297286752,2.91360046130167,3,HYD500,500,629.9121467584868,0.0,0.0,6,0.0,0.0
Mass-H1-Ideal,CH,HYD500,2030-Hlow,1448.5170688483859,4220.4,0.5998084774312731,132.8089622898525,0.09168615623938735,2.91360046130167,3,HYD500,500,629.9121467584868,0.0,0.0,6,0.0,0.0
Mass-H1-Ideal,CH,HYD500,2035-Hhigh,1448.5170688483859,4220.4,0.5998084774312731,90.54003855553147,0.06250533079842373,2.91360046130167,3,HYD500,500,629.9121467584868,0.0,0.0,6,0.0,0.0
Mass-H1-Ideal,CH,HYD500,2035-Hlow,1448.5170688483859,4220.4,0.5998084774312731,122.96354971605784,0.0848892652772242,2.91360046130167,3,HYD500,500,629.9121467584868,0.0,0.0,6,0.0,0.0
Mass-H1-Ideal,CH,HYD500,2040-Hhigh,1448.5170688483859,4220.4,0.5998084774312731,96.44814250499674,0.06658405660464593,2.91360046130167,3,HYD500,500,629.9121467584868,0.0,0.0,6,0.0,0.0
Mass-H1-Ideal,CH,HYD500,2040-Hlow,1448.5170688483859,4220.4,0.5998084774312731,135.34003742666394,0.09343351233980508,2.91360046130167,3,HYD500,500,629.9121467584868,0.0,0.0,6,0.0,0.0
Mass-H1-Ideal,CH,HYD500,2045-Hhigh,1448.5170688483859,4220.4,0.5998084774312731,106.95393621276693,0.07383684908718299,2.91360046130167,3,HYD500,500,629.9121467584868,0.0,0.0,6,0.0,0.0
Mass-H1-Ideal,CH,HYD500,2045-Hlow,1448.5170688483859,4220.4,0.5998084774312731,146.93850854819104,0.10144064692659198,2.91360046130167,3,HYD500,500,629.9121467584868,0.0,0.0,6,0.0,0.0
Mass-H1-Ideal,CH,HYD1000,2024-Hhigh,1767.1927497242839,5033.442435278716,0.7199913936461526,176.24094643170233,0.09972932859712066,2.84827019353946,4,HYD1000,1000,966.6977832369798,0.0,0.0,5,0.0,0.0
Mass-H1-Ideal,CH,HYD1000,2024-Hlow,1767.1927497242839,5033.442435278716,0.716999817597755,249.00051823029142,0.1409017314433529,2.84827019353946,4,HYD1000,1000,966.6977832369798,0.0,0.0,5,0.0,0.0
Mass-H1-Ideal,CH,HYD1000,2025-Hhigh,1767.1927497242839,5033.442435278716,0.716999817597755,137.35169636656383,0.0777230986195441,2.84827019353946,4,HYD1000,1000,966.6977832369798,0.0,0.0,5,0.0,0.0
Mass-H1-Ideal,CH,HYD1000,2025-Hlow,1767.1927497242839,5033.442435278716,0.716999817597755,204.1172519215118,0.11550367211123859,2.84827019353946,4,HYD1000,1000,966.6977832369798,0.0,0.0,5,0.0,0.0
Mass-H1-Ideal,CH,HYD1000,2030-Hhigh,1767.1927497242839,5033.442435278716,0.6889356706226808,109.13970263800331,0.06175879946034818,2.84827019353946,4,HYD1000,1000,966.6977832369798,0.0,0.0,5,0.0,0.0
Mass-H1-Ideal,CH,HYD1000,2030-Hlow,1767.1927497242839,5033.442435278716,0.6889356706226808,158.80810369590367,0.08986461930690967,2.84827019353946,4,HYD1000,1000,966.6977832369798,0.0,0.0,5,0.0,0.0
Mass-H1-Ideal,CH,HYD1000,2035-Hhigh,1767.1927497242839,5033.442435278716,0.6889356706226808,109.73032753135571,0.06209301591378516,2.84827019353946,4,HYD1000,1000,966.6977832369798,0.0,0.0,5,0.0,0.0
Mass-H1-Ideal,CH,HYD1000,2035-Hlow,1767.1927497242839,5033.442435278716,0.6889356706226808,146.61849491249026,0.08296689477441868,2.84827019353946,4,HYD1000,1000,966.6977832369798,0.0,0.0,5,0.0,0.0
Mass-H1-Ideal,CH,HYD1000,2040-Hhigh,1767.1927497242839,5033.442435278716,0.6889356706226808,116.44685949752336,0.06589369468366782,2.84827019353946,4,HYD1000,1000,966.6977832369798,0.0,0.0,5,0.0,0.0
Mass-H1-Ideal,CH,HYD1000,2040-Hlow,1767.1927497242839,5033.442435278716,0.6889356706226808,160.81155603458765,0.09099831133852114,2.84827019353946,4,HYD1000,1000,966.6977832369798,0.0,0.0,5,0.0,0.0
Mass-H1-Ideal,CH,HYD1000,2045-Hhigh,1767.1927497242839,5033.442435278716,0.6889356706226808,129.19501532804992,0.07310748380345428,2.84827019353946,4,HYD1000,1000,966.6977832369798,0.0,0.0,5,0.0,0.0
Mass-H1-Ideal,CH,HYD1000,2045-Hlow,1767.1927497242839,5033.442435278716,0.6889356706226808,175.69184411419332,0.09941860849169092,2.84827019353946,4,HYD1000,1000,966.6977832369798,0.0,0.0,5,0.0,0.0
Mass-H1-Ideal,CH,HYD200,2024-Hhigh,1494.5774338692925,4434.5396,0.6027101945115343,152.07004938605846,0.10174785590892152,2.9670858795984074,4,HYD200,200,363.1925187873685,625.351350672807,106.0,11.2,-375.0605195768318,110.0
Mass-H1-Ideal,CH,HYD200,2024-Hlow,1494.5774338692925,4434.5396,0.6012025732799771,219.3642802129765,0.14677344595325992,2.9670858795984074,4,HYD200,200,363.1925187873685,625.351350672807,106.0,11.2,-375.0605195768318,110.0
Mass-H1-Ideal,CH,HYD200,2025-Hhigh,1494.5774338692925,4434.5396,0.6012025732799771,117.75343073616773,0.07878710601920261,2.9670858795984074,4,HYD200,200,363.1925187873685,625.351350672807,106.0,11.2,-375.0605195768318,110.0
Mass-H1-Ideal,CH,HYD200,2025-Hlow,1494.5774338692925,4434.5396,0.6012025732799771,179.07996959374722,0.11981980025627001,2.9670858795984074,4,HYD200,200,363.1925187873685,625.351350672807,106.0,11.2,-375.0605195768318,110.0
Mass-H1-Ideal,CH,HYD200,2030-Hhigh,1494.5774338692925,4434.5396,0.5691484482986772,93.36117252311189,0.062466601199384054,2.9670858795984074,4,HYD200,200,363.1925187873685,625.351350672807,106.0,11.2,-375.0605195768318,110.0
Mass-H1-Ideal,CH,HYD200,2030-Hlow,1494.5774338692925,4434.5396,0.5691484482986772,138.82985203919128,0.09288903264100305,2.9670858795984074,4,HYD200,200,363.1925187873685,625.351350672807,106.0,11.2,-375.0605195768318,110.0
Mass-H1-Ideal,CH,HYD200,2035-Hhigh,1494.5774338692925,4434.5396,0.5691484482986772,94.25815795030493,0.0630667610886384,2.9670858795984074,4,HYD200,200,363.1925187873685,625.351350672807,106.0,11.2,-375.0605195768318,110.0
Mass-H1-Ideal,CH,HYD200,2035-Hlow,1494.5774338692925,4434.5396,0.5691484482986772,127.63349754836786,0.08539771486977367,2.9670858795984074,4,HYD200,200,363.1925187873685,625.351350672807,106.0,11.2,-375.0605195768318,110.0
Mass-H1-Ideal,CH,HYD200,2040-Hhigh,1494.5774338692925,4434.5396,0.5691484482986772,99.68275782211074,0.06669628188085466,2.9670858795984074,4,HYD200,200,363.1925187873685,625.351350672807,106.0,11.2,-375.0605195768318,110.0
Mass-H1-Ideal,CH,HYD200,2040-Hlow,1494.5774338692925,4434.5396,0.5691484482986772,139.99953548300064,0.09367165080270055,2.9670858795984074,4,HYD200,200,363.1925187873685,625.351350672807,106.0,11.2,-375.0605195768318,110.0
Mass-H1-Ideal,CH,HYD200,2045-Hhigh,1494.5774338692925,4434.5396,0.5691484482986772,110.49891239735018,0.07393321342426598,2.9670858795984074,4,HYD200,200,363.1925187873685,625.351350672807,106.0,11.2,-375.0605195768318,110.0
Mass-H1-Ideal,CH,HYD200,2045-Hlow,1494.5774338692925,4434.5396,0.5691484482986772,152.6395062967439,0.10212887123658586,2.9670858795984074,4,HYD200,200,363.1925187873685,625.351350672807,106.0,11.2,-375.0605195768318,110.0
Mass-H1-Ideal,CH,HYD500,2024-Hhigh,1596.211127699795,4695.6,0.6428910272636197,158.08515079915742,0.09903774510516321,2.941716116693504,4,HYD500,500,625.7135285713999,0.0,0.0,6,0.0,0.0
Mass-H1-Ideal,CH,HYD500,2024-Hlow,1596.211127699795,4695.6,0.6417364779609799,223.2360873356265,0.1398537345478344,2.941716116693504,4,HYD500,500,625.7135285713999,0.0,0.0,6,0.0,0.0
Mass-H1-Ideal,CH,HYD500,2025-Hhigh,1596.211127699795,4695.6,0.6417364779609799,122.33942597373219,0.0766436368289377,2.941716116693504,4,HYD500,500,625.7135285713999,0.0,0.0,6,0.0,0.0
Mass-H1-Ideal,CH,HYD500,2025-Hlow,1596.211127699795,4695.6,0.6417364779609799,181.78817367874052,0.11388729881911339,2.941716116693504,4,HYD500,500,625.7135285713999,0.0,0.0,6,0.0,0.0
Mass-H1-Ideal,CH,HYD500,2030-Hhigh,1596.211127699795,4695.6,0.6202478552381372,96.96983768764129,0.060750007317251796,2.941716116693504,4,HYD500,500,625.7135285713999,0.0,0.0,6,0.0,0.0
Mass-H1-Ideal,CH,HYD500,2030-Hlow,1596.211127699795,4695.6,0.6202478552381372,141.1838774461774,0.08844937552191426,2.941716116693504,4,HYD500,500,625.7135285713999,0.0,0.0,6,0.0,0.0
Mass-H1-Ideal,CH,HYD500,2035-Hhigh,1596.211127699795,4695.6,0.6202478552381372,97.67648237169558,0.061192708581383815,2.941716116693504,4,HYD500,500,625.7135285713999,0.0,0.0,6,0.0,0.0
Mass-H1-Ideal,CH,HYD500,2035-Hlow,1596.211127699795,4695.6,0.6202478552381372,131.06022063540635,0.08210707115184032,2.941716116693504,4,HYD500,500,625.7135285713999,0.0,0.0,6,0.0,0.0
Mass-H1-Ideal,CH,HYD500,2040-Hhigh,1596.211127699795,4695.6,0.6202478552381372,103.45816135031387,0.06481483530277181,2.941716116693504,4,HYD500,500,625.7135285713999,0.0,0.0,6,0.0,0.0
Mass-H1-Ideal,CH,HYD500,2040-Hlow,1596.211127699795,4695.6,0.6202478552381372,142.8540692995937,0.08949572322895168,2.941716116693504,4,HYD500,500,625.7135285713999,0.0,0.0,6,0.0,0.0
Mass-H1-Ideal,CH,HYD500,2045-Hhigh,1596.211127699795,4695.6,0.6202478552381372,114.59188843936312,0.07178993207777888,2.941716116693504,4,HYD500,500,625.7135285713999,0.0,0.0,6,0.0,0.0
Mass-H1-Ideal,CH,HYD500,2045-Hlow,1596.211127699795,4695.6,0.6202478552381372,155.69569534932543,0.0975407905930898,2.941716116693504,4,HYD500,500,625.7135285713999,0.0,0.0,6,0.0,0.0
Mass-H1-Ideal,CH,HYD1000,2024-Hhigh,1917.284448064167,5506.922866666166,0.7981122945246709,189.70538577419958,0.09894483104254054,2.872251361672685,5,HYD1000,1000,961.9934129506041,0.0,0.0,5,0.0,0.0
Mass-H1-Ideal,CH,HYD1000,2024-Hlow,1917.284448064167,5506.922866666166,0.7994097543803764,265.6459721596139,0.1385532399367396,2.872251361672685,5,HYD1000,1000,961.9934129506041,0.0,0.0,5,0.0,0.0
Mass-H1-Ideal,CH,HYD1000,2025-Hhigh,1917.284448064167,5506.922866666166,0.7994097543803764,147.7228535527499,0.0770479590036324,2.872251361672685,5,HYD1000,1000,961.9934129506041,0.0,0.0,5,0.0,0.0
Mass-H1-Ideal,CH,HYD1000,2025-Hlow,1917.284448064167,5506.922866666166,0.7994097543803764,216.31105552485178,0.11282157727991562,2.872251361672685,5,HYD1000,1000,961.9934129506041,0.0,0.0,5,0.0,0.0
Mass-H1-Ideal,CH,HYD1000,2030-Hhigh,1917.284448064167,5506.922866666166,0.7678375890334177,117.40775738648631,0.061236483457126,2.872251361672685,5,HYD1000,1000,961.9934129506041,0.0,0.0,5,0.0,0.0
Mass-H1-Ideal,CH,HYD1000,2030-Hlow,1917.284448064167,5506.922866666166,0.7678375890334177,168.1683885883617,0.08771175751107615,2.872251361672685,5,HYD1000,1000,961.9934129506041,0.0,0.0,5,0.0,0.0
Mass-H1-Ideal,CH,HYD1000,2035-Hhigh,1917.284448064167,5506.922866666166,0.7678375890334177,117.86563795144949,0.0614753006891885,2.872251361672685,5,HYD1000,1000,961.9934129506041,0.0,0.0,5,0.0,0.0
Mass-H1-Ideal,CH,HYD1000,2035-Hlow,1917.284448064167,5506.922866666166,0.7678375890334177,155.71889821217113,0.0812184641508966,2.872251361672685,5,HYD1000,1000,961.9934129506041,0.0,0.0,5,0.0,0.0
Mass-H1-Ideal,CH,HYD1000,2040-Hhigh,1917.284448064167,5506.922866666166,0.7678375890334177,124.97651145429523,0.06518412621584702,2.872251361672685,5,HYD1000,1000,961.9934129506041,0.0,0.0,5,0.0,0.0
Mass-H1-Ideal,CH,HYD1000,2040-Hlow,1917.284448064167,5506.922866666166,0.7678375890334177,171.58671281878475,0.08949465635734513,2.872251361672685,5,HYD1000,1000,961.9934129506041,0.0,0.0,5,0.0,0.0
Mass-H1-Ideal,CH,HYD1000,2045-Hhigh,1917.284448064167,5506.922866666166,0.7678375890334177,138.2961949284384,0.07213128707535939,2.872251361672685,5,HYD1000,1000,961.9934129506041,0.0,0.0,5,0.0,0.0
Mass-H1-Ideal,CH,HYD1000,2045-Hlow,1917.284448064167,5506.922866666166,0.7678375890334177,186.7649116489983,0.09741116496176143,2.872251361672685,5,HYD1000,1000,961.9934129506041,0.0,0.0,5,0.0,0.0
Mass-H1-Ideal,CH,HYD200,2024-Hhigh,1634.9273540150357,4913.038799999999,0.7242267940878849,164.372692461499,0.10053822395095076,3.0050502170231694,5,HYD200,200,362.2269961546847,673.9339137267946,129.0,11.2,-783.1027702615744,194.0
Mass-H1-Ideal,CH,HYD200,2024-Hlow,1634.9273540150357,4913.038799999999,0.7238781487400786,235.4716941155396,0.14402578410427286,3.0050502170231694,5,HYD200,200,362.2269961546847,673.9339137267946,129.0,11.2,-783.1027702615744,194.0
Mass-H1-Ideal,CH,HYD200,2025-Hhigh,1634.9273540150357,4913.038799999999,0.7238781487400786,126.96535526819879,0.0776581020290588,3.0050502170231694,5,HYD200,200,362.2269961546847,673.9339137267946,129.0,11.2,-783.1027702615744,194.0
Mass-H1-Ideal,CH,HYD200,2025-Hlow,1634.9273540150357,4913.038799999999,0.7238781487400786,190.58683881354875,0.11657205339766798,3.0050502170231694,5,HYD200,200,362.2269961546847,673.9339137267946,129.0,11.2,-783.1027702615744,194.0
Mass-H1-Ideal,CH,HYD200,2030-Hhigh,1634.9273540150357,4913.038799999999,0.6846282953133378,100.67623533322143,0.061578415142411004,3.0050502170231694,5,HYD200,200,362.2269961546847,673.9339137267946,129.0,11.2,-783.1027702615744,194.0
Mass-H1-Ideal,CH,HYD200,2030-Hlow,1634.9273540150357,4913.038799999999,0.6846282953133378,147.3916742679159,0.0901518186150309,3.0050502170231694,5,HYD200,200,362.2269961546847,673.9339137267946,129.0,11.2,-783.1027702615744,194.0
Mass-H1-Ideal,CH,HYD200,2035-Hhigh,1634.9273540150357,4913.038799999999,0.6846282953133378,101.62691311016701,0.06215989527644321,3.0050502170231694,5,HYD200,200,362.2269961546847,673.9339137267946,129.0,11.2,-783.1027702615744,194.0
Mass-H1-Ideal,CH,HYD200,2035-Hlow,1634.9273540150357,4913.038799999999,0.6846282953133378,136.0394310791519,0.08320824209410152,3.0050502170231694,5,HYD200,200,362.2269961546847,673.9339137267946,129.0,11.2,-783.1027702615744,194.0
Mass-H1-Ideal,CH,HYD200,2040-Hhigh,1634.9273540150357,4913.038799999999,0.6846282953133378,107.48109174620485,0.06574059176528795,3.0050502170231694,5,HYD200,200,362.2269961546847,673.9339137267946,129.0,11.2,-783.1027702615744,194.0
Mass-H1-Ideal,CH,HYD200,2040-Hlow,1634.9273540150357,4913.038799999999,0.6846282953133378,149.99496926975917,0.09174411872270855,3.0050502170231694,5,HYD200,200,362.2269961546847,673.9339137267946,129.0,11.2,-783.1027702615744,194.0
Mass-H1-Ideal,CH,HYD200,2045-Hhigh,1634.9273540150357,4913.038799999999,0.6846282953133378,118.68832661468673,0.0725954742412336,3.0050502170231694,5,HYD200,200,362.2269961546847,673.9339137267946,129.0,11.2,-783.1027702615744,194.0
Mass-H1-Ideal,CH,HYD200,2045-Hlow,1634.9273540150357,4913.038799999999,0.6846282953133378,162.66300353724534,0.09949249618815137,3.0050502170231694,5,HYD200,200,362.2269961546847,673.9339137267946,129.0,11.2,-783.1027702615744,194.0
Mass-H1-Ideal,CH,HYD500,2024-Hhigh,1749.3599444098772,5171.8,0.7211287807667556,171.37556961536902,0.09796472713520386,2.956395575722775,5,HYD500,500,623.3202958199718,0.0,0.0,6,0.0,0.0
Mass-H1-Ideal,CH,HYD500,2024-Hlow,1749.3599444098772,5171.8,0.72218309860848,240.07752460328186,0.13723735093538383,2.956395575722775,5,HYD500,500,623.3202958199718,0.0,0.0,6,0.0,0.0
Mass-H1-Ideal,CH,HYD500,2025-Hhigh,1749.3599444098772,5171.8,0.72218309860848,132.38408947551804,0.07567572922802689,2.956395575722775,5,HYD500,500,623.3202958199718,0.0,0.0,6,0.0,0.0
Mass-H1-Ideal,CH,HYD500,2025-Hlow,1749.3599444098772,5171.8,0.72218309860848,193.92633646402626,0.1108555944039548,2.956395575722775,5,HYD500,500,623.3202958199718,0.0,0.0,6,0.0,0.0
Mass-H1-Ideal,CH,HYD500,2030-Hhigh,1749.3599444098772,5171.8,0.6948825048049274,104.96963891624091,0.060004597253797864,2.956395575722775,5,HYD500,500,623.3202958199718,0.0,0.0,6,0.0,0.0
Mass-H1-Ideal,CH,HYD500,2030-Hlow,1749.3599444098772,5171.8,0.6948825048049274,150.38020270115317,0.08596298502300616,2.956395575722775,5,HYD500,500,623.3202958199718,0.0,0.0,6,0.0,0.0
Mass-H1-Ideal,CH,HYD500,2035-Hhigh,1749.3599444098772,5171.8,0.6948825048049274,105.70367121394969,0.06042419774828409,2.956395575722775,5,HYD500,500,623.3202958199718,0.0,0.0,6,0.0,0.0
Mass-H1-Ideal,CH,HYD500,2035-Hlow,1749.3599444098772,5171.8,0.6948825048049274,140.20213237941527,0.08014481686712596,2.956395575722775,5,HYD500,500,623.3202958199718,0.0,0.0,6,0.0,0.0
Mass-H1-Ideal,CH,HYD500,2040-Hhigh,1749.3599444098772,5171.8,0.6948825048049274,111.95269417615235,0.06399637452195012,2.956395575722775,5,HYD500,500,623.3202958199718,0.0,0.0,6,0.0,0.0
Mass-H1-Ideal,CH,HYD500,2040-Hlow,1749.3599444098772,5171.8,0.6948825048049274,153.55844445038997,0.08777978765381576,2.956395575722775,5,HYD500,500,623.3202958199718,0.0,0.0,6,0.0,0.0
Mass-H1-Ideal,CH,HYD500,2045-Hhigh,1749.3599444098772,5171.8,0.6948825048049274,123.50717638783358,0.07060135153002892,2.956395575722775,5,HYD500,500,623.3202958199718,0.0,0.0,6,0.0,0.0
Mass-H1-Ideal,CH,HYD500,2045-Hlow,1749.3599444098772,5171.8,0.6948825048049274,166.46649516872566,0.09515851537625143,2.956395575722775,5,HYD500,500,623.3202958199718,0.0,0.0,6,0.0,0.0
Mass-H1-Real,AK,HYD1000,2024-Hhigh,923.9190574968112,3060.524044442293,0.3194934354230267,81.32671205342301,0.08802363301582151,3.3125456387210153,3,HYD1000,1000,861.4321648252535,0.0,0.0,5,0.0,0.0
Mass-H1-Real,AK,HYD1000,2024-Hlow,923.9190574968112,3060.524044442293,0.3415955034325087,114.39620243172673,0.12381626020537147,3.3125456387210153,3,HYD1000,1000,861.4321648252535,0.0,0.0,5,0.0,0.0
Mass-H1-Real,AK,HYD1000,2025-Hhigh,923.9190574968112,3060.524044442293,0.3415955034325087,62.83031028631865,0.0680041284747885,3.3125456387210153,3,HYD1000,1000,861.4321648252535,0.0,0.0,5,0.0,0.0
Mass-H1-Real,AK,HYD1000,2025-Hlow,923.9190574968112,3060.524044442293,0.3415955034325087,92.70520487410086,0.10033909802149613,3.3125456387210153,3,HYD1000,1000,861.4321648252535,0.0,0.0,5,0.0,0.0
Mass-H1-Real,AK,HYD1000,2030-Hhigh,923.9190574968112,3060.524044442293,0.3364629074167054,50.285660090050825,0.05442647781970271,3.3125456387210153,3,HYD1000,1000,861.4321648252535,0.0,0.0,5,0.0,0.0
Mass-H1-Real,AK,HYD1000,2030-Hlow,923.9190574968112,3060.524044442293,0.3364629074167054,72.5970014109131,0.07857506652974701,3.3125456387210153,3,HYD1000,1000,861.4321648252535,0.0,0.0,5,0.0,0.0
Mass-H1-Real,AK,HYD1000,2035-Hhigh,923.9190574968112,3060.524044442293,0.3364629074167054,51.05825145475859,0.05526268891248064,3.3125456387210153,3,HYD1000,1000,861.4321648252535,0.0,0.0,5,0.0,0.0
Mass-H1-Real,AK,HYD1000,2035-Hlow,923.9190574968112,3060.524044442293,0.3364629074167054,67.75100630830828,0.07333002361902478,3.3125456387210153,3,HYD1000,1000,861.4321648252535,0.0,0.0,5,0.0,0.0
Mass-H1-Real,AK,HYD1000,2040-Hhigh,923.9190574968112,3060.524044442293,0.3364629074167054,54.030466040479475,0.05847965317098782,3.3125456387210153,3,HYD1000,1000,861.4321648252535,0.0,0.0,5,0.0,0.0
Mass-H1-Real,AK,HYD1000,2040-Hlow,923.9190574968112,3060.524044442293,0.3364629074167054,74.9991170121678,0.08117498649217618,3.3125456387210153,3,HYD1000,1000,861.4321648252535,0.0,0.0,5,0.0,0.0
Mass-H1-Real,AK,HYD1000,2045-Hhigh,923.9190574968112,3060.524044442293,0.3364629074167054,59.83795013188076,0.06476535974266044,3.3125456387210153,3,HYD1000,1000,861.4321648252535,0.0,0.0,5,0.0,0.0
Mass-H1-Real,AK,HYD1000,2045-Hlow,923.9190574968112,3060.524044442293,0.3364629074167054,81.12638157726585,0.08780680614713464,3.3125456387210153,3,HYD1000,1000,861.4321648252535,0.0,0.0,5,0.0,0.0
Mass-H1-Real,AK,HYD200,2024-Hhigh,805.5686841846001,2523.65,0.27486990524069493,71.63907033524141,0.08892981038327573,3.132755840123613,3,HYD200,200,320.0831017930943,654.3796786328927,128.0,8.5,-556.6827523194318,90.0
Mass-H1-Real,AK,HYD200,2024-Hlow,805.5686841846001,2523.65,0.30047827543336664,103.17494193314859,0.12807715091058025,3.132755840123613,3,HYD200,200,320.0831017930943,654.3796786328927,128.0,8.5,-556.6827523194318,90.0
Mass-H1-Real,AK,HYD200,2025-Hhigh,805.5686841846001,2523.65,0.30047827543336664,55.21325706616577,0.06853947794911225,3.132755840123613,3,HYD200,200,320.0831017930943,654.3796786328927,128.0,8.5,-556.6827523194318,90.0
Mass-H1-Real,AK,HYD200,2025-Hlow,805.5686841846001,2523.65,0.30047827543336664,83.2362380930055,0.10332605987192459,3.132755840123613,3,HYD200,200,320.0831017930943,654.3796786328927,128.0,8.5,-556.6827523194318,90.0
Mass-H1-Real,AK,HYD200,2030-Hhigh,805.5686841846001,2523.65,0.29895402928514736,44.06206593705425,0.05469684559753468,3.132755840123613,3,HYD200,200,320.0831017930943,654.3796786328927,128.0,8.5,-556.6827523194318,90.0
Mass-H1-Real,AK,HYD200,2030-Hlow,805.5686841846001,2523.65,0.29895402928514736,64.88357883850146,0.08054381967960546,3.132755840123613,3,HYD200,200,320.0831017930943,654.3796786328927,128.0,8.5,-556.6827523194318,90.0
Mass-H1-Real,AK,HYD200,2035-Hhigh,805.5686841846001,2523.65,0.29895402928514736,44.7273228886664,0.055522668354393116,3.132755840123613,3,HYD200,200,320.0831017930943,654.3796786328927,128.0,8.5,-556.6827523194318,90.0
Mass-H1-Real,AK,HYD200,2035-Hlow,805.5686841846001,2523.65,0.29895402928514736,61.17823100118203,0.07594415250030093,3.132755840123613,3,HYD200,200,320.0831017930943,654.3796786328927,128.0,8.5,-556.6827523194318,90.0
Mass-H1-Real,AK,HYD200,2040-Hhigh,805.5686841846001,2523.65,0.29895402928514736,47.51076589285434,0.05897792059896783,3.132755840123613,3,HYD200,200,320.0831017930943,654.3796786328927,128.0,8.5,-556.6827523194318,90.0
Mass-H1-Real,AK,HYD200,2040-Hlow,805.5686841846001,2523.65,0.29895402928514736,67.74906274580701,0.08410091414412774,3.132755840123613,3,HYD200,200,320.0831017930943,654.3796786328927,128.0,8.5,-556.6827523194318,90.0
Mass-H1-Real,AK,HYD200,2045-Hhigh,805.5686841846001,2523.65,0.29895402928514736,52.66890218440626,0.06538101991603353,3.132755840123613,3,HYD200,200,320.0831017930943,654.3796786328927,128.0,8.5,-556.6827523194318,90.0
Mass-H1-Real,AK,HYD200,2045-Hlow,805.5686841846001,2523.65,0.29895402928514736,72.94901932169263,0.09055592745084415,3.132755840123613,3,HYD200,200,320.0831017930943,654.3796786328927,128.0,8.5,-556.6827523194318,90.0
Mass-H1-Real,AK,HYD500,2024-Hhigh,831.6091186415439,2756.4662333314386,0.28737978951701926,73.51594806384638,0.08840204660566575,3.3146176148647832,3,HYD500,500,554.2117650565093,0.0,0.0,5,0.0,0.0
Mass-H1-Real,AK,HYD500,2024-Hlow,831.6091186415439,2756.4662333314386,0.3111471192234302,103.87745727163444,0.12491139760627096,3.3146176148647832,3,HYD500,500,554.2117650565093,0.0,0.0,5,0.0,0.0
Mass-H1-Real,AK,HYD500,2025-Hhigh,831.6091186415439,2756.4662333314386,0.3111471192234302,56.79912223166036,0.0683002638600732,3.3146176148647832,3,HYD500,500,554.2117650565093,0.0,0.0,5,0.0,0.0
Mass-H1-Real,AK,HYD500,2025-Hlow,831.6091186415439,2756.4662333314386,0.3111471192234302,84.1310124338874,0.10116653431039538,3.3146176148647832,3,HYD500,500,554.2117650565093,0.0,0.0,5,0.0,0.0
Mass-H1-Real,AK,HYD500,2030-Hhigh,831.6091186415439,2756.4662333314386,0.3086394137921075,45.43096123566829,0.054630186486989224,3.3146176148647832,3,HYD500,500,554.2117650565093,0.0,0.0,5,0.0,0.0
Mass-H1-Real,AK,HYD500,2030-Hlow,831.6091186415439,2756.4662333314386,0.3086394137921075,65.77845518539075,0.0790978041376478,3.3146176148647832,3,HYD500,500,554.2117650565093,0.0,0.0,5,0.0,0.0
Mass-H1-Real,AK,HYD500,2035-Hhigh,831.6091186415439,2756.4662333314386,0.3086394137921075,46.05486884443496,0.055380427910250475,3.3146176148647832,3,HYD500,500,554.2117650565093,0.0,0.0,5,0.0,0.0
Mass-H1-Real,AK,HYD500,2035-Hlow,831.6091186415439,2756.4662333314386,0.3086394137921075,61.558240711055596,0.07402304680306135,3.3146176148647832,3,HYD500,500,554.2117650565093,0.0,0.0,5,0.0,0.0
Mass-H1-Real,AK,HYD500,2040-Hhigh,831.6091186415439,2756.4662333314386,0.3086394137921075,48.724172373146494,0.05859023341727993,3.3146176148647832,3,HYD500,500,554.2117650565093,0.0,0.0,5,0.0,0.0
Mass-H1-Real,AK,HYD500,2040-Hlow,831.6091186415439,2756.4662333314386,0.3086394137921075,68.30403749658916,0.0821347866028281,3.3146176148647832,3,HYD500,500,554.2117650565093,0.0,0.0,5,0.0,0.0
Mass-H1-Real,AK,HYD500,2045-Hhigh,831.6091186415439,2756.4662333314386,0.3086394137921075,54.06373064950733,0.06501098826071304,3.3146176148647832,3,HYD500,500,554.2117650565093,0.0,0.0,5,0.0,0.0
Mass-H1-Real,AK,HYD500,2045-Hlow,831.6091186415439,2756.4662333314386,0.3086394137921075,73.81902006584066,0.08876648705635412,3.3146176148647832,3,HYD500,500,554.2117650565093,0.0,0.0,5,0.0,0.0
Mass-H1-Real,AK,HYD1000,2024-Hhigh,1061.843401274074,3530.518788886547,0.3599691186870391,94.15392476901513,0.08867025463080777,3.324895916526282,4,HYD1000,1000,852.1081540923494,0.0,0.0,5,0.0,0.0
Mass-H1-Real,AK,HYD1000,2024-Hlow,1061.843401274074,3530.518788886547,0.361593138024931,127.75522716467368,0.12031456522815324,3.324895916526282,4,HYD1000,1000,852.1081540923494,0.0,0.0,5,0.0,0.0
Mass-H1-Real,AK,HYD1000,2025-Hhigh,1061.843401274074,3530.518788886547,0.361593138024931,71.23228556777642,0.06708360713294158,3.324895916526282,4,HYD1000,1000,852.1081540923494,0.0,0.0,5,0.0,0.0
Mass-H1-Real,AK,HYD1000,2025-Hlow,1061.843401274074,3530.518788886547,0.361593138024931,102.54000208597493,0.09656791384015784,3.324895916526282,4,HYD1000,1000,852.1081540923494,0.0,0.0,5,0.0,0.0
Mass-H1-Real,AK,HYD1000,2030-Hhigh,1061.843401274074,3530.518788886547,0.3564605420091277,56.64489835917761,0.05334581190711464,3.324895916526282,4,HYD1000,1000,852.1081540923494,0.0,0.0,5,0.0,0.0
Mass-H1-Real,AK,HYD1000,2030-Hlow,1061.843401274074,3530.518788886547,0.3564605420091277,80.18063019774281,0.07551078633773727,3.324895916526282,4,HYD1000,1000,852.1081540923494,0.0,0.0,5,0.0,0.0
Mass-H1-Real,AK,HYD1000,2035-Hhigh,1061.843401274074,3530.518788886547,0.3564605420091277,57.5660635193902,0.05421332698429769,3.324895916526282,4,HYD1000,1000,852.1081540923494,0.0,0.0,5,0.0,0.0
Mass-H1-Real,AK,HYD1000,2035-Hlow,1061.843401274074,3530.518788886547,0.3564605420091277,74.94569980719325,0.07058074638620737,3.324895916526282,4,HYD1000,1000,852.1081540923494,0.0,0.0,5,0.0,0.0
Mass-H1-Real,AK,HYD1000,2040-Hhigh,1061.843401274074,3530.518788886547,0.3564605420091277,60.36903551792731,0.05685304956031399,3.324895916526282,4,HYD1000,1000,852.1081540923494,0.0,0.0,5,0.0,0.0
Mass-H1-Real,AK,HYD1000,2040-Hlow,1061.843401274074,3530.518788886547,0.3564605420091277,81.74736511733134,0.07698627219347517,3.324895916526282,4,HYD1000,1000,852.1081540923494,0.0,0.0,5,0.0,0.0
Mass-H1-Real,AK,HYD1000,2045-Hhigh,1061.843401274074,3530.518788886547,0.3564605420091277,66.77094874002262,0.06288210545915354,3.324895916526282,4,HYD1000,1000,852.1081540923494,0.0,0.0,5,0.0,0.0
Mass-H1-Real,AK,HYD1000,2045-Hlow,1061.843401274074,3530.518788886547,0.3564605420091277,88.85960510034369,0.08368428432452818,3.324895916526282,4,HYD1000,1000,852.1081540923494,0.0,0.0,5,0.0,0.0
Mass-H1-Real,AK,HYD200,2024-Hhigh,946.9901213709248,3000.075,0.2905344752213067,84.72616793592509,0.08946890366001913,3.1680108718102518,4,HYD200,200,317.88834568185274,1237.9307619610156,184.0,8.5,-468.99950592849274,98.0
Mass-H1-Real,AK,HYD200,2024-Hlow,946.9901213709248,3000.075,0.2888445337529577,116.99462326356785,0.12354365755600362,3.1680108718102518,4,HYD200,200,317.88834568185274,1237.9307619610156,184.0,8.5,-468.99950592849274,98.0
Mass-H1-Real,AK,HYD200,2025-Hhigh,946.9901213709248,3000.075,0.2888445337529577,63.37199559598438,0.06691938402086278,3.1680108718102518,4,HYD200,200,317.88834568185274,1237.9307619610156,184.0,8.5,-468.99950592849274,98.0
Mass-H1-Real,AK,HYD200,2025-Hlow,946.9901213709248,3000.075,0.2888445337529577,93.20383341913771,0.09842112532727347,3.1680108718102518,4,HYD200,200,317.88834568185274,1237.9307619610156,184.0,8.5,-468.99950592849274,98.0
Mass-H1-Real,AK,HYD200,2030-Hhigh,946.9901213709248,3000.075,0.28563034613638943,50.17096921714342,0.052979400824702,3.1680108718102518,4,HYD200,200,317.88834568185274,1237.9307619610156,184.0,8.5,-468.99950592849274,98.0
Mass-H1-Real,AK,HYD200,2030-Hlow,946.9901213709248,3000.075,0.28563034613638943,72.42444763352916,0.07647856719844426,3.1680108718102518,4,HYD200,200,317.88834568185274,1237.9307619610156,184.0,8.5,-468.99950592849274,98.0
Mass-H1-Real,AK,HYD200,2035-Hhigh,946.9901213709248,3000.075,0.28563034613638943,51.196024609022714,0.054061835972383745,3.1680108718102518,4,HYD200,200,317.88834568185274,1237.9307619610156,184.0,8.5,-468.99950592849274,98.0
Mass-H1-Real,AK,HYD200,2035-Hlow,946.9901213709248,3000.075,0.28563034613638943,68.22610513211933,0.07204521313627935,3.1680108718102518,4,HYD200,200,317.88834568185274,1237.9307619610156,184.0,8.5,-468.99950592849274,98.0
Mass-H1-Real,AK,HYD200,2040-Hhigh,946.9901213709248,3000.075,0.28563034613638943,53.64622734443052,0.05664919425639703,3.1680108718102518,4,HYD200,200,317.88834568185274,1237.9307619610156,184.0,8.5,-468.99950592849274,98.0
Mass-H1-Real,AK,HYD200,2040-Hlow,946.9901213709248,3000.075,0.28563034613638943,73.99322363317498,0.07813515892442209,3.1680108718102518,4,HYD200,200,317.88834568185274,1237.9307619610156,184.0,8.5,-468.99950592849274,98.0
Mass-H1-Real,AK,HYD200,2045-Hhigh,946.9901213709248,3000.075,0.28563034613638943,59.29212954999439,0.06261113839726144,3.1680108718102518,4,HYD200,200,317.88834568185274,1237.9307619610156,184.0,8.5,-468.99950592849274,98.0
Mass-H1-Real,AK,HYD200,2045-Hlow,946.9901213709248,3000.075,0.28563034613638943,80.43691008320572,0.08493954505751336,3.1680108718102518,4,HYD200,200,317.88834568185274,1237.9307619610156,184.0,8.5,-468.99950592849274,98.0
Mass-H1-Real,AK,HYD500,2024-Hhigh,970.3300595580679,3230.2286333309726,0.326057775664016,86.3478400482228,0.08898811203225994,3.328999860936148,4,HYD500,500,548.6700004478618,0.0,0.0,5,0.0,0.0
Mass-H1-Real,AK,HYD500,2024-Hlow,970.3300595580679,3230.2286333309726,0.32512203891795916,117.17373979111592,0.12075658033770709,3.328999860936148,4,HYD500,500,548.6700004478618,0.0,0.0,5,0.0,0.0
Mass-H1-Real,AK,HYD500,2025-Hhigh,970.3300595580679,3230.2286333309726,0.32512203891795916,65.0065084188458,0.06699422302598014,3.328999860936148,4,HYD500,500,548.6700004478618,0.0,0.0,5,0.0,0.0
Mass-H1-Real,AK,HYD500,2025-Hlow,970.3300595580679,3230.2286333309726,0.32512203891795916,93.82151855208993,0.0966903144223116,3.328999860936148,4,HYD500,500,548.6700004478618,0.0,0.0,5,0.0,0.0
Mass-H1-Real,AK,HYD500,2030-Hhigh,970.3300595580679,3230.2286333309726,0.32085464100088623,51.582824642209125,0.05316008108179424,3.328999860936148,4,HYD500,500,548.6700004478618,0.0,0.0,5,0.0,0.0
Mass-H1-Real,AK,HYD500,2030-Hlow,970.3300595580679,3230.2286333309726,0.32085464100088623,73.22618160812334,0.07546523050257131,3.328999860936148,4,HYD500,500,548.6700004478618,0.0,0.0,5,0.0,0.0
Mass-H1-Real,AK,HYD500,2035-Hhigh,970.3300595580679,3230.2286333309726,0.32085464100088623,52.42570349276179,0.05402873277639036,3.328999860936148,4,HYD500,500,548.6700004478618,0.0,0.0,5,0.0,0.0
Mass-H1-Real,AK,HYD500,2035-Hlow,970.3300595580679,3230.2286333309726,0.32085464100088623,68.49463283857816,0.07058900439482799,3.328999860936148,4,HYD500,500,548.6700004478618,0.0,0.0,5,0.0,0.0
Mass-H1-Real,AK,HYD500,2040-Hhigh,970.3300595580679,3230.2286333309726,0.32085464100088623,54.89480183159672,0.05657332913771453,3.328999860936148,4,HYD500,500,548.6700004478618,0.0,0.0,5,0.0,0.0
Mass-H1-Real,AK,HYD500,2040-Hlow,970.3300595580679,3230.2286333309726,0.32085464100088623,74.69990375100754,0.0769840148877066,3.328999860936148,4,HYD500,500,548.6700004478618,0.0,0.0,5,0.0,0.0
Mass-H1-Real,AK,HYD500,2045-Hhigh,970.3300595580679,3230.2286333309726,0.32085464100088623,60.75761771368838,0.06261541329695604,3.328999860936148,4,HYD500,500,548.6700004478618,0.0,0.0,5,0.0,0.0
Mass-H1-Real,AK,HYD500,2045-Hlow,970.3300595580679,3230.2286333309726,0.32085464100088623,81.32326577473019,0.08380990053195762,3.328999860936148,4,HYD500,500,548.6700004478618,0.0,0.0,5,0.0,0.0
Mass-H1-Real,AK,HYD1000,2024-Hhigh,1201.6654526018049,4002.2054888849734,0.40402747968865554,106.20604040354755,0.08838236979651355,3.3305488480338146,5,HYD1000,1000,845.5635167104813,0.0,0.0,5,0.0,0.0
Mass-H1-Real,AK,HYD1000,2024-Hlow,1201.6654526018049,4002.2054888849734,0.4081700127514593,142.99440277527287,0.11899684930249621,3.3305488480338146,5,HYD1000,1000,845.5635167104813,0.0,0.0,5,0.0,0.0
Mass-H1-Real,AK,HYD1000,2025-Hhigh,1201.6654526018049,4002.2054888849734,0.4081700127514593,80.46316417604793,0.06695970496766121,3.3305488480338146,5,HYD1000,1000,845.5635167104813,0.0,0.0,5,0.0,0.0
Mass-H1-Real,AK,HYD1000,2025-Hlow,1201.6654526018049,4002.2054888849734,0.4081700127514593,113.59119834380945,0.09452813850798962,3.3305488480338146,5,HYD1000,1000,845.5635167104813,0.0,0.0,5,0.0,0.0
Mass-H1-Real,AK,HYD1000,2030-Hhigh,1201.6654526018049,4002.2054888849734,0.40220151492521505,64.08587768396328,0.05333088135737507,3.3305488480338146,5,HYD1000,1000,845.5635167104813,0.0,0.0,5,0.0,0.0
Mass-H1-Real,AK,HYD1000,2030-Hlow,1201.6654526018049,4002.2054888849734,0.40220151492521505,88.77967047518295,0.0738805216401622,3.3305488480338146,5,HYD1000,1000,845.5635167104813,0.0,0.0,5,0.0,0.0
Mass-H1-Real,AK,HYD1000,2035-Hhigh,1201.6654526018049,4002.2054888849734,0.40220151492521505,65.0357176432426,0.054121317628321175,3.3305488480338146,5,HYD1000,1000,845.5635167104813,0.0,0.0,5,0.0,0.0
Mass-H1-Real,AK,HYD1000,2035-Hlow,1201.6654526018049,4002.2054888849734,0.40220151492521505,83.4800013318756,0.06947025160049959,3.3305488480338146,5,HYD1000,1000,845.5635167104813,0.0,0.0,5,0.0,0.0
Mass-H1-Real,AK,HYD1000,2040-Hhigh,1201.6654526018049,4002.2054888849734,0.40220151492521505,68.31333386036563,0.05684887895583246,3.3305488480338146,5,HYD1000,1000,845.5635167104813,0.0,0.0,5,0.0,0.0
Mass-H1-Real,AK,HYD1000,2040-Hlow,1201.6654526018049,4002.2054888849734,0.40220151492521505,91.81941247236828,0.07641012918659186,3.3305488480338146,5,HYD1000,1000,845.5635167104813,0.0,0.0,5,0.0,0.0
Mass-H1-Real,AK,HYD1000,2045-Hhigh,1201.6654526018049,4002.2054888849734,0.40220151492521505,75.13130054219955,0.06252264336927374,3.3305488480338146,5,HYD1000,1000,845.5635167104813,0.0,0.0,5,0.0,0.0
Mass-H1-Real,AK,HYD1000,2045-Hlow,1201.6654526018049,4002.2054888849734,0.40220151492521505,99.12987537739559,0.08249373830525208,3.3305488480338146,5,HYD1000,1000,845.5635167104813,0.0,0.0,5,0.0,0.0
Mass-H1-Real,AK,HYD200,2024-Hhigh,1094.6720845918549,3477.775,0.39685940974634354,97.2994058244427,0.08888452276621313,3.1770016326822454,5,HYD200,200,316.71454677362755,1827.5951476569803,262.0,8.5,-489.1734003901646,101.0
Mass-H1-Real,AK,HYD200,2024-Hlow,1094.6720845918549,3477.775,0.4016113023067433,133.58884103850195,0.12203548708224358,3.1770016326822454,5,HYD200,200,316.71454677362755,1827.5951476569803,262.0,8.5,-489.1734003901646,101.0
Mass-H1-Real,AK,HYD200,2025-Hhigh,1094.6720845918549,3477.775,0.4016113023067433,72.7997680604831,0.06650372205995028,3.1770016326822454,5,HYD200,200,316.71454677362755,1827.5951476569803,262.0,8.5,-489.1734003901646,101.0
Mass-H1-Real,AK,HYD200,2025-Hlow,1094.6720845918549,3477.775,0.4016113023067433,105.01216840762255,0.09593025152073374,3.1770016326822454,5,HYD200,200,316.71454677362755,1827.5951476569803,262.0,8.5,-489.1734003901646,101.0
Mass-H1-Real,AK,HYD200,2030-Hhigh,1094.6720845918549,3477.775,0.3934929856052578,57.69117995539812,0.05270179149302789,3.1770016326822454,5,HYD200,200,316.71454677362755,1827.5951476569803,262.0,8.5,-489.1734003901646,101.0
Mass-H1-Real,AK,HYD200,2030-Hlow,1094.6720845918549,3477.775,0.3934929856052578,81.36707594545048,0.0743300912581396,3.1770016326822454,5,HYD200,200,316.71454677362755,1827.5951476569803,262.0,8.5,-489.1734003901646,101.0
Mass-H1-Real,AK,HYD200,2035-Hhigh,1094.6720845918549,3477.775,0.3934929856052578,58.79847571389176,0.05371332341576482,3.1770016326822454,5,HYD200,200,316.71454677362755,1827.5951476569803,262.0,8.5,-489.1734003901646,101.0
Mass-H1-Real,AK,HYD200,2035-Hlow,1094.6720845918549,3477.775,0.3934929856052578,77.27614117547917,0.07059295862494872,3.1770016326822454,5,HYD200,200,316.71454677362755,1827.5951476569803,262.0,8.5,-489.1734003901646,101.0
Mass-H1-Real,AK,HYD200,2040-Hhigh,1094.6720845918549,3477.775,0.3934929856052578,61.82249401622101,0.056475811237363685,3.1770016326822454,5,HYD200,200,316.71454677362755,1827.5951476569803,262.0,8.5,-489.1734003901646,101.0
Mass-H1-Real,AK,HYD200,2040-Hlow,1094.6720845918549,3477.775,0.3934929856052578,84.64482119041635,0.07732436259391406,3.1770016326822454,5,HYD200,200,316.71454677362755,1827.5951476569803,262.0,8.5,-489.1734003901646,101.0
Mass-H1-Real,AK,HYD200,2045-Hhigh,1094.6720845918549,3477.775,0.3934929856052578,67.84356399423237,0.061976152447084314,3.1770016326822454,5,HYD200,200,316.71454677362755,1827.5951476569803,262.0,8.5,-489.1734003901646,101.0
Mass-H1-Real,AK,HYD200,2045-Hlow,1094.6720845918549,3477.775,0.3934929856052578,91.06907209255424,0.08319301585781194,3.1770016326822454,5,HYD200,200,316.71454677362755,1827.5951476569803,262.0,8.5,-489.1734003901646,101.0
Mass-H1-Real,AK,HYD500,2024-Hhigh,1110.8822771996981,3705.530799995734,0.37258780633113675,98.30240753454183,0.0884903914232403,3.335664701876964,5,HYD500,500,545.4139470464603,0.0,0.0,5,0.0,0.0
Mass-H1-Real,AK,HYD500,2024-Hlow,1110.8822771996981,3705.530799995734,0.37587708736595754,132.53733242254333,0.1193081707601297,3.335664701876964,5,HYD500,500,545.4139470464603,0.0,0.0,5,0.0,0.0
Mass-H1-Real,AK,HYD500,2025-Hhigh,1110.8822771996981,3705.530799995734,0.37587708736595754,74.02291522013412,0.0666343470765691,3.335664701876964,5,HYD500,500,545.4139470464603,0.0,0.0,5,0.0,0.0
Mass-H1-Real,AK,HYD500,2025-Hlow,1110.8822771996981,3705.530799995734,0.37587708736595754,104.6871560025386,0.09423784873626126,3.335664701876964,5,HYD500,500,545.4139470464603,0.0,0.0,5,0.0,0.0
Mass-H1-Real,AK,HYD500,2030-Hhigh,1110.8822771996981,3705.530799995734,0.37077378763844365,58.79078987274986,0.052922610324605365,3.335664701876964,5,HYD500,500,545.4139470464603,0.0,0.0,5,0.0,0.0
Mass-H1-Real,AK,HYD500,2030-Hlow,1110.8822771996981,3705.530799995734,0.37077378763844365,81.57587635387947,0.07343341236797403,3.335664701876964,5,HYD500,500,545.4139470464603,0.0,0.0,5,0.0,0.0
Mass-H1-Real,AK,HYD500,2035-Hhigh,1110.8822771996981,3705.530799995734,0.37077378763844365,59.71276144283866,0.05375255566536001,3.335664701876964,5,HYD500,500,545.4139470464603,0.0,0.0,5,0.0,0.0
Mass-H1-Real,AK,HYD500,2035-Hlow,1110.8822771996981,3705.530799995734,0.37077378763844365,76.95587996801915,0.06927455910270602,3.335664701876964,5,HYD500,500,545.4139470464603,0.0,0.0,5,0.0,0.0
Mass-H1-Real,AK,HYD500,2040-Hhigh,1110.8822771996981,3705.530799995734,0.37077378763844365,62.672774220223104,0.05641711593257934,3.335664701876964,5,HYD500,500,545.4139470464603,0.0,0.0,5,0.0,0.0
Mass-H1-Real,AK,HYD500,2040-Hlow,1110.8822771996981,3705.530799995734,0.37077378763844365,84.534226160841,0.07609647565350858,3.335664701876964,5,HYD500,500,545.4139470464603,0.0,0.0,5,0.0,0.0
Mass-H1-Real,AK,HYD500,2045-Hhigh,1110.8822771996981,3705.530799995734,0.37077378763844365,68.87959253656035,0.06200440312198643,3.335664701876964,5,HYD500,500,545.4139470464603,0.0,0.0,5,0.0,0.0
Mass-H1-Real,AK,HYD500,2045-Hlow,1110.8822771996981,3705.530799995734,0.37077378763844365,91.16811980610954,0.08206820981600796,3.335664701876964,5,HYD500,500,545.4139470464603,0.0,0.0,5,0.0,0.0
Mass-H1-Real,CH,HYD1000,2024-Hhigh,1556.219168484302,4439.320631667332,0.7759913424111899,157.20026150556387,0.10101421746312952,2.852632020971096,3,HYD1000,1000,972.6253268848831,0.0,0.0,5,0.0,0.0
Mass-H1-Real,CH,HYD1000,2024-Hlow,1556.219168484302,4439.320631667332,0.7860561185112197,221.95949346988183,0.14262739976790154,2.852632020971096,3,HYD1000,1000,972.6253268848831,0.0,0.0,5,0.0,0.0
Mass-H1-Real,CH,HYD1000,2025-Hhigh,1556.219168484302,4439.320631667332,0.7860561185112197,124.91604034634814,0.0802689254033618,2.852632020971096,3,HYD1000,1000,972.6253268848831,0.0,0.0,5,0.0,0.0
Mass-H1-Real,CH,HYD1000,2025-Hlow,1556.219168484302,4439.320631667332,0.7860561185112197,184.4583904525501,0.11852982805256508,2.852632020971096,3,HYD1000,1000,972.6253268848831,0.0,0.0,5,0.0,0.0
Mass-H1-Real,CH,HYD1000,2030-Hhigh,1556.219168484302,4439.320631667332,0.7493712337231528,99.36845518190664,0.06385248118919376,2.852632020971096,3,HYD1000,1000,972.6253268848831,0.0,0.0,5,0.0,0.0
Mass-H1-Real,CH,HYD1000,2030-Hlow,1556.219168484302,4439.320631667332,0.7493712337231528,143.93312804315164,0.09248898288750486,2.852632020971096,3,HYD1000,1000,972.6253268848831,0.0,0.0,5,0.0,0.0
Mass-H1-Real,CH,HYD1000,2035-Hhigh,1556.219168484302,4439.320631667332,0.7493712337231528,97.88838913431114,0.0629014158909575,2.852632020971096,3,HYD1000,1000,972.6253268848831,0.0,0.0,5,0.0,0.0
Mass-H1-Real,CH,HYD1000,2035-Hlow,1556.219168484302,4439.320631667332,0.7493712337231528,130.68532270412828,0.08397616823561607,2.852632020971096,3,HYD1000,1000,972.6253268848831,0.0,0.0,5,0.0,0.0
Mass-H1-Real,CH,HYD1000,2040-Hhigh,1556.219168484302,4439.320631667332,0.7493712337231528,103.2406865358255,0.06634071127422109,2.852632020971096,3,HYD1000,1000,972.6253268848831,0.0,0.0,5,0.0,0.0
Mass-H1-Real,CH,HYD1000,2040-Hlow,1556.219168484302,4439.320631667332,0.7493712337231528,146.19907256782528,0.09394504034429649,2.852632020971096,3,HYD1000,1000,972.6253268848831,0.0,0.0,5,0.0,0.0
Mass-H1-Real,CH,HYD1000,2045-Hhigh,1556.219168484302,4439.320631667332,0.7493712337231528,116.06775512592253,0.07458316763889247,2.852632020971096,3,HYD1000,1000,972.6253268848831,0.0,0.0,5,0.0,0.0
Mass-H1-Real,CH,HYD1000,2045-Hlow,1556.219168484302,4439.320631667332,0.7493712337231528,160.23705609288885,0.10296561007467453,2.852632020971096,3,HYD1000,1000,972.6253268848831,0.0,0.0,5,0.0,0.0
Mass-H1-Real,CH,HYD200,2024-Hhigh,1301.4272403772973,3835.4298,0.6500995715106075,134.16996828628737,0.10309448282901325,2.9470950668652587,3,HYD200,200,363.72626133853527,233.1241826936014,69.0,11.2,-513.900360643361,107.0
Mass-H1-Real,CH,HYD200,2024-Hlow,1301.4272403772973,3835.4298,0.6688787911580967,194.06551737642172,0.14911745455716766,2.9470950668652587,3,HYD200,200,363.72626133853527,233.1241826936014,69.0,11.2,-513.900360643361,107.0
Mass-H1-Real,CH,HYD200,2025-Hhigh,1301.4272403772973,3835.4298,0.6688787911580967,106.57351043589934,0.08188971855622337,2.9470950668652587,3,HYD200,200,363.72626133853527,233.1241826936014,69.0,11.2,-513.900360643361,107.0
Mass-H1-Real,CH,HYD200,2025-Hlow,1301.4272403772973,3835.4298,0.6688787911580967,160.802269500389,0.12355840150830925,2.9470950668652587,3,HYD200,200,363.72626133853527,233.1241826936014,69.0,11.2,-513.900360643361,107.0
Mass-H1-Real,CH,HYD200,2030-Hhigh,1301.4272403772973,3835.4298,0.635516493761495,84.67285525724769,0.06506153600465606,2.9470950668652587,3,HYD200,200,363.72626133853527,233.1241826936014,69.0,11.2,-513.900360643361,107.0
Mass-H1-Real,CH,HYD200,2030-Hlow,1301.4272403772973,3835.4298,0.635516493761495,125.0862857221954,0.09611469764989058,2.9470950668652587,3,HYD200,200,363.72626133853527,233.1241826936014,69.0,11.2,-513.900360643361,107.0
Mass-H1-Real,CH,HYD200,2035-Hhigh,1301.4272403772973,3835.4298,0.635516493761495,83.58460152806519,0.06422533579659294,2.9470950668652587,3,HYD200,200,363.72626133853527,233.1241826936014,69.0,11.2,-513.900360643361,107.0
Mass-H1-Real,CH,HYD200,2035-Hlow,1301.4272403772973,3835.4298,0.635516493761495,113.28242984706151,0.08704476618625237,2.9470950668652587,3,HYD200,200,363.72626133853527,233.1241826936014,69.0,11.2,-513.900360643361,107.0
Mass-H1-Real,CH,HYD200,2040-Hhigh,1301.4272403772973,3835.4298,0.635516493761495,88.12564444828764,0.06771461493516849,2.9470950668652587,3,HYD200,200,363.72626133853527,233.1241826936014,69.0,11.2,-513.900360643361,107.0
Mass-H1-Real,CH,HYD200,2040-Hlow,1301.4272403772973,3835.4298,0.635516493761495,126.91592017773975,0.09752056529948268,2.9470950668652587,3,HYD200,200,363.72626133853527,233.1241826936014,69.0,11.2,-513.900360643361,107.0
Mass-H1-Real,CH,HYD200,2045-Hhigh,1301.4272403772973,3835.4298,0.635516493761495,99.06817970502046,0.07612271868252854,2.9470950668652587,3,HYD200,200,363.72626133853527,233.1241826936014,69.0,11.2,-513.900360643361,107.0
Mass-H1-Real,CH,HYD200,2045-Hlow,1301.4272403772973,3835.4298,0.635516493761495,138.54700893253727,0.10645774472368585,2.9470950668652587,3,HYD200,200,363.72626133853527,233.1241826936014,69.0,11.2,-513.900360643361,107.0
Mass-H1-Real,CH,HYD500,2024-Hhigh,1398.2993593785727,4098.599999999999,0.6624299072629507,140.104228011011,0.10019616119489294,2.931132001534696,3,HYD500,500,628.7423686760627,0.0,0.0,6,0.0,0.0
Mass-H1-Real,CH,HYD500,2024-Hlow,1398.2993593785727,4098.599999999999,0.678524095221876,198.71052434019037,0.14210871442328388,2.931132001534696,3,HYD500,500,628.7423686760627,0.0,0.0,6,0.0,0.0
Mass-H1-Real,CH,HYD500,2025-Hhigh,1398.2993593785727,4098.599999999999,0.678524095221876,111.09830972320384,0.07945244984777634,2.931132001534696,3,HYD500,500,628.7423686760627,0.0,0.0,6,0.0,0.0
Mass-H1-Real,CH,HYD500,2025-Hlow,1398.2993593785727,4098.599999999999,0.678524095221876,164.29216711159705,0.11749427331827657,2.931132001534696,3,HYD500,500,628.7423686760627,0.0,0.0,6,0.0,0.0
Mass-H1-Real,CH,HYD500,2030-Hhigh,1398.2993593785727,4098.599999999999,0.6540530386959876,88.31323353077619,0.06315760136658008,2.931132001534696,3,HYD500,500,628.7423686760627,0.0,0.0,6,0.0,0.0
Mass-H1-Real,CH,HYD500,2030-Hlow,1398.2993593785727,4098.599999999999,0.6540530386959876,127.96282432259167,0.09151318239855338,2.931132001534696,3,HYD500,500,628.7423686760627,0.0,0.0,6,0.0,0.0
Mass-H1-Real,CH,HYD500,2035-Hhigh,1398.2993593785727,4098.599999999999,0.6540530386959876,87.09775943016211,0.06228834966274303,2.931132001534696,3,HYD500,500,628.7423686760627,0.0,0.0,6,0.0,0.0
Mass-H1-Real,CH,HYD500,2035-Hlow,1398.2993593785727,4098.599999999999,0.6540530386959876,117.00084635938907,0.08367367515020974,2.931132001534696,3,HYD500,500,628.7423686760627,0.0,0.0,6,0.0,0.0
Mass-H1-Real,CH,HYD500,2040-Hhigh,1398.2993593785727,4098.599999999999,0.6540530386959876,91.95590505094677,0.06576267408991268,2.931132001534696,3,HYD500,500,628.7423686760627,0.0,0.0,6,0.0,0.0
Mass-H1-Real,CH,HYD500,2040-Hlow,1398.2993593785727,4098.599999999999,0.6540530386959876,130.18928935645025,0.09310544876049183,2.931132001534696,3,HYD500,500,628.7423686760627,0.0,0.0,6,0.0,0.0
Mass-H1-Real,CH,HYD500,2045-Hhigh,1398.2993593785727,4098.599999999999,0.6540530386959876,103.19914546290106,0.07380332742823001,2.931132001534696,3,HYD500,500,628.7423686760627,0.0,0.0,6,0.0,0.0
Mass-H1-Real,CH,HYD500,2045-Hlow,1398.2993593785727,4098.599999999999,0.6540530386959876,142.180700265155,0.10168115955394734,2.931132001534696,3,HYD500,500,628.7423686760627,0.0,0.0,6,0.0,0.0
Mass-H1-Real,CH,HYD1000,2024-Hhigh,1705.6063916959922,4911.074798334168,0.8153330608479656,171.54362439594024,0.10057632595136067,2.8793717133357926,4,HYD1000,1000,965.0833926937169,0.0,0.0,5,0.0,0.0
Mass-H1-Real,CH,HYD1000,2024-Hlow,1705.6063916959922,4911.074798334168,0.8112219147145129,236.98886585175848,0.13894698507555747,2.8793717133357926,4,HYD1000,1000,965.0833926937169,0.0,0.0,5,0.0,0.0
Mass-H1-Real,CH,HYD1000,2025-Hhigh,1705.6063916959922,4911.074798334168,0.8112219147145129,134.65870348664254,0.07895063253881388,2.8793717133357926,4,HYD1000,1000,965.0833926937169,0.0,0.0,5,0.0,0.0
Mass-H1-Real,CH,HYD1000,2025-Hlow,1705.6063916959922,4911.074798334168,0.8112219147145129,195.81957182304288,0.11480935623624575,2.8793717133357926,4,HYD1000,1000,965.0833926937169,0.0,0.0,5,0.0,0.0
Mass-H1-Real,CH,HYD1000,2030-Hhigh,1705.6063916959922,4911.074798334168,0.7756566000115014,106.74127287464984,0.06258259431621281,2.8793717133357926,4,HYD1000,1000,965.0833926937169,0.0,0.0,5,0.0,0.0
Mass-H1-Real,CH,HYD1000,2030-Hlow,1705.6063916959922,4911.074798334168,0.7756566000115014,152.77779840907505,0.089573889469984,2.8793717133357926,4,HYD1000,1000,965.0833926937169,0.0,0.0,5,0.0,0.0
Mass-H1-Real,CH,HYD1000,2035-Hhigh,1705.6063916959922,4911.074798334168,0.7756566000115014,105.3297553124906,0.0617550191095113,2.8793717133357926,4,HYD1000,1000,965.0833926937169,0.0,0.0,5,0.0,0.0
Mass-H1-Real,CH,HYD1000,2035-Hlow,1705.6063916959922,4911.074798334168,0.7756566000115014,139.36326350965163,0.08170892427946047,2.8793717133357926,4,HYD1000,1000,965.0833926937169,0.0,0.0,5,0.0,0.0
Mass-H1-Real,CH,HYD1000,2040-Hhigh,1705.6063916959922,4911.074798334168,0.7756566000115014,110.70658172368513,0.06490746180518389,2.8793717133357926,4,HYD1000,1000,965.0833926937169,0.0,0.0,5,0.0,0.0
Mass-H1-Real,CH,HYD1000,2040-Hlow,1705.6063916959922,4911.074798334168,0.7756566000115014,154.3315115923005,0.09048483421713666,2.8793717133357926,4,HYD1000,1000,965.0833926937169,0.0,0.0,5,0.0,0.0
Mass-H1-Real,CH,HYD1000,2045-Hhigh,1705.6063916959922,4911.074798334168,0.7756566000115014,124.33776386339007,0.07289944765025955,2.8793717133357926,4,HYD1000,1000,965.0833926937169,0.0,0.0,5,0.0,0.0
Mass-H1-Real,CH,HYD1000,2045-Hlow,1705.6063916959922,4911.074798334168,0.7756566000115014,169.69237045341455,0.09949093253847315,2.8793717133357926,4,HYD1000,1000,965.0833926937169,0.0,0.0,5,0.0,0.0
Mass-H1-Real,CH,HYD200,2024-Hhigh,1435.417615524417,4312.779733333333,0.662068360954238,147.0346979444656,0.10243339384597686,3.004547029860503,4,HYD200,200,362.1523069130151,613.6186188146982,108.0,11.2,-390.9843725542077,107.0
Mass-H1-Real,CH,HYD200,2024-Hlow,1435.417615524417,4312.779733333333,0.6605607397226808,207.9171536420376,0.14484784873291173,3.004547029860503,4,HYD200,200,362.1523069130151,613.6186188146982,108.0,11.2,-390.9843725542077,107.0
Mass-H1-Real,CH,HYD200,2025-Hhigh,1435.417615524417,4312.779733333333,0.6605607397226808,114.76611340508357,0.0799531175902107,3.004547029860503,4,HYD200,200,362.1523069130151,613.6186188146982,108.0,11.2,-390.9843725542077,107.0
Mass-H1-Real,CH,HYD200,2025-Hlow,1435.417615524417,4312.779733333333,0.6605607397226808,171.04489544055718,0.11916037088486438,3.004547029860503,4,HYD200,200,362.1523069130151,613.6186188146982,108.0,11.2,-390.9843725542077,107.0
Mass-H1-Real,CH,HYD200,2030-Hhigh,1435.417615524417,4312.779733333333,0.6226190587112417,90.8529499903179,0.06329374044718379,3.004547029860503,4,HYD200,200,362.1523069130151,613.6186188146982,108.0,11.2,-390.9843725542077,107.0
Mass-H1-Real,CH,HYD200,2030-Hlow,1435.417615524417,4312.779733333333,0.6226190587112417,132.9409020452122,0.09261479071137317,3.004547029860503,4,HYD200,200,362.1523069130151,613.6186188146982,108.0,11.2,-390.9843725542077,107.0
Mass-H1-Real,CH,HYD200,2035-Hhigh,1435.417615524417,4312.779733333333,0.6226190587112417,90.06189773267471,0.06274264489903965,3.004547029860503,4,HYD200,200,362.1523069130151,613.6186188146982,108.0,11.2,-390.9843725542077,107.0
Mass-H1-Real,CH,HYD200,2035-Hlow,1435.417615524417,4312.779733333333,0.6226190587112417,120.70570554074399,0.08409100197411555,3.004547029860503,4,HYD200,200,362.1523069130151,613.6186188146982,108.0,11.2,-390.9843725542077,107.0
Mass-H1-Real,CH,HYD200,2040-Hhigh,1435.417615524417,4312.779733333333,0.6226190587112417,94.432017143942,0.06578713826738299,3.004547029860503,4,HYD200,200,362.1523069130151,613.6186188146982,108.0,11.2,-390.9843725542077,107.0
Mass-H1-Real,CH,HYD200,2040-Hlow,1435.417615524417,4312.779733333333,0.6226190587112417,133.72782452832115,0.09316300920513985,3.004547029860503,4,HYD200,200,362.1523069130151,613.6186188146982,108.0,11.2,-390.9843725542077,107.0
Mass-H1-Real,CH,HYD200,2045-Hhigh,1435.417615524417,4312.779733333333,0.6226190587112417,105.93755882742434,0.0738026046787234,3.004547029860503,4,HYD200,200,362.1523069130151,613.6186188146982,108.0,11.2,-390.9843725542077,107.0
Mass-H1-Real,CH,HYD200,2045-Hlow,1435.417615524417,4312.779733333333,0.6226190587112417,146.76132177731898,0.10224294323133344,3.004547029860503,4,HYD200,200,362.1523069130151,613.6186188146982,108.0,11.2,-390.9843725542077,107.0
Mass-H1-Real,CH,HYD500,2024-Hhigh,1545.8510392186395,4573.7,0.7109655241400373,154.08313975735123,0.09967528296596648,2.958693874095273,4,HYD500,500,624.5121920159396,0.0,0.0,6,0.0,0.0
Mass-H1-Real,CH,HYD500,2024-Hlow,1545.8510392186395,4573.7,0.7086540617514591,213.37729764661046,0.13803225034830227,2.958693874095273,4,HYD500,500,624.5121920159396,0.0,0.0,6,0.0,0.0
Mass-H1-Real,CH,HYD500,2025-Hhigh,1545.8510392186395,4573.7,0.7086540617514591,120.21025759090499,0.07776315734255097,2.958693874095273,4,HYD500,500,624.5121920159396,0.0,0.0,6,0.0,0.0
Mass-H1-Real,CH,HYD500,2025-Hlow,1545.8510392186395,4573.7,0.7086540617514591,175.11102593390302,0.11327807239591083,2.958693874095273,4,HYD500,500,624.5121920159396,0.0,0.0,6,0.0,0.0
Mass-H1-Real,CH,HYD500,2030-Hhigh,1545.8510392186395,4573.7,0.6829211331121194,95.12044865563601,0.06153273908184275,2.958693874095273,4,HYD500,500,624.5121920159396,0.0,0.0,6,0.0,0.0
Mass-H1-Real,CH,HYD500,2030-Hlow,1545.8510392186395,4573.7,0.6829211331121194,136.36029006845698,0.08821049804215364,2.958693874095273,4,HYD500,500,624.5121920159396,0.0,0.0,6,0.0,0.0
Mass-H1-Real,CH,HYD500,2035-Hhigh,1545.8510392186395,4573.7,0.6829211331121194,94.19316667478265,0.06093288698915854,2.958693874095273,4,HYD500,500,624.5121920159396,0.0,0.0,6,0.0,0.0
Mass-H1-Real,CH,HYD500,2035-Hlow,1545.8510392186395,4573.7,0.6829211331121194,125.0658401335952,0.0809041990208905,2.958693874095273,4,HYD500,500,624.5121920159396,0.0,0.0,6,0.0,0.0
Mass-H1-Real,CH,HYD500,2040-Hhigh,1545.8510392186395,4573.7,0.6829211331121194,98.95927567685256,0.06401604887290574,2.958693874095273,4,HYD500,500,624.5121920159396,0.0,0.0,6,0.0,0.0
Mass-H1-Real,CH,HYD500,2040-Hlow,1545.8510392186395,4573.7,0.6829211331121194,137.63352506897988,0.08903414467318121,2.958693874095273,4,HYD500,500,624.5121920159396,0.0,0.0,6,0.0,0.0
Mass-H1-Real,CH,HYD500,2045-Hhigh,1545.8510392186395,4573.7,0.6829211331121194,110.86528071161982,0.07171795852183623,2.958693874095273,4,HYD500,500,624.5121920159396,0.0,0.0,6,0.0,0.0
Mass-H1-Real,CH,HYD500,2045-Hlow,1545.8510392186395,4573.7,0.6829211331121194,150.9485871840317,0.09764756328677675,2.958693874095273,4,HYD500,500,624.5121920159396,0.0,0.0,6,0.0,0.0
Mass-H1-Real,CH,HYD1000,2024-Hhigh,1855.7992938083964,5384.644701666168,0.8787944087741079,184.93189985053175,0.09965080839696946,2.9015231979186806,5,HYD1000,1000,960.4189262930832,0.0,0.0,5,0.0,0.0
Mass-H1-Real,CH,HYD1000,2024-Hlow,1855.7992938083964,5384.644701666168,0.878972298544758,253.78010649422103,0.13674975916895826,2.9015231979186806,5,HYD1000,1000,960.4189262930832,0.0,0.0,5,0.0,0.0
Mass-H1-Real,CH,HYD1000,2025-Hhigh,1855.7992938083964,5384.644701666168,0.878972298544758,145.06035944024842,0.07816597404914483,2.9015231979186806,5,HYD1000,1000,960.4189262930832,0.0,0.0,5,0.0,0.0
Mass-H1-Real,CH,HYD1000,2025-Hlow,1855.7992938083964,5384.644701666168,0.878972298544758,208.08341063953085,0.11212603180406998,2.9015231979186806,5,HYD1000,1000,960.4189262930832,0.0,0.0,5,0.0,0.0
Mass-H1-Real,CH,HYD1000,2030-Hhigh,1855.7992938083964,5384.644701666168,0.8384621758343637,115.02567435292264,0.06198174271145,2.9015231979186806,5,HYD1000,1000,960.4189262930832,0.0,0.0,5,0.0,0.0
Mass-H1-Real,CH,HYD1000,2030-Hlow,1855.7992938083964,5384.644701666168,0.8384621758343637,162.17599471799173,0.08738875764155546,2.9015231979186806,5,HYD1000,1000,960.4189262930832,0.0,0.0,5,0.0,0.0
Mass-H1-Real,CH,HYD1000,2035-Hhigh,1855.7992938083964,5384.644701666168,0.8384621758343637,113.49566007500141,0.06115729241500582,2.9015231979186806,5,HYD1000,1000,960.4189262930832,0.0,0.0,5,0.0,0.0
Mass-H1-Real,CH,HYD1000,2035-Hlow,1855.7992938083964,5384.644701666168,0.8384621758343637,148.5160951004381,0.08002810195905365,2.9015231979186806,5,HYD1000,1000,960.4189262930832,0.0,0.0,5,0.0,0.0
Mass-H1-Real,CH,HYD1000,2040-Hhigh,1855.7992938083964,5384.644701666168,0.8384621758343637,119.27234787082566,0.06427006857301888,2.9015231979186806,5,HYD1000,1000,960.4189262930832,0.0,0.0,5,0.0,0.0
Mass-H1-Real,CH,HYD1000,2040-Hlow,1855.7992938083964,5384.644701666168,0.8384621758343637,165.19801154489917,0.08901717556206548,2.9015231979186806,5,HYD1000,1000,960.4189262930832,0.0,0.0,5,0.0,0.0
Mass-H1-Real,CH,HYD1000,2045-Hhigh,1855.7992938083964,5384.644701666168,0.8384621758343637,133.42754594365036,0.07189761650886058,2.9015231979186806,5,HYD1000,1000,960.4189262930832,0.0,0.0,5,0.0,0.0
Mass-H1-Real,CH,HYD1000,2045-Hlow,1855.7992938083964,5384.644701666168,0.8384621758343637,180.84148174718683,0.09744668098028599,2.9015231979186806,5,HYD1000,1000,960.4189262930832,0.0,0.0,5,0.0,0.0
Mass-H1-Real,CH,HYD200,2024-Hhigh,1575.6920402624912,4791.113266666666,0.7797250506143736,159.42743244104784,0.1011793093874417,3.040640648199584,5,HYD200,200,361.07209179058464,684.8753364447396,136.0,11.2,-747.5360447727796,177.0
Mass-H1-Real,CH,HYD200,2024-Hlow,1575.6920402624912,4791.113266666666,0.7816660970739863,223.98778622492142,0.14215200718257595,3.040640648199584,5,HYD200,200,361.07209179058464,684.8753364447396,136.0,11.2,-747.5360447727796,177.0
Mass-H1-Real,CH,HYD200,2025-Hhigh,1575.6920402624912,4791.113266666666,0.7816660970739863,124.03453208350398,0.0787174961313134,3.040640648199584,5,HYD200,200,361.07209179058464,684.8753364447396,136.0,11.2,-747.5360447727796,177.0
Mass-H1-Real,CH,HYD200,2025-Hlow,1575.6920402624912,4791.113266666666,0.7816660970739863,182.56736890362873,0.11586487983604665,3.040640648199584,5,HYD200,200,361.07209179058464,684.8753364447396,136.0,11.2,-747.5360447727796,177.0
Mass-H1-Real,CH,HYD200,2030-Hhigh,1575.6920402624912,4791.113266666666,0.7371827738247568,98.18209550531635,0.06231045978309341,3.040640648199584,5,HYD200,200,361.07209179058464,684.8753364447396,136.0,11.2,-747.5360447727796,177.0
Mass-H1-Real,CH,HYD200,2030-Hlow,1575.6920402624912,4791.113266666666,0.7371827738247568,141.51076533968654,0.08980864389980199,3.040640648199584,5,HYD200,200,361.07209179058464,684.8753364447396,136.0,11.2,-747.5360447727796,177.0
Mass-H1-Real,CH,HYD200,2035-Hhigh,1575.6920402624912,4791.113266666666,0.7371827738247568,97.45574321861548,0.061849486275491077,3.040640648199584,5,HYD200,200,361.07209179058464,684.8753364447396,136.0,11.2,-747.5360447727796,177.0
Mass-H1-Real,CH,HYD200,2035-Hlow,1575.6920402624912,4791.113266666666,0.7371827738247568,129.18094092590266,0.08198362219585921,3.040640648199584,5,HYD200,200,361.07209179058464,684.8753364447396,136.0,11.2,-747.5360447727796,177.0
Mass-H1-Real,CH,HYD200,2040-Hhigh,1575.6920402624912,4791.113266666666,0.7371827738247568,102.25319463406221,0.06489414937770967,3.040640648199584,5,HYD200,200,361.07209179058464,684.8753364447396,136.0,11.2,-747.5360447727796,177.0
Mass-H1-Real,CH,HYD200,2040-Hlow,1575.6920402624912,4791.113266666666,0.7371827738247568,143.79162847235128,0.09125617493656776,3.040640648199584,5,HYD200,200,361.07209179058464,684.8753364447396,136.0,11.2,-747.5360447727796,177.0
Mass-H1-Real,CH,HYD200,2045-Hhigh,1575.6920402624912,4791.113266666666,0.7371827738247568,114.1346842643752,0.07243463909696576,3.040640648199584,5,HYD200,200,361.07209179058464,684.8753364447396,136.0,11.2,-747.5360447727796,177.0
Mass-H1-Real,CH,HYD200,2045-Hlow,1575.6920402624912,4791.113266666666,0.7371827738247568,156.76545236113213,0.09948990561316595,3.040640648199584,5,HYD200,200,361.07209179058464,684.8753364447396,136.0,11.2,-747.5360447727796,177.0
Mass-H1-Real,CH,HYD500,2024-Hhigh,1699.1022202771928,5049.8,0.7861280687283725,167.41019074437932,0.09852861631660272,2.9720401396310177,5,HYD500,500,622.0758369446745,0.0,0.0,6,0.0,0.0
Mass-H1-Real,CH,HYD500,2024-Hlow,1699.1022202771928,5049.8,0.7871823865700971,230.31136514551284,0.13554885774202546,2.9720401396310177,5,HYD500,500,622.0758369446745,0.0,0.0,6,0.0,0.0
Mass-H1-Real,CH,HYD500,2025-Hhigh,1699.1022202771928,5049.8,0.7871823865700971,130.25097298321717,0.07665870330153998,2.9720401396310177,5,HYD500,500,622.0758369446745,0.0,0.0,6,0.0,0.0
Mass-H1-Real,CH,HYD500,2025-Hlow,1699.1022202771928,5049.8,0.7871823865700971,187.2808682468494,0.11022342623759049,2.9720401396310177,5,HYD500,500,622.0758369446745,0.0,0.0,6,0.0,0.0
Mass-H1-Real,CH,HYD500,2030-Hhigh,1699.1022202771928,5049.8,0.7556374868500476,103.14128241818517,0.06070340041187082,2.9720401396310177,5,HYD500,500,622.0758369446745,0.0,0.0,6,0.0,0.0
Mass-H1-Real,CH,HYD500,2030-Hlow,1699.1022202771928,5049.8,0.7556374868500476,145.57228475828296,0.08567600172668492,2.9720401396310177,5,HYD500,500,622.0758369446745,0.0,0.0,6,0.0,0.0
Mass-H1-Real,CH,HYD500,2035-Hhigh,1699.1022202771928,5049.8,0.7556374868500476,102.25426626432406,0.06018135050617627,2.9720401396310177,5,HYD500,500,622.0758369446745,0.0,0.0,6,0.0,0.0
Mass-H1-Real,CH,HYD500,2035-Hlow,1699.1022202771928,5049.8,0.7556374868500476,134.32875412821957,0.07905866552649497,2.9720401396310177,5,HYD500,500,622.0758369446745,0.0,0.0,6,0.0,0.0
Mass-H1-Real,CH,HYD500,2040-Hhigh,1699.1022202771928,5049.8,0.7556374868500476,107.48219001290109,0.06325822468489645,2.9720401396310177,5,HYD500,500,622.0758369446745,0.0,0.0,6,0.0,0.0
Mass-H1-Real,CH,HYD500,2040-Hlow,1699.1022202771928,5049.8,0.7556374868500476,148.38771601693756,0.08733301283823258,2.9720401396310177,5,HYD500,500,622.0758369446745,0.0,0.0,6,0.0,0.0
Mass-H1-Real,CH,HYD500,2045-Hhigh,1699.1022202771928,5049.8,0.7556374868500476,119.79076939574675,0.07050239118409485,2.9720401396310177,5,HYD500,500,622.0758369446745,0.0,0.0,6,0.0,0.0
Mass-H1-Real,CH,HYD500,2045-Hlow,1699.1022202771928,5049.8,0.7556374868500476,161.73585227811122,0.09518900649292632,2.9720401396310177,5,HYD500,500,622.0758369446745,0.0,0.0,6,0.0,0.0
Mod-Nom-Ideal,AK,HYD1000,2024-Hhigh,1860.5603705808307,5937.2,0.8824737637631276,167.95585145058814,0.09027164831967027,3.191081619214818,3,HYD1000,1000,878.5211666411961,0.0,0.0,6,0.0,0.0
Mod-Nom-Ideal,AK,HYD1000,2024-Hlow,1860.5603705808307,5937.2,0.8954975464220285,278.8235246108448,0.14985997176958119,3.191081619214818,3,HYD1000,1000,878.5211666411961,0.0,0.0,6,0.0,0.0
Mod-Nom-Ideal,AK,HYD1000,2025-Hhigh,1860.5603705808307,5937.2,0.8954975464220285,132.12590082924245,0.07101403583480353,3.191081619214818,3,HYD1000,1000,878.5211666411961,0.0,0.0,6,0.0,0.0
Mod-Nom-Ideal,AK,HYD1000,2025-Hlow,1860.5603705808307,5937.2,0.8954975464220285,233.5282269376593,0.12551499571323038,3.191081619214818,3,HYD1000,1000,878.5211666411961,0.0,0.0,6,0.0,0.0
Mod-Nom-Ideal,AK,HYD1000,2030-Hhigh,1860.5603705808307,5937.2,0.8962295515511712,107.67194721420158,0.05787070869438571,3.191081619214818,3,HYD1000,1000,878.5211666411961,0.0,0.0,6,0.0,0.0
Mod-Nom-Ideal,AK,HYD1000,2030-Hlow,1860.5603705808307,5937.2,0.8962295515511712,183.72594421855848,0.09874763921860961,3.191081619214818,3,HYD1000,1000,878.5211666411961,0.0,0.0,6,0.0,0.0
Mod-Nom-Ideal,AK,HYD1000,2035-Hhigh,1860.5603705808307,5937.2,0.8962295515511712,113.34197933755557,0.06091819493187013,3.191081619214818,3,HYD1000,1000,878.5211666411961,0.0,0.0,6,0.0,0.0
Mod-Nom-Ideal,AK,HYD1000,2035-Hlow,1860.5603705808307,5937.2,0.8962295515511712,173.1371185194834,0.09305643679029527,3.191081619214818,3,HYD1000,1000,878.5211666411961,0.0,0.0,6,0.0,0.0
Mod-Nom-Ideal,AK,HYD1000,2040-Hhigh,1860.5603705808307,5937.2,0.8962295515511712,125.48929595700615,0.06744704334309283,3.191081619214818,3,HYD1000,1000,878.5211666411961,0.0,0.0,6,0.0,0.0
Mod-Nom-Ideal,AK,HYD1000,2040-Hlow,1860.5603705808307,5937.2,0.8962295515511712,194.67112190386584,0.10463037103337491,3.191081619214818,3,HYD1000,1000,878.5211666411961,0.0,0.0,6,0.0,0.0
Mod-Nom-Ideal,AK,HYD1000,2045-Hhigh,1860.5603705808307,5937.2,0.8962295515511712,141.15876003827864,0.0758689490920478,3.191081619214818,3,HYD1000,1000,878.5211666411961,0.0,0.0,6,0.0,0.0
Mod-Nom-Ideal,AK,HYD1000,2045-Hlow,1860.5603705808307,5937.2,0.8962295515511712,210.57429033407212,0.11317788643876947,3.191081619214818,3,HYD1000,1000,878.5211666411961,0.0,0.0,6,0.0,0.0
Mod-Nom-Ideal,AK,HYD200,2024-Hhigh,1492.306981126396,5392.0,0.6448937005348057,134.77958730447898,0.09031626133836558,3.6131975982114004,3,HYD200,200,327.7510873398412,170.24077780748607,54.0,11.2,-636.5442504894082,141.0
Mod-Nom-Ideal,AK,HYD200,2024-Hlow,1492.306981126396,5392.0,0.6669530669052046,230.82048141872454,0.15467359218845228,3.6131975982114004,3,HYD200,200,327.7510873398412,170.24077780748607,54.0,11.2,-636.5442504894082,141.0
Mod-Nom-Ideal,AK,HYD200,2025-Hhigh,1492.306981126396,5392.0,0.6669530669052046,105.7214200031851,0.07084428427948945,3.6131975982114004,3,HYD200,200,327.7510873398412,170.24077780748607,54.0,11.2,-636.5442504894082,141.0
Mod-Nom-Ideal,AK,HYD200,2025-Hlow,1492.306981126396,5392.0,0.6669530669052046,192.69788905800343,0.12912751296824646,3.6131975982114004,3,HYD200,200,327.7510873398412,170.24077780748607,54.0,11.2,-636.5442504894082,141.0
Mod-Nom-Ideal,AK,HYD200,2030-Hhigh,1492.306981126396,5392.0,0.6614148357602541,86.13625116226703,0.0577201958120247,3.6131975982114004,3,HYD200,200,327.7510873398412,170.24077780748607,54.0,11.2,-636.5442504894082,141.0
Mod-Nom-Ideal,AK,HYD200,2030-Hlow,1492.306981126396,5392.0,0.6614148357602541,151.17936052101993,0.10130580532894745,3.6131975982114004,3,HYD200,200,327.7510873398412,170.24077780748607,54.0,11.2,-636.5442504894082,141.0
Mod-Nom-Ideal,AK,HYD200,2035-Hhigh,1492.306981126396,5392.0,0.6614148357602541,91.34315814422423,0.06120936194728396,3.6131975982114004,3,HYD200,200,327.7510873398412,170.24077780748607,54.0,11.2,-636.5442504894082,141.0
Mod-Nom-Ideal,AK,HYD200,2035-Hlow,1492.306981126396,5392.0,0.6614148357602541,142.04397287457778,0.0951841508959254,3.6131975982114004,3,HYD200,200,327.7510873398412,170.24077780748607,54.0,11.2,-636.5442504894082,141.0
Mod-Nom-Ideal,AK,HYD200,2040-Hhigh,1492.306981126396,5392.0,0.6614148357602541,101.25656939605496,0.0678523726529955,3.6131975982114004,3,HYD200,200,327.7510873398412,170.24077780748607,54.0,11.2,-636.5442504894082,141.0
Mod-Nom-Ideal,AK,HYD200,2040-Hlow,1492.306981126396,5392.0,0.6614148357602541,160.1919313739552,0.10734515980957353,3.6131975982114004,3,HYD200,200,327.7510873398412,170.24077780748607,54.0,11.2,-636.5442504894082,141.0
Mod-Nom-Ideal,AK,HYD200,2045-Hhigh,1492.306981126396,5392.0,0.6614148357602541,113.6638408173824,0.07616652756766487,3.6131975982114004,3,HYD200,200,327.7510873398412,170.24077780748607,54.0,11.2,-636.5442504894082,141.0
Mod-Nom-Ideal,AK,HYD200,2045-Hlow,1492.306981126396,5392.0,0.6614148357602541,172.91863216677223,0.11587336543601298,3.6131975982114004,3,HYD200,200,327.7510873398412,170.24077780748607,54.0,11.2,-636.5442504894082,141.0
Mod-Nom-Ideal,AK,HYD500,2024-Hhigh,1859.5672009272469,5630.116666666667,0.8407490716635406,167.6101437656959,0.09013395357915513,3.0276489410327785,3,HYD500,500,567.9569486903204,0.0,0.0,8.5,0.0,0.0
Mod-Nom-Ideal,AK,HYD500,2024-Hlow,1859.5672009272469,5630.116666666667,0.8590412952546834,281.6125173296527,0.15143981738827755,3.0276489410327785,3,HYD500,500,567.9569486903204,0.0,0.0,8.5,0.0,0.0
Mod-Nom-Ideal,AK,HYD500,2025-Hhigh,1859.5672009272469,5630.116666666667,0.8590412952546834,131.70774381935962,0.0708270955487306,3.0276489410327785,3,HYD500,500,567.9569486903204,0.0,0.0,8.5,0.0,0.0
Mod-Nom-Ideal,AK,HYD500,2025-Hlow,1859.5672009272469,5630.116666666667,0.8590412952546834,235.38502980622755,0.12658054502620616,3.0276489410327785,3,HYD500,500,567.9569486903204,0.0,0.0,8.5,0.0,0.0
Mod-Nom-Ideal,AK,HYD500,2030-Hhigh,1859.5672009272469,5630.116666666667,0.8597593083085792,107.29361764515626,0.05769816632152676,3.0276489410327785,3,HYD500,500,567.9569486903204,0.0,0.0,8.5,0.0,0.0
Mod-Nom-Ideal,AK,HYD500,2030-Hlow,1859.5672009272469,5630.116666666667,0.8597593083085792,184.85686155276505,0.09940854057900612,3.0276489410327785,3,HYD500,500,567.9569486903204,0.0,0.0,8.5,0.0,0.0
Mod-Nom-Ideal,AK,HYD500,2035-Hhigh,1859.5672009272469,5630.116666666667,0.8597593083085792,113.18514660538126,0.06086639221693257,3.0276489410327785,3,HYD500,500,567.9569486903204,0.0,0.0,8.5,0.0,0.0
Mod-Nom-Ideal,AK,HYD500,2035-Hlow,1859.5672009272469,5630.116666666667,0.8597593083085792,174.42075374153345,0.0937964240574694,3.0276489410327785,3,HYD500,500,567.9569486903204,0.0,0.0,8.5,0.0,0.0
Mod-Nom-Ideal,AK,HYD500,2040-Hhigh,1859.5672009272469,5630.116666666667,0.8597593083085792,125.34321359626624,0.0674045087124389,3.0276489410327785,3,HYD500,500,567.9569486903204,0.0,0.0,8.5,0.0,0.0
Mod-Nom-Ideal,AK,HYD500,2040-Hlow,1859.5672009272469,5630.116666666667,0.8597593083085792,196.04935878658685,0.10542741272745057,3.0276489410327785,3,HYD500,500,567.9569486903204,0.0,0.0,8.5,0.0,0.0
Mod-Nom-Ideal,AK,HYD500,2045-Hhigh,1859.5672009272469,5630.116666666667,0.8597593083085792,140.90387902337372,0.07577240497311094,3.0276489410327785,3,HYD500,500,567.9569486903204,0.0,0.0,8.5,0.0,0.0
Mod-Nom-Ideal,AK,HYD500,2045-Hlow,1859.5672009272469,5630.116666666667,0.8597593083085792,211.71760889156667,0.11385316367485761,3.0276489410327785,3,HYD500,500,567.9569486903204,0.0,0.0,8.5,0.0,0.0
Mod-Nom-Ideal,AK,HYD1000,2024-Hhigh,1993.8296933331717,6408.5,0.8999028703341312,180.42409483313293,0.09049122672634599,3.2141661955523553,4,HYD1000,1000,870.5244971350908,0.0,0.0,6,0.0,0.0
Mod-Nom-Ideal,AK,HYD1000,2024-Hlow,1993.8296933331717,6408.5,0.8977614607184705,292.03214256800726,0.1464679473600398,3.2141661955523553,4,HYD1000,1000,870.5244971350908,0.0,0.0,6,0.0,0.0
Mod-Nom-Ideal,AK,HYD1000,2025-Hhigh,1993.8296933331717,6408.5,0.8977614607184705,140.35145889419118,0.07039290234441214,3.2141661955523553,4,HYD1000,1000,870.5244971350908,0.0,0.0,6,0.0,0.0
Mod-Nom-Ideal,AK,HYD1000,2025-Hlow,1993.8296933331717,6408.5,0.8977614607184705,243.49250279819324,0.12212301964022627,3.2141661955523553,4,HYD1000,1000,870.5244971350908,0.0,0.0,6,0.0,0.0
Mod-Nom-Ideal,AK,HYD1000,2030-Hhigh,1993.8296933331717,6408.5,0.898493465847613,113.98622294754794,0.05716948811058793,3.2141661955523553,4,HYD1000,1000,870.5244971350908,0.0,0.0,6,0.0,0.0
Mod-Nom-Ideal,AK,HYD1000,2030-Hlow,1993.8296933331717,6408.5,0.898493465847613,191.39997096352207,0.09599614831874152,3.2141661955523553,4,HYD1000,1000,870.5244971350908,0.0,0.0,6,0.0,0.0
Mod-Nom-Ideal,AK,HYD1000,2035-Hhigh,1993.8296933331717,6408.5,0.898493465847613,119.84499725932766,0.0601079408437225,3.2141661955523553,4,HYD1000,1000,870.5244971350908,0.0,0.0,6,0.0,0.0
Mod-Nom-Ideal,AK,HYD1000,2035-Hlow,1993.8296933331717,6408.5,0.898493465847613,180.57812757753067,0.09056848144118587,3.2141661955523553,4,HYD1000,1000,870.5244971350908,0.0,0.0,6,0.0,0.0
Mod-Nom-Ideal,AK,HYD1000,2040-Hhigh,1993.8296933331717,6408.5,0.898493465847613,132.01389920742253,0.06621122137404281,3.2141661955523553,4,HYD1000,1000,870.5244971350908,0.0,0.0,6,0.0,0.0
Mod-Nom-Ideal,AK,HYD1000,2040-Hlow,1993.8296933331717,6408.5,0.898493465847613,201.90163278867257,0.10126322898278481,3.2141661955523553,4,HYD1000,1000,870.5244971350908,0.0,0.0,6,0.0,0.0
Mod-Nom-Ideal,AK,HYD1000,2045-Hhigh,1993.8296933331717,6408.5,0.898493465847613,148.40374589043336,0.07443150555268357,3.2141661955523553,4,HYD1000,1000,870.5244971350908,0.0,0.0,6,0.0,0.0
Mod-Nom-Ideal,AK,HYD1000,2045-Hlow,1993.8296933331717,6408.5,0.898493465847613,218.87851446157183,0.10977793900524327,3.2141661955523553,4,HYD1000,1000,870.5244971350908,0.0,0.0,6,0.0,0.0
Mod-Nom-Ideal,AK,HYD200,2024-Hhigh,1606.6901894217178,5869.333333333333,0.6584312158972905,145.4049817296981,0.09049970099215734,3.6530585497916257,4,HYD200,200,326.19453854011164,648.5818860746782,111.0,11.2,-531.8424070635938,123.0
Mod-Nom-Ideal,AK,HYD200,2024-Hlow,1606.6901894217178,5869.333333333333,0.6590346435675105,242.07697328879095,0.15066810943553444,3.6530585497916257,4,HYD200,200,326.19453854011164,648.5818860746782,111.0,11.2,-531.8424070635938,123.0
Mod-Nom-Ideal,AK,HYD200,2025-Hhigh,1606.6901894217178,5869.333333333333,0.6590346435675105,112.31140528443113,0.06990234086439179,3.6530585497916257,4,HYD200,200,326.19453854011164,648.5818860746782,111.0,11.2,-531.8424070635938,123.0
Mod-Nom-Ideal,AK,HYD200,2025-Hlow,1606.6901894217178,5869.333333333333,0.6590346435675105,200.901593139394,0.12504065467139175,3.6530585497916257,4,HYD200,200,326.19453854011164,648.5818860746782,111.0,11.2,-531.8424070635938,123.0
Mod-Nom-Ideal,AK,HYD200,2030-Hhigh,1606.6901894217178,5869.333333333333,0.6534964124225602,91.11448913582684,0.05670943268074656,3.6530585497916257,4,HYD200,200,326.19453854011164,648.5818860746782,111.0,11.2,-531.8424070635938,123.0
Mod-Nom-Ideal,AK,HYD200,2030-Hlow,1606.6901894217178,5869.333333333333,0.6534964124225602,157.4342255186563,0.09798667257395792,3.6530585497916257,4,HYD200,200,326.19453854011164,648.5818860746782,111.0,11.2,-531.8424070635938,123.0
Mod-Nom-Ideal,AK,HYD200,2035-Hhigh,1606.6901894217178,5869.333333333333,0.6534964124225602,96.62673441635795,0.06014024050967535,3.6530585497916257,4,HYD200,200,326.19453854011164,648.5818860746782,111.0,11.2,-531.8424070635938,123.0
Mod-Nom-Ideal,AK,HYD200,2035-Hlow,1606.6901894217178,5869.333333333333,0.6534964124225602,147.88894349657957,0.09204571265217469,3.6530585497916257,4,HYD200,200,326.19453854011164,648.5818860746782,111.0,11.2,-531.8424070635938,123.0
Mod-Nom-Ideal,AK,HYD200,2040-Hhigh,1606.6901894217178,5869.333333333333,0.6534964124225602,106.32379645482708,0.06617566793825715,3.6530585497916257,4,HYD200,200,326.19453854011164,648.5818860746782,111.0,11.2,-531.8424070635938,123.0
Mod-Nom-Ideal,AK,HYD200,2040-Hlow,1606.6901894217178,5869.333333333333,0.6534964124225602,165.50767195134796,0.10301156566526228,3.6530585497916257,4,HYD200,200,326.19453854011164,648.5818860746782,111.0,11.2,-531.8424070635938,123.0
Mod-Nom-Ideal,AK,HYD200,2045-Hhigh,1606.6901894217178,5869.333333333333,0.6534964124225602,119.12468079015592,0.07414290668758701,3.6530585497916257,4,HYD200,200,326.19453854011164,648.5818860746782,111.0,11.2,-531.8424070635938,123.0
Mod-Nom-Ideal,AK,HYD200,2045-Hlow,1606.6901894217178,5869.333333333333,0.6534964124225602,179.2652961094415,0.11157427691393504,3.6530585497916257,4,HYD200,200,326.19453854011164,648.5818860746782,111.0,11.2,-531.8424070635938,123.0
Mod-Nom-Ideal,AK,HYD500,2024-Hhigh,2000.8594905422171,6104.841666666666,0.8667590298441358,180.75917110640495,0.09034076203792833,3.051109633396747,4,HYD500,500,563.3748541457762,0.0,0.0,8.5,0.0,0.0
Mod-Nom-Ideal,AK,HYD500,2024-Hlow,2000.8594905422171,6104.841666666666,0.8658847172713557,295.4659287794916,0.14766950411866386,3.051109633396747,4,HYD500,500,563.3748541457762,0.0,0.0,8.5,0.0,0.0
Mod-Nom-Ideal,AK,HYD500,2025-Hhigh,2000.8594905422171,6104.841666666666,0.8658847172713557,140.0619370540841,0.07000088597731989,3.051109633396747,4,HYD500,500,563.3748541457762,0.0,0.0,8.5,0.0,0.0
Mod-Nom-Ideal,AK,HYD500,2025-Hlow,2000.8594905422171,6104.841666666666,0.8658847172713557,245.5457241947028,0.12272012370451953,3.051109633396747,4,HYD500,500,563.3748541457762,0.0,0.0,8.5,0.0,0.0
Mod-Nom-Ideal,AK,HYD500,2030-Hhigh,2000.8594905422171,6104.841666666666,0.861588137693581,113.61718988142007,0.05678419220263723,3.051109633396747,4,HYD500,500,563.3748541457762,0.0,0.0,8.5,0.0,0.0
Mod-Nom-Ideal,AK,HYD500,2030-Hlow,2000.8594905422171,6104.841666666666,0.861588137693581,192.6350835951697,0.09627616756985125,3.051109633396747,4,HYD500,500,563.3748541457762,0.0,0.0,8.5,0.0,0.0
Mod-Nom-Ideal,AK,HYD500,2035-Hhigh,2000.8594905422171,6104.841666666666,0.861588137693581,119.8497160650378,0.05989911667038622,3.051109633396747,4,HYD500,500,563.3748541457762,0.0,0.0,8.5,0.0,0.0
Mod-Nom-Ideal,AK,HYD500,2035-Hlow,2000.8594905422171,6104.841666666666,0.861588137693581,181.81947565353906,0.09087068657892984,3.051109633396747,4,HYD500,500,563.3748541457762,0.0,0.0,8.5,0.0,0.0
Mod-Nom-Ideal,AK,HYD500,2040-Hhigh,2000.8594905422171,6104.841666666666,0.861588137693581,131.8514159661831,0.06589738889183688,3.051109633396747,4,HYD500,500,563.3748541457762,0.0,0.0,8.5,0.0,0.0
Mod-Nom-Ideal,AK,HYD500,2040-Hlow,2000.8594905422171,6104.841666666666,0.861588137693581,202.9863235774928,0.10144956431822462,3.051109633396747,4,HYD500,500,563.3748541457762,0.0,0.0,8.5,0.0,0.0
Mod-Nom-Ideal,AK,HYD500,2045-Hhigh,2000.8594905422171,6104.841666666666,0.861588137693581,147.98020179476683,0.07395831766010984,3.051109633396747,4,HYD500,500,563.3748541457762,0.0,0.0,8.5,0.0,0.0
Mod-Nom-Ideal,AK,HYD500,2045-Hlow,2000.8594905422171,6104.841666666666,0.861588137693581,219.8346086190281,0.10987008815869158,3.051109633396747,4,HYD500,500,563.3748541457762,0.0,0.0,8.5,0.0,0.0
Mod-Nom-Ideal,AK,HYD1000,2024-Hhigh,2134.185573736674,6882.9,0.9670836600110553,192.84195492381187,0.09035856923452601,3.2250709988395996,5,HYD1000,1000,866.4644475578347,0.0,0.0,6,0.0,0.0
Mod-Nom-Ideal,AK,HYD1000,2024-Hlow,2134.185573736674,6882.9,0.9680911552546055,307.7568624518764,0.1442034217825937,3.2250709988395996,5,HYD1000,1000,866.4644475578347,0.0,0.0,6,0.0,0.0
Mod-Nom-Ideal,AK,HYD1000,2025-Hhigh,2134.185573736674,6882.9,0.9680911552546055,149.9722474144246,0.07027141840896395,3.2250709988395996,5,HYD1000,1000,866.4644475578347,0.0,0.0,6,0.0,0.0
Mod-Nom-Ideal,AK,HYD1000,2025-Hlow,2134.185573736674,6882.9,0.9680911552546055,255.08681066368655,0.11952419405453275,3.2250709988395996,5,HYD1000,1000,866.4644475578347,0.0,0.0,6,0.0,0.0
Mod-Nom-Ideal,AK,HYD1000,2030-Hhigh,2134.185573736674,6882.9,0.9677941149256307,121.71507311863849,0.05703115727913559,3.2250709988395996,5,HYD1000,1000,866.4644475578347,0.0,0.0,6,0.0,0.0
Mod-Nom-Ideal,AK,HYD1000,2030-Hlow,2134.185573736674,6882.9,0.9677941149256307,200.41217733211434,0.09390569395576007,3.2250709988395996,5,HYD1000,1000,866.4644475578347,0.0,0.0,6,0.0,0.0
Mod-Nom-Ideal,AK,HYD1000,2035-Hhigh,2134.185573736674,6882.9,0.9677941149256307,127.50831648235297,0.059745655697176756,3.2250709988395996,5,HYD1000,1000,866.4644475578347,0.0,0.0,6,0.0,0.0
Mod-Nom-Ideal,AK,HYD1000,2035-Hlow,2134.185573736674,6882.9,0.9677941149256307,189.50233383434585,0.08879374697606664,3.2250709988395996,5,HYD1000,1000,866.4644475578347,0.0,0.0,6,0.0,0.0
Mod-Nom-Ideal,AK,HYD1000,2040-Hhigh,2134.185573736674,6882.9,0.9677941149256307,140.07444439449245,0.06563367596438242,3.2250709988395996,5,HYD1000,1000,866.4644475578347,0.0,0.0,6,0.0,0.0
Mod-Nom-Ideal,AK,HYD1000,2040-Hlow,2134.185573736674,6882.9,0.9677941149256307,212.3678716616202,0.09950768774516286,3.2250709988395996,5,HYD1000,1000,866.4644475578347,0.0,0.0,6,0.0,0.0
Mod-Nom-Ideal,AK,HYD1000,2045-Hhigh,2134.185573736674,6882.9,0.9677941149256307,156.9798687427752,0.07355492918449655,3.2250709988395996,5,HYD1000,1000,866.4644475578347,0.0,0.0,6,0.0,0.0
Mod-Nom-Ideal,AK,HYD1000,2045-Hlow,2134.185573736674,6882.9,0.9677941149256307,229.59734625773729,0.10758077886157902,3.2250709988395996,5,HYD1000,1000,866.4644475578347,0.0,0.0,6,0.0,0.0
Mod-Nom-Ideal,AK,HYD200,2024-Hhigh,1727.0847939868288,6347.666666666666,0.7476679736757097,155.710992837794,0.09015827907230217,3.675364804766543,5,HYD200,200,325.19033799916815,720.5504397190025,138.0,11.2,-836.6846629346762,208.0
Mod-Nom-Ideal,AK,HYD200,2024-Hlow,1727.0847939868288,6347.666666666666,0.7512203930234814,255.81024332434893,0.148116782809391,3.675364804766543,5,HYD200,200,325.19033799916815,720.5504397190025,138.0,11.2,-836.6846629346762,208.0
Mod-Nom-Ideal,AK,HYD200,2025-Hhigh,1727.0847939868288,6347.666666666666,0.7512203930234814,120.07057199158018,0.06952210592648868,3.675364804766543,5,HYD200,200,325.19033799916815,720.5504397190025,138.0,11.2,-836.6846629346762,208.0
Mod-Nom-Ideal,AK,HYD200,2025-Hlow,1727.0847939868288,6347.666666666666,0.7512203930234814,210.75518110322878,0.12202943470813515,3.675364804766543,5,HYD200,200,325.19033799916815,720.5504397190025,138.0,11.2,-836.6846629346762,208.0
Mod-Nom-Ideal,AK,HYD200,2030-Hhigh,1727.0847939868288,6347.666666666666,0.7426488946198062,97.30193200428921,0.056338827336714574,3.675364804766543,5,HYD200,200,325.19033799916815,720.5504397190025,138.0,11.2,-836.6846629346762,208.0
Mod-Nom-Ideal,AK,HYD200,2030-Hlow,1727.0847939868288,6347.666666666666,0.7426488946198062,164.86070861849836,0.0954560593622803,3.675364804766543,5,HYD200,200,325.19033799916815,720.5504397190025,138.0,11.2,-836.6846629346762,208.0
Mod-Nom-Ideal,AK,HYD200,2035-Hhigh,1727.0847939868288,6347.666666666666,0.7426488946198062,102.86647439521313,0.05956075506736099,3.675364804766543,5,HYD200,200,325.19033799916815,720.5504397190025,138.0,11.2,-836.6846629346762,208.0
Mod-Nom-Ideal,AK,HYD200,2035-Hlow,1727.0847939868288,6347.666666666666,0.7426488946198062,155.28927962357605,0.08991410274946832,3.675364804766543,5,HYD200,200,325.19033799916815,720.5504397190025,138.0,11.2,-836.6846629346762,208.0
Mod-Nom-Ideal,AK,HYD200,2040-Hhigh,1727.0847939868288,6347.666666666666,0.7426488946198062,113.01461207499042,0.06543663198730722,3.675364804766543,5,HYD200,200,325.19033799916815,720.5504397190025,138.0,11.2,-836.6846629346762,208.0
Mod-Nom-Ideal,AK,HYD200,2040-Hlow,1727.0847939868288,6347.666666666666,0.7426488946198062,174.2970799720102,0.10091981620060482,3.675364804766543,5,HYD200,200,325.19033799916815,720.5504397190025,138.0,11.2,-836.6846629346762,208.0
Mod-Nom-Ideal,AK,HYD200,2045-Hhigh,1727.0847939868288,6347.666666666666,0.7426488946198062,126.15482200231274,0.07304494975669089,3.675364804766543,5,HYD200,200,325.19033799916815,720.5504397190025,138.0,11.2,-836.6846629346762,208.0
Mod-Nom-Ideal,AK,HYD200,2045-Hlow,1727.0847939868288,6347.666666666666,0.7426488946198062,188.0321900189141,0.10887258730641576,3.675364804766543,5,HYD200,200,325.19033799916815,720.5504397190025,138.0,11.2,-836.6846629346762,208.0
Mod-Nom-Ideal,AK,HYD500,2024-Hhigh,2148.57956156489,6581.55,0.9507827717151619,193.43722234579116,0.09003028131055277,3.063209814397757,5,HYD500,500,561.4033413106,0.0,0.0,8.5,0.0,0.0
Mod-Nom-Ideal,AK,HYD500,2024-Hlow,2148.57956156489,6581.55,0.9530498931955944,312.0133403205586,0.1452184251875261,3.063209814397757,5,HYD500,500,561.4033413106,0.0,0.0,8.5,0.0,0.0
Mod-Nom-Ideal,AK,HYD500,2025-Hhigh,2148.57956156489,6581.55,0.9530498931955944,149.67131339408957,0.06966058696242945,3.063209814397757,5,HYD500,500,561.4033413106,0.0,0.0,8.5,0.0,0.0
Mod-Nom-Ideal,AK,HYD500,2025-Hlow,2148.57956156489,6581.55,0.9530498931955944,257.475279110884,0.11983511512292114,3.063209814397757,5,HYD500,500,561.4033413106,0.0,0.0,8.5,0.0,0.0
Mod-Nom-Ideal,AK,HYD500,2030-Hhigh,2148.57956156489,6581.55,0.9455391260012515,121.29889202318786,0.056455387639842106,3.063209814397757,5,HYD500,500,561.4033413106,0.0,0.0,8.5,0.0,0.0
Mod-Nom-Ideal,AK,HYD500,2030-Hlow,2148.57956156489,6581.55,0.9455391260012515,201.7081750041844,0.09387977927951287,3.063209814397757,5,HYD500,500,561.4033413106,0.0,0.0,8.5,0.0,0.0
Mod-Nom-Ideal,AK,HYD500,2035-Hhigh,2148.57956156489,6581.55,0.9455391260012515,127.5845702024762,0.05938089167596458,3.063209814397757,5,HYD500,500,561.4033413106,0.0,0.0,8.5,0.0,0.0
Mod-Nom-Ideal,AK,HYD500,2035-Hlow,2148.57956156489,6581.55,0.9455391260012515,190.96350997931478,0.08887895677469304,3.063209814397757,5,HYD500,500,561.4033413106,0.0,0.0,8.5,0.0,0.0
Mod-Nom-Ideal,AK,HYD500,2040-Hhigh,2148.57956156489,6581.55,0.9455391260012515,140.0484511586306,0.0651818781412163,3.063209814397757,5,HYD500,500,561.4033413106,0.0,0.0,8.5,0.0,0.0
Mod-Nom-Ideal,AK,HYD500,2040-Hlow,2148.57956156489,6581.55,0.9455391260012515,213.58474399551343,0.0994074167958443,3.063209814397757,5,HYD500,500,561.4033413106,0.0,0.0,8.5,0.0,0.0
Mod-Nom-Ideal,AK,HYD500,2045-Hhigh,2148.57956156489,6581.55,0.9455391260012515,156.5943955673153,0.07288275396851575,3.063209814397757,5,HYD500,500,561.4033413106,0.0,0.0,8.5,0.0,0.0
Mod-Nom-Ideal,AK,HYD500,2045-Hlow,2148.57956156489,6581.55,0.9455391260012515,230.4461839116575,0.1072551317316893,3.063209814397757,5,HYD500,500,561.4033413106,0.0,0.0,8.5,0.0,0.0
Mod-Nom-Ideal,CH,HYD1000,2024-Hhigh,4745.82309867386,13583.5,1.949526119093368,464.38617951805514,0.09785155701396034,2.862201080313272,3,HYD1000,1000,992.5468603718883,0.0,0.0,14,0.0,0.0
Mod-Nom-Ideal,CH,HYD1000,2024-Hlow,4745.82309867386,13583.5,1.9756557477816137,738.3616009892392,0.15558135767756742,2.862201080313272,3,HYD1000,1000,992.5468603718883,0.0,0.0,14,0.0,0.0
Mod-Nom-Ideal,CH,HYD1000,2025-Hhigh,4745.82309867386,13583.5,1.9756557477816137,365.3960632916123,0.0769931907899635,2.862201080313272,3,HYD1000,1000,992.5468603718883,0.0,0.0,14,0.0,0.0
Mod-Nom-Ideal,CH,HYD1000,2025-Hlow,4745.82309867386,13583.5,1.9756557477816137,609.6336973757063,0.12845689455767076,2.862201080313272,3,HYD1000,1000,992.5468603718883,0.0,0.0,14,0.0,0.0
Mod-Nom-Ideal,CH,HYD1000,2030-Hhigh,4745.82309867386,13583.5,1.9376091022516224,295.8609160136993,0.062341328334883074,2.862201080313272,3,HYD1000,1000,992.5468603718883,0.0,0.0,14,0.0,0.0
Mod-Nom-Ideal,CH,HYD1000,2030-Hlow,4745.82309867386,13583.5,1.9376091022516224,476.5621546660929,0.10041717627428215,2.862201080313272,3,HYD1000,1000,992.5468603718883,0.0,0.0,14,0.0,0.0
Mod-Nom-Ideal,CH,HYD1000,2035-Hhigh,4745.82309867386,13583.5,1.9376091022516224,309.87402377336804,0.06529405275556038,2.862201080313272,3,HYD1000,1000,992.5468603718883,0.0,0.0,14,0.0,0.0
Mod-Nom-Ideal,CH,HYD1000,2035-Hlow,4745.82309867386,13583.5,1.9376091022516224,451.0837824532287,0.09504858758415931,2.862201080313272,3,HYD1000,1000,992.5468603718883,0.0,0.0,14,0.0,0.0
Mod-Nom-Ideal,CH,HYD1000,2040-Hhigh,4745.82309867386,13583.5,1.9376091022516224,339.8807130892579,0.0716168104083424,2.862201080313272,3,HYD1000,1000,992.5468603718883,0.0,0.0,14,0.0,0.0
Mod-Nom-Ideal,CH,HYD1000,2040-Hlow,4745.82309867386,13583.5,1.9376091022516224,496.6219273834902,0.10464400317033788,2.862201080313272,3,HYD1000,1000,992.5468603718883,0.0,0.0,14,0.0,0.0
Mod-Nom-Ideal,CH,HYD1000,2045-Hhigh,4745.82309867386,13583.5,1.9376091022516224,377.27801580793874,0.07949685606978539,2.862201080313272,3,HYD1000,1000,992.5468603718883,0.0,0.0,14,0.0,0.0
Mod-Nom-Ideal,CH,HYD1000,2045-Hlow,4745.82309867386,13583.5,1.9376091022516224,535.4133154535295,0.11281779879303587,2.862201080313272,3,HYD1000,1000,992.5468603718883,0.0,0.0,14,0.0,0.0
Mod-Nom-Ideal,CH,HYD200,2024-Hhigh,4535.69046079062,12970.533333333333,1.8285322281755452,443.92517344567705,0.09787378069188084,2.85966016540565,3,HYD200,200,372.87410474689534,22.1500940378453,6.0,14,-464.2102564900063,113.0
Mod-Nom-Ideal,CH,HYD200,2024-Hlow,4535.69046079062,12970.533333333333,1.8577724149867636,711.9460476757677,0.15696530744994175,2.85966016540565,3,HYD200,200,372.87410474689534,22.1500940378453,6.0,14,-464.2102564900063,113.0
Mod-Nom-Ideal,CH,HYD200,2025-Hhigh,4535.69046079062,12970.533333333333,1.8577724149867636,348.0133807257812,0.0767277625610101,2.85966016540565,3,HYD200,200,372.87410474689534,22.1500940378453,6.0,14,-464.2102564900063,113.0
Mod-Nom-Ideal,CH,HYD200,2025-Hlow,4535.69046079062,12970.533333333333,1.8577724149867636,586.7946789383458,0.1293727347602246,2.85966016540565,3,HYD200,200,372.87410474689534,22.1500940378453,6.0,14,-464.2102564900063,113.0
Mod-Nom-Ideal,CH,HYD200,2030-Hhigh,4535.69046079062,12970.533333333333,1.8199927334683212,281.6447072200254,0.06209522225000594,2.85966016540565,3,HYD200,200,372.87410474689534,22.1500940378453,6.0,14,-464.2102564900063,113.0
Mod-Nom-Ideal,CH,HYD200,2030-Hlow,4535.69046079062,12970.533333333333,1.8199927334683212,458.3233393553064,0.10104819614948232,2.85966016540565,3,HYD200,200,372.87410474689534,22.1500940378453,6.0,14,-464.2102564900063,113.0
Mod-Nom-Ideal,CH,HYD200,2035-Hhigh,4535.69046079062,12970.533333333333,1.8199927334683212,295.78382676798265,0.06521252482393261,2.85966016540565,3,HYD200,200,372.87410474689534,22.1500940378453,6.0,14,-464.2102564900063,113.0
Mod-Nom-Ideal,CH,HYD200,2035-Hlow,4535.69046079062,12970.533333333333,1.8199927334683212,433.83527534552024,0.09564922454384113,2.85966016540565,3,HYD200,200,372.87410474689534,22.1500940378453,6.0,14,-464.2102564900063,113.0
Mod-Nom-Ideal,CH,HYD200,2040-Hhigh,4535.69046079062,12970.533333333333,1.8199927334683212,324.5300877840787,0.07155031644895574,2.85966016540565,3,HYD200,200,372.87410474689534,22.1500940378453,6.0,14,-464.2102564900063,113.0
Mod-Nom-Ideal,CH,HYD200,2040-Hlow,4535.69046079062,12970.533333333333,1.8199927334683212,477.84190182007706,0.1053515238640831,2.85966016540565,3,HYD200,200,372.87410474689534,22.1500940378453,6.0,14,-464.2102564900063,113.0
Mod-Nom-Ideal,CH,HYD200,2045-Hhigh,4535.69046079062,12970.533333333333,1.8199927334683212,359.95978348817647,0.0793616289735591,2.85966016540565,3,HYD200,200,372.87410474689534,22.1500940378453,6.0,14,-464.2102564900063,113.0
Mod-Nom-Ideal,CH,HYD200,2045-Hlow,4535.69046079062,12970.533333333333,1.8199927334683212,514.2283718162937,0.11337377986033424,2.85966016540565,3,HYD200,200,372.87410474689534,22.1500940378453,6.0,14,-464.2102564900063,113.0
Mod-Nom-Ideal,CH,HYD500,2024-Hhigh,4627.597512220586,13238.866666666665,1.8840632084124478,452.97287979697916,0.09788510746683689,2.860850934357491,3,HYD500,500,644.2808899893415,0.0,0.0,14,0.0,0.0
Mod-Nom-Ideal,CH,HYD500,2024-Hlow,4627.597512220586,13238.866666666665,1.9133033952236658,723.6380204419762,0.15637445100421735,2.860850934357491,3,HYD500,500,644.2808899893415,0.0,0.0,14,0.0,0.0
Mod-Nom-Ideal,CH,HYD500,2025-Hhigh,4627.597512220586,13238.866666666665,1.9133033952236658,355.9129072854254,0.07691094706173744,2.860850934357491,3,HYD500,500,644.2808899893415,0.0,0.0,14,0.0,0.0
Mod-Nom-Ideal,CH,HYD500,2025-Hlow,4627.597512220586,13238.866666666665,1.9133033952236658,597.1123735366878,0.1290329100488601,2.860850934357491,3,HYD500,500,644.2808899893415,0.0,0.0,14,0.0,0.0
Mod-Nom-Ideal,CH,HYD500,2030-Hhigh,4627.597512220586,13238.866666666665,1.8721461915707025,288.1381476499837,0.062265170401934654,2.860850934357491,3,HYD500,500,644.2808899893415,0.0,0.0,14,0.0,0.0
Mod-Nom-Ideal,CH,HYD500,2030-Hlow,4627.597512220586,13238.866666666665,1.8721461915707025,466.54402724396135,0.10081776256727366,2.860850934357491,3,HYD500,500,644.2808899893415,0.0,0.0,14,0.0,0.0
Mod-Nom-Ideal,CH,HYD500,2035-Hhigh,4627.597512220586,13238.866666666665,1.8721461915707025,302.1316104921942,0.06528908568524451,2.860850934357491,3,HYD500,500,644.2808899893415,0.0,0.0,14,0.0,0.0
Mod-Nom-Ideal,CH,HYD500,2035-Hlow,4627.597512220586,13238.866666666665,1.8721461915707025,441.56610357956504,0.09542016184715173,2.860850934357491,3,HYD500,500,644.2808899893415,0.0,0.0,14,0.0,0.0
Mod-Nom-Ideal,CH,HYD500,2040-Hhigh,4627.597512220586,13238.866666666665,1.8721461915707025,331.4247507176332,0.07161918248992155,2.860850934357491,3,HYD500,500,644.2808899893415,0.0,0.0,14,0.0,0.0
Mod-Nom-Ideal,CH,HYD500,2040-Hlow,4627.597512220586,13238.866666666665,1.8721461915707025,486.30566764131424,0.10508815132627145,2.860850934357491,3,HYD500,500,644.2808899893415,0.0,0.0,14,0.0,0.0
Mod-Nom-Ideal,CH,HYD500,2045-Hhigh,4627.597512220586,13238.866666666665,1.8721461915707025,367.7781532432497,0.07947496563217069,2.860850934357491,3,HYD500,500,644.2808899893415,0.0,0.0,14,0.0,0.0
Mod-Nom-Ideal,CH,HYD500,2045-Hlow,4627.597512220586,13238.866666666665,1.8721461915707025,523.8260749793901,0.1131961182008736,2.860850934357491,3,HYD500,500,644.2808899893415,0.0,0.0,14,0.0,0.0
Mod-Nom-Ideal,CH,HYD1000,2024-Hhigh,4885.497980398391,14059.033333333333,1.9568092841424458,477.9401436333474,0.0978283371625452,2.8777073268152047,4,HYD1000,1000,988.672959162005,0.0,0.0,14,0.0,0.0
Mod-Nom-Ideal,CH,HYD1000,2024-Hlow,4885.497980398391,14059.033333333333,1.9537471595015372,752.9223163204696,0.15411372992913858,2.8777073268152047,4,HYD1000,1000,988.672959162005,0.0,0.0,14,0.0,0.0
Mod-Nom-Ideal,CH,HYD1000,2025-Hhigh,4885.497980398391,14059.033333333333,1.9537471595015372,374.43997049984523,0.07664315326752245,2.8777073268152047,4,HYD1000,1000,988.672959162005,0.0,0.0,14,0.0,0.0
Mod-Nom-Ideal,CH,HYD1000,2025-Hlow,4885.497980398391,14059.033333333333,1.9537471595015372,620.5241285117552,0.1270134858312139,2.8777073268152047,4,HYD1000,1000,988.672959162005,0.0,0.0,14,0.0,0.0
Mod-Nom-Ideal,CH,HYD1000,2030-Hhigh,4885.497980398391,14059.033333333333,1.9157005139715462,302.87853069804225,0.06199542644644464,2.8777073268152047,4,HYD1000,1000,988.672959162005,0.0,0.0,14,0.0,0.0
Mod-Nom-Ideal,CH,HYD1000,2030-Hlow,4885.497980398391,14059.033333333333,1.9157005139715462,485.0379874393345,0.09928117653213762,2.8777073268152047,4,HYD1000,1000,988.672959162005,0.0,0.0,14,0.0,0.0
Mod-Nom-Ideal,CH,HYD1000,2035-Hhigh,4885.497980398391,14059.033333333333,1.9157005139715462,317.0572155716273,0.06489762493889573,2.8777073268152047,4,HYD1000,1000,988.672959162005,0.0,0.0,14,0.0,0.0
Mod-Nom-Ideal,CH,HYD1000,2035-Hlow,4885.497980398391,14059.033333333333,1.9157005139715462,459.353241265199,0.09402383198360074,2.8777073268152047,4,HYD1000,1000,988.672959162005,0.0,0.0,14,0.0,0.0
Mod-Nom-Ideal,CH,HYD1000,2040-Hhigh,4885.497980398391,14059.033333333333,1.9157005139715462,347.0300794822151,0.07103269326373078,2.8777073268152047,4,HYD1000,1000,988.672959162005,0.0,0.0,14,0.0,0.0
Mod-Nom-Ideal,CH,HYD1000,2040-Hlow,4885.497980398391,14059.033333333333,1.9157005139715462,504.437664178824,0.1032520464040166,2.8777073268152047,4,HYD1000,1000,988.672959162005,0.0,0.0,14,0.0,0.0
Mod-Nom-Ideal,CH,HYD1000,2045-Hhigh,4885.497980398391,14059.033333333333,1.9157005139715462,385.2202609879629,0.07884974316508671,2.8777073268152047,4,HYD1000,1000,988.672959162005,0.0,0.0,14,0.0,0.0
Mod-Nom-Ideal,CH,HYD1000,2045-Hlow,4885.497980398391,14059.033333333333,1.9157005139715462,544.6381987900648,0.11148059030527979,2.8777073268152047,4,HYD1000,1000,988.672959162005,0.0,0.0,14,0.0,0.0
Mod-Nom-Ideal,CH,HYD200,2024-Hhigh,4674.592919852401,13449.099999999999,1.8517300494875695,457.11300716559157,0.09778669822227531,2.877063357299709,4,HYD200,200,372.10580799449065,24.40815024672263,19.0,14,-482.8248366748024,123.0
Mod-Nom-Ideal,CH,HYD200,2024-Hlow,4674.592919852401,13449.099999999999,1.8488593076367172,725.9387501673226,0.1552945385007437,2.877063357299709,4,HYD200,200,372.10580799449065,24.40815024672263,19.0,14,-482.8248366748024,123.0
Mod-Nom-Ideal,CH,HYD200,2025-Hhigh,4674.592919852401,13449.099999999999,1.8488593076367172,356.24664375749853,0.076209126626741,2.877063357299709,4,HYD200,200,372.10580799449065,24.40815024672263,19.0,14,-482.8248366748024,123.0
Mod-Nom-Ideal,CH,HYD200,2025-Hlow,4674.592919852401,13449.099999999999,1.8488593076367172,596.9692725534081,0.1277050820870745,2.877063357299709,4,HYD200,200,372.10580799449065,24.40815024672263,19.0,14,-482.8248366748024,123.0
Mod-Nom-Ideal,CH,HYD200,2030-Hhigh,4674.592919852401,13449.099999999999,1.807702103983754,287.8582996300016,0.061579329915018716,2.877063357299709,4,HYD200,200,372.10580799449065,24.40815024672263,19.0,14,-482.8248366748024,123.0
Mod-Nom-Ideal,CH,HYD200,2030-Hlow,4674.592919852401,13449.099999999999,1.807702103983754,466.1425504491014,0.0997183195288414,2.877063357299709,4,HYD200,200,372.10580799449065,24.40815024672263,19.0,14,-482.8248366748024,123.0
Mod-Nom-Ideal,CH,HYD200,2035-Hhigh,4674.592919852401,13449.099999999999,1.807702103983754,302.4086354816588,0.06469197225652908,2.877063357299709,4,HYD200,200,372.10580799449065,24.40815024672263,19.0,14,-482.8248366748024,123.0
Mod-Nom-Ideal,CH,HYD200,2035-Hlow,4674.592919852401,13449.099999999999,1.807702103983754,441.3144278150039,0.09440702867212196,2.877063357299709,4,HYD200,200,372.10580799449065,24.40815024672263,19.0,14,-482.8248366748024,123.0
Mod-Nom-Ideal,CH,HYD200,2040-Hhigh,4674.592919852401,13449.099999999999,1.807702103983754,330.84870315358626,0.07077593895898698,2.877063357299709,4,HYD200,200,372.10580799449065,24.40815024672263,19.0,14,-482.8248366748024,123.0
Mod-Nom-Ideal,CH,HYD200,2040-Hlow,4674.592919852401,13449.099999999999,1.807702103983754,484.57673681245143,0.10366180437969598,2.877063357299709,4,HYD200,200,372.10580799449065,24.40815024672263,19.0,14,-482.8248366748024,123.0
Mod-Nom-Ideal,CH,HYD200,2045-Hhigh,4674.592919852401,13449.099999999999,1.807702103983754,366.8359862538421,0.07847442387890856,2.877063357299709,4,HYD200,200,372.10580799449065,24.40815024672263,19.0,14,-482.8248366748024,123.0
Mod-Nom-Ideal,CH,HYD200,2045-Hlow,4674.592919852401,13449.099999999999,1.807702103983754,522.2685959028156,0.11172493623665226,2.877063357299709,4,HYD200,200,372.10580799449065,24.40815024672263,19.0,14,-482.8248366748024,123.0
Mod-Nom-Ideal,CH,HYD500,2024-Hhigh,4766.316629058838,13716.266666666666,1.892977380660097,466.1596247814252,0.09780290758263653,2.8777497875492792,4,HYD500,500,642.2568133133163,0.0,0.0,14,0.0,0.0
Mod-Nom-Ideal,CH,HYD500,2024-Hlow,4766.316629058838,13716.266666666666,1.8932171969322171,737.7830449435047,0.15479102677431403,2.8777497875492792,4,HYD500,500,642.2568133133163,0.0,0.0,14,0.0,0.0
Mod-Nom-Ideal,CH,HYD500,2025-Hhigh,4766.316629058838,13716.266666666666,1.8932171969322171,364.3348189237154,0.07643949138890031,2.8777497875492792,4,HYD500,500,642.2568133133163,0.0,0.0,14,0.0,0.0
Mod-Nom-Ideal,CH,HYD500,2025-Hlow,4766.316629058838,13716.266666666666,1.8932171969322171,607.3851442387246,0.12743281479364488,2.8777497875492792,4,HYD500,500,642.2568133133163,0.0,0.0,14,0.0,0.0
Mod-Nom-Ideal,CH,HYD500,2030-Hhigh,4766.316629058838,13716.266666666666,1.8489494351562814,294.5699116881904,0.061802421998631785,2.8777497875492792,4,HYD500,500,642.2568133133163,0.0,0.0,14,0.0,0.0
Mod-Nom-Ideal,CH,HYD500,2030-Hlow,4766.316629058838,13716.266666666666,1.8489494351562814,474.4977837038927,0.09955230015794976,2.8777497875492792,4,HYD500,500,642.2568133133163,0.0,0.0,14,0.0,0.0
Mod-Nom-Ideal,CH,HYD500,2035-Hhigh,4766.316629058838,13716.266666666666,1.8489494351562814,308.847326476999,0.06479790381403687,2.8777497875492792,4,HYD500,500,642.2568133133163,0.0,0.0,14,0.0,0.0
Mod-Nom-Ideal,CH,HYD500,2035-Hlow,4766.316629058838,13716.266666666666,1.8489494351562814,449.21468292036474,0.09424776360463219,2.8777497875492792,4,HYD500,500,642.2568133133163,0.0,0.0,14,0.0,0.0
Mod-Nom-Ideal,CH,HYD500,2040-Hhigh,4766.316629058838,13716.266666666666,1.8489494351562814,337.9893685673649,0.07091206792824938,2.8777497875492792,4,HYD500,500,642.2568133133163,0.0,0.0,14,0.0,0.0
Mod-Nom-Ideal,CH,HYD500,2040-Hlow,4766.316629058838,13716.266666666666,1.8489494351562814,493.3007604852085,0.10349727029834697,2.8777497875492792,4,HYD500,500,642.2568133133163,0.0,0.0,14,0.0,0.0
Mod-Nom-Ideal,CH,HYD500,2045-Hhigh,4766.316629058838,13716.266666666666,1.8489494351562814,374.9919543524078,0.07867541826033789,2.8777497875492792,4,HYD500,500,642.2568133133163,0.0,0.0,14,0.0,0.0
Mod-Nom-Ideal,CH,HYD500,2045-Hlow,4766.316629058838,13716.266666666666,1.8489494351562814,532.1586002395863,0.11164986333370533,2.8777497875492792,4,HYD500,500,642.2568133133163,0.0,0.0,14,0.0,0.0
Mod-Nom-Ideal,CH,HYD1000,2024-Hhigh,5031.000849850283,14534.8,2.0562629350236805,490.94025696995965,0.09758302008328412,2.8890474149755985,5,HYD1000,1000,985.9094824104238,0.0,0.0,14,0.0,0.0
Mod-Nom-Ideal,CH,HYD1000,2024-Hlow,5031.000849850283,14534.8,2.0619583363815184,769.6048110211224,0.15297250666217338,2.8890474149755985,5,HYD1000,1000,985.9094824104238,0.0,0.0,14,0.0,0.0
Mod-Nom-Ideal,CH,HYD1000,2025-Hhigh,5031.000849850283,14534.8,2.0619583363815184,384.63984239792694,0.0764539410501935,2.8890474149755985,5,HYD1000,1000,985.9094824104238,0.0,0.0,14,0.0,0.0
Mod-Nom-Ideal,CH,HYD1000,2025-Hlow,5031.000849850283,14534.8,2.0619583363815184,632.9299410592348,0.12580596981574155,2.8890474149755985,5,HYD1000,1000,985.9094824104238,0.0,0.0,14,0.0,0.0
Mod-Nom-Ideal,CH,HYD1000,2030-Hhigh,5031.000849850283,14534.8,2.013779124447964,311.177717905086,0.061852050355814654,2.8890474149755985,5,HYD1000,1000,985.9094824104238,0.0,0.0,14,0.0,0.0
Mod-Nom-Ideal,CH,HYD1000,2030-Hlow,5031.000849850283,14534.8,2.013779124447964,494.444035434033,0.0982794577442274,2.8890474149755985,5,HYD1000,1000,985.9094824104238,0.0,0.0,14,0.0,0.0
Mod-Nom-Ideal,CH,HYD1000,2035-Hhigh,5031.000849850283,14534.8,2.013779124447964,325.1105653003999,0.06462144909199824,2.8890474149755985,5,HYD1000,1000,985.9094824104238,0.0,0.0,14,0.0,0.0
Mod-Nom-Ideal,CH,HYD1000,2035-Hlow,5031.000849850283,14534.8,2.013779124447964,468.5958797003585,0.09314168168234427,2.8890474149755985,5,HYD1000,1000,985.9094824104238,0.0,0.0,14,0.0,0.0
Mod-Nom-Ideal,CH,HYD1000,2040-Hhigh,5031.000849850283,14534.8,2.013779124447964,355.5144668972996,0.0706647598574505,2.8890474149755985,5,HYD1000,1000,985.9094824104238,0.0,0.0,14,0.0,0.0
Mod-Nom-Ideal,CH,HYD1000,2040-Hlow,5031.000849850283,14534.8,2.013779124447964,515.3786549715232,0.10244058197423289,2.8890474149755985,5,HYD1000,1000,985.9094824104238,0.0,0.0,14,0.0,0.0
Mod-Nom-Ideal,CH,HYD1000,2045-Hhigh,5031.000849850283,14534.8,2.013779124447964,394.32122250924044,0.07837828580787758,2.8890474149755985,5,HYD1000,1000,985.9094824104238,0.0,0.0,14,0.0,0.0
Mod-Nom-Ideal,CH,HYD1000,2045-Hlow,5031.000849850283,14534.8,2.013779124447964,555.9029179904728,0.11049549276204473,2.8890474149755985,5,HYD1000,1000,985.9094824104238,0.0,0.0,14,0.0,0.0
Mod-Nom-Ideal,CH,HYD200,2024-Hhigh,4820.136470836608,13927.9,1.9545264030599003,469.7453888941212,0.09745479028160996,2.8895239967308646,5,HYD200,200,371.4449064819116,65.94824771817105,17.0,14,-619.1330879719404,173.0
Mod-Nom-Ideal,CH,HYD200,2024-Hlow,4820.136470836608,13927.9,1.957494011874879,742.6053856731397,0.15406314534166068,2.8895239967308646,5,HYD200,200,371.4449064819116,65.94824771817105,17.0,14,-619.1330879719404,173.0
Mod-Nom-Ideal,CH,HYD200,2025-Hhigh,4820.136470836608,13927.9,1.957494011874879,365.73718762754606,0.07587693623207037,2.8895239967308646,5,HYD200,200,371.4449064819116,65.94824771817105,17.0,14,-619.1330879719404,173.0
Mod-Nom-Ideal,CH,HYD200,2025-Hlow,4820.136470836608,13927.9,1.957494011874879,608.8724271444702,0.12631850380758847,2.8895239967308646,5,HYD200,200,371.4449064819116,65.94824771817105,17.0,14,-619.1330879719404,173.0
Mod-Nom-Ideal,CH,HYD200,2030-Hhigh,4820.136470836608,13927.9,1.9095817639528734,295.43118584487024,0.06129104178529486,2.8895239967308646,5,HYD200,200,371.4449064819116,65.94824771817105,17.0,14,-619.1330879719404,173.0
Mod-Nom-Ideal,CH,HYD200,2030-Hlow,4820.136470836608,13927.9,1.9095817639528734,474.989733747412,0.09854279782766613,2.8895239967308646,5,HYD200,200,371.4449064819116,65.94824771817105,17.0,14,-619.1330879719404,173.0
Mod-Nom-Ideal,CH,HYD200,2035-Hhigh,4820.136470836608,13927.9,1.9095817639528734,309.9761515103985,0.06430858407969461,2.8895239967308646,5,HYD200,200,371.4449064819116,65.94824771817105,17.0,14,-619.1330879719404,173.0
Mod-Nom-Ideal,CH,HYD200,2035-Hlow,4820.136470836608,13927.9,1.9095817639528734,450.14352468520383,0.09338812861600879,2.8895239967308646,5,HYD200,200,371.4449064819116,65.94824771817105,17.0,14,-619.1330879719404,173.0
Mod-Nom-Ideal,CH,HYD200,2040-Hhigh,4820.136470836608,13927.9,1.9095817639528734,338.98144288569927,0.07032610900887291,2.8895239967308646,5,HYD200,200,371.4449064819116,65.94824771817105,17.0,14,-619.1330879719404,173.0
Mod-Nom-Ideal,CH,HYD200,2040-Hlow,4820.136470836608,13927.9,1.9095817639528734,494.99137186802744,0.10269239779057836,2.8895239967308646,5,HYD200,200,371.4449064819116,65.94824771817105,17.0,14,-619.1330879719404,173.0
Mod-Nom-Ideal,CH,HYD200,2045-Hhigh,4820.136470836608,13927.9,1.9095817639528734,375.3439378013029,0.07786998149787992,2.8895239967308646,5,HYD200,200,371.4449064819116,65.94824771817105,17.0,14,-619.1330879719404,173.0
Mod-Nom-Ideal,CH,HYD200,2045-Hlow,4820.136470836608,13927.9,1.9095817639528734,532.707940699022,0.1105171905239775,2.8895239967308646,5,HYD200,200,371.4449064819116,65.94824771817105,17.0,14,-619.1330879719404,173.0
Mod-Nom-Ideal,CH,HYD500,2024-Hhigh,4911.648942314777,14194.366666666667,1.9824980120486457,478.8018143425211,0.09748290644666267,2.8899391697927626,5,HYD500,500,640.8716002134121,0.0,0.0,14,0.0,0.0
Mod-Nom-Ideal,CH,HYD500,2024-Hlow,4911.648942314777,14194.366666666667,1.9883847961965397,754.2730386474266,0.15356819013452344,2.8899391697927626,5,HYD500,500,640.8716002134121,0.0,0.0,14,0.0,0.0
Mod-Nom-Ideal,CH,HYD500,2025-Hhigh,4911.648942314777,14194.366666666667,1.9883847961965397,373.90379756954013,0.0761259206349804,2.8899391697927626,5,HYD500,500,640.8716002134121,0.0,0.0,14,0.0,0.0
Mod-Nom-Ideal,CH,HYD500,2025-Hlow,4911.648942314777,14194.366666666667,1.9883847961965397,619.3942373254388,0.1261071881561488,2.8899391697927626,5,HYD500,500,640.8716002134121,0.0,0.0,14,0.0,0.0
Mod-Nom-Ideal,CH,HYD500,2030-Hhigh,4911.648942314777,14194.366666666667,1.9404725482745342,302.2541097148362,0.06153821522358008,2.8899391697927626,5,HYD500,500,640.8716002134121,0.0,0.0,14,0.0,0.0
Mod-Nom-Ideal,CH,HYD500,2030-Hlow,4911.648942314777,14194.366666666667,1.9404725482745342,483.46785072884427,0.09843290031656743,2.8899391697927626,5,HYD500,500,640.8716002134121,0.0,0.0,14,0.0,0.0
Mod-Nom-Ideal,CH,HYD500,2035-Hhigh,4911.648942314777,14194.366666666667,1.9404725482745342,316.55079927708283,0.06444898709065673,2.8899391697927626,5,HYD500,500,640.8716002134121,0.0,0.0,14,0.0,0.0
Mod-Nom-Ideal,CH,HYD500,2035-Hlow,4911.648942314777,14194.366666666667,1.9404725482745342,458.16146978215943,0.0932805815649837,2.8899391697927626,5,HYD500,500,640.8716002134121,0.0,0.0,14,0.0,0.0
Mod-Nom-Ideal,CH,HYD500,2040-Hhigh,4911.648942314777,14194.366666666667,1.9404725482745342,346.1584594939222,0.0704770360340093,2.8899391697927626,5,HYD500,500,640.8716002134121,0.0,0.0,14,0.0,0.0
Mod-Nom-Ideal,CH,HYD500,2040-Hlow,4911.648942314777,14194.366666666667,1.9404725482745342,503.82620332268357,0.10257781230700883,2.8899391697927626,5,HYD500,500,640.8716002134121,0.0,0.0,14,0.0,0.0
Mod-Nom-Ideal,CH,HYD500,2045-Hhigh,4911.648942314777,14194.366666666667,1.9404725482745342,383.5773159946631,0.07809542589456518,2.8899391697927626,5,HYD500,500,640.8716002134121,0.0,0.0,14,0.0,0.0
Mod-Nom-Ideal,CH,HYD500,2045-Hlow,4911.648942314777,14194.366666666667,1.9404725482745342,542.7330776935477,0.11049915905385672,2.8899391697927626,5,HYD500,500,640.8716002134121,0.0,0.0,14,0.0,0.0
Mod-Nom-Real,AK,HYD1000,2024-Hhigh,1753.5110541591812,5620.099999999999,0.9255573353705911,160.39961466765763,0.0914733980645307,3.205055358316444,3,HYD1000,1000,877.0769073268314,0.0,0.0,6,0.0,0.0
Mod-Nom-Real,AK,HYD1000,2024-Hlow,1753.5110541591812,5620.099999999999,0.938581118029492,257.4900253688862,0.14684254470945107,3.205055358316444,3,HYD1000,1000,877.0769073268314,0.0,0.0,6,0.0,0.0
Mod-Nom-Real,AK,HYD1000,2025-Hhigh,1753.5110541591812,5620.099999999999,0.938581118029492,126.8229476466083,0.07232514864722119,3.205055358316444,3,HYD1000,1000,877.0769073268314,0.0,0.0,6,0.0,0.0
Mod-Nom-Real,AK,HYD1000,2025-Hlow,1753.5110541591812,5620.099999999999,0.938581118029492,217.1731320805777,0.12385044939720297,3.205055358316444,3,HYD1000,1000,877.0769073268314,0.0,0.0,6,0.0,0.0
Mod-Nom-Real,AK,HYD1000,2030-Hhigh,1753.5110541591812,5620.099999999999,0.9382143629263131,103.00330484911906,0.05874117793828779,3.205055358316444,3,HYD1000,1000,877.0769073268314,0.0,0.0,6,0.0,0.0
Mod-Nom-Real,AK,HYD1000,2030-Hlow,1753.5110541591812,5620.099999999999,0.9382143629263131,171.33952535571592,0.09771225847097624,3.205055358316444,3,HYD1000,1000,877.0769073268314,0.0,0.0,6,0.0,0.0
Mod-Nom-Real,AK,HYD1000,2035-Hhigh,1753.5110541591812,5620.099999999999,0.9382143629263131,107.10626074046861,0.061081029678382436,3.205055358316444,3,HYD1000,1000,877.0769073268314,0.0,0.0,6,0.0,0.0
Mod-Nom-Real,AK,HYD1000,2035-Hlow,1753.5110541591812,5620.099999999999,0.9382143629263131,160.8407599161507,0.0917249763180277,3.205055358316444,3,HYD1000,1000,877.0769073268314,0.0,0.0,6,0.0,0.0
Mod-Nom-Real,AK,HYD1000,2040-Hhigh,1753.5110541591812,5620.099999999999,0.9382143629263131,117.47382358216599,0.06699348903648365,3.205055358316444,3,HYD1000,1000,877.0769073268314,0.0,0.0,6,0.0,0.0
Mod-Nom-Real,AK,HYD1000,2040-Hlow,1753.5110541591812,5620.099999999999,0.9382143629263131,181.78909563506093,0.10367148539147925,3.205055358316444,3,HYD1000,1000,877.0769073268314,0.0,0.0,6,0.0,0.0
Mod-Nom-Real,AK,HYD1000,2045-Hhigh,1753.5110541591812,5620.099999999999,0.9382143629263131,133.2295383409072,0.07597872737950405,3.205055358316444,3,HYD1000,1000,877.0769073268314,0.0,0.0,6,0.0,0.0
Mod-Nom-Real,AK,HYD1000,2045-Hlow,1753.5110541591812,5620.099999999999,0.9382143629263131,197.54968852470472,0.11265950565645619,3.205055358316444,3,HYD1000,1000,877.0769073268314,0.0,0.0,6,0.0,0.0
Mod-Nom-Real,AK,HYD200,2024-Hhigh,1390.5198662101411,5075.166666666667,0.6709326904342956,127.40569536296243,0.09162450566794589,3.6498339865499534,3,HYD200,200,326.57489284767917,200.65604515720958,56.0,11.2,-639.5535708024557,135.0
Mod-Nom-Real,AK,HYD200,2024-Hlow,1390.5198662101411,5075.166666666667,0.689810780282195,210.73334793205265,0.15155004473715714,3.6498339865499534,3,HYD200,200,326.57489284767917,200.65604515720958,56.0,11.2,-639.5535708024557,135.0
Mod-Nom-Real,AK,HYD200,2025-Hhigh,1390.5198662101411,5075.166666666667,0.689810780282195,100.54271435444623,0.07230584531559062,3.6498339865499534,3,HYD200,200,326.57489284767917,200.65604515720958,56.0,11.2,-639.5535708024557,135.0
Mod-Nom-Real,AK,HYD200,2025-Hlow,1390.5198662101411,5075.166666666667,0.689810780282195,177.2820033217797,0.1274933265102939,3.6498339865499534,3,HYD200,200,326.57489284767917,200.65604515720958,56.0,11.2,-639.5535708024557,135.0
Mod-Nom-Real,AK,HYD200,2030-Hhigh,1390.5198662101411,5075.166666666667,0.6859212586097312,81.63801562510069,0.05871042737965688,3.6498339865499534,3,HYD200,200,326.57489284767917,200.65604515720958,56.0,11.2,-639.5535708024557,135.0
Mod-Nom-Real,AK,HYD200,2030-Hlow,1390.5198662101411,5075.166666666667,0.6859212586097312,139.48495941839425,0.10031137476558333,3.6498339865499534,3,HYD200,200,326.57489284767917,200.65604515720958,56.0,11.2,-639.5535708024557,135.0
Mod-Nom-Real,AK,HYD200,2035-Hhigh,1390.5198662101411,5075.166666666667,0.6859212586097312,85.42954528133755,0.06143712675905566,3.6498339865499534,3,HYD200,200,326.57489284767917,200.65604515720958,56.0,11.2,-639.5535708024557,135.0
Mod-Nom-Real,AK,HYD200,2035-Hlow,1390.5198662101411,5075.166666666667,0.6859212586097312,130.34515473489688,0.09373843402191176,3.6498339865499534,3,HYD200,200,326.57489284767917,200.65604515720958,56.0,11.2,-639.5535708024557,135.0
Mod-Nom-Real,AK,HYD200,2040-Hhigh,1390.5198662101411,5075.166666666667,0.6859212586097312,93.7439178292047,0.06741645344823699,3.6498339865499534,3,HYD200,200,326.57489284767917,200.65604515720958,56.0,11.2,-639.5535708024557,135.0
Mod-Nom-Real,AK,HYD200,2040-Hlow,1390.5198662101411,5075.166666666667,0.6859212586097312,147.80028113045813,0.10629138405141056,3.6498339865499534,3,HYD200,200,326.57489284767917,200.65604515720958,56.0,11.2,-639.5535708024557,135.0
Mod-Nom-Real,AK,HYD200,2045-Hhigh,1390.5198662101411,5075.166666666667,0.6859212586097312,106.19158096244276,0.07636825876631859,3.6498339865499534,3,HYD200,200,326.57489284767917,200.65604515720958,56.0,11.2,-639.5535708024557,135.0
Mod-Nom-Real,AK,HYD200,2045-Hlow,1390.5198662101411,5075.166666666667,0.6859212586097312,160.35389472916034,0.11531938422872341,3.6498339865499534,3,HYD200,200,326.57489284767917,200.65604515720958,56.0,11.2,-639.5535708024557,135.0
Mod-Nom-Real,AK,HYD500,2024-Hhigh,1747.0788498746808,5313.208333333333,0.8854499878317846,159.6072742292712,0.09135665184242826,3.0411954982538156,3,HYD500,500,566.7412205237513,0.0,0.0,8.5,0.0,0.0
Mod-Nom-Real,AK,HYD500,2024-Hlow,1747.0788498746808,5313.208333333333,0.9037422114229275,259.29215467948063,0.14841468357199783,3.0411954982538156,3,HYD500,500,566.7412205237513,0.0,0.0,8.5,0.0,0.0
Mod-Nom-Real,AK,HYD500,2025-Hhigh,1747.0788498746808,5313.208333333333,0.9037422114229275,126.14322872169515,0.07220236724332361,3.0411954982538156,3,HYD500,500,566.7412205237513,0.0,0.0,8.5,0.0,0.0
Mod-Nom-Real,AK,HYD500,2025-Hlow,1747.0788498746808,5313.208333333333,0.9037422114229275,218.41440869571184,0.1250169153563841,3.0411954982538156,3,HYD500,500,566.7412205237513,0.0,0.0,8.5,0.0,0.0
Mod-Nom-Real,AK,HYD500,2030-Hhigh,1747.0788498746808,5313.208333333333,0.9011908050868783,102.48776607324345,0.05866235864545837,3.0411954982538156,3,HYD500,500,566.7412205237513,0.0,0.0,8.5,0.0,0.0
Mod-Nom-Real,AK,HYD500,2030-Hlow,1747.0788498746808,5313.208333333333,0.9011908050868783,172.05909480908042,0.09848387485282782,3.0411954982538156,3,HYD500,500,566.7412205237513,0.0,0.0,8.5,0.0,0.0
Mod-Nom-Real,AK,HYD500,2035-Hhigh,1747.0788498746808,5313.208333333333,0.9011908050868783,106.77729629918095,0.06111761716240807,3.0411954982538156,3,HYD500,500,566.7412205237513,0.0,0.0,8.5,0.0,0.0
Mod-Nom-Real,AK,HYD500,2035-Hlow,1747.0788498746808,5313.208333333333,0.9011908050868783,161.48566765791753,0.09243181420775658,3.0411954982538156,3,HYD500,500,566.7412205237513,0.0,0.0,8.5,0.0,0.0
Mod-Nom-Real,AK,HYD500,2040-Hhigh,1747.0788498746808,5313.208333333333,0.9011908050868783,117.09857888339359,0.06702535428884228,3.0411954982538156,3,HYD500,500,566.7412205237513,0.0,0.0,8.5,0.0,0.0
Mod-Nom-Real,AK,HYD500,2040-Hlow,1747.0788498746808,5313.208333333333,0.9011908050868783,182.6071321705913,0.10452140278825414,3.0411954982538156,3,HYD500,500,566.7412205237513,0.0,0.0,8.5,0.0,0.0
Mod-Nom-Real,AK,HYD500,2045-Hhigh,1747.0788498746808,5313.208333333333,0.9011908050868783,132.79914906031286,0.07601210962506852,3.0411954982538156,3,HYD500,500,566.7412205237513,0.0,0.0,8.5,0.0,0.0
Mod-Nom-Real,AK,HYD500,2045-Hlow,1747.0788498746808,5313.208333333333,0.9011908050868783,198.19206877259228,0.11344197131503751,3.0411954982538156,3,HYD500,500,566.7412205237513,0.0,0.0,8.5,0.0,0.0
Mod-Nom-Real,AK,HYD1000,2024-Hhigh,1886.5884682404328,6091.299999999999,0.9653803541606056,172.9079728412166,0.09165113417791795,3.2287380647890744,4,HYD1000,1000,868.9750492516317,0.0,0.0,6,0.0,0.0
Mod-Nom-Real,AK,HYD1000,2024-Hlow,1886.5884682404328,6091.299999999999,0.9610220989059101,270.6008232210876,0.14343394321363007,3.2287380647890744,4,HYD1000,1000,868.9750492516317,0.0,0.0,6,0.0,0.0
Mod-Nom-Real,AK,HYD1000,2025-Hhigh,1886.5884682404328,6091.299999999999,0.9610220989059101,135.08787143104468,0.07160431313196633,3.2287380647890744,4,HYD1000,1000,868.9750492516317,0.0,0.0,6,0.0,0.0
Mod-Nom-Real,AK,HYD1000,2025-Hlow,1886.5884682404328,6091.299999999999,0.9610220989059101,227.09489944750342,0.12037331048636608,3.2287380647890744,4,HYD1000,1000,868.9750492516317,0.0,0.0,6,0.0,0.0
Mod-Nom-Real,AK,HYD1000,2030-Hhigh,1886.5884682404328,6091.299999999999,0.9628877216544761,109.3145774775391,0.05794299038597097,3.2287380647890744,4,HYD1000,1000,868.9750492516317,0.0,0.0,6,0.0,0.0
Mod-Nom-Real,AK,HYD1000,2030-Hlow,1886.5884682404328,6091.299999999999,0.9628877216544761,178.99043687324053,0.09487518867333043,3.2287380647890744,4,HYD1000,1000,868.9750492516317,0.0,0.0,6,0.0,0.0
Mod-Nom-Real,AK,HYD1000,2035-Hhigh,1886.5884682404328,6091.299999999999,0.9628877216544761,113.56828849559253,0.06019770098643422,3.2287380647890744,4,HYD1000,1000,868.9750492516317,0.0,0.0,6,0.0,0.0
Mod-Nom-Real,AK,HYD1000,2035-Hlow,1886.5884682404328,6091.299999999999,0.9628877216544761,168.20821519556492,0.08915999330391748,3.2287380647890744,4,HYD1000,1000,868.9750492516317,0.0,0.0,6,0.0,0.0
Mod-Nom-Real,AK,HYD1000,2040-Hhigh,1886.5884682404328,6091.299999999999,0.9628877216544761,123.95152793626046,0.06570141290636983,3.2287380647890744,4,HYD1000,1000,868.9750492516317,0.0,0.0,6,0.0,0.0
Mod-Nom-Real,AK,HYD1000,2040-Hlow,1886.5884682404328,6091.299999999999,0.9628877216544761,188.8157089107079,0.10008314589498733,3.2287380647890744,4,HYD1000,1000,868.9750492516317,0.0,0.0,6,0.0,0.0
Mod-Nom-Real,AK,HYD1000,2045-Hhigh,1886.5884682404328,6091.299999999999,0.9628877216544761,140.40490187835027,0.07442264396394933,3.2287380647890744,4,HYD1000,1000,868.9750492516317,0.0,0.0,6,0.0,0.0
Mod-Nom-Real,AK,HYD1000,2045-Hlow,1886.5884682404328,6091.299999999999,0.9628877216544761,205.70015156450575,0.10903286807236579,3.2287380647890744,4,HYD1000,1000,868.9750492516317,0.0,0.0,6,0.0,0.0
Mod-Nom-Real,AK,HYD200,2024-Hhigh,1504.8334029991204,5552.499999999999,0.6924039166665593,138.0480920058334,0.09173646181079229,3.6897772131678583,4,HYD200,200,325.0457647638569,646.12993678009,112.0,11.2,-535.5485827534537,117.0
Mod-Nom-Real,AK,HYD200,2024-Hlow,1504.8334029991204,5552.499999999999,0.6930073443367794,221.99585864387566,0.14752188395169843,3.6897772131678583,4,HYD200,200,325.0457647638569,646.12993678009,112.0,11.2,-535.5485827534537,117.0
Mod-Nom-Real,AK,HYD200,2025-Hhigh,1504.8334029991204,5552.499999999999,0.6930073443367794,107.16601307800218,0.07121453634961931,3.6897772131678583,4,HYD200,200,325.0457647638569,646.12993678009,112.0,11.2,-535.5485827534537,117.0
Mod-Nom-Real,AK,HYD200,2025-Hlow,1504.8334029991204,5552.499999999999,0.6930073443367794,185.51617622670682,0.12328020886363543,3.6897772131678583,4,HYD200,200,325.0457647638569,646.12993678009,112.0,11.2,-535.5485827534537,117.0
Mod-Nom-Real,AK,HYD200,2030-Hhigh,1504.8334029991204,5552.499999999999,0.6874691131918288,86.6284406221622,0.0575667980585176,3.6897772131678583,4,HYD200,200,325.0457647638569,646.12993678009,112.0,11.2,-535.5485827534537,117.0
Mod-Nom-Real,AK,HYD200,2030-Hlow,1504.8334029991204,5552.499999999999,0.6874691131918288,145.75260770363147,0.09685630808908663,3.6897772131678583,4,HYD200,200,325.0457647638569,646.12993678009,112.0,11.2,-535.5485827534537,117.0
Mod-Nom-Real,AK,HYD200,2035-Hhigh,1504.8334029991204,5552.499999999999,0.6874691131918288,90.70538188223004,0.06027602902849909,3.6897772131678583,4,HYD200,200,325.0457647638569,646.12993678009,112.0,11.2,-535.5485827534537,117.0
Mod-Nom-Real,AK,HYD200,2035-Hlow,1504.8334029991204,5552.499999999999,0.6874691131918288,136.18177344322552,0.09049624574508805,3.6897772131678583,4,HYD200,200,325.0457647638569,646.12993678009,112.0,11.2,-535.5485827534537,117.0
Mod-Nom-Real,AK,HYD200,2040-Hhigh,1504.8334029991204,5552.499999999999,0.6874691131918288,98.80545177918438,0.06565873111419905,3.6897772131678583,4,HYD200,200,325.0457647638569,646.12993678009,112.0,11.2,-535.5485827534537,117.0
Mod-Nom-Real,AK,HYD200,2040-Hlow,1504.8334029991204,5552.499999999999,0.6874691131918288,153.12695074177924,0.10175674625284002,3.6897772131678583,4,HYD200,200,325.0457647638569,646.12993678009,112.0,11.2,-535.5485827534537,117.0
Mod-Nom-Real,AK,HYD200,2045-Hhigh,1504.8334029991204,5552.499999999999,0.6874691131918288,111.65586513451892,0.07419815702654507,3.6897772131678583,4,HYD200,200,325.0457647638569,646.12993678009,112.0,11.2,-535.5485827534537,117.0
Mod-Nom-Real,AK,HYD200,2045-Hlow,1504.8334029991204,5552.499999999999,0.6874691131918288,166.72863855155558,0.11079541311301756,3.6897772131678583,4,HYD200,200,325.0457647638569,646.12993678009,112.0,11.2,-535.5485827534537,117.0
Mod-Nom-Real,AK,HYD500,2024-Hhigh,1888.3594702850246,5787.933333333333,0.9266144606566544,172.7592799853142,0.09148643714495648,3.0650590760983216,4,HYD500,500,562.1872507368138,0.0,0.0,8.5,0.0,0.0
Mod-Nom-Real,AK,HYD500,2024-Hlow,1888.3594702850246,5787.933333333333,0.9240502066155254,273.146814036687,0.1446476787576143,3.0650590760983216,4,HYD500,500,562.1872507368138,0.0,0.0,8.5,0.0,0.0
Mod-Nom-Real,AK,HYD500,2025-Hhigh,1888.3594702850246,5787.933333333333,0.9240502066155254,134.59953547229907,0.07127855558771494,3.0650590760983216,4,HYD500,500,562.1872507368138,0.0,0.0,8.5,0.0,0.0
Mod-Nom-Real,AK,HYD500,2025-Hlow,1888.3594702850246,5787.933333333333,0.9240502066155254,228.6334329928995,0.12107516423151683,3.0650590760983216,4,HYD500,500,562.1872507368138,0.0,0.0,8.5,0.0,0.0
Mod-Nom-Real,AK,HYD500,2030-Hhigh,1888.3594702850246,5787.933333333333,0.9198088588111273,108.84841580177947,0.057641787760542296,3.0650590760983216,4,HYD500,500,562.1872507368138,0.0,0.0,8.5,0.0,0.0
Mod-Nom-Real,AK,HYD500,2030-Hlow,1888.3594702850246,5787.933333333333,0.9198088588111273,179.89067975584643,0.09526294256288723,3.0650590760983216,4,HYD500,500,562.1872507368138,0.0,0.0,8.5,0.0,0.0
Mod-Nom-Real,AK,HYD500,2035-Hhigh,1888.3594702850246,5787.933333333333,0.9198088588111273,113.43225147834053,0.0600692046526604,3.0650590760983216,4,HYD500,500,562.1872507368138,0.0,0.0,8.5,0.0,0.0
Mod-Nom-Real,AK,HYD500,2035-Hlow,1888.3594702850246,5787.933333333333,0.9198088588111273,168.8653862784884,0.08942438605346695,3.0650590760983216,4,HYD500,500,562.1872507368138,0.0,0.0,8.5,0.0,0.0
Mod-Nom-Real,AK,HYD500,2040-Hhigh,1888.3594702850246,5787.933333333333,0.9198088588111273,123.66270686502733,0.06548684655171187,3.0650590760983216,4,HYD500,500,562.1872507368138,0.0,0.0,8.5,0.0,0.0
Mod-Nom-Real,AK,HYD500,2040-Hlow,1888.3594702850246,5787.933333333333,0.9198088588111273,189.5392940921228,0.10037246460469423,3.0650590760983216,4,HYD500,500,562.1872507368138,0.0,0.0,8.5,0.0,0.0
Mod-Nom-Real,AK,HYD500,2045-Hhigh,1888.3594702850246,5787.933333333333,0.9198088588111273,139.92123242089298,0.07409671443529424,3.0650590760983216,4,HYD500,500,562.1872507368138,0.0,0.0,8.5,0.0,0.0
Mod-Nom-Real,AK,HYD500,2045-Hlow,1888.3594702850246,5787.933333333333,0.9198088588111273,206.40200637655306,0.10930228572709158,3.0650590760983216,4,HYD500,500,562.1872507368138,0.0,0.0,8.5,0.0,0.0
Mod-Nom-Real,AK,HYD1000,2024-Hhigh,2026.8950351086194,6565.6,1.0125558756018305,185.24117848287227,0.09139159910811334,3.23924025974446,5,HYD1000,1000,864.9125418855425,0.0,0.0,6,0.0,0.0
Mod-Nom-Real,AK,HYD1000,2024-Hlow,2026.8950351086194,6565.6,1.0124297532259572,286.3584169383266,0.14127935190436783,3.23924025974446,5,HYD1000,1000,864.9125418855425,0.0,0.0,6,0.0,0.0
Mod-Nom-Real,AK,HYD1000,2025-Hhigh,2026.8950351086194,6565.6,1.0124297532259572,144.67596770933997,0.07137812526221267,3.23924025974446,5,HYD1000,1000,864.9125418855425,0.0,0.0,6,0.0,0.0
Mod-Nom-Real,AK,HYD1000,2025-Hlow,2026.8950351086194,6565.6,1.0124297532259572,238.65328857410876,0.11774328933679565,3.23924025974446,5,HYD1000,1000,864.9125418855425,0.0,0.0,6,0.0,0.0
Mod-Nom-Real,AK,HYD1000,2030-Hhigh,2026.8950351086194,6565.6,1.0121675702840844,116.99336835340836,0.057720486915662506,3.23924025974446,5,HYD1000,1000,864.9125418855425,0.0,0.0,6,0.0,0.0
Mod-Nom-Real,AK,HYD1000,2030-Hlow,2026.8950351086194,6565.6,1.0121675702840844,187.99398452601747,0.09274973852602242,3.23924025974446,5,HYD1000,1000,864.9125418855425,0.0,0.0,6,0.0,0.0
Mod-Nom-Real,AK,HYD1000,2035-Hhigh,2026.8950351086194,6565.6,1.0121675702840844,121.2407196063404,0.059815983317480094,3.23924025974446,5,HYD1000,1000,864.9125418855425,0.0,0.0,6,0.0,0.0
Mod-Nom-Real,AK,HYD1000,2035-Hlow,2026.8950351086194,6565.6,1.0121675702840844,177.123453957254,0.08738659421885757,3.23924025974446,5,HYD1000,1000,864.9125418855425,0.0,0.0,6,0.0,0.0
Mod-Nom-Real,AK,HYD1000,2040-Hhigh,2026.8950351086194,6565.6,1.0121675702840844,132.02465035281273,0.0651364022635428,3.23924025974446,5,HYD1000,1000,864.9125418855425,0.0,0.0,6,0.0,0.0
Mod-Nom-Real,AK,HYD1000,2040-Hlow,2026.8950351086194,6565.6,1.0121675702840844,199.31007121165038,0.09833270483144163,3.23924025974446,5,HYD1000,1000,864.9125418855425,0.0,0.0,6,0.0,0.0
Mod-Nom-Real,AK,HYD1000,2045-Hhigh,2026.8950351086194,6565.6,1.0121675702840844,148.96342090170913,0.07349340657580047,3.23924025974446,5,HYD1000,1000,864.9125418855425,0.0,0.0,6,0.0,0.0
Mod-Nom-Real,AK,HYD1000,2045-Hlow,2026.8950351086194,6565.6,1.0121675702840844,216.3818797703384,0.10675534550250783,3.23924025974446,5,HYD1000,1000,864.9125418855425,0.0,0.0,6,0.0,0.0
Mod-Nom-Real,AK,HYD200,2024-Hhigh,1625.220018566491,6030.666666666666,0.7797476329782941,148.2969297550991,0.09124729455763343,3.7106770761942465,5,HYD200,200,323.9034872805716,733.2834933529473,136.0,11.2,-781.2545804521584,188.0
Mod-Nom-Real,AK,HYD200,2024-Hlow,1625.220018566491,6030.666666666666,0.7849487617985524,235.73003109008116,0.1450449959987599,3.7106770761942465,5,HYD200,200,323.9034872805716,733.2834933529473,136.0,11.2,-781.2545804521584,188.0
Mod-Nom-Real,AK,HYD200,2025-Hhigh,1625.220018566491,6030.666666666666,0.7849487617985524,114.90417472074787,0.07070068877326403,3.7106770761942465,5,HYD200,200,323.9034872805716,733.2834933529473,136.0,11.2,-781.2545804521584,188.0
Mod-Nom-Real,AK,HYD200,2025-Hlow,1625.220018566491,6030.666666666666,0.7849487617985524,195.37161182194944,0.120212407914022,3.7106770761942465,5,HYD200,200,323.9034872805716,733.2834933529473,136.0,11.2,-781.2545804521584,188.0
Mod-Nom-Real,AK,HYD200,2030-Hhigh,1625.220018566491,6030.666666666666,0.7747285539223905,92.81600185316377,0.057109807160159884,3.7106770761942465,5,HYD200,200,323.9034872805716,733.2834933529473,136.0,11.2,-781.2545804521584,188.0
Mod-Nom-Real,AK,HYD200,2030-Hlow,1625.220018566491,6030.666666666666,0.7747285539223905,153.18374183798315,0.09425415641452492,3.7106770761942465,5,HYD200,200,323.9034872805716,733.2834933529473,136.0,11.2,-781.2545804521584,188.0
Mod-Nom-Real,AK,HYD200,2035-Hhigh,1625.220018566491,6030.666666666666,0.7747285539223905,96.96727946073682,0.05966409369376697,3.7106770761942465,5,HYD200,200,323.9034872805716,733.2834933529473,136.0,11.2,-781.2545804521584,188.0
Mod-Nom-Real,AK,HYD200,2035-Hlow,1625.220018566491,6030.666666666666,0.7747285539223905,143.67467941313922,0.08840321788545653,3.7106770761942465,5,HYD200,200,323.9034872805716,733.2834933529473,136.0,11.2,-781.2545804521584,188.0
Mod-Nom-Real,AK,HYD200,2040-Hhigh,1625.220018566491,6030.666666666666,0.7747285539223905,105.53099263630662,0.06493335759510836,3.7106770761942465,5,HYD200,200,323.9034872805716,733.2834933529473,136.0,11.2,-781.2545804521584,188.0
Mod-Nom-Real,AK,HYD200,2040-Hlow,1625.220018566491,6030.666666666666,0.7747285539223905,161.9426538027587,0.09964352638579889,3.7106770761942465,5,HYD200,200,323.9034872805716,733.2834933529473,136.0,11.2,-781.2545804521584,188.0
Mod-Nom-Real,AK,HYD200,2045-Hhigh,1625.220018566491,6030.666666666666,0.7747285539223905,118.68688366750948,0.07302819452851439,3.7106770761942465,5,HYD200,200,323.9034872805716,733.2834933529473,136.0,11.2,-781.2545804521584,188.0
Mod-Nom-Real,AK,HYD200,2045-Hlow,1625.220018566491,6030.666666666666,0.7747285539223905,175.53239928182992,0.10800531452760255,3.7106770761942465,5,HYD200,200,323.9034872805716,733.2834933529473,136.0,11.2,-781.2545804521584,188.0
Mod-Nom-Real,AK,HYD500,2024-Hhigh,2036.0327424062093,6264.641666666666,1.0006091090348999,185.41306376383352,0.09106585562308296,3.0768865039287303,5,HYD500,500,560.1341997550497,0.0,0.0,8.5,0.0,0.0
Mod-Nom-Real,AK,HYD500,2024-Hlow,2036.0327424062093,6264.641666666666,1.0028762305153325,289.7336771487101,0.14230305393139167,3.0768865039287303,5,HYD500,500,560.1341997550497,0.0,0.0,8.5,0.0,0.0
Mod-Nom-Real,AK,HYD500,2025-Hhigh,2036.0327424062093,6264.641666666666,1.0028762305153325,144.18586792906774,0.07081706739090407,3.0768865039287303,5,HYD500,500,560.1341997550497,0.0,0.0,8.5,0.0,0.0
Mod-Nom-Real,AK,HYD500,2025-Hlow,2036.0327424062093,6264.641666666666,1.0028762305153325,240.56893990667098,0.11815573241831247,3.0768865039287303,5,HYD500,500,560.1341997550497,0.0,0.0,8.5,0.0,0.0
Mod-Nom-Real,AK,HYD500,2030-Hhigh,2036.0327424062093,6264.641666666666,0.9953654633209895,116.53903094292987,0.05723828920609723,3.0768865039287303,5,HYD500,500,560.1341997550497,0.0,0.0,8.5,0.0,0.0
Mod-Nom-Real,AK,HYD500,2030-Hlow,2036.0327424062093,6264.641666666666,0.9953654633209895,188.99885045694606,0.09282701919301396,3.0768865039287303,5,HYD500,500,560.1341997550497,0.0,0.0,8.5,0.0,0.0
Mod-Nom-Real,AK,HYD500,2035-Hhigh,2036.0327424062093,6264.641666666666,0.9953654633209895,121.17992100743636,0.0595176681020485,3.0768865039287303,5,HYD500,500,560.1341997550497,0.0,0.0,8.5,0.0,0.0
Mod-Nom-Real,AK,HYD500,2035-Hlow,2036.0327424062093,6264.641666666666,0.9953654633209895,178.07478476324266,0.08746165081451078,3.0768865039287303,5,HYD500,500,560.1341997550497,0.0,0.0,8.5,0.0,0.0
Mod-Nom-Real,AK,HYD500,2040-Hhigh,2036.0327424062093,6264.641666666666,0.9953654633209895,131.8894396412091,0.06477766142667259,3.0768865039287303,5,HYD500,500,560.1341997550497,0.0,0.0,8.5,0.0,0.0
Mod-Nom-Real,AK,HYD500,2040-Hlow,2036.0327424062093,6264.641666666666,0.9953654633209895,200.0787915117,0.09826894594791453,3.0768865039287303,5,HYD500,500,560.1341997550497,0.0,0.0,8.5,0.0,0.0
Mod-Nom-Real,AK,HYD500,2045-Hhigh,2036.0327424062093,6264.641666666666,0.9953654633209895,148.54993845146174,0.07296048602632173,3.0768865039287303,5,HYD500,500,560.1341997550497,0.0,0.0,8.5,0.0,0.0
Mod-Nom-Real,AK,HYD500,2045-Hlow,2036.0327424062093,6264.641666666666,0.9953654633209895,216.95007473381594,0.10655529757219012,3.0768865039287303,5,HYD500,500,560.1341997550497,0.0,0.0,8.5,0.0,0.0
Mod-Nom-Real,CH,HYD1000,2024-Hhigh,3964.1071876554593,11581.5,2.091788442570059,396.30610741704646,0.09997361036330571,2.921591029643623,3,HYD1000,1000,989.1624750525001,0.0,0.0,14,0.0,0.0
Mod-Nom-Real,CH,HYD1000,2024-Hlow,3964.1071876554593,11581.5,2.114998895925389,602.9269322219981,0.152096526072645,2.921591029643623,3,HYD1000,1000,989.1624750525001,0.0,0.0,14,0.0,0.0
Mod-Nom-Real,CH,HYD1000,2025-Hhigh,3964.1071876554593,11581.5,2.114998895925389,316.26379695836334,0.0797818479639586,2.921591029643623,3,HYD1000,1000,989.1624750525001,0.0,0.0,14,0.0,0.0
Mod-Nom-Real,CH,HYD1000,2025-Hlow,3964.1071876554593,11581.5,2.114998895925389,505.1293739299482,0.12742576071175893,2.921591029643623,3,HYD1000,1000,989.1624750525001,0.0,0.0,14,0.0,0.0
Mod-Nom-Real,CH,HYD1000,2030-Hhigh,3964.1071876554593,11581.5,2.0668196839918345,255.350965073502,0.06441575693732121,2.921591029643623,3,HYD1000,1000,989.1624750525001,0.0,0.0,14,0.0,0.0
Mod-Nom-Real,CH,HYD1000,2030-Hlow,3964.1071876554593,11581.5,2.0668196839918345,397.245857416198,0.10021067509305823,2.921591029643623,3,HYD1000,1000,989.1624750525001,0.0,0.0,14,0.0,0.0
Mod-Nom-Real,CH,HYD1000,2035-Hhigh,3964.1071876554593,11581.5,2.0668196839918345,259.5240903274129,0.06546848458981919,2.921591029643623,3,HYD1000,1000,989.1624750525001,0.0,0.0,14,0.0,0.0
Mod-Nom-Real,CH,HYD1000,2035-Hlow,3964.1071876554593,11581.5,2.0668196839918345,370.64096134449926,0.09349922789643637,2.921591029643623,3,HYD1000,1000,989.1624750525001,0.0,0.0,14,0.0,0.0
Mod-Nom-Real,CH,HYD1000,2040-Hhigh,3964.1071876554593,11581.5,2.0668196839918345,280.4311132982281,0.07074256573371997,2.921591029643623,3,HYD1000,1000,989.1624750525001,0.0,0.0,14,0.0,0.0
Mod-Nom-Real,CH,HYD1000,2040-Hlow,3964.1071876554593,11581.5,2.0668196839918345,413.19750484116145,0.10423469529983723,2.921591029643623,3,HYD1000,1000,989.1624750525001,0.0,0.0,14,0.0,0.0
Mod-Nom-Real,CH,HYD1000,2045-Hhigh,3964.1071876554593,11581.5,2.0668196839918345,318.2803751630885,0.08029055726702813,2.921591029643623,3,HYD1000,1000,989.1624750525001,0.0,0.0,14,0.0,0.0
Mod-Nom-Real,CH,HYD1000,2045-Hlow,3964.1071876554593,11581.5,2.0668196839918345,451.5783420349685,0.11391678394600904,2.921591029643623,3,HYD1000,1000,989.1624750525001,0.0,0.0,14,0.0,0.0
Mod-Nom-Real,CH,HYD200,2024-Hhigh,3754.976634960388,10969.233333333334,1.9321209057783644,375.2711464471355,0.09993967551041615,2.9212520874844405,3,HYD200,200,370.133769179482,26.816891140530107,12.0,14,-696.6650431838294,131.0
Mod-Nom-Real,CH,HYD200,2024-Hlow,3754.976634960388,10969.233333333334,1.9613610925895824,576.6565432139568,0.15357127334563028,2.9212520874844405,3,HYD200,200,370.133769179482,26.816891140530107,12.0,14,-696.6650431838294,131.0
Mod-Nom-Real,CH,HYD200,2025-Hhigh,3754.976634960388,10969.233333333334,1.9613610925895824,298.1479587129731,0.07940074937806327,2.9212520874844405,3,HYD200,200,370.133769179482,26.816891140530107,12.0,14,-696.6650431838294,131.0
Mod-Nom-Real,CH,HYD200,2025-Hlow,3754.976634960388,10969.233333333334,1.9613610925895824,481.81210145743745,0.12831294260836865,2.9212520874844405,3,HYD200,200,370.133769179482,26.816891140530107,12.0,14,-696.6650431838294,131.0
Mod-Nom-Real,CH,HYD200,2030-Hhigh,3754.976634960388,10969.233333333334,1.9134488446675768,240.46697620911073,0.06403953994553883,2.9212520874844405,3,HYD200,200,370.133769179482,26.816891140530107,12.0,14,-696.6650431838294,131.0
Mod-Nom-Real,CH,HYD200,2030-Hlow,3754.976634960388,10969.233333333334,1.9134488446675768,378.53739699698315,0.10080952128240778,2.9212520874844405,3,HYD200,200,370.133769179482,26.816891140530107,12.0,14,-696.6650431838294,131.0
Mod-Nom-Real,CH,HYD200,2035-Hhigh,3754.976634960388,10969.233333333334,1.9134488446675768,245.1333159821018,0.06528224801715385,2.9212520874844405,3,HYD200,200,370.133769179482,26.816891140530107,12.0,14,-696.6650431838294,131.0
Mod-Nom-Real,CH,HYD200,2035-Hlow,3754.976634960388,10969.233333333334,1.9134488446675768,353.3607654055248,0.09410465090929986,2.9212520874844405,3,HYD200,200,370.133769179482,26.816891140530107,12.0,14,-696.6650431838294,131.0
Mod-Nom-Real,CH,HYD200,2040-Hhigh,3754.976634960388,10969.233333333334,1.9134488446675768,264.94989420951725,0.0705596652034327,2.9212520874844405,3,HYD200,200,370.133769179482,26.816891140530107,12.0,14,-696.6650431838294,131.0
Mod-Nom-Real,CH,HYD200,2040-Hlow,3754.976634960388,10969.233333333334,1.9134488446675768,393.9500121640129,0.10491410478994066,2.9212520874844405,3,HYD200,200,370.133769179482,26.816891140530107,12.0,14,-696.6650431838294,131.0
Mod-Nom-Real,CH,HYD200,2045-Hhigh,3754.976634960388,10969.233333333334,1.9134488446675768,300.3701325352537,0.07999254369219859,2.9212520874844405,3,HYD200,200,370.133769179482,26.816891140530107,12.0,14,-696.6650431838294,131.0
Mod-Nom-Real,CH,HYD200,2045-Hlow,3754.976634960388,10969.233333333334,1.9134488446675768,429.4814864511295,0.11437660688817049,2.9212520874844405,3,HYD200,200,370.133769179482,26.816891140530107,12.0,14,-696.6650431838294,131.0
Mod-Nom-Real,CH,HYD500,2024-Hhigh,3846.5090033130023,11237.1,1.9964799030428892,384.6509115143564,0.10000000290732614,2.921376237601803,3,HYD500,500,641.0984821868343,0.0,0.0,14,0.0,0.0
Mod-Nom-Real,CH,HYD500,2024-Hlow,3846.5090033130023,11237.1,2.0257200898541075,588.2253934274423,0.15292448111282286,2.921376237601803,3,HYD500,500,641.0984821868343,0.0,0.0,14,0.0,0.0
Mod-Nom-Real,CH,HYD500,2025-Hhigh,3846.5090033130023,11237.1,2.0257200898541075,306.4337411133684,0.0796654163163109,2.921376237601803,3,HYD500,500,641.0984821868343,0.0,0.0,14,0.0,0.0
Mod-Nom-Real,CH,HYD500,2025-Hlow,3846.5090033130023,11237.1,2.0257200898541075,492.2397533298338,0.1279705189578049,2.921376237601803,3,HYD500,500,641.0984821868343,0.0,0.0,14,0.0,0.0
Mod-Nom-Real,CH,HYD500,2030-Hhigh,3846.5090033130023,11237.1,1.977807841932102,247.29217467920662,0.0642900288199543,2.921376237601803,3,HYD500,500,641.0984821868343,0.0,0.0,14,0.0,0.0
Mod-Nom-Real,CH,HYD500,2030-Hlow,3846.5090033130023,11237.1,1.977807841932102,386.9005665891318,0.100584859220632,2.921376237601803,3,HYD500,500,641.0984821868343,0.0,0.0,14,0.0,0.0
Mod-Nom-Real,CH,HYD500,2035-Hhigh,3846.5090033130023,11237.1,1.977807841932102,251.63821431172855,0.06541989479161293,2.921376237601803,3,HYD500,500,641.0984821868343,0.0,0.0,14,0.0,0.0
Mod-Nom-Real,CH,HYD500,2035-Hlow,3846.5090033130023,11237.1,1.977807841932102,361.1253486437216,0.09388392132520267,2.921376237601803,3,HYD500,500,641.0984821868343,0.0,0.0,14,0.0,0.0
Mod-Nom-Real,CH,HYD500,2040-Hhigh,3846.5090033130023,11237.1,1.977807841932102,271.89177947012473,0.07068533551746377,2.921376237601803,3,HYD500,500,641.0984821868343,0.0,0.0,14,0.0,0.0
Mod-Nom-Real,CH,HYD500,2040-Hlow,3846.5090033130023,11237.1,1.977807841932102,402.60850977111386,0.10466854735666724,2.921376237601803,3,HYD500,500,641.0984821868343,0.0,0.0,14,0.0,0.0
Mod-Nom-Real,CH,HYD500,2045-Hhigh,3846.5090033130023,11237.1,1.977807841932102,308.51219317264287,0.0802057639555558,2.921376237601803,3,HYD500,500,641.0984821868343,0.0,0.0,14,0.0,0.0
Mod-Nom-Real,CH,HYD500,2045-Hlow,3846.5090033130023,11237.1,1.977807841932102,439.46106461753,0.11424932691929791,2.921376237601803,3,HYD500,500,641.0984821868343,0.0,0.0,14,0.0,0.0
Mod-Nom-Real,CH,HYD1000,2024-Hhigh,4103.227554739729,12056.8,2.1147041705703375,409.8375253922459,0.0998817442914745,2.9383698172120436,4,HYD1000,1000,985.0636284127856,0.0,0.0,14,0.0,0.0
Mod-Nom-Real,CH,HYD1000,2024-Hlow,4103.227554739729,12056.8,2.114561221262344,617.1914672891162,0.15041609539207365,2.9383698172120436,4,HYD1000,1000,985.0636284127856,0.0,0.0,14,0.0,0.0
Mod-Nom-Real,CH,HYD1000,2025-Hhigh,4103.227554739729,12056.8,2.114561221262344,325.38604683793295,0.07930002479683884,2.9383698172120436,4,HYD1000,1000,985.0636284127856,0.0,0.0,14,0.0,0.0
Mod-Nom-Real,CH,HYD1000,2025-Hlow,4103.227554739729,12056.8,2.114561221262344,515.9217970382088,0.12573560451022417,2.9383698172120436,4,HYD1000,1000,985.0636284127856,0.0,0.0,14,0.0,0.0
Mod-Nom-Real,CH,HYD1000,2030-Hhigh,4103.227554739729,12056.8,2.06638200932879,262.3945875000512,0.06394833920359923,2.9383698172120436,4,HYD1000,1000,985.0636284127856,0.0,0.0,14,0.0,0.0
Mod-Nom-Real,CH,HYD1000,2030-Hlow,4103.227554739729,12056.8,2.06638200932879,405.62332819089625,0.09885469981365078,2.9383698172120436,4,HYD1000,1000,985.0636284127856,0.0,0.0,14,0.0,0.0
Mod-Nom-Real,CH,HYD1000,2035-Hhigh,4103.227554739729,12056.8,2.06638200932879,266.66251929946617,0.06498847937191257,2.9383698172120436,4,HYD1000,1000,985.0636284127856,0.0,0.0,14,0.0,0.0
Mod-Nom-Real,CH,HYD1000,2035-Hlow,4103.227554739729,12056.8,2.06638200932879,378.73018301461906,0.09230055558998657,2.9383698172120436,4,HYD1000,1000,985.0636284127856,0.0,0.0,14,0.0,0.0
Mod-Nom-Real,CH,HYD1000,2040-Hhigh,4103.227554739729,12056.8,2.06638200932879,287.53793895713585,0.07007604017110734,2.9383698172120436,4,HYD1000,1000,985.0636284127856,0.0,0.0,14,0.0,0.0
Mod-Nom-Real,CH,HYD1000,2040-Hlow,4103.227554739729,12056.8,2.06638200932879,421.0428940626979,0.10261261127873395,2.9383698172120436,4,HYD1000,1000,985.0636284127856,0.0,0.0,14,0.0,0.0
Mod-Nom-Real,CH,HYD1000,2045-Hhigh,4103.227554739729,12056.8,2.06638200932879,326.2392811619441,0.0795079670356322,2.9383698172120436,4,HYD1000,1000,985.0636284127856,0.0,0.0,14,0.0,0.0
Mod-Nom-Real,CH,HYD1000,2045-Hlow,4103.227554739729,12056.8,2.06638200932879,460.90601578086347,0.1123276761115675,2.9383698172120436,4,HYD1000,1000,985.0636284127856,0.0,0.0,14,0.0,0.0
Mod-Nom-Real,CH,HYD200,2024-Hhigh,3893.7970333558014,11447.8,1.9596186329571545,388.4043908925344,0.09974952149927416,2.9400094308803535,4,HYD200,200,369.3520018520153,26.690453939116345,17.0,14,-513.3892771929239,115.0
Mod-Nom-Real,CH,HYD200,2024-Hlow,3893.7970333558014,11447.8,1.959667066439218,590.6250775510802,0.1516835809600636,2.9400094308803535,4,HYD200,200,369.3520018520153,26.690453939116345,17.0,14,-513.3892771929239,115.0
Mod-Nom-Real,CH,HYD200,2025-Hhigh,3893.7970333558014,11447.8,1.959667066439218,306.4246484904311,0.07869558835899167,2.9400094308803535,4,HYD200,200,369.3520018520153,26.690453939116345,17.0,14,-513.3892771929239,115.0
Mod-Nom-Real,CH,HYD200,2025-Hlow,3893.7970333558014,11447.8,1.959667066439218,491.9834693227614,0.12635056863730618,2.9400094308803535,4,HYD200,200,369.3520018520153,26.690453939116345,17.0,14,-513.3892771929239,115.0
Mod-Nom-Real,CH,HYD200,2030-Hhigh,3893.7970333558014,11447.8,1.9117548185172124,246.7282560728224,0.06336443681045797,2.9400094308803535,4,HYD200,200,369.3520018520153,26.690453939116345,17.0,14,-513.3892771929239,115.0
Mod-Nom-Real,CH,HYD200,2030-Hlow,3893.7970333558014,11447.8,1.9117548185172124,386.2548797283993,0.09919748677693975,2.9400094308803535,4,HYD200,200,369.3520018520153,26.690453939116345,17.0,14,-513.3892771929239,115.0
Mod-Nom-Real,CH,HYD200,2035-Hhigh,3893.7970333558014,11447.8,1.9117548185172124,251.72619367967997,0.06464800078773857,2.9400094308803535,4,HYD200,200,369.3520018520153,26.690453939116345,17.0,14,-513.3892771929239,115.0
Mod-Nom-Real,CH,HYD200,2035-Hlow,3893.7970333558014,11447.8,1.9117548185172124,360.7790862303549,0.09265482590381031,2.9400094308803535,4,HYD200,200,369.3520018520153,26.690453939116345,17.0,14,-513.3892771929239,115.0
Mod-Nom-Real,CH,HYD200,2040-Hhigh,3893.7970333558014,11447.8,1.9117548185172124,271.28833367112213,0.069671924691287,2.9400094308803535,4,HYD200,200,369.3520018520153,26.690453939116345,17.0,14,-513.3892771929239,115.0
Mod-Nom-Real,CH,HYD200,2040-Hlow,3893.7970333558014,11447.8,1.9117548185172124,400.6322995403013,0.10288987744053606,2.9400094308803535,4,HYD200,200,369.3520018520153,26.690453939116345,17.0,14,-513.3892771929239,115.0
Mod-Nom-Real,CH,HYD200,2045-Hhigh,3893.7970333558014,11447.8,1.9117548185172124,307.2487160403241,0.07890722433868802,2.9400094308803535,4,HYD200,200,369.3520018520153,26.690453939116345,17.0,14,-513.3892771929239,115.0
Mod-Nom-Real,CH,HYD200,2045-Hlow,3893.7970333558014,11447.8,1.9117548185172124,437.49101736818454,0.11235588645747682,2.9400094308803535,4,HYD200,200,369.3520018520153,26.690453939116345,17.0,14,-513.3892771929239,115.0
Mod-Nom-Real,CH,HYD500,2024-Hhigh,3984.8168372371224,11714.266666666666,2.0225697023010776,397.8043889455009,0.09983003113922773,2.939725248397808,4,HYD500,500,638.9079775950355,0.0,0.0,14,0.0,0.0
Mod-Nom-Real,CH,HYD500,2024-Hlow,3984.8168372371224,11714.266666666666,2.019698960450225,602.296780456461,0.15114792098551363,2.939725248397808,4,HYD500,500,638.9079775950355,0.0,0.0,14,0.0,0.0
Mod-Nom-Real,CH,HYD500,2025-Hhigh,3984.8168372371224,11714.266666666666,2.019698960450225,314.96264586258644,0.07904068335571633,2.939725248397808,4,HYD500,500,638.9079775950355,0.0,0.0,14,0.0,0.0
Mod-Nom-Real,CH,HYD500,2025-Hlow,3984.8168372371224,11714.266666666666,2.019698960450225,502.63870715482057,0.12613847202656514,2.939725248397808,4,HYD500,500,638.9079775950355,0.0,0.0,14,0.0,0.0
Mod-Nom-Real,CH,HYD500,2030-Hhigh,3984.8168372371224,11714.266666666666,1.9717867125282198,253.80938348190105,0.0636941154007671,2.939725248397808,4,HYD500,500,638.9079775950355,0.0,0.0,14,0.0,0.0
Mod-Nom-Real,CH,HYD500,2030-Hlow,3984.8168372371224,11714.266666666666,1.9717867125282198,394.8982324820513,0.099100723725072,2.939725248397808,4,HYD500,500,638.9079775950355,0.0,0.0,14,0.0,0.0
Mod-Nom-Real,CH,HYD500,2035-Hhigh,3984.8168372371224,11714.266666666666,1.9717867125282198,258.3553130282116,0.06483492807346762,2.939725248397808,4,HYD500,500,638.9079775950355,0.0,0.0,14,0.0,0.0
Mod-Nom-Real,CH,HYD500,2035-Hlow,3984.8168372371224,11714.266666666666,1.9717867125282198,368.67626646667844,0.09252025413602212,2.939725248397808,4,HYD500,500,638.9079775950355,0.0,0.0,14,0.0,0.0
Mod-Nom-Real,CH,HYD500,2040-Hhigh,3984.8168372371224,11714.266666666666,1.9717867125282198,278.51736035484157,0.0698946455335578,2.939725248397808,4,HYD500,500,638.9079775950355,0.0,0.0,14,0.0,0.0
Mod-Nom-Real,CH,HYD500,2040-Hlow,3984.8168372371224,11714.266666666666,1.9717867125282198,409.63286170292724,0.10279841669885803,2.939725248397808,4,HYD500,500,638.9079775950355,0.0,0.0,14,0.0,0.0
Mod-Nom-Real,CH,HYD500,2045-Hhigh,3984.8168372371224,11714.266666666666,1.9717867125282198,315.746700328487,0.07923744383378242,2.939725248397808,4,HYD500,500,638.9079775950355,0.0,0.0,14,0.0,0.0
Mod-Nom-Real,CH,HYD500,2045-Hlow,3984.8168372371224,11714.266666666666,1.9717867125282198,447.9840130148693,0.11242273643008384,2.939725248397808,4,HYD500,500,638.9079775950355,0.0,0.0,14,0.0,0.0
Mod-Nom-Real,CH,HYD1000,2024-Hhigh,4248.825945979613,12532.8,2.2061751824698757,422.84930910128276,0.09952144768401198,2.949708968864439,5,HYD1000,1000,982.2784022313972,0.0,0.0,14,0.0,0.0
Mod-Nom-Real,CH,HYD1000,2024-Hlow,4248.825945979613,12532.8,2.208951408494798,634.0950619714994,0.14924006538123838,2.949708968864439,5,HYD1000,1000,982.2784022313972,0.0,0.0,14,0.0,0.0
Mod-Nom-Real,CH,HYD1000,2025-Hhigh,4248.825945979613,12532.8,2.208951408494798,335.6417845511209,0.07899636012831189,2.949708968864439,5,HYD1000,1000,982.2784022313972,0.0,0.0,14,0.0,0.0
Mod-Nom-Real,CH,HYD1000,2025-Hlow,4248.825945979613,12532.8,2.208951408494798,528.4629940948937,0.12437859324290368,2.949708968864439,5,HYD1000,1000,982.2784022313972,0.0,0.0,14,0.0,0.0
Mod-Nom-Real,CH,HYD1000,2030-Hhigh,4248.825945979613,12532.8,2.1573946744267225,270.6472019986352,0.06369929139006765,2.949708968864439,5,HYD1000,1000,982.2784022313972,0.0,0.0,14,0.0,0.0
Mod-Nom-Real,CH,HYD1000,2030-Hlow,4248.825945979613,12532.8,2.1573946744267225,415.1083455749177,0.09769954120330762,2.949708968864439,5,HYD1000,1000,982.2784022313972,0.0,0.0,14,0.0,0.0
Mod-Nom-Real,CH,HYD1000,2035-Hhigh,4248.825945979613,12532.8,2.1573946744267225,274.688175885237,0.06465037150913573,2.949708968864439,5,HYD1000,1000,982.2784022313972,0.0,0.0,14,0.0,0.0
Mod-Nom-Real,CH,HYD1000,2035-Hlow,4248.825945979613,12532.8,2.1573946744267225,388.11746839626585,0.09134699169390927,2.949708968864439,5,HYD1000,1000,982.2784022313972,0.0,0.0,14,0.0,0.0
Mod-Nom-Real,CH,HYD1000,2040-Hhigh,4248.825945979613,12532.8,2.1573946744267225,295.99469423359324,0.06966505524041854,2.949708968864439,5,HYD1000,1000,982.2784022313972,0.0,0.0,14,0.0,0.0
Mod-Nom-Real,CH,HYD1000,2040-Hlow,4248.825945979613,12532.8,2.1573946744267225,431.8088466783004,0.10163015669938022,2.949708968864439,5,HYD1000,1000,982.2784022313972,0.0,0.0,14,0.0,0.0
Mod-Nom-Real,CH,HYD1000,2045-Hhigh,4248.825945979613,12532.8,2.1573946744267225,335.2511487803812,0.0789044204311564,2.949708968864439,5,HYD1000,1000,982.2784022313972,0.0,0.0,14,0.0,0.0
Mod-Nom-Real,CH,HYD1000,2045-Hlow,4248.825945979613,12532.8,2.1573946744267225,471.9595185918043,0.11107998411617422,2.949708968864439,5,HYD1000,1000,982.2784022313972,0.0,0.0,14,0.0,0.0
Mod-Nom-Real,CH,HYD200,2024-Hhigh,4039.2796426251252,11926.366666666665,2.0670889798882195,401.06870238370215,0.09929213569453385,2.9525974237613632,5,HYD200,200,368.40524558176855,65.07152986193043,17.0,14,-622.2293333304136,158.0
Mod-Nom-Real,CH,HYD200,2024-Hlow,4039.2796426251252,11926.366666666665,2.070056588703198,607.3301024457768,0.15035604270544473,2.9525974237613632,5,HYD200,200,368.40524558176855,65.07152986193043,17.0,14,-622.2293333304136,158.0
Mod-Nom-Real,CH,HYD200,2025-Hhigh,4039.2796426251252,11926.366666666665,2.070056588703198,315.9364214650225,0.07821603093062791,2.9525974237613632,5,HYD200,200,368.40524558176855,65.07152986193043,17.0,14,-622.2293333304136,158.0
Mod-Nom-Real,CH,HYD200,2025-Hlow,4039.2796426251252,11926.366666666665,2.070056588703198,503.9354524933561,0.12475874340946812,2.9525974237613632,5,HYD200,200,368.40524558176855,65.07152986193043,17.0,14,-622.2293333304136,158.0
Mod-Nom-Real,CH,HYD200,2030-Hhigh,4039.2796426251252,11926.366666666665,2.0153892965121507,254.25703074117715,0.06294613229004756,2.9525974237613632,5,HYD200,200,368.40524558176855,65.07152986193043,17.0,14,-622.2293333304136,158.0
Mod-Nom-Real,CH,HYD200,2030-Hlow,4039.2796426251252,11926.366666666665,2.0153892965121507,395.18707384556143,0.09783602741322697,2.9525974237613632,5,HYD200,200,368.40524558176855,65.07152986193043,17.0,14,-622.2293333304136,158.0
Mod-Nom-Real,CH,HYD200,2035-Hhigh,4039.2796426251252,11926.366666666665,2.0153892965121507,259.35991372344176,0.0642094473941606,2.9525974237613632,5,HYD200,200,368.40524558176855,65.07152986193043,17.0,14,-622.2293333304136,158.0
Mod-Nom-Real,CH,HYD200,2035-Hlow,4039.2796426251252,11926.366666666665,2.0153892965121507,369.7499264811956,0.09153858093392497,2.9525974237613632,5,HYD200,200,368.40524558176855,65.07152986193043,17.0,14,-622.2293333304136,158.0
Mod-Nom-Real,CH,HYD200,2040-Hhigh,4039.2796426251252,11926.366666666665,2.0153892965121507,279.44979703205325,0.06918307761688888,2.9525974237613632,5,HYD200,200,368.40524558176855,65.07152986193043,17.0,14,-622.2293333304136,158.0
Mod-Nom-Real,CH,HYD200,2040-Hlow,4039.2796426251252,11926.366666666665,2.0153892965121507,411.2257360396749,0.1018067012989523,2.9525974237613632,5,HYD200,200,368.40524558176855,65.07152986193043,17.0,14,-622.2293333304136,158.0
Mod-Nom-Real,CH,HYD200,2045-Hhigh,4039.2796426251252,11926.366666666665,2.0153892965121507,315.76560735757437,0.0781737426707002,2.9525974237613632,5,HYD200,200,368.40524558176855,65.07152986193043,17.0,14,-622.2293333304136,158.0
Mod-Nom-Real,CH,HYD200,2045-Hlow,4039.2796426251252,11926.366666666665,2.0153892965121507,448.1059426568029,0.11093709331933728,2.9525974237613632,5,HYD200,200,368.40524558176855,65.07152986193043,17.0,14,-622.2293333304136,158.0
Mod-Nom-Real,CH,HYD500,2024-Hhigh,4129.837917126445,12192.133333333333,2.1456393063138823,410.4804690409744,0.09939384481379068,2.952206255546382,5,HYD500,500,637.3679076132009,0.0,0.0,14,0.0,0.0
Mod-Nom-Real,CH,HYD500,2024-Hlow,4129.837917126445,12192.133333333333,2.1515260904617763,618.8573796661324,0.1498502827676916,2.952206255546382,5,HYD500,500,637.3679076132009,0.0,0.0,14,0.0,0.0
Mod-Nom-Real,CH,HYD500,2025-Hhigh,4129.837917126445,12192.133333333333,2.1515260904617763,324.49404502488903,0.07857307030845247,2.952206255546382,5,HYD500,500,637.3679076132009,0.0,0.0,14,0.0,0.0
Mod-Nom-Real,CH,HYD500,2025-Hlow,4129.837917126445,12192.133333333333,2.1515260904617763,514.6573980513867,0.12461927280901307,2.952206255546382,5,HYD500,500,637.3679076132009,0.0,0.0,14,0.0,0.0
Mod-Nom-Real,CH,HYD500,2030-Hhigh,4129.837917126445,12192.133333333333,2.093481276136208,261.4121515285171,0.06329840462853044,2.952206255546382,5,HYD500,500,637.3679076132009,0.0,0.0,14,0.0,0.0
Mod-Nom-Real,CH,HYD500,2030-Hlow,4129.837917126445,12192.133333333333,2.093481276136208,403.8956180509862,0.09779938732608133,2.952206255546382,5,HYD500,500,637.3679076132009,0.0,0.0,14,0.0,0.0
Mod-Nom-Real,CH,HYD500,2035-Hhigh,4129.837917126445,12192.133333333333,2.093481276136208,266.03740031374844,0.0644183635417,2.952206255546382,5,HYD500,500,637.3679076132009,0.0,0.0,14,0.0,0.0
Mod-Nom-Real,CH,HYD500,2035-Hlow,4129.837917126445,12192.133333333333,2.093481276136208,377.7276594255653,0.091463071192002,2.952206255546382,5,HYD500,500,637.3679076132009,0.0,0.0,14,0.0,0.0
Mod-Nom-Real,CH,HYD500,2040-Hhigh,4129.837917126445,12192.133333333333,2.093481276136208,286.60323786672615,0.06939818065938666,2.952206255546382,5,HYD500,500,637.3679076132009,0.0,0.0,14,0.0,0.0
Mod-Nom-Real,CH,HYD500,2040-Hlow,4129.837917126445,12192.133333333333,2.093481276136208,420.1228337498841,0.10172864944835582,2.952206255546382,5,HYD500,500,637.3679076132009,0.0,0.0,14,0.0,0.0
Mod-Nom-Real,CH,HYD500,2045-Hhigh,4129.837917126445,12192.133333333333,2.093481276136208,324.27335730653795,0.0785196329283955,2.952206255546382,5,HYD500,500,637.3679076132009,0.0,0.0,14,0.0,0.0
Mod-Nom-Real,CH,HYD500,2045-Hlow,4129.837917126445,12192.133333333333,2.093481276136208,458.4051979814787,0.11099835082642627,2.952206255546382,5,HYD500,500,637.3679076132009,0.0,0.0,14,0.0,0.0
Mod-H1-Ideal,AK,HYD1000,2024-Hhigh,1456.4387268468633,4806.848133330027,0.709405830697405,129.3758513024362,0.08883027409091915,3.3004121936091866,3,HYD1000,1000,876.100433354256,0.0,0.0,5,0.0,0.0
Mod-H1-Ideal,AK,HYD1000,2024-Hlow,1456.4387268468633,4806.848133330027,0.7274762552094008,208.2846992661059,0.14300958593502566,3.3004121936091866,3,HYD1000,1000,876.100433354256,0.0,0.0,5,0.0,0.0
Mod-H1-Ideal,AK,HYD1000,2025-Hhigh,1456.4387268468633,4806.848133330027,0.7274762552094008,101.10456946854973,0.06941903397984853,3.3004121936091866,3,HYD1000,1000,876.100433354256,0.0,0.0,5,0.0,0.0
Mod-H1-Ideal,AK,HYD1000,2025-Hlow,1456.4387268468633,4806.848133330027,0.7274762552094008,174.0368996593312,0.11949483109125691,3.3004121936091866,3,HYD1000,1000,876.100433354256,0.0,0.0,5,0.0,0.0
Mod-H1-Ideal,AK,HYD1000,2030-Hhigh,1456.4387268468633,4806.848133330027,0.72278310351794,82.01815880027308,0.056314184241612004,3.3004121936091866,3,HYD1000,1000,876.100433354256,0.0,0.0,5,0.0,0.0
Mod-H1-Ideal,AK,HYD1000,2030-Hlow,1456.4387268468633,4806.848133330027,0.72278310351794,136.68353982396215,0.09384777904105655,3.3004121936091866,3,HYD1000,1000,876.100433354256,0.0,0.0,5,0.0,0.0
Mod-H1-Ideal,AK,HYD1000,2035-Hhigh,1456.4387268468633,4806.848133330027,0.72278310351794,85.60073430585543,0.0587740031406456,3.3004121936091866,3,HYD1000,1000,876.100433354256,0.0,0.0,5,0.0,0.0
Mod-H1-Ideal,AK,HYD1000,2035-Hlow,1456.4387268468633,4806.848133330027,0.72278310351794,129.02371624526356,0.08858849594352328,3.3004121936091866,3,HYD1000,1000,876.100433354256,0.0,0.0,5,0.0,0.0
Mod-H1-Ideal,AK,HYD1000,2040-Hhigh,1456.4387268468633,4806.848133330027,0.72278310351794,93.7474793907684,0.06436760961014013,3.3004121936091866,3,HYD1000,1000,876.100433354256,0.0,0.0,5,0.0,0.0
Mod-H1-Ideal,AK,HYD1000,2040-Hlow,1456.4387268468633,4806.848133330027,0.72278310351794,145.0106910337272,0.0995652534917621,3.3004121936091866,3,HYD1000,1000,876.100433354256,0.0,0.0,5,0.0,0.0
Mod-H1-Ideal,AK,HYD1000,2045-Hhigh,1456.4387268468633,4806.848133330027,0.72278310351794,105.3864419612142,0.07235899459318279,3.3004121936091866,3,HYD1000,1000,876.100433354256,0.0,0.0,5,0.0,0.0
Mod-H1-Ideal,AK,HYD1000,2045-Hlow,1456.4387268468633,4806.848133330027,0.72278310351794,156.74366686079148,0.10762118856873285,3.3004121936091866,3,HYD1000,1000,876.100433354256,0.0,0.0,5,0.0,0.0
Mod-H1-Ideal,AK,HYD200,2024-Hhigh,1391.705638588127,4261.758333333333,0.6554936892070399,123.47761951081625,0.088723948575852,3.0622555626467456,3,HYD200,200,326.0503188622573,437.7886419279535,96.0,8.5,-1000.0417846416026,176.0
Mod-H1-Ideal,AK,HYD200,2024-Hlow,1391.705638588127,4261.758333333333,0.6838460786471152,206.17596792551115,0.14814624745982552,3.0622555626467456,3,HYD200,200,326.0503188622573,437.7886419279535,96.0,8.5,-1000.0417846416026,176.0
Mod-H1-Ideal,AK,HYD200,2025-Hhigh,1391.705638588127,4261.758333333333,0.6838460786471152,96.19588567873453,0.06912085645950562,3.0622555626467456,3,HYD200,200,326.0503188622573,437.7886419279535,96.0,8.5,-1000.0417846416026,176.0
Mod-H1-Ideal,AK,HYD200,2025-Hlow,1391.705638588127,4261.758333333333,0.6838460786471152,171.51118012567292,0.12323811542480312,3.0622555626467456,3,HYD200,200,326.0503188622573,437.7886419279535,96.0,8.5,-1000.0417846416026,176.0
Mod-H1-Ideal,AK,HYD200,2030-Hhigh,1391.705638588127,4261.758333333333,0.6761143843592657,78.05516346036556,0.056085971987260064,3.0622555626467456,3,HYD200,200,326.0503188622573,437.7886419279535,96.0,8.5,-1000.0417846416026,176.0
Mod-H1-Ideal,AK,HYD200,2030-Hlow,1391.705638588127,4261.758333333333,0.6761143843592657,134.1678782536141,0.09640535651614247,3.0622555626467456,3,HYD200,200,326.0503188622573,437.7886419279535,96.0,8.5,-1000.0417846416026,176.0
Mod-H1-Ideal,AK,HYD200,2035-Hhigh,1391.705638588127,4261.758333333333,0.6761143843592657,82.1418197941717,0.05902240927722607,3.0622555626467456,3,HYD200,200,326.0503188622573,437.7886419279535,96.0,8.5,-1000.0417846416026,176.0
Mod-H1-Ideal,AK,HYD200,2035-Hlow,1391.705638588127,4261.758333333333,0.6761143843592657,127.38306071184262,0.09153017504554455,3.0622555626467456,3,HYD200,200,326.0503188622573,437.7886419279535,96.0,8.5,-1000.0417846416026,176.0
Mod-H1-Ideal,AK,HYD200,2040-Hhigh,1391.705638588127,4261.758333333333,0.6761143843592657,90.26559546045627,0.06485968940388136,3.0622555626467456,3,HYD200,200,326.0503188622573,437.7886419279535,96.0,8.5,-1000.0417846416026,176.0
Mod-H1-Ideal,AK,HYD200,2040-Hlow,1391.705638588127,4261.758333333333,0.6761143843592657,143.14368795259796,0.10285485952174195,3.0622555626467456,3,HYD200,200,326.0503188622573,437.7886419279535,96.0,8.5,-1000.0417846416026,176.0
Mod-H1-Ideal,AK,HYD200,2045-Hhigh,1391.705638588127,4261.758333333333,0.6761143843592657,101.34278873792161,0.0728191263496877,3.0622555626467456,3,HYD200,200,326.0503188622573,437.7886419279535,96.0,8.5,-1000.0417846416026,176.0
Mod-H1-Ideal,AK,HYD200,2045-Hlow,1391.705638588127,4261.758333333333,0.6761143843592657,153.94509820943125,0.11061613457685433,3.0622555626467456,3,HYD200,200,326.0503188622573,437.7886419279535,96.0,8.5,-1000.0417846416026,176.0
Mod-H1-Ideal,AK,HYD500,2024-Hhigh,1395.0773867800785,4499.6,0.6754702724739496,124.09592969953553,0.08895272110026549,3.2253407894348745,3,HYD500,500,565.6551714701208,0.0,0.0,6,0.0,0.0
Mod-H1-Ideal,AK,HYD500,2024-Hlow,1395.0773867800785,4499.6,0.6976133856880494,204.76568153494918,0.14677729241068163,3.2253407894348745,3,HYD500,500,565.6551714701208,0.0,0.0,6,0.0,0.0
Mod-H1-Ideal,AK,HYD500,2025-Hhigh,1395.0773867800785,4499.6,0.6976133856880494,97.09541667471233,0.06959858828965346,3.2253407894348745,3,HYD500,500,565.6551714701208,0.0,0.0,6,0.0,0.0
Mod-H1-Ideal,AK,HYD500,2025-Hlow,1395.0773867800785,4499.6,0.6976133856880494,171.0096021815316,0.12258072835388144,3.2253407894348745,3,HYD500,500,565.6551714701208,0.0,0.0,6,0.0,0.0
Mod-H1-Ideal,AK,HYD500,2030-Hhigh,1395.0773867800785,4499.6,0.6914391129393457,78.85419589855404,0.05652316971501789,3.2253407894348745,3,HYD500,500,565.6551714701208,0.0,0.0,6,0.0,0.0
Mod-H1-Ideal,AK,HYD500,2030-Hlow,1395.0773867800785,4499.6,0.6914391129393457,134.00867003737957,0.09605823397846018,3.2253407894348745,3,HYD500,500,565.6551714701208,0.0,0.0,6,0.0,0.0
Mod-H1-Ideal,AK,HYD500,2035-Hhigh,1395.0773867800785,4499.6,0.6914391129393457,82.65411378990221,0.05924697409128881,3.2253407894348745,3,HYD500,500,565.6551714701208,0.0,0.0,6,0.0,0.0
Mod-H1-Ideal,AK,HYD500,2035-Hlow,1395.0773867800785,4499.6,0.6914391129393457,126.92971146639023,0.0909839931957836,3.2253407894348745,3,HYD500,500,565.6551714701208,0.0,0.0,6,0.0,0.0
Mod-H1-Ideal,AK,HYD500,2040-Hhigh,1395.0773867800785,4499.6,0.6914391129393457,90.84325130034266,0.06511699792512175,3.2253407894348745,3,HYD500,500,565.6551714701208,0.0,0.0,6,0.0,0.0
Mod-H1-Ideal,AK,HYD500,2040-Hlow,1395.0773867800785,4499.6,0.6914391129393457,142.74132234447154,0.10231785254144718,3.2253407894348745,3,HYD500,500,565.6551714701208,0.0,0.0,6,0.0,0.0
Mod-H1-Ideal,AK,HYD500,2045-Hhigh,1395.0773867800785,4499.6,0.6914391129393457,102.19900543248274,0.07325687191329515,3.2253407894348745,3,HYD500,500,565.6551714701208,0.0,0.0,6,0.0,0.0
Mod-H1-Ideal,AK,HYD500,2045-Hlow,1395.0773867800785,4499.6,0.6914391129393457,153.8961081199533,0.11031367118289737,3.2253407894348745,3,HYD500,500,565.6551714701208,0.0,0.0,6,0.0,0.0
Mod-H1-Ideal,AK,HYD1000,2024-Hhigh,1594.2718366654121,5277.732155551999,0.7308892310724063,142.20931103573903,0.0892001650942946,3.3104342899206785,4,HYD1000,1000,867.7591510995517,0.0,0.0,5,0.0,0.0
Mod-H1-Ideal,AK,HYD1000,2024-Hlow,1594.2718366654121,5277.732155551999,0.73181213030667,221.6016541289004,0.1389986632344981,3.3104342899206785,4,HYD1000,1000,867.7591510995517,0.0,0.0,5,0.0,0.0
Mod-H1-Ideal,AK,HYD1000,2025-Hhigh,1594.2718366654121,5277.732155551999,0.73181213030667,109.52432208623162,0.06869864948208161,3.3104342899206785,4,HYD1000,1000,867.7591510995517,0.0,0.0,5,0.0,0.0
Mod-H1-Ideal,AK,HYD1000,2025-Hlow,1594.2718366654121,5277.732155551999,0.73181213030667,183.87288380863993,0.11533345793351621,3.3104342899206785,4,HYD1000,1000,867.7591510995517,0.0,0.0,5,0.0,0.0
Mod-H1-Ideal,AK,HYD1000,2030-Hhigh,1594.2718366654121,5277.732155551999,0.7289079673892489,88.41133574957344,0.05545562163005719,3.3104342899206785,4,HYD1000,1000,867.7591510995517,0.0,0.0,5,0.0,0.0
Mod-H1-Ideal,AK,HYD1000,2030-Hlow,1594.2718366654121,5277.732155551999,0.7289079673892489,144.24834929189606,0.09047914287541246,3.3104342899206785,4,HYD1000,1000,867.7591510995517,0.0,0.0,5,0.0,0.0
Mod-H1-Ideal,AK,HYD1000,2035-Hhigh,1594.2718366654121,5277.732155551999,0.7289079673892489,92.12441100751805,0.05778463176029377,3.3104342899206785,4,HYD1000,1000,867.7591510995517,0.0,0.0,5,0.0,0.0
Mod-H1-Ideal,AK,HYD1000,2035-Hlow,1594.2718366654121,5277.732155551999,0.7289079673892489,136.35622550451146,0.08552884292914244,3.3104342899206785,4,HYD1000,1000,867.7591510995517,0.0,0.0,5,0.0,0.0
Mod-H1-Ideal,AK,HYD1000,2040-Hhigh,1594.2718366654121,5277.732155551999,0.7289079673892489,100.25045296627508,0.06288165585108715,3.3104342899206785,4,HYD1000,1000,867.7591510995517,0.0,0.0,5,0.0,0.0
Mod-H1-Ideal,AK,HYD1000,2040-Hlow,1594.2718366654121,5277.732155551999,0.7289079673892489,152.03746619549676,0.09536483220672026,3.3104342899206785,4,HYD1000,1000,867.7591510995517,0.0,0.0,5,0.0,0.0
Mod-H1-Ideal,AK,HYD1000,2045-Hhigh,1594.2718366654121,5277.732155551999,0.7289079673892489,112.5342508498914,0.07058661406530813,3.3104342899206785,4,HYD1000,1000,867.7591510995517,0.0,0.0,5,0.0,0.0
Mod-H1-Ideal,AK,HYD1000,2045-Hlow,1594.2718366654121,5277.732155551999,0.7289079673892489,164.77994307124985,0.10335749480208124,3.3104342899206785,4,HYD1000,1000,867.7591510995517,0.0,0.0,5,0.0,0.0
Mod-H1-Ideal,AK,HYD200,2024-Hhigh,1533.3306016583285,4738.466666666666,0.6730252188998577,136.57619733964805,0.08907159173105793,3.0903098532970756,4,HYD200,200,324.21114919309895,1081.6685679602508,166.0,8.5,-646.8441378100058,130.0
Mod-H1-Ideal,AK,HYD200,2024-Hlow,1533.3306016583285,4738.466666666666,0.6740792966789122,219.93605628701897,0.14343681398463815,3.0903098532970756,4,HYD200,200,324.21114919309895,1081.6685679602508,166.0,8.5,-646.8441378100058,130.0
Mod-H1-Ideal,AK,HYD200,2025-Hhigh,1533.3306016583285,4738.466666666666,0.6740792966789122,104.30724245622281,0.06802658366265721,3.0903098532970756,4,HYD200,200,324.21114919309895,1081.6685679602508,166.0,8.5,-646.8441378100058,130.0
Mod-H1-Ideal,AK,HYD200,2025-Hlow,1533.3306016583285,4738.466666666666,0.6740792966789122,181.493509762056,0.11836554332494703,3.0903098532970756,4,HYD200,200,324.21114919309895,1081.6685679602508,166.0,8.5,-646.8441378100058,130.0
Mod-H1-Ideal,AK,HYD200,2030-Hhigh,1533.3306016583285,4738.466666666666,0.6662923706176862,84.15095814564394,0.05488115743247604,3.0903098532970756,4,HYD200,200,324.21114919309895,1081.6685679602508,166.0,8.5,-646.8441378100058,130.0
Mod-H1-Ideal,AK,HYD200,2030-Hlow,1533.3306016583285,4738.466666666666,0.6662923706176862,141.74686614450403,0.09244377304620535,3.0903098532970756,4,HYD200,200,324.21114919309895,1081.6685679602508,166.0,8.5,-646.8441378100058,130.0
Mod-H1-Ideal,AK,HYD200,2035-Hhigh,1533.3306016583285,4738.466666666666,0.6662923706176862,88.61561309857426,0.05779289411085558,3.0903098532970756,4,HYD200,200,324.21114919309895,1081.6685679602508,166.0,8.5,-646.8441378100058,130.0
Mod-H1-Ideal,AK,HYD200,2035-Hlow,1533.3306016583285,4738.466666666666,0.6662923706176862,134.54965127564822,0.08774992889995804,3.0903098532970756,4,HYD200,200,324.21114919309895,1081.6685679602508,166.0,8.5,-646.8441378100058,130.0
Mod-H1-Ideal,AK,HYD200,2040-Hhigh,1533.3306016583285,4738.466666666666,0.6662923706176862,96.4664341852164,0.06291300394115006,3.0903098532970756,4,HYD200,200,324.21114919309895,1081.6685679602508,166.0,8.5,-646.8441378100058,130.0
Mod-H1-Ideal,AK,HYD200,2040-Hlow,1533.3306016583285,4738.466666666666,0.6662923706176862,149.68168137048247,0.09761866176061357,3.0903098532970756,4,HYD200,200,324.21114919309895,1081.6685679602508,166.0,8.5,-646.8441378100058,130.0
Mod-H1-Ideal,AK,HYD200,2045-Hhigh,1533.3306016583285,4738.466666666666,0.6662923706176862,108.06602550572065,0.07047796827953803,3.0903098532970756,4,HYD200,200,324.21114919309895,1081.6685679602508,166.0,8.5,-646.8441378100058,130.0
Mod-H1-Ideal,AK,HYD200,2045-Hlow,1533.3306016583285,4738.466666666666,0.6662923706176862,161.66035533394646,0.10543085435007131,3.0903098532970756,4,HYD200,200,324.21114919309895,1081.6685679602508,166.0,8.5,-646.8441378100058,130.0
Mod-H1-Ideal,AK,HYD500,2024-Hhigh,1528.6103447711398,4973.8,0.7052347856119808,136.48460850768015,0.0892867230517888,3.2538050112075267,4,HYD500,500,560.516451018305,0.0,0.0,6,0.0,0.0
Mod-H1-Ideal,AK,HYD500,2024-Hlow,1528.6103447711398,4973.8,0.7067965664534616,217.84923757180803,0.1425145644977458,3.2538050112075267,4,HYD500,500,560.516451018305,0.0,0.0,6,0.0,0.0
Mod-H1-Ideal,AK,HYD500,2025-Hhigh,1528.6103447711398,4973.8,0.7067965664534616,105.00567145360955,0.06869355019923719,3.2538050112075267,4,HYD500,500,560.516451018305,0.0,0.0,6,0.0,0.0
Mod-H1-Ideal,AK,HYD500,2025-Hlow,1528.6103447711398,4973.8,0.7067965664534616,180.62315383645014,0.11816167177875055,3.2538050112075267,4,HYD500,500,560.516451018305,0.0,0.0,6,0.0,0.0
Mod-H1-Ideal,AK,HYD500,2030-Hhigh,1528.6103447711398,4973.8,0.6995235334724362,84.82951596887948,0.05549453218019401,3.2538050112075267,4,HYD500,500,560.516451018305,0.0,0.0,6,0.0,0.0
Mod-H1-Ideal,AK,HYD500,2030-Hlow,1528.6103447711398,4973.8,0.6995235334724362,141.40600809082224,0.09250624828918926,3.2538050112075267,4,HYD500,500,560.516451018305,0.0,0.0,6,0.0,0.0
Mod-H1-Ideal,AK,HYD500,2035-Hhigh,1528.6103447711398,4973.8,0.6995235334724362,88.9715385047937,0.0582041975635814,3.2538050112075267,4,HYD500,500,560.516451018305,0.0,0.0,6,0.0,0.0
Mod-H1-Ideal,AK,HYD500,2035-Hlow,1528.6103447711398,4973.8,0.6995235334724362,134.02536064257632,0.08767791026734305,3.2538050112075267,4,HYD500,500,560.516451018305,0.0,0.0,6,0.0,0.0
Mod-H1-Ideal,AK,HYD500,2040-Hhigh,1528.6103447711398,4973.8,0.6995235334724362,97.04693535684835,0.06348703297005229,3.2538050112075267,4,HYD500,500,560.516451018305,0.0,0.0,6,0.0,0.0
Mod-H1-Ideal,AK,HYD500,2040-Hlow,1528.6103447711398,4973.8,0.6995235334724362,149.4604792456194,0.09777539433569403,3.2538050112075267,4,HYD500,500,560.516451018305,0.0,0.0,6,0.0,0.0
Mod-H1-Ideal,AK,HYD500,2045-Hhigh,1528.6103447711398,4973.8,0.6995235334724362,108.97321626001369,0.07128907417954765,3.2538050112075267,4,HYD500,500,560.516451018305,0.0,0.0,6,0.0,0.0
Mod-H1-Ideal,AK,HYD500,2045-Hlow,1528.6103447711398,4973.8,0.6995235334724362,161.72563607662724,0.10579912443340192,3.2538050112075267,4,HYD500,500,560.516451018305,0.0,0.0,6,0.0,0.0
Mod-H1-Ideal,AK,HYD1000,2024-Hhigh,1734.6270990451815,5750.801622217173,0.7907663245437782,154.50397667769377,0.08907042716139962,3.315295619088782,5,HYD1000,1000,862.5129576488948,0.0,0.0,5,0.0,0.0
Mod-H1-Ideal,AK,HYD1000,2024-Hlow,1734.6270990451815,5750.801622217173,0.7984739976428682,236.8753772967308,0.13655694496362814,3.315295619088782,5,HYD1000,1000,862.5129576488948,0.0,0.0,5,0.0,0.0
Mod-H1-Ideal,AK,HYD1000,2025-Hhigh,1734.6270990451815,5750.801622217173,0.7984739976428682,119.03683624913234,0.0686238767482969,3.315295619088782,5,HYD1000,1000,862.5129576488948,0.0,0.0,5,0.0,0.0
Mod-H1-Ideal,AK,HYD1000,2025-Hlow,1734.6270990451815,5750.801622217173,0.7984739976428682,195.0340751160423,0.1124357363166977,3.315295619088782,5,HYD1000,1000,862.5129576488948,0.0,0.0,5,0.0,0.0
Mod-H1-Ideal,AK,HYD1000,2030-Hhigh,1734.6270990451815,5750.801622217173,0.7930035367175453,96.01431459252389,0.05535155921717964,3.315295619088782,5,HYD1000,1000,862.5129576488948,0.0,0.0,5,0.0,0.0
Mod-H1-Ideal,AK,HYD1000,2030-Hlow,1734.6270990451815,5750.801622217173,0.7930035367175453,152.97021405442092,0.08818622408160391,3.315295619088782,5,HYD1000,1000,862.5129576488948,0.0,0.0,5,0.0,0.0
Mod-H1-Ideal,AK,HYD1000,2035-Hhigh,1734.6270990451815,5750.801622217173,0.7930035367175453,99.7291343669425,0.057493125999148756,3.315295619088782,5,HYD1000,1000,862.5129576488948,0.0,0.0,5,0.0,0.0
Mod-H1-Ideal,AK,HYD1000,2035-Hlow,1734.6270990451815,5750.801622217173,0.7930035367175453,145.08684285510742,0.0836415174967403,3.315295619088782,5,HYD1000,1000,862.5129576488948,0.0,0.0,5,0.0,0.0
Mod-H1-Ideal,AK,HYD1000,2040-Hhigh,1734.6270990451815,5750.801622217173,0.7930035367175453,108.17494223656699,0.06236207326411046,3.315295619088782,5,HYD1000,1000,862.5129576488948,0.0,0.0,5,0.0,0.0
Mod-H1-Ideal,AK,HYD1000,2040-Hlow,1734.6270990451815,5750.801622217173,0.7930035367175453,162.26914316457854,0.09354698958289014,3.315295619088782,5,HYD1000,1000,862.5129576488948,0.0,0.0,5,0.0,0.0
Mod-H1-Ideal,AK,HYD1000,2045-Hhigh,1734.6270990451815,5750.801622217173,0.7930035367175453,120.94989231773047,0.06972673976113186,3.315295619088782,5,HYD1000,1000,862.5129576488948,0.0,0.0,5,0.0,0.0
Mod-H1-Ideal,AK,HYD1000,2045-Hlow,1734.6270990451815,5750.801622217173,0.7930035367175453,175.25471640252783,0.10103307880927036,3.315295619088782,5,HYD1000,1000,862.5129576488948,0.0,0.0,5,0.0,0.0
Mod-H1-Ideal,AK,HYD200,2024-Hhigh,1681.1537787846055,5216.45,0.7806936255568955,149.20120204334748,0.08874928868863673,3.102898774537595,5,HYD200,200,323.0321681106048,1397.7345321755793,220.0,8.5,-1349.6369069159127,278.0
Mod-H1-Ideal,AK,HYD200,2024-Hlow,1681.1537787846055,5216.45,0.7897999958718859,236.5673336413525,0.14071724825338672,3.102898774537595,5,HYD200,200,323.0321681106048,1397.7345321755793,220.0,8.5,-1349.6369069159127,278.0
Mod-H1-Ideal,AK,HYD200,2025-Hhigh,1681.1537787846055,5216.45,0.7897999958718859,113.82286330532521,0.06770520623497854,3.102898774537595,5,HYD200,200,323.0321681106048,1397.7345321755793,220.0,8.5,-1349.6369069159127,278.0
Mod-H1-Ideal,AK,HYD200,2025-Hlow,1681.1537787846055,5216.45,0.7897999958718859,193.3562290415479,0.11501400495398778,3.102898774537595,5,HYD200,200,323.0321681106048,1397.7345321755793,220.0,8.5,-1349.6369069159127,278.0
Mod-H1-Ideal,AK,HYD200,2030-Hhigh,1681.1537787846055,5216.45,0.7754742310307703,91.69123591602929,0.0545406595596018,3.102898774537595,5,HYD200,200,323.0321681106048,1397.7345321755793,220.0,8.5,-1349.6369069159127,278.0
Mod-H1-Ideal,AK,HYD200,2030-Hlow,1681.1537787846055,5216.45,0.7754742310307703,150.73482332805705,0.08966153199681184,3.102898774537595,5,HYD200,200,323.0321681106048,1397.7345321755793,220.0,8.5,-1349.6369069159127,278.0
Mod-H1-Ideal,AK,HYD200,2035-Hhigh,1681.1537787846055,5216.45,0.7754742310307703,96.23242527921091,0.057241893331603726,3.102898774537595,5,HYD200,200,323.0321681106048,1397.7345321755793,220.0,8.5,-1349.6369069159127,278.0
Mod-H1-Ideal,AK,HYD200,2035-Hlow,1681.1537787846055,5216.45,0.7754742310307703,143.55352232918824,0.08538988172335468,3.102898774537595,5,HYD200,200,323.0321681106048,1397.7345321755793,220.0,8.5,-1349.6369069159127,278.0
Mod-H1-Ideal,AK,HYD200,2040-Hhigh,1681.1537787846055,5216.45,0.7754742310307703,104.60612299147337,0.062222816444013014,3.102898774537595,5,HYD200,200,323.0321681106048,1397.7345321755793,220.0,8.5,-1349.6369069159127,278.0
Mod-H1-Ideal,AK,HYD200,2040-Hlow,1681.1537787846055,5216.45,0.7754742310307703,160.27045081533925,0.09533360531194665,3.102898774537595,5,HYD200,200,323.0321681106048,1397.7345321755793,220.0,8.5,-1349.6369069159127,278.0
Mod-H1-Ideal,AK,HYD200,2045-Hhigh,1681.1537787846055,5216.45,0.7754742310307703,116.57428401333996,0.06934183266543151,3.102898774537595,5,HYD200,200,323.0321681106048,1397.7345321755793,220.0,8.5,-1349.6369069159127,278.0
Mod-H1-Ideal,AK,HYD200,2045-Hlow,1681.1537787846055,5216.45,0.7754742310307703,172.23256040749084,0.1024490219639555,3.102898774537595,5,HYD200,200,323.0321681106048,1397.7345321755793,220.0,8.5,-1349.6369069159127,278.0
Mod-H1-Ideal,AK,HYD500,2024-Hhigh,1668.6800604010562,5449.8,0.7735412113113568,148.53780977042754,0.08901515233227361,3.2659346326042735,5,HYD500,500,557.8658070968511,0.0,0.0,6,0.0,0.0
Mod-H1-Ideal,AK,HYD500,2024-Hlow,1668.6800604010562,5449.8,0.7793855146314719,233.56137332719368,0.1399677378964178,3.2659346326042735,5,HYD500,500,557.8658070968511,0.0,0.0,6,0.0,0.0
Mod-H1-Ideal,AK,HYD500,2025-Hhigh,1668.6800604010562,5449.8,0.7793855146314719,114.12926359442967,0.06839493459698887,3.2659346326042735,5,HYD500,500,557.8658070968511,0.0,0.0,6,0.0,0.0
Mod-H1-Ideal,AK,HYD500,2025-Hlow,1668.6800604010562,5449.8,0.7793855146314719,191.9664459618746,0.11504089400800818,3.2659346326042735,5,HYD500,500,557.8658070968511,0.0,0.0,6,0.0,0.0
Mod-H1-Ideal,AK,HYD500,2030-Hhigh,1668.6800604010562,5449.8,0.7688510583405845,92.09817134672669,0.055192228595691076,3.2659346326042735,5,HYD500,500,557.8658070968511,0.0,0.0,6,0.0,0.0
Mod-H1-Ideal,AK,HYD500,2030-Hlow,1668.6800604010562,5449.8,0.7688510583405845,150.069682543833,0.08993316700132724,3.2659346326042735,5,HYD500,500,557.8658070968511,0.0,0.0,6,0.0,0.0
Mod-H1-Ideal,AK,HYD500,2035-Hhigh,1668.6800604010562,5449.8,0.7688510583405845,96.32052105075726,0.05772258165990626,3.2659346326042735,5,HYD500,500,557.8658070968511,0.0,0.0,6,0.0,0.0
Mod-H1-Ideal,AK,HYD500,2035-Hlow,1668.6800604010562,5449.8,0.7688510583405845,142.7225315216914,0.08553019533737881,3.2659346326042735,5,HYD500,500,557.8658070968511,0.0,0.0,6,0.0,0.0
Mod-H1-Ideal,AK,HYD500,2040-Hhigh,1668.6800604010562,5449.8,0.7688510583405845,104.81551428627805,0.06281342767473733,3.2659346326042735,5,HYD500,500,557.8658070968511,0.0,0.0,6,0.0,0.0
Mod-H1-Ideal,AK,HYD500,2040-Hlow,1668.6800604010562,5449.8,0.7688510583405845,159.48587495952142,0.09557606562470103,3.2659346326042735,5,HYD500,500,557.8658070968511,0.0,0.0,6,0.0,0.0
Mod-H1-Ideal,AK,HYD500,2045-Hhigh,1668.6800604010562,5449.8,0.7688510583405845,117.12027940821207,0.07018737874776486,3.2659346326042735,5,HYD500,500,557.8658070968511,0.0,0.0,6,0.0,0.0
Mod-H1-Ideal,AK,HYD500,2045-Hlow,1668.6800604010562,5449.8,0.7688510583405845,171.743625852158,0.1029218421959693,3.2659346326042735,5,HYD500,500,557.8658070968511,0.0,0.0,6,0.0,0.0
Mod-H1-Ideal,CH,HYD1000,2024-Hhigh,4061.001338375248,11121.093899228623,1.7586475259037946,389.9262780341801,0.0960172739539614,2.7385102767974026,3,HYD1000,1000,989.9083118792829,0.0,0.0,8.5,0.0,0.0
Mod-H1-Ideal,CH,HYD1000,2024-Hlow,4061.001338375248,11121.093899228623,1.7841652120144191,625.2033831423872,0.15395301085828322,2.7385102767974026,3,HYD1000,1000,989.9083118792829,0.0,0.0,8.5,0.0,0.0
Mod-H1-Ideal,CH,HYD1000,2025-Hhigh,4061.001338375248,11121.093899228623,1.7841652120144191,305.63538827973247,0.0752610902615494,2.7385102767974026,3,HYD1000,1000,989.9083118792829,0.0,0.0,8.5,0.0,0.0
Mod-H1-Ideal,CH,HYD1000,2025-Hlow,4061.001338375248,11121.093899228623,1.7841652120144191,516.3895636594942,0.1271581860315502,2.7385102767974026,3,HYD1000,1000,989.9083118792829,0.0,0.0,8.5,0.0,0.0
Mod-H1-Ideal,CH,HYD1000,2030-Hhigh,4061.001338375248,11121.093899228623,1.7572062923897955,247.54448216587596,0.06095651331770188,2.7385102767974026,3,HYD1000,1000,989.9083118792829,0.0,0.0,8.5,0.0,0.0
Mod-H1-Ideal,CH,HYD1000,2030-Hlow,4061.001338375248,11121.093899228623,1.7572062923897955,403.7050728321869,0.099410228954444,2.7385102767974026,3,HYD1000,1000,989.9083118792829,0.0,0.0,8.5,0.0,0.0
Mod-H1-Ideal,CH,HYD1000,2035-Hhigh,4061.001338375248,11121.093899228623,1.7572062923897955,258.85764532785697,0.06374231962982373,2.7385102767974026,3,HYD1000,1000,989.9083118792829,0.0,0.0,8.5,0.0,0.0
Mod-H1-Ideal,CH,HYD1000,2035-Hlow,4061.001338375248,11121.093899228623,1.7572062923897955,382.03965941981,0.09407523602852565,2.7385102767974026,3,HYD1000,1000,989.9083118792829,0.0,0.0,8.5,0.0,0.0
Mod-H1-Ideal,CH,HYD1000,2040-Hhigh,4061.001338375248,11121.093899228623,1.7572062923897955,283.71709569665273,0.0698638271836089,2.7385102767974026,3,HYD1000,1000,989.9083118792829,0.0,0.0,8.5,0.0,0.0
Mod-H1-Ideal,CH,HYD1000,2040-Hlow,4061.001338375248,11121.093899228623,1.7572062923897955,422.1888864073586,0.10396176982701284,2.7385102767974026,3,HYD1000,1000,989.9083118792829,0.0,0.0,8.5,0.0,0.0
Mod-H1-Ideal,CH,HYD1000,2045-Hhigh,4061.001338375248,11121.093899228623,1.7572062923897955,315.95582468237995,0.07780244288439206,2.7385102767974026,3,HYD1000,1000,989.9083118792829,0.0,0.0,8.5,0.0,0.0
Mod-H1-Ideal,CH,HYD1000,2045-Hlow,4061.001338375248,11121.093899228623,1.7572062923897955,455.01590461259843,0.112045248622017,2.7385102767974026,3,HYD1000,1000,989.9083118792829,0.0,0.0,8.5,0.0,0.0
Mod-H1-Ideal,CH,HYD200,2024-Hhigh,3652.650684572037,10507.7824,1.5812431793586408,358.6236515957941,0.09818175417390407,2.8767553504041534,3,HYD200,200,370.4514428838455,204.91842418743096,50.0,11.2,-1325.4079978301681,209.0
Mod-H1-Ideal,CH,HYD200,2024-Hlow,3652.650684572037,10507.7824,1.6069762543086359,584.7646311849008,0.16009322590162076,2.8767553504041534,3,HYD200,200,370.4514428838455,204.91842418743096,50.0,11.2,-1325.4079978301681,209.0
Mod-H1-Ideal,CH,HYD200,2025-Hhigh,3652.650684572037,10507.7824,1.6069762543086359,281.36895968581206,0.07703144482834079,2.8767553504041534,3,HYD200,200,370.4514428838455,204.91842418743096,50.0,11.2,-1325.4079978301681,209.0
Mod-H1-Ideal,CH,HYD200,2025-Hlow,3652.650684572037,10507.7824,1.6069762543086359,484.2919703969134,0.13258644535664257,2.8767553504041534,3,HYD200,200,370.4514428838455,204.91842418743096,50.0,11.2,-1325.4079978301681,209.0
Mod-H1-Ideal,CH,HYD200,2030-Hhigh,3652.650684572037,10507.7824,1.5657649224202246,227.85197583238343,0.06237989764386126,2.8767553504041534,3,HYD200,200,370.4514428838455,204.91842418743096,50.0,11.2,-1325.4079978301681,209.0
Mod-H1-Ideal,CH,HYD200,2030-Hlow,3652.650684572037,10507.7824,1.5657649224202246,378.0087019964813,0.10348887277754312,2.8767553504041534,3,HYD200,200,370.4514428838455,204.91842418743096,50.0,11.2,-1325.4079978301681,209.0
Mod-H1-Ideal,CH,HYD200,2035-Hhigh,3652.650684572037,10507.7824,1.5657649224202246,238.65586237948185,0.06533771854711148,2.8767553504041534,3,HYD200,200,370.4514428838455,204.91842418743096,50.0,11.2,-1325.4079978301681,209.0
Mod-H1-Ideal,CH,HYD200,2035-Hlow,3652.650684572037,10507.7824,1.5657649224202246,354.8031105215102,0.0971357901865945,2.8767553504041534,3,HYD200,200,370.4514428838455,204.91842418743096,50.0,11.2,-1325.4079978301681,209.0
Mod-H1-Ideal,CH,HYD200,2040-Hhigh,3652.650684572037,10507.7824,1.5657649224202246,261.40378275695014,0.07156550278981236,2.8767553504041534,3,HYD200,200,370.4514428838455,204.91842418743096,50.0,11.2,-1325.4079978301681,209.0
Mod-H1-Ideal,CH,HYD200,2040-Hlow,3652.650684572037,10507.7824,1.5657649224202246,393.75610647903324,0.10780009929286948,2.8767553504041534,3,HYD200,200,370.4514428838455,204.91842418743096,50.0,11.2,-1325.4079978301681,209.0
Mod-H1-Ideal,CH,HYD200,2045-Hhigh,3652.650684572037,10507.7824,1.5657649224202246,291.0575969139752,0.0796839397053039,2.8767553504041534,3,HYD200,200,370.4514428838455,204.91842418743096,50.0,11.2,-1325.4079978301681,209.0
Mod-H1-Ideal,CH,HYD200,2045-Hlow,3652.650684572037,10507.7824,1.5657649224202246,424.29745582294953,0.11616152007501981,2.8767553504041534,3,HYD200,200,370.4514428838455,204.91842418743096,50.0,11.2,-1325.4079978301681,209.0
Mod-H1-Ideal,CH,HYD500,2024-Hhigh,3937.640371867837,10775.987061080468,1.668880718929701,378.16632341906194,0.09603881708467883,2.736661056725409,3,HYD500,500,641.1009503885581,0.0,0.0,8.5,0.0,0.0
Mod-H1-Ideal,CH,HYD500,2024-Hlow,3937.640371867837,10775.987061080468,1.6983527011551058,609.9948314919301,0.15491379960699062,2.736661056725409,3,HYD500,500,641.1009503885581,0.0,0.0,8.5,0.0,0.0
Mod-H1-Ideal,CH,HYD500,2025-Hhigh,3937.640371867837,10775.987061080468,1.6983527011551058,295.99181069219594,0.07516984354561332,2.736661056725409,3,HYD500,500,641.1009503885581,0.0,0.0,8.5,0.0,0.0
Mod-H1-Ideal,CH,HYD500,2025-Hlow,3937.640371867837,10775.987061080468,1.6983527011551058,503.4138741407878,0.12784658490841083,2.736661056725409,3,HYD500,500,641.1009503885581,0.0,0.0,8.5,0.0,0.0
Mod-H1-Ideal,CH,HYD500,2030-Hhigh,3937.640371867837,10775.987061080468,1.6657076049602824,239.78002516884249,0.06089434344536187,2.736661056725409,3,HYD500,500,641.1009503885581,0.0,0.0,8.5,0.0,0.0
Mod-H1-Ideal,CH,HYD500,2030-Hlow,3937.640371867837,10775.987061080468,1.6657076049602824,393.30750677924044,0.09988405990277707,2.736661056725409,3,HYD500,500,641.1009503885581,0.0,0.0,8.5,0.0,0.0
Mod-H1-Ideal,CH,HYD500,2035-Hhigh,3937.640371867837,10775.987061080468,1.6657076049602824,251.14181885548652,0.06377977548425945,2.736661056725409,3,HYD500,500,641.1009503885581,0.0,0.0,8.5,0.0,0.0
Mod-H1-Ideal,CH,HYD500,2035-Hlow,3937.640371867837,10775.987061080468,1.6657076049602824,372.31005053884513,0.09455156270714439,2.736661056725409,3,HYD500,500,641.1009503885581,0.0,0.0,8.5,0.0,0.0
Mod-H1-Ideal,CH,HYD500,2040-Hhigh,3937.640371867837,10775.987061080468,1.6657076049602824,275.29345459248253,0.06991330558252476,2.736661056725409,3,HYD500,500,641.1009503885581,0.0,0.0,8.5,0.0,0.0
Mod-H1-Ideal,CH,HYD500,2040-Hlow,3937.640371867837,10775.987061080468,1.6657076049602824,411.56262307720914,0.10452011463961666,2.736661056725409,3,HYD500,500,641.1009503885581,0.0,0.0,8.5,0.0,0.0
Mod-H1-Ideal,CH,HYD500,2045-Hhigh,3937.640371867837,10775.987061080468,1.6657076049602824,306.48231130800673,0.07783400269299491,2.736661056725409,3,HYD500,500,641.1009503885581,0.0,0.0,8.5,0.0,0.0
Mod-H1-Ideal,CH,HYD500,2045-Hlow,3937.640371867837,10775.987061080468,1.6657076049602824,443.028363029384,0.11251112879544954,2.736661056725409,3,HYD500,500,641.1009503885581,0.0,0.0,8.5,0.0,0.0
Mod-H1-Ideal,CH,HYD1000,2024-Hhigh,4217.796239209456,11595.676942839767,1.7923540632732673,404.94288878217503,0.09600816772933386,2.749226440823313,4,HYD1000,1000,985.0078228894689,0.0,0.0,8.5,0.0,0.0
Mod-H1-Ideal,CH,HYD1000,2024-Hlow,4217.796239209456,11595.676942839767,1.793788934742656,641.0433301258764,0.15198537192636588,2.749226440823313,4,HYD1000,1000,985.0078228894689,0.0,0.0,8.5,0.0,0.0
Mod-H1-Ideal,CH,HYD1000,2025-Hhigh,4217.796239209456,11595.676942839767,1.793788934742656,315.68753645478074,0.07484655932880016,2.749226440823313,4,HYD1000,1000,985.0078228894689,0.0,0.0,8.5,0.0,0.0
Mod-H1-Ideal,CH,HYD1000,2025-Hlow,4217.796239209456,11595.676942839767,1.793788934742656,528.1891381105219,0.12522869957547325,2.749226440823313,4,HYD1000,1000,985.0078228894689,0.0,0.0,8.5,0.0,0.0
Mod-H1-Ideal,CH,HYD1000,2030-Hhigh,4217.796239209456,11595.676942839767,1.764934622927966,255.2441437198363,0.06051599680113444,2.749226440823313,4,HYD1000,1000,985.0078228894689,0.0,0.0,8.5,0.0,0.0
Mod-H1-Ideal,CH,HYD1000,2030-Hlow,4217.796239209456,11595.676942839767,1.764934622927966,412.9030249102441,0.09789544148003573,2.749226440823313,4,HYD1000,1000,985.0078228894689,0.0,0.0,8.5,0.0,0.0
Mod-H1-Ideal,CH,HYD1000,2035-Hhigh,4217.796239209456,11595.676942839767,1.764934622927966,266.7506675668824,0.063244085877624,2.749226440823313,4,HYD1000,1000,985.0078228894689,0.0,0.0,8.5,0.0,0.0
Mod-H1-Ideal,CH,HYD1000,2035-Hlow,4217.796239209456,11595.676942839767,1.764934622927966,391.0942167777674,0.09272477725265135,2.749226440823313,4,HYD1000,1000,985.0078228894689,0.0,0.0,8.5,0.0,0.0
Mod-H1-Ideal,CH,HYD1000,2040-Hhigh,4217.796239209456,11595.676942839767,1.764934622927966,291.536650515903,0.06912061038077692,2.749226440823313,4,HYD1000,1000,985.0078228894689,0.0,0.0,8.5,0.0,0.0
Mod-H1-Ideal,CH,HYD1000,2040-Hlow,4217.796239209456,11595.676942839767,1.764934622927966,430.6828124105329,0.10211086263646914,2.749226440823313,4,HYD1000,1000,985.0078228894689,0.0,0.0,8.5,0.0,0.0
Mod-H1-Ideal,CH,HYD1000,2045-Hhigh,4217.796239209456,11595.676942839767,1.764934622927966,324.66589564801524,0.07697524423533261,2.749226440823313,4,HYD1000,1000,985.0078228894689,0.0,0.0,8.5,0.0,0.0
Mod-H1-Ideal,CH,HYD1000,2045-Hlow,4217.796239209456,11595.676942839767,1.764934622927966,464.8317010276942,0.1102072444151114,2.749226440823313,4,HYD1000,1000,985.0078228894689,0.0,0.0,8.5,0.0,0.0
Mod-H1-Ideal,CH,HYD200,2024-Hhigh,3787.2077007201033,10985.8006,1.6034475469685106,371.4964518607065,0.09809244203587508,2.900765278310759,4,HYD200,200,369.4872277381491,608.267438901266,105.0,11.2,-1340.8687389930565,236.0
Mod-H1-Ideal,CH,HYD200,2024-Hlow,3787.2077007201033,10985.8006,1.6004888244255622,598.6841773997776,0.15808062950599283,2.900765278310759,4,HYD200,200,369.4872277381491,608.267438901266,105.0,11.2,-1340.8687389930565,236.0
Mod-H1-Ideal,CH,HYD200,2025-Hhigh,3787.2077007201033,10985.8006,1.6004888244255622,289.53245440754483,0.07645011240141196,2.900765278310759,4,HYD200,200,369.4872277381491,608.267438901266,105.0,11.2,-1340.8687389930565,236.0
Mod-H1-Ideal,CH,HYD200,2025-Hlow,3787.2077007201033,10985.8006,1.6004888244255622,494.5242107110629,0.13057752565750053,2.900765278310759,4,HYD200,200,369.4872277381491,608.267438901266,105.0,11.2,-1340.8687389930565,236.0
Mod-H1-Ideal,CH,HYD200,2030-Hhigh,3787.2077007201033,10985.8006,1.5563337145220815,234.00484359172265,0.06178822554338088,2.900765278310759,4,HYD200,200,369.4872277381491,608.267438901266,105.0,11.2,-1340.8687389930565,236.0
Mod-H1-Ideal,CH,HYD200,2030-Hlow,3787.2077007201033,10985.8006,1.5563337145220815,385.89201571960416,0.10189354432455085,2.900765278310759,4,HYD200,200,369.4872277381491,608.267438901266,105.0,11.2,-1340.8687389930565,236.0
Mod-H1-Ideal,CH,HYD200,2035-Hhigh,3787.2077007201033,10985.8006,1.5563337145220815,245.25162787018564,0.06475790272172115,2.900765278310759,4,HYD200,200,369.4872277381491,608.267438901266,105.0,11.2,-1340.8687389930565,236.0
Mod-H1-Ideal,CH,HYD200,2035-Hlow,3787.2077007201033,10985.8006,1.5563337145220815,362.32380098575646,0.09567043310480802,2.900765278310759,4,HYD200,200,369.4872277381491,608.267438901266,105.0,11.2,-1340.8687389930565,236.0
Mod-H1-Ideal,CH,HYD200,2040-Hhigh,3787.2077007201033,10985.8006,1.5563337145220815,267.77517244781404,0.0707051721501567,2.900765278310759,4,HYD200,200,369.4872277381491,608.267438901266,105.0,11.2,-1340.8687389930565,236.0
Mod-H1-Ideal,CH,HYD200,2040-Hlow,3787.2077007201033,10985.8006,1.5563337145220815,400.6923954042251,0.10580153692865514,2.900765278310759,4,HYD200,200,369.4872277381491,608.267438901266,105.0,11.2,-1340.8687389930565,236.0
Mod-H1-Ideal,CH,HYD200,2045-Hhigh,3787.2077007201033,10985.8006,1.5563337145220815,298.03481927367596,0.07869513446991759,2.900765278310759,4,HYD200,200,369.4872277381491,608.267438901266,105.0,11.2,-1340.8687389930565,236.0
Mod-H1-Ideal,CH,HYD200,2045-Hlow,3787.2077007201033,10985.8006,1.5563337145220815,432.5500348380212,0.11421344405160977,2.900765278310759,4,HYD200,200,369.4872277381491,608.267438901266,105.0,11.2,-1340.8687389930565,236.0
Mod-H1-Ideal,CH,HYD500,2024-Hhigh,4094.096434484272,11252.83441571013,1.7072393090459406,392.94050618217886,0.09597734505530207,2.748551382651453,4,HYD500,500,638.5486694469961,0.0,0.0,8.5,0.0,0.0
Mod-H1-Ideal,CH,HYD500,2024-Hlow,4094.096434484272,11252.83441571013,1.709001203984623,625.6139322951697,0.15280879244212953,2.748551382651453,4,HYD500,500,638.5486694469961,0.0,0.0,8.5,0.0,0.0
Mod-H1-Ideal,CH,HYD500,2025-Hhigh,4094.096434484272,11252.83441571013,1.709001203984623,305.4657235110296,0.07461126732094397,2.748551382651453,4,HYD500,500,638.5486694469961,0.0,0.0,8.5,0.0,0.0
Mod-H1-Ideal,CH,HYD500,2025-Hlow,4094.096434484272,11252.83441571013,1.709001203984623,514.8196167914404,0.12574682229152023,2.748551382651453,4,HYD500,500,638.5486694469961,0.0,0.0,8.5,0.0,0.0
Mod-H1-Ideal,CH,HYD500,2030-Hhigh,4094.096434484272,11252.83441571013,1.6763561077897993,246.96633861794618,0.060322550425966265,2.748551382651453,4,HYD500,500,638.5486694469961,0.0,0.0,8.5,0.0,0.0
Mod-H1-Ideal,CH,HYD500,2030-Hlow,4094.096434484272,11252.83441571013,1.6763561077897993,402.15886910411564,0.0982289683547171,2.748551382651453,4,HYD500,500,638.5486694469961,0.0,0.0,8.5,0.0,0.0
Mod-H1-Ideal,CH,HYD500,2035-Hhigh,4094.096434484272,11252.83441571013,1.6763561077897993,258.7172942636793,0.06319276998082475,2.748551382651453,4,HYD500,500,638.5486694469961,0.0,0.0,8.5,0.0,0.0
Mod-H1-Ideal,CH,HYD500,2035-Hlow,4094.096434484272,11252.83441571013,1.6763561077897993,380.8991627562623,0.09303619708318954,2.748551382651453,4,HYD500,500,638.5486694469961,0.0,0.0,8.5,0.0,0.0
Mod-H1-Ideal,CH,HYD500,2040-Hhigh,4094.096434484272,11252.83441571013,1.6763561077897993,282.6624923519115,0.06904148372546046,2.748551382651453,4,HYD500,500,638.5486694469961,0.0,0.0,8.5,0.0,0.0
Mod-H1-Ideal,CH,HYD500,2040-Hlow,4094.096434484272,11252.83441571013,1.6763561077897993,419.44097984313146,0.10245019543511752,2.748551382651453,4,HYD500,500,638.5486694469961,0.0,0.0,8.5,0.0,0.0
Mod-H1-Ideal,CH,HYD500,2045-Hhigh,4094.096434484272,11252.83441571013,1.6763561077897993,314.5630421848603,0.07683332506174477,2.748551382651453,4,HYD500,500,638.5486694469961,0.0,0.0,8.5,0.0,0.0
Mod-H1-Ideal,CH,HYD500,2045-Hlow,4094.096434484272,11252.83441571013,1.6763561077897993,452.19642544050623,0.1104508486003625,2.748551382651453,4,HYD500,500,638.5486694469961,0.0,0.0,8.5,0.0,0.0
Mod-H1-Ideal,CH,HYD1000,2024-Hhigh,4379.2678423776815,12070.98012854964,1.86450976868615,419.3786131201475,0.09576454974091056,2.756392292734444,5,HYD1000,1000,981.8424491188609,0.0,0.0,8.5,0.0,0.0
Mod-H1-Ideal,CH,HYD1000,2024-Hlow,4379.2678423776815,12070.98012854964,1.8725451385079268,658.9507611236892,0.15047053179691292,2.756392292734444,5,HYD1000,1000,981.8424491188609,0.0,0.0,8.5,0.0,0.0
Mod-H1-Ideal,CH,HYD1000,2025-Hhigh,4379.2678423776815,12070.98012854964,1.8725451385079268,326.93643035111415,0.07465549998732371,2.756392292734444,5,HYD1000,1000,981.8424491188609,0.0,0.0,8.5,0.0,0.0
Mod-H1-Ideal,CH,HYD1000,2025-Hlow,4379.2678423776815,12070.98012854964,1.8725451385079268,541.4750905128726,0.12364511831705728,2.756392292734444,5,HYD1000,1000,981.8424491188609,0.0,0.0,8.5,0.0,0.0
Mod-H1-Ideal,CH,HYD1000,2030-Hhigh,4379.2678423776815,12070.98012854964,1.8389582778749907,264.39429042162266,0.06037408533524917,2.756392292734444,5,HYD1000,1000,981.8424491188609,0.0,0.0,8.5,0.0,0.0
Mod-H1-Ideal,CH,HYD1000,2030-Hlow,4379.2678423776815,12070.98012854964,1.8389582778749907,423.12069324881594,0.09661904877210858,2.756392292734444,5,HYD1000,1000,981.8424491188609,0.0,0.0,8.5,0.0,0.0
Mod-H1-Ideal,CH,HYD1000,2035-Hhigh,4379.2678423776815,12070.98012854964,1.8389582778749907,275.5764642028031,0.06292751987811311,2.756392292734444,5,HYD1000,1000,981.8424491188609,0.0,0.0,8.5,0.0,0.0
Mod-H1-Ideal,CH,HYD1000,2035-Hlow,4379.2678423776815,12070.98012854964,1.8389582778749907,401.14309707885997,0.09160049385357145,2.756392292734444,5,HYD1000,1000,981.8424491188609,0.0,0.0,8.5,0.0,0.0
Mod-H1-Ideal,CH,HYD1000,2040-Hhigh,4379.2678423776815,12070.98012854964,1.8389582778749907,300.94759354982256,0.06872098359401237,2.756392292734444,5,HYD1000,1000,981.8424491188609,0.0,0.0,8.5,0.0,0.0
Mod-H1-Ideal,CH,HYD1000,2040-Hlow,4379.2678423776815,12070.98012854964,1.8389582778749907,442.6228297083816,0.10107233575100621,2.756392292734444,5,HYD1000,1000,981.8424491188609,0.0,0.0,8.5,0.0,0.0
Mod-H1-Ideal,CH,HYD1000,2045-Hhigh,4379.2678423776815,12070.98012854964,1.8389582778749907,334.6888622890676,0.07642575753196029,2.756392292734444,5,HYD1000,1000,981.8424491188609,0.0,0.0,8.5,0.0,0.0
Mod-H1-Ideal,CH,HYD1000,2045-Hlow,4379.2678423776815,12070.98012854964,1.8389582778749907,477.159208648667,0.10895867204815633,2.756392292734444,5,HYD1000,1000,981.8424491188609,0.0,0.0,8.5,0.0,0.0
Mod-H1-Ideal,CH,HYD200,2024-Hhigh,3927.594697320117,11464.465666666667,1.6879256554412254,383.8668884907448,0.09773587095243445,2.918953341720601,5,HYD200,200,368.62985613881006,535.7301260037076,100.0,11.2,-1791.957390611499,328.0
Mod-H1-Ideal,CH,HYD200,2024-Hlow,3927.594697320117,11464.465666666667,1.6907052923968655,614.7661856118048,0.15652485375623737,2.918953341720601,5,HYD200,200,368.62985613881006,535.7301260037076,100.0,11.2,-1791.957390611499,328.0
Mod-H1-Ideal,CH,HYD200,2025-Hhigh,3927.594697320117,11464.465666666667,1.6907052923968655,298.77320702409514,0.07607027456981612,2.918953341720601,5,HYD200,200,368.62985613881006,535.7301260037076,100.0,11.2,-1791.957390611499,328.0
Mod-H1-Ideal,CH,HYD200,2025-Hlow,3927.594697320117,11464.465666666667,1.6907052923968655,506.06882380553003,0.12884955368506626,2.918953341720601,5,HYD200,200,368.62985613881006,535.7301260037076,100.0,11.2,-1791.957390611499,328.0
Mod-H1-Ideal,CH,HYD200,2030-Hhigh,3927.594697320117,11464.465666666667,1.6377188484481755,241.35272005009952,0.061450515811822363,2.918953341720601,5,HYD200,200,368.62985613881006,535.7301260037076,100.0,11.2,-1791.957390611499,328.0
Mod-H1-Ideal,CH,HYD200,2030-Hlow,3927.594697320117,11464.465666666667,1.6377188484481755,394.50784029164134,0.10044515045323352,2.918953341720601,5,HYD200,200,368.62985613881006,535.7301260037076,100.0,11.2,-1791.957390611499,328.0
Mod-H1-Ideal,CH,HYD200,2035-Hhigh,3927.594697320117,11464.465666666667,1.6377188484481755,252.5875560192584,0.06431100342191733,2.918953341720601,5,HYD200,200,368.62985613881006,535.7301260037076,100.0,11.2,-1791.957390611499,328.0
Mod-H1-Ideal,CH,HYD200,2035-Hlow,3927.594697320117,11464.465666666667,1.6377188484481755,370.78450325631474,0.09440498112223979,2.918953341720601,5,HYD200,200,368.62985613881006,535.7301260037076,100.0,11.2,-1791.957390611499,328.0
Mod-H1-Ideal,CH,HYD200,2040-Hhigh,3927.594697320117,11464.465666666667,1.6377188484481755,275.61259559835094,0.07017338010625368,2.918953341720601,5,HYD200,200,368.62985613881006,535.7301260037076,100.0,11.2,-1791.957390611499,328.0
Mod-H1-Ideal,CH,HYD200,2040-Hlow,3927.594697320117,11464.465666666667,1.6377188484481755,410.7936773738974,0.10459166717334424,2.918953341720601,5,HYD200,200,368.62985613881006,535.7301260037076,100.0,11.2,-1791.957390611499,328.0
Mod-H1-Ideal,CH,HYD200,2045-Hhigh,3927.594697320117,11464.465666666667,1.6377188484481755,306.23725355654597,0.0779706861722515,2.918953341720601,5,HYD200,200,368.62985613881006,535.7301260037076,100.0,11.2,-1791.957390611499,328.0
Mod-H1-Ideal,CH,HYD200,2045-Hlow,3927.594697320117,11464.465666666667,1.6377188484481755,442.6693778085389,0.112707499607987,2.918953341720601,5,HYD200,200,368.62985613881006,535.7301260037076,100.0,11.2,-1791.957390611499,328.0
Mod-H1-Ideal,CH,HYD500,2024-Hhigh,4255.337401849149,11729.827965370625,1.7808021264828549,406.9104796024733,0.0956235525356112,2.75649774804542,5,HYD500,500,636.7432464080225,0.0,0.0,8.5,0.0,0.0
Mod-H1-Ideal,CH,HYD500,2024-Hlow,4255.337401849149,11729.827965370625,1.7875961510531513,643.3871144256383,0.15119532334758123,2.75649774804542,5,HYD500,500,636.7432464080225,0.0,0.0,8.5,0.0,0.0
Mod-H1-Ideal,CH,HYD500,2025-Hhigh,4255.337401849149,11729.827965370625,1.7875961510531513,316.02662244798705,0.07426593771639783,2.75649774804542,5,HYD500,500,636.7432464080225,0.0,0.0,8.5,0.0,0.0
Mod-H1-Ideal,CH,HYD500,2025-Hlow,4255.337401849149,11729.827965370625,1.7875961510531513,527.6590157003061,0.12399933680253249,2.75649774804542,5,HYD500,500,636.7432464080225,0.0,0.0,8.5,0.0,0.0
Mod-H1-Ideal,CH,HYD500,2030-Hhigh,4255.337401849149,11729.827965370625,1.748323113850015,255.41420984443533,0.06002208185265065,2.75649774804542,5,HYD500,500,636.7432464080225,0.0,0.0,8.5,0.0,0.0
Mod-H1-Ideal,CH,HYD500,2030-Hlow,4255.337401849149,11729.827965370625,1.748323113850015,411.825800520086,0.09677864799654379,2.75649774804542,5,HYD500,500,636.7432464080225,0.0,0.0,8.5,0.0,0.0
Mod-H1-Ideal,CH,HYD500,2035-Hhigh,4255.337401849149,11729.827965370625,1.748323113850015,267.14039058004636,0.06277772250537901,2.75649774804542,5,HYD500,500,636.7432464080225,0.0,0.0,8.5,0.0,0.0
Mod-H1-Ideal,CH,HYD500,2035-Hlow,4255.337401849149,11729.827965370625,1.748323113850015,390.53956914654907,0.0917764050805562,2.75649774804542,5,HYD500,500,636.7432464080225,0.0,0.0,8.5,0.0,0.0
Mod-H1-Ideal,CH,HYD500,2040-Hhigh,4255.337401849149,11729.827965370625,1.748323113850015,291.6357237927865,0.06853410111876364,2.75649774804542,5,HYD500,500,636.7432464080225,0.0,0.0,8.5,0.0,0.0
Mod-H1-Ideal,CH,HYD500,2040-Hlow,4255.337401849149,11729.827965370625,1.748323113850015,430.83382314310103,0.10124551415262231,2.75649774804542,5,HYD500,500,636.7432464080225,0.0,0.0,8.5,0.0,0.0
Mod-H1-Ideal,CH,HYD500,2045-Hhigh,4255.337401849149,11729.827965370625,1.748323113850015,324.00086391460684,0.07613987642291606,2.75649774804542,5,HYD500,500,636.7432464080225,0.0,0.0,8.5,0.0,0.0
Mod-H1-Ideal,CH,HYD500,2045-Hlow,4255.337401849149,11729.827965370625,1.748323113850015,463.68358088611734,0.10896517410925502,2.75649774804542,5,HYD500,500,636.7432464080225,0.0,0.0,8.5,0.0,0.0
Mod-H1-Real,AK,HYD1000,2024-Hhigh,1430.150195507733,4729.227522218799,0.7303144505475476,127.71807337178103,0.08930395826463419,3.3068047937019824,3,HYD1000,1000,875.4210304050822,0.0,0.0,5,0.0,0.0
Mod-H1-Real,AK,HYD1000,2024-Hlow,1430.150195507733,4729.227522218799,0.7465958862855039,202.2678399683084,0.1414311871603801,3.3068047937019824,3,HYD1000,1000,875.4210304050822,0.0,0.0,5,0.0,0.0
Mod-H1-Real,AK,HYD1000,2025-Hhigh,1430.150195507733,4729.227522218799,0.7465958862855039,99.93232384123574,0.0698754048037295,3.3068047937019824,3,HYD1000,1000,875.4210304050822,0.0,0.0,5,0.0,0.0
Mod-H1-Real,AK,HYD1000,2025-Hlow,1430.150195507733,4729.227522218799,0.7465958862855039,169.52097003418532,0.11853368308214778,3.3068047937019824,3,HYD1000,1000,875.4210304050822,0.0,0.0,5,0.0,0.0
Mod-H1-Real,AK,HYD1000,2030-Hhigh,1430.150195507733,4729.227522218799,0.7428265252693522,80.91647620214788,0.056579005796954664,3.3068047937019824,3,HYD1000,1000,875.4210304050822,0.0,0.0,5,0.0,0.0
Mod-H1-Real,AK,HYD1000,2030-Hlow,1430.150195507733,4729.227522218799,0.7428265252693522,133.3098654153061,0.09321389168357826,3.3068047937019824,3,HYD1000,1000,875.4210304050822,0.0,0.0,5,0.0,0.0
Mod-H1-Real,AK,HYD1000,2035-Hhigh,1430.150195507733,4729.227522218799,0.7428265252693522,84.08610466689784,0.058795296417832196,3.3068047937019824,3,HYD1000,1000,875.4210304050822,0.0,0.0,5,0.0,0.0
Mod-H1-Real,AK,HYD1000,2035-Hlow,1430.150195507733,4729.227522218799,0.7428265252693522,125.7845639706186,0.08795199578738125,3.3068047937019824,3,HYD1000,1000,875.4210304050822,0.0,0.0,5,0.0,0.0
Mod-H1-Real,AK,HYD1000,2040-Hhigh,1430.150195507733,4729.227522218799,0.7428265252693522,91.5935706826873,0.06404472129598225,3.3068047937019824,3,HYD1000,1000,875.4210304050822,0.0,0.0,5,0.0,0.0
Mod-H1-Real,AK,HYD1000,2040-Hlow,1430.150195507733,4729.227522218799,0.7428265252693522,141.74749727191332,0.09911371387226221,3.3068047937019824,3,HYD1000,1000,875.4210304050822,0.0,0.0,5,0.0,0.0
Mod-H1-Real,AK,HYD1000,2045-Hhigh,1430.150195507733,4729.227522218799,0.7428265252693522,103.29776474356687,0.07222861281845577,3.3068047937019824,3,HYD1000,1000,875.4210304050822,0.0,0.0,5,0.0,0.0
Mod-H1-Real,AK,HYD1000,2045-Hlow,1430.150195507733,4729.227522218799,0.7428265252693522,153.3830729823141,0.10724962557366916,3.3068047937019824,3,HYD1000,1000,875.4210304050822,0.0,0.0,5,0.0,0.0
Mod-H1-Real,AK,HYD200,2024-Hhigh,1363.9730043665668,4184.266666666666,0.6817496957396043,121.66722594443317,0.08920061141601245,3.0677048983164097,3,HYD200,200,325.4811097979043,439.62594022261715,96.0,8.5,-945.2269675704079,165.0
Mod-H1-Real,AK,HYD200,2024-Hlow,1363.9730043665668,4184.266666666666,0.7117920266480285,199.92657161199884,0.14657663382776798,3.0677048983164097,3,HYD200,200,325.4811097979043,439.62594022261715,96.0,8.5,-945.2269675704079,165.0
Mod-H1-Real,AK,HYD200,2025-Hhigh,1363.9730043665668,4184.266666666666,0.7117920266480285,94.98788393901592,0.06964058939211086,3.0677048983164097,3,HYD200,200,325.4811097979043,439.62594022261715,96.0,8.5,-945.2269675704079,165.0
Mod-H1-Real,AK,HYD200,2025-Hlow,1363.9730043665668,4184.266666666666,0.7117920266480285,166.9335516740882,0.12238772405294975,3.0677048983164097,3,HYD200,200,325.4811097979043,439.62594022261715,96.0,8.5,-945.2269675704079,165.0
Mod-H1-Real,AK,HYD200,2030-Hhigh,1363.9730043665668,4184.266666666666,0.7023703908918301,76.99077272526935,0.0564459651905091,3.0677048983164097,3,HYD200,200,325.4811097979043,439.62594022261715,96.0,8.5,-945.2269675704079,165.0
Mod-H1-Real,AK,HYD200,2030-Hlow,1363.9730043665668,4184.266666666666,0.7023703908918301,130.80376212063928,0.09589908429410958,3.0677048983164097,3,HYD200,200,325.4811097979043,439.62594022261715,96.0,8.5,-945.2269675704079,165.0
Mod-H1-Real,AK,HYD200,2035-Hhigh,1363.9730043665668,4184.266666666666,0.7023703908918301,80.62364150723711,0.05910941143932608,3.0677048983164097,3,HYD200,200,325.4811097979043,439.62594022261715,96.0,8.5,-945.2269675704079,165.0
Mod-H1-Real,AK,HYD200,2035-Hlow,1363.9730043665668,4184.266666666666,0.7023703908918301,123.93156458409264,0.09086071658848324,3.0677048983164097,3,HYD200,200,325.4811097979043,439.62594022261715,96.0,8.5,-945.2269675704079,165.0
Mod-H1-Real,AK,HYD200,2040-Hhigh,1363.9730043665668,4184.266666666666,0.7023703908918301,88.17546487427407,0.06464604841297648,3.0677048983164097,3,HYD200,200,325.4811097979043,439.62594022261715,96.0,8.5,-945.2269675704079,165.0
Mod-H1-Real,AK,HYD200,2040-Hlow,1363.9730043665668,4184.266666666666,0.7023703908918301,139.7923232099091,0.10248906889094121,3.0677048983164097,3,HYD200,200,325.4811097979043,439.62594022261715,96.0,8.5,-945.2269675704079,165.0
Mod-H1-Real,AK,HYD200,2045-Hhigh,1363.9730043665668,4184.266666666666,0.7023703908918301,99.3680769546171,0.07285193815163808,3.0677048983164097,3,HYD200,200,325.4811097979043,439.62594022261715,96.0,8.5,-945.2269675704079,165.0
Mod-H1-Real,AK,HYD200,2045-Hlow,1363.9730043665668,4184.266666666666,0.7023703908918301,150.59514295769324,0.11040918146882979,3.0677048983164097,3,HYD200,200,325.4811097979043,439.62594022261715,96.0,8.5,-945.2269675704079,165.0
Mod-H1-Real,AK,HYD500,2024-Hhigh,1368.8451114638142,4422.2,0.6999586541516837,122.45024309955743,0.08945514877765222,3.2306065623969626,3,HYD500,500,565.1044901157969,0.0,0.0,6,0.0,0.0
Mod-H1-Real,AK,HYD500,2024-Hlow,1368.8451114638142,4422.2,0.7209681497463601,198.8032942403873,0.14523432386575222,3.2306065623969626,3,HYD500,500,565.1044901157969,0.0,0.0,6,0.0,0.0
Mod-H1-Real,AK,HYD500,2025-Hhigh,1368.8451114638142,4422.2,0.7209681497463601,95.99510771274672,0.07012853894776419,3.2306065623969626,3,HYD500,500,565.1044901157969,0.0,0.0,6,0.0,0.0
Mod-H1-Real,AK,HYD500,2025-Hlow,1368.8451114638142,4422.2,0.7209681497463601,166.68082758584413,0.12176748573664346,3.2306065623969626,3,HYD500,500,565.1044901157969,0.0,0.0,6,0.0,0.0
Mod-H1-Real,AK,HYD500,2030-Hhigh,1368.8451114638142,4422.2,0.7159274946170798,77.88324330053685,0.056897046019509206,3.2306065623969626,3,HYD500,500,565.1044901157969,0.0,0.0,6,0.0,0.0
Mod-H1-Real,AK,HYD500,2030-Hlow,1368.8451114638142,4422.2,0.7159274946170798,130.8332466702814,0.09557929204303552,3.2306065623969626,3,HYD500,500,565.1044901157969,0.0,0.0,6,0.0,0.0
Mod-H1-Real,AK,HYD500,2035-Hhigh,1368.8451114638142,4422.2,0.7159274946170798,81.26425643032526,0.059367020965157245,3.2306065623969626,3,HYD500,500,565.1044901157969,0.0,0.0,6,0.0,0.0
Mod-H1-Real,AK,HYD500,2035-Hlow,1368.8451114638142,4422.2,0.7159274946170798,123.6692268221389,0.0903456686124916,3.2306065623969626,3,HYD500,500,565.1044901157969,0.0,0.0,6,0.0,0.0
Mod-H1-Real,AK,HYD500,2040-Hhigh,1368.8451114638142,4422.2,0.7159274946170798,88.8538610697201,0.06491155231924059,3.2306065623969626,3,HYD500,500,565.1044901157969,0.0,0.0,6,0.0,0.0
Mod-H1-Real,AK,HYD500,2040-Hlow,1368.8451114638142,4422.2,0.7159274946170798,139.67508278515592,0.10203863213989954,3.2306065623969626,3,HYD500,500,565.1044901157969,0.0,0.0,6,0.0,0.0
Mod-H1-Real,AK,HYD500,2045-Hhigh,1368.8451114638142,4422.2,0.7159274946170798,100.32992906172073,0.07329531166198198,3.2306065623969626,3,HYD500,500,565.1044901157969,0.0,0.0,6,0.0,0.0
Mod-H1-Real,AK,HYD500,2045-Hlow,1368.8451114638142,4422.2,0.7159274946170798,150.81864322059695,0.11017948046679632,3.2306065623969626,3,HYD500,500,565.1044901157969,0.0,0.0,6,0.0,0.0
Mod-H1-Real,AK,HYD1000,2024-Hhigh,1567.8893483122024,5200.1416111075605,0.7622390187931591,140.5838026967753,0.0896643649299044,3.3166508954891465,4,HYD1000,1000,867.0387605643928,0.0,0.0,5,0.0,0.0
Mod-H1-Real,AK,HYD1000,2024-Hlow,1567.8893483122024,5200.1416111075605,0.763161918027423,215.52515922850054,0.13746197042572458,3.3166508954891465,4,HYD1000,1000,867.0387605643928,0.0,0.0,5,0.0,0.0
Mod-H1-Real,AK,HYD1000,2025-Hhigh,1567.8893483122024,5200.1416111075605,0.763161918027423,108.38536992100887,0.06912820093948803,3.3166508954891465,4,HYD1000,1000,867.0387605643928,0.0,0.0,5,0.0,0.0
Mod-H1-Real,AK,HYD1000,2025-Hlow,1567.8893483122024,5200.1416111075605,0.763161918027423,179.31501318810902,0.11436713527082609,3.3166508954891465,4,HYD1000,1000,867.0387605643928,0.0,0.0,5,0.0,0.0
Mod-H1-Real,AK,HYD1000,2030-Hhigh,1567.8893483122024,5200.1416111075605,0.7602577551100018,87.3026730237094,0.055681654523445014,3.3166508954891465,4,HYD1000,1000,867.0387605643928,0.0,0.0,5,0.0,0.0
Mod-H1-Real,AK,HYD1000,2030-Hlow,1567.8893483122024,5200.1416111075605,0.7602577551100018,140.84903996787077,0.08983353329078457,3.3166508954891465,4,HYD1000,1000,867.0387605643928,0.0,0.0,5,0.0,0.0
Mod-H1-Real,AK,HYD1000,2035-Hhigh,1567.8893483122024,5200.1416111075605,0.7602577551100018,90.5693201465738,0.05776512242019479,3.3166508954891465,4,HYD1000,1000,867.0387605643928,0.0,0.0,5,0.0,0.0
Mod-H1-Real,AK,HYD1000,2035-Hlow,1567.8893483122024,5200.1416111075605,0.7602577551100018,133.07818729509566,0.08487728259545314,3.3166508954891465,4,HYD1000,1000,867.0387605643928,0.0,0.0,5,0.0,0.0
Mod-H1-Real,AK,HYD1000,2040-Hhigh,1567.8893483122024,5200.1416111075605,0.7602577551100018,98.05949956199538,0.06254235968090109,3.3166508954891465,4,HYD1000,1000,867.0387605643928,0.0,0.0,5,0.0,0.0
Mod-H1-Real,AK,HYD1000,2040-Hlow,1567.8893483122024,5200.1416111075605,0.7602577551100018,148.63088275367167,0.09479679348142105,3.3166508954891465,4,HYD1000,1000,867.0387605643928,0.0,0.0,5,0.0,0.0
Mod-H1-Real,AK,HYD1000,2045-Hhigh,1567.8893483122024,5200.1416111075605,0.7602577551100018,110.38311120080985,0.07040236054899843,3.3166508954891465,4,HYD1000,1000,867.0387605643928,0.0,0.0,5,0.0,0.0
Mod-H1-Real,AK,HYD1000,2045-Hlow,1567.8893483122024,5200.1416111075605,0.7602577551100018,161.3135138170587,0.10288577697827277,3.3166508954891465,4,HYD1000,1000,867.0387605643928,0.0,0.0,5,0.0,0.0
Mod-H1-Real,AK,HYD200,2024-Hhigh,1505.5706115671505,4660.975,0.7029770454943232,134.75463548453268,0.08950402887066612,3.095819594371854,4,HYD200,200,323.69925853097027,1092.4944895324074,169.0,8.5,-626.9904669667043,117.0
Mod-H1-Real,AK,HYD200,2024-Hlow,1505.5706115671505,4660.975,0.707331523248914,213.6920806219812,0.14193427992032126,3.095819594371854,4,HYD200,200,323.69925853097027,1092.4944895324074,169.0,8.5,-626.9904669667043,117.0
Mod-H1-Real,AK,HYD200,2025-Hhigh,1505.5706115671505,4660.975,0.707331523248914,103.12533542377626,0.06849584777457429,3.095819594371854,4,HYD200,200,323.69925853097027,1092.4944895324074,169.0,8.5,-626.9904669667043,117.0
Mod-H1-Real,AK,HYD200,2025-Hlow,1505.5706115671505,4660.975,0.707331523248914,176.90805865112557,0.11750233253223621,3.095819594371854,4,HYD200,200,323.69925853097027,1092.4944895324074,169.0,8.5,-626.9904669667043,117.0
Mod-H1-Real,AK,HYD200,2030-Hhigh,1505.5706115671505,4660.975,0.6962199460243664,83.07744545990741,0.055180039263274396,3.095819594371854,4,HYD200,200,323.69925853097027,1092.4944895324074,169.0,8.5,-626.9904669667043,117.0
Mod-H1-Real,AK,HYD200,2030-Hlow,1505.5706115671505,4660.975,0.6962199460243664,138.4009484076416,0.09192590991370365,3.095819594371854,4,HYD200,200,323.69925853097027,1092.4944895324074,169.0,8.5,-626.9904669667043,117.0
Mod-H1-Real,AK,HYD200,2035-Hhigh,1505.5706115671505,4660.975,0.6962199460243664,87.07157680143855,0.0578329412997811,3.095819594371854,4,HYD200,200,323.69925853097027,1092.4944895324074,169.0,8.5,-626.9904669667043,117.0
Mod-H1-Real,AK,HYD200,2035-Hlow,1505.5706115671505,4660.975,0.6962199460243664,131.09187670475967,0.0870712244896345,3.095819594371854,4,HYD200,200,323.69925853097027,1092.4944895324074,169.0,8.5,-626.9904669667043,117.0
Mod-H1-Real,AK,HYD200,2040-Hhigh,1505.5706115671505,4660.975,0.6962199460243664,94.37140857680247,0.06268148956399404,3.095819594371854,4,HYD200,200,323.69925853097027,1092.4944895324074,169.0,8.5,-626.9904669667043,117.0
Mod-H1-Real,AK,HYD200,2040-Hlow,1505.5706115671505,4660.975,0.6962199460243664,146.2527098541479,0.09714104986541498,3.095819594371854,4,HYD200,200,323.69925853097027,1092.4944895324074,169.0,8.5,-626.9904669667043,117.0
Mod-H1-Real,AK,HYD200,2045-Hhigh,1505.5706115671505,4660.975,0.6962199460243664,106.05575660538817,0.07044223352300599,3.095819594371854,4,HYD200,200,323.69925853097027,1092.4944895324074,169.0,8.5,-626.9904669667043,117.0
Mod-H1-Real,AK,HYD200,2045-Hlow,1505.5706115671505,4660.975,0.6962199460243664,158.27414631156066,0.10512568795880844,3.095819594371854,4,HYD200,200,323.69925853097027,1092.4944895324074,169.0,8.5,-626.9904669667043,117.0
Mod-H1-Real,AK,HYD500,2024-Hhigh,1502.297467543318,4896.3,0.7309131309167578,134.82175665243741,0.0897437155857749,3.259208050191843,4,HYD500,500,559.9876762036095,0.0,0.0,6,0.0,0.0
Mod-H1-Real,AK,HYD500,2024-Hlow,1502.297467543318,4896.3,0.7324749117582386,211.86734694739872,0.141028891763934,3.259208050191843,4,HYD500,500,559.9876762036095,0.0,0.0,6,0.0,0.0
Mod-H1-Real,AK,HYD500,2025-Hhigh,1502.297467543318,4896.3,0.7324749117582386,103.95803830851094,0.06919937000127664,3.259208050191843,4,HYD500,500,559.9876762036095,0.0,0.0,6,0.0,0.0
Mod-H1-Real,AK,HYD500,2025-Hlow,1502.297467543318,4896.3,0.7324749117582386,176.29358808157062,0.11734932121656345,3.259208050191843,4,HYD500,500,559.9876762036095,0.0,0.0,6,0.0,0.0
Mod-H1-Real,AK,HYD500,2030-Hhigh,1502.297467543318,4896.3,0.7263006390095349,83.87493616379666,0.055831110666089284,3.259208050191843,4,HYD500,500,559.9876762036095,0.0,0.0,6,0.0,0.0
Mod-H1-Real,AK,HYD500,2030-Hlow,1502.297467543318,4896.3,0.7263006390095349,138.21993863097066,0.09200570567225906,3.259208050191843,4,HYD500,500,559.9876762036095,0.0,0.0,6,0.0,0.0
Mod-H1-Real,AK,HYD500,2035-Hhigh,1502.297467543318,4896.3,0.7263006390095349,87.55188569883866,0.05827866157693177,3.259208050191843,4,HYD500,500,559.9876762036095,0.0,0.0,6,0.0,0.0
Mod-H1-Real,AK,HYD500,2035-Hlow,1502.297467543318,4896.3,0.7263006390095349,130.76146008031645,0.0870409908193139,3.259208050191843,4,HYD500,500,559.9876762036095,0.0,0.0,6,0.0,0.0
Mod-H1-Real,AK,HYD500,2040-Hhigh,1502.297467543318,4896.3,0.7263006390095349,95.0507252318507,0.06327024260200982,3.259208050191843,4,HYD500,500,559.9876762036095,0.0,0.0,6,0.0,0.0
Mod-H1-Real,AK,HYD500,2040-Hlow,1502.297467543318,4896.3,0.7263006390095349,146.28847589739843,0.09737650435943392,3.259208050191843,4,HYD500,500,559.9876762036095,0.0,0.0,6,0.0,0.0
Mod-H1-Real,AK,HYD500,2045-Hhigh,1502.297467543318,4896.3,0.7263006390095349,107.09379708163,0.07128667883382557,3.259208050191843,4,HYD500,500,559.9876762036095,0.0,0.0,6,0.0,0.0
Mod-H1-Real,AK,HYD500,2045-Hlow,1502.297467543318,4896.3,0.7263006390095349,158.58093003437403,0.10555894119538042,3.259208050191843,4,HYD500,500,559.9876762036095,0.0,0.0,6,0.0,0.0
Mod-H1-Real,AK,HYD1000,2024-Hhigh,1708.2148514846456,5673.294855550453,0.8212478221622121,152.80617496480056,0.08945372113583575,3.3211834276113876,5,HYD1000,1000,861.858702590786,0.0,0.0,5,0.0,0.0
Mod-H1-Real,AK,HYD1000,2024-Hlow,1708.2148514846456,5673.294855550453,0.8289554952613022,230.83588068316726,0.13513281451835107,3.3211834276113876,5,HYD1000,1000,861.858702590786,0.0,0.0,5,0.0,0.0
Mod-H1-Real,AK,HYD1000,2025-Hhigh,1708.2148514846456,5673.294855550453,0.8289554952613022,117.85015801235923,0.06899024318277831,3.3211834276113876,5,HYD1000,1000,861.858702590786,0.0,0.0,5,0.0,0.0
Mod-H1-Real,AK,HYD1000,2025-Hlow,1708.2148514846456,5673.294855550453,0.8289554952613022,190.46859140519342,0.11150154281802031,3.3211834276113876,5,HYD1000,1000,861.858702590786,0.0,0.0,5,0.0,0.0
Mod-H1-Real,AK,HYD1000,2030-Hhigh,1708.2148514846456,5673.294855550453,0.8226198362372489,94.8716230651221,0.05553846050610505,3.3211834276113876,5,HYD1000,1000,861.858702590786,0.0,0.0,5,0.0,0.0
Mod-H1-Real,AK,HYD1000,2030-Hlow,1708.2148514846456,5673.294855550453,0.8226198362372489,149.55881104001767,0.08755269333364767,3.3211834276113876,5,HYD1000,1000,861.858702590786,0.0,0.0,5,0.0,0.0
Mod-H1-Real,AK,HYD1000,2035-Hhigh,1708.2148514846456,5673.294855550453,0.8226198362372489,98.16471074329966,0.05746625528866152,3.3211834276113876,5,HYD1000,1000,861.858702590786,0.0,0.0,5,0.0,0.0
Mod-H1-Real,AK,HYD1000,2035-Hlow,1708.2148514846456,5673.294855550453,0.8226198362372489,141.73479014078686,0.08297246099786695,3.3211834276113876,5,HYD1000,1000,861.858702590786,0.0,0.0,5,0.0,0.0
Mod-H1-Real,AK,HYD1000,2040-Hhigh,1708.2148514846456,5673.294855550453,0.8226198362372489,105.99623434552015,0.06205087975519975,3.3211834276113876,5,HYD1000,1000,861.858702590786,0.0,0.0,5,0.0,0.0
Mod-H1-Real,AK,HYD1000,2040-Hlow,1708.2148514846456,5673.294855550453,0.8226198362372489,158.83391438324907,0.09298239869838572,3.3211834276113876,5,HYD1000,1000,861.858702590786,0.0,0.0,5,0.0,0.0
Mod-H1-Real,AK,HYD1000,2045-Hhigh,1708.2148514846456,5673.294855550453,0.8226198362372489,118.78354388541776,0.06953665329755239,3.3211834276113876,5,HYD1000,1000,861.858702590786,0.0,0.0,5,0.0,0.0
Mod-H1-Real,AK,HYD1000,2045-Hlow,1708.2148514846456,5673.294855550453,0.8226198362372489,171.7151838718422,0.10052317700118397,3.3211834276113876,5,HYD1000,1000,861.858702590786,0.0,0.0,5,0.0,0.0
Mod-H1-Real,AK,HYD200,2024-Hhigh,1653.3850149843292,5138.958333333333,0.8108895253343329,147.3719357917118,0.08913346525830741,3.108143769757125,5,HYD200,200,322.46773134728716,1412.984720251819,223.0,8.5,-1228.4286187292216,254.0
Mod-H1-Real,AK,HYD200,2024-Hlow,1653.3850149843292,5138.958333333333,0.8199958956493236,230.2947516289472,0.13928682644503704,3.108143769757125,5,HYD200,200,322.46773134728716,1412.984720251819,223.0,8.5,-1228.4286187292216,254.0
Mod-H1-Real,AK,HYD200,2025-Hhigh,1653.3850149843292,5138.958333333333,0.8199958956493236,112.60488399396027,0.06810566381903947,3.108143769757125,5,HYD200,200,322.46773134728716,1412.984720251819,223.0,8.5,-1228.4286187292216,254.0
Mod-H1-Real,AK,HYD200,2025-Hlow,1653.3850149843292,5138.958333333333,0.8199958956493236,188.76397849201217,0.11416819239395445,3.108143769757125,5,HYD200,200,322.46773134728716,1412.984720251819,223.0,8.5,-1228.4286187292216,254.0
Mod-H1-Real,AK,HYD200,2030-Hhigh,1653.3850149843292,5138.958333333333,0.8040354211132354,90.6191124713433,0.05480823380524118,3.108143769757125,5,HYD200,200,322.46773134728716,1412.984720251819,223.0,8.5,-1228.4286187292216,254.0
Mod-H1-Real,AK,HYD200,2030-Hlow,1653.3850149843292,5138.958333333333,0.8040354211132354,147.36706785165904,0.08913052103176089,3.108143769757125,5,HYD200,200,322.46773134728716,1412.984720251819,223.0,8.5,-1228.4286187292216,254.0
Mod-H1-Real,AK,HYD200,2035-Hhigh,1653.3850149843292,5138.958333333333,0.8040354211132354,94.72401690840165,0.05729096130056522,3.108143769757125,5,HYD200,200,322.46773134728716,1412.984720251819,223.0,8.5,-1228.4286187292216,254.0
Mod-H1-Real,AK,HYD200,2035-Hlow,1653.3850149843292,5138.958333333333,0.8040354211132354,140.15622427780886,0.08476926003780025,3.108143769757125,5,HYD200,200,322.46773134728716,1412.984720251819,223.0,8.5,-1228.4286187292216,254.0
Mod-H1-Real,AK,HYD200,2040-Hhigh,1653.3850149843292,5138.958333333333,0.8040354211132354,102.55993811320505,0.06203028162449937,3.108143769757125,5,HYD200,200,322.46773134728716,1412.984720251819,223.0,8.5,-1228.4286187292216,254.0
Mod-H1-Real,AK,HYD200,2040-Hlow,1653.3850149843292,5138.958333333333,0.8040354211132354,156.8547205776767,0.0948688412899178,3.108143769757125,5,HYD200,200,322.46773134728716,1412.984720251819,223.0,8.5,-1228.4286187292216,254.0
Mod-H1-Real,AK,HYD200,2045-Hhigh,1653.3850149843292,5138.958333333333,0.8040354211132354,114.60084958436505,0.06931286333537458,3.108143769757125,5,HYD200,200,322.46773134728716,1412.984720251819,223.0,8.5,-1228.4286187292216,254.0
Mod-H1-Real,AK,HYD200,2045-Hlow,1653.3850149843292,5138.958333333333,0.8040354211132354,168.86655005358315,0.10213383363413613,3.108143769757125,5,HYD200,200,322.46773134728716,1412.984720251819,223.0,8.5,-1228.4286187292216,254.0
Mod-H1-Real,AK,HYD500,2024-Hhigh,1642.3426477474002,5372.4,0.7980245997305879,146.8714427238759,0.08942801486968717,3.2711809605435636,5,HYD500,500,557.3520999328903,0.0,0.0,6,0.0,0.0
Mod-H1-Real,AK,HYD500,2024-Hlow,1642.3426477474002,5372.4,0.8027856750310916,227.57870788793144,0.13856956597947037,3.2711809605435636,5,HYD500,500,557.3520999328903,0.0,0.0,6,0.0,0.0
Mod-H1-Real,AK,HYD500,2025-Hhigh,1642.3426477474002,5372.4,0.8027856750310916,113.05629423411514,0.06883843294770466,3.2711809605435636,5,HYD500,500,557.3520999328903,0.0,0.0,6,0.0,0.0
Mod-H1-Real,AK,HYD500,2025-Hlow,1642.3426477474002,5372.4,0.8027856750310916,187.61105106110293,0.11423380578859471,3.2711809605435636,5,HYD500,500,557.3520999328903,0.0,0.0,6,0.0,0.0
Mod-H1-Real,AK,HYD500,2030-Hhigh,1642.3426477474002,5372.4,0.7922512187402042,91.15345510380678,0.05550209344489153,3.2711809605435636,5,HYD500,500,557.3520999328903,0.0,0.0,6,0.0,0.0
Mod-H1-Real,AK,HYD500,2030-Hlow,1642.3426477474002,5372.4,0.7922512187402042,146.88580188116367,0.08943675796438028,3.2711809605435636,5,HYD500,500,557.3520999328903,0.0,0.0,6,0.0,0.0
Mod-H1-Real,AK,HYD500,2035-Hhigh,1642.3426477474002,5372.4,0.7922512187402042,94.91580547403034,0.05779293718288001,3.2711809605435636,5,HYD500,500,557.3520999328903,0.0,0.0,6,0.0,0.0
Mod-H1-Real,AK,HYD500,2035-Hlow,1642.3426477474002,5372.4,0.7922512187402042,139.42127463116753,0.08489170930462933,3.2711809605435636,5,HYD500,500,557.3520999328903,0.0,0.0,6,0.0,0.0
Mod-H1-Real,AK,HYD500,2040-Hhigh,1642.3426477474002,5372.4,0.7922512187402042,102.82857477867812,0.06261091430568125,3.2711809605435636,5,HYD500,500,557.3520999328903,0.0,0.0,6,0.0,0.0
Mod-H1-Real,AK,HYD500,2040-Hlow,1642.3426477474002,5372.4,0.7922512187402042,156.28683612997133,0.0951609192785262,3.2711809605435636,5,HYD500,500,557.3520999328903,0.0,0.0,6,0.0,0.0
Mod-H1-Real,AK,HYD500,2045-Hhigh,1642.3426477474002,5372.4,0.7922512187402042,115.2222952938012,0.07015728140034448,3.2711809605435636,5,HYD500,500,557.3520999328903,0.0,0.0,6,0.0,0.0
Mod-H1-Real,AK,HYD500,2045-Hlow,1642.3426477474002,5372.4,0.7922512187402042,168.5726906828573,0.10264160826248273,3.2711809605435636,5,HYD500,500,557.3520999328903,0.0,0.0,6,0.0,0.0
Mod-H1-Real,CH,HYD1000,2024-Hhigh,3614.9203014131203,10019.495600586622,1.9326566607432107,352.39852649678926,0.09748445252279338,2.7717058095775635,3,HYD1000,1000,987.162892515825,0.0,0.0,8.5,0.0,0.0
Mod-H1-Real,CH,HYD1000,2024-Hlow,3614.9203014131203,10019.495600586622,1.9581743468538357,542.5510636706812,0.15008659069429298,2.7717058095775635,3,HYD1000,1000,987.162892515825,0.0,0.0,8.5,0.0,0.0
Mod-H1-Real,CH,HYD1000,2025-Hhigh,3614.9203014131203,10019.495600586622,1.9581743468538357,279.0692823036177,0.07719929045033878,2.7717058095775635,3,HYD1000,1000,987.162892515825,0.0,0.0,8.5,0.0,0.0
Mod-H1-Real,CH,HYD1000,2025-Hlow,3614.9203014131203,10019.495600586622,1.9581743468538357,453.175385633589,0.12536248322167343,2.7717058095775635,3,HYD1000,1000,987.162892515825,0.0,0.0,8.5,0.0,0.0
Mod-H1-Real,CH,HYD1000,2030-Hhigh,3614.9203014131203,10019.495600586622,1.9205612607312381,225.41531673617706,0.06235692572476888,2.7717058095775635,3,HYD1000,1000,987.162892515825,0.0,0.0,8.5,0.0,0.0
Mod-H1-Real,CH,HYD1000,2030-Hlow,3614.9203014131203,10019.495600586622,1.9205612607312381,356.04498567581373,0.09849317716261435,2.7717058095775635,3,HYD1000,1000,987.162892515825,0.0,0.0,8.5,0.0,0.0
Mod-H1-Real,CH,HYD1000,2035-Hhigh,3614.9203014131203,10019.495600586622,1.9205612607312381,230.0822817086364,0.06364795417998405,2.7717058095775635,3,HYD1000,1000,987.162892515825,0.0,0.0,8.5,0.0,0.0
Mod-H1-Real,CH,HYD1000,2035-Hlow,3614.9203014131203,10019.495600586622,1.9205612607312381,333.5119715699775,0.09225984081574447,2.7717058095775635,3,HYD1000,1000,987.162892515825,0.0,0.0,8.5,0.0,0.0
Mod-H1-Real,CH,HYD1000,2040-Hhigh,3614.9203014131203,10019.495600586622,1.9205612607312381,248.94495953892508,0.06886596073545775,2.7717058095775635,3,HYD1000,1000,987.162892515825,0.0,0.0,8.5,0.0,0.0
Mod-H1-Real,CH,HYD1000,2040-Hlow,3614.9203014131203,10019.495600586622,1.9205612607312381,372.33229456757135,0.1029987561335783,2.7717058095775635,3,HYD1000,1000,987.162892515825,0.0,0.0,8.5,0.0,0.0
Mod-H1-Real,CH,HYD1000,2045-Hhigh,3614.9203014131203,10019.495600586622,1.9205612607312381,282.05546457222647,0.07802536184877085,2.7717058095775635,3,HYD1000,1000,987.162892515825,0.0,0.0,8.5,0.0,0.0
Mod-H1-Real,CH,HYD1000,2045-Hlow,3614.9203014131203,10019.495600586622,1.9205612607312381,405.3672743900702,0.11213726461178321,2.7717058095775635,3,HYD1000,1000,987.162892515825,0.0,0.0,8.5,0.0,0.0
Mod-H1-Real,CH,HYD200,2024-Hhigh,3186.0416994769116,9406.346,1.7002220964121628,318.18875716031454,0.09986961476761437,2.9523612329193134,3,HYD200,200,368.06228859511555,289.31933831740156,59.0,11.2,-1649.1015743626529,222.0
Mod-H1-Real,CH,HYD200,2024-Hlow,3186.0416994769116,9406.346,1.7259551713621577,497.9216550878385,0.15628221538016526,2.9523612329193134,3,HYD200,200,368.06228859511555,289.31933831740156,59.0,11.2,-1649.1015743626529,222.0
Mod-H1-Real,CH,HYD200,2025-Hhigh,3186.0416994769116,9406.346,1.7259551713621577,252.48605300578177,0.0792475669879761,2.9523612329193134,3,HYD200,200,368.06228859511555,289.31933831740156,59.0,11.2,-1649.1015743626529,222.0
Mod-H1-Real,CH,HYD200,2025-Hlow,3186.0416994769116,9406.346,1.7259551713621577,417.31129038036767,0.13098111379046995,2.9523612329193134,3,HYD200,200,368.06228859511555,289.31933831740156,59.0,11.2,-1649.1015743626529,222.0
Mod-H1-Real,CH,HYD200,2030-Hhigh,3186.0416994769116,9406.346,1.6729687274134677,203.84425147410275,0.06398040914140268,2.9523612329193134,3,HYD200,200,368.06228859511555,289.31933831740156,59.0,11.2,-1649.1015743626529,222.0
Mod-H1-Real,CH,HYD200,2030-Hlow,3186.0416994769116,9406.346,1.6729687274134677,327.3959843676805,0.10275947876684502,2.9523612329193134,3,HYD200,200,368.06228859511555,289.31933831740156,59.0,11.2,-1649.1015743626529,222.0
Mod-H1-Real,CH,HYD200,2035-Hhigh,3186.0416994769116,9406.346,1.6729687274134677,207.98339700835325,0.06527955897203111,2.9523612329193134,3,HYD200,200,368.06228859511555,289.31933831740156,59.0,11.2,-1649.1015743626529,222.0
Mod-H1-Real,CH,HYD200,2035-Hlow,3186.0416994769116,9406.346,1.6729687274134677,303.7292707155667,0.09533122895580223,2.9523612329193134,3,HYD200,200,368.06228859511555,289.31933831740156,59.0,11.2,-1649.1015743626529,222.0
Mod-H1-Real,CH,HYD200,2040-Hhigh,3186.0416994769116,9406.346,1.6729687274134677,224.6989496518923,0.07052605422232347,2.9523612329193134,3,HYD200,200,368.06228859511555,289.31933831740156,59.0,11.2,-1649.1015743626529,222.0
Mod-H1-Real,CH,HYD200,2040-Hlow,3186.0416994769116,9406.346,1.6729687274134677,340.9550903574198,0.10701526298710975,2.9523612329193134,3,HYD200,200,368.06228859511555,289.31933831740156,59.0,11.2,-1649.1015743626529,222.0
Mod-H1-Real,CH,HYD200,2045-Hhigh,3186.0416994769116,9406.346,1.6729687274134677,254.91061151683454,0.0800085609547063,2.9523612329193134,3,HYD200,200,368.06228859511555,289.31933831740156,59.0,11.2,-1649.1015743626529,222.0
Mod-H1-Real,CH,HYD200,2045-Hlow,3186.0416994769116,9406.346,1.6729687274134677,371.3038882549715,0.11654081248087013,2.9523612329193134,3,HYD200,200,368.06228859511555,289.31933831740156,59.0,11.2,-1649.1015743626529,222.0
Mod-H1-Real,CH,HYD500,2024-Hhigh,3492.198415528671,9674.326928580444,1.820930511297499,340.4225911456427,0.09748088471488163,2.7702684032962894,3,HYD500,500,638.3880734458602,0.0,0.0,8.5,-21.270390587321963,20.0
Mod-H1-Real,CH,HYD500,2024-Hlow,3492.198415528671,9674.326928580444,1.850238981788257,527.543451308329,0.15106342439264472,2.7702684032962894,3,HYD500,500,638.3880734458602,0.0,0.0,8.5,-21.270390587321963,20.0
Mod-H1-Real,CH,HYD500,2025-Hhigh,3492.198415528671,9674.326928580444,1.850238981788257,269.13490121135385,0.07706747131394323,2.7702684032962894,3,HYD500,500,638.3880734458602,0.0,0.0,8.5,-21.270390587321963,20.0
Mod-H1-Real,CH,HYD500,2025-Hlow,3492.198415528671,9674.326928580444,1.850238981788257,440.17750179340476,0.12604595999931692,2.7702684032962894,3,HYD500,500,638.3880734458602,0.0,0.0,8.5,-21.270390587321963,20.0
Mod-H1-Real,CH,HYD500,2030-Hhigh,3492.198415528671,9674.326928580444,1.8109659445851207,217.49467172150815,0.06228015875454844,2.7702684032962894,3,HYD500,500,638.3880734458602,0.0,0.0,8.5,-21.270390587321963,20.0
Mod-H1-Real,CH,HYD500,2030-Hlow,3492.198415528671,9674.326928580444,1.8109659445851207,345.57579939968855,0.0989565191551045,2.7702684032962894,3,HYD500,500,638.3880734458602,0.0,0.0,8.5,-21.270390587321963,20.0
Mod-H1-Real,CH,HYD500,2035-Hhigh,3492.198415528671,9674.326928580444,1.8109659445851207,222.3815804934275,0.06367953765300646,2.7702684032962894,3,HYD500,500,638.3880734458602,0.0,0.0,8.5,-21.270390587321963,20.0
Mod-H1-Real,CH,HYD500,2035-Hlow,3492.198415528671,9674.326928580444,1.8109659445851207,323.87682957646376,0.09274296332541954,2.7702684032962894,3,HYD500,500,638.3880734458602,0.0,0.0,8.5,-21.270390587321963,20.0
Mod-H1-Real,CH,HYD500,2040-Hhigh,3492.198415528671,9674.326928580444,1.8109659445851207,240.6666137455664,0.06891550396317696,2.7702684032962894,3,HYD500,500,638.3880734458602,0.0,0.0,8.5,-21.270390587321963,20.0
Mod-H1-Real,CH,HYD500,2040-Hlow,3492.198415528671,9674.326928580444,1.8109659445851207,361.63425525728627,0.10355489930045679,2.7702684032962894,3,HYD500,500,638.3880734458602,0.0,0.0,8.5,-21.270390587321963,20.0
Mod-H1-Real,CH,HYD500,2045-Hhigh,3492.198415528671,9674.326928580444,1.8109659445851207,272.6307559672994,0.07806851831642758,2.7702684032962894,3,HYD500,500,638.3880734458602,0.0,0.0,8.5,-21.270390587321963,20.0
Mod-H1-Real,CH,HYD500,2045-Hlow,3492.198415528671,9674.326928580444,1.8109659445851207,393.2328874587849,0.11260324891913531,2.7702684032962894,3,HYD500,500,638.3880734458602,0.0,0.0,8.5,-21.270390587321963,20.0
Mod-H1-Real,CH,HYD1000,2024-Hhigh,3771.3379543103397,10493.712283827383,1.9667229896577,367.4398259135718,0.0974295675341472,2.7824905672624496,4,HYD1000,1000,982.074595050652,0.0,0.0,8.5,0.0,0.0
Mod-H1-Real,CH,HYD1000,2024-Hlow,3771.3379543103397,10493.712283827383,1.9681578611270893,558.2436944458673,0.1480227179873496,2.7824905672624496,4,HYD1000,1000,982.074595050652,0.0,0.0,8.5,0.0,0.0
Mod-H1-Real,CH,HYD1000,2025-Hhigh,3771.3379543103397,10493.712283827383,1.9681578611270893,289.13153282729405,0.07666550606975958,2.7824905672624496,4,HYD1000,1000,982.074595050652,0.0,0.0,8.5,0.0,0.0
Mod-H1-Real,CH,HYD1000,2025-Hlow,3771.3379543103397,10493.712283827383,1.9681578611270893,464.9288290007465,0.12327954551762452,2.7824905672624496,4,HYD1000,1000,982.074595050652,0.0,0.0,8.5,0.0,0.0
Mod-H1-Real,CH,HYD1000,2030-Hhigh,3771.3379543103397,10493.712283827383,1.9286493828144249,233.14781969830022,0.061820983036492604,2.7824905672624496,4,HYD1000,1000,982.074595050652,0.0,0.0,8.5,0.0,0.0
Mod-H1-Real,CH,HYD1000,2030-Hlow,3771.3379543103397,10493.712283827383,1.9286493828144249,365.1645320414738,0.09682625542060472,2.7824905672624496,4,HYD1000,1000,982.074595050652,0.0,0.0,8.5,0.0,0.0
Mod-H1-Real,CH,HYD1000,2035-Hhigh,3771.3379543103397,10493.712283827383,1.9286493828144249,237.90192119904296,0.06308157054107016,2.7824905672624496,4,HYD1000,1000,982.074595050652,0.0,0.0,8.5,0.0,0.0
Mod-H1-Real,CH,HYD1000,2035-Hlow,3771.3379543103397,10493.712283827383,1.9286493828144249,342.3877211729051,0.09078680439698679,2.7824905672624496,4,HYD1000,1000,982.074595050652,0.0,0.0,8.5,0.0,0.0
Mod-H1-Real,CH,HYD1000,2040-Hhigh,3771.3379543103397,10493.712283827383,1.9286493828144249,256.748925430814,0.0680790023438155,2.7824905672624496,4,HYD1000,1000,982.074595050652,0.0,0.0,8.5,0.0,0.0
Mod-H1-Real,CH,HYD1000,2040-Hlow,3771.3379543103397,10493.712283827383,1.9286493828144249,380.6212867070926,0.10092473581479823,2.7824905672624496,4,HYD1000,1000,982.074595050652,0.0,0.0,8.5,0.0,0.0
Mod-H1-Real,CH,HYD1000,2045-Hhigh,3771.3379543103397,10493.712283827383,1.9286493828144249,290.8012787480436,0.07710825236854757,2.7824905672624496,4,HYD1000,1000,982.074595050652,0.0,0.0,8.5,0.0,0.0
Mod-H1-Real,CH,HYD1000,2045-Hlow,3771.3379543103397,10493.712283827383,1.9286493828144249,415.1609329884019,0.11008319541183148,2.7824905672624496,4,HYD1000,1000,982.074595050652,0.0,0.0,8.5,0.0,0.0
Mod-H1-Real,CH,HYD200,2024-Hhigh,3320.6691304306773,9884.366399999999,1.734657165046431,331.0383783301737,0.09969026281375988,2.9766188716061683,4,HYD200,200,367.0712480812885,560.7831884930656,101.0,11.2,-1401.5548993519835,226.0
Mod-H1-Real,CH,HYD200,2024-Hlow,3320.6691304306773,9884.366399999999,1.7339881343109014,511.828630830871,0.1541341852280504,2.9766188716061683,4,HYD200,200,367.0712480812885,560.7831884930656,101.0,11.2,-1401.5548993519835,226.0
Mod-H1-Real,CH,HYD200,2025-Hhigh,3320.6691304306773,9884.366399999999,1.7339881343109014,260.6620438132846,0.07849684312856481,2.9766188716061683,4,HYD200,200,367.0712480812885,560.7831884930656,101.0,11.2,-1401.5548993519835,226.0
Mod-H1-Real,CH,HYD200,2025-Hlow,3320.6691304306773,9884.366399999999,1.7339881343109014,427.6005170040289,0.1287693835816069,2.9766188716061683,4,HYD200,200,367.0712480812885,560.7831884930656,101.0,11.2,-1401.5548993519835,226.0
Mod-H1-Real,CH,HYD200,2030-Hhigh,3320.6691304306773,9884.366399999999,1.678711998554793,210.01511268272182,0.06324481736471098,2.9766188716061683,4,HYD200,200,367.0712480812885,560.7831884930656,101.0,11.2,-1401.5548993519835,226.0
Mod-H1-Real,CH,HYD200,2030-Hlow,3320.6691304306773,9884.366399999999,1.678711998554793,335.30749700588075,0.10097588282226502,2.9766188716061683,4,HYD200,200,367.0712480812885,560.7831884930656,101.0,11.2,-1401.5548993519835,226.0
Mod-H1-Real,CH,HYD200,2035-Hhigh,3320.6691304306773,9884.366399999999,1.678711998554793,214.56174967053704,0.06461401038251265,2.9766188716061683,4,HYD200,200,367.0712480812885,560.7831884930656,101.0,11.2,-1401.5548993519835,226.0
Mod-H1-Real,CH,HYD200,2035-Hlow,3320.6691304306773,9884.366399999999,1.678711998554793,311.25737942466895,0.09373333120493704,2.9766188716061683,4,HYD200,200,367.0712480812885,560.7831884930656,101.0,11.2,-1401.5548993519835,226.0
Mod-H1-Real,CH,HYD200,2040-Hhigh,3320.6691304306773,9884.366399999999,1.678711998554793,231.1127792440663,0.0695982557027872,2.9766188716061683,4,HYD200,200,367.0712480812885,560.7831884930656,101.0,11.2,-1401.5548993519835,226.0
Mod-H1-Real,CH,HYD200,2040-Hlow,3320.6691304306773,9884.366399999999,1.678711998554793,347.8738220524603,0.10476015778402543,2.9766188716061683,4,HYD200,200,367.0712480812885,560.7831884930656,101.0,11.2,-1401.5548993519835,226.0
Mod-H1-Real,CH,HYD200,2045-Hhigh,3320.6691304306773,9884.366399999999,1.678711998554793,261.94012620564905,0.07888173013240753,2.9766188716061683,4,HYD200,200,367.0712480812885,560.7831884930656,101.0,11.2,-1401.5548993519835,226.0
Mod-H1-Real,CH,HYD200,2045-Hlow,3320.6691304306773,9884.366399999999,1.678711998554793,379.5801840400961,0.1143083424246083,2.9766188716061683,4,HYD200,200,367.0712480812885,560.7831884930656,101.0,11.2,-1401.5548993519835,226.0
Mod-H1-Real,CH,HYD500,2024-Hhigh,3648.3692146179856,10151.06827907429,1.8545896493418428,355.1968791200665,0.09735771195987865,2.782357728050611,4,HYD500,500,635.7681849323255,0.0,0.0,8.5,0.0,0.0
Mod-H1-Real,CH,HYD500,2024-Hlow,3648.3692146179856,10151.06827907429,1.854619663825105,543.0339641218048,0.1488429301360238,2.782357728050611,4,HYD500,500,635.7681849323255,0.0,0.0,8.5,0.0,0.0
Mod-H1-Real,CH,HYD500,2025-Hhigh,3648.3692146179856,10151.06827907429,1.854619663825105,278.71190466246753,0.0763935578520254,2.782357728050611,4,HYD500,500,635.7681849323255,0.0,0.0,8.5,0.0,0.0
Mod-H1-Real,CH,HYD500,2025-Hlow,3648.3692146179856,10151.06827907429,1.854619663825105,451.5667084375016,0.12377220666927055,2.782357728050611,4,HYD500,500,635.7681849323255,0.0,0.0,8.5,0.0,0.0
Mod-H1-Real,CH,HYD500,2030-Hhigh,3648.3692146179856,10151.06827907429,1.813451234431902,224.70820341858615,0.06159140980530255,2.782357728050611,4,HYD500,500,635.7681849323255,0.0,0.0,8.5,0.0,0.0
Mod-H1-Real,CH,HYD500,2030-Hlow,3648.3692146179856,10151.06827907429,1.813451234431902,354.37403403000366,0.0971321741807619,2.782357728050611,4,HYD500,500,635.7681849323255,0.0,0.0,8.5,0.0,0.0
Mod-H1-Real,CH,HYD500,2035-Hhigh,3648.3692146179856,10151.06827907429,1.813451234431902,229.89725425772528,0.06301370303657641,2.782357728050611,4,HYD500,500,635.7681849323255,0.0,0.0,8.5,0.0,0.0
Mod-H1-Real,CH,HYD500,2035-Hlow,3648.3692146179856,10151.06827907429,1.813451234431902,332.3052623240796,0.09108323274755915,2.782357728050611,4,HYD500,500,635.7681849323255,0.0,0.0,8.5,0.0,0.0
Mod-H1-Real,CH,HYD500,2040-Hhigh,3648.3692146179856,10151.06827907429,1.813451234431902,247.99823166229828,0.06797509162960792,2.782357728050611,4,HYD500,500,635.7681849323255,0.0,0.0,8.5,0.0,0.0
Mod-H1-Real,CH,HYD500,2040-Hlow,3648.3692146179856,10151.06827907429,1.813451234431902,369.4549023498678,0.1012657657754501,2.782357728050611,4,HYD500,500,635.7681849323255,0.0,0.0,8.5,0.0,0.0
Mod-H1-Real,CH,HYD500,2045-Hhigh,3648.3692146179856,10151.06827907429,1.813451234431902,280.68736029098847,0.07693502049254046,2.782357728050611,4,HYD500,500,635.7681849323255,0.0,0.0,8.5,0.0,0.0
Mod-H1-Real,CH,HYD500,2045-Hlow,3648.3692146179856,10151.06827907429,1.813451234431902,402.41960107987546,0.11030122704344004,2.782357728050611,4,HYD500,500,635.7681849323255,0.0,0.0,8.5,0.0,0.0
Mod-H1-Real,CH,HYD1000,2024-Hhigh,3932.755046807232,10969.008585555786,2.0158452432986236,381.8099492375669,0.09708459964917865,2.789141061419746,5,HYD1000,1000,978.9016700852898,0.0,0.0,8.5,0.0,0.0
Mod-H1-Real,CH,HYD1000,2024-Hlow,3932.755046807232,10969.008585555786,2.02214873266498,576.1891826027042,0.1465103154773084,2.789141061419746,5,HYD1000,1000,978.9016700852898,0.0,0.0,8.5,0.0,0.0
Mod-H1-Real,CH,HYD1000,2025-Hhigh,3932.755046807232,10969.008585555786,2.02214873266498,300.36975285548084,0.07637642041787807,2.789141061419746,5,HYD1000,1000,978.9016700852898,0.0,0.0,8.5,0.0,0.0
Mod-H1-Real,CH,HYD1000,2025-Hlow,3932.755046807232,10969.008585555786,2.02214873266498,478.1227412151178,0.12157450324888071,2.789141061419746,5,HYD1000,1000,978.9016700852898,0.0,0.0,8.5,0.0,0.0
Mod-H1-Real,CH,HYD1000,2030-Hhigh,3932.755046807232,10969.008585555786,1.9779077055340697,242.20572349230392,0.06158678092319435,2.789141061419746,5,HYD1000,1000,978.9016700852898,0.0,0.0,8.5,0.0,0.0
Mod-H1-Real,CH,HYD1000,2030-Hlow,3932.755046807232,10969.008585555786,1.9779077055340697,375.3740497099027,0.09544811340707487,2.789141061419746,5,HYD1000,1000,978.9016700852898,0.0,0.0,8.5,0.0,0.0
Mod-H1-Real,CH,HYD1000,2035-Hhigh,3932.755046807232,10969.008585555786,1.9779077055340697,246.75178895986411,0.06274273022933048,2.789141061419746,5,HYD1000,1000,978.9016700852898,0.0,0.0,8.5,0.0,0.0
Mod-H1-Real,CH,HYD1000,2035-Hlow,3932.755046807232,10969.008585555786,1.9779077055340697,352.4726736659987,0.08962487352273571,2.789141061419746,5,HYD1000,1000,978.9016700852898,0.0,0.0,8.5,0.0,0.0
Mod-H1-Real,CH,HYD1000,2040-Hhigh,3932.755046807232,10969.008585555786,1.9779077055340697,266.10359501275485,0.06766340436808756,2.789141061419746,5,HYD1000,1000,978.9016700852898,0.0,0.0,8.5,0.0,0.0
Mod-H1-Real,CH,HYD1000,2040-Hlow,3932.755046807232,10969.008585555786,1.9779077055340697,392.52486243042,0.09980913068793527,2.789141061419746,5,HYD1000,1000,978.9016700852898,0.0,0.0,8.5,0.0,0.0
Mod-H1-Real,CH,HYD1000,2045-Hhigh,3932.755046807232,10969.008585555786,1.9779077055340697,300.70319311805173,0.0764612058313102,2.789141061419746,5,HYD1000,1000,978.9016700852898,0.0,0.0,8.5,0.0,0.0
Mod-H1-Real,CH,HYD1000,2045-Hlow,3932.755046807232,10969.008585555786,1.9779077055340697,427.3618984329009,0.10866730659460991,2.789141061419746,5,HYD1000,1000,978.9016700852898,0.0,0.0,8.5,0.0,0.0
Mod-H1-Real,CH,HYD200,2024-Hhigh,3460.8012735103475,10362.8616,1.8161486251248464,343.3768897526597,0.0992188983461529,2.9943532670654562,5,HYD200,200,366.03505771150833,557.6925882298304,110.0,11.2,-1831.156333089349,313.0
Mod-H1-Real,CH,HYD200,2024-Hlow,3460.8012735103475,10362.8616,1.8189282620804863,527.8890753747781,0.15253377286218217,2.9943532670654562,5,HYD200,200,366.03505771150833,557.6925882298304,110.0,11.2,-1831.156333089349,313.0
Mod-H1-Real,CH,HYD200,2025-Hhigh,3460.8012735103475,10362.8616,1.8189282620804863,269.91837433992544,0.07799302907275656,2.9943532670654562,5,HYD200,200,366.03505771150833,557.6925882298304,110.0,11.2,-1831.156333089349,313.0
Mod-H1-Real,CH,HYD200,2025-Hlow,3460.8012735103475,10362.8616,1.8189282620804863,439.0584471909411,0.12686612506519246,2.9943532670654562,5,HYD200,200,366.03505771150833,557.6925882298304,110.0,11.2,-1831.156333089349,313.0
Mod-H1-Real,CH,HYD200,2030-Hhigh,3460.8012735103475,10362.8616,1.7571104840865877,217.34939227675272,0.06280319934588202,2.9943532670654562,5,HYD200,200,366.03505771150833,557.6925882298304,110.0,11.2,-1831.156333089349,313.0
Mod-H1-Real,CH,HYD200,2030-Hlow,3460.8012735103475,10362.8616,1.7571104840865877,343.8896620884393,0.0993670641306793,2.9943532670654562,5,HYD200,200,366.03505771150833,557.6925882298304,110.0,11.2,-1831.156333089349,313.0
Mod-H1-Real,CH,HYD200,2035-Hhigh,3460.8012735103475,10362.8616,1.7571104840865877,221.90707160145138,0.06412014272531961,2.9943532670654562,5,HYD200,200,366.03505771150833,557.6925882298304,110.0,11.2,-1831.156333089349,313.0
Mod-H1-Real,CH,HYD200,2035-Hlow,3460.8012735103475,10362.8616,1.7571104840865877,319.68078003461653,0.09237189736420753,2.9943532670654562,5,HYD200,200,366.03505771150833,557.6925882298304,110.0,11.2,-1831.156333089349,313.0
Mod-H1-Real,CH,HYD200,2040-Hhigh,3460.8012735103475,10362.8616,1.7571104840865877,238.88624272318938,0.06902628144287613,2.9943532670654562,5,HYD200,200,366.03505771150833,557.6925882298304,110.0,11.2,-1831.156333089349,313.0
Mod-H1-Real,CH,HYD200,2040-Hlow,3460.8012735103475,10362.8616,1.7571104840865877,357.92292341381255,0.10342198095956127,2.9943532670654562,5,HYD200,200,366.03505771150833,557.6925882298304,110.0,11.2,-1831.156333089349,313.0
Mod-H1-Real,CH,HYD200,2045-Hhigh,3460.8012735103475,10362.8616,1.7571104840865877,270.07642461214124,0.0780386977661385,2.9943532670654562,5,HYD200,200,366.03505771150833,557.6925882298304,110.0,11.2,-1831.156333089349,313.0
Mod-H1-Real,CH,HYD200,2045-Hlow,3460.8012735103475,10362.8616,1.7571104840865877,389.59894779153075,0.11257478167660119,2.9943532670654562,5,HYD200,200,366.03505771150833,557.6925882298304,110.0,11.2,-1831.156333089349,313.0
Mod-H1-Real,CH,HYD500,2024-Hhigh,3809.555975966814,10628.057818796517,1.9231084516825576,369.1152155220596,0.09689192594902957,2.7898416208726946,5,HYD500,500,633.8810214528671,0.0,0.0,8.5,0.0,0.0
Mod-H1-Real,CH,HYD500,2024-Hlow,3809.555975966814,10628.057818796517,1.929902476252854,560.8903912209067,0.14723248450984117,2.7898416208726946,5,HYD500,500,633.8810214528671,0.0,0.0,8.5,0.0,0.0
Mod-H1-Real,CH,HYD500,2025-Hhigh,3809.555975966814,10628.057818796517,1.929902476252854,289.20519633460015,0.07591572302890333,2.7898416208726946,5,HYD500,500,633.8810214528671,0.0,0.0,8.5,0.0,0.0
Mod-H1-Real,CH,HYD500,2025-Hlow,3809.555975966814,10628.057818796517,1.929902476252854,464.3816786615079,0.12189916136975887,2.7898416208726946,5,HYD500,500,633.8810214528671,0.0,0.0,8.5,0.0,0.0
Mod-H1-Real,CH,HYD500,2030-Hhigh,3809.555975966814,10628.057818796517,1.8821061058513384,233.07666865725508,0.06118210891968935,2.7898416208726946,5,HYD500,500,633.8810214528671,0.0,0.0,8.5,0.0,0.0
Mod-H1-Real,CH,HYD500,2030-Hlow,3809.555975966814,10628.057818796517,1.8821061058513384,364.1063565710541,0.0955771115762773,2.7898416208726946,5,HYD500,500,633.8810214528671,0.0,0.0,8.5,0.0,0.0
Mod-H1-Real,CH,HYD500,2035-Hhigh,3809.555975966814,10628.057818796517,1.8821061058513384,238.32754676912361,0.06256045278574475,2.7898416208726946,5,HYD500,500,633.8810214528671,0.0,0.0,8.5,0.0,0.0
Mod-H1-Real,CH,HYD500,2035-Hlow,3809.555975966814,10628.057818796517,1.8821061058513384,342.0528173528113,0.08978810641206103,2.7898416208726946,5,HYD500,500,633.8810214528671,0.0,0.0,8.5,0.0,0.0
Mod-H1-Real,CH,HYD500,2040-Hhigh,3809.555975966814,10628.057818796517,1.8821061058513384,256.9559261391673,0.06745036108150512,2.7898416208726946,5,HYD500,500,633.8810214528671,0.0,0.0,8.5,0.0,0.0
Mod-H1-Real,CH,HYD500,2040-Hlow,3809.555975966814,10628.057818796517,1.8821061058513384,380.7244436868704,0.09993932261101576,2.7898416208726946,5,HYD500,500,633.8810214528671,0.0,0.0,8.5,0.0,0.0
Mod-H1-Real,CH,HYD500,2045-Hhigh,3809.555975966814,10628.057818796517,1.8821061058513384,290.060162705621,0.07614014980630587,2.7898416208726946,5,HYD500,500,633.8810214528671,0.0,0.0,8.5,0.0,0.0
Mod-H1-Real,CH,HYD500,2045-Hlow,3809.555975966814,10628.057818796517,1.8821061058513384,413.7802174210236,0.10861638994975308,2.7898416208726946,5,HYD500,500,633.8810214528671,0.0,0.0,8.5,0.0,0.0
