Hshld_code,Loc_code,SH_code,Grid_code,P_annual (kWh),Q_annual (kWh),P_avg_peak (kW),kgCO2,kgCO2_kWh_dispatched,sCOP_annual,Occ_code,DW_code,Tank_Volume (L),Q_standing_losses_annual (kWh),unmet_demand_DW (L.K),unmet_demand_DW (min),HP_cap,unmet_demand_SH (L.K),unmet_demand_SH (min)
Mod-Nom-Ideal,AK,Rl,2024-Hhigh,2233.508469594546,2233.508469594546,1.413018111909291,197.37115094600574,0.08836821244820933,,,,,,,,,,
Mod-Nom-Ideal,AK,Rl,2024-Hlow,2233.508469594546,2233.508469594546,1.413018111909291,360.04687016509683,0.16120237512708288,,,,,,,,,,
Mod-Nom-Ideal,AK,Rl,2025-Hhigh,2233.508469594546,2233.508469594546,1.4467622211843683,151.99980126849778,0.0680542757449631,,,,,,,,,,
Mod-Nom-Ideal,AK,Rl,2025-Hlow,2233.508469594546,2233.508469594546,1.4200183063756628,302.3162677343448,0.13535487859118125,,,,,,,,,,
Mod-Nom-Ideal,AK,Rl,2030-Hhigh,2233.508469594546,2233.508469594546,1.4200183063756628,125.64935193158239,0.0562564922596384,,,,,,,,,,
Mod-Nom-Ideal,AK,Rl,2030-Hlow,2233.508469594546,2233.508469594546,1.4200183063756628,236.9724241911919,0.10609873542776851,,,,,,,,,,
Mod-Nom-Ideal,AK,Rl,2035-Hhigh,2233.508469594546,2233.508469594546,1.4200183063756628,132.13331338000313,0.05915953092579478,,,,,,,,,,
Mod-Nom-Ideal,AK,Rl,2035-Hlow,2233.508469594546,2233.508469594546,1.4200183063756628,211.10348228212084,0.0945165353773845,,,,,,,,,,
Mod-Nom-Ideal,AK,Rl,2040-Hhigh,2233.508469594546,2233.508469594546,1.4200183063756628,146.36828128561686,0.06553289735775546,,,,,,,,,,
Mod-Nom-Ideal,AK,Rl,2040-Hlow,2233.508469594546,2233.508469594546,1.4200183063756628,238.9056808062298,0.10696430484080452,,,,,,,,,,
Mod-Nom-Ideal,AK,Rl,2045-Hhigh,2233.508469594546,2233.508469594546,1.4200183063756628,172.12919853187435,0.07706673194891504,,,,,,,,,,
Mod-Nom-Ideal,AK,Rl,2045-Hlow,2233.508469594546,2233.508469594546,1.4200183063756628,264.82783012396993,0.1185703272358957,,,,,,,,,,
Mod-Nom-Ideal,AK,Rb,2024-Hhigh,1157.0023147021138,1157.0023147021138,0.4177784950669235,96.87198959913238,0.08372670336798194,,,,,,,,,,
Mod-Nom-Ideal,AK,Rb,2024-Hlow,1157.0023147021138,1157.0023147021138,0.4177784950669235,206.69707772544805,0.17864880225297133,,,,,,,,,,
Mod-Nom-Ideal,AK,Rb,2025-Hhigh,1157.0023147021138,1157.0023147021138,0.4527943278982247,74.5117209720459,0.06440066715962445,,,,,,,,,,
Mod-Nom-Ideal,AK,Rb,2025-Hlow,1157.0023147021138,1157.0023147021138,0.4177784950669235,172.9022618652248,0.1494398582164815,,,,,,,,,,
Mod-Nom-Ideal,AK,Rb,2030-Hhigh,1157.0023147021138,1157.0023147021138,0.4177784950669235,62.14450924354715,0.05371165507092966,,,,,,,,,,
Mod-Nom-Ideal,AK,Rb,2030-Hlow,1157.0023147021138,1157.0023147021138,0.4177784950669235,135.5258918084626,0.11713536791268703,,,,,,,,,,
Mod-Nom-Ideal,AK,Rb,2035-Hhigh,1157.0023147021138,1157.0023147021138,0.4177784950669235,69.18886990148908,0.059800113640483696,,,,,,,,,,
Mod-Nom-Ideal,AK,Rb,2035-Hlow,1157.0023147021138,1157.0023147021138,0.4177784950669235,123.2334923676206,0.10651101627169066,,,,,,,,,,
Mod-Nom-Ideal,AK,Rb,2040-Hhigh,1157.0023147021138,1157.0023147021138,0.4177784950669235,78.52687442811843,0.0678709743535269,,,,,,,,,,
Mod-Nom-Ideal,AK,Rb,2040-Hlow,1157.0023147021138,1157.0023147021138,0.4177784950669235,138.02611991395435,0.11929632132973828,,,,,,,,,,
Mod-Nom-Ideal,AK,Rb,2045-Hhigh,1157.0023147021138,1157.0023147021138,0.4177784950669235,90.99201707787158,0.07864462838287296,,,,,,,,,,
Mod-Nom-Ideal,AK,Rb,2045-Hlow,1157.0023147021138,1157.0023147021138,0.4177784950669235,148.93959256242704,0.12872886308855275,,,,,,,,,,
Mod-Nom-Ideal,AK,R,2024-Hhigh,3390.510784296661,3390.510784296661,1.830796606976215,294.2431405451381,0.08678431046671244,,,,,,,,,,
Mod-Nom-Ideal,AK,R,2024-Hlow,3390.510784296661,3390.510784296661,1.830796606976215,566.7439478905446,0.16715591954918732,,,,,,,,,,
Mod-Nom-Ideal,AK,R,2025-Hhigh,3390.510784296661,3390.510784296661,1.8995565490825932,226.51152224054363,0.06680749204209711,,,,,,,,,,
Mod-Nom-Ideal,AK,R,2025-Hlow,3390.510784296661,3390.510784296661,1.8377968014425867,475.2185295995696,0.1401613384627976,,,,,,,,,,
Mod-Nom-Ideal,AK,R,2030-Hhigh,3390.510784296661,3390.510784296661,1.8377968014425867,187.79386117512954,0.055388073692290624,,,,,,,,,,
Mod-Nom-Ideal,AK,R,2030-Hlow,3390.510784296661,3390.510784296661,1.8377968014425867,372.4983159996546,0.10986495537041241,,,,,,,,,,
Mod-Nom-Ideal,AK,R,2035-Hhigh,3390.510784296661,3390.510784296661,1.8377968014425867,201.32218328149224,0.05937812798411588,,,,,,,,,,
Mod-Nom-Ideal,AK,R,2035-Hlow,3390.510784296661,3390.510784296661,1.8377968014425867,334.33697464974136,0.09860961840860134,,,,,,,,,,
Mod-Nom-Ideal,AK,R,2040-Hhigh,3390.510784296661,3390.510784296661,1.8377968014425867,224.89515571373533,0.06633075958800949,,,,,,,,,,
Mod-Nom-Ideal,AK,R,2040-Hlow,3390.510784296661,3390.510784296661,1.8377968014425867,376.9318007201842,0.11117257094888616,,,,,,,,,,
Mod-Nom-Ideal,AK,R,2045-Hhigh,3390.510784296661,3390.510784296661,1.8377968014425867,263.121215609746,0.07760518469028517,,,,,,,,,,
Mod-Nom-Ideal,AK,R,2045-Hlow,3390.510784296661,3390.510784296661,1.8377968014425867,413.76742268639697,0.12203689916067625,,,,,,,,,,
Mod-H1-Ideal,AK,Rl,2024-Hhigh,1684.7373555181127,1684.7373555181127,1.1538501469480826,144.95203149622313,0.08603835548695693,,,,,,,,,,
Mod-H1-Ideal,AK,Rl,2024-Hlow,1684.7373555181127,1684.7373555181127,1.1538501469480826,275.96145139292395,0.16380087405853042,,,,,,,,,,
Mod-H1-Ideal,AK,Rl,2025-Hhigh,1684.7373555181127,1684.7373555181127,1.1836010366289302,110.8860006423229,0.06581797470040769,,,,,,,,,,
Mod-H1-Ideal,AK,Rl,2025-Hlow,1684.7373555181127,1684.7373555181127,1.1512813660895267,231.6378438049063,0.13749196160826502,,,,,,,,,,
Mod-H1-Ideal,AK,Rl,2030-Hhigh,1684.7373555181127,1684.7373555181127,1.1512813660895267,91.80197824108541,0.05449037972619373,,,,,,,,,,
Mod-H1-Ideal,AK,Rl,2030-Hlow,1684.7373555181127,1684.7373555181127,1.1512813660895267,181.00471868695016,0.10743794461142295,,,,,,,,,,
Mod-H1-Ideal,AK,Rl,2035-Hhigh,1684.7373555181127,1684.7373555181127,1.1512813660895267,97.84262926222262,0.05807589470355915,,,,,,,,,,
Mod-H1-Ideal,AK,Rl,2035-Hlow,1684.7373555181127,1684.7373555181127,1.1512813660895267,161.03040382762364,0.09558190379063652,,,,,,,,,,
Mod-H1-Ideal,AK,Rl,2040-Hhigh,1684.7373555181127,1684.7373555181127,1.1512813660895267,108.86092241756168,0.0646159605003139,,,,,,,,,,
Mod-H1-Ideal,AK,Rl,2040-Hlow,1684.7373555181127,1684.7373555181127,1.1512813660895267,183.24630389638833,0.10876846963486127,,,,,,,,,,
Mod-H1-Ideal,AK,Rl,2045-Hhigh,1684.7373555181127,1684.7373555181127,1.1512813660895267,127.74309145548465,0.07582374251813238,,,,,,,,,,
Mod-H1-Ideal,AK,Rl,2045-Hlow,1684.7373555181127,1684.7373555181127,1.1512813660895267,202.41108818655948,0.12014400198558627,,,,,,,,,,
Mod-H1-Ideal,AK,Rb,2024-Hhigh,577.4506731790643,577.4506731790643,0.3233454045991835,50.30280509896025,0.08711186502221224,,,,,,,,,,
Mod-H1-Ideal,AK,Rb,2024-Hlow,577.4506731790643,577.4506731790643,0.3233454045991835,108.54777124151234,0.1879775646358148,,,,,,,,,,
Mod-H1-Ideal,AK,Rb,2025-Hhigh,577.4506731790643,577.4506731790643,0.35110671598147764,38.751419943843814,0.06710775784623114,,,,,,,,,,
Mod-H1-Ideal,AK,Rb,2025-Hlow,577.4506731790643,577.4506731790643,0.3233454045991835,92.61957461910052,0.16039391574209783,,,,,,,,,,
Mod-H1-Ideal,AK,Rb,2030-Hhigh,577.4506731790643,577.4506731790643,0.3233454045991835,32.40703411470799,0.05612086992001609,,,,,,,,,,
Mod-H1-Ideal,AK,Rb,2030-Hlow,577.4506731790643,577.4506731790643,0.3233454045991835,72.78147723848403,0.12603929758674798,,,,,,,,,,
Mod-H1-Ideal,AK,Rb,2035-Hhigh,577.4506731790643,577.4506731790643,0.3233454045991835,36.115393359882184,0.06254281973740637,,,,,,,,,,
Mod-H1-Ideal,AK,Rb,2035-Hlow,577.4506731790643,577.4506731790643,0.3233454045991835,63.786410554646054,0.11046209402351191,,,,,,,,,,
Mod-H1-Ideal,AK,Rb,2040-Hhigh,577.4506731790643,577.4506731790643,0.3233454045991835,40.70701897431066,0.07049436577881975,,,,,,,,,,
Mod-H1-Ideal,AK,Rb,2040-Hlow,577.4506731790643,577.4506731790643,0.3233454045991835,73.43048533045898,0.12716321712155765,,,,,,,,,,
Mod-H1-Ideal,AK,Rb,2045-Hhigh,577.4506731790643,577.4506731790643,0.3233454045991835,47.69224101224205,0.08259102158402531,,,,,,,,,,
Mod-H1-Ideal,AK,Rb,2045-Hlow,577.4506731790643,577.4506731790643,0.3233454045991835,80.06779907951912,0.1386573828699833,,,,,,,,,,
Mod-H1-Ideal,AK,R,2024-Hhigh,2262.1880286971764,2262.1880286971764,1.477195551547266,195.2548365951834,0.08631238169341442,,,,,,,,,,
Mod-H1-Ideal,AK,R,2024-Hlow,2262.1880286971764,2262.1880286971764,1.477195551547266,384.50922263443624,0.16997226479705144,,,,,,,,,,
Mod-H1-Ideal,AK,R,2025-Hhigh,2262.1880286971764,2262.1880286971764,1.5347077526104074,149.63742058616668,0.06614720734436245,,,,,,,,,,
Mod-H1-Ideal,AK,R,2025-Hlow,2262.1880286971764,2262.1880286971764,1.4746267706887102,324.2574184240068,0.14333796055438897,,,,,,,,,,
Mod-H1-Ideal,AK,R,2030-Hhigh,2262.1880286971764,2262.1880286971764,1.4746267706887102,124.20901235579336,0.054906581937544316,,,,,,,,,,
Mod-H1-Ideal,AK,R,2030-Hlow,2262.1880286971764,2262.1880286971764,1.4746267706887102,253.78619592543427,0.11218616344265293,,,,,,,,,,
Mod-H1-Ideal,AK,R,2035-Hhigh,2262.1880286971764,2262.1880286971764,1.4746267706887102,133.95802262210475,0.05921613098591673,,,,,,,,,,
Mod-H1-Ideal,AK,R,2035-Hlow,2262.1880286971764,2262.1880286971764,1.4746267706887102,224.81681438226968,0.09938025112428193,,,,,,,,,,
Mod-H1-Ideal,AK,R,2040-Hhigh,2262.1880286971764,2262.1880286971764,1.4746267706887102,149.56794139187232,0.06611649407322276,,,,,,,,,,
Mod-H1-Ideal,AK,R,2040-Hlow,2262.1880286971764,2262.1880286971764,1.4746267706887102,256.6767892268472,0.11346394993287569,,,,,,,,,,
Mod-H1-Ideal,AK,R,2045-Hhigh,2262.1880286971764,2262.1880286971764,1.4746267706887102,175.4353324677267,0.07755117180456578,,,,,,,,,,
Mod-H1-Ideal,AK,R,2045-Hlow,2262.1880286971764,2262.1880286971764,1.4746267706887102,282.4788872660787,0.12486976488367413,,,,,,,,,,
Mod-Nom-Real,AK,Rl,2024-Hhigh,2238.2603680441844,2238.2603680441844,1.418554339128554,197.73466499941424,0.08834301309288556,,,,,,,,,,
Mod-Nom-Real,AK,Rl,2024-Hlow,2238.2603680441844,2238.2603680441844,1.418554339128554,360.8666465642325,0.16122639337065223,,,,,,,,,,
Mod-Nom-Real,AK,Rl,2025-Hhigh,2238.2603680441844,2238.2603680441844,1.4527321038083099,152.26975028306828,0.06803040095649068,,,,,,,,,,
Mod-Nom-Real,AK,Rl,2025-Hlow,2238.2603680441844,2238.2603680441844,1.4252819636628475,302.989382633732,0.13536824712599785,,,,,,,,,,
Mod-Nom-Real,AK,Rl,2030-Hhigh,2238.2603680441844,2238.2603680441844,1.4252819636628475,125.87317660112234,0.05623705731389582,,,,,,,,,,
Mod-Nom-Real,AK,Rl,2030-Hlow,2238.2603680441844,2238.2603680441844,1.4252819636628475,237.48173047586653,0.10610103000813108,,,,,,,,,,
Mod-Nom-Real,AK,Rl,2035-Hhigh,2238.2603680441844,2238.2603680441844,1.4252819636628475,132.38001288893977,0.0591441526548651,,,,,,,,,,
Mod-Nom-Real,AK,Rl,2035-Hlow,2238.2603680441844,2238.2603680441844,1.4252819636628475,211.56840003978922,0.0945235876309868,,,,,,,,,,
Mod-Nom-Real,AK,Rl,2040-Hhigh,2238.2603680441844,2238.2603680441844,1.4252819636628475,146.64348413609997,0.06551672282176832,,,,,,,,,,
Mod-Nom-Real,AK,Rl,2040-Hlow,2238.2603680441844,2238.2603680441844,1.4252819636628475,239.44602636210837,0.10697862937694726,,,,,,,,,,
Mod-Nom-Real,AK,Rl,2045-Hhigh,2238.2603680441844,2238.2603680441844,1.4252819636628475,172.44645789527704,0.07704486053423829,,,,,,,,,,
Mod-Nom-Real,AK,Rl,2045-Hlow,2238.2603680441844,2238.2603680441844,1.4252819636628475,265.4077996743793,0.11857771484659556,,,,,,,,,,
Mod-Nom-Real,AK,Rb,2024-Hhigh,836.5585200238972,836.5585200238972,0.46154224960032514,75.35184509324492,0.09007360906573805,,,,,,,,,,
Mod-Nom-Real,AK,Rb,2024-Hlow,836.5585200238972,836.5585200238972,0.46154224960032514,147.47934449027414,0.17629292029212879,,,,,,,,,,
Mod-Nom-Real,AK,Rb,2025-Hhigh,836.5585200238972,836.5585200238972,0.49973244579597353,58.32917340492703,0.06972515611132715,,,,,,,,,,
Mod-Nom-Real,AK,Rb,2025-Hlow,836.5585200238972,836.5585200238972,0.46154224960032514,126.6682666116277,0.15141590645446928,,,,,,,,,,
Mod-Nom-Real,AK,Rb,2030-Hhigh,836.5585200238972,836.5585200238972,0.46154224960032514,48.75956505411246,0.058285898579718706,,,,,,,,,,
Mod-Nom-Real,AK,Rb,2030-Hlow,836.5585200238972,836.5585200238972,0.46154224960032514,100.36956427709612,0.1199791310167147,,,,,,,,,,
Mod-Nom-Real,AK,Rb,2035-Hhigh,836.5585200238972,836.5585200238972,0.46154224960032514,52.61219398256358,0.06289122963096551,,,,,,,,,,
Mod-Nom-Real,AK,Rb,2035-Hlow,836.5585200238972,836.5585200238972,0.46154224960032514,87.10897132878982,0.10412776780553434,,,,,,,,,,
Mod-Nom-Real,AK,Rb,2040-Hhigh,836.5585200238972,836.5585200238972,0.46154224960032514,58.84397304198283,0.07034053402540433,,,,,,,,,,
Mod-Nom-Real,AK,Rb,2040-Hlow,836.5585200238972,836.5585200238972,0.46154224960032514,100.67474993985618,0.1203439419121334,,,,,,,,,,
Mod-Nom-Real,AK,Rb,2045-Hhigh,836.5585200238972,836.5585200238972,0.46154224960032514,69.8320401256328,0.08347537973032415,,,,,,,,,,
Mod-Nom-Real,AK,Rb,2045-Hlow,836.5585200238972,836.5585200238972,0.46154224960032514,111.38170586637315,0.13314275475096637,,,,,,,,,,
Mod-Nom-Real,AK,R,2024-Hhigh,3074.818888068081,3074.818888068081,1.880096588728879,273.08651009265895,0.08881385214341522,,,,,,,,,,
Mod-Nom-Real,AK,R,2024-Hlow,3074.818888068081,3074.818888068081,1.880096588728879,508.3459910545066,0.16532550682160735,,,,,,,,,,
Mod-Nom-Real,AK,R,2025-Hhigh,3074.818888068081,3074.818888068081,1.9524645496042834,210.59892368799532,0.06849148888255832,,,,,,,,,,
Mod-Nom-Real,AK,R,2025-Hlow,3074.818888068081,3074.818888068081,1.8868242132631732,429.6576492453598,0.13973429489218311,,,,,,,,,,
Mod-Nom-Real,AK,R,2030-Hhigh,3074.818888068081,3074.818888068081,1.8868242132631732,174.63274165523475,0.05679448058970299,,,,,,,,,,
Mod-Nom-Real,AK,R,2030-Hlow,3074.818888068081,3074.818888068081,1.8868242132631732,337.8512947529626,0.1098768113022864,,,,,,,,,,
Mod-Nom-Real,AK,R,2035-Hhigh,3074.818888068081,3074.818888068081,1.8868242132631732,184.9922068715033,0.060163610803020184,,,,,,,,,,
Mod-Nom-Real,AK,R,2035-Hlow,3074.818888068081,3074.818888068081,1.8868242132631732,298.677371368579,0.09713657364588357,,,,,,,,,,
Mod-Nom-Real,AK,R,2040-Hhigh,3074.818888068081,3074.818888068081,1.8868242132631732,205.48745717808285,0.06682912544068288,,,,,,,,,,
Mod-Nom-Real,AK,R,2040-Hlow,3074.818888068081,3074.818888068081,1.8868242132631732,340.12077630196455,0.11061489755439338,,,,,,,,,,
Mod-Nom-Real,AK,R,2045-Hhigh,3074.818888068081,3074.818888068081,1.8868242132631732,242.27849802090978,0.07879439630121896,,,,,,,,,,
Mod-Nom-Real,AK,R,2045-Hlow,3074.818888068081,3074.818888068081,1.8868242132631732,376.7895055407524,0.12254038994065451,,,,,,,,,,
Mod-H1-Real,AK,Rl,2024-Hhigh,1686.91804868813,1686.91804868813,1.1561874556500746,145.1373988039814,0.08603701816863646,,,,,,,,,,
Mod-H1-Real,AK,Rl,2024-Hlow,1686.91804868813,1686.91804868813,1.1561874556500746,276.4031654603905,0.16385097407389865,,,,,,,,,,
Mod-H1-Real,AK,Rl,2025-Hhigh,1686.91804868813,1686.91804868813,1.1860190077994366,111.01979348189026,0.06581220324735236,,,,,,,,,,
Mod-H1-Real,AK,Rl,2025-Hlow,1686.91804868813,1686.91804868813,1.1535714060777156,232.0133278191112,0.1375368103978386,,,,,,,,,,
Mod-H1-Real,AK,Rl,2030-Hhigh,1686.91804868813,1686.91804868813,1.1535714060777156,91.91548807069954,0.05448722784262086,,,,,,,,,,
Mod-H1-Real,AK,Rl,2030-Hlow,1686.91804868813,1686.91804868813,1.1535714060777156,181.2912967888237,0.10746894132160657,,,,,,,,,,
Mod-H1-Real,AK,Rl,2035-Hhigh,1686.91804868813,1686.91804868813,1.1535714060777156,97.97184168997849,0.05807741624803203,,,,,,,,,,
Mod-H1-Real,AK,Rl,2035-Hlow,1686.91804868813,1686.91804868813,1.1535714060777156,161.28192239224262,0.09560744371528133,,,,,,,,,,
Mod-H1-Real,AK,Rl,2040-Hhigh,1686.91804868813,1686.91804868813,1.1535714060777156,109.0048848160419,0.0646177713854043,,,,,,,,,,
Mod-H1-Real,AK,Rl,2040-Hlow,1686.91804868813,1686.91804868813,1.1535714060777156,183.5422174427138,0.10880328038783481,,,,,,,,,,
Mod-H1-Real,AK,Rl,2045-Hhigh,1686.91804868813,1686.91804868813,1.1535714060777156,127.91028163434555,0.07582483436810572,,,,,,,,,,
Mod-H1-Real,AK,Rl,2045-Hlow,1686.91804868813,1686.91804868813,1.1535714060777156,202.73470152800326,0.12018052784820489,,,,,,,,,,
Mod-H1-Real,AK,Rb,2024-Hhigh,498.34919189280527,498.34919189280527,0.3483264724931247,45.05477658440709,0.09040804583886704,,,,,,,,,,
Mod-H1-Real,AK,Rb,2024-Hlow,498.34919189280527,498.34919189280527,0.3483264724931247,92.13673063524261,0.18488387687615873,,,,,,,,,,
Mod-H1-Real,AK,Rb,2025-Hhigh,498.34919189280527,498.34919189280527,0.37808855165991684,34.78466118105994,0.06979977442913583,,,,,,,,,,
Mod-H1-Real,AK,Rb,2025-Hlow,498.34919189280527,498.34919189280527,0.3483264724931247,79.91083798299765,0.1603510937370727,,,,,,,,,,
Mod-H1-Real,AK,Rb,2030-Hhigh,498.34919189280527,498.34919189280527,0.3483264724931247,29.140672183099955,0.058474404407919865,,,,,,,,,,
Mod-H1-Real,AK,Rb,2030-Hlow,498.34919189280527,498.34919189280527,0.3483264724931247,63.20744470179242,0.12683364542384634,,,,,,,,,,
Mod-H1-Real,AK,Rb,2035-Hhigh,498.34919189280527,498.34919189280527,0.3483264724931247,31.949688198357368,0.06411104646725249,,,,,,,,,,
Mod-H1-Real,AK,Rb,2035-Hlow,498.34919189280527,498.34919189280527,0.3483264724931247,53.96226958334475,0.108282044921931,,,,,,,,,,
Mod-H1-Real,AK,Rb,2040-Hhigh,498.34919189280527,498.34919189280527,0.3483264724931247,35.7536414299374,0.07174415452373804,,,,,,,,,,
Mod-H1-Real,AK,Rb,2040-Hlow,498.34919189280527,498.34919189280527,0.3483264724931247,63.46976705144174,0.12736002803651394,,,,,,,,,,
Mod-H1-Real,AK,Rb,2045-Hhigh,498.34919189280527,498.34919189280527,0.3483264724931247,42.30497055996712,0.0848902160336339,,,,,,,,,,
Mod-H1-Real,AK,Rb,2045-Hlow,498.34919189280527,498.34919189280527,0.3483264724931247,70.086770593935,0.14063787347128004,,,,,,,,,,
Mod-H1-Real,AK,R,2024-Hhigh,2185.267240580935,2185.267240580935,1.504513928143199,190.1921753883885,0.087033829023963,,,,,,,,,,
Mod-H1-Real,AK,R,2024-Hlow,2185.267240580935,2185.267240580935,1.504513928143199,368.5398960956332,0.16864751791074303,,,,,,,,,,
Mod-H1-Real,AK,R,2025-Hhigh,2185.267240580935,2185.267240580935,1.564107559459353,145.80445466295023,0.06672156702636944,,,,,,,,,,
Mod-H1-Real,AK,R,2025-Hlow,2185.267240580935,2185.267240580935,1.5018978785708403,311.924165802109,0.1427395972490699,,,,,,,,,,
Mod-H1-Real,AK,R,2030-Hhigh,2185.267240580935,2185.267240580935,1.5018978785708403,121.05616025379946,0.055396501629529624,,,,,,,,,,
Mod-H1-Real,AK,R,2030-Hlow,2185.267240580935,2185.267240580935,1.5018978785708403,244.49874149061617,0.1118850532100679,,,,,,,,,,
Mod-H1-Real,AK,R,2035-Hhigh,2185.267240580935,2185.267240580935,1.5018978785708403,129.9215298883359,0.05945338285206589,,,,,,,,,,
Mod-H1-Real,AK,R,2035-Hlow,2185.267240580935,2185.267240580935,1.5018978785708403,215.2441919755873,0.09849788070696858,,,,,,,,,,
Mod-H1-Real,AK,R,2040-Hhigh,2185.267240580935,2185.267240580935,1.5018978785708403,144.75852624597928,0.06624293979142636,,,,,,,,,,
Mod-H1-Real,AK,R,2040-Hlow,2185.267240580935,2185.267240580935,1.5018978785708403,247.01198449415543,0.11303513817764888,,,,,,,,,,
Mod-H1-Real,AK,R,2045-Hhigh,2185.267240580935,2185.267240580935,1.5018978785708403,170.21525219431274,0.07789219049888949,,,,,,,,,,
Mod-H1-Real,AK,R,2045-Hlow,2185.267240580935,2185.267240580935,1.5018978785708403,272.82147212193837,0.12484581613432831,,,,,,,,,,
Mod-Nom-Ideal,CH,Rl,2024-Hhigh,5867.6054458022645,5867.6054458022645,3.306742678665111,539.0522806799486,0.09186921064462356,,,,,,,,,,
Mod-Nom-Ideal,CH,Rl,2024-Hlow,5867.6054458022645,5867.6054458022645,3.306742678665111,856.3822536393103,0.14595089283857243,,,,,,,,,,
Mod-Nom-Ideal,CH,Rl,2025-Hhigh,5867.6054458022645,5867.6054458022645,3.3191352799534775,413.27119611808155,0.0704326833041815,,,,,,,,,,
Mod-Nom-Ideal,CH,Rl,2025-Hlow,5867.6054458022645,5867.6054458022645,3.273225512985771,695.7947932159111,0.11858240974837336,,,,,,,,,,
Mod-Nom-Ideal,CH,Rl,2030-Hhigh,5867.6054458022645,5867.6054458022645,3.273225512985771,334.886407906964,0.05707377754012834,,,,,,,,,,
Mod-Nom-Ideal,CH,Rl,2030-Hlow,5867.6054458022645,5867.6054458022645,3.273225512985771,541.3107737299557,0.09225411945808559,,,,,,,,,,
Mod-Nom-Ideal,CH,Rl,2035-Hhigh,5867.6054458022645,5867.6054458022645,3.273225512985771,341.34580751832743,0.05817463540642958,,,,,,,,,,
Mod-Nom-Ideal,CH,Rl,2035-Hlow,5867.6054458022645,5867.6054458022645,3.273225512985771,492.02538802153657,0.08385454553246005,,,,,,,,,,
Mod-Nom-Ideal,CH,Rl,2040-Hhigh,5867.6054458022645,5867.6054458022645,3.273225512985771,366.5384661607917,0.06246815153923079,,,,,,,,,,
Mod-Nom-Ideal,CH,Rl,2040-Hlow,5867.6054458022645,5867.6054458022645,3.273225512985771,542.1091331745753,0.09239018168176336,,,,,,,,,,
Mod-Nom-Ideal,CH,Rl,2045-Hhigh,5867.6054458022645,5867.6054458022645,3.273225512985771,423.9966404507624,0.072260591542346,,,,,,,,,,
Mod-Nom-Ideal,CH,Rl,2045-Hlow,5867.6054458022645,5867.6054458022645,3.273225512985771,600.6689894868657,0.10237037834856287,,,,,,,,,,
Mod-Nom-Ideal,CH,Rb,2024-Hhigh,5056.106238557996,5056.106238557996,1.2883859210267476,458.86514841150233,0.09075464928173085,,,,,,,,,,
Mod-Nom-Ideal,CH,Rb,2024-Hlow,5056.106238557996,5056.106238557996,1.2883859210267476,812.6399972655771,0.16072447035791368,,,,,,,,,,
Mod-Nom-Ideal,CH,Rb,2025-Hhigh,5056.106238557996,5056.106238557996,1.3847368434948049,352.768264000007,0.06977073806515123,,,,,,,,,,
Mod-Nom-Ideal,CH,Rb,2025-Hlow,5056.106238557996,5056.106238557996,1.2883859210267476,663.0074254993151,0.13113004241153073,,,,,,,,,,
Mod-Nom-Ideal,CH,Rb,2030-Hhigh,5056.106238557996,5056.106238557996,1.2883859210267476,288.19577575681257,0.056999549091556696,,,,,,,,,,
Mod-Nom-Ideal,CH,Rb,2030-Hlow,5056.106238557996,5056.106238557996,1.2883859210267476,516.4420850167164,0.10214225347527625,,,,,,,,,,
Mod-Nom-Ideal,CH,Rb,2035-Hhigh,5056.106238557996,5056.106238557996,1.2883859210267476,310.7168583905664,0.061453783550082804,,,,,,,,,,
Mod-Nom-Ideal,CH,Rb,2035-Hlow,5056.106238557996,5056.106238557996,1.2883859210267476,482.385911829286,0.09540660125979922,,,,,,,,,,
Mod-Nom-Ideal,CH,Rb,2040-Hhigh,5056.106238557996,5056.106238557996,1.2883859210267476,345.5266238946064,0.06833848174700355,,,,,,,,,,
Mod-Nom-Ideal,CH,Rb,2040-Hlow,5056.106238557996,5056.106238557996,1.2883859210267476,527.5421792536846,0.10433763737609672,,,,,,,,,,
Mod-Nom-Ideal,CH,Rb,2045-Hhigh,5056.106238557996,5056.106238557996,1.2883859210267476,388.21777579848015,0.07678196570276183,,,,,,,,,,
Mod-Nom-Ideal,CH,Rb,2045-Hlow,5056.106238557996,5056.106238557996,1.2883859210267476,564.0050460392855,0.11154928702608512,,,,,,,,,,
Mod-Nom-Ideal,CH,R,2024-Hhigh,10923.711684360258,10923.711684360258,4.595128599691859,997.9174290914506,0.09135332915461263,,,,,,,,,,
Mod-Nom-Ideal,CH,R,2024-Hlow,10923.711684360258,10923.711684360258,4.595128599691859,1669.022250904887,0.15278893283996742,,,,,,,,,,
Mod-Nom-Ideal,CH,R,2025-Hhigh,10923.711684360258,10923.711684360258,4.703872123448281,766.0394601180888,0.07012629793359028,,,,,,,,,,
Mod-Nom-Ideal,CH,R,2025-Hlow,10923.711684360258,10923.711684360258,4.561611434012518,1358.8022187152267,0.12439015766597508,,,,,,,,,,
Mod-Nom-Ideal,CH,R,2030-Hhigh,10923.711684360258,10923.711684360258,4.561611434012518,623.0821836637765,0.05703942045228622,,,,,,,,,,
Mod-Nom-Ideal,CH,R,2030-Hlow,10923.711684360258,10923.711684360258,4.561611434012518,1057.7528587466718,0.09683090228947383,,,,,,,,,,
Mod-Nom-Ideal,CH,R,2035-Hhigh,10923.711684360258,10923.711684360258,4.561611434012518,652.0626659088938,0.059692409022701294,,,,,,,,,,
Mod-Nom-Ideal,CH,R,2035-Hlow,10923.711684360258,10923.711684360258,4.561611434012518,974.4112998508225,0.08920148462412375,,,,,,,,,,
Mod-Nom-Ideal,CH,R,2040-Hhigh,10923.711684360258,10923.711684360258,4.561611434012518,712.065090055398,0.0651852694972606,,,,,,,,,,
Mod-Nom-Ideal,CH,R,2040-Hlow,10923.711684360258,10923.711684360258,4.561611434012518,1069.6513124282603,0.09792013404745073,,,,,,,,,,
Mod-Nom-Ideal,CH,R,2045-Hhigh,10923.711684360258,10923.711684360258,4.561611434012518,812.214416249243,0.0743533370083458,,,,,,,,,,
Mod-Nom-Ideal,CH,R,2045-Hlow,10923.711684360258,10923.711684360258,4.561611434012518,1164.6740355261504,0.10661889192788221,,,,,,,,,,
Mod-H1-Ideal,CH,Rl,2024-Hhigh,4986.386754278528,4986.386754278528,2.8874559679319654,448.5682354975635,0.08995857273057954,,,,,,,,,,
Mod-H1-Ideal,CH,Rl,2024-Hlow,4986.386754278528,4986.386754278528,2.8874559679319654,733.658480650331,0.14713228572188494,,,,,,,,,,
Mod-H1-Ideal,CH,Rl,2025-Hhigh,4986.386754278528,4986.386754278528,2.8977404495428636,341.9829818253787,0.06858332469537046,,,,,,,,,,
Mod-H1-Ideal,CH,Rl,2025-Hlow,4986.386754278528,4986.386754278528,2.860592324810011,596.054742930528,0.11953640427491673,,,,,,,,,,
Mod-H1-Ideal,CH,Rl,2030-Hhigh,4986.386754278528,4986.386754278528,2.860592324810011,277.6663467234165,0.055684879734843505,,,,,,,,,,
Mod-H1-Ideal,CH,Rl,2030-Hlow,4986.386754278528,4986.386754278528,2.860592324810011,463.12767075922454,0.09287840947392251,,,,,,,,,,
Mod-H1-Ideal,CH,Rl,2035-Hhigh,4986.386754278528,4986.386754278528,2.860592324810011,284.5351750993479,0.05706239590324694,,,,,,,,,,
Mod-H1-Ideal,CH,Rl,2035-Hlow,4986.386754278528,4986.386754278528,2.860592324810011,421.68847954343397,0.0845679447510981,,,,,,,,,,
Mod-H1-Ideal,CH,Rl,2040-Hhigh,4986.386754278528,4986.386754278528,2.860592324810011,306.8930185736523,0.0615461723482089,,,,,,,,,,
Mod-H1-Ideal,CH,Rl,2040-Hlow,4986.386754278528,4986.386754278528,2.860592324810011,465.2583709283945,0.09330571290507769,,,,,,,,,,
Mod-H1-Ideal,CH,Rl,2045-Hhigh,4986.386754278528,4986.386754278528,2.860592324810011,354.8373199533131,0.07116121100090117,,,,,,,,,,
Mod-H1-Ideal,CH,Rl,2045-Hlow,4986.386754278528,4986.386754278528,2.860592324810011,514.7112298546136,0.1032232867643028,,,,,,,,,,
Mod-H1-Ideal,CH,Rb,2024-Hhigh,3477.17992782906,3477.17992782906,1.0612176495757195,316.64028025788116,0.0910623800982229,,,,,,,,,,
Mod-H1-Ideal,CH,Rb,2024-Hlow,3477.17992782906,3477.17992782906,1.0612176495757195,585.5423777979962,0.16839576609530624,,,,,,,,,,
Mod-H1-Ideal,CH,Rb,2025-Hhigh,3477.17992782906,3477.17992782906,1.1392495656342032,243.37259390899672,0.0699913720199529,,,,,,,,,,
Mod-H1-Ideal,CH,Rb,2025-Hlow,3477.17992782906,3477.17992782906,1.0612176495757195,481.6758039963122,0.13852484311821084,,,,,,,,,,
Mod-H1-Ideal,CH,Rb,2030-Hhigh,3477.17992782906,3477.17992782906,1.0612176495757195,199.69586991717225,0.05743041029281744,,,,,,,,,,
Mod-H1-Ideal,CH,Rb,2030-Hlow,3477.17992782906,3477.17992782906,1.0612176495757195,375.8683174050022,0.10809573424624924,,,,,,,,,,
Mod-H1-Ideal,CH,Rb,2035-Hhigh,3477.17992782906,3477.17992782906,1.0612176495757195,216.216365201703,0.06218152919590082,,,,,,,,,,
Mod-H1-Ideal,CH,Rb,2035-Hlow,3477.17992782906,3477.17992782906,1.0612176495757195,347.6049611740327,0.09996749331032063,,,,,,,,,,
Mod-H1-Ideal,CH,Rb,2040-Hhigh,3477.17992782906,3477.17992782906,1.0612176495757195,241.38807646697646,0.06942064589038523,,,,,,,,,,
Mod-H1-Ideal,CH,Rb,2040-Hlow,3477.17992782906,3477.17992782906,1.0612176495757195,383.40142196253686,0.11026217507297915,,,,,,,,,,
Mod-H1-Ideal,CH,Rb,2045-Hhigh,3477.17992782906,3477.17992782906,1.0612176495757195,273.7492590221605,0.07872737813515245,,,,,,,,,,
Mod-H1-Ideal,CH,Rb,2045-Hlow,3477.17992782906,3477.17992782906,1.0612176495757195,411.5544249213745,0.11835867958041622,,,,,,,,,,
Mod-H1-Ideal,CH,R,2024-Hhigh,8463.566682107588,8463.566682107588,3.9486736175076853,765.2085157554446,0.09041206201791196,,,,,,,,,,
Mod-H1-Ideal,CH,R,2024-Hlow,8463.566682107588,8463.566682107588,3.9486736175076853,1319.200858448327,0.15586819458009174,,,,,,,,,,
Mod-H1-Ideal,CH,R,2025-Hhigh,8463.566682107588,8463.566682107588,4.036990015177067,585.3555757343753,0.06916180822109512,,,,,,,,,,
Mod-H1-Ideal,CH,R,2025-Hlow,8463.566682107588,8463.566682107588,3.9218099743857304,1077.7305469268404,0.12733763286880195,,,,,,,,,,
Mod-H1-Ideal,CH,R,2030-Hhigh,8463.566682107588,8463.566682107588,3.9218099743857304,477.3622166405888,0.05640201519883537,,,,,,,,,,
Mod-H1-Ideal,CH,R,2030-Hlow,8463.566682107588,8463.566682107588,3.9218099743857304,838.9959881642262,0.09913030991271168,,,,,,,,,,
Mod-H1-Ideal,CH,R,2035-Hhigh,8463.566682107588,8463.566682107588,3.9218099743857304,500.75154030105097,0.05916554558017074,,,,,,,,,,
Mod-H1-Ideal,CH,R,2035-Hlow,8463.566682107588,8463.566682107588,3.9218099743857304,769.2934407174666,0.09089471018687573,,,,,,,,,,
Mod-H1-Ideal,CH,R,2040-Hhigh,8463.566682107588,8463.566682107588,3.9218099743857304,548.2810950406285,0.06478132868022683,,,,,,,,,,
Mod-H1-Ideal,CH,R,2040-Hlow,8463.566682107588,8463.566682107588,3.9218099743857304,848.659792890931,0.10027212223483052,,,,,,,,,,
Mod-H1-Ideal,CH,R,2045-Hhigh,8463.566682107588,8463.566682107588,3.9218099743857304,628.5865789754738,0.07426970242986776,,,,,,,,,,
Mod-H1-Ideal,CH,R,2045-Hlow,8463.566682107588,8463.566682107588,3.9218099743857304,926.2656547759881,0.10944152619889684,,,,,,,,,,
Mod-Nom-Real,CH,Rl,2024-Hhigh,5901.745137045861,5901.745137045861,3.3339223889723186,542.2166290964369,0.09187394855343504,,,,,,,,,,
Mod-Nom-Real,CH,Rl,2024-Hlow,5901.745137045861,5901.745137045861,3.3339223889723186,861.7094772030099,0.14600926627515154,,,,,,,,,,
Mod-Nom-Real,CH,Rl,2025-Hhigh,5901.745137045861,5901.745137045861,3.346527763028984,415.68013721025864,0.07043342732660407,,,,,,,,,,
Mod-Nom-Real,CH,Rl,2025-Hlow,5901.745137045861,5901.745137045861,3.2995267174784795,700.0679789829894,0.11862050338104076,,,,,,,,,,
Mod-Nom-Real,CH,Rl,2030-Hhigh,5901.745137045861,5901.745137045861,3.2995267174784795,336.83166319311766,0.0570732309463502,,,,,,,,,,
Mod-Nom-Real,CH,Rl,2030-Hlow,5901.745137045861,5901.745137045861,3.2995267174784795,544.6022858205482,0.09227817758547784,,,,,,,,,,
Mod-Nom-Real,CH,Rl,2035-Hhigh,5901.745137045861,5901.745137045861,3.2995267174784795,343.32840072921505,0.05817404729562234,,,,,,,,,,
Mod-Nom-Real,CH,Rl,2035-Hlow,5901.745137045861,5901.745137045861,3.2995267174784795,494.98256107334504,0.08387054160747956,,,,,,,,,,
Mod-Nom-Real,CH,Rl,2040-Hhigh,5901.745137045861,5901.745137045861,3.2995267174784795,368.64381455954805,0.062463526634780095,,,,,,,,,,
Mod-Nom-Real,CH,Rl,2040-Hlow,5901.745137045861,5901.745137045861,3.2995267174784795,545.4068500269569,0.09241450407666404,,,,,,,,,,
Mod-Nom-Real,CH,Rl,2045-Hhigh,5901.745137045861,5901.745137045861,3.2995267174784795,426.4134560375527,0.07225209597088691,,,,,,,,,,
Mod-Nom-Real,CH,Rl,2045-Hlow,5901.745137045861,5901.745137045861,3.2995267174784795,604.2506642184334,0.10238508274874322,,,,,,,,,,
Mod-Nom-Real,CH,Rb,2024-Hhigh,3023.420563786557,3023.420563786557,1.5055982909962213,296.42193284919557,0.09804191199849295,,,,,,,,,,
Mod-Nom-Real,CH,Rb,2024-Hlow,3023.420563786557,3023.420563786557,1.5055982909962213,485.681752107458,0.16063982560837853,,,,,,,,,,
Mod-Nom-Real,CH,Rb,2025-Hhigh,3023.420563786557,3023.420563786557,1.6163631783234875,231.7525023147362,0.07665241980906799,,,,,,,,,,
Mod-Nom-Real,CH,Rb,2025-Hlow,3023.420563786557,3023.420563786557,1.5055982909962213,408.5317939793605,0.13512238385641986,,,,,,,,,,
Mod-Nom-Real,CH,Rb,2030-Hhigh,3023.420563786557,3023.420563786557,1.5055982909962213,190.2150644476032,0.06291386210900685,,,,,,,,,,
Mod-Nom-Real,CH,Rb,2030-Hlow,3023.420563786557,3023.420563786557,1.5055982909962213,323.06546389677953,0.10685429204469313,,,,,,,,,,
Mod-Nom-Real,CH,Rb,2035-Hhigh,3023.420563786557,3023.420563786557,1.5055982909962213,196.24347748699225,0.06490776699660178,,,,,,,,,,
Mod-Nom-Real,CH,Rb,2035-Hlow,3023.420563786557,3023.420563786557,1.5055982909962213,284.0487920678818,0.09394948075372508,,,,,,,,,,
Mod-Nom-Real,CH,Rb,2040-Hhigh,3023.420563786557,3023.420563786557,1.5055982909962213,212.3563795435918,0.07023712879614569,,,,,,,,,,
Mod-Nom-Real,CH,Rb,2040-Hlow,3023.420563786557,3023.420563786557,1.5055982909962213,321.8143933932355,0.10644049896591047,,,,,,,,,,
Mod-Nom-Real,CH,Rb,2045-Hhigh,3023.420563786557,3023.420563786557,1.5055982909962213,249.5378040923865,0.08253492983452598,,,,,,,,,,
Mod-Nom-Real,CH,Rb,2045-Hlow,3023.420563786557,3023.420563786557,1.5055982909962213,357.3948373779436,0.118208773750728,,,,,,,,,,
Mod-Nom-Real,CH,R,2024-Hhigh,8925.16570083242,8925.16570083242,4.83952067996854,838.6385619456327,0.09396336046370721,,,,,,,,,,
Mod-Nom-Real,CH,R,2024-Hlow,8925.16570083242,8925.16570083242,4.83952067996854,1347.391229310468,0.15096540215323973,,,,,,,,,,
Mod-Nom-Real,CH,R,2025-Hhigh,8925.16570083242,8925.16570083242,4.962890941352472,647.4326395249947,0.07254012544154903,,,,,,,,,,
Mod-Nom-Real,CH,R,2025-Hlow,8925.16570083242,8925.16570083242,4.805125008474701,1108.5997729623496,0.12421055363251735,,,,,,,,,,
Mod-Nom-Real,CH,R,2030-Hhigh,8925.16570083242,8925.16570083242,4.805125008474701,527.0467276407206,0.05905175828741922,,,,,,,,,,
Mod-Nom-Real,CH,R,2030-Hlow,8925.16570083242,8925.16570083242,4.805125008474701,867.6677497173278,0.09721587013632736,,,,,,,,,,
Mod-Nom-Real,CH,R,2035-Hhigh,8925.16570083242,8925.16570083242,4.805125008474701,539.5718782162071,0.060455110448636606,,,,,,,,,,
Mod-Nom-Real,CH,R,2035-Hlow,8925.16570083242,8925.16570083242,4.805125008474701,779.0313531412269,0.08728480559958335,,,,,,,,,,
Mod-Nom-Real,CH,R,2040-Hhigh,8925.16570083242,8925.16570083242,4.805125008474701,581.0001941031397,0.06509685238100978,,,,,,,,,,
Mod-Nom-Real,CH,R,2040-Hlow,8925.16570083242,8925.16570083242,4.805125008474701,867.2212434201924,0.09716584234837339,,,,,,,,,,
Mod-Nom-Real,CH,R,2045-Hhigh,8925.16570083242,8925.16570083242,4.805125008474701,675.9512601299391,0.07573542977100083,,,,,,,,,,
Mod-Nom-Real,CH,R,2045-Hlow,8925.16570083242,8925.16570083242,4.805125008474701,961.6455015963768,0.10774539474451296,,,,,,,,,,
Mod-H1-Real,CH,Rl,2024-Hhigh,5012.66436812263,5012.66436812263,2.9068577476079964,450.8715804610798,0.08994649299249666,,,,,,,,,,
Mod-H1-Real,CH,Rl,2024-Hlow,5012.66436812263,5012.66436812263,2.9068577476079964,737.8756984924577,0.14720229488829928,,,,,,,,,,
Mod-H1-Real,CH,Rl,2025-Hhigh,5012.66436812263,5012.66436812263,2.9172172384402977,343.6956142844476,0.06856545522379955,,,,,,,,,,
Mod-H1-Real,CH,Rl,2025-Hlow,5012.66436812263,5012.66436812263,2.879826910982735,599.4127179433308,0.11957966341317723,,,,,,,,,,
Mod-H1-Real,CH,Rl,2030-Hhigh,5012.66436812263,5012.66436812263,2.879826910982735,279.05458787371924,0.05566991272113283,,,,,,,,,,
Mod-H1-Real,CH,Rl,2030-Hlow,5012.66436812263,5012.66436812263,2.879826910982735,465.68932290521894,0.09290255415198115,,,,,,,,,,
Mod-H1-Real,CH,Rl,2035-Hhigh,5012.66436812263,5012.66436812263,2.879826910982735,285.97383127407033,0.05705026514296125,,,,,,,,,,
Mod-H1-Real,CH,Rl,2035-Hlow,5012.66436812263,5012.66436812263,2.879826910982735,424.017443737756,0.08458923490554013,,,,,,,,,,
Mod-H1-Real,CH,Rl,2040-Hhigh,5012.66436812263,5012.66436812263,2.879826910982735,308.4370879088641,0.06153156590142532,,,,,,,,,,
Mod-H1-Real,CH,Rl,2040-Hlow,5012.66436812263,5012.66436812263,2.879826910982735,467.8367275647704,0.09333095001131847,,,,,,,,,,
Mod-H1-Real,CH,Rl,2045-Hhigh,5012.66436812263,5012.66436812263,2.879826910982735,356.6031577597768,0.07114044180327472,,,,,,,,,,
Mod-H1-Real,CH,Rl,2045-Hlow,5012.66436812263,5012.66436812263,2.879826910982735,517.4993545681799,0.10323838114100517,,,,,,,,,,
Mod-H1-Real,CH,Rb,2024-Hhigh,2351.9308081423637,2351.9308081423637,1.3018239034731005,229.22122053800405,0.09746086906317235,,,,,,,,,,
Mod-H1-Real,CH,Rb,2024-Hlow,2351.9308081423637,2351.9308081423637,1.3018239034731005,391.45000335977494,0.1664377208736662,,,,,,,,,,
Mod-H1-Real,CH,Rb,2025-Hhigh,2351.9308081423637,2351.9308081423637,1.3982020331803702,178.7392427454384,0.07599681169473384,,,,,,,,,,
Mod-H1-Real,CH,Rb,2025-Hlow,2351.9308081423637,2351.9308081423637,1.3018239034731005,331.50893186255917,0.14095182167556894,,,,,,,,,,
Mod-H1-Real,CH,Rb,2030-Hhigh,2351.9308081423637,2351.9308081423637,1.3018239034731005,147.28895346924287,0.06262469667871598,,,,,,,,,,
Mod-H1-Real,CH,Rb,2030-Hlow,2351.9308081423637,2351.9308081423637,1.3018239034731005,262.3646188171761,0.11155286452682711,,,,,,,,,,
Mod-H1-Real,CH,Rb,2035-Hhigh,2351.9308081423637,2351.9308081423637,1.3018239034731005,153.14090297319063,0.0651128436444721,,,,,,,,,,
Mod-H1-Real,CH,Rb,2035-Hlow,2351.9308081423637,2351.9308081423637,1.3018239034731005,230.05712562365957,0.09781628134093223,,,,,,,,,,
Mod-H1-Real,CH,Rb,2040-Hhigh,2351.9308081423637,2351.9308081423637,1.3018239034731005,166.86023058045228,0.07094606269996703,,,,,,,,,,
Mod-H1-Real,CH,Rb,2040-Hlow,2351.9308081423637,2351.9308081423637,1.3018239034731005,262.0676542718586,0.11142660037641527,,,,,,,,,,
Mod-H1-Real,CH,Rb,2045-Hhigh,2351.9308081423637,2351.9308081423637,1.3018239034731005,196.69862863207976,0.08363282965260323,,,,,,,,,,
Mod-H1-Real,CH,Rb,2045-Hlow,2351.9308081423637,2351.9308081423637,1.3018239034731005,290.97127228225804,0.12371591514296172,,,,,,,,,,
Mod-H1-Real,CH,R,2024-Hhigh,7364.595176264991,7364.595176264991,4.208681651081097,680.0928009990839,0.09234625729204005,,,,,,,,,,
Mod-H1-Real,CH,R,2024-Hlow,7364.595176264991,7364.595176264991,4.208681651081097,1129.3257018522324,0.1533452518193917,,,,,,,,,,
Mod-H1-Real,CH,R,2025-Hhigh,7364.595176264991,7364.595176264991,4.315419271620667,522.4348570298857,0.07093870668052693,,,,,,,,,,
Mod-H1-Real,CH,R,2025-Hlow,7364.595176264991,7364.595176264991,4.1816508144558355,930.9216498058898,0.1264049995315579,,,,,,,,,,
Mod-H1-Real,CH,R,2030-Hhigh,7364.595176264991,7364.595176264991,4.1816508144558355,426.3435413429621,0.05789096768237917,,,,,,,,,,
Mod-H1-Real,CH,R,2030-Hlow,7364.595176264991,7364.595176264991,4.1816508144558355,728.053941722395,0.09885865065181125,,,,,,,,,,
Mod-H1-Real,CH,R,2035-Hhigh,7364.595176264991,7364.595176264991,4.1816508144558355,439.11473424726086,0.059625101412561436,,,,,,,,,,
Mod-H1-Real,CH,R,2035-Hlow,7364.595176264991,7364.595176264991,4.1816508144558355,654.0745693614158,0.088813377206313,,,,,,,,,,
Mod-H1-Real,CH,R,2040-Hhigh,7364.595176264991,7364.595176264991,4.1816508144558355,475.29731848931647,0.06453814596912671,,,,,,,,,,
Mod-H1-Real,CH,R,2040-Hlow,7364.595176264991,7364.595176264991,4.1816508144558355,729.9043818366285,0.09910991227175707,,,,,,,,,,
Mod-H1-Real,CH,R,2045-Hhigh,7364.595176264991,7364.595176264991,4.1816508144558355,553.3017863918567,0.0751299661623041,,,,,,,,,,
Mod-H1-Real,CH,R,2045-Hlow,7364.595176264991,7364.595176264991,4.1816508144558355,808.4706268504378,0.1097780132512945,,,,,,,,,,
Mass-Nom-Ideal,AK,Rl,2024-Hhigh,1563.8815104525415,1563.8815104525415,0.9109666989236551,149.84081940919842,0.09581340939687871,,,,,,,,,,
Mass-Nom-Ideal,AK,Rl,2024-Hlow,1563.8815104525415,1563.8815104525415,0.9109666989236551,248.1610333803551,0.15868275935338896,,,,,,,,,,
Mass-Nom-Ideal,AK,Rl,2025-Hhigh,1563.8815104525415,1563.8815104525415,0.9300859312499632,115.27308124238382,0.07370960042172707,,,,,,,,,,
Mass-Nom-Ideal,AK,Rl,2025-Hlow,1563.8815104525415,1563.8815104525415,0.8726967079755691,205.33538903783472,0.13129855917179856,,,,,,,,,,
Mass-Nom-Ideal,AK,Rl,2030-Hhigh,1563.8815104525415,1563.8815104525415,0.8726967079755691,94.4584539204637,0.06040000683500004,,,,,,,,,,
Mass-Nom-Ideal,AK,Rl,2030-Hlow,1563.8815104525415,1563.8815104525415,0.8726967079755691,160.16526381294847,0.10241521671715482,,,,,,,,,,
Mass-Nom-Ideal,AK,Rl,2035-Hhigh,1563.8815104525415,1563.8815104525415,0.8726967079755691,96.69246866716875,0.06182851323511638,,,,,,,,,,
Mass-Nom-Ideal,AK,Rl,2035-Hlow,1563.8815104525415,1563.8815104525415,0.8726967079755691,140.1785799184332,0.0896350388322384,,,,,,,,,,
Mass-Nom-Ideal,AK,Rl,2040-Hhigh,1563.8815104525415,1563.8815104525415,0.8726967079755691,104.03963636829056,0.06652654671912102,,,,,,,,,,
Mass-Nom-Ideal,AK,Rl,2040-Hlow,1563.8815104525415,1563.8815104525415,0.8726967079755691,156.3220178478901,0.09995771214320136,,,,,,,,,,
Mass-Nom-Ideal,AK,Rl,2045-Hhigh,1563.8815104525415,1563.8815104525415,0.8726967079755691,120.47397082758391,0.07703522934593827,,,,,,,,,,
Mass-Nom-Ideal,AK,Rl,2045-Hlow,1563.8815104525415,1563.8815104525415,0.8726967079755691,172.97077867806914,0.1106035064178337,,,,,,,,,,
Mass-Nom-Ideal,AK,Rb,2024-Hhigh,887.9253731783978,887.9253731783978,0.2395374476341267,79.42953681605948,0.08945519433883874,,,,,,,,,,
Mass-Nom-Ideal,AK,Rb,2024-Hlow,887.9253731783978,887.9253731783978,0.2395374476341267,150.12902237197255,0.16907842360059389,,,,,,,,,,
Mass-Nom-Ideal,AK,Rb,2025-Hhigh,887.9253731783978,887.9253731783978,0.27202501860412853,61.21641163295765,0.06894319441940121,,,,,,,,,,
Mass-Nom-Ideal,AK,Rb,2025-Hlow,887.9253731783978,887.9253731783978,0.2395374476341267,123.2380452348966,0.13879324654701156,,,,,,,,,,
Mass-Nom-Ideal,AK,Rb,2030-Hhigh,887.9253731783978,887.9253731783978,0.2395374476341267,50.79767957070427,0.05720940194429858,,,,,,,,,,
Mass-Nom-Ideal,AK,Rb,2030-Hlow,887.9253731783978,887.9253731783978,0.2395374476341267,96.11277668082198,0.10824420563270856,,,,,,,,,,
Mass-Nom-Ideal,AK,Rb,2035-Hhigh,887.9253731783978,887.9253731783978,0.2395374476341267,55.2828386945726,0.06226068131906557,,,,,,,,,,
Mass-Nom-Ideal,AK,Rb,2035-Hlow,887.9253731783978,887.9253731783978,0.2395374476341267,88.00580358132336,0.09911396412324582,,,,,,,,,,
Mass-Nom-Ideal,AK,Rb,2040-Hhigh,887.9253731783978,887.9253731783978,0.2395374476341267,61.425618587379084,0.06917880763729199,,,,,,,,,,
Mass-Nom-Ideal,AK,Rb,2040-Hlow,887.9253731783978,887.9253731783978,0.2395374476341267,95.06016880094296,0.10705873677273993,,,,,,,,,,
Mass-Nom-Ideal,AK,Rb,2045-Hhigh,887.9253731783978,887.9253731783978,0.2395374476341267,69.40580577638846,0.07816626022065908,,,,,,,,,,
Mass-Nom-Ideal,AK,Rb,2045-Hlow,887.9253731783978,887.9253731783978,0.2395374476341267,102.23830165855294,0.11514289910714344,,,,,,,,,,
Mass-Nom-Ideal,AK,R,2024-Hhigh,2451.80688363094,2451.80688363094,1.1505041465577819,229.27035622525793,0.09351077271050236,,,,,,,,,,
Mass-Nom-Ideal,AK,R,2024-Hlow,2451.80688363094,2451.80688363094,1.1505041465577819,398.29005575232776,0.16244756404406957,,,,,,,,,,
Mass-Nom-Ideal,AK,R,2025-Hhigh,2451.80688363094,2451.80688363094,1.2021109498540918,176.48949287534145,0.07198343966388328,,,,,,,,,,
Mass-Nom-Ideal,AK,R,2025-Hlow,2451.80688363094,2451.80688363094,1.112234155609696,328.5734342727311,0.13401277093493547,,,,,,,,,,
Mass-Nom-Ideal,AK,R,2030-Hhigh,2451.80688363094,2451.80688363094,1.112234155609696,145.25613349116801,0.059244524705818064,,,,,,,,,,
Mass-Nom-Ideal,AK,R,2030-Hlow,2451.80688363094,2451.80688363094,1.112234155609696,256.27804049377045,0.10452619339833247,,,,,,,,,,
Mass-Nom-Ideal,AK,R,2035-Hhigh,2451.80688363094,2451.80688363094,1.112234155609696,151.97530736174144,0.06198502352545709,,,,,,,,,,
Mass-Nom-Ideal,AK,R,2035-Hlow,2451.80688363094,2451.80688363094,1.112234155609696,228.18438349975665,0.09306784519742962,,,,,,,,,,
Mass-Nom-Ideal,AK,R,2040-Hhigh,2451.80688363094,2451.80688363094,1.112234155609696,165.46525495566968,0.06748706680789973,,,,,,,,,,
Mass-Nom-Ideal,AK,R,2040-Hlow,2451.80688363094,2451.80688363094,1.112234155609696,251.38218664883308,0.10252935837938229,,,,,,,,,,
Mass-Nom-Ideal,AK,R,2045-Hhigh,2451.80688363094,2451.80688363094,1.112234155609696,189.87977660397237,0.07744483379652432,,,,,,,,,,
Mass-Nom-Ideal,AK,R,2045-Hlow,2451.80688363094,2451.80688363094,1.112234155609696,275.209080336622,0.11224745397935185,,,,,,,,,,
Mass-H1-Ideal,AK,Rl,2024-Hhigh,452.53689337432246,452.53689337432246,0.31785652643828827,45.20742454416079,0.0998977656983357,,,,,,,,,,
Mass-H1-Ideal,AK,Rl,2024-Hlow,452.53689337432246,452.53689337432246,0.31785652643828827,76.3217609395506,0.1686531243242083,,,,,,,,,,
Mass-H1-Ideal,AK,Rl,2025-Hhigh,452.53689337432246,452.53689337432246,0.3295674319314789,35.16129998503704,0.077698195439621,,,,,,,,,,
Mass-H1-Ideal,AK,Rl,2025-Hlow,452.53689337432246,452.53689337432246,0.30223100513839024,63.68087490997954,0.14071974206378127,,,,,,,,,,
Mass-H1-Ideal,AK,Rl,2030-Hhigh,452.53689337432246,452.53689337432246,0.30223100513839024,29.09479454462169,0.06429264656783576,,,,,,,,,,
Mass-H1-Ideal,AK,Rl,2030-Hlow,452.53689337432246,452.53689337432246,0.30223100513839024,49.57358654724412,0.10954595586141218,,,,,,,,,,
Mass-H1-Ideal,AK,Rl,2035-Hhigh,452.53689337432246,452.53689337432246,0.30223100513839024,29.69882000039874,0.06562740062793716,,,,,,,,,,
Mass-H1-Ideal,AK,Rl,2035-Hlow,452.53689337432246,452.53689337432246,0.30223100513839024,42.078734350155564,0.09298409691284447,,,,,,,,,,
Mass-H1-Ideal,AK,Rl,2040-Hhigh,452.53689337432246,452.53689337432246,0.30223100513839024,31.866816665644045,0.0704181628773523,,,,,,,,,,
Mass-H1-Ideal,AK,Rl,2040-Hlow,452.53689337432246,452.53689337432246,0.30223100513839024,47.08071872653529,0.10403730483824175,,,,,,,,,,
Mass-H1-Ideal,AK,Rl,2045-Hhigh,452.53689337432246,452.53689337432246,0.30223100513839024,36.901754754528675,0.08154419074955918,,,,,,,,,,
Mass-H1-Ideal,AK,Rl,2045-Hlow,452.53689337432246,452.53689337432246,0.30223100513839024,52.19871385538477,0.11534686921582732,,,,,,,,,,
Mass-H1-Ideal,AK,Rb,2024-Hhigh,86.39709664817063,86.39709664817063,0.039081237821494995,9.572986131221842,0.11080217394579012,,,,,,,,,,
Mass-H1-Ideal,AK,Rb,2024-Hlow,86.39709664817063,86.39709664817063,0.039081237821494995,17.07798610073918,0.19766851854159836,,,,,,,,,,
Mass-H1-Ideal,AK,Rb,2025-Hhigh,86.39709664817063,86.39709664817063,0.04656780741319734,7.514921658258494,0.08698118281521691,,,,,,,,,,
Mass-H1-Ideal,AK,Rb,2025-Hlow,86.39709664817063,86.39709664817063,0.039081237821494995,14.426242250846837,0.1669760074183268,,,,,,,,,,
Mass-H1-Ideal,AK,Rb,2030-Hhigh,86.39709664817063,86.39709664817063,0.039081237821494995,6.245299867918824,0.07228599235633067,,,,,,,,,,
Mass-H1-Ideal,AK,Rb,2030-Hlow,86.39709664817063,86.39709664817063,0.039081237821494995,11.175263158406487,0.12934767014121779,,,,,,,,,,
Mass-H1-Ideal,AK,Rb,2035-Hhigh,86.39709664817063,86.39709664817063,0.039081237821494995,6.453325531724854,0.07469377770880796,,,,,,,,,,
Mass-H1-Ideal,AK,Rb,2035-Hlow,86.39709664817063,86.39709664817063,0.039081237821494995,8.931693072999574,0.10337955115982121,,,,,,,,,,
Mass-H1-Ideal,AK,Rb,2040-Hhigh,86.39709664817063,86.39709664817063,0.039081237821494995,6.9572349103123,0.08052625817559358,,,,,,,,,,
Mass-H1-Ideal,AK,Rb,2040-Hlow,86.39709664817063,86.39709664817063,0.039081237821494995,9.962156814155986,0.11530661562302538,,,,,,,,,,
Mass-H1-Ideal,AK,Rb,2045-Hhigh,86.39709664817063,86.39709664817063,0.039081237821494995,7.990190296230661,0.09248216208894844,,,,,,,,,,
Mass-H1-Ideal,AK,Rb,2045-Hlow,86.39709664817063,86.39709664817063,0.039081237821494995,11.01519619277997,0.12749498096720133,,,,,,,,,,
Mass-H1-Ideal,AK,R,2024-Hhigh,538.9339900224929,538.9339900224929,0.3569377642597833,54.78041067538264,0.10164586329597865,,,,,,,,,,
Mass-H1-Ideal,AK,R,2024-Hlow,538.9339900224929,538.9339900224929,0.3569377642597833,93.39974704028974,0.17330461386633195,,,,,,,,,,
Mass-H1-Ideal,AK,R,2025-Hhigh,538.9339900224929,538.9339900224929,0.37613523934467635,42.676221643295534,0.07918636128612783,,,,,,,,,,
Mass-H1-Ideal,AK,R,2025-Hlow,538.9339900224929,538.9339900224929,0.34131224295988527,78.10711716082638,0.144928912643952,,,,,,,,,,
Mass-H1-Ideal,AK,R,2030-Hhigh,538.9339900224929,538.9339900224929,0.34131224295988527,35.34009441254053,0.06557406856276699,,,,,,,,,,
Mass-H1-Ideal,AK,R,2030-Hlow,538.9339900224929,538.9339900224929,0.34131224295988527,60.7488497056506,0.1127203903081251,,,,,,,,,,
Mass-H1-Ideal,AK,R,2035-Hhigh,538.9339900224929,538.9339900224929,0.34131224295988527,36.15214553212358,0.06708084144148106,,,,,,,,,,
Mass-H1-Ideal,AK,R,2035-Hlow,538.9339900224929,538.9339900224929,0.34131224295988527,51.01042742315514,0.09465060353871199,,,,,,,,,,
Mass-H1-Ideal,AK,R,2040-Hhigh,538.9339900224929,538.9339900224929,0.34131224295988527,38.824051575956325,0.07203860267624977,,,,,,,,,,
Mass-H1-Ideal,AK,R,2040-Hlow,538.9339900224929,538.9339900224929,0.34131224295988527,57.0428755406913,0.10584390036024738,,,,,,,,,,
Mass-H1-Ideal,AK,R,2045-Hhigh,538.9339900224929,538.9339900224929,0.34131224295988527,44.89194505075935,0.08329766888313304,,,,,,,,,,
Mass-H1-Ideal,AK,R,2045-Hlow,538.9339900224929,538.9339900224929,0.34131224295988527,63.213910048164756,0.11729434628075038,,,,,,,,,,
Mass-Nom-Real,AK,Rl,2024-Hhigh,1564.6934843278088,1564.6934843278088,0.9116148137629554,149.96394935729995,0.09584238118159248,,,,,,,,,,
Mass-Nom-Real,AK,Rl,2024-Hlow,1564.6934843278088,1564.6934843278088,0.9116148137629554,248.4428828948454,0.1587805441661798,,,,,,,,,,
Mass-Nom-Real,AK,Rl,2025-Hhigh,1564.6934843278088,1564.6934843278088,0.9305692258817604,115.36092237164269,0.07372748945855147,,,,,,,,,,
Mass-Nom-Real,AK,Rl,2025-Hlow,1564.6934843278088,1564.6934843278088,0.8734620032481012,205.57148281537548,0.13138131197861339,,,,,,,,,,
Mass-Nom-Real,AK,Rl,2030-Hhigh,1564.6934843278088,1564.6934843278088,0.8734620032481012,94.5321556858702,0.06041576617575112,,,,,,,,,,
Mass-Nom-Real,AK,Rl,2030-Hlow,1564.6934843278088,1564.6934843278088,0.8734620032481012,160.34676449953372,0.10247806749730191,,,,,,,,,,
Mass-Nom-Real,AK,Rl,2035-Hhigh,1564.6934843278088,1564.6934843278088,0.8734620032481012,96.77002607154407,0.061845995423900166,,,,,,,,,,
Mass-Nom-Real,AK,Rl,2035-Hlow,1564.6934843278088,1564.6934843278088,0.8734620032481012,140.31128625325823,0.08967333708399498,,,,,,,,,,
Mass-Nom-Real,AK,Rl,2040-Hhigh,1564.6934843278088,1564.6934843278088,0.8734620032481012,104.12512588996984,0.06654666037335863,,,,,,,,,,
Mass-Nom-Real,AK,Rl,2040-Hlow,1564.6934843278088,1564.6934843278088,0.8734620032481012,156.49698763846158,0.10001766429397037,,,,,,,,,,
Mass-Nom-Real,AK,Rl,2045-Hhigh,1564.6934843278088,1564.6934843278088,0.8734620032481012,120.57180906076961,0.07705778177543007,,,,,,,,,,
Mass-Nom-Real,AK,Rl,2045-Hlow,1564.6934843278088,1564.6934843278088,0.8734620032481012,173.160507894306,0.11066736688604262,,,,,,,,,,
Mass-Nom-Real,AK,Rb,2024-Hhigh,589.3476177212862,589.3476177212862,0.2937354708183112,57.29046604618717,0.09720997306767928,,,,,,,,,,
Mass-Nom-Real,AK,Rb,2024-Hlow,589.3476177212862,589.3476177212862,0.2937354708183112,98.37086946505198,0.1669148504330995,,,,,,,,,,
Mass-Nom-Real,AK,Rb,2025-Hhigh,589.3476177212862,589.3476177212862,0.3330987497615476,44.57209553759082,0.07562955070545449,,,,,,,,,,
Mass-Nom-Real,AK,Rb,2025-Hlow,589.3476177212862,589.3476177212862,0.2937354708183112,83.19125607516546,0.14115821218863092,,,,,,,,,,
Mass-Nom-Real,AK,Rb,2030-Hhigh,589.3476177212862,589.3476177212862,0.2937354708183112,37.10186105923318,0.06295412069821815,,,,,,,,,,
Mass-Nom-Real,AK,Rb,2030-Hlow,589.3476177212862,589.3476177212862,0.2937354708183112,65.3428249949754,0.1108731469003363,,,,,,,,,,
Mass-Nom-Real,AK,Rb,2035-Hhigh,589.3476177212862,589.3476177212862,0.2937354708183112,38.24169689454681,0.06488818440024992,,,,,,,,,,
Mass-Nom-Real,AK,Rb,2035-Hlow,589.3476177212862,589.3476177212862,0.2937354708183112,55.57425402512359,0.09429791918053654,,,,,,,,,,
Mass-Nom-Real,AK,Rb,2040-Hhigh,589.3476177212862,589.3476177212862,0.2937354708183112,41.403212941831676,0.07025261780461128,,,,,,,,,,
Mass-Nom-Real,AK,Rb,2040-Hlow,589.3476177212862,589.3476177212862,0.2937354708183112,62.288678149294945,0.10569089663946425,,,,,,,,,,
Mass-Nom-Real,AK,Rb,2045-Hhigh,589.3476177212862,589.3476177212862,0.2937354708183112,48.472761235357346,0.08224816691849436,,,,,,,,,,
Mass-Nom-Real,AK,Rb,2045-Hlow,589.3476177212862,589.3476177212862,0.2937354708183112,69.41455475395367,0.1177820231501829,,,,,,,,,,
Mass-Nom-Real,AK,R,2024-Hhigh,2154.041102049094,2154.041102049094,1.2053502845812665,207.25441540348714,0.096216555573768,,,,,,,,,,
Mass-Nom-Real,AK,R,2024-Hlow,2154.041102049094,2154.041102049094,1.2053502845812665,346.8137523598973,0.16100609780843117,,,,,,,,,,
Mass-Nom-Real,AK,R,2025-Hhigh,2154.041102049094,2154.041102049094,1.2636679756433082,159.9330179092335,0.07424789515719667,,,,,,,,,,
Mass-Nom-Real,AK,R,2025-Hlow,2154.041102049094,2154.041102049094,1.1671974740664124,288.76273889054096,0.13405628082762536,,,,,,,,,,
Mass-Nom-Real,AK,R,2030-Hhigh,2154.041102049094,2154.041102049094,1.1671974740664124,131.6340167451034,0.06111026229716913,,,,,,,,,,
Mass-Nom-Real,AK,R,2030-Hlow,2154.041102049094,2154.041102049094,1.1671974740664124,225.6895894945091,0.10477496890835339,,,,,,,,,,
Mass-Nom-Real,AK,R,2035-Hhigh,2154.041102049094,2154.041102049094,1.1671974740664124,135.01172296609084,0.06267834111320207,,,,,,,,,,
Mass-Nom-Real,AK,R,2035-Hlow,2154.041102049094,2154.041102049094,1.1671974740664124,195.8855402783818,0.0909386269797916,,,,,,,,,,
Mass-Nom-Real,AK,R,2040-Hhigh,2154.041102049094,2154.041102049094,1.1671974740664124,145.52833883180148,0.06756061371965624,,,,,,,,,,
Mass-Nom-Real,AK,R,2040-Hlow,2154.041102049094,2154.041102049094,1.1671974740664124,218.78566578775644,0.10156986585800531,,,,,,,,,,
Mass-Nom-Real,AK,R,2045-Hhigh,2154.041102049094,2154.041102049094,1.1671974740664124,169.04457029612706,0.07847787590279429,,,,,,,,,,
Mass-Nom-Real,AK,R,2045-Hlow,2154.041102049094,2154.041102049094,1.1671974740664124,242.57506264825975,0.11261394335396069,,,,,,,,,,
Mass-H1-Real,AK,Rl,2024-Hhigh,451.76431108953096,451.76431108953096,0.3177310930925062,45.127143515062876,0.0998908997619326,,,,,,,,,,
Mass-H1-Real,AK,Rl,2024-Hlow,451.76431108953096,451.76431108953096,0.3177310930925062,76.17195157856288,0.1686099359970626,,,,,,,,,,
Mass-H1-Real,AK,Rl,2025-Hhigh,451.76431108953096,451.76431108953096,0.32944710141899836,35.10162239995168,0.07769897165027544,,,,,,,,,,
Mass-H1-Real,AK,Rl,2025-Hlow,451.76431108953096,451.76431108953096,0.3021059952242683,63.55697315730829,0.14068613123517082,,,,,,,,,,
Mass-H1-Real,AK,Rl,2030-Hhigh,451.76431108953096,451.76431108953096,0.3021059952242683,29.04520652373284,0.06429283104210647,,,,,,,,,,
Mass-H1-Real,AK,Rl,2030-Hlow,451.76431108953096,451.76431108953096,0.3021059952242683,49.47940779271344,0.10952482650385274,,,,,,,,,,
Mass-H1-Real,AK,Rl,2035-Hhigh,451.76431108953096,451.76431108953096,0.3021059952242683,29.64703398193303,0.06562500236114836,,,,,,,,,,
Mass-H1-Real,AK,Rl,2035-Hlow,451.76431108953096,451.76431108953096,0.3021059952242683,42.00116555139453,0.09297141124339658,,,,,,,,,,
Mass-H1-Real,AK,Rl,2040-Hhigh,451.76431108953096,451.76431108953096,0.3021059952242683,31.811002745469192,0.0704150415705699,,,,,,,,,,
Mass-H1-Real,AK,Rl,2040-Hlow,451.76431108953096,451.76431108953096,0.3021059952242683,46.989355287625365,0.10401298671490893,,,,,,,,,,
Mass-H1-Real,AK,Rl,2045-Hhigh,451.76431108953096,451.76431108953096,0.3021059952242683,36.83861163967605,0.08154387306697929,,,,,,,,,,
Mass-H1-Real,AK,Rl,2045-Hlow,451.76431108953096,451.76431108953096,0.3021059952242683,52.101509152045786,0.11532896218913644,,,,,,,,,,
Mass-H1-Real,AK,Rb,2024-Hhigh,78.51358347710293,78.51358347710293,0.03908506666266775,8.962773957497612,0.11415571115934918,,,,,,,,,,
Mass-H1-Real,AK,Rb,2024-Hlow,78.51358347710293,78.51358347710293,0.03908506666266775,15.490962862733264,0.197302965635888,,,,,,,,,,
Mass-H1-Real,AK,Rb,2025-Hhigh,78.51358347710293,78.51358347710293,0.046571777669723854,7.03921298984356,0.08965598916901328,,,,,,,,,,
Mass-H1-Real,AK,Rb,2025-Hlow,78.51358347710293,78.51358347710293,0.03908506666266775,13.210263459253346,0.16825449653697033,,,,,,,,,,
Mass-H1-Real,AK,Rb,2030-Hhigh,78.51358347710293,78.51358347710293,0.03908506666266775,5.863860208213155,0.07468593265677709,,,,,,,,,,
Mass-H1-Real,AK,Rb,2030-Hlow,78.51358347710293,78.51358347710293,0.03908506666266775,10.245030770423249,0.13048736685685766,,,,,,,,,,
Mass-H1-Real,AK,Rb,2035-Hhigh,78.51358347710293,78.51358347710293,0.03908506666266775,5.9097636046977655,0.07527058813232289,,,,,,,,,,
Mass-H1-Real,AK,Rb,2035-Hlow,78.51358347710293,78.51358347710293,0.03908506666266775,7.929528895255916,0.10099563087154748,,,,,,,,,,
Mass-H1-Real,AK,Rb,2040-Hhigh,78.51358347710293,78.51358347710293,0.03908506666266775,6.304213508798577,0.08029455833762941,,,,,,,,,,
Mass-H1-Real,AK,Rb,2040-Hlow,78.51358347710293,78.51358347710293,0.03908506666266775,8.982714283038927,0.11440968409827548,,,,,,,,,,
Mass-H1-Real,AK,Rb,2045-Hhigh,78.51358347710293,78.51358347710293,0.03908506666266775,7.305752699079389,0.09305081204464423,,,,,,,,,,
Mass-H1-Real,AK,Rb,2045-Hlow,78.51358347710293,78.51358347710293,0.03908506666266775,10.005043955036735,0.12743073888551432,,,,,,,,,,
Mass-H1-Real,AK,R,2024-Hhigh,530.277894566634,530.277894566634,0.35681615975517395,54.08991747256049,0.10200296491100219,,,,,,,,,,
Mass-H1-Real,AK,R,2024-Hlow,530.277894566634,530.277894566634,0.35681615975517395,91.66291444129618,0.17285826050925066,,,,,,,,,,
Mass-H1-Real,AK,R,2025-Hhigh,530.277894566634,530.277894566634,0.37601887908872217,42.14083538979524,0.07946934205928866,,,,,,,,,,
Mass-H1-Real,AK,R,2025-Hlow,530.277894566634,530.277894566634,0.34119106188693604,76.7672366165616,0.1447679365916226,,,,,,,,,,
Mass-H1-Real,AK,R,2030-Hhigh,530.277894566634,530.277894566634,0.34119106188693604,34.90906673194601,0.06583164617954744,,,,,,,,,,
Mass-H1-Real,AK,R,2030-Hlow,530.277894566634,530.277894566634,0.34119106188693604,59.72443856313668,0.11262856546555852,,,,,,,,,,
Mass-H1-Real,AK,R,2035-Hhigh,530.277894566634,530.277894566634,0.34119106188693604,35.556797586630786,0.06705313940285845,,,,,,,,,,
Mass-H1-Real,AK,R,2035-Hlow,530.277894566634,530.277894566634,0.34119106188693604,49.93069444665045,0.09415948686198954,,,,,,,,,,
Mass-H1-Real,AK,R,2040-Hhigh,530.277894566634,530.277894566634,0.34119106188693604,38.115216254267764,0.0718778147171629,,,,,,,,,,
Mass-H1-Real,AK,R,2040-Hlow,530.277894566634,530.277894566634,0.34119106188693604,55.97206957066429,0.10555233424619195,,,,,,,,,,
Mass-H1-Real,AK,R,2045-Hhigh,530.277894566634,530.277894566634,0.34119106188693604,44.14436433875544,0.08324760430534657,,,,,,,,,,
Mass-H1-Real,AK,R,2045-Hlow,530.277894566634,530.277894566634,0.34119106188693604,62.106553107082526,0.11712076581626825,,,,,,,,,,
Mass-Nom-Ideal,CH,Rl,2024-Hhigh,3452.1915523232456,3452.1915523232456,1.7598253012455756,337.9153648173916,0.09788430325947074,,,,,,,,,,
Mass-Nom-Ideal,CH,Rl,2024-Hlow,3452.1915523232456,3452.1915523232456,1.7598253012455756,495.5365245108479,0.14354259229252886,,,,,,,,,,
Mass-Nom-Ideal,CH,Rl,2025-Hhigh,3452.1915523232456,3452.1915523232456,1.7751895336913257,258.28395376560053,0.07481738769442887,,,,,,,,,,
Mass-Nom-Ideal,CH,Rl,2025-Hlow,3452.1915523232456,3452.1915523232456,1.7172965753951415,396.7680273622028,0.11493221663646881,,,,,,,,,,
Mass-Nom-Ideal,CH,Rl,2030-Hhigh,3452.1915523232456,3452.1915523232456,1.7172965753951415,205.99998342436243,0.05967223437695083,,,,,,,,,,
Mass-Nom-Ideal,CH,Rl,2030-Hlow,3452.1915523232456,3452.1915523232456,1.7172965753951415,306.42063513334114,0.08876119140235052,,,,,,,,,,
Mass-Nom-Ideal,CH,Rl,2035-Hhigh,3452.1915523232456,3452.1915523232456,1.7172965753951415,205.65527533943478,0.059572382419229755,,,,,,,,,,
Mass-Nom-Ideal,CH,Rl,2035-Hlow,3452.1915523232456,3452.1915523232456,1.7172965753951415,271.0339745850592,0.07851069979087909,,,,,,,,,,
Mass-Nom-Ideal,CH,Rl,2040-Hhigh,3452.1915523232456,3452.1915523232456,1.7172965753951415,213.84981933405737,0.06194610469692545,,,,,,,,,,
Mass-Nom-Ideal,CH,Rl,2040-Hlow,3452.1915523232456,3452.1915523232456,1.7172965753951415,297.59018029642243,0.08620326415437495,,,,,,,,,,
Mass-Nom-Ideal,CH,Rl,2045-Hhigh,3452.1915523232456,3452.1915523232456,1.7172965753951415,244.07283633605343,0.07070083818836705,,,,,,,,,,
Mass-Nom-Ideal,CH,Rl,2045-Hlow,3452.1915523232456,3452.1915523232456,1.7172965753951415,326.4121426636129,0.09455215265906812,,,,,,,,,,
Mass-Nom-Ideal,CH,Rb,2024-Hhigh,3304.6358897040245,3304.6358897040245,0.6759737105382863,315.8425620975191,0.0955756012580881,,,,,,,,,,
Mass-Nom-Ideal,CH,Rb,2024-Hlow,3304.6358897040245,3304.6358897040245,0.6759737105382863,507.0250757169495,0.15342842377783428,,,,,,,,,,
Mass-Nom-Ideal,CH,Rb,2025-Hhigh,3304.6358897040245,3304.6358897040245,0.7448223581433899,244.70684158001865,0.07404956241697644,,,,,,,,,,
Mass-Nom-Ideal,CH,Rb,2025-Hlow,3304.6358897040245,3304.6358897040245,0.6759737105382863,409.58778898531915,0.12394339426665349,,,,,,,,,,
Mass-Nom-Ideal,CH,Rb,2030-Hhigh,3304.6358897040245,3304.6358897040245,0.6759737105382863,197.9715428816777,0.059907218068556645,,,,,,,,,,
Mass-Nom-Ideal,CH,Rb,2030-Hlow,3304.6358897040245,3304.6358897040245,0.6759737105382863,317.3685929258793,0.09603738612011019,,,,,,,,,,
Mass-Nom-Ideal,CH,Rb,2035-Hhigh,3304.6358897040245,3304.6358897040245,0.6759737105382863,209.46489012760324,0.06338516469551618,,,,,,,,,,
Mass-Nom-Ideal,CH,Rb,2035-Hlow,3304.6358897040245,3304.6358897040245,0.6759737105382863,292.5856772035327,0.08853794698384693,,,,,,,,,,
Mass-Nom-Ideal,CH,Rb,2040-Hhigh,3304.6358897040245,3304.6358897040245,0.6759737105382863,227.08257167732856,0.06871636672131734,,,,,,,,,,
Mass-Nom-Ideal,CH,Rb,2040-Hlow,3304.6358897040245,3304.6358897040245,0.6759737105382863,316.93424306761625,0.0959059495949498,,,,,,,,,,
Mass-Nom-Ideal,CH,Rb,2045-Hhigh,3304.6358897040245,3304.6358897040245,0.6759737105382863,251.27668344517528,0.07603763071994009,,,,,,,,,,
Mass-Nom-Ideal,CH,Rb,2045-Hlow,3304.6358897040245,3304.6358897040245,0.6759737105382863,337.18297488560233,0.1020333211099398,,,,,,,,,,
Mass-Nom-Ideal,CH,R,2024-Hhigh,6756.82744202727,6756.82744202727,2.4357990117838617,653.7579269149107,0.09675516098702705,,,,,,,,,,
Mass-Nom-Ideal,CH,R,2024-Hlow,6756.82744202727,6756.82744202727,2.4357990117838617,1002.5616002277975,0.1483775645936869,,,,,,,,,,
Mass-Nom-Ideal,CH,R,2025-Hhigh,6756.82744202727,6756.82744202727,2.520011891834716,502.99079534561923,0.07444185894359698,,,,,,,,,,
Mass-Nom-Ideal,CH,R,2025-Hlow,6756.82744202727,6756.82744202727,2.393270285933428,806.3558163475219,0.1193394123597137,,,,,,,,,,
Mass-Nom-Ideal,CH,R,2030-Hhigh,6756.82744202727,6756.82744202727,2.393270285933428,403.9715263060404,0.05978716043469592,,,,,,,,,,
Mass-Nom-Ideal,CH,R,2030-Hlow,6756.82744202727,6756.82744202727,2.393270285933428,623.7892280592202,0.09231983995614117,,,,,,,,,,
Mass-Nom-Ideal,CH,R,2035-Hhigh,6756.82744202727,6756.82744202727,2.393270285933428,415.120165467038,0.061437141769375765,,,,,,,,,,
Mass-Nom-Ideal,CH,R,2035-Hlow,6756.82744202727,6756.82744202727,2.393270285933428,563.619651788592,0.0834148358270768,,,,,,,,,,
Mass-Nom-Ideal,CH,R,2040-Hhigh,6756.82744202727,6756.82744202727,2.393270285933428,440.93239101138585,0.06525731118554237,,,,,,,,,,
Mass-Nom-Ideal,CH,R,2040-Hlow,6756.82744202727,6756.82744202727,2.393270285933428,614.5244233640389,0.09094866320571024,,,,,,,,,,
Mass-Nom-Ideal,CH,R,2045-Hhigh,6756.82744202727,6756.82744202727,2.393270285933428,495.34951978122876,0.07331096199085523,,,,,,,,,,
Mass-Nom-Ideal,CH,R,2045-Hlow,6756.82744202727,6756.82744202727,2.393270285933428,663.5951175492148,0.09821104997023788,,,,,,,,,,
Mass-H1-Ideal,CH,Rl,2024-Hhigh,1250.165598278432,1250.165598278432,0.8599407316079735,131.45147666257867,0.10514725156698985,,,,,,,,,,
Mass-H1-Ideal,CH,Rl,2024-Hlow,1250.165598278432,1250.165598278432,0.8599407316079735,200.8262271577658,0.16063970039994538,,,,,,,,,,
Mass-H1-Ideal,CH,Rl,2025-Hhigh,1250.165598278432,1250.165598278432,0.8715362220074864,100.90440589087505,0.08071283198788039,,,,,,,,,,
Mass-H1-Ideal,CH,Rl,2025-Hlow,1250.165598278432,1250.165598278432,0.8397614874256413,162.80459467357423,0.13022642352162614,,,,,,,,,,
Mass-H1-Ideal,CH,Rl,2030-Hhigh,1250.165598278432,1250.165598278432,0.8397614874256413,80.83668780097527,0.06466078406916108,,,,,,,,,,
Mass-H1-Ideal,CH,Rl,2030-Hlow,1250.165598278432,1250.165598278432,0.8397614874256413,125.44042498135072,0.10033904720629908,,,,,,,,,,
Mass-H1-Ideal,CH,Rl,2035-Hhigh,1250.165598278432,1250.165598278432,0.8397614874256413,80.6642303447316,0.06452283637928612,,,,,,,,,,
Mass-H1-Ideal,CH,Rl,2035-Hlow,1250.165598278432,1250.165598278432,0.8397614874256413,107.15444943128279,0.08571220451022021,,,,,,,,,,
Mass-H1-Ideal,CH,Rl,2040-Hhigh,1250.165598278432,1250.165598278432,0.8397614874256413,83.76656873087192,0.06700437833693754,,,,,,,,,,
Mass-H1-Ideal,CH,Rl,2040-Hlow,1250.165598278432,1250.165598278432,0.8397614874256413,120.10416455809077,0.09607060434512263,,,,,,,,,,
Mass-H1-Ideal,CH,Rl,2045-Hhigh,1250.165598278432,1250.165598278432,0.8397614874256413,95.67427426025418,0.07652928091446808,,,,,,,,,,
Mass-H1-Ideal,CH,Rl,2045-Hlow,1250.165598278432,1250.165598278432,0.8397614874256413,131.40600507764213,0.10511087911761262,,,,,,,,,,
Mass-H1-Ideal,CH,Rb,2024-Hhigh,668.4851097503869,668.4851097503869,0.2905344171795058,73.34303876744247,0.10971529163129579,,,,,,,,,,
Mass-H1-Ideal,CH,Rb,2024-Hlow,668.4851097503869,668.4851097503869,0.2905344171795058,122.07389902385545,0.18261274221865315,,,,,,,,,,
Mass-H1-Ideal,CH,Rb,2025-Hhigh,668.4851097503869,668.4851097503869,0.31973442449800554,57.41229642002375,0.08588418138657056,,,,,,,,,,
Mass-H1-Ideal,CH,Rb,2025-Hlow,668.4851097503869,668.4851097503869,0.2905344171795058,101.40116546214011,0.15168799421725854,,,,,,,,,,
Mass-H1-Ideal,CH,Rb,2030-Hhigh,668.4851097503869,668.4851097503869,0.2905344171795058,46.71138493360137,0.06987647780373665,,,,,,,,,,
Mass-H1-Ideal,CH,Rb,2030-Hlow,668.4851097503869,668.4851097503869,0.2905344171795058,78.6083456117551,0.11759176751312762,,,,,,,,,,
Mass-H1-Ideal,CH,Rb,2035-Hhigh,668.4851097503869,668.4851097503869,0.2905344171795058,48.85784857657128,0.07308741490863552,,,,,,,,,,
Mass-H1-Ideal,CH,Rb,2035-Hlow,668.4851097503869,668.4851097503869,0.2905344171795058,67.82394377145378,0.10145916907076558,,,,,,,,,,
Mass-H1-Ideal,CH,Rb,2040-Hhigh,668.4851097503869,668.4851097503869,0.2905344171795058,52.07703846393845,0.07790306426329238,,,,,,,,,,
Mass-H1-Ideal,CH,Rb,2040-Hlow,668.4851097503869,668.4851097503869,0.2905344171795058,75.54542992262101,0.11300989179972874,,,,,,,,,,
Mass-H1-Ideal,CH,Rb,2045-Hhigh,668.4851097503869,668.4851097503869,0.2905344171795058,58.68551030524857,0.08778880703440321,,,,,,,,,,
Mass-H1-Ideal,CH,Rb,2045-Hlow,668.4851097503869,668.4851097503869,0.2905344171795058,81.46275596883328,0.12186173600673254,,,,,,,,,,
Mass-H1-Ideal,CH,R,2024-Hhigh,1918.6507080288188,1918.6507080288188,1.1504751487874796,204.79451543002116,0.10673882149212179,,,,,,,,,,
Mass-H1-Ideal,CH,R,2024-Hlow,1918.6507080288188,1918.6507080288188,1.1504751487874796,322.900126181621,0.168295419708448,,,,,,,,,,
Mass-H1-Ideal,CH,R,2025-Hhigh,1918.6507080288188,1918.6507080288188,1.191270646505492,158.31670231089885,0.08251460343897096,,,,,,,,,,
Mass-H1-Ideal,CH,R,2025-Hlow,1918.6507080288188,1918.6507080288188,1.130295904605147,264.2057601357143,0.13770393903909361,,,,,,,,,,
Mass-H1-Ideal,CH,R,2030-Hhigh,1918.6507080288188,1918.6507080288188,1.130295904605147,127.54807273457662,0.06647800571559834,,,,,,,,,,
Mass-H1-Ideal,CH,R,2030-Hlow,1918.6507080288188,1918.6507080288188,1.130295904605147,204.04877059310581,0.10635013957425384,,,,,,,,,,
Mass-H1-Ideal,CH,R,2035-Hhigh,1918.6507080288188,1918.6507080288188,1.130295904605147,129.52207892130286,0.06750685696948514,,,,,,,,,,
Mass-H1-Ideal,CH,R,2035-Hlow,1918.6507080288188,1918.6507080288188,1.130295904605147,174.97839320273664,0.09119867022721699,,,,,,,,,,
Mass-H1-Ideal,CH,R,2040-Hhigh,1918.6507080288188,1918.6507080288188,1.130295904605147,135.8436071948104,0.07080163503776737,,,,,,,,,,
Mass-H1-Ideal,CH,R,2040-Hlow,1918.6507080288188,1918.6507080288188,1.130295904605147,195.64959448071176,0.10197249226343966,,,,,,,,,,
Mass-H1-Ideal,CH,R,2045-Hhigh,1918.6507080288188,1918.6507080288188,1.130295904605147,154.3597845655028,0.08045225945481696,,,,,,,,,,
Mass-H1-Ideal,CH,R,2045-Hlow,1918.6507080288188,1918.6507080288188,1.130295904605147,212.8687610464755,0.11094711515530221,,,,,,,,,,
Mass-Nom-Real,CH,Rl,2024-Hhigh,3460.5966624348066,3460.5966624348066,1.765426208872959,338.89358933076596,0.09792923659942711,,,,,,,,,,
Mass-Nom-Real,CH,Rl,2024-Hlow,3460.5966624348066,3460.5966624348066,1.765426208872959,497.16930087672,0.14366577482824064,,,,,,,,,,
Mass-Nom-Real,CH,Rl,2025-Hhigh,3460.5966624348066,3460.5966624348066,1.7810886088938473,259.024200805976,0.07484957828738463,,,,,,,,,,
Mass-Nom-Real,CH,Rl,2025-Hlow,3460.5966624348066,3460.5966624348066,1.7232573925618127,398.10638612954517,0.1150398110392459,,,,,,,,,,
Mass-Nom-Real,CH,Rl,2030-Hhigh,3460.5966624348066,3460.5966624348066,1.7232573925618127,206.5869501972184,0.05969691655769788,,,,,,,,,,
Mass-Nom-Real,CH,Rl,2030-Hlow,3460.5966624348066,3460.5966624348066,1.7232573925618127,307.4469068791866,0.08884216707961369,,,,,,,,,,
Mass-Nom-Real,CH,Rl,2035-Hhigh,3460.5966624348066,3460.5966624348066,1.7232573925618127,206.24227917794417,0.05959731783155458,,,,,,,,,,
Mass-Nom-Real,CH,Rl,2035-Hlow,3460.5966624348066,3460.5966624348066,1.7232573925618127,271.900269732924,0.07857034386134454,,,,,,,,,,
Mass-Nom-Real,CH,Rl,2040-Hhigh,3460.5966624348066,3460.5966624348066,1.7232573925618127,214.47630392226506,0.061976683457633526,,,,,,,,,,
Mass-Nom-Real,CH,Rl,2040-Hlow,3460.5966624348066,3460.5966624348066,1.7232573925618127,298.54131468826694,0.08626874028082175,,,,,,,,,,
Mass-Nom-Real,CH,Rl,2045-Hhigh,3460.5966624348066,3460.5966624348066,1.7232573925618127,244.79043094396573,0.07073648125515329,,,,,,,,,,
Mass-Nom-Real,CH,Rl,2045-Hlow,3460.5966624348066,3460.5966624348066,1.7232573925618127,327.4620390002564,0.09462588996715401,,,,,,,,,,
Mass-Nom-Real,CH,Rb,2024-Hhigh,2073.64123011684,2073.64123011684,0.9581635718732171,213.5920506935748,0.10300337762937899,,,,,,,,,,
Mass-Nom-Real,CH,Rb,2024-Hlow,2073.64123011684,2073.64123011684,0.9581635718732171,320.2965401688251,0.154460923865204,,,,,,,,,,
Mass-Nom-Real,CH,Rb,2025-Hhigh,2073.64123011684,2073.64123011684,1.055954971943314,168.11716724451475,0.08107341077272183,,,,,,,,,,
Mass-Nom-Real,CH,Rb,2025-Hlow,2073.64123011684,2073.64123011684,0.9581635718732171,266.1236533234348,0.1283364014267984,,,,,,,,,,
Mass-Nom-Real,CH,Rb,2030-Hhigh,2073.64123011684,2073.64123011684,0.9581635718732171,136.51550738688988,0.06583371578660108,,,,,,,,,,
Mass-Nom-Real,CH,Rb,2030-Hlow,2073.64123011684,2073.64123011684,0.9581635718732171,208.67934509280545,0.10063425729678772,,,,,,,,,,
Mass-Nom-Real,CH,Rb,2035-Hhigh,2073.64123011684,2073.64123011684,0.9581635718732171,137.38769492170312,0.06625432255412957,,,,,,,,,,
Mass-Nom-Real,CH,Rb,2035-Hlow,2073.64123011684,2073.64123011684,0.9581635718732171,178.06986262643528,0.08587303340626666,,,,,,,,,,
Mass-Nom-Real,CH,Rb,2040-Hhigh,2073.64123011684,2073.64123011684,0.9581635718732171,143.9576661845386,0.06942264847638435,,,,,,,,,,
Mass-Nom-Real,CH,Rb,2040-Hlow,2073.64123011684,2073.64123011684,0.9581635718732171,200.82014569563185,0.09684420948956372,,,,,,,,,,
Mass-Nom-Real,CH,Rb,2045-Hhigh,2073.64123011684,2073.64123011684,0.9581635718732171,166.84111546767312,0.08045804310048003,,,,,,,,,,
Mass-Nom-Real,CH,Rb,2045-Hlow,2073.64123011684,2073.64123011684,0.9581635718732171,222.29694131220333,0.10720125452929867,,,,,,,,,,
Mass-Nom-Real,CH,R,2024-Hhigh,5534.237892551646,5534.237892551646,2.7235897807461766,552.485640024341,0.0998304826700554,,,,,,,,,,
Mass-Nom-Real,CH,R,2024-Hlow,5534.237892551646,5534.237892551646,2.7235897807461766,817.4658410455453,0.1477106436182923,,,,,,,,,,
Mass-Nom-Real,CH,R,2025-Hhigh,5534.237892551646,5534.237892551646,2.837043580837162,427.14136805049077,0.07718160591277919,,,,,,,,,,
Mass-Nom-Real,CH,R,2025-Hlow,5534.237892551646,5534.237892551646,2.6814209644350298,664.2300394529799,0.1200219528594797,,,,,,,,,,
Mass-Nom-Real,CH,R,2030-Hhigh,5534.237892551646,5534.237892551646,2.6814209644350298,343.1024575841084,0.061996333414918614,,,,,,,,,,
Mass-Nom-Real,CH,R,2030-Hlow,5534.237892551646,5534.237892551646,2.6814209644350298,516.1262519719921,0.09326058293710683,,,,,,,,,,
Mass-Nom-Real,CH,R,2035-Hhigh,5534.237892551646,5534.237892551646,2.6814209644350298,343.62997409964726,0.062091652142768905,,,,,,,,,,
Mass-Nom-Real,CH,R,2035-Hlow,5534.237892551646,5534.237892551646,2.6814209644350298,449.9701323593593,0.08130661187603802,,,,,,,,,,
Mass-Nom-Real,CH,R,2040-Hhigh,5534.237892551646,5534.237892551646,2.6814209644350298,358.4339701068037,0.06476663581614527,,,,,,,,,,
Mass-Nom-Real,CH,R,2040-Hlow,5534.237892551646,5534.237892551646,2.6814209644350298,499.3614603838989,0.09023129653605486,,,,,,,,,,
Mass-Nom-Real,CH,R,2045-Hhigh,5534.237892551646,5534.237892551646,2.6814209644350298,411.6315464116389,0.07437908423951935,,,,,,,,,,
Mass-Nom-Real,CH,R,2045-Hlow,5534.237892551646,5534.237892551646,2.6814209644350298,549.7589803124598,0.0993377933847699,,,,,,,,,,
Mass-H1-Real,CH,Rl,2024-Hhigh,1250.5978533516566,1250.5978533516566,0.8609250378869645,131.58839592814377,0.10522039165146586,,,,,,,,,,
Mass-H1-Real,CH,Rl,2024-Hlow,1250.5978533516566,1250.5978533516566,0.8609250378869645,201.05193451817027,0.16076465666348488,,,,,,,,,,
Mass-H1-Real,CH,Rl,2025-Hhigh,1250.5978533516566,1250.5978533516566,0.8723513294925819,101.0135880421517,0.08077223847092883,,,,,,,,,,
Mass-H1-Real,CH,Rl,2025-Hlow,1250.5978533516566,1250.5978533516566,0.8408029345655306,163.013729611033,0.13034864019168843,,,,,,,,,,
Mass-H1-Real,CH,Rl,2030-Hhigh,1250.5978533516566,1250.5978533516566,0.8408029345655306,80.92814076373999,0.06471156219151429,,,,,,,,,,
Mass-H1-Real,CH,Rl,2030-Hlow,1250.5978533516566,1250.5978533516566,0.8408029345655306,125.6080501590374,0.10043840217892776,,,,,,,,,,
Mass-H1-Real,CH,Rl,2035-Hhigh,1250.5978533516566,1250.5978533516566,0.8408029345655306,80.75743077580323,0.0645750594880439,,,,,,,,,,
Mass-H1-Real,CH,Rl,2035-Hlow,1250.5978533516566,1250.5978533516566,0.8408029345655306,107.25800490350751,0.08576538382506527,,,,,,,,,,
Mass-H1-Real,CH,Rl,2040-Hhigh,1250.5978533516566,1250.5978533516566,0.8408029345655306,83.86281753869228,0.06705818126421398,,,,,,,,,,
Mass-H1-Real,CH,Rl,2040-Hlow,1250.5978533516566,1250.5978533516566,0.8408029345655306,120.2244281771087,0.09613356352315976,,,,,,,,,,
Mass-H1-Real,CH,Rl,2045-Hhigh,1250.5978533516566,1250.5978533516566,0.8408029345655306,95.78807082843197,0.07659382316362992,,,,,,,,,,
Mass-H1-Real,CH,Rl,2045-Hlow,1250.5978533516566,1250.5978533516566,0.8408029345655306,131.552063543716,0.10519133963899807,,,,,,,,,,
Mass-H1-Real,CH,Rb,2024-Hhigh,547.3526862592631,547.3526862592631,0.38134014581853487,63.64998934617448,0.11628697719777985,,,,,,,,,,
Mass-H1-Real,CH,Rb,2024-Hlow,547.3526862592631,547.3526862592631,0.38134014581853487,100.06864757919548,0.1828229770152187,,,,,,,,,,
Mass-H1-Real,CH,Rb,2025-Hhigh,547.3526862592631,547.3526862592631,0.4219133518670647,50.60098442173777,0.09244676365353532,,,,,,,,,,
Mass-H1-Real,CH,Rb,2025-Hlow,547.3526862592631,547.3526862592631,0.38134014581853487,85.04159641335434,0.15536892126089413,,,,,,,,,,
Mass-H1-Real,CH,Rb,2030-Hhigh,547.3526862592631,547.3526862592631,0.38134014581853487,41.2443683375074,0.0753524544099365,,,,,,,,,,
Mass-H1-Real,CH,Rb,2030-Hlow,547.3526862592631,547.3526862592631,0.38134014581853487,66.45867774451953,0.12141838235729463,,,,,,,,,,
Mass-H1-Real,CH,Rb,2035-Hhigh,547.3526862592631,547.3526862592631,0.38134014581853487,41.20835693703519,0.07528666246010919,,,,,,,,,,
Mass-H1-Real,CH,Rb,2035-Hlow,547.3526862592631,547.3526862592631,0.38134014581853487,53.6817048784666,0.09807516474494714,,,,,,,,,,
Mass-H1-Real,CH,Rb,2040-Hhigh,547.3526862592631,547.3526862592631,0.38134014581853487,42.94192147607909,0.07845384256639767,,,,,,,,,,
Mass-H1-Real,CH,Rb,2040-Hlow,547.3526862592631,547.3526862592631,0.38134014581853487,62.07541396688321,0.11341026640632967,,,,,,,,,,
Mass-H1-Real,CH,Rb,2045-Hhigh,547.3526862592631,547.3526862592631,0.38134014581853487,49.800894775318895,0.09098501939520917,,,,,,,,,,
Mass-H1-Real,CH,Rb,2045-Hlow,547.3526862592631,547.3526862592631,0.38134014581853487,68.65335284275758,0.12542800020211964,,,,,,,,,,
Mass-H1-Real,CH,R,2024-Hhigh,1797.9505396109193,1797.9505396109193,1.2422651837054994,195.23838527431815,0.10858940831407309,,,,,,,,,,
Mass-H1-Real,CH,R,2024-Hlow,1797.9505396109193,1797.9505396109193,1.2422651837054994,301.1205820973658,0.16747990306926294,,,,,,,,,,
Mass-H1-Real,CH,R,2025-Hhigh,1797.9505396109193,1797.9505396109193,1.2942646813596468,151.61457246388952,0.08432633107732722,,,,,,,,,,
Mass-H1-Real,CH,R,2025-Hlow,1797.9505396109193,1797.9505396109193,1.2221430803840654,248.05532602438728,0.13796560058769305,,,,,,,,,,
Mass-H1-Real,CH,R,2030-Hhigh,1797.9505396109193,1797.9505396109193,1.2221430803840654,122.17250910124736,0.06795098441789493,,,,,,,,,,
Mass-H1-Real,CH,R,2030-Hlow,1797.9505396109193,1797.9505396109193,1.2221430803840654,192.06672790355702,0.10682536792425931,,,,,,,,,,
Mass-H1-Real,CH,R,2035-Hhigh,1797.9505396109193,1797.9505396109193,1.2221430803840654,121.96578771283845,0.0678360082915474,,,,,,,,,,
Mass-H1-Real,CH,R,2035-Hlow,1797.9505396109193,1797.9505396109193,1.2221430803840654,160.93970978197407,0.08951286825543144,,,,,,,,,,
Mass-H1-Real,CH,R,2040-Hhigh,1797.9505396109193,1797.9505396109193,1.2221430803840654,126.80473901477136,0.07052737893569208,,,,,,,,,,
Mass-H1-Real,CH,R,2040-Hlow,1797.9505396109193,1797.9505396109193,1.2221430803840654,182.29984214399187,0.10139313519905947,,,,,,,,,,
Mass-H1-Real,CH,R,2045-Hhigh,1797.9505396109193,1797.9505396109193,1.2221430803840654,145.58896560375092,0.08097495587128704,,,,,,,,,,
Mass-H1-Real,CH,R,2045-Hlow,1797.9505396109193,1797.9505396109193,1.2221430803840654,200.2054163864737,0.11135201551751174,,,,,,,,,,
Mod-Nom-Ideal,AK,HPl,2024-Hhigh,545.7219822506701,2233.508469594546,0.3425234301407766,48.36058092008426,0.08861761573289616,4.092758844683324,,,,,,,,,
Mod-Nom-Ideal,AK,HPl,2024-Hlow,545.7219822506701,2233.508469594546,0.3425234301407766,88.20226634918646,0.1616249101519094,4.092758844683324,,,,,,,,,
Mod-Nom-Ideal,AK,HPl,2025-Hhigh,545.7219822506701,2233.508469594546,0.35013014504685824,37.242236146479556,0.06824397286120835,4.092758844683324,,,,,,,,,
Mod-Nom-Ideal,AK,HPl,2025-Hlow,545.7219822506701,2233.508469594546,0.34428593447933253,74.05361673969384,0.13569843097447062,4.092758844683324,,,,,,,,,
Mod-Nom-Ideal,AK,HPl,2030-Hhigh,545.7219822506701,2233.508469594546,0.34428593447933253,30.795774521719853,0.056431251669049,4.092758844683324,,,,,,,,,
Mod-Nom-Ideal,AK,HPl,2030-Hlow,545.7219822506701,2233.508469594546,0.34428593447933253,58.04881940950023,0.10637068195438074,4.092758844683324,,,,,,,,,
Mod-Nom-Ideal,AK,HPl,2035-Hhigh,545.7219822506701,2233.508469594546,0.34428593447933253,32.36504988347868,0.05930684659246919,4.092758844683324,,,,,,,,,
Mod-Nom-Ideal,AK,HPl,2035-Hlow,545.7219822506701,2233.508469594546,0.34428593447933253,51.639502934627274,0.094626026830833,4.092758844683324,,,,,,,,,
Mod-Nom-Ideal,AK,HPl,2040-Hhigh,545.7219822506701,2233.508469594546,0.34428593447933253,35.83852910659641,0.06567177110731534,4.092758844683324,,,,,,,,,
Mod-Nom-Ideal,AK,HPl,2040-Hlow,545.7219822506701,2233.508469594546,0.34428593447933253,58.39992525948679,0.10701406056364716,4.092758844683324,,,,,,,,,
Mod-Nom-Ideal,AK,HPl,2045-Hhigh,545.7219822506701,2233.508469594546,0.34428593447933253,42.15714533448054,0.0772502239338349,4.092758844683324,,,,,,,,,
Mod-Nom-Ideal,AK,HPl,2045-Hlow,545.7219822506701,2233.508469594546,0.34428593447933253,64.74673770350425,0.11864418112034876,4.092758844683324,,,,,,,,,
Mod-H1-Ideal,AK,HPl,2024-Hhigh,436.7886286976347,1684.7373555181127,0.2961308807129651,37.72094647545174,0.0863597264148649,3.8570998529459564,,,,,,,,,
Mod-H1-Ideal,AK,HPl,2024-Hlow,436.7886286976347,1684.7373555181127,0.2961308807129651,71.82445649250445,0.1644375603519309,3.8570998529459564,,,,,,,,,
Mod-H1-Ideal,AK,HPl,2025-Hhigh,436.7886286976347,1684.7373555181127,0.30329570108135845,28.854721616899837,0.066061064142021,3.8570998529459564,,,,,,,,,
Mod-H1-Ideal,AK,HPl,2025-Hlow,436.7886286976347,1684.7373555181127,0.29546400888859103,60.297767730721446,0.13804793387252384,3.8570998529459564,,,,,,,,,
Mod-H1-Ideal,AK,HPl,2030-Hhigh,436.7886286976347,1684.7373555181127,0.29546400888859103,23.90257983627836,0.054723448061247106,3.8570998529459564,,,,,,,,,
Mod-H1-Ideal,AK,HPl,2030-Hlow,436.7886286976347,1684.7373555181127,0.29546400888859103,47.123627682996,0.1078865716433684,3.8570998529459564,,,,,,,,,
Mod-H1-Ideal,AK,HPl,2035-Hhigh,436.7886286976347,1684.7373555181127,0.29546400888859103,25.459458041960186,0.05828782245973808,3.8570998529459564,,,,,,,,,
Mod-H1-Ideal,AK,HPl,2035-Hlow,436.7886286976347,1684.7373555181127,0.29546400888859103,41.84638736197649,0.09580466297107862,3.8570998529459564,,,,,,,,,
Mod-H1-Ideal,AK,HPl,2040-Hhigh,436.7886286976347,1684.7373555181127,0.29546400888859103,28.31958454486511,0.06483590158769732,3.8570998529459564,,,,,,,,,
Mod-H1-Ideal,AK,HPl,2040-Hlow,436.7886286976347,1684.7373555181127,0.29546400888859103,47.592033816152785,0.10895895792447059,3.8570998529459564,,,,,,,,,
Mod-H1-Ideal,AK,HPl,2045-Hhigh,436.7886286976347,1684.7373555181127,0.29546400888859103,33.24268875803429,0.07610703799032831,3.8570998529459564,,,,,,,,,
Mod-H1-Ideal,AK,HPl,2045-Hlow,436.7886286976347,1684.7373555181127,0.29546400888859103,52.58240756764681,0.12038410368976613,3.8570998529459564,,,,,,,,,
Mod-Nom-Real,AK,HPl,2024-Hhigh,546.828648113696,2238.2603680441844,0.34378633125834995,48.444916172059195,0.08859249847126989,4.093165886178677,,,,,,,,,
Mod-Nom-Real,AK,HPl,2024-Hlow,546.828648113696,2238.2603680441844,0.34378633125834995,88.39261815862231,0.1616459168032539,4.093165886178677,,,,,,,,,
Mod-Nom-Real,AK,HPl,2025-Hhigh,546.828648113696,2238.2603680441844,0.3514789268464838,37.304751159663866,0.06822018430882851,4.093165886178677,,,,,,,,,
Mod-Nom-Real,AK,HPl,2025-Hlow,546.828648113696,2238.2603680441844,0.34548074696039055,74.20952403077254,0.1357089177510374,4.093165886178677,,,,,,,,,
Mod-Nom-Real,AK,HPl,2030-Hhigh,546.828648113696,2238.2603680441844,0.34548074696039055,30.84763328377577,0.056411882205121715,4.093165886178677,,,,,,,,,
Mod-Nom-Real,AK,HPl,2030-Hlow,546.828648113696,2238.2603680441844,0.34548074696039055,58.16669730280618,0.10637097654531118,4.093165886178677,,,,,,,,,
Mod-Nom-Real,AK,HPl,2035-Hhigh,546.828648113696,2238.2603680441844,0.34548074696039055,32.42219342431992,0.059291321945478495,4.093165886178677,,,,,,,,,
Mod-Nom-Real,AK,HPl,2035-Hlow,546.828648113696,2238.2603680441844,0.34548074696039055,51.74744021743421,0.09463191146977899,4.093165886178677,,,,,,,,,
Mod-Nom-Real,AK,HPl,2040-Hhigh,546.828648113696,2238.2603680441844,0.34548074696039055,35.90215706054238,0.06565522341301629,4.093165886178677,,,,,,,,,
Mod-Nom-Real,AK,HPl,2040-Hlow,546.828648113696,2238.2603680441844,0.34548074696039055,58.52485878905226,0.10702595592044373,4.093165886178677,,,,,,,,,
Mod-Nom-Real,AK,HPl,2045-Hhigh,546.828648113696,2238.2603680441844,0.34548074696039055,42.23043933893502,0.07722792045480857,4.093165886178677,,,,,,,,,
Mod-Nom-Real,AK,HPl,2045-Hlow,546.828648113696,2238.2603680441844,0.34548074696039055,64.88066114356432,0.1186489796527164,4.093165886178677,,,,,,,,,
Mod-H1-Real,AK,HPl,2024-Hhigh,437.34409625642905,1686.91804868813,0.29670286209566066,37.76842847403979,0.08635861052505195,3.857187196826901,,,,,,,,,
Mod-H1-Real,AK,HPl,2024-Hlow,437.34409625642905,1686.91804868813,0.29670286209566066,71.93701489711096,0.1644860774682367,3.857187196826901,,,,,,,,,
Mod-H1-Real,AK,HPl,2025-Hhigh,437.34409625642905,1686.91804868813,0.3038843614459593,28.889019410463966,0.06605558336730215,3.857187196826901,,,,,,,,,
Mod-H1-Real,AK,HPl,2025-Hlow,437.34409625642905,1686.91804868813,0.296023568553857,60.39325197542329,0.1380909276982963,3.857187196826901,,,,,,,,,
Mod-H1-Real,AK,HPl,2030-Hhigh,437.34409625642905,1686.91804868813,0.296023568553857,23.931698761598685,0.05472052547741894,3.857187196826901,,,,,,,,,
Mod-H1-Real,AK,HPl,2030-Hlow,437.34409625642905,1686.91804868813,0.296023568553857,47.19648424640962,0.10791613434456146,3.857187196826901,,,,,,,,,
Mod-H1-Real,AK,HPl,2035-Hhigh,437.34409625642905,1686.91804868813,0.296023568553857,25.492443369244537,0.05828921343046435,3.857187196826901,,,,,,,,,
Mod-H1-Real,AK,HPl,2035-Hlow,437.34409625642905,1686.91804868813,0.296023568553857,41.91019724099783,0.09582888530962247,3.857187196826901,,,,,,,,,
Mod-H1-Real,AK,HPl,2040-Hhigh,437.34409625642905,1686.91804868813,0.296023568553857,28.35624089737119,0.06483736979667608,3.857187196826901,,,,,,,,,
Mod-H1-Real,AK,HPl,2040-Hlow,437.34409625642905,1686.91804868813,0.296023568553857,47.66682188942293,0.10899157504912178,3.857187196826901,,,,,,,,,
Mod-H1-Real,AK,HPl,2045-Hhigh,437.34409625642905,1686.91804868813,0.296023568553857,33.285302030517784,0.07610781148169776,3.857187196826901,,,,,,,,,
Mod-H1-Real,AK,HPl,2045-Hlow,437.34409625642905,1686.91804868813,0.296023568553857,52.664150826654534,0.12041811305433933,3.857187196826901,,,,,,,,,
Mod-Nom-Ideal,CH,HPl,2024-Hhigh,1434.4276418795885,5867.6054458022645,0.8838065431269867,134.99374501276435,0.09410983243175416,4.090555197412192,,,,,,,,,
Mod-Nom-Ideal,CH,HPl,2024-Hlow,1434.4276418795885,5867.6054458022645,0.8838065431269867,212.23220367958174,0.14795601916976817,4.090555197412192,,,,,,,,,
Mod-Nom-Ideal,CH,HPl,2025-Hhigh,1434.4276418795885,5867.6054458022645,0.8887203114852277,103.87216073583966,0.0724136636127088,4.090555197412192,,,,,,,,,
Mod-Nom-Ideal,CH,HPl,2025-Hlow,1434.4276418795885,5867.6054458022645,0.8772911761719188,173.00180576955356,0.12060685441258111,4.090555197412192,,,,,,,,,
Mod-Nom-Ideal,CH,HPl,2030-Hhigh,1434.4276418795885,5867.6054458022645,0.8772911761719188,84.18780327001616,0.05869086791976588,4.090555197412192,,,,,,,,,
Mod-Nom-Ideal,CH,HPl,2030-Hlow,1434.4276418795885,5867.6054458022645,0.8772911761719188,134.60473490198785,0.09383863707869561,4.090555197412192,,,,,,,,,
Mod-Nom-Ideal,CH,HPl,2035-Hhigh,1434.4276418795885,5867.6054458022645,0.8772911761719188,85.36190545603576,0.0595093840663741,4.090555197412192,,,,,,,,,
Mod-Nom-Ideal,CH,HPl,2035-Hlow,1434.4276418795885,5867.6054458022645,0.8772911761719188,121.02890532232028,0.08437435377620807,4.090555197412192,,,,,,,,,
Mod-Nom-Ideal,CH,HPl,2040-Hhigh,1434.4276418795885,5867.6054458022645,0.8772911761719188,91.28007158549329,0.0636351872485428,4.090555197412192,,,,,,,,,
Mod-Nom-Ideal,CH,HPl,2040-Hlow,1434.4276418795885,5867.6054458022645,0.8772911761719188,134.2167969400612,0.09356818916581355,4.090555197412192,,,,,,,,,
Mod-Nom-Ideal,CH,HPl,2045-Hhigh,1434.4276418795885,5867.6054458022645,0.8772911761719188,105.5752447822562,0.0736009553217454,4.090555197412192,,,,,,,,,
Mod-Nom-Ideal,CH,HPl,2045-Hlow,1434.4276418795885,5867.6054458022645,0.8772911761719188,148.6374965902359,0.1036214670232304,4.090555197412192,,,,,,,,,
Mod-H1-Ideal,CH,HPl,2024-Hhigh,1310.2433655150664,4986.386754278528,0.7836823396151672,121.21708880454241,0.09251494187638269,3.80569509872568,,,,,,,,,
Mod-H1-Ideal,CH,HPl,2024-Hlow,1310.2433655150664,4986.386754278528,0.7836823396151672,196.68428911948408,0.15011279148295173,3.80569509872568,,,,,,,,,
Mod-H1-Ideal,CH,HPl,2025-Hhigh,1310.2433655150664,4986.386754278528,0.7858956647093058,92.71175338172542,0.07075918552373645,3.80569509872568,,,,,,,,,
Mod-H1-Ideal,CH,HPl,2025-Hlow,1310.2433655150664,4986.386754278528,0.7839359911573082,160.2008306198649,0.1222679960351402,3.80569509872568,,,,,,,,,
Mod-H1-Ideal,CH,HPl,2030-Hhigh,1310.2433655150664,4986.386754278528,0.7839359911573082,75.2978203883218,0.05746857596849701,3.80569509872568,,,,,,,,,
Mod-H1-Ideal,CH,HPl,2030-Hlow,1310.2433655150664,4986.386754278528,0.7839359911573082,124.53088828536083,0.09504408994767687,3.80569509872568,,,,,,,,,
Mod-H1-Ideal,CH,HPl,2035-Hhigh,1310.2433655150664,4986.386754278528,0.7839359911573082,76.8451735696997,0.058649542208894366,3.80569509872568,,,,,,,,,
Mod-H1-Ideal,CH,HPl,2035-Hlow,1310.2433655150664,4986.386754278528,0.7839359911573082,112.20727636698818,0.08563849993079618,3.80569509872568,,,,,,,,,
Mod-H1-Ideal,CH,HPl,2040-Hhigh,1310.2433655150664,4986.386754278528,0.7839359911573082,82.59551570968105,0.0630383010389922,3.80569509872568,,,,,,,,,
Mod-H1-Ideal,CH,HPl,2040-Hlow,1310.2433655150664,4986.386754278528,0.7839359911573082,124.39749868734958,0.09494228473994065,3.80569509872568,,,,,,,,,
Mod-H1-Ideal,CH,HPl,2045-Hhigh,1310.2433655150664,4986.386754278528,0.7839359911573082,95.54548504782115,0.07292193768160124,3.80569509872568,,,,,,,,,
Mod-H1-Ideal,CH,HPl,2045-Hlow,1310.2433655150664,4986.386754278528,0.7839359911573082,137.50922470103163,0.10494937682586603,3.80569509872568,,,,,,,,,
Mod-Nom-Real,CH,HPl,2024-Hhigh,1446.9003977584027,5901.549834381867,0.895076781244031,136.20463284389933,0.09413545884354799,4.078753343025401,,,,,,,,,
Mod-Nom-Real,CH,HPl,2024-Hlow,1446.9003977584027,5901.549834381867,0.895076781244031,214.27870406553626,0.14809499285334746,4.078753343025401,,,,,,,,,
Mod-Nom-Real,CH,HPl,2025-Hhigh,1446.9003977584027,5901.549834381867,0.900081632434896,104.80727473123285,0.07243572183241125,4.078753343025401,,,,,,,,,
Mod-Nom-Real,CH,HPl,2025-Hlow,1446.9003977584027,5901.549834381867,0.8881309068179226,174.67201674498818,0.12072152099453232,4.078753343025401,,,,,,,,,
Mod-Nom-Real,CH,HPl,2030-Hhigh,1446.9003977584027,5901.549834381867,0.8881309068179226,84.94757381463702,0.05871003556723136,4.078753343025401,,,,,,,,,
Mod-Nom-Real,CH,HPl,2030-Hlow,1446.9003977584027,5901.549834381867,0.8881309068179226,135.8982864519543,0.09392373287234801,4.078753343025401,,,,,,,,,
Mod-Nom-Real,CH,HPl,2035-Hhigh,1446.9003977584027,5901.549834381867,0.8881309068179226,86.13636476853135,0.059531647722246346,4.078753343025401,,,,,,,,,
Mod-Nom-Real,CH,HPl,2035-Hlow,1446.9003977584027,5901.549834381867,0.8881309068179226,122.16836000036952,0.084434533427206,4.078753343025401,,,,,,,,,
Mod-Nom-Real,CH,HPl,2040-Hhigh,1446.9003977584027,5901.549834381867,0.8881309068179226,92.1043375102024,0.0636563081003324,4.078753343025401,,,,,,,,,
Mod-Nom-Real,CH,HPl,2040-Hlow,1446.9003977584027,5901.549834381867,0.8881309068179226,135.50965432687474,0.09365513655038857,4.078753343025401,,,,,,,,,
Mod-Nom-Real,CH,HPl,2045-Hhigh,1446.9003977584027,5901.549834381867,0.8881309068179226,106.52783212619552,0.07362485509799624,4.078753343025401,,,,,,,,,
Mod-Nom-Real,CH,HPl,2045-Hlow,1446.9003977584027,5901.549834381867,0.8881309068179226,150.04355194585114,0.10369998665996964,4.078753343025401,,,,,,,,,
Mod-H1-Real,CH,HPl,2024-Hhigh,1316.9208443964596,5012.66436812263,0.7887961897781275,121.82554608885943,0.09250787289701658,3.806352059390416,,,,,,,,,
Mod-H1-Real,CH,HPl,2024-Hlow,1316.9208443964596,5012.66436812263,0.7887961897781275,197.7782488672933,0.15018233609775872,3.806352059390416,,,,,,,,,
Mod-H1-Real,CH,HPl,2025-Hhigh,1316.9208443964596,5012.66436812263,0.791025594331566,93.16744813200775,0.07074642984689491,3.806352059390416,,,,,,,,,
Mod-H1-Real,CH,HPl,2025-Hlow,1316.9208443964596,5012.66436812263,0.789059795859384,161.07713099771,0.1223134493489858,3.806352059390416,,,,,,,,,
Mod-H1-Real,CH,HPl,2030-Hhigh,1316.9208443964596,5012.66436812263,0.789059795859384,75.66718512124994,0.057457656200990546,3.806352059390416,,,,,,,,,
Mod-H1-Real,CH,HPl,2030-Hlow,1316.9208443964596,5012.66436812263,0.789059795859384,125.20094916133792,0.09507097536960704,3.806352059390416,,,,,,,,,
Mod-H1-Real,CH,HPl,2035-Hhigh,1316.9208443964596,5012.66436812263,0.789059795859384,77.22567630510206,0.05864109193327737,3.806352059390416,,,,,,,,,
Mod-H1-Real,CH,HPl,2035-Hlow,1316.9208443964596,5012.66436812263,0.789059795859384,112.8076286637034,0.08566014361736582,3.806352059390416,,,,,,,,,
Mod-H1-Real,CH,HPl,2040-Hhigh,1316.9208443964596,5012.66436812263,0.789059795859384,83.00231094542595,0.0630275625893564,3.806352059390416,,,,,,,,,
Mod-H1-Real,CH,HPl,2040-Hlow,1316.9208443964596,5012.66436812263,0.789059795859384,125.0665976613387,0.0949689559501629,3.806352059390416,,,,,,,,,
Mod-H1-Real,CH,HPl,2045-Hhigh,1316.9208443964596,5012.66436812263,0.789059795859384,96.01132819339328,0.07290592187216458,3.806352059390416,,,,,,,,,
Mod-H1-Real,CH,HPl,2045-Hlow,1316.9208443964596,5012.66436812263,0.789059795859384,138.23328501905524,0.10496704157067777,3.806352059390416,,,,,,,,,
Mass-Nom-Ideal,AK,HPl,2024-Hhigh,383.78245787604624,1563.8815104525415,0.22076855810453805,36.88207766545551,0.09610152029764647,4.074916605379714,,,,,,,,,
Mass-Nom-Ideal,AK,HPl,2024-Hlow,383.78245787604624,1563.8815104525415,0.22076855810453805,61.225244690501796,0.1595311183042042,4.074916605379714,,,,,,,,,
Mass-Nom-Ideal,AK,HPl,2025-Hhigh,383.78245787604624,1563.8815104525415,0.2247927990908326,28.351027768364503,0.07387265151530531,4.074916605379714,,,,,,,,,
Mass-Nom-Ideal,AK,HPl,2025-Hlow,383.78245787604624,1563.8815104525415,0.21136738114914144,50.676246114771644,0.13204419606677026,4.074916605379714,,,,,,,,,
Mass-Nom-Ideal,AK,HPl,2030-Hhigh,383.78245787604624,1563.8815104525415,0.21136738114914144,23.244787187178602,0.06056761248500364,4.074916605379714,,,,,,,,,
Mass-Nom-Ideal,AK,HPl,2030-Hlow,383.78245787604624,1563.8815104525415,0.21136738114914144,39.53384749357123,0.10301108527044725,4.074916605379714,,,,,,,,,
Mass-Nom-Ideal,AK,HPl,2035-Hhigh,383.78245787604624,1563.8815104525415,0.21136738114914144,23.800862740665536,0.06201654674991091,4.074916605379714,,,,,,,,,
Mass-Nom-Ideal,AK,HPl,2035-Hlow,383.78245787604624,1563.8815104525415,0.21136738114914144,34.52363546896591,0.08995626235766181,4.074916605379714,,,,,,,,,
Mass-Nom-Ideal,AK,HPl,2040-Hhigh,383.78245787604624,1563.8815104525415,0.21136738114914144,25.60931542379624,0.06672872847165806,4.074916605379714,,,,,,,,,
Mass-Nom-Ideal,AK,HPl,2040-Hlow,383.78245787604624,1563.8815104525415,0.21136738114914144,38.47736989134801,0.10025828200770813,4.074916605379714,,,,,,,,,
Mass-Nom-Ideal,AK,HPl,2045-Hhigh,383.78245787604624,1563.8815104525415,0.21136738114914144,29.670262337968268,0.07731010557952898,4.074916605379714,,,,,,,,,
Mass-Nom-Ideal,AK,HPl,2045-Hlow,383.78245787604624,1563.8815104525415,0.21136738114914144,42.58088007203556,0.11095056378472698,4.074916605379714,,,,,,,,,
Mass-H1-Ideal,AK,HPl,2024-Hhigh,120.44872220910057,452.53689337432246,0.08251560446052696,12.076446501729382,0.10026213877773242,3.7570916907587653,,,,,,,,,
Mass-H1-Ideal,AK,HPl,2024-Hlow,120.44872220910057,452.53689337432246,0.08251560446052696,20.426201754841756,0.16958421293487533,3.7570916907587653,,,,,,,,,
Mass-H1-Ideal,AK,HPl,2025-Hhigh,120.44872220910057,452.53689337432246,0.08550833591886337,9.381296225384178,0.07788622455535996,3.7570916907587653,,,,,,,,,
Mass-H1-Ideal,AK,HPl,2025-Hlow,120.44872220910057,452.53689337432246,0.0784021313755348,17.044596562028026,0.14150915218874952,3.7570916907587653,,,,,,,,,
Mass-H1-Ideal,AK,HPl,2030-Hhigh,120.44872220910057,452.53689337432246,0.0784021313755348,7.769855972140782,0.06450758322410602,3.7570916907587653,,,,,,,,,
Mass-H1-Ideal,AK,HPl,2030-Hlow,120.44872220910057,452.53689337432246,0.0784021313755348,13.268632692422962,0.11016001207043476,3.7570916907587653,,,,,,,,,
Mass-H1-Ideal,AK,HPl,2035-Hhigh,120.44872220910057,452.53689337432246,0.0784021313755348,7.930043073405251,0.06583750269794139,3.7570916907587653,,,,,,,,,
Mass-H1-Ideal,AK,HPl,2035-Hlow,120.44872220910057,452.53689337432246,0.0784021313755348,11.220915286269651,0.09315927209912608,3.7570916907587653,,,,,,,,,
Mass-H1-Ideal,AK,HPl,2040-Hhigh,120.44872220910057,452.53689337432246,0.0784021313755348,8.504013808406253,0.07060277313397458,3.7570916907587653,,,,,,,,,
Mass-H1-Ideal,AK,HPl,2040-Hlow,120.44872220910057,452.53689337432246,0.0784021313755348,12.532612226114837,0.10404935806922101,3.7570916907587653,,,,,,,,,
Mass-H1-Ideal,AK,HPl,2045-Hhigh,120.44872220910057,452.53689337432246,0.0784021313755348,9.85522978376621,0.08182095752462532,3.7570916907587653,,,,,,,,,
Mass-H1-Ideal,AK,HPl,2045-Hlow,120.44872220910057,452.53689337432246,0.0784021313755348,13.899088399203164,0.11539423701875529,3.7570916907587653,,,,,,,,,
Mass-Nom-Real,AK,HPl,2024-Hhigh,384.01130034328605,1564.6934843278088,0.22095519084883486,36.91437288574797,0.09612835052705077,4.074602708120971,,,,,,,,,
Mass-Nom-Real,AK,HPl,2024-Hlow,384.01130034328605,1564.6934843278088,0.22095519084883486,61.29772146057065,0.1596247855356696,4.074602708120971,,,,,,,,,
Mass-Nom-Real,AK,HPl,2025-Hhigh,384.01130034328605,1564.6934843278088,0.2249437049365767,28.374277505102643,0.07388917326062415,4.074602708120971,,,,,,,,,
Mass-Nom-Real,AK,HPl,2025-Hlow,384.01130034328605,1564.6934843278088,0.21158416546773554,50.73703874694906,0.13212381693349334,4.074602708120971,,,,,,,,,
Mass-Nom-Real,AK,HPl,2030-Hhigh,384.01130034328605,1564.6934843278088,0.21158416546773554,23.264279298171736,0.06058227785842418,4.074602708120971,,,,,,,,,
Mass-Nom-Real,AK,HPl,2030-Hlow,384.01130034328605,1564.6934843278088,0.21158416546773554,39.580698332723685,0.10307170204975898,4.074602708120971,,,,,,,,,
Mass-Nom-Real,AK,HPl,2035-Hhigh,384.01130034328605,1564.6934843278088,0.21158416546773554,23.821326577395535,0.062032879126474955,4.074602708120971,,,,,,,,,
Mass-Nom-Real,AK,HPl,2035-Hlow,384.01130034328605,1564.6934843278088,0.21158416546773554,34.558445713663325,0.08999330405842192,4.074602708120971,,,,,,,,,
Mass-Nom-Real,AK,HPl,2040-Hhigh,384.01130034328605,1564.6934843278088,0.21158416546773554,25.6318659743701,0.06674768672551186,4.074602708120971,,,,,,,,,
Mass-Nom-Real,AK,HPl,2040-Hlow,384.01130034328605,1564.6934843278088,0.21158416546773554,38.52266159972909,0.10031647913822286,4.074602708120971,,,,,,,,,
Mass-Nom-Real,AK,HPl,2045-Hhigh,384.01130034328605,1564.6934843278088,0.21158416546773554,29.696144314851715,0.07733143344559108,4.074602708120971,,,,,,,,,
Mass-Nom-Real,AK,HPl,2045-Hlow,384.01130034328605,1564.6934843278088,0.21158416546773554,42.63009744215531,0.11101261187898957,4.074602708120971,,,,,,,,,
Mass-H1-Real,AK,HPl,2024-Hhigh,120.24438838465511,451.76431108953096,0.08248257357074532,12.05508771179169,0.10025488818012974,3.7570510953439427,,,,,,,,,
Mass-H1-Real,AK,HPl,2024-Hlow,120.24438838465511,451.76431108953096,0.08248257357074532,20.386497007350304,0.16954219054393652,3.7570510953439427,,,,,,,,,
Mass-H1-Real,AK,HPl,2025-Hhigh,120.24438838465511,451.76431108953096,0.08547664880142215,9.365448677931717,0.07788678377216379,3.7570510953439427,,,,,,,,,
Mass-H1-Real,AK,HPl,2025-Hlow,120.24438838465511,451.76431108953096,0.0783692102288787,17.01183454782877,0.14147715977737652,3.7570510953439427,,,,,,,,,
Mass-H1-Real,AK,HPl,2030-Hhigh,120.24438838465511,451.76431108953096,0.0783692102288787,7.756673351682764,0.06450757042290903,3.7570510953439427,,,,,,,,,
Mass-H1-Real,AK,HPl,2030-Hlow,120.24438838465511,451.76431108953096,0.0783692102288787,13.243686746952832,0.11013974893021215,3.7570510953439427,,,,,,,,,
Mass-H1-Real,AK,HPl,2035-Hhigh,120.24438838465511,451.76431108953096,0.0783692102288787,7.9163021183545315,0.0658351065251438,3.7570510953439427,,,,,,,,,
Mass-H1-Real,AK,HPl,2035-Hlow,120.24438838465511,451.76431108953096,0.0783692102288787,11.200410061517012,0.09314705003685929,3.7570510953439427,,,,,,,,,
Mass-H1-Real,AK,HPl,2040-Hhigh,120.24438838465511,451.76431108953096,0.0783692102288787,8.489238637190562,0.0705998737340986,3.7570510953439427,,,,,,,,,
Mass-H1-Real,AK,HPl,2040-Hlow,120.24438838465511,451.76431108953096,0.0783692102288787,12.508637316081023,0.10402678648143303,3.7570510953439427,,,,,,,,,
Mass-H1-Real,AK,HPl,2045-Hhigh,120.24438838465511,451.76431108953096,0.0783692102288787,9.838483288577494,0.08182072711039731,3.7570510953439427,,,,,,,,,
Mass-H1-Real,AK,HPl,2045-Hlow,120.24438838465511,451.76431108953096,0.0783692102288787,13.873528944902167,0.11537776632470798,3.7570510953439427,,,,,,,,,
Mass-Nom-Ideal,CH,HPl,2024-Hhigh,964.1722574668731,3452.1915523232456,0.5244647192576257,96.53803533717978,0.10012529876228742,3.5804717731591187,,,,,,,,,
Mass-Nom-Ideal,CH,HPl,2024-Hlow,964.1722574668731,3452.1915523232456,0.5244647192576257,142.81269256460115,0.1481194791269006,3.5804717731591187,,,,,,,,,
Mass-Nom-Ideal,CH,HPl,2025-Hhigh,964.1722574668731,3452.1915523232456,0.5283058212853661,74.02411547572312,0.0767747826204867,3.5804717731591187,,,,,,,,,
Mass-Nom-Ideal,CH,HPl,2025-Hlow,964.1722574668731,3452.1915523232456,0.5167918167229115,114.95659128783467,0.11922827108700991,3.5804717731591187,,,,,,,,,
Mass-Nom-Ideal,CH,HPl,2030-Hhigh,964.1722574668731,3452.1915523232456,0.5167918167229115,59.212075818821866,0.06141234137392328,3.5804717731591187,,,,,,,,,
Mass-Nom-Ideal,CH,HPl,2030-Hlow,964.1722574668731,3452.1915523232456,0.5167918167229115,88.87412601523833,0.09217660571227528,3.5804717731591187,,,,,,,,,
Mass-Nom-Ideal,CH,HPl,2035-Hhigh,964.1722574668731,3452.1915523232456,0.5167918167229115,59.101949190166046,0.06129812254237844,3.5804717731591187,,,,,,,,,
Mass-Nom-Ideal,CH,HPl,2035-Hlow,964.1722574668731,3452.1915523232456,0.5167918167229115,77.82066832419785,0.08071241183463693,3.5804717731591187,,,,,,,,,
Mass-Nom-Ideal,CH,HPl,2040-Hhigh,964.1722574668731,3452.1915523232456,0.5167918167229115,61.50900139032894,0.06379461855906206,3.5804717731591187,,,,,,,,,
Mass-Nom-Ideal,CH,HPl,2040-Hlow,964.1722574668731,3452.1915523232456,0.5167918167229115,86.0278419361741,0.08922455636940978,3.5804717731591187,,,,,,,,,
Mass-Nom-Ideal,CH,HPl,2045-Hhigh,964.1722574668731,3452.1915523232456,0.5167918167229115,70.34087279161344,0.07295467407081062,3.5804717731591187,,,,,,,,,
Mass-Nom-Ideal,CH,HPl,2045-Hlow,964.1722574668731,3452.1915523232456,0.5167918167229115,94.43090133274853,0.09793986562198194,3.5804717731591187,,,,,,,,,
Mass-H1-Ideal,CH,HPl,2024-Hhigh,379.1447510833203,1250.165598278432,0.2693631128513944,40.66049196510766,0.10724266088065182,3.297330622951701,,,,,,,,,
Mass-H1-Ideal,CH,HPl,2024-Hlow,379.1447510833203,1250.165598278432,0.2693631128513944,62.327632169206126,0.1643900699960082,3.297330622951701,,,,,,,,,
Mass-H1-Ideal,CH,HPl,2025-Hhigh,379.1447510833203,1250.165598278432,0.27227904300437333,31.3076914195813,0.08257450836422411,3.297330622951701,,,,,,,,,
Mass-H1-Ideal,CH,HPl,2025-Hlow,379.1447510833203,1250.165598278432,0.26557872928099335,50.7493040655248,0.13385205497509897,3.297330622951701,,,,,,,,,
Mass-H1-Ideal,CH,HPl,2030-Hhigh,379.1447510833203,1250.165598278432,0.26557872928099335,25.148423989999984,0.06632934761234081,3.297330622951701,,,,,,,,,
Mass-H1-Ideal,CH,HPl,2030-Hlow,379.1447510833203,1250.165598278432,0.26557872928099335,39.1489355830902,0.10325590812277101,3.297330622951701,,,,,,,,,
Mass-H1-Ideal,CH,HPl,2035-Hhigh,379.1447510833203,1250.165598278432,0.26557872928099335,25.08366947904196,0.06615855661293227,3.297330622951701,,,,,,,,,
Mass-H1-Ideal,CH,HPl,2035-Hlow,379.1447510833203,1250.165598278432,0.26557872928099335,33.14173281259166,0.08741182020296118,3.297330622951701,,,,,,,,,
Mass-H1-Ideal,CH,HPl,2040-Hhigh,379.1447510833203,1250.165598278432,0.26557872928099335,26.05960345254458,0.06873259718902916,3.297330622951701,,,,,,,,,
Mass-H1-Ideal,CH,HPl,2040-Hlow,379.1447510833203,1250.165598278432,0.26557872928099335,37.34233612260744,0.09849097479500948,3.297330622951701,,,,,,,,,
Mass-H1-Ideal,CH,HPl,2045-Hhigh,379.1447510833203,1250.165598278432,0.26557872928099335,29.806063914409386,0.07861394316879057,3.297330622951701,,,,,,,,,
Mass-H1-Ideal,CH,HPl,2045-Hlow,379.1447510833203,1250.165598278432,0.26557872928099335,40.91134824735438,0.10790429810899259,3.297330622951701,,,,,,,,,
Mass-Nom-Real,CH,HPl,2024-Hhigh,966.4374279657854,3460.5966624348066,0.5260919513077842,96.80300594576056,0.10016479406175033,3.580776739699408,,,,,,,,,
Mass-Nom-Real,CH,HPl,2024-Hlow,966.4374279657854,3460.5966624348066,0.5260919513077842,143.25345638398525,0.14822838213697248,3.580776739699408,,,,,,,,,
Mass-Nom-Real,CH,HPl,2025-Hhigh,966.4374279657854,3460.5966624348066,0.5300113162084099,74.22547281094208,0.0768031852482951,3.580776739699408,,,,,,,,,
Mass-Nom-Real,CH,HPl,2025-Hlow,966.4374279657854,3460.5966624348066,0.5185426798722036,115.31911154777121,0.11932392952795888,3.580776739699408,,,,,,,,,
Mass-Nom-Real,CH,HPl,2030-Hhigh,966.4374279657854,3460.5966624348066,0.5185426798722036,59.37215200041421,0.06143403626801191,3.580776739699408,,,,,,,,,
Mass-Nom-Real,CH,HPl,2030-Hlow,966.4374279657854,3460.5966624348066,0.5185426798722036,89.152698471171,0.09224880565607323,3.580776739699408,,,,,,,,,
Mass-Nom-Real,CH,HPl,2035-Hhigh,966.4374279657854,3460.5966624348066,0.5185426798722036,59.261561764804654,0.061319605439476704,3.580776739699408,,,,,,,,,
Mass-Nom-Real,CH,HPl,2035-Hlow,966.4374279657854,3460.5966624348066,0.5185426798722036,78.05465719463118,0.0807653500743708,3.580776739699408,,,,,,,,,
Mass-Nom-Real,CH,HPl,2040-Hhigh,966.4374279657854,3460.5966624348066,0.5185426798722036,61.679275039251024,0.06382128139333056,3.580776739699408,,,,,,,,,
Mass-Nom-Real,CH,HPl,2040-Hlow,966.4374279657854,3460.5966624348066,0.5185426798722036,86.28613673204221,0.0892826935662688,3.580776739699408,,,,,,,,,
Mass-Nom-Real,CH,HPl,2045-Hhigh,966.4374279657854,3460.5966624348066,0.5185426798722036,70.53638052070157,0.07298597765317379,3.580776739699408,,,,,,,,,
Mass-Nom-Real,CH,HPl,2045-Hlow,966.4374279657854,3460.5966624348066,0.5185426798722036,94.71569736393633,0.09800499714016615,3.580776739699408,,,,,,,,,
Mass-H1-Real,CH,HPl,2024-Hhigh,379.307631542679,1250.5978533516566,0.2697046268737404,40.70302223273283,0.10730873530593069,3.2970542887981455,,,,,,,,,
Mass-H1-Real,CH,HPl,2024-Hlow,379.307631542679,1250.5978533516566,0.2697046268737404,62.397981336136134,0.16450494571479568,3.2970542887981455,,,,,,,,,
Mass-H1-Real,CH,HPl,2025-Hhigh,379.307631542679,1250.5978533516566,0.2725767524280059,31.341687795057403,0.08262867706507215,3.2970542887981455,,,,,,,,,
Mass-H1-Real,CH,HPl,2025-Hlow,379.307631542679,1250.5978533516566,0.26594427130383136,50.814135071915516,0.13396549619961443,3.2970542887981455,,,,,,,,,
Mass-H1-Real,CH,HPl,2030-Hhigh,379.307631542679,1250.5978533516566,0.26594427130383136,25.17682382374671,0.06637573760736173,3.2970542887981455,,,,,,,,,
Mass-H1-Real,CH,HPl,2030-Hlow,379.307631542679,1250.5978533516566,0.26594427130383136,39.200870032029655,0.10334848753924647,3.2970542887981455,,,,,,,,,
Mass-H1-Real,CH,HPl,2035-Hhigh,379.307631542679,1250.5978533516566,0.26594427130383136,25.11248122800787,0.06620610591427623,3.2970542887981455,,,,,,,,,
Mass-H1-Real,CH,HPl,2035-Hlow,379.307631542679,1250.5978533516566,0.26594427130383136,33.17471200721511,0.08746123001082395,3.2970542887981455,,,,,,,,,
Mass-H1-Real,CH,HPl,2040-Hhigh,379.307631542679,1250.5978533516566,0.26594427130383136,26.08958767434694,0.0687821322451072,3.2970542887981455,,,,,,,,,
Mass-H1-Real,CH,HPl,2040-Hlow,379.307631542679,1250.5978533516566,0.26594427130383136,37.380572493889126,0.0985494869740925,3.2970542887981455,,,,,,,,,
Mass-H1-Real,CH,HPl,2045-Hhigh,379.307631542679,1250.5978533516566,0.26594427130383136,29.8414332224771,0.07867343217195301,3.2970542887981455,,,,,,,,,
Mass-H1-Real,CH,HPl,2045-Hlow,379.307631542679,1250.5978533516566,0.26594427130383136,40.95710183007371,0.1079785863086841,3.2970542887981455,,,,,,,,,
Mod-Nom-Ideal,AK,HP,2024-Hhigh,852.3424616186181,3390.510784296661,0.45078084531764856,74.04977480327736,0.08687796060594602,3.977873844109564,,,,,,,,,
Mod-Nom-Ideal,AK,HP,2024-Hlow,852.3424616186181,3390.510784296661,0.45078084531764856,142.8551823760976,0.16760303376745103,3.977873844109564,,,,,,,,,
Mod-Nom-Ideal,AK,HP,2025-Hhigh,852.3424616186181,3390.510784296661,0.46712164983842486,57.01859365438632,0.06689634298648772,3.977873844109564,,,,,,,,,
Mod-Nom-Ideal,AK,HP,2025-Hlow,852.3424616186181,3390.510784296661,0.4525703612169487,119.70065127869005,0.14043727336002448,3.977873844109564,,,,,,,,,
Mod-Nom-Ideal,AK,HP,2030-Hhigh,852.3424616186181,3390.510784296661,0.4525703612169487,47.28464017028484,0.05547610532096478,3.977873844109564,,,,,,,,,
Mod-Nom-Ideal,AK,HP,2030-Hlow,852.3424616186181,3390.510784296661,0.4525703612169487,93.81897138560421,0.11007192016157427,3.977873844109564,,,,,,,,,
Mod-Nom-Ideal,AK,HP,2035-Hhigh,852.3424616186181,3390.510784296661,0.4525703612169487,50.696800659496496,0.05947937940721866,3.977873844109564,,,,,,,,,
Mod-Nom-Ideal,AK,HP,2035-Hlow,852.3424616186181,3390.510784296661,0.4525703612169487,84.18658669820985,0.09877084680063641,3.977873844109564,,,,,,,,,
Mod-Nom-Ideal,AK,HP,2040-Hhigh,852.3424616186181,3390.510784296661,0.4525703612169487,56.632715918542395,0.06644361681922493,3.977873844109564,,,,,,,,,
Mod-Nom-Ideal,AK,HP,2040-Hlow,852.3424616186181,3390.510784296661,0.4525703612169487,94.72202606471164,0.11113141762858125,3.977873844109564,,,,,,,,,
Mod-Nom-Ideal,AK,HP,2045-Hhigh,852.3424616186181,3390.510784296661,0.4525703612169487,66.2557068334166,0.07773366905550554,3.977873844109564,,,,,,,,,
Mod-Nom-Ideal,AK,HP,2045-Hlow,852.3424616186181,3390.510784296661,0.4525703612169487,103.94461011644934,0.12195169758298338,3.977873844109564,,,,,,,,,
Mod-H1-Ideal,AK,HP,2024-Hhigh,551.4008394872418,2262.1880286971764,0.35231333332735515,47.68274104759841,0.08647564100906975,4.102619848748922,,,,,,,,,
Mod-H1-Ideal,AK,HP,2024-Hlow,551.4008394872418,2262.1880286971764,0.35231333332735515,93.92948065985829,0.17034700336547384,4.102619848748922,,,,,,,,,
Mod-H1-Ideal,AK,HP,2025-Hhigh,551.4008394872418,2262.1880286971764,0.36511581162351603,36.55096295661412,0.0662874633825432,4.102619848748922,,,,,,,,,
Mod-H1-Ideal,AK,HP,2025-Hlow,551.4008394872418,2262.1880286971764,0.3516804113413129,79.1406772296675,0.1435265809592563,4.102619848748922,,,,,,,,,
Mod-H1-Ideal,AK,HP,2030-Hhigh,551.4008394872418,2262.1880286971764,0.3516804113413129,30.35203788377298,0.05504532403686204,4.102619848748922,,,,,,,,,
Mod-H1-Ideal,AK,HP,2030-Hlow,551.4008394872418,2262.1880286971764,0.3516804113413129,61.93526088508447,0.11232347949030917,4.102619848748922,,,,,,,,,
Mod-H1-Ideal,AK,HP,2035-Hhigh,551.4008394872418,2262.1880286971764,0.3516804113413129,32.71051176812986,0.0593225643228037,4.102619848748922,,,,,,,,,
Mod-H1-Ideal,AK,HP,2035-Hlow,551.4008394872418,2262.1880286971764,0.3516804113413129,54.83947153241442,0.0994548205320302,4.102619848748922,,,,,,,,,
Mod-H1-Ideal,AK,HP,2040-Hhigh,551.4008394872418,2262.1880286971764,0.3516804113413129,36.51663505416801,0.06622520757880153,4.102619848748922,,,,,,,,,
Mod-H1-Ideal,AK,HP,2040-Hlow,551.4008394872418,2262.1880286971764,0.3516804113413129,62.472823182802735,0.11329838242701518,4.102619848748922,,,,,,,,,
Mod-H1-Ideal,AK,HP,2045-Hhigh,551.4008394872418,2262.1880286971764,0.3516804113413129,42.840474066010955,0.07769388618604414,4.102619848748922,,,,,,,,,
Mod-H1-Ideal,AK,HP,2045-Hlow,551.4008394872418,2262.1880286971764,0.3516804113413129,68.75063222586414,0.12468358279939629,4.102619848748922,,,,,,,,,
Mod-Nom-Real,AK,HP,2024-Hhigh,764.5449404258283,3074.818888068081,0.4614158912952837,68.11731517384612,0.0890952402822872,4.021763437941922,,,,,,,,,
Mod-Nom-Real,AK,HP,2024-Hlow,764.5449404258283,3074.818888068081,0.4614158912952837,126.64991147582226,0.16565397896071632,4.021763437941922,,,,,,,,,
Mod-Nom-Real,AK,HP,2025-Hhigh,764.5449404258283,3074.818888068081,0.4785839135006475,52.521649630656384,0.06869661527209038,4.021763437941922,,,,,,,,,
Mod-Nom-Real,AK,HP,2025-Hlow,764.5449404258283,3074.818888068081,0.46313627505406035,107.01420101671947,0.13997110615514088,4.021763437941922,,,,,,,,,
Mod-Nom-Real,AK,HP,2030-Hhigh,764.5449404258283,3074.818888068081,0.46313627505406035,43.56649667689735,0.056983565482275164,4.021763437941922,,,,,,,,,
Mod-Nom-Real,AK,HP,2030-Hlow,764.5449404258283,3074.818888068081,0.46313627505406035,84.1494271429197,0.1100647230704987,4.021763437941922,,,,,,,,,
Mod-Nom-Real,AK,HP,2035-Hhigh,764.5449404258283,3074.818888068081,0.46313627505406035,46.10285737655406,0.06030104306344134,4.021763437941922,,,,,,,,,
Mod-Nom-Real,AK,HP,2035-Hlow,764.5449404258283,3074.818888068081,0.46313627505406035,74.29325380371623,0.09717316782233514,4.021763437941922,,,,,,,,,
Mod-Nom-Real,AK,HP,2040-Hhigh,764.5449404258283,3074.818888068081,0.46313627505406035,51.183704095881,0.06694662588097598,4.021763437941922,,,,,,,,,
Mod-Nom-Real,AK,HP,2040-Hlow,764.5449404258283,3074.818888068081,0.46313627505406035,84.48807527839048,0.11050766385470186,4.021763437941922,,,,,,,,,
Mod-Nom-Real,AK,HP,2045-Hhigh,764.5449404258283,3074.818888068081,0.46313627505406035,60.36959580879001,0.07896147448855784,4.021763437941922,,,,,,,,,
Mod-Nom-Real,AK,HP,2045-Hlow,764.5449404258283,3074.818888068081,0.46313627505406035,93.62192365248674,0.12245444146205739,4.021763437941922,,,,,,,,,
Mod-H1-Real,AK,HP,2024-Hhigh,529.7986599032018,2185.267240580935,0.3582828558057787,46.2453839437882,0.08728860120604603,4.124712661561279,,,,,,,,,
Mod-H1-Real,AK,HP,2024-Hlow,529.7986599032018,2185.267240580935,0.3582828558057787,89.47704148297827,0.168888765213801,4.124712661561279,,,,,,,,,
Mod-H1-Real,AK,HP,2025-Hhigh,529.7986599032018,2185.267240580935,0.37153194676750717,35.45227981983555,0.0669165147120473,4.124712661561279,,,,,,,,,
Mod-H1-Real,AK,HP,2025-Hlow,529.7986599032018,2185.267240580935,0.35763814448064857,75.6841776638502,0.14285460381813397,4.124712661561279,,,,,,,,,
Mod-H1-Real,AK,HP,2030-Hhigh,529.7986599032018,2185.267240580935,0.35763814448064857,29.4486961202606,0.05558469348646729,4.124712661561279,,,,,,,,,
Mod-H1-Real,AK,HP,2030-Hlow,529.7986599032018,2185.267240580935,0.35763814448064857,59.32298483516994,0.11197269703552797,4.124712661561279,,,,,,,,,
Mod-H1-Real,AK,HP,2035-Hhigh,529.7986599032018,2185.267240580935,0.35763814448064857,31.562494269346054,0.059574507559367475,4.124712661561279,,,,,,,,,
Mod-H1-Real,AK,HP,2035-Hlow,529.7986599032018,2185.267240580935,0.35763814448064857,52.16533141269788,0.09846255825227809,4.124712661561279,,,,,,,,,
Mod-H1-Real,AK,HP,2040-Hhigh,529.7986599032018,2185.267240580935,0.35763814448064857,35.1507087672325,0.06634729648741429,4.124712661561279,,,,,,,,,
Mod-H1-Real,AK,HP,2040-Hlow,529.7986599032018,2185.267240580935,0.35763814448064857,59.757328409751146,0.11279252465581785,4.124712661561279,,,,,,,,,
Mod-H1-Real,AK,HP,2045-Hhigh,529.7986599032018,2185.267240580935,0.35763814448064857,41.348125609194085,0.07804497960932687,4.124712661561279,,,,,,,,,
Mod-H1-Real,AK,HP,2045-Hlow,529.7986599032018,2185.267240580935,0.35763814448064857,66.02391579775707,0.12462076784003216,4.124712661561279,,,,,,,,,
Mod-Nom-Ideal,CH,HP,2024-Hhigh,3135.3836952043225,10923.711684360258,1.3206191539920054,293.52094880666095,0.0936156392136667,3.4840111279102626,,,,,,,,,
Mod-Nom-Ideal,CH,HP,2024-Hlow,3135.3836952043225,10923.711684360258,1.3206191539920054,492.4048343689994,0.1570477116156946,3.4840111279102626,,,,,,,,,
Mod-Nom-Ideal,CH,HP,2025-Hhigh,3135.3836952043225,10923.711684360258,1.347494523034874,225.56252798463518,0.0719409647787736,3.4840111279102626,,,,,,,,,
Mod-Nom-Ideal,CH,HP,2025-Hlow,3135.3836952043225,10923.711684360258,1.3203644017904264,401.3429704483842,0.1280044197022049,3.4840111279102626,,,,,,,,,
Mod-Nom-Ideal,CH,HP,2030-Hhigh,3135.3836952043225,10923.711684360258,1.3203644017904264,183.5580417195421,0.05854404422664456,3.4840111279102626,,,,,,,,,
Mod-Nom-Ideal,CH,HP,2030-Hlow,3135.3836952043225,10923.711684360258,1.3203644017904264,312.0064848558357,0.09951142035121902,3.4840111279102626,,,,,,,,,
Mod-Nom-Ideal,CH,HP,2035-Hhigh,3135.3836952043225,10923.711684360258,1.3203644017904264,192.18428076193098,0.061295298899424484,3.4840111279102626,,,,,,,,,
Mod-Nom-Ideal,CH,HP,2035-Hlow,3135.3836952043225,10923.711684360258,1.3203644017904264,285.2607452142361,0.09098112797184991,3.4840111279102626,,,,,,,,,
Mod-Nom-Ideal,CH,HP,2040-Hhigh,3135.3836952043225,10923.711684360258,1.3203644017904264,209.54070761541533,0.06683096168928705,3.4840111279102626,,,,,,,,,
Mod-Nom-Ideal,CH,HP,2040-Hlow,3135.3836952043225,10923.711684360258,1.3203644017904264,313.747146644129,0.10006658742405787,3.4840111279102626,,,,,,,,,
Mod-Nom-Ideal,CH,HP,2045-Hhigh,3135.3836952043225,10923.711684360258,1.3203644017904264,238.44767831784304,0.07605055760242582,3.4840111279102626,,,,,,,,,
Mod-Nom-Ideal,CH,HP,2045-Hlow,3135.3836952043225,10923.711684360258,1.3203644017904264,340.6278286768584,0.10863991836082469,3.4840111279102626,,,,,,,,,
Mod-H1-Ideal,CH,HP,2024-Hhigh,2439.432564620969,8463.566682107588,1.1540248227716992,227.07127106149755,0.09308364344836036,3.469481716713341,,,,,,,,,
Mod-H1-Ideal,CH,HP,2024-Hlow,2439.432564620969,8463.566682107588,1.1540248227716992,391.5221989614595,0.1604972421208507,3.469481716713341,,,,,,,,,
Mod-H1-Ideal,CH,HP,2025-Hhigh,2439.432564620969,8463.566682107588,1.1769468589624372,174.13379973715035,0.07138291185524397,3.469481716713341,,,,,,,,,
Mod-H1-Ideal,CH,HP,2025-Hlow,2439.432564620969,8463.566682107588,1.154199260147553,320.45889839277805,0.1313661640171512,3.469481716713341,,,,,,,,,
Mod-H1-Ideal,CH,HP,2030-Hhigh,2439.432564620969,8463.566682107588,1.154199260147553,142.05609589191488,0.05823325389361074,3.469481716713341,,,,,,,,,
Mod-H1-Ideal,CH,HP,2030-Hlow,2439.432564620969,8463.566682107588,1.154199260147553,249.24332433593096,0.10217266422966587,3.469481716713341,,,,,,,,,
Mod-H1-Ideal,CH,HP,2035-Hhigh,2439.432564620969,8463.566682107588,1.154199260147553,148.86100792186707,0.06102280099101514,3.469481716713341,,,,,,,,,
Mod-H1-Ideal,CH,HP,2035-Hlow,2439.432564620969,8463.566682107588,1.154199260147553,226.3455997230579,0.0927861679825639,3.469481716713341,,,,,,,,,
Mod-H1-Ideal,CH,HP,2040-Hhigh,2439.432564620969,8463.566682107588,1.154199260147553,162.55617971483102,0.06663688190129922,3.469481716713341,,,,,,,,,
Mod-H1-Ideal,CH,HP,2040-Hlow,2439.432564620969,8463.566682107588,1.154199260147553,250.47971805992347,0.10267950083663911,3.469481716713341,,,,,,,,,
Mod-H1-Ideal,CH,HP,2045-Hhigh,2439.432564620969,8463.566682107588,1.154199260147553,186.06030975707873,0.07627196277343627,3.469481716713341,,,,,,,,,
Mod-H1-Ideal,CH,HP,2045-Hlow,2439.432564620969,8463.566682107588,1.154199260147553,272.6639470689806,0.1117735128338529,3.469481716713341,,,,,,,,,
Mod-Nom-Real,CH,HP,2024-Hhigh,2482.5706613987118,8925.16570083242,1.39090411585269,240.07685809599192,0.09670494452743172,3.595130579608102,,,,,,,,,
Mod-Nom-Real,CH,HP,2024-Hlow,2482.5706613987118,8925.16570083242,1.39090411585269,385.0919172707427,0.15511821003063697,3.595130579608102,,,,,,,,,
Mod-Nom-Real,CH,HP,2025-Hhigh,2482.5706613987118,8925.16570083242,1.4214292930681087,185.81683028507877,0.07484855644768927,3.595130579608102,,,,,,,,,
Mod-Nom-Real,CH,HP,2025-Hlow,2482.5706613987118,8925.16570083242,1.3904851512246799,317.7284042728679,0.12798362971624572,3.595130579608102,,,,,,,,,
Mod-Nom-Real,CH,HP,2030-Hhigh,2482.5706613987118,8925.16570083242,1.3904851512246799,151.37345557853348,0.06097448017582217,3.595130579608102,,,,,,,,,
Mod-Nom-Real,CH,HP,2030-Hlow,2482.5706613987118,8925.16570083242,1.3904851512246799,248.57838192530798,0.10012942865652645,3.595130579608102,,,,,,,,,
Mod-Nom-Real,CH,HP,2035-Hhigh,2482.5706613987118,8925.16570083242,1.3904851512246799,154.4444180565255,0.062211489267141165,3.595130579608102,,,,,,,,,
Mod-Nom-Real,CH,HP,2035-Hlow,2482.5706613987118,8925.16570083242,1.3904851512246799,220.35317127740169,0.08876008030855079,3.595130579608102,,,,,,,,,
Mod-Nom-Real,CH,HP,2040-Hhigh,2482.5706613987118,8925.16570083242,1.3904851512246799,165.7795338921256,0.0667773676978537,3.595130579608102,,,,,,,,,
Mod-Nom-Real,CH,HP,2040-Hlow,2482.5706613987118,8925.16570083242,1.3904851512246799,246.62450742987724,0.09934239184592872,3.595130579608102,,,,,,,,,
Mod-Nom-Real,CH,HP,2045-Hhigh,2482.5706613987118,8925.16570083242,1.3904851512246799,192.8669409548482,0.07768839934899759,3.595130579608102,,,,,,,,,
Mod-Nom-Real,CH,HP,2045-Hlow,2482.5706613987118,8925.16570083242,1.3904851512246799,273.20119941846997,0.11004770324021511,3.595130579608102,,,,,,,,,
Mod-H1-Real,CH,HP,2024-Hhigh,2080.3460924693813,7364.595176264991,1.232705248452714,198.50978845477482,0.09542152105044344,3.540081721461634,,,,,,,,,
Mod-H1-Real,CH,HP,2024-Hlow,2080.3460924693813,7364.595176264991,1.232705248452714,328.56852425344033,0.15793935703430376,3.540081721461634,,,,,,,,,
Mod-H1-Real,CH,HP,2025-Hhigh,2080.3460924693813,7364.595176264991,1.2604611077205383,153.07241509591557,0.07358026419258819,3.540081721461634,,,,,,,,,
Mod-H1-Real,CH,HP,2025-Hlow,2080.3460924693813,7364.595176264991,1.2328906880910921,271.7543126284118,0.13062937633893312,3.540081721461634,,,,,,,,,
Mod-H1-Real,CH,HP,2030-Hhigh,2080.3460924693813,7364.595176264991,1.2328906880910921,124.97528684766341,0.06007427672734834,3.540081721461634,,,,,,,,,
Mod-H1-Real,CH,HP,2030-Hlow,2080.3460924693813,7364.595176264991,1.2328906880910921,212.4900991270867,0.102141706082597,3.540081721461634,,,,,,,,,
Mod-H1-Real,CH,HP,2035-Hhigh,2080.3460924693813,7364.595176264991,1.2328906880910921,128.20449377104197,0.06162652177689462,3.540081721461634,,,,,,,,,
Mod-H1-Real,CH,HP,2035-Hlow,2080.3460924693813,7364.595176264991,1.2328906880910921,188.20136355352767,0.09046637203049791,3.540081721461634,,,,,,,,,
Mod-H1-Real,CH,HP,2040-Hhigh,2080.3460924693813,7364.595176264991,1.2328906880910921,138.24559353843313,0.06645317047911721,3.540081721461634,,,,,,,,,
Mod-H1-Real,CH,HP,2040-Hlow,2080.3460924693813,7364.595176264991,1.2328906880910921,211.30054549338232,0.10156990044025199,3.540081721461634,,,,,,,,,
Mod-H1-Real,CH,HP,2045-Hhigh,2080.3460924693813,7364.595176264991,1.2328906880910921,160.9516557977344,0.07736773048501942,3.540081721461634,,,,,,,,,
Mod-H1-Real,CH,HP,2045-Hlow,2080.3460924693813,7364.595176264991,1.2328906880910921,233.7708253940078,0.11237112240133114,3.540081721461634,,,,,,,,,
Mass-Nom-Ideal,AK,HP,2024-Hhigh,622.8780313643073,2451.8068836309394,0.2847916216058212,58.253098067071846,0.09352247973729054,3.9362551898975755,,,,,,,,,
Mass-Nom-Ideal,AK,HP,2024-Hlow,622.8780313643073,2451.8068836309394,0.2847916216058212,101.71491213575399,0.163298281547938,3.9362551898975755,,,,,,,,,
Mass-Nom-Ideal,AK,HP,2025-Hhigh,622.8780313643073,2451.8068836309394,0.29683227374848853,44.830833250476296,0.07197369467708158,3.9362551898975755,,,,,,,,,
Mass-Nom-Ideal,AK,HP,2025-Hlow,622.8780313643073,2451.8068836309394,0.27508644146255457,83.88319308937398,0.13467033490592414,3.9362551898975755,,,,,,,,,
Mass-Nom-Ideal,AK,HP,2030-Hhigh,622.8780313643073,2451.8068836309394,0.27508644146255457,36.91833222444448,0.05927056400364806,3.9362551898975755,,,,,,,,,
Mass-Nom-Ideal,AK,HP,2030-Hlow,622.8780313643073,2451.8068836309394,0.27508644146255457,65.43230602216546,0.10504834450309194,3.9362551898975755,,,,,,,,,
Mass-Nom-Ideal,AK,HP,2035-Hhigh,622.8780313643073,2451.8068836309394,0.27508644146255457,38.692214576668356,0.062118444748997984,3.9362551898975755,,,,,,,,,
Mass-Nom-Ideal,AK,HP,2035-Hlow,622.8780313643073,2451.8068836309394,0.27508644146255457,58.24204844780912,0.09350474011780431,3.9362551898975755,,,,,,,,,
Mass-Nom-Ideal,AK,HP,2040-Hhigh,622.8780313643073,2451.8068836309394,0.27508644146255457,42.15527425886245,0.06767821649854718,3.9362551898975755,,,,,,,,,
Mass-Nom-Ideal,AK,HP,2040-Hlow,622.8780313643073,2451.8068836309394,0.27508644146255457,64.03587803720283,0.10280644815316933,3.9362551898975755,,,,,,,,,
Mass-Nom-Ideal,AK,HP,2045-Hhigh,622.8780313643073,2451.8068836309394,0.27508644146255457,48.37970584417033,0.07767123482939814,3.9362551898975755,,,,,,,,,
Mass-Nom-Ideal,AK,HP,2045-Hlow,622.8780313643073,2451.8068836309394,0.27508644146255457,70.06910100172092,0.11249249046116878,3.9362551898975755,,,,,,,,,
Mass-H1-Ideal,AK,HP,2024-Hhigh,135.95499194893856,538.9339900224929,0.08781048132901574,13.853625894132772,0.10189861876742166,3.964061799399787,,,,,,,,,
Mass-H1-Ideal,AK,HP,2024-Hlow,135.95499194893856,538.9339900224929,0.08781048132901574,23.66480778544533,0.1740635444583989,3.964061799399787,,,,,,,,,
Mass-H1-Ideal,AK,HP,2025-Hhigh,135.95499194893856,538.9339900224929,0.09249794966406723,10.778815717215123,0.07928223570682412,3.964061799399787,,,,,,,,,
Mass-H1-Ideal,AK,HP,2025-Hlow,135.95499194893856,538.9339900224929,0.08390642141925954,19.785716541056757,0.1455313722388936,3.964061799399787,,,,,,,,,
Mass-H1-Ideal,AK,HP,2030-Hhigh,135.95499194893856,538.9339900224929,0.08390642141925954,8.933785824182225,0.06571134826397211,3.964061799399787,,,,,,,,,
Mass-H1-Ideal,AK,HP,2030-Hlow,135.95499194893856,538.9339900224929,0.08390642141925954,15.390430959293546,0.11320239690112904,3.964061799399787,,,,,,,,,
Mass-H1-Ideal,AK,HP,2035-Hhigh,135.95499194893856,538.9339900224929,0.08390642141925954,9.142841776165415,0.06724903326535629,3.964061799399787,,,,,,,,,
Mass-H1-Ideal,AK,HP,2035-Hlow,135.95499194893856,538.9339900224929,0.08390642141925954,12.890757100456183,0.09481635735227466,3.964061799399787,,,,,,,,,
Mass-H1-Ideal,AK,HP,2040-Hhigh,135.95499194893856,538.9339900224929,0.08390642141925954,9.81464449028147,0.07219039440616948,3.964061799399787,,,,,,,,,
Mass-H1-Ideal,AK,HP,2040-Hlow,135.95499194893856,538.9339900224929,0.08390642141925954,14.37531562349393,0.10573584255657899,3.964061799399787,,,,,,,,,
Mass-H1-Ideal,AK,HP,2045-Hhigh,135.95499194893856,538.9339900224929,0.08390642141925954,11.356742327788444,0.08353310286726187,3.964061799399787,,,,,,,,,
Mass-H1-Ideal,AK,HP,2045-Hlow,135.95499194893856,538.9339900224929,0.08390642141925954,15.93415057139709,0.11720165874734174,3.964061799399787,,,,,,,,,
Mass-Nom-Real,AK,HP,2024-Hhigh,537.7658421230735,2154.041102049094,0.29727235057911333,51.921862110722685,0.09655106004081197,4.005537230749064,,,,,,,,,
Mass-Nom-Real,AK,HP,2024-Hlow,537.7658421230735,2154.041102049094,0.29727235057911333,86.99908224527876,0.16177874351745844,4.005537230749064,,,,,,,,,
Mass-Nom-Real,AK,HP,2025-Hhigh,537.7658421230735,2154.041102049094,0.31086405697193403,40.023687418085196,0.07442586397840668,4.005537230749064,,,,,,,,,
Mass-Nom-Real,AK,HP,2025-Hlow,537.7658421230735,2154.041102049094,0.2875969466724388,72.4366203030979,0.13469918434596295,4.005537230749064,,,,,,,,,
Mass-Nom-Real,AK,HP,2030-Hhigh,537.7658421230735,2154.041102049094,0.2875969466724388,32.964019422978694,0.06129809080628539,4.005537230749064,,,,,,,,,
Mass-Nom-Real,AK,HP,2030-Hlow,537.7658421230735,2154.041102049094,0.2875969466724388,56.624020357657706,0.10529493679648527,4.005537230749064,,,,,,,,,
Mass-Nom-Real,AK,HP,2035-Hhigh,537.7658421230735,2154.041102049094,0.2875969466724388,33.80963970125813,0.06287056010805615,4.005537230749064,,,,,,,,,
Mass-Nom-Real,AK,HP,2035-Hlow,537.7658421230735,2154.041102049094,0.2875969466724388,49.03996540977181,0.09119204227654995,4.005537230749064,,,,,,,,,
Mass-Nom-Real,AK,HP,2040-Hhigh,537.7658421230735,2154.041102049094,0.2875969466724388,36.43016312248885,0.06774354239135816,4.005537230749064,,,,,,,,,
Mass-Nom-Real,AK,HP,2040-Hlow,537.7658421230735,2154.041102049094,0.2875969466724388,54.70189165815246,0.10172065120795333,4.005537230749064,,,,,,,,,
Mass-Nom-Real,AK,HP,2045-Hhigh,537.7658421230735,2154.041102049094,0.2875969466724388,42.341509327658855,0.07873595905700634,4.005537230749064,,,,,,,,,
Mass-Nom-Real,AK,HP,2045-Hlow,537.7658421230735,2154.041102049094,0.2875969466724388,60.66542861703169,0.11281011894977842,4.005537230749064,,,,,,,,,
Mass-H1-Real,AK,HP,2024-Hhigh,133.31067684186016,530.277894566634,0.08778008913745369,13.641365254628246,0.10232762729732683,3.977760124912398,,,,,,,,,
Mass-H1-Real,AK,HP,2024-Hlow,133.31067684186016,530.277894566634,0.08778008913745369,23.138276446127406,0.1735665664166959,3.977760124912398,,,,,,,,,
Mass-H1-Real,AK,HP,2025-Hhigh,133.31067684186016,530.277894566634,0.09246886772475822,10.610566695143962,0.07959277491127549,3.977760124912398,,,,,,,,,
Mass-H1-Real,AK,HP,2025-Hlow,133.31067684186016,530.277894566634,0.08387613338390029,19.375719745123828,0.14534259523795146,3.977760124912398,,,,,,,,,
Mass-H1-Real,AK,HP,2030-Hhigh,133.31067684186016,530.277894566634,0.08387613338390029,8.798745529246803,0.06600180673963811,3.977760124912398,,,,,,,,,
Mass-H1-Real,AK,HP,2030-Hlow,133.31067684186016,530.277894566634,0.08387613338390029,15.076708482964074,0.11309453106182055,3.977760124912398,,,,,,,,,
Mass-H1-Real,AK,HP,2035-Hhigh,133.31067684186016,530.277894566634,0.08387613338390029,8.96009236284091,0.06721211365140561,3.977760124912398,,,,,,,,,
Mass-H1-Real,AK,HP,2035-Hlow,133.31067684186016,530.277894566634,0.08387613338390029,12.56429358122117,0.09424821686357177,3.977760124912398,,,,,,,,,
Mass-H1-Real,AK,HP,2040-Hhigh,133.31067684186016,530.277894566634,0.08387613338390029,9.595924663315913,0.07198166636494602,3.977760124912398,,,,,,,,,
Mass-H1-Real,AK,HP,2040-Hlow,133.31067684186016,530.277894566634,0.08387613338390029,14.048808002231805,0.10538396724890392,3.977760124912398,,,,,,,,,
Mass-H1-Real,AK,HP,2045-Hhigh,133.31067684186016,530.277894566634,0.08387613338390029,11.124410695099689,0.08344725987923703,3.977760124912398,,,,,,,,,
Mass-H1-Real,AK,HP,2045-Hlow,133.31067684186016,530.277894566634,0.08387613338390029,15.59496158041251,0.11698208988100811,3.977760124912398,,,,,,,,,
Mass-Nom-Ideal,CH,HP,2024-Hhigh,1990.511485093362,6756.82744202727,0.7294563824562782,196.23882053536795,0.09858713300825976,3.3945181892333323,,,,,,,,,
Mass-Nom-Ideal,CH,HP,2024-Hlow,1990.511485093362,6756.82744202727,0.7294563824562782,305.1126085114447,0.15328352074147106,3.3945181892333323,,,,,,,,,
Mass-Nom-Ideal,CH,HP,2025-Hhigh,1990.511485093362,6756.82744202727,0.7503167863274464,151.12434651560892,0.07592236852053162,3.3945181892333323,,,,,,,,,
Mass-Nom-Ideal,CH,HP,2025-Hlow,1990.511485093362,6756.82744202727,0.7217904974835248,246.09040080124583,0.12363174121032683,3.3945181892333323,,,,,,,,,
Mass-Nom-Ideal,CH,HP,2030-Hhigh,1990.511485093362,6756.82744202727,0.7217904974835248,121.67887296817942,0.06112945033445625,3.3945181892333323,,,,,,,,,
Mass-Nom-Ideal,CH,HP,2030-Hlow,1990.511485093362,6756.82744202727,0.7217904974835248,190.2707822171931,0.09558888940963269,3.3945181892333323,,,,,,,,,
Mass-Nom-Ideal,CH,HP,2035-Hhigh,1990.511485093362,6756.82744202727,0.7217904974835248,125.46541194912226,0.06303174479962244,3.3945181892333323,,,,,,,,,
Mass-Nom-Ideal,CH,HP,2035-Hlow,1990.511485093362,6756.82744202727,0.7217904974835248,171.0707065793755,0.08594308943228815,3.3945181892333323,,,,,,,,,
Mass-Nom-Ideal,CH,HP,2040-Hhigh,1990.511485093362,6756.82744202727,0.7217904974835248,133.61616182357236,0.06712654653047898,3.3945181892333323,,,,,,,,,
Mass-Nom-Ideal,CH,HP,2040-Hlow,1990.511485093362,6756.82744202727,0.7217904974835248,186.86031018508115,0.09387552475052248,3.3945181892333323,,,,,,,,,
Mass-Nom-Ideal,CH,HP,2045-Hhigh,1990.511485093362,6756.82744202727,0.7217904974835248,149.94471236610596,0.0753297398628539,3.3945181892333323,,,,,,,,,
Mass-Nom-Ideal,CH,HP,2045-Hlow,1990.511485093362,6756.82744202727,0.7217904974835248,201.5418386791349,0.1012512814864175,3.3945181892333323,,,,,,,,,
Mass-H1-Ideal,CH,HP,2024-Hhigh,584.3428323936963,1918.6507080288188,0.3529876533100096,63.42700345814379,0.10854416267642408,3.2834332889295084,,,,,,,,,
Mass-H1-Ideal,CH,HP,2024-Hlow,584.3428323936963,1918.6507080288188,0.3529876533100096,100.64949817357903,0.17224391674537942,3.2834332889295084,,,,,,,,,
Mass-H1-Ideal,CH,HP,2025-Hhigh,584.3428323936963,1918.6507080288188,0.3636094843690547,49.156033350499236,0.08412190691060065,3.2834332889295084,,,,,,,,,
Mass-H1-Ideal,CH,HP,2025-Hlow,584.3428323936963,1918.6507080288188,0.34918413585503827,82.56860711445344,0.14130165125192037,3.2834332889295084,,,,,,,,,
Mass-H1-Ideal,CH,HP,2030-Hhigh,584.3428323936963,1918.6507080288188,0.34918413585503827,39.69923792712025,0.0679382645364138,3.2834332889295084,,,,,,,,,
Mass-H1-Ideal,CH,HP,2030-Hlow,584.3428323936963,1918.6507080288188,0.34918413585503827,63.79188033690733,0.1091685852902326,3.2834332889295084,,,,,,,,,
Mass-H1-Ideal,CH,HP,2035-Hhigh,584.3428323936963,1918.6507080288188,0.34918413585503827,40.35482286281505,0.06906018286817336,3.2834332889295084,,,,,,,,,
Mass-H1-Ideal,CH,HP,2035-Hlow,584.3428323936963,1918.6507080288188,0.34918413585503827,54.37621789078321,0.0930553347733162,3.2834332889295084,,,,,,,,,
Mass-H1-Ideal,CH,HP,2040-Hhigh,584.3428323936963,1918.6507080288188,0.34918413585503827,42.39231445651977,0.07254699143457327,3.2834332889295084,,,,,,,,,
Mass-H1-Ideal,CH,HP,2040-Hlow,584.3428323936963,1918.6507080288188,0.34918413585503827,60.886103502150036,0.10419585922314951,3.2834332889295084,,,,,,,,,
Mass-H1-Ideal,CH,HP,2045-Hhigh,584.3428323936963,1918.6507080288188,0.34918413585503827,48.15326233631578,0.08240584065874688,3.2834332889295084,,,,,,,,,
Mass-H1-Ideal,CH,HP,2045-Hlow,584.3428323936963,1918.6507080288188,0.34918413585503827,66.24732320483469,0.11337064396505009,3.2834332889295084,,,,,,,,,
Mass-Nom-Real,CH,HP,2024-Hhigh,1576.4882790668553,5534.237892551646,0.8148075523934912,161.27267366370782,0.1022986823341099,3.510484642377066,,,,,,,,,
Mass-Nom-Real,CH,HP,2024-Hlow,1576.4882790668553,5534.237892551646,0.8148075523934912,240.9184690544534,0.15281970202598416,3.510484642377066,,,,,,,,,
Mass-Nom-Real,CH,HP,2025-Hhigh,1576.4882790668553,5534.237892551646,0.8429712941887785,125.01697019917394,0.07930091955594695,3.510484642377066,,,,,,,,,
Mass-Nom-Real,CH,HP,2025-Hlow,1576.4882790668553,5534.237892551646,0.8072673414922301,196.66764626296353,0.12475046524251596,3.510484642377066,,,,,,,,,
Mass-Nom-Real,CH,HP,2030-Hhigh,1576.4882790668553,5534.237892551646,0.8072673414922301,100.69568226015991,0.06387341003243173,3.510484642377066,,,,,,,,,
Mass-Nom-Real,CH,HP,2030-Hlow,1576.4882790668553,5534.237892551646,0.8072673414922301,152.8617349437157,0.09696344525580401,3.510484642377066,,,,,,,,,
Mass-Nom-Real,CH,HP,2035-Hhigh,1576.4882790668553,5534.237892551646,0.8072673414922301,100.79970461848691,0.06393939362375191,3.510484642377066,,,,,,,,,
Mass-Nom-Real,CH,HP,2035-Hlow,1576.4882790668553,5534.237892551646,0.8072673414922301,131.7880608757565,0.0835959661899698,3.510484642377066,,,,,,,,,
Mass-Nom-Real,CH,HP,2040-Hhigh,1576.4882790668553,5534.237892551646,0.8072673414922301,105.2328298761128,0.06675141913417938,3.510484642377066,,,,,,,,,
Mass-Nom-Real,CH,HP,2040-Hlow,1576.4882790668553,5534.237892551646,0.8072673414922301,147.08445225506503,0.09329879213699344,3.510484642377066,,,,,,,,,
Mass-Nom-Real,CH,HP,2045-Hhigh,1576.4882790668553,5534.237892551646,0.8072673414922301,121.0044140441262,0.07675566996016636,3.510484642377066,,,,,,,,,
Mass-Nom-Real,CH,HP,2045-Hlow,1576.4882790668553,5534.237892551646,0.8072673414922301,162.05173778961301,0.10279285925648216,3.510484642377066,,,,,,,,,
Mass-H1-Real,CH,HP,2024-Hhigh,540.1156813347023,1797.9505396109193,0.3819754554108851,59.84637660704266,0.11080288663190409,3.328824919817045,,,,,,,,,
Mass-H1-Real,CH,HP,2024-Hlow,540.1156813347023,1797.9505396109193,0.3819754554108851,92.63344772239515,0.17150668074195657,3.328824919817045,,,,,,,,,
Mass-H1-Real,CH,HP,2025-Hhigh,540.1156813347023,1797.9505396109193,0.3955383769931689,46.63177269174143,0.08633663917423712,3.328824919817045,,,,,,,,,
Mass-H1-Real,CH,HP,2025-Hlow,540.1156813347023,1797.9505396109193,0.37819424234594673,76.59342273731791,0.14180929268345757,3.328824919817045,,,,,,,,,
Mass-H1-Real,CH,HP,2030-Hhigh,540.1156813347023,1797.9505396109193,0.37819424234594673,37.66901515549983,0.0697424949085247,3.328824919817045,,,,,,,,,
Mass-H1-Real,CH,HP,2030-Hlow,540.1156813347023,1797.9505396109193,0.37819424234594673,59.34810023569484,0.10988035024096555,3.328824919817045,,,,,,,,,
Mass-H1-Real,CH,HP,2035-Hhigh,540.1156813347023,1797.9505396109193,0.37819424234594673,37.55732082480263,0.06953569785641693,3.328824919817045,,,,,,,,,
Mass-H1-Real,CH,HP,2035-Hlow,540.1156813347023,1797.9505396109193,0.37819424234594673,49.22846719824595,0.09114430278453578,3.328824919817045,,,,,,,,,
Mass-H1-Real,CH,HP,2040-Hhigh,540.1156813347023,1797.9505396109193,0.37819424234594673,39.06673133332495,0.07233030382821977,3.328824919817045,,,,,,,,,
Mass-H1-Real,CH,HP,2040-Hlow,540.1156813347023,1797.9505396109193,0.37819424234594673,55.98339207008916,0.10365074372909572,3.328824919817045,,,,,,,,,
Mass-H1-Real,CH,HP,2045-Hhigh,540.1156813347023,1797.9505396109193,0.37819424234594673,44.899564342096554,0.08312953297549772,3.328824919817045,,,,,,,,,
Mass-H1-Real,CH,HP,2045-Hlow,540.1156813347023,1797.9505396109193,0.37819424234594673,61.56253114099614,0.11398026990970973,3.328824919817045,,,,,,,,,
,,,2024-Hhigh,1009.8000000000001,1009.7747841269363,0.22241379310344828,74.0317834108035,0.07331331294395275,,1,R,135,288.6630761683829,941.0404560935588,96.0,,,
,,,2024-Hlow,1009.8000000000001,1009.7747841269363,0.22241379310344828,98.19717556815453,0.09724418257888148,,1,R,135,288.6630761683829,941.0404560935588,96.0,,,
,,,2025-Hhigh,1009.8000000000001,1009.7747841269363,0.22241379310344828,53.357476102604004,0.05283964755654981,,1,R,135,288.6630761683829,941.0404560935588,96.0,,,
,,,2025-Hlow,1009.8000000000001,1009.7747841269363,0.23448275862068965,74.3007346008445,0.07357965399172559,,1,R,135,288.6630761683829,941.0404560935588,96.0,,,
,,,2030-Hhigh,1009.8000000000001,1009.7747841269363,0.23448275862068965,41.083661839212986,0.0406849493357229,,1,R,135,288.6630761683829,941.0404560935588,96.0,,,
,,,2030-Hlow,1009.8000000000001,1009.7747841269363,0.23448275862068965,56.4015518936755,0.0558541809206531,,1,R,135,288.6630761683829,941.0404560935588,96.0,,,
,,,2035-Hhigh,1009.8000000000001,1009.7747841269363,0.23448275862068965,42.475105674496035,0.04206288935877999,,1,R,135,288.6630761683829,941.0404560935588,96.0,,,
,,,2035-Hlow,1009.8000000000001,1009.7747841269363,0.23448275862068965,56.554982873437865,0.05600612286931854,,1,R,135,288.6630761683829,941.0404560935588,96.0,,,
,,,2040-Hhigh,1009.8000000000001,1009.7747841269363,0.23448275862068965,43.81071401407353,0.04338553576359035,,1,R,135,288.6630761683829,941.0404560935588,96.0,,,
,,,2040-Hlow,1009.8000000000001,1009.7747841269363,0.23448275862068965,58.503286051672326,0.0579355179755123,,1,R,135,288.6630761683829,941.0404560935588,96.0,,,
,,,2045-Hhigh,1009.8000000000001,1009.7747841269363,0.23448275862068965,47.80641845310279,0.04734246232234382,,1,R,135,288.6630761683829,941.0404560935588,96.0,,,
,,,2045-Hlow,1009.8000000000001,1009.7747841269363,0.23448275862068965,61.63750076980907,0.06103931547812346,,1,R,135,288.6630761683829,941.0404560935588,96.0,,,
,,,2024-Hhigh,1049.3,1049.3890715157713,0.21379310344827587,77.02156517129816,0.07340280679624336,,1,Ro,162,327.69131686034484,437.0346967187187,97.0,,,
,,,2024-Hlow,1049.3,1049.3890715157713,0.21379310344827587,102.18893309188118,0.09738771856655026,,1,Ro,162,327.69131686034484,437.0346967187187,97.0,,,
,,,2025-Hhigh,1049.3,1049.3890715157713,0.21379310344827587,55.57994553258806,0.05296859385551136,,1,Ro,162,327.69131686034484,437.0346967187187,97.0,,,
,,,2025-Hlow,1049.3,1049.3890715157713,0.2275862068965517,77.20562513820427,0.07357821894425262,,1,Ro,162,327.69131686034484,437.0346967187187,97.0,,,
,,,2030-Hhigh,1049.3,1049.3890715157713,0.2275862068965517,42.76437372667072,0.04075514507449797,,1,Ro,162,327.69131686034484,437.0346967187187,97.0,,,
,,,2030-Hlow,1049.3,1049.3890715157713,0.2275862068965517,58.695930749056714,0.0559381785467042,,1,Ro,162,327.69131686034484,437.0346967187187,97.0,,,
,,,2035-Hhigh,1049.3,1049.3890715157713,0.2275862068965517,44.401780939270466,0.04231562083224099,,1,Ro,162,327.69131686034484,437.0346967187187,97.0,,,
,,,2035-Hlow,1049.3,1049.3890715157713,0.2275862068965517,58.83074111205597,0.05606665501959018,,1,Ro,162,327.69131686034484,437.0346967187187,97.0,,,
,,,2040-Hhigh,1049.3,1049.3890715157713,0.2275862068965517,45.85981607736372,0.04370515207982819,,1,Ro,162,327.69131686034484,437.0346967187187,97.0,,,
,,,2040-Hlow,1049.3,1049.3890715157713,0.2275862068965517,60.80724833391111,0.057950298612323564,,1,Ro,162,327.69131686034484,437.0346967187187,97.0,,,
,,,2045-Hhigh,1049.3,1049.3890715157713,0.2275862068965517,49.922777532448485,0.04757722055889497,,1,Ro,162,327.69131686034484,437.0346967187187,97.0,,,
,,,2045-Hlow,1049.3,1049.3890715157713,0.2275862068965517,63.96159077085663,0.06095643835972232,,1,Ro,162,327.69131686034484,437.0346967187187,97.0,,,
,,,2024-Hhigh,1486.3000000000002,1486.2790963901361,0.35862068965517246,111.31713204291523,0.07489546662377394,,2,R,135,284.91228772596924,229.06469397973515,144.0,,,
,,,2024-Hlow,1486.3000000000002,1486.2790963901361,0.35862068965517246,148.27423513489137,0.09976063724341745,,2,R,135,284.91228772596924,229.06469397973515,144.0,,,
,,,2025-Hhigh,1486.3000000000002,1486.2790963901361,0.34827586206896555,81.25474931345026,0.054669144394436014,,2,R,135,284.91228772596924,229.06469397973515,144.0,,,
,,,2025-Hlow,1486.3000000000002,1486.2790963901361,0.35172413793103446,111.71695778727039,0.0751644740545451,,2,R,135,284.91228772596924,229.06469397973515,144.0,,,
,,,2030-Hhigh,1486.3000000000002,1486.2790963901361,0.35172413793103446,62.520321677158954,0.042064402662422756,,2,R,135,284.91228772596924,229.06469397973515,144.0,,,
,,,2030-Hlow,1486.3000000000002,1486.2790963901361,0.35172413793103446,85.30521640295858,0.057394345961756424,,2,R,135,284.91228772596924,229.06469397973515,144.0,,,
,,,2035-Hhigh,1486.3000000000002,1486.2790963901361,0.35172413793103446,62.78672196721258,0.042243639889129096,,2,R,135,284.91228772596924,229.06469397973515,144.0,,,
,,,2035-Hlow,1486.3000000000002,1486.2790963901361,0.35172413793103446,83.50154786701762,0.05618081670390743,,2,R,135,284.91228772596924,229.06469397973515,144.0,,,
,,,2040-Hhigh,1486.3000000000002,1486.2790963901361,0.35172413793103446,64.80415194851689,0.04360099034415453,,2,R,135,284.91228772596924,229.06469397973515,144.0,,,
,,,2040-Hlow,1486.3000000000002,1486.2790963901361,0.35172413793103446,85.36366334166307,0.05743366974477768,,2,R,135,284.91228772596924,229.06469397973515,144.0,,,
,,,2045-Hhigh,1486.3000000000002,1486.2790963901361,0.35172413793103446,70.47910968165529,0.04741916819057746,,2,R,135,284.91228772596924,229.06469397973515,144.0,,,
,,,2045-Hlow,1486.3000000000002,1486.2790963901361,0.35172413793103446,89.84900701180338,0.060451461354910425,,2,R,135,284.91228772596924,229.06469397973515,144.0,,,
,,,2024-Hhigh,1525.1,1525.1150595859226,0.37068965517241376,114.1079073803884,0.07481995107231552,,2,Ro,162,323.4818995859226,0.0,5.0,,,
,,,2024-Hlow,1525.1,1525.1150595859226,0.37068965517241376,152.04148482413322,0.09969279707831173,,2,Ro,162,323.4818995859226,0.0,5.0,,,
,,,2025-Hhigh,1525.1,1525.1150595859226,0.35862068965517246,83.51764557933016,0.0547620782763951,,2,Ro,162,323.4818995859226,0.0,5.0,,,
,,,2025-Hlow,1525.1,1525.1150595859226,0.35862068965517246,114.6181678520039,0.07515452616353281,,2,Ro,162,323.4818995859226,0.0,5.0,,,
,,,2030-Hhigh,1525.1,1525.1150595859226,0.35862068965517246,64.29458714330596,0.042157620577867656,,2,Ro,162,323.4818995859226,0.0,5.0,,,
,,,2030-Hlow,1525.1,1525.1150595859226,0.35862068965517246,87.51894359702928,0.057385708213906816,,2,Ro,162,323.4818995859226,0.0,5.0,,,
,,,2035-Hhigh,1525.1,1525.1150595859226,0.35862068965517246,64.59565752006111,0.04235503083080527,,2,Ro,162,323.4818995859226,0.0,5.0,,,
,,,2035-Hlow,1525.1,1525.1150595859226,0.35862068965517246,85.6055250869213,0.05613108982159944,,2,Ro,162,323.4818995859226,0.0,5.0,,,
,,,2040-Hhigh,1525.1,1525.1150595859226,0.35862068965517246,66.68240295956596,0.0437232987735663,,2,Ro,162,323.4818995859226,0.0,5.0,,,
,,,2040-Hlow,1525.1,1525.1150595859226,0.35862068965517246,87.48933237770501,0.05736629229408237,,2,Ro,162,323.4818995859226,0.0,5.0,,,
,,,2045-Hhigh,1525.1,1525.1150595859226,0.35862068965517246,72.40702715172651,0.04747690456476724,,2,Ro,162,323.4818995859226,0.0,5.0,,,
,,,2045-Hlow,1525.1,1525.1150595859226,0.35862068965517246,92.07224867540941,0.060371286260185834,,2,Ro,162,323.4818995859226,0.0,5.0,,,
,,,2024-Hhigh,2028.5,2028.6080195478958,0.40344827586206894,154.1704613089985,0.0760021993142709,,3,R,180,352.72565547961256,37.152736306333914,48.0,,,
,,,2024-Hlow,2028.5,2028.6080195478958,0.40344827586206894,207.80744911212656,0.10244389899537913,,3,R,180,352.72565547961256,37.152736306333914,48.0,,,
,,,2025-Hhigh,2028.5,2028.6080195478958,0.45344827586206893,112.94787751462556,0.055680491749877034,,3,R,180,352.72565547961256,37.152736306333914,48.0,,,
,,,2025-Hlow,2028.5,2028.6080195478958,0.4068965517241379,156.6138021125491,0.07720670550285881,,3,R,180,352.72565547961256,37.152736306333914,48.0,,,
,,,2030-Hhigh,2028.5,2028.6080195478958,0.4068965517241379,87.59316552437768,0.043181249950395705,,3,R,180,352.72565547961256,37.152736306333914,48.0,,,
,,,2030-Hlow,2028.5,2028.6080195478958,0.4068965517241379,118.49046726794339,0.058412850514145125,,3,R,180,352.72565547961256,37.152736306333914,48.0,,,
,,,2035-Hhigh,2028.5,2028.6080195478958,0.4068965517241379,88.14709586636388,0.043454323818764545,,3,R,180,352.72565547961256,37.152736306333914,48.0,,,
,,,2035-Hlow,2028.5,2028.6080195478958,0.4068965517241379,115.11238935528041,0.05674754220127208,,3,R,180,352.72565547961256,37.152736306333914,48.0,,,
,,,2040-Hhigh,2028.5,2028.6080195478958,0.4068965517241379,91.23550258979301,0.04497683144677989,,3,R,180,352.72565547961256,37.152736306333914,48.0,,,
,,,2040-Hlow,2028.5,2028.6080195478958,0.4068965517241379,122.08993855329123,0.060187300248110046,,3,R,180,352.72565547961256,37.152736306333914,48.0,,,
,,,2045-Hhigh,2028.5,2028.6080195478958,0.4068965517241379,99.93474066620949,0.049265339248809215,,3,R,180,352.72565547961256,37.152736306333914,48.0,,,
,,,2045-Hlow,2028.5,2028.6080195478958,0.4068965517241379,129.68960061377788,0.06393374444849785,,3,R,180,352.72565547961256,37.152736306333914,48.0,,,
,,,2024-Hhigh,2092.9,2092.9852925285027,0.42931034482758623,158.99233054962647,0.07596747601396457,,3,Ro,216,417.05972808405903,0.0,0.0,,,
,,,2024-Hlow,2092.9,2092.9852925285027,0.42931034482758623,214.07372812621537,0.10228569359559242,,3,Ro,216,417.05972808405903,0.0,0.0,,,
,,,2025-Hhigh,2092.9,2092.9852925285027,0.47586206896551725,116.51255362212659,0.0556703873200471,,3,Ro,216,417.05972808405903,0.0,0.0,,,
,,,2025-Hlow,2092.9,2092.9852925285027,0.42931034482758623,161.38161273100104,0.07710908917339626,,3,Ro,216,417.05972808405903,0.0,0.0,,,
,,,2030-Hhigh,2092.9,2092.9852925285027,0.42931034482758623,90.37148548827453,0.043180030335073116,,3,Ro,216,417.05972808405903,0.0,0.0,,,
,,,2030-Hlow,2092.9,2092.9852925285027,0.42931034482758623,122.14507130610494,0.05836163758713027,,3,Ro,216,417.05972808405903,0.0,0.0,,,
,,,2035-Hhigh,2092.9,2092.9852925285027,0.42931034482758623,91.02255755504906,0.043491116419823714,,3,Ro,216,417.05972808405903,0.0,0.0,,,
,,,2035-Hlow,2092.9,2092.9852925285027,0.42931034482758623,118.6793135509148,0.05670567803092111,,3,Ro,216,417.05972808405903,0.0,0.0,,,
,,,2040-Hhigh,2092.9,2092.9852925285027,0.42931034482758623,94.20046788703768,0.04500954077454139,,3,Ro,216,417.05972808405903,0.0,0.0,,,
,,,2040-Hlow,2092.9,2092.9852925285027,0.42931034482758623,125.53749430967311,0.05998255736522199,,3,Ro,216,417.05972808405903,0.0,0.0,,,
,,,2045-Hhigh,2092.9,2092.9852925285027,0.42931034482758623,103.29456478089128,0.04935475406416517,,3,Ro,216,417.05972808405903,0.0,0.0,,,
,,,2045-Hlow,2092.9,2092.9852925285027,0.42931034482758623,133.40427890476244,0.06374135357865279,,3,Ro,216,417.05972808405903,0.0,0.0,,,
,,,2024-Hhigh,2731.2,2731.3125786529554,0.5913793103448276,210.6432559494187,0.0771248008016325,,4,R,300,575.9721860603626,0.0,0.0,,,
,,,2024-Hlow,2731.2,2731.3125786529554,0.5913793103448276,271.6296525697499,0.09945432504750656,,4,R,300,575.9721860603626,0.0,0.0,,,
,,,2025-Hhigh,2731.2,2731.3125786529554,0.5482758620689655,152.95647051868121,0.056003394302387675,,4,R,300,575.9721860603626,0.0,0.0,,,
,,,2025-Hlow,2731.2,2731.3125786529554,0.5637931034482758,203.60060932857812,0.07454621021110798,,4,R,300,575.9721860603626,0.0,0.0,,,
,,,2030-Hhigh,2731.2,2731.3125786529554,0.5637931034482758,116.43619869637774,0.042631882943899295,,4,R,300,575.9721860603626,0.0,0.0,,,
,,,2030-Hlow,2731.2,2731.3125786529554,0.5637931034482758,154.6047457428727,0.05660689284668743,,4,R,300,575.9721860603626,0.0,0.0,,,
,,,2035-Hhigh,2731.2,2731.3125786529554,0.5637931034482758,117.43349609164883,0.04299703283964881,,4,R,300,575.9721860603626,0.0,0.0,,,
,,,2035-Hlow,2731.2,2731.3125786529554,0.5637931034482758,150.44122280755093,0.0550824629494548,,4,R,300,575.9721860603626,0.0,0.0,,,
,,,2040-Hhigh,2731.2,2731.3125786529554,0.5637931034482758,118.99225103952712,0.043567754481373434,,4,R,300,575.9721860603626,0.0,0.0,,,
,,,2040-Hlow,2731.2,2731.3125786529554,0.5637931034482758,154.71872030801805,0.056648623428536195,,4,R,300,575.9721860603626,0.0,0.0,,,
,,,2045-Hhigh,2731.2,2731.3125786529554,0.5637931034482758,130.29892944195197,0.047707575220398354,,4,R,300,575.9721860603626,0.0,0.0,,,
,,,2045-Hlow,2731.2,2731.3125786529554,0.5637931034482758,163.90385404933755,0.06001166302333683,,4,R,300,575.9721860603626,0.0,0.0,,,
,,,2024-Hhigh,2847.2,2847.2279246596777,0.6448275862068965,219.48263294626219,0.07708718493476475,,4,Ro,360,691.8875320670849,0.0,0.0,,,
,,,2024-Hlow,2847.2,2847.2279246596777,0.6448275862068965,282.9832721498134,0.09939002253084202,,4,Ro,360,691.8875320670849,0.0,0.0,,,
,,,2025-Hhigh,2847.2,2847.2279246596777,0.5931034482758621,159.83283813927028,0.05613684958530145,,4,Ro,360,691.8875320670849,0.0,0.0,,,
,,,2025-Hlow,2847.2,2847.2279246596777,0.6051724137931035,212.40664723756066,0.07460194128883137,,4,Ro,360,691.8875320670849,0.0,0.0,,,
,,,2030-Hhigh,2847.2,2847.2279246596777,0.6051724137931035,121.76238354988271,0.04276565873485625,,4,Ro,360,691.8875320670849,0.0,0.0,,,
,,,2030-Hlow,2847.2,2847.2279246596777,0.6051724137931035,161.500842195536,0.05672268972869345,,4,Ro,360,691.8875320670849,0.0,0.0,,,
,,,2035-Hhigh,2847.2,2847.2279246596777,0.6051724137931035,122.77439168904222,0.043121098513993476,,4,Ro,360,691.8875320670849,0.0,0.0,,,
,,,2035-Hlow,2847.2,2847.2279246596777,0.6051724137931035,157.22230429982906,0.05521997200752637,,4,Ro,360,691.8875320670849,0.0,0.0,,,
,,,2040-Hhigh,2847.2,2847.2279246596777,0.6051724137931035,124.1697661297248,0.043611185069445356,,4,Ro,360,691.8875320670849,0.0,0.0,,,
,,,2040-Hlow,2847.2,2847.2279246596777,0.6051724137931035,161.00008363722645,0.056546812179413625,,4,Ro,360,691.8875320670849,0.0,0.0,,,
,,,2045-Hhigh,2847.2,2847.2279246596777,0.6051724137931035,135.9908691268777,0.047763019502275114,,4,Ro,360,691.8875320670849,0.0,0.0,,,
,,,2045-Hlow,2847.2,2847.2279246596777,0.6051724137931035,170.99019698199226,0.060055562300503046,,4,Ro,360,691.8875320670849,0.0,0.0,,,
,,,2024-Hhigh,3208.65,3208.894841460051,0.7086206896551724,250.2358339246311,0.07798788709414585,,5,R,300,574.1272177563471,0.0,0.0,,,
,,,2024-Hlow,3208.65,3208.894841460051,0.7086206896551724,319.7954137578445,0.09966665537152526,,5,R,300,574.1272177563471,0.0,0.0,,,
,,,2025-Hhigh,3208.65,3208.894841460051,0.7155172413793104,182.8115347781382,0.05697459516561114,,5,R,300,574.1272177563471,0.0,0.0,,,
,,,2025-Hlow,3208.65,3208.894841460051,0.7051724137931035,238.1073925661134,0.07420796676674407,,5,R,300,574.1272177563471,0.0,0.0,,,
,,,2030-Hhigh,3208.65,3208.894841460051,0.7051724137931035,140.55177186942544,0.043804020965024365,,5,R,300,574.1272177563471,0.0,0.0,,,
,,,2030-Hlow,3208.65,3208.894841460051,0.7051724137931035,182.03533973405047,0.05673268811931824,,5,R,300,574.1272177563471,0.0,0.0,,,
,,,2035-Hhigh,3208.65,3208.894841460051,0.7051724137931035,139.81689132269958,0.043574989893786976,,5,R,300,574.1272177563471,0.0,0.0,,,
,,,2035-Hlow,3208.65,3208.894841460051,0.7051724137931035,177.8371433259872,0.055424288509493776,,5,R,300,574.1272177563471,0.0,0.0,,,
,,,2040-Hhigh,3208.65,3208.894841460051,0.7051724137931035,143.03331467508343,0.044577412517751526,,5,R,300,574.1272177563471,0.0,0.0,,,
,,,2040-Hlow,3208.65,3208.894841460051,0.7051724137931035,183.28141979576858,0.05712103837930861,,5,R,300,574.1272177563471,0.0,0.0,,,
,,,2045-Hhigh,3208.65,3208.894841460051,0.7051724137931035,155.78395516580494,0.048551245902733214,,5,R,300,574.1272177563471,0.0,0.0,,,
,,,2045-Hlow,3208.65,3208.894841460051,0.7051724137931035,193.61644075514107,0.0603420256977673,,5,R,300,574.1272177563471,0.0,0.0,,,
,,,2024-Hhigh,3324.15,3324.3940525519356,0.7224137931034482,258.8904560670042,0.07788170090609756,,5,Ro,360,689.6264288482317,0.0,0.0,,,
,,,2024-Hlow,3324.15,3324.3940525519356,0.7224137931034482,331.1131605401126,0.09960836921923276,,5,Ro,360,689.6264288482317,0.0,0.0,,,
,,,2025-Hhigh,3324.15,3324.3940525519356,0.7206896551724138,189.63882688111735,0.05704881755670392,,5,Ro,360,689.6264288482317,0.0,0.0,,,
,,,2025-Hlow,3324.15,3324.3940525519356,0.7189655172413792,246.70483390071993,0.0742159150160853,,5,Ro,360,689.6264288482317,0.0,0.0,,,
,,,2030-Hhigh,3324.15,3324.3940525519356,0.7189655172413792,145.8956715229248,0.04388961735268408,,5,Ro,360,689.6264288482317,0.0,0.0,,,
,,,2030-Hlow,3324.15,3324.3940525519356,0.7189655172413792,188.7057792567064,0.0567681299750933,,5,Ro,360,689.6264288482317,0.0,0.0,,,
,,,2035-Hhigh,3324.15,3324.3940525519356,0.7189655172413792,144.93540184278578,0.043600740593169915,,5,Ro,360,689.6264288482317,0.0,0.0,,,
,,,2035-Hlow,3324.15,3324.3940525519356,0.7189655172413792,184.39048669000067,0.055469965762676376,,5,Ro,360,689.6264288482317,0.0,0.0,,,
,,,2040-Hhigh,3324.15,3324.3940525519356,0.7189655172413792,148.30299496810264,0.04461380953570165,,5,Ro,360,689.6264288482317,0.0,0.0,,,
,,,2040-Hlow,3324.15,3324.3940525519356,0.7189655172413792,190.12524938352908,0.05719514744627321,,5,Ro,360,689.6264288482317,0.0,0.0,,,
,,,2045-Hhigh,3324.15,3324.3940525519356,0.7189655172413792,161.52279095086402,0.04859070467664336,,5,Ro,360,689.6264288482317,0.0,0.0,,,
,,,2045-Hlow,3324.15,3324.3940525519356,0.7189655172413792,200.63419086968938,0.060356539527304534,,5,Ro,360,689.6264288482317,0.0,0.0,,,
,AK,,2024-Hhigh,246.0223328758283,1045.1411360470563,0.05449361625470963,18.152955904989234,0.07378580510473959,4.248155538686632,1,HP,135,323.51266410046316,496.6184883574883,78.0,,,
,AK,,2024-Hlow,246.0223328758283,1045.1411360470563,0.05449361625470963,24.666987789058247,0.10026320578590765,4.248155538686632,1,HP,135,323.51266410046316,496.6184883574883,78.0,,,
,AK,,2025-Hhigh,246.0223328758283,1045.1411360470563,0.05550475977350389,13.112588757651778,0.05329836769034268,4.248155538686632,1,HP,135,323.51266410046316,496.6184883574883,78.0,,,
,AK,,2025-Hlow,246.0223328758283,1045.1411360470563,0.056995246960296425,18.762302736449378,0.07626259989136447,4.248155538686632,1,HP,135,323.51266410046316,496.6184883574883,78.0,,,
,AK,,2030-Hhigh,246.0223328758283,1045.1411360470563,0.056995246960296425,10.116133535790535,0.04111876112034236,4.248155538686632,1,HP,135,323.51266410046316,496.6184883574883,78.0,,,
,AK,,2030-Hlow,246.0223328758283,1045.1411360470563,0.056995246960296425,14.266218596479376,0.057987494182813806,4.248155538686632,1,HP,135,323.51266410046316,496.6184883574883,78.0,,,
,AK,,2035-Hhigh,246.0223328758283,1045.1411360470563,0.056995246960296425,10.540046793845404,0.04284182931947542,4.248155538686632,1,HP,135,323.51266410046316,496.6184883574883,78.0,,,
,AK,,2035-Hlow,246.0223328758283,1045.1411360470563,0.056995246960296425,14.248930678592371,0.05791722447321094,4.248155538686632,1,HP,135,323.51266410046316,496.6184883574883,78.0,,,
,AK,,2040-Hhigh,246.0223328758283,1045.1411360470563,0.056995246960296425,10.952891554777619,0.04451990771222274,4.248155538686632,1,HP,135,323.51266410046316,496.6184883574883,78.0,,,
,AK,,2040-Hlow,246.0223328758283,1045.1411360470563,0.056995246960296425,14.82736373462658,0.06026836491348208,4.248155538686632,1,HP,135,323.51266410046316,496.6184883574883,78.0,,,
,AK,,2045-Hhigh,246.0223328758283,1045.1411360470563,0.056995246960296425,11.976888899418377,0.0486821206815534,4.248155538686632,1,HP,135,323.51266410046316,496.6184883574883,78.0,,,
,AK,,2045-Hlow,246.0223328758283,1045.1411360470563,0.056995246960296425,15.636761031795688,0.06355829915525527,4.248155538686632,1,HP,135,323.51266410046316,496.6184883574883,78.0,,,
,AK,,2024-Hhigh,256.4695082823454,1089.1765010282277,0.05456729195886473,18.970978701174747,0.07396972384058123,4.246806992077832,1,HPo,162,367.13115285725956,138.10095186691794,75.0,,,
,AK,,2024-Hlow,256.4695082823454,1089.1765010282277,0.05456729195886473,25.751494328588922,0.10040762545635364,4.246806992077832,1,HPo,162,367.13115285725956,138.10095186691794,75.0,,,
,AK,,2025-Hhigh,256.4695082823454,1089.1765010282277,0.05456729195886472,13.7200618575736,0.053495879293647984,4.246806992077832,1,HPo,162,367.13115285725956,138.10095186691794,75.0,,,
,AK,,2025-Hlow,256.4695082823454,1089.1765010282277,0.05756924880556888,19.596476155163586,0.07640860032994633,4.246806992077832,1,HPo,162,367.13115285725956,138.10095186691794,75.0,,,
,AK,,2030-Hhigh,256.4695082823454,1089.1765010282277,0.05756924880556888,10.595695353680519,0.04131366502257179,4.246806992077832,1,HPo,162,367.13115285725956,138.10095186691794,75.0,,,
,AK,,2030-Hlow,256.4695082823454,1089.1765010282277,0.05756924880556888,14.901352359494682,0.05810184789331718,4.246806992077832,1,HPo,162,367.13115285725956,138.10095186691794,75.0,,,
,AK,,2035-Hhigh,256.4695082823454,1089.1765010282277,0.05756924880556888,11.067974012644928,0.04315512626343198,4.246806992077832,1,HPo,162,367.13115285725956,138.10095186691794,75.0,,,
,AK,,2035-Hlow,256.4695082823454,1089.1765010282277,0.05756924880556888,14.896438921121764,0.0580826899107335,4.246806992077832,1,HPo,162,367.13115285725956,138.10095186691794,75.0,,,
,AK,,2040-Hhigh,256.4695082823454,1089.1765010282277,0.05756924880556888,11.483040512649165,0.04477351163323311,4.246806992077832,1,HPo,162,367.13115285725956,138.10095186691794,75.0,,,
,AK,,2040-Hlow,256.4695082823454,1089.1765010282277,0.05756924880556888,15.47834140841682,0.06035158530961439,4.246806992077832,1,HPo,162,367.13115285725956,138.10095186691794,75.0,,,
,AK,,2045-Hhigh,256.4695082823454,1089.1765010282277,0.05756924880556888,12.546052620724312,0.048918301067246,4.246806992077832,1,HPo,162,367.13115285725956,138.10095186691794,75.0,,,
,AK,,2045-Hlow,256.4695082823454,1089.1765010282277,0.05756924880556888,16.294195714426106,0.06353268200790539,4.246806992077832,1,HPo,162,367.13115285725956,138.10095186691794,75.0,,,
,CH,,2024-Hhigh,267.29049419911405,1073.2995674180138,0.06500078081392276,20.178932953658983,0.07549439052863208,4.015479752222222,1,HP,135,352.0080596481094,786.4109002255259,90.0,,,
,CH,,2024-Hlow,267.29049419911405,1073.2995674180138,0.06500078081392276,27.46240337769743,0.10274365895421528,4.015479752222222,1,HP,135,352.0080596481094,786.4109002255259,90.0,,,
,CH,,2025-Hhigh,267.29049419911405,1073.2995674180138,0.06596913294967535,14.60412123130716,0.054637637881832186,4.015479752222222,1,HP,135,352.0080596481094,786.4109002255259,90.0,,,
,CH,,2025-Hlow,267.29049419911405,1073.2995674180138,0.06842381316559468,20.905689073866448,0.07821336533686479,4.015479752222222,1,HP,135,352.0080596481094,786.4109002255259,90.0,,,
,CH,,2030-Hhigh,267.29049419911405,1073.2995674180138,0.06842381316559468,11.268987361335185,0.04216007529598311,4.015479752222222,1,HP,135,352.0080596481094,786.4109002255259,90.0,,,
,CH,,2030-Hlow,267.29049419911405,1073.2995674180138,0.06842381316559468,15.890287596714286,0.05944950509492138,4.015479752222222,1,HP,135,352.0080596481094,786.4109002255259,90.0,,,
,CH,,2035-Hhigh,267.29049419911405,1073.2995674180138,0.06842381316559468,11.724923369051643,0.04386584492719497,4.015479752222222,1,HP,135,352.0080596481094,786.4109002255259,90.0,,,
,CH,,2035-Hlow,267.29049419911405,1073.2995674180138,0.06842381316559468,15.79044098186435,0.05907595415683394,4.015479752222222,1,HP,135,352.0080596481094,786.4109002255259,90.0,,,
,CH,,2040-Hhigh,267.29049419911405,1073.2995674180138,0.06842381316559468,12.193760535937448,0.04561988099305129,4.015479752222222,1,HP,135,352.0080596481094,786.4109002255259,90.0,,,
,CH,,2040-Hlow,267.29049419911405,1073.2995674180138,0.06842381316559468,16.457463143871646,0.06157144941941671,4.015479752222222,1,HP,135,352.0080596481094,786.4109002255259,90.0,,,
,CH,,2045-Hhigh,267.29049419911405,1073.2995674180138,0.06842381316559468,13.334087994234848,0.049886128701239256,4.015479752222222,1,HP,135,352.0080596481094,786.4109002255259,90.0,,,
,CH,,2045-Hlow,267.29049419911405,1073.2995674180138,0.06842381316559468,17.356050052038807,0.06493328580218673,4.015479752222222,1,HP,135,352.0080596481094,786.4109002255259,90.0,,,
,CH,,2024-Hhigh,279.470783836782,1121.3468291753002,0.06396717974326756,21.14733576981461,0.07566921836869069,4.012393760022497,1,HPo,162,399.5504565930812,352.2223373176528,90.0,,,
,CH,,2024-Hlow,279.470783836782,1121.3468291753002,0.06396717974326756,28.801285836470587,0.10305651789809724,4.012393760022497,1,HPo,162,399.5504565930812,352.2223373176528,90.0,,,
,CH,,2025-Hhigh,279.470783836782,1121.3468291753002,0.06396717974326757,15.336224079241598,0.05487594756308531,4.012393760022497,1,HPo,162,399.5504565930812,352.2223373176528,90.0,,,
,CH,,2025-Hlow,279.470783836782,1121.3468291753002,0.0678792167166069,21.932043558316895,0.0784770531546001,4.012393760022497,1,HPo,162,399.5504565930812,352.2223373176528,90.0,,,
,CH,,2030-Hhigh,279.470783836782,1121.3468291753002,0.0678792167166069,11.828160895413385,0.042323425486655984,4.012393760022497,1,HPo,162,399.5504565930812,352.2223373176528,90.0,,,
,CH,,2030-Hlow,279.470783836782,1121.3468291753002,0.0678792167166069,16.683787078390917,0.05969778611325136,4.012393760022497,1,HPo,162,399.5504565930812,352.2223373176528,90.0,,,
,CH,,2035-Hhigh,279.470783836782,1121.3468291753002,0.0678792167166069,12.335230975106155,0.044137819366156864,4.012393760022497,1,HPo,162,399.5504565930812,352.2223373176528,90.0,,,
,CH,,2035-Hlow,279.470783836782,1121.3468291753002,0.0678792167166069,16.54280265429513,0.05919331683685599,4.012393760022497,1,HPo,162,399.5504565930812,352.2223373176528,90.0,,,
,CH,,2040-Hhigh,279.470783836782,1121.3468291753002,0.0678792167166069,12.84410982190629,0.04595868536085537,4.012393760022497,1,HPo,162,399.5504565930812,352.2223373176528,90.0,,,
,CH,,2040-Hlow,279.470783836782,1121.3468291753002,0.0678792167166069,17.202016195680656,0.06155210916689978,4.012393760022497,1,HPo,162,399.5504565930812,352.2223373176528,90.0,,,
,CH,,2045-Hhigh,279.470783836782,1121.3468291753002,0.0678792167166069,14.015760899315351,0.05015107735734162,4.012393760022497,1,HPo,162,399.5504565930812,352.2223373176528,90.0,,,
,CH,,2045-Hlow,279.470783836782,1121.3468291753002,0.0678792167166069,18.114264461495168,0.0648163082122901,4.012393760022497,1,HPo,162,399.5504565930812,352.2223373176528,90.0,,,
,AK,,2024-Hhigh,357.83452212095375,1521.4076238337868,0.09400287099639769,27.038360881714414,0.07556107421232829,4.251707227173366,2,HP,135,320.0034508209422,196.93099707585716,92.0,,,
,AK,,2024-Hlow,357.83452212095375,1521.4076238337868,0.09400287099639769,36.70248796728164,0.1025683261350497,4.251707227173366,2,HP,135,320.0034508209422,196.93099707585716,92.0,,,
,AK,,2025-Hhigh,357.83452212095375,1521.4076238337868,0.09149870125553336,19.801297982971995,0.055336466324171045,4.251707227173366,2,HP,135,320.0034508209422,196.93099707585716,92.0,,,
,AK,,2025-Hlow,357.83452212095375,1521.4076238337868,0.09249935353776809,27.79539516439179,0.07767667300416728,4.251707227173366,2,HP,135,320.0034508209422,196.93099707585716,92.0,,,
,AK,,2030-Hhigh,357.83452212095375,1521.4076238337868,0.09249935353776809,15.260674388429415,0.04264729489479236,4.251707227173366,2,HP,135,320.0034508209422,196.93099707585716,92.0,,,
,AK,,2030-Hlow,357.83452212095375,1521.4076238337868,0.09249935353776809,21.24961880118181,0.059383926053951555,4.251707227173366,2,HP,135,320.0034508209422,196.93099707585716,92.0,,,
,AK,,2035-Hhigh,357.83452212095375,1521.4076238337868,0.09249935353776809,15.38290459690869,0.04298887794763699,4.251707227173366,2,HP,135,320.0034508209422,196.93099707585716,92.0,,,
,AK,,2035-Hlow,357.83452212095375,1521.4076238337868,0.09249935353776809,20.687187707265505,0.05781216296473739,4.251707227173366,2,HP,135,320.0034508209422,196.93099707585716,92.0,,,
,AK,,2040-Hhigh,357.83452212095375,1521.4076238337868,0.09249935353776809,15.936857482273696,0.044536947938429446,4.251707227173366,2,HP,135,320.0034508209422,196.93099707585716,92.0,,,
,AK,,2040-Hlow,357.83452212095375,1521.4076238337868,0.09249935353776809,21.240732170827695,0.059359091584930954,4.251707227173366,2,HP,135,320.0034508209422,196.93099707585716,92.0,,,
,AK,,2045-Hhigh,357.83452212095375,1521.4076238337868,0.09249935353776809,17.373953670146612,0.048553039452895325,4.251707227173366,2,HP,135,320.0034508209422,196.93099707585716,92.0,,,
,AK,,2045-Hlow,357.83452212095375,1521.4076238337868,0.09249935353776809,22.3749330352227,0.06252871551521129,4.251707227173366,2,HP,135,320.0034508209422,196.93099707585716,92.0,,,
,AK,,2024-Hhigh,368.08616746885303,1564.8170593602943,0.09598460940162305,27.840881450162456,0.07563685873231929,4.25122484259805,2,HPo,162,363.1838993602941,0.0,1.0,,,
,AK,,2024-Hlow,368.08616746885303,1564.8170593602943,0.09598460940162305,37.76659038466517,0.10260257983712721,4.25122484259805,2,HPo,162,363.1838993602941,0.0,1.0,,,
,AK,,2025-Hhigh,368.08616746885303,1564.8170593602943,0.09348043966075872,20.397124677772858,0.055413994005897645,4.25122484259805,2,HPo,162,363.1838993602941,0.0,1.0,,,
,AK,,2025-Hlow,368.08616746885303,1564.8170593602943,0.09348043966075872,28.601925443385348,0.07770442893865498,4.25122484259805,2,HPo,162,363.1838993602941,0.0,1.0,,,
,AK,,2030-Hhigh,368.08616746885303,1564.8170593602943,0.09348043966075872,15.733567986019459,0.04274425223368605,4.25122484259805,2,HPo,162,363.1838993602941,0.0,1.0,,,
,AK,,2030-Hlow,368.08616746885303,1564.8170593602943,0.09348043966075872,21.872589323299923,0.05942247021589246,4.25122484259805,2,HPo,162,363.1838993602941,0.0,1.0,,,
,AK,,2035-Hhigh,368.08616746885303,1564.8170593602943,0.09348043966075872,15.861414084258401,0.04309157878257018,4.25122484259805,2,HPo,162,363.1838993602941,0.0,1.0,,,
,AK,,2035-Hlow,368.08616746885303,1564.8170593602943,0.09348043966075872,21.29208060445635,0.05784537015034138,4.25122484259805,2,HPo,162,363.1838993602941,0.0,1.0,,,
,AK,,2040-Hhigh,368.08616746885303,1564.8170593602943,0.09348043966075872,16.438443662116367,0.04465922687384705,4.25122484259805,2,HPo,162,363.1838993602941,0.0,1.0,,,
,AK,,2040-Hlow,368.08616746885303,1564.8170593602943,0.09348043966075872,21.844751583914466,0.059346841893380686,4.25122484259805,2,HPo,162,363.1838993602941,0.0,1.0,,,
,AK,,2045-Hhigh,368.08616746885303,1564.8170593602943,0.09348043966075872,17.888376443389696,0.048598339259525114,4.25122484259805,2,HPo,162,363.1838993602941,0.0,1.0,,,
,AK,,2045-Hlow,368.08616746885303,1564.8170593602943,0.09348043966075872,23.002327167961386,0.06249169135079713,4.25122484259805,2,HPo,162,363.1838993602941,0.0,1.0,,,
,CH,,2024-Hhigh,385.42940165811876,1549.901321452792,0.09840837576858594,29.682175655230086,0.0770106679135978,4.02123272066197,2,HP,135,348.49320773054177,193.5419493310941,98.0,,,
,CH,,2024-Hlow,385.42940165811876,1549.901321452792,0.09840837576858594,40.3621124063921,0.10471985850782047,4.02123272066197,2,HP,135,348.49320773054177,193.5419493310941,98.0,,,
,CH,,2025-Hhigh,385.42940165811876,1549.901321452792,0.0954912925260978,21.765968722248743,0.05647199883717086,4.02123272066197,2,HP,135,348.49320773054177,193.5419493310941,98.0,,,
,CH,,2025-Hlow,385.42940165811876,1549.901321452792,0.09646930176943264,30.591471398382854,0.07936984378145058,4.02123272066197,2,HP,135,348.49320773054177,193.5419493310941,98.0,,,
,CH,,2030-Hhigh,385.42940165811876,1549.901321452792,0.09646930176943264,16.79182087521203,0.04356652814490423,4.02123272066197,2,HP,135,348.49320773054177,193.5419493310941,98.0,,,
,CH,,2030-Hlow,385.42940165811876,1549.901321452792,0.09646930176943264,23.379543910948488,0.06065843397096745,4.02123272066197,2,HP,135,348.49320773054177,193.5419493310941,98.0,,,
,CH,,2035-Hhigh,385.42940165811876,1549.901321452792,0.09646930176943264,16.907057548231162,0.04386551071479481,4.02123272066197,2,HP,135,348.49320773054177,193.5419493310941,98.0,,,
,CH,,2035-Hlow,385.42940165811876,1549.901321452792,0.09646930176943264,22.661878396668314,0.058796444431008184,4.02123272066197,2,HP,135,348.49320773054177,193.5419493310941,98.0,,,
,CH,,2040-Hhigh,385.42940165811876,1549.901321452792,0.09646930176943264,17.52140917850252,0.0454594514666638,4.02123272066197,2,HP,135,348.49320773054177,193.5419493310941,98.0,,,
,CH,,2040-Hlow,385.42940165811876,1549.901321452792,0.09646930176943264,23.301339523051663,0.06045553199317232,4.02123272066197,2,HP,135,348.49320773054177,193.5419493310941,98.0,,,
,CH,,2045-Hhigh,385.42940165811876,1549.901321452792,0.09646930176943264,19.104992380696277,0.04956807212554758,4.02123272066197,2,HP,135,348.49320773054177,193.5419493310941,98.0,,,
,CH,,2045-Hlow,385.42940165811876,1549.901321452792,0.09646930176943264,24.5454557492024,0.0636834025728389,4.02123272066197,2,HP,135,348.49320773054177,193.5419493310941,98.0,,,
,CH,,2024-Hhigh,397.3706803290595,1597.273410363638,0.10372319292642257,30.613780514633206,0.07704086393410349,4.019605596066999,2,HPo,162,395.640250363638,0.0,3.0,,,
,CH,,2024-Hlow,397.3706803290595,1597.273410363638,0.10372319292642257,41.59744494532157,0.10468171660494693,4.019605596066999,2,HPo,162,395.640250363638,0.0,3.0,,,
,CH,,2025-Hhigh,397.3706803290595,1597.273410363638,0.10080610968393441,22.457863776201425,0.05651615704914174,4.019605596066999,2,HPo,162,395.640250363638,0.0,3.0,,,
,CH,,2025-Hlow,397.3706803290595,1597.273410363638,0.10080610968393441,31.572331651299955,0.07945309811271219,4.019605596066999,2,HPo,162,395.640250363638,0.0,3.0,,,
,CH,,2030-Hhigh,397.3706803290595,1597.273410363638,0.10080610968393441,17.32534294132805,0.043599952887769855,4.019605596066999,2,HPo,162,395.640250363638,0.0,3.0,,,
,CH,,2030-Hlow,397.3706803290595,1597.273410363638,0.10080610968393441,24.1382802502768,0.06074499565566358,4.019605596066999,2,HPo,162,395.640250363638,0.0,3.0,,,
,CH,,2035-Hhigh,397.3706803290595,1597.273410363638,0.10080610968393441,17.502368597090992,0.044045445382627176,4.019605596066999,2,HPo,162,395.640250363638,0.0,3.0,,,
,CH,,2035-Hlow,397.3706803290595,1597.273410363638,0.10080610968393441,23.379756475685628,0.058836138731536605,4.019605596066999,2,HPo,162,395.640250363638,0.0,3.0,,,
,CH,,2040-Hhigh,397.3706803290595,1597.273410363638,0.10080610968393441,18.12270432170621,0.04560654627739254,4.019605596066999,2,HPo,162,395.640250363638,0.0,3.0,,,
,CH,,2040-Hlow,397.3706803290595,1597.273410363638,0.10080610968393441,24.004596179867075,0.060408574079972535,4.019605596066999,2,HPo,162,395.640250363638,0.0,3.0,,,
,CH,,2045-Hhigh,397.3706803290595,1597.273410363638,0.10080610968393441,19.742655601507966,0.04968322168399347,4.019605596066999,2,HPo,162,395.640250363638,0.0,3.0,,,
,CH,,2045-Hlow,397.3706803290595,1597.273410363638,0.10080610968393441,25.302814942292187,0.0636755960991866,4.019605596066999,2,HPo,162,395.640250363638,0.0,3.0,,,
,AK,,2024-Hhigh,487.7820823802187,2072.3464791558054,0.09995780267832954,37.295973724278774,0.07646031921116596,4.248508819847226,3,HP,180,396.42387077384495,2.5422419830372163,6.0,,,
,AK,,2024-Hlow,487.7820823802187,2072.3464791558054,0.09995780267832954,51.230804904419706,0.10502805813290632,4.248508819847226,3,HP,180,396.42387077384495,2.5422419830372163,6.0,,,
,AK,,2025-Hhigh,487.7820823802187,2072.3464791558054,0.11411381194144901,27.368488686785177,0.05610802379873367,4.248508819847226,3,HP,180,396.42387077384495,2.5422419830372163,6.0,,,
,AK,,2025-Hlow,487.7820823802187,2072.3464791558054,0.10245943338391635,38.848159148722544,0.0796424480357214,4.248508819847226,3,HP,180,396.42387077384495,2.5422419830372163,6.0,,,
,AK,,2030-Hhigh,487.7820823802187,2072.3464791558054,0.10245943338391635,21.29676890190023,0.04366041654908456,4.248508819847226,3,HP,180,396.42387077384495,2.5422419830372163,6.0,,,
,AK,,2030-Hlow,487.7820823802187,2072.3464791558054,0.10245943338391635,29.37209121483792,0.060215600932924024,4.248508819847226,3,HP,180,396.42387077384495,2.5422419830372163,6.0,,,
,AK,,2035-Hhigh,487.7820823802187,2072.3464791558054,0.10245943338391635,21.498387962146925,0.044073754938356385,4.248508819847226,3,HP,180,396.42387077384495,2.5422419830372163,6.0,,,
,AK,,2035-Hlow,487.7820823802187,2072.3464791558054,0.10245943338391635,28.463902148918393,0.058353726340302954,4.248508819847226,3,HP,180,396.42387077384495,2.5422419830372163,6.0,,,
,AK,,2040-Hhigh,487.7820823802187,2072.3464791558054,0.10245943338391635,22.343289448720874,0.04580588393016171,4.248508819847226,3,HP,180,396.42387077384495,2.5422419830372163,6.0,,,
,AK,,2040-Hlow,487.7820823802187,2072.3464791558054,0.10245943338391635,30.277822553549708,0.062072436949310916,4.248508819847226,3,HP,180,396.42387077384495,2.5422419830372163,6.0,,,
,AK,,2045-Hhigh,487.7820823802187,2072.3464791558054,0.10245943338391635,24.561794822531095,0.05035403248655113,4.248508819847226,3,HP,180,396.42387077384495,2.5422419830372163,6.0,,,
,AK,,2045-Hlow,487.7820823802187,2072.3464791558054,0.10245943338391635,32.19881336036966,0.06601065214050068,4.248508819847226,3,HP,180,396.42387077384495,2.5422419830372163,6.0,,,
,AK,,2024-Hhigh,504.89281957598774,2144.518205237764,0.10801387715289043,38.60751656764422,0.07646675704373665,4.247472180409981,3,HPo,216,468.59264079332024,0.0,0.0,,,
,AK,,2024-Hlow,504.89281957598774,2144.518205237764,0.10801387715289043,53.018153189639065,0.10500872885093523,4.247472180409981,3,HPo,216,468.59264079332024,0.0,0.0,,,
,AK,,2025-Hhigh,504.89281957598774,2144.518205237764,0.12216988641600991,28.33780350646029,0.05612637456452354,4.247472180409981,3,HPo,216,468.59264079332024,0.0,0.0,,,
,AK,,2025-Hlow,504.89281957598774,2144.518205237764,0.1110158339995946,40.193867210903825,0.07960871228998442,4.247472180409981,3,HPo,216,468.59264079332024,0.0,0.0,,,
,AK,,2030-Hhigh,504.89281957598774,2144.518205237764,0.1110158339995946,22.08415248801428,0.04374027839524573,4.247472180409981,3,HPo,216,468.59264079332024,0.0,0.0,,,
,AK,,2030-Hlow,504.89281957598774,2144.518205237764,0.1110158339995946,30.45103843693661,0.060311886515854174,4.247472180409981,3,HPo,216,468.59264079332024,0.0,0.0,,,
,AK,,2035-Hhigh,504.89281957598774,2144.518205237764,0.1110158339995946,22.301167321448634,0.044170101963773814,4.247472180409981,3,HPo,216,468.59264079332024,0.0,0.0,,,
,AK,,2035-Hlow,504.89281957598774,2144.518205237764,0.1110158339995946,29.49180459600691,0.058412010336717245,4.247472180409981,3,HPo,216,468.59264079332024,0.0,0.0,,,
,AK,,2040-Hhigh,504.89281957598774,2144.518205237764,0.1110158339995946,23.193468818290025,0.045937410711778495,4.247472180409981,3,HPo,216,468.59264079332024,0.0,0.0,,,
,AK,,2040-Hlow,504.89281957598774,2144.518205237764,0.1110158339995946,31.34397338138097,0.06208044988182609,4.247472180409981,3,HPo,216,468.59264079332024,0.0,0.0,,,
,AK,,2045-Hhigh,504.89281957598774,2144.518205237764,0.1110158339995946,25.51135995784206,0.050528268513041374,4.247472180409981,3,HPo,216,468.59264079332024,0.0,0.0,,,
,AK,,2045-Hlow,504.89281957598774,2144.518205237764,0.1110158339995946,33.33322180896167,0.06602039188625246,4.247472180409981,3,HPo,216,468.59264079332024,0.0,0.0,,,
,CH,,2024-Hhigh,525.1599993573593,2108.024474349978,0.10851053665956707,40.9515798396045,0.07797924421074937,4.014061384967586,3,HP,180,432.104234975263,4.579610851406408,8.0,,,
,CH,,2024-Hlow,525.1599993573593,2108.024474349978,0.10851053665956707,56.261592937699284,0.10713228921956518,4.014061384967586,3,HP,180,432.104234975263,4.579610851406408,8.0,,,
,CH,,2025-Hhigh,525.1599993573593,2108.024474349978,0.12302980527824095,30.07209553851693,0.05726273054938741,4.014061384967586,3,HP,180,432.104234975263,4.579610851406408,8.0,,,
,CH,,2025-Hlow,525.1599993573593,2108.024474349978,0.11047502738999493,42.74049319482112,0.08138566007906706,4.014061384967586,3,HP,180,432.104234975263,4.579610851406408,8.0,,,
,CH,,2030-Hhigh,525.1599993573593,2108.024474349978,0.11047502738999493,23.364753779589417,0.04449073388716005,4.014061384967586,3,HP,180,432.104234975263,4.579610851406408,8.0,,,
,CH,,2030-Hlow,525.1599993573593,2108.024474349978,0.11047502738999493,32.312519871479495,0.06152890530699306,4.014061384967586,3,HP,180,432.104234975263,4.579610851406408,8.0,,,
,CH,,2035-Hhigh,525.1599993573593,2108.024474349978,0.11047502738999493,23.619016194752966,0.04497489569589395,4.014061384967586,3,HP,180,432.104234975263,4.579610851406408,8.0,,,
,CH,,2035-Hlow,525.1599993573593,2108.024474349978,0.11047502738999493,31.168970635722236,0.05935137991062504,4.014061384967586,3,HP,180,432.104234975263,4.579610851406408,8.0,,,
,CH,,2040-Hhigh,525.1599993573593,2108.024474349978,0.11047502738999493,24.56562141009137,0.0467774039152876,4.014061384967586,3,HP,180,432.104234975263,4.579610851406408,8.0,,,
,CH,,2040-Hlow,525.1599993573593,2108.024474349978,0.11047502738999493,33.30384791241832,0.06341657390732804,4.014061384967586,3,HP,180,432.104234975263,4.579610851406408,8.0,,,
,CH,,2045-Hhigh,525.1599993573593,2108.024474349978,0.11047502738999493,26.96976805014389,0.05135533567512171,4.014061384967586,3,HP,180,432.104234975263,4.579610851406408,8.0,,,
,CH,,2045-Hlow,525.1599993573593,2108.024474349978,0.11047502738999493,35.36475260282734,0.06734091066742202,4.014061384967586,3,HP,180,432.104234975263,4.579610851406408,8.0,,,
,CH,,2024-Hhigh,545.1663988449028,2186.8109812089406,0.11727727104715778,42.5074216948393,0.0779714629971765,4.011272495594648,3,HPo,216,510.8854167644968,0.0,0.0,,,
,CH,,2024-Hlow,545.1663988449028,2186.8109812089406,0.11727727104715778,58.38993147990345,0.1071047878292204,4.011272495594648,3,HPo,216,510.8854167644968,0.0,0.0,,,
,CH,,2025-Hhigh,545.1663988449028,2186.8109812089406,0.1298518175041729,31.207995847291595,0.0572448997469672,4.011272495594648,3,HPo,216,510.8854167644968,0.0,0.0,,,
,CH,,2025-Hlow,545.1663988449028,2186.8109812089406,0.11778604423759428,44.38807392585047,0.08142114778148435,4.011272495594648,3,HPo,216,510.8854167644968,0.0,0.0,,,
,CH,,2030-Hhigh,545.1663988449028,2186.8109812089406,0.11778604423759428,24.295995668696236,0.04456620165911643,4.011272495594648,3,HPo,216,510.8854167644968,0.0,0.0,,,
,CH,,2030-Hlow,545.1663988449028,2186.8109812089406,0.11778604423759428,33.610062969870505,0.061651017085945545,4.011272495594648,3,HPo,216,510.8854167644968,0.0,0.0,,,
,CH,,2035-Hhigh,545.1663988449028,2186.8109812089406,0.11778604423759428,24.583938601499618,0.04509437605396812,4.011272495594648,3,HPo,216,510.8854167644968,0.0,0.0,,,
,CH,,2035-Hlow,545.1663988449028,2186.8109812089406,0.11778604423759428,32.39614001791447,0.059424315377021274,4.011272495594648,3,HPo,216,510.8854167644968,0.0,0.0,,,
,CH,,2040-Hhigh,545.1663988449028,2186.8109812089406,0.11778604423759428,25.544321399281927,0.04685600846531476,4.011272495594648,3,HPo,216,510.8854167644968,0.0,0.0,,,
,CH,,2040-Hlow,545.1663988449028,2186.8109812089406,0.11778604423759428,34.552319804290136,0.06337940100031753,4.011272495594648,3,HPo,216,510.8854167644968,0.0,0.0,,,
,CH,,2045-Hhigh,545.1663988449028,2186.8109812089406,0.11778604423759428,28.090165505947947,0.05152585626235461,4.011272495594648,3,HPo,216,510.8854167644968,0.0,0.0,,,
,CH,,2045-Hlow,545.1663988449028,2186.8109812089406,0.11778604423759428,36.7489797974281,0.06740873956152056,4.011272495594648,3,HPo,216,510.8854167644968,0.0,0.0,,,
,AK,,2024-Hhigh,658.1091448908267,2802.744823491569,0.1482982793705517,51.030461202199476,0.07754103038739096,4.258784192941909,4,HP,300,647.4044308989766,0.0,0.0,,,
,AK,,2024-Hlow,658.1091448908267,2802.744823491569,0.1482982793705517,67.27385976845575,0.10222295236395137,4.258784192941909,4,HP,300,647.4044308989766,0.0,0.0,,,
,AK,,2025-Hhigh,658.1091448908267,2802.744823491569,0.142803319374323,37.17423380980944,0.056486426451308844,4.258784192941909,4,HP,300,647.4044308989766,0.0,0.0,,,
,AK,,2025-Hlow,658.1091448908267,2802.744823491569,0.1452892132250705,50.731622232195825,0.07708694314012558,4.258784192941909,4,HP,300,647.4044308989766,0.0,0.0,,,
,AK,,2030-Hhigh,658.1091448908267,2802.744823491569,0.1452892132250705,28.41078632138026,0.04317032598915384,4.258784192941909,4,HP,300,647.4044308989766,0.0,0.0,,,
,AK,,2030-Hlow,658.1091448908267,2802.744823491569,0.1452892132250705,38.60352483171469,0.05865824100973191,4.258784192941909,4,HP,300,647.4044308989766,0.0,0.0,,,
,AK,,2035-Hhigh,658.1091448908267,2802.744823491569,0.1452892132250705,28.776420333034842,0.0437259086223586,4.258784192941909,4,HP,300,647.4044308989766,0.0,0.0,,,
,AK,,2035-Hlow,658.1091448908267,2802.744823491569,0.1452892132250705,37.42432525292362,0.056866441597817216,4.258784192941909,4,HP,300,647.4044308989766,0.0,0.0,,,
,AK,,2040-Hhigh,658.1091448908267,2802.744823491569,0.1452892132250705,29.2842656223312,0.044497581973563294,4.258784192941909,4,HP,300,647.4044308989766,0.0,0.0,,,
,AK,,2040-Hlow,658.1091448908267,2802.744823491569,0.1452892132250705,38.66510901115159,0.05875181846556125,4.258784192941909,4,HP,300,647.4044308989766,0.0,0.0,,,
,AK,,2045-Hhigh,658.1091448908267,2802.744823491569,0.1452892132250705,32.19162965794885,0.04891533556077404,4.258784192941909,4,HP,300,647.4044308989766,0.0,0.0,,,
,AK,,2045-Hlow,658.1091448908267,2802.744823491569,0.1452892132250705,40.94715839564623,0.06221940344323726,4.258784192941909,4,HP,300,647.4044308989766,0.0,0.0,,,
,AK,,2024-Hhigh,689.0074520446115,2932.8425077657357,0.16893050437333082,53.40182294294814,0.07750543594917535,4.256619429967851,4,HPo,360,777.5021151731429,0.0,0.0,,,
,AK,,2024-Hlow,689.0074520446115,2932.8425077657357,0.16893050437333082,70.51141132601647,0.10233766139506288,4.256619429967851,4,HPo,360,777.5021151731429,0.0,0.0,,,
,AK,,2025-Hhigh,689.0074520446115,2932.8425077657357,0.16191882909891075,38.95718629948063,0.05654102315421438,4.256619429967851,4,HPo,360,777.5021151731429,0.0,0.0,,,
,AK,,2025-Hlow,689.0074520446115,2932.8425077657357,0.16542111208673224,53.2535956508132,0.07729030432513402,4.256619429967851,4,HPo,360,777.5021151731429,0.0,0.0,,,
,AK,,2030-Hhigh,689.0074520446115,2932.8425077657357,0.16542111208673224,29.80325787907241,0.043255349112164214,4.256619429967851,4,HPo,360,777.5021151731429,0.0,0.0,,,
,AK,,2030-Hlow,689.0074520446115,2932.8425077657357,0.16542111208673224,40.50622365398479,0.05878923883012243,4.256619429967851,4,HPo,360,777.5021151731429,0.0,0.0,,,
,AK,,2035-Hhigh,689.0074520446115,2932.8425077657357,0.16542111208673224,30.210808547525215,0.04384685311875138,4.256619429967851,4,HPo,360,777.5021151731429,0.0,0.0,,,
,AK,,2035-Hlow,689.0074520446115,2932.8425077657357,0.16542111208673224,39.27678135257678,0.05700487162515292,4.256619429967851,4,HPo,360,777.5021151731429,0.0,0.0,,,
,AK,,2040-Hhigh,689.0074520446115,2932.8425077657357,0.16542111208673224,30.794636272063475,0.04469419914208649,4.256619429967851,4,HPo,360,777.5021151731429,0.0,0.0,,,
,AK,,2040-Hlow,689.0074520446115,2932.8425077657357,0.16542111208673224,40.40815004824742,0.05864689841646458,4.256619429967851,4,HPo,360,777.5021151731429,0.0,0.0,,,
,AK,,2045-Hhigh,689.0074520446115,2932.8425077657357,0.16542111208673224,33.81487772437043,0.04907766617621576,4.256619429967851,4,HPo,360,777.5021151731429,0.0,0.0,,,
,AK,,2045-Hlow,689.0074520446115,2932.8425077657357,0.16542111208673224,43.00080157543271,0.06240977720607951,4.256619429967851,4,HPo,360,777.5021151731429,0.0,0.0,,,
,CH,,2024-Hhigh,711.5567065675885,2861.6860144892566,0.15824080932301024,56.20190220718578,0.07898443186389578,4.021725869598608,4,HP,300,706.3456218966638,0.0,0.0,,,
,CH,,2024-Hlow,711.5567065675885,2861.6860144892566,0.15824080932301024,74.3180641270085,0.10444433091707393,4.021725869598608,4,HP,300,706.3456218966638,0.0,0.0,,,
,CH,,2025-Hhigh,711.5567065675885,2861.6860144892566,0.15384113078881737,40.95870875828494,0.057562114698998204,4.021725869598608,4,HP,300,706.3456218966638,0.0,0.0,,,
,CH,,2025-Hlow,711.5567065675885,2861.6860144892566,0.15292106419097592,56.200321952742875,0.07898221102270586,4.021725869598608,4,HP,300,706.3456218966638,0.0,0.0,,,
,CH,,2030-Hhigh,711.5567065675885,2861.6860144892566,0.15292106419097592,31.344297853694183,0.04405031610887766,4.021725869598608,4,HP,300,706.3456218966638,0.0,0.0,,,
,CH,,2030-Hlow,711.5567065675885,2861.6860144892566,0.15292106419097592,42.73699994240622,0.060061270659033224,4.021725869598608,4,HP,300,706.3456218966638,0.0,0.0,,,
,CH,,2035-Hhigh,711.5567065675885,2861.6860144892566,0.15292106419097592,31.778059916364544,0.0446599120253616,4.021725869598608,4,HP,300,706.3456218966638,0.0,0.0,,,
,CH,,2035-Hlow,711.5567065675885,2861.6860144892566,0.15292106419097592,41.21362431561092,0.057920365215047225,4.021725869598608,4,HP,300,706.3456218966638,0.0,0.0,,,
,CH,,2040-Hhigh,711.5567065675885,2861.6860144892566,0.15292106419097592,32.35376654912603,0.045468992492804006,4.021725869598608,4,HP,300,706.3456218966638,0.0,0.0,,,
,CH,,2040-Hlow,711.5567065675885,2861.6860144892566,0.15292106419097592,42.7513937135333,0.060081499224085344,4.021725869598608,4,HP,300,706.3456218966638,0.0,0.0,,,
,CH,,2045-Hhigh,711.5567065675885,2861.6860144892566,0.15292106419097592,35.59769683046042,0.05002791274665487,4.021725869598608,4,HP,300,706.3456218966638,0.0,0.0,,,
,CH,,2045-Hlow,711.5567065675885,2861.6860144892566,0.15292106419097592,45.34547518281879,0.06372714186274284,4.021725869598608,4,HP,300,706.3456218966638,0.0,0.0,,,
,CH,,2024-Hhigh,747.5442541466115,3003.7385515235687,0.17709785264783579,59.14822211660759,0.07912337201244436,4.018141447629217,4,HPo,360,848.3981589309759,0.0,0.0,,,
,CH,,2024-Hlow,747.5442541466115,3003.7385515235687,0.17709785264783579,78.20249694618789,0.10461253164933094,4.018141447629217,4,HPo,360,848.3981589309759,0.0,0.0,,,
,CH,,2025-Hhigh,747.5442541466115,3003.7385515235687,0.1629986169758098,43.08251231393033,0.057632055995284,4.018141447629217,4,HPo,360,848.3981589309759,0.0,0.0,,,
,CH,,2025-Hlow,747.5442541466115,3003.7385515235687,0.16642164932748174,59.2487866316709,0.07925789851640112,4.018141447629217,4,HPo,360,848.3981589309759,0.0,0.0,,,
,CH,,2030-Hhigh,747.5442541466115,3003.7385515235687,0.16642164932748174,32.99490945938433,0.044137734022249915,4.018141447629217,4,HPo,360,848.3981589309759,0.0,0.0,,,
,CH,,2030-Hlow,747.5442541466115,3003.7385515235687,0.16642164932748174,45.020721322540716,0.06022482424660717,4.018141447629217,4,HPo,360,848.3981589309759,0.0,0.0,,,
,CH,,2035-Hhigh,747.5442541466115,3003.7385515235687,0.16642164932748174,33.55874318336026,0.04489198197593072,4.018141447629217,4,HPo,360,848.3981589309759,0.0,0.0,,,
,CH,,2035-Hlow,747.5442541466115,3003.7385515235687,0.16642164932748174,43.47275518833079,0.058154089135443655,4.018141447629217,4,HPo,360,848.3981589309759,0.0,0.0,,,
,CH,,2040-Hhigh,747.5442541466115,3003.7385515235687,0.16642164932748174,34.15909495466824,0.04569508061253698,4.018141447629217,4,HPo,360,848.3981589309759,0.0,0.0,,,
,CH,,2040-Hlow,747.5442541466115,3003.7385515235687,0.16642164932748174,44.956180204015084,0.0601384867245573,4.018141447629217,4,HPo,360,848.3981589309759,0.0,0.0,,,
,CH,,2045-Hhigh,747.5442541466115,3003.7385515235687,0.16642164932748174,37.56149227730601,0.050246513258517124,4.018141447629217,4,HPo,360,848.3981589309759,0.0,0.0,,,
,CH,,2045-Hlow,747.5442541466115,3003.7385515235687,0.16642164932748174,47.79188956069664,0.06393185325898244,4.018141447629217,4,HPo,360,848.3981589309759,0.0,0.0,,,
,AK,,2024-Hhigh,770.6443053146912,3280.56704057369,0.1786960918998241,60.26617764200995,0.07820232658100336,4.256914659525157,5,HP,300,645.799416869986,0.0,0.0,,,
,AK,,2024-Hlow,770.6443053146912,3280.56704057369,0.1786960918998241,78.88411147106386,0.10236124620274936,4.256914659525157,5,HP,300,645.799416869986,0.0,0.0,,,
,AK,,2025-Hhigh,770.6443053146912,3280.56704057369,0.18026492310148234,44.20878513780015,0.05736600508550773,4.256914659525157,5,HP,300,645.799416869986,0.0,0.0,,,
,AK,,2025-Hlow,770.6443053146912,3280.56704057369,0.17768985373997884,59.04011552469888,0.07661136936655874,4.256914659525157,5,HP,300,645.799416869986,0.0,0.0,,,
,AK,,2030-Hhigh,770.6443053146912,3280.56704057369,0.17768985373997884,34.09460780415316,0.04424169174938715,4.256914659525157,5,HP,300,645.799416869986,0.0,0.0,,,
,AK,,2030-Hlow,770.6443053146912,3280.56704057369,0.17768985373997884,45.150637001692225,0.058588166668220615,4.256914659525157,5,HP,300,645.799416869986,0.0,0.0,,,
,AK,,2035-Hhigh,770.6443053146912,3280.56704057369,0.17768985373997884,34.03197605610135,0.04416041982196242,4.256914659525157,5,HP,300,645.799416869986,0.0,0.0,,,
,AK,,2035-Hlow,770.6443053146912,3280.56704057369,0.17768985373997884,43.99554944547497,0.057089307144765664,4.256914659525157,5,HP,300,645.799416869986,0.0,0.0,,,
,AK,,2040-Hhigh,770.6443053146912,3280.56704057369,0.17768985373997884,34.980240409259075,0.04539090235017692,4.256914659525157,5,HP,300,645.799416869986,0.0,0.0,,,
,AK,,2040-Hlow,770.6443053146912,3280.56704057369,0.17768985373997884,45.52081457230703,0.059068514823734,4.256914659525157,5,HP,300,645.799416869986,0.0,0.0,,,
,AK,,2045-Hhigh,770.6443053146912,3280.56704057369,0.17768985373997884,38.209031379808344,0.0495806315784112,4.256914659525157,5,HP,300,645.799416869986,0.0,0.0,,,
,AK,,2045-Hlow,770.6443053146912,3280.56704057369,0.17768985373997884,48.08574309201656,0.06239680584206851,4.256914659525157,5,HP,300,645.799416869986,0.0,0.0,,,
,AK,,2024-Hhigh,801.3942873763864,3410.2406622039807,0.18330417680468442,62.64494988392092,0.07816994814002064,4.2553842920049565,5,HPo,360,775.4730385002765,0.0,0.0,,,
,AK,,2024-Hlow,801.3942873763864,3410.2406622039807,0.18330417680468442,82.13870994876622,0.10249475350975218,4.2553842920049565,5,HPo,360,775.4730385002765,0.0,0.0,,,
,AK,,2025-Hhigh,801.3942873763864,3410.2406622039807,0.18285072096875415,45.99623966932178,0.05739526771510287,4.2553842920049565,5,HPo,360,775.4730385002765,0.0,0.0,,,
,AK,,2025-Hlow,801.3942873763864,3410.2406622039807,0.18279826478595648,61.56655372226299,0.07682429821632528,4.2553842920049565,5,HPo,360,775.4730385002765,0.0,0.0,,,
,AK,,2030-Hhigh,801.3942873763864,3410.2406622039807,0.18279826478595648,35.495337413783886,0.04429197708657111,4.2553842920049565,5,HPo,360,775.4730385002765,0.0,0.0,,,
,AK,,2030-Hlow,801.3942873763864,3410.2406622039807,0.18279826478595648,47.08595028981532,0.058755036105842276,4.2553842920049565,5,HPo,360,775.4730385002765,0.0,0.0,,,
,AK,,2035-Hhigh,801.3942873763864,3410.2406622039807,0.18279826478595648,35.449365661373534,0.04423461237467522,4.2553842920049565,5,HPo,360,775.4730385002765,0.0,0.0,,,
,AK,,2035-Hlow,801.3942873763864,3410.2406622039807,0.18279826478595648,45.9000792262997,0.05727527628948778,4.2553842920049565,5,HPo,360,775.4730385002765,0.0,0.0,,,
,AK,,2040-Hhigh,801.3942873763864,3410.2406622039807,0.18279826478595648,36.50648986737037,0.045553718615696306,4.2553842920049565,5,HPo,360,775.4730385002765,0.0,0.0,,,
,AK,,2040-Hlow,801.3942873763864,3410.2406622039807,0.18279826478595648,47.41548800212285,0.05916624157298676,4.2553842920049565,5,HPo,360,775.4730385002765,0.0,0.0,,,
,AK,,2045-Hhigh,801.3942873763864,3410.2406622039807,0.18279826478595648,39.82407274372036,0.04969348218602462,4.2553842920049565,5,HPo,360,775.4730385002765,0.0,0.0,,,
,AK,,2045-Hlow,801.3942873763864,3410.2406622039807,0.18279826478595648,50.06596631743625,0.06247357525013408,4.2553842920049565,5,HPo,360,775.4730385002765,0.0,0.0,,,
,CH,,2024-Hhigh,829.487123946229,3339.4791632348247,0.19712982276206636,66.0329960475254,0.07960701756692483,4.025956602373136,5,HP,300,704.7115395311207,0.0,0.0,,,
,CH,,2024-Hlow,829.487123946229,3339.4791632348247,0.19712982276206636,86.53559567137388,0.10432421815023075,4.025956602373136,5,HP,300,704.7115395311207,0.0,0.0,,,
,CH,,2025-Hhigh,829.487123946229,3339.4791632348247,0.19855629282269624,48.435664941464815,0.05839230476663147,4.025956602373136,5,HP,300,704.7115395311207,0.0,0.0,,,
,CH,,2025-Hlow,829.487123946229,3339.4791632348247,0.19618852657501698,64.97354943637141,0.07832978663642678,4.025956602373136,5,HP,300,704.7115395311207,0.0,0.0,,,
,CH,,2030-Hhigh,829.487123946229,3339.4791632348247,0.19618852657501698,37.3522104535589,0.0450304885696818,4.025956602373136,5,HP,300,704.7115395311207,0.0,0.0,,,
,CH,,2030-Hlow,829.487123946229,3339.4791632348247,0.19618852657501698,49.640169632748744,0.059844412528779214,4.025956602373136,5,HP,300,704.7115395311207,0.0,0.0,,,
,CH,,2035-Hhigh,829.487123946229,3339.4791632348247,0.19618852657501698,37.32590124761988,0.04499877113226837,4.025956602373136,5,HP,300,704.7115395311207,0.0,0.0,,,
,CH,,2035-Hlow,829.487123946229,3339.4791632348247,0.19618852657501698,48.09710703617501,0.057984151468628314,4.025956602373136,5,HP,300,704.7115395311207,0.0,0.0,,,
,CH,,2040-Hhigh,829.487123946229,3339.4791632348247,0.19618852657501698,38.422680901756245,0.04632100944371859,4.025956602373136,5,HP,300,704.7115395311207,0.0,0.0,,,
,CH,,2040-Hlow,829.487123946229,3339.4791632348247,0.19618852657501698,49.92493291536256,0.06018771295429887,4.025956602373136,5,HP,300,704.7115395311207,0.0,0.0,,,
,CH,,2045-Hhigh,829.487123946229,3339.4791632348247,0.19618852657501698,41.92687934808504,0.05054554572061437,4.025956602373136,5,HP,300,704.7115395311207,0.0,0.0,,,
,CH,,2045-Hlow,829.487123946229,3339.4791632348247,0.19618852657501698,52.76756557234145,0.06361468918444847,4.025956602373136,5,HP,300,704.7115395311207,0.0,0.0,,,
,CH,,2024-Hhigh,865.3280660882153,3481.1073301970373,0.19868820802562706,68.87219250771926,0.07959084560733308,4.022875793147056,5,HPo,360,846.3397064933334,0.0,0.0,,,
,CH,,2024-Hlow,865.3280660882153,3481.1073301970373,0.19868820802562706,90.41356261590073,0.10448472222173778,4.022875793147056,5,HPo,360,846.3397064933334,0.0,0.0,,,
,CH,,2025-Hhigh,865.3280660882153,3481.1073301970373,0.19817797381475175,50.55500687507756,0.05842293675231812,4.022875793147056,5,HPo,360,846.3397064933334,0.0,0.0,,,
,CH,,2025-Hlow,865.3280660882153,3481.1073301970373,0.1982359164602451,67.95322983695802,0.07852886379167848,4.022875793147056,5,HPo,360,846.3397064933334,0.0,0.0,,,
,CH,,2030-Hhigh,865.3280660882153,3481.1073301970373,0.1982359164602451,39.002600731881465,0.045072617265490805,4.022875793147056,5,HPo,360,846.3397064933334,0.0,0.0,,,
,CH,,2030-Hlow,865.3280660882153,3481.1073301970373,0.1982359164602451,51.94232233981599,0.06002616160900155,4.022875793147056,5,HPo,360,846.3397064933334,0.0,0.0,,,
,CH,,2035-Hhigh,865.3280660882153,3481.1073301970373,0.1982359164602451,39.020239139012034,0.045093000756818324,4.022875793147056,5,HPo,360,846.3397064933334,0.0,0.0,,,
,CH,,2035-Hlow,865.3280660882153,3481.1073301970373,0.1982359164602451,50.33566145840501,0.05816945437347409,4.022875793147056,5,HPo,360,846.3397064933334,0.0,0.0,,,
,CH,,2040-Hhigh,865.3280660882153,3481.1073301970373,0.1982359164602451,40.16727154869427,0.0464185470491829,4.022875793147056,5,HPo,360,846.3397064933334,0.0,0.0,,,
,CH,,2040-Hlow,865.3280660882153,3481.1073301970373,0.1982359164602451,52.139694243786025,0.06025425071382196,4.022875793147056,5,HPo,360,846.3397064933334,0.0,0.0,,,
,CH,,2045-Hhigh,865.3280660882153,3481.1073301970373,0.1982359164602451,43.85847306165227,0.050684214207818316,4.022875793147056,5,HPo,360,846.3397064933334,0.0,0.0,,,
,CH,,2045-Hlow,865.3280660882153,3481.1073301970373,0.1982359164602451,55.12577549807791,0.0637050589925719,4.022875793147056,5,HPo,360,846.3397064933334,0.0,0.0,,,
Mass-Nom-Ideal,AK,HYD1000,2024-Hhigh,1562.8617570396486,4990.1,0.6239864449515021,136.2195283947325,0.08716031842301757,3.1929247596743164,3,HYD1000,1000,870.1546917812933,0.0,0.0,6,0.0,0.0
Mass-Nom-Ideal,AK,HYD1000,2024-Hlow,1562.8617570396486,4990.1,0.6239864449515021,215.22146299958519,0.137709853114107,3.1929247596743164,3,HYD1000,1000,870.1546917812933,0.0,0.0,6,0.0,0.0
Mass-Nom-Ideal,AK,HYD1000,2025-Hhigh,1562.8617570396486,4990.1,0.6532307205545882,104.67473972056645,0.06697632676023751,3.1929247596743164,3,HYD1000,1000,870.1546917812933,0.0,0.0,6,0.0,0.0
Mass-Nom-Ideal,AK,HYD1000,2025-Hlow,1562.8617570396486,4990.1,0.6115296872904101,175.4725376601998,0.11227642935775553,3.1929247596743164,3,HYD1000,1000,870.1546917812933,0.0,0.0,6,0.0,0.0
Mass-Nom-Ideal,AK,HYD1000,2030-Hhigh,1562.8617570396486,4990.1,0.6115296872904101,84.9792698791451,0.05437414377590995,3.1929247596743164,3,HYD1000,1000,870.1546917812933,0.0,0.0,6,0.0,0.0
Mass-Nom-Ideal,AK,HYD1000,2030-Hlow,1562.8617570396486,4990.1,0.6115296872904101,136.79007690102125,0.08752538494519639,3.1929247596743164,3,HYD1000,1000,870.1546917812933,0.0,0.0,6,0.0,0.0
Mass-Nom-Ideal,AK,HYD1000,2035-Hhigh,1562.8617570396486,4990.1,0.6115296872904101,87.08625392178696,0.05572230143166632,3.1929247596743164,3,HYD1000,1000,870.1546917812933,0.0,0.0,6,0.0,0.0
Mass-Nom-Ideal,AK,HYD1000,2035-Hlow,1562.8617570396486,4990.1,0.6115296872904101,124.42786149309849,0.079615398439839,3.1929247596743164,3,HYD1000,1000,870.1546917812933,0.0,0.0,6,0.0,0.0
Mass-Nom-Ideal,AK,HYD1000,2040-Hhigh,1562.8617570396486,4990.1,0.6115296872904101,93.69699918363747,0.059952199074291154,3.1929247596743164,3,HYD1000,1000,870.1546917812933,0.0,0.0,6,0.0,0.0
Mass-Nom-Ideal,AK,HYD1000,2040-Hlow,1562.8617570396486,4990.1,0.6115296872904101,136.5909445537949,0.08739796974271327,3.1929247596743164,3,HYD1000,1000,870.1546917812933,0.0,0.0,6,0.0,0.0
Mass-Nom-Ideal,AK,HYD1000,2045-Hhigh,1562.8617570396486,4990.1,0.6115296872904101,107.07210682303389,0.06851028655653359,3.1929247596743164,3,HYD1000,1000,870.1546917812933,0.0,0.0,6,0.0,0.0
Mass-Nom-Ideal,AK,HYD1000,2045-Hlow,1562.8617570396486,4990.1,0.6115296872904101,149.42309966130637,0.09560864803828943,3.1929247596743164,3,HYD1000,1000,870.1546917812933,0.0,0.0,6,0.0,0.0
Mass-Nom-Ideal,AK,HYD200,2024-Hhigh,1234.4830383235394,4451.166666666667,0.4578433797074276,108.11794749862224,0.08758155773889714,3.605692851569244,3,HYD200,200,325.63872606977804,233.85808467085883,68.0,11.2,-619.6592306542215,120.0
Mass-Nom-Ideal,AK,HYD200,2024-Hlow,1234.4830383235394,4451.166666666667,0.4578433797074276,176.1310274562704,0.14267593963499167,3.605692851569244,3,HYD200,200,325.63872606977804,233.85808467085883,68.0,11.2,-619.6592306542215,120.0
Mass-Nom-Ideal,AK,HYD200,2025-Hhigh,1234.4830383235394,4451.166666666667,0.48704540375842975,82.50439290758578,0.06683315229638873,3.605692851569244,3,HYD200,200,325.63872606977804,233.85808467085883,68.0,11.2,-619.6592306542215,120.0
Mass-Nom-Ideal,AK,HYD200,2025-Hlow,1234.4830383235394,4451.166666666667,0.44965813294188317,142.90194391611175,0.11575853169289095,3.605692851569244,3,HYD200,200,325.63872606977804,233.85808467085883,68.0,11.2,-619.6592306542215,120.0
Mass-Nom-Ideal,AK,HYD200,2030-Hhigh,1234.4830383235394,4451.166666666667,0.44965813294188317,66.97751941287032,0.0542555201923451,3.605692851569244,3,HYD200,200,325.63872606977804,233.85808467085883,68.0,11.2,-619.6592306542215,120.0
Mass-Nom-Ideal,AK,HYD200,2030-Hlow,1234.4830383235394,4451.166666666667,0.44965813294188317,110.69769773597902,0.08967129907779813,3.605692851569244,3,HYD200,200,325.63872606977804,233.85808467085883,68.0,11.2,-619.6592306542215,120.0
Mass-Nom-Ideal,AK,HYD200,2035-Hhigh,1234.4830383235394,4451.166666666667,0.44965813294188317,69.21476174103836,0.056067811053146455,3.605692851569244,3,HYD200,200,325.63872606977804,233.85808467085883,68.0,11.2,-619.6592306542215,120.0
Mass-Nom-Ideal,AK,HYD200,2035-Hlow,1234.4830383235394,4451.166666666667,0.44965813294188317,100.59156904692937,0.08148477210633479,3.605692851569244,3,HYD200,200,325.63872606977804,233.85808467085883,68.0,11.2,-619.6592306542215,120.0
Mass-Nom-Ideal,AK,HYD200,2040-Hhigh,1234.4830383235394,4451.166666666667,0.44965813294188317,74.504473670042,0.06035277225940751,3.605692851569244,3,HYD200,200,325.63872606977804,233.85808467085883,68.0,11.2,-619.6592306542215,120.0
Mass-Nom-Ideal,AK,HYD200,2040-Hlow,1234.4830383235394,4451.166666666667,0.44965813294188317,110.18054714988752,0.08925237830688676,3.605692851569244,3,HYD200,200,325.63872606977804,233.85808467085883,68.0,11.2,-619.6592306542215,120.0
Mass-Nom-Ideal,AK,HYD200,2045-Hhigh,1234.4830383235394,4451.166666666667,0.44965813294188317,84.92849047826063,0.06879680630816586,3.605692851569244,3,HYD200,200,325.63872606977804,233.85808467085883,68.0,11.2,-619.6592306542215,120.0
Mass-Nom-Ideal,AK,HYD200,2045-Hlow,1234.4830383235394,4451.166666666667,0.44965813294188317,119.87499266173906,0.09710541898131907,3.605692851569244,3,HYD200,200,325.63872606977804,233.85808467085883,68.0,11.2,-619.6592306542215,120.0
Mass-Nom-Ideal,AK,HYD500,2024-Hhigh,1546.7045424260887,4686.333333333333,0.6078619489396445,134.9769587774023,0.08726744835551058,3.0298826988524707,3,HYD500,500,562.9883907885064,0.0,0.0,8.5,0.0,0.0
Mass-Nom-Ideal,AK,HYD500,2024-Hlow,1546.7045424260887,4686.333333333333,0.6078619489396445,215.34774906731224,0.13923004889448878,3.0298826988524707,3,HYD500,500,562.9883907885064,0.0,0.0,8.5,0.0,0.0
Mass-Nom-Ideal,AK,HYD500,2025-Hhigh,1546.7045424260887,4686.333333333333,0.6418294383688654,103.47564876636156,0.06690072080867783,3.0298826988524707,3,HYD500,500,562.9883907885064,0.0,0.0,8.5,0.0,0.0
Mass-Nom-Ideal,AK,HYD500,2025-Hlow,1546.7045424260887,4686.333333333333,0.5977363213079001,175.17995159233757,0.11326012615024617,3.0298826988524707,3,HYD500,500,562.9883907885064,0.0,0.0,8.5,0.0,0.0
Mass-Nom-Ideal,AK,HYD500,2030-Hhigh,1546.7045424260887,4686.333333333333,0.5977363213079001,83.98830637524476,0.05430145452570057,3.0298826988524707,3,HYD500,500,562.9883907885064,0.0,0.0,8.5,0.0,0.0
Mass-Nom-Ideal,AK,HYD500,2030-Hlow,1546.7045424260887,4686.333333333333,0.5977363213079001,136.13855090622286,0.08801845935790831,3.0298826988524707,3,HYD500,500,562.9883907885064,0.0,0.0,8.5,0.0,0.0
Mass-Nom-Ideal,AK,HYD500,2035-Hhigh,1546.7045424260887,4686.333333333333,0.5977363213079001,86.23558391058904,0.05575440011013605,3.0298826988524707,3,HYD500,500,562.9883907885064,0.0,0.0,8.5,0.0,0.0
Mass-Nom-Ideal,AK,HYD500,2035-Hlow,1546.7045424260887,4686.333333333333,0.5977363213079001,123.92871295427838,0.08012436089434999,3.0298826988524707,3,HYD500,500,562.9883907885064,0.0,0.0,8.5,0.0,0.0
Mass-Nom-Ideal,AK,HYD500,2040-Hhigh,1546.7045424260887,4686.333333333333,0.5977363213079001,92.72779321236459,0.05995184643792155,3.0298826988524707,3,HYD500,500,562.9883907885064,0.0,0.0,8.5,0.0,0.0
Mass-Nom-Ideal,AK,HYD500,2040-Hlow,1546.7045424260887,4686.333333333333,0.5977363213079001,135.91996201163875,0.08787713379210811,3.0298826988524707,3,HYD500,500,562.9883907885064,0.0,0.0,8.5,0.0,0.0
Mass-Nom-Ideal,AK,HYD500,2045-Hhigh,1546.7045424260887,4686.333333333333,0.5977363213079001,105.93587243663815,0.06849134371227233,3.0298826988524707,3,HYD500,500,562.9883907885064,0.0,0.0,8.5,0.0,0.0
Mass-Nom-Ideal,AK,HYD500,2045-Hlow,1546.7045424260887,4686.333333333333,0.5977363213079001,148.44261686755712,0.09597347961150805,3.0298826988524707,3,HYD500,500,562.9883907885064,0.0,0.0,8.5,0.0,0.0
Mass-Nom-Ideal,AK,HYD1000,2024-Hhigh,1696.857223014947,5461.8,0.6709696297314649,147.42973658661845,0.08688399624139725,3.2187740523599073,4,HYD1000,1000,862.5389031910364,0.0,0.0,6,0.0,0.0
Mass-Nom-Ideal,AK,HYD1000,2024-Hlow,1696.857223014947,5461.8,0.6709696297314649,227.83506018741514,0.13426884542625317,3.2187740523599073,4,HYD1000,1000,862.5389031910364,0.0,0.0,6,0.0,0.0
Mass-Nom-Ideal,AK,HYD1000,2025-Hhigh,1696.857223014947,5461.8,0.6678160419211332,112.83402047321837,0.06649588365056243,3.2187740523599073,4,HYD1000,1000,862.5389031910364,0.0,0.0,6,0.0,0.0
Mass-Nom-Ideal,AK,HYD1000,2025-Hlow,1696.857223014947,5461.8,0.6449179341364599,185.0586730294024,0.10905966071829738,3.2187740523599073,4,HYD1000,1000,862.5389031910364,0.0,0.0,6,0.0,0.0
Mass-Nom-Ideal,AK,HYD1000,2030-Hhigh,1696.857223014947,5461.8,0.6449179341364599,90.97537182335161,0.05361404046812384,3.2187740523599073,4,HYD1000,1000,862.5389031910364,0.0,0.0,6,0.0,0.0
Mass-Nom-Ideal,AK,HYD1000,2030-Hlow,1696.857223014947,5461.8,0.6449179341364599,144.22196865982175,0.08499357913187923,3.2187740523599073,4,HYD1000,1000,862.5389031910364,0.0,0.0,6,0.0,0.0
Mass-Nom-Ideal,AK,HYD1000,2035-Hhigh,1696.857223014947,5461.8,0.6449179341364599,93.18044254773633,0.054913543275122996,3.2187740523599073,4,HYD1000,1000,862.5389031910364,0.0,0.0,6,0.0,0.0
Mass-Nom-Ideal,AK,HYD1000,2035-Hlow,1696.857223014947,5461.8,0.6449179341364599,131.6864645447735,0.07760609599833934,3.2187740523599073,4,HYD1000,1000,862.5389031910364,0.0,0.0,6,0.0,0.0
Mass-Nom-Ideal,AK,HYD1000,2040-Hhigh,1696.857223014947,5461.8,0.6449179341364599,99.53247880683597,0.058656955609964846,3.2187740523599073,4,HYD1000,1000,862.5389031910364,0.0,0.0,6,0.0,0.0
Mass-Nom-Ideal,AK,HYD1000,2040-Hlow,1696.857223014947,5461.8,0.6449179341364599,143.3635006345864,0.08448766265664978,3.2187740523599073,4,HYD1000,1000,862.5389031910364,0.0,0.0,6,0.0,0.0
Mass-Nom-Ideal,AK,HYD1000,2045-Hhigh,1696.857223014947,5461.8,0.6449179341364599,113.53623646582456,0.06690971693192625,3.2187740523599073,4,HYD1000,1000,862.5389031910364,0.0,0.0,6,0.0,0.0
Mass-Nom-Ideal,AK,HYD1000,2045-Hlow,1696.857223014947,5461.8,0.6449179341364599,156.79090022937746,0.0924007618925027,3.2187740523599073,4,HYD1000,1000,862.5389031910364,0.0,0.0,6,0.0,0.0
Mass-Nom-Ideal,AK,HYD200,2024-Hhigh,1348.8804456713083,4928.666666666666,0.47000835193793994,117.61667047141401,0.0871957710180006,3.653894370315211,4,HYD200,200,324.2596470734102,671.8547741904111,112.0,11.2,-366.855405150261,103.0
Mass-Nom-Ideal,AK,HYD200,2024-Hlow,1348.8804456713083,4928.666666666666,0.47000835193793994,186.65464889933472,0.1383774592465389,3.653894370315211,4,HYD200,200,324.2596470734102,671.8547741904111,112.0,11.2,-366.855405150261,103.0
Mass-Nom-Ideal,AK,HYD200,2025-Hhigh,1348.8804456713083,4928.666666666666,0.4769335535087852,89.11199588739453,0.06606367241319555,3.653894370315211,4,HYD200,200,324.2596470734102,671.8547741904111,112.0,11.2,-366.855405150261,103.0
Mass-Nom-Ideal,AK,HYD200,2025-Hlow,1348.8804456713083,4928.666666666666,0.45360546918635675,150.5889568121654,0.11163995837838733,3.653894370315211,4,HYD200,200,324.2596470734102,671.8547741904111,112.0,11.2,-366.855405150261,103.0
Mass-Nom-Ideal,AK,HYD200,2030-Hhigh,1348.8804456713083,4928.666666666666,0.45360546918635675,71.57476713674065,0.05306235060818859,3.653894370315211,4,HYD200,200,324.2596470734102,671.8547741904111,112.0,11.2,-366.855405150261,103.0
Mass-Nom-Ideal,AK,HYD200,2030-Hlow,1348.8804456713083,4928.666666666666,0.45360546918635675,116.6433113602397,0.0864741658421691,3.653894370315211,4,HYD200,200,324.2596470734102,671.8547741904111,112.0,11.2,-366.855405150261,103.0
Mass-Nom-Ideal,AK,HYD200,2035-Hhigh,1348.8804456713083,4928.666666666666,0.45360546918635675,74.02345082998843,0.05487769584586763,3.653894370315211,4,HYD200,200,324.2596470734102,671.8547741904111,112.0,11.2,-366.855405150261,103.0
Mass-Nom-Ideal,AK,HYD200,2035-Hlow,1348.8804456713083,4928.666666666666,0.45360546918635675,106.31190528057935,0.07881492064159196,3.653894370315211,4,HYD200,200,324.2596470734102,671.8547741904111,112.0,11.2,-366.855405150261,103.0
Mass-Nom-Ideal,AK,HYD200,2040-Hhigh,1348.8804456713083,4928.666666666666,0.45360546918635675,78.8891464682095,0.0584849062949742,3.653894370315211,4,HYD200,200,324.2596470734102,671.8547741904111,112.0,11.2,-366.855405150261,103.0
Mass-Nom-Ideal,AK,HYD200,2040-Hlow,1348.8804456713083,4928.666666666666,0.45360546918635675,115.17307316222674,0.0853841965993566,3.653894370315211,4,HYD200,200,324.2596470734102,671.8547741904111,112.0,11.2,-366.855405150261,103.0
Mass-Nom-Ideal,AK,HYD200,2045-Hhigh,1348.8804456713083,4928.666666666666,0.45360546918635675,89.76399700018332,0.06654703705450318,3.653894370315211,4,HYD200,200,324.2596470734102,671.8547741904111,112.0,11.2,-366.855405150261,103.0
Mass-Nom-Ideal,AK,HYD200,2045-Hlow,1348.8804456713083,4928.666666666666,0.45360546918635675,125.17348768013723,0.09279805936977693,3.653894370315211,4,HYD200,200,324.2596470734102,671.8547741904111,112.0,11.2,-366.855405150261,103.0
Mass-Nom-Ideal,AK,HYD500,2024-Hhigh,1688.292445324438,5161.625,0.6305749299416414,146.80611084598345,0.08695537982921663,3.057305038765422,4,HYD500,500,558.9316704024922,0.0,0.0,8.5,0.0,0.0
Mass-Nom-Ideal,AK,HYD500,2024-Hlow,1688.292445324438,5161.625,0.6305749299416414,228.4088441608206,0.13528985739015578,3.057305038765422,4,HYD500,500,558.9316704024922,0.0,0.0,8.5,0.0,0.0
Mass-Nom-Ideal,AK,HYD500,2025-Hhigh,1688.292445324438,5161.625,0.6398004503783206,111.91794909010098,0.06629061771853974,3.057305038765422,4,HYD500,500,558.9316704024922,0.0,0.0,8.5,0.0,0.0
Mass-Nom-Ideal,AK,HYD500,2025-Hlow,1688.292445324438,5161.625,0.6153818147679083,184.872870728821,0.10950287152016137,3.057305038765422,4,HYD500,500,558.9316704024922,0.0,0.0,8.5,0.0,0.0
Mass-Nom-Ideal,AK,HYD500,2030-Hhigh,1688.292445324438,5161.625,0.6153818147679083,89.97990035493187,0.0532963945933197,3.057305038765422,4,HYD500,500,558.9316704024922,0.0,0.0,8.5,0.0,0.0
Mass-Nom-Ideal,AK,HYD500,2030-Hlow,1688.292445324438,5161.625,0.6153818147679083,143.60613700011288,0.08505998910189769,3.057305038765422,4,HYD500,500,558.9316704024922,0.0,0.0,8.5,0.0,0.0
Mass-Nom-Ideal,AK,HYD500,2035-Hhigh,1688.292445324438,5161.625,0.6153818147679083,92.42002696229376,0.054741716826514304,3.057305038765422,4,HYD500,500,558.9316704024922,0.0,0.0,8.5,0.0,0.0
Mass-Nom-Ideal,AK,HYD500,2035-Hlow,1688.292445324438,5161.625,0.6153818147679083,131.1939412549317,0.07770806628807739,3.057305038765422,4,HYD500,500,558.9316704024922,0.0,0.0,8.5,0.0,0.0
Mass-Nom-Ideal,AK,HYD500,2040-Hhigh,1688.292445324438,5161.625,0.6153818147679083,98.4991039540836,0.058342441931116436,3.057305038765422,4,HYD500,500,558.9316704024922,0.0,0.0,8.5,0.0,0.0
Mass-Nom-Ideal,AK,HYD500,2040-Hlow,1688.292445324438,5161.625,0.6153818147679083,142.46154652064254,0.08438203162916233,3.057305038765422,4,HYD500,500,558.9316704024922,0.0,0.0,8.5,0.0,0.0
Mass-Nom-Ideal,AK,HYD500,2045-Hhigh,1688.292445324438,5161.625,0.6153818147679083,112.27504123164518,0.0665021285515907,3.057305038765422,4,HYD500,500,558.9316704024922,0.0,0.0,8.5,0.0,0.0
Mass-Nom-Ideal,AK,HYD500,2045-Hlow,1688.292445324438,5161.625,0.6153818147679083,155.42574990813307,0.09206091654237368,3.057305038765422,4,HYD500,500,558.9316704024922,0.0,0.0,8.5,0.0,0.0
Mass-Nom-Ideal,AK,HYD1000,2024-Hhigh,1837.4673096845715,5936.299999999999,0.7259918957668704,159.5186940521451,0.08681443920737227,3.2306969319737466,5,HYD1000,1000,858.6643721586316,0.0,0.0,6,0.0,0.0
Mass-Nom-Ideal,AK,HYD1000,2024-Hlow,1837.4673096845715,5936.299999999999,0.7259918957668704,242.62736681514698,0.1320444535455695,3.2306969319737466,5,HYD1000,1000,858.6643721586316,0.0,0.0,6,0.0,0.0
Mass-Nom-Ideal,AK,HYD1000,2025-Hhigh,1837.4673096845715,5936.299999999999,0.7430885222161506,122.04451465749551,0.06641996514128257,3.2306969319737466,5,HYD1000,1000,858.6643721586316,0.0,0.0,6,0.0,0.0
Mass-Nom-Ideal,AK,HYD1000,2025-Hlow,1837.4673096845715,5936.299999999999,0.7158023733446253,196.04672079176171,0.1066939911031212,3.2306969319737466,5,HYD1000,1000,858.6643721586316,0.0,0.0,6,0.0,0.0
Mass-Nom-Ideal,AK,HYD1000,2030-Hhigh,1837.4673096845715,5936.299999999999,0.7158023733446253,98.48285604023884,0.05359706565726325,3.2306969319737466,5,HYD1000,1000,858.6643721586316,0.0,0.0,6,0.0,0.0
Mass-Nom-Ideal,AK,HYD1000,2030-Hlow,1837.4673096845715,5936.299999999999,0.7158023733446253,153.10054312450848,0.08332150581268868,3.2306969319737466,5,HYD1000,1000,858.6643721586316,0.0,0.0,6,0.0,0.0
Mass-Nom-Ideal,AK,HYD1000,2035-Hhigh,1837.4673096845715,5936.299999999999,0.7158023733446253,100.14436991665671,0.05450130698316912,3.2306969319737466,5,HYD1000,1000,858.6643721586316,0.0,0.0,6,0.0,0.0
Mass-Nom-Ideal,AK,HYD1000,2035-Hlow,1837.4673096845715,5936.299999999999,0.7158023733446253,140.49427243600934,0.07646082828005646,3.2306969319737466,5,HYD1000,1000,858.6643721586316,0.0,0.0,6,0.0,0.0
Mass-Nom-Ideal,AK,HYD1000,2040-Hhigh,1837.4673096845715,5936.299999999999,0.7158023733446253,107.02183952396148,0.05824421417452774,3.2306969319737466,5,HYD1000,1000,858.6643721586316,0.0,0.0,6,0.0,0.0
Mass-Nom-Ideal,AK,HYD1000,2040-Hlow,1837.4673096845715,5936.299999999999,0.7158023733446253,152.45709828663814,0.08297132552132841,3.2306969319737466,5,HYD1000,1000,858.6643721586316,0.0,0.0,6,0.0,0.0
Mass-Nom-Ideal,AK,HYD1000,2045-Hhigh,1837.4673096845715,5936.299999999999,0.7158023733446253,121.51921991414267,0.0661340853650361,3.2306969319737466,5,HYD1000,1000,858.6643721586316,0.0,0.0,6,0.0,0.0
Mass-Nom-Ideal,AK,HYD1000,2045-Hlow,1837.4673096845715,5936.299999999999,0.7158023733446253,166.19724379506985,0.0904490887642513,3.2306969319737466,5,HYD1000,1000,858.6643721586316,0.0,0.0,6,0.0,0.0
Mass-Nom-Ideal,AK,HYD200,2024-Hhigh,1469.4371049643453,5407.166666666667,0.5683205502551032,127.52613263186477,0.08678570331525629,3.6797537290974205,5,HYD200,200,323.3005820915793,715.2944487895585,130.0,11.2,-600.1602284036373,162.0
Mass-Nom-Ideal,AK,HYD200,2024-Hlow,1469.4371049643453,5407.166666666667,0.5683205502551032,199.54579355997006,0.13579743759418125,3.6797537290974205,5,HYD200,200,323.3005820915793,715.2944487895585,130.0,11.2,-600.1602284036373,162.0
Mass-Nom-Ideal,AK,HYD200,2025-Hhigh,1469.4371049643453,5407.166666666667,0.5816003522443179,96.56596625676903,0.06571629771055232,3.6797537290974205,5,HYD200,200,323.3005820915793,715.2944487895585,130.0,11.2,-600.1602284036373,162.0
Mass-Nom-Ideal,AK,HYD200,2025-Hlow,1469.4371049643453,5407.166666666667,0.5552086086043947,159.8678932196554,0.10879532895933948,3.6797537290974205,5,HYD200,200,323.3005820915793,715.2944487895585,130.0,11.2,-600.1602284036373,162.0
Mass-Nom-Ideal,AK,HYD200,2030-Hhigh,1469.4371049643453,5407.166666666667,0.5552086086043947,77.62115536699972,0.05282373441147257,3.6797537290974205,5,HYD200,200,323.3005820915793,715.2944487895585,130.0,11.2,-600.1602284036373,162.0
Mass-Nom-Ideal,AK,HYD200,2030-Hlow,1469.4371049643453,5407.166666666667,0.5552086086043947,124.12305723927909,0.08446979923124429,3.6797537290974205,5,HYD200,200,323.3005820915793,715.2944487895585,130.0,11.2,-600.1602284036373,162.0
Mass-Nom-Ideal,AK,HYD200,2035-Hhigh,1469.4371049643453,5407.166666666667,0.5552086086043947,79.6312582592593,0.05419167515930631,3.6797537290974205,5,HYD200,200,323.3005820915793,715.2944487895585,130.0,11.2,-600.1602284036373,162.0
Mass-Nom-Ideal,AK,HYD200,2035-Hlow,1469.4371049643453,5407.166666666667,0.5552086086043947,113.64020579674563,0.07733587603907893,3.6797537290974205,5,HYD200,200,323.3005820915793,715.2944487895585,130.0,11.2,-600.1602284036373,162.0
Mass-Nom-Ideal,AK,HYD200,2040-Hhigh,1469.4371049643453,5407.166666666667,0.5552086086043947,84.9702431160137,0.05782502893723746,3.6797537290974205,5,HYD200,200,323.3005820915793,715.2944487895585,130.0,11.2,-600.1602284036373,162.0
Mass-Nom-Ideal,AK,HYD200,2040-Hlow,1469.4371049643453,5407.166666666667,0.5552086086043947,122.67495450584984,0.0834843179687003,3.6797537290974205,5,HYD200,200,323.3005820915793,715.2944487895585,130.0,11.2,-600.1602284036373,162.0
Mass-Nom-Ideal,AK,HYD200,2045-Hhigh,1469.4371049643453,5407.166666666667,0.5552086086043947,96.11560747660748,0.06540981383408012,3.6797537290974205,5,HYD200,200,323.3005820915793,715.2944487895585,130.0,11.2,-600.1602284036373,162.0
Mass-Nom-Ideal,AK,HYD200,2045-Hlow,1469.4371049643453,5407.166666666667,0.5552086086043947,132.8328347794201,0.09039708765394432,3.6797537290974205,5,HYD200,200,323.3005820915793,715.2944487895585,130.0,11.2,-600.1602284036373,162.0
Mass-Nom-Ideal,AK,HYD500,2024-Hhigh,1836.2289937668324,5638.475,0.7397429229254767,159.01725582730086,0.08659990467806171,3.070681826253738,5,HYD500,500,556.965916420662,0.0,0.0,8.5,0.0,0.0
Mass-Nom-Ideal,AK,HYD500,2024-Hlow,1836.2289937668324,5638.475,0.7397429229254767,243.92897938805268,0.1328423525693589,3.070681826253738,5,HYD500,500,556.965916420662,0.0,0.0,8.5,0.0,0.0
Mass-Nom-Ideal,AK,HYD500,2025-Hhigh,1836.2289937668324,5638.475,0.7571855291001951,121.09037281796783,0.06594513714194412,3.070681826253738,5,HYD500,500,556.965916420662,0.0,0.0,8.5,0.0,0.0
Mass-Nom-Ideal,AK,HYD500,2025-Hlow,1836.2289937668324,5638.475,0.7279296906884416,196.05608963856488,0.10677104560710385,3.070681826253738,5,HYD500,500,556.965916420662,0.0,0.0,8.5,0.0,0.0
Mass-Nom-Ideal,AK,HYD500,2030-Hhigh,1836.2289937668324,5638.475,0.7279296906884416,97.45512796910916,0.053073515503744506,3.070681826253738,5,HYD500,500,556.965916420662,0.0,0.0,8.5,0.0,0.0
Mass-Nom-Ideal,AK,HYD500,2030-Hlow,1836.2289937668324,5638.475,0.7279296906884416,152.65967301216617,0.08313760077331137,3.070681826253738,5,HYD500,500,556.965916420662,0.0,0.0,8.5,0.0,0.0
Mass-Nom-Ideal,AK,HYD500,2035-Hhigh,1836.2289937668324,5638.475,0.7279296906884416,99.34543405265339,0.0541029655832068,3.070681826253738,5,HYD500,500,556.965916420662,0.0,0.0,8.5,0.0,0.0
Mass-Nom-Ideal,AK,HYD500,2035-Hlow,1836.2289937668324,5638.475,0.7279296906884416,140.17485280383505,0.07633843778726146,3.070681826253738,5,HYD500,500,556.965916420662,0.0,0.0,8.5,0.0,0.0
Mass-Nom-Ideal,AK,HYD500,2040-Hhigh,1836.2289937668324,5638.475,0.7279296906884416,106.0232323831167,0.0577396570596683,3.070681826253738,5,HYD500,500,556.965916420662,0.0,0.0,8.5,0.0,0.0
Mass-Nom-Ideal,AK,HYD500,2040-Hlow,1836.2289937668324,5638.475,0.7279296906884416,151.5971285406928,0.08255894502009092,3.070681826253738,5,HYD500,500,556.965916420662,0.0,0.0,8.5,0.0,0.0
Mass-Nom-Ideal,AK,HYD500,2045-Hhigh,1836.2289937668324,5638.475,0.7279296906884416,120.11520036750957,0.06541406370079461,3.070681826253738,5,HYD500,500,556.965916420662,0.0,0.0,8.5,0.0,0.0
Mass-Nom-Ideal,AK,HYD500,2045-Hlow,1836.2289937668324,5638.475,0.7279296906884416,164.71698779668208,0.0897039467058966,3.070681826253738,5,HYD500,500,556.965916420662,0.0,0.0,8.5,0.0,0.0
Mass-Nom-Ideal,CH,HYD1000,2024-Hhigh,3363.2895194157263,9409.754133333332,1.1981990101797995,321.37683907981744,0.09555431883712685,2.7977829678391775,3,HYD1000,1000,984.7122305193888,0.0,0.0,11.2,0.0,0.0
Mass-Nom-Ideal,CH,HYD1000,2024-Hlow,3363.2895194157263,9409.754133333332,1.1981990101797995,489.78711076608465,0.14562740077493266,2.7977829678391775,3,HYD1000,1000,984.7122305193888,0.0,0.0,11.2,0.0,0.0
Mass-Nom-Ideal,CH,HYD1000,2025-Hhigh,3363.2895194157263,9409.754133333332,1.243391585522185,248.05611060345893,0.07375401646854103,2.7977829678391775,3,HYD1000,1000,984.7122305193888,0.0,0.0,11.2,0.0,0.0
Mass-Nom-Ideal,CH,HYD1000,2025-Hlow,3363.2895194157263,9409.754133333332,1.1871470899462673,395.3898307019448,0.11756045039221966,2.7977829678391775,3,HYD1000,1000,984.7122305193888,0.0,0.0,11.2,0.0,0.0
Mass-Nom-Ideal,CH,HYD1000,2030-Hhigh,3363.2895194157263,9409.754133333332,1.1871470899462673,199.31053427682818,0.059260593869852926,2.7977829678391775,3,HYD1000,1000,984.7122305193888,0.0,0.0,11.2,0.0,0.0
Mass-Nom-Ideal,CH,HYD1000,2030-Hlow,3363.2895194157263,9409.754133333332,1.1871470899462673,305.4809206359,0.09082801788915527,2.7977829678391775,3,HYD1000,1000,984.7122305193888,0.0,0.0,11.2,0.0,0.0
Mass-Nom-Ideal,CH,HYD1000,2035-Hhigh,3363.2895194157263,9409.754133333332,1.1871470899462673,204.17815761369081,0.06070787436972147,2.7977829678391775,3,HYD1000,1000,984.7122305193888,0.0,0.0,11.2,0.0,0.0
Mass-Nom-Ideal,CH,HYD1000,2035-Hlow,3363.2895194157263,9409.754133333332,1.1871470899462673,275.9719592957585,0.08205417871480199,2.7977829678391775,3,HYD1000,1000,984.7122305193888,0.0,0.0,11.2,0.0,0.0
Mass-Nom-Ideal,CH,HYD1000,2040-Hhigh,3363.2895194157263,9409.754133333332,1.1871470899462673,217.39257730432973,0.06463689077296425,2.7977829678391775,3,HYD1000,1000,984.7122305193888,0.0,0.0,11.2,0.0,0.0
Mass-Nom-Ideal,CH,HYD1000,2040-Hlow,3363.2895194157263,9409.754133333332,1.1871470899462673,302.3776212165561,0.0899053202143256,2.7977829678391775,3,HYD1000,1000,984.7122305193888,0.0,0.0,11.2,0.0,0.0
Mass-Nom-Ideal,CH,HYD1000,2045-Hhigh,3363.2895194157263,9409.754133333332,1.1871470899462673,244.4438731364564,0.07267999728400468,2.7977829678391775,3,HYD1000,1000,984.7122305193888,0.0,0.0,11.2,0.0,0.0
Mass-Nom-Ideal,CH,HYD1000,2045-Hlow,3363.2895194157263,9409.754133333332,1.1871470899462673,326.6300888473509,0.09711625685560765,2.7977829678391775,3,HYD1000,1000,984.7122305193888,0.0,0.0,11.2,0.0,0.0
Mass-Nom-Ideal,CH,HYD200,2024-Hhigh,3088.9024495713707,8801.8,1.0888741621913893,292.9552785147981,0.09484122056216111,2.84949108743184,3,HYD200,200,371.0684792356438,16.50821799855913,11.0,14,-253.32409547442234,74.0
Mass-Nom-Ideal,CH,HYD200,2024-Hlow,3088.9024495713707,8801.8,1.0888741621913893,447.859025406952,0.14498969543991228,2.84949108743184,3,HYD200,200,371.0684792356438,16.50821799855913,11.0,14,-253.32409547442234,74.0
Mass-Nom-Ideal,CH,HYD200,2025-Hhigh,3088.9024495713707,8801.8,1.1392196962520016,224.80764713344104,0.07277913459670321,2.84949108743184,3,HYD200,200,371.0684792356438,16.50821799855913,11.0,14,-253.32409547442234,74.0
Mass-Nom-Ideal,CH,HYD200,2025-Hlow,3088.9024495713707,8801.8,1.0771865389476825,359.6961314730611,0.11644787666343237,2.84949108743184,3,HYD200,200,371.0684792356438,16.50821799855913,11.0,14,-253.32409547442234,74.0
Mass-Nom-Ideal,CH,HYD200,2030-Hhigh,3088.9024495713707,8801.8,1.0771865389476825,180.20700055267645,0.058340139740470844,2.84949108743184,3,HYD200,200,371.0684792356438,16.50821799855913,11.0,14,-253.32409547442234,74.0
Mass-Nom-Ideal,CH,HYD200,2030-Hlow,3088.9024495713707,8801.8,1.0771865389476825,277.368699543139,0.08979522793982304,2.84949108743184,3,HYD200,200,371.0684792356438,16.50821799855913,11.0,14,-253.32409547442234,74.0
Mass-Nom-Ideal,CH,HYD200,2035-Hhigh,3088.9024495713707,8801.8,1.0771865389476825,184.91620807277812,0.059864696633083345,2.84949108743184,3,HYD200,200,371.0684792356438,16.50821799855913,11.0,14,-253.32409547442234,74.0
Mass-Nom-Ideal,CH,HYD200,2035-Hlow,3088.9024495713707,8801.8,1.0771865389476825,251.23289783895478,0.08133403431818216,2.84949108743184,3,HYD200,200,371.0684792356438,16.50821799855913,11.0,14,-253.32409547442234,74.0
Mass-Nom-Ideal,CH,HYD200,2040-Hhigh,3088.9024495713707,8801.8,1.0771865389476825,196.43050384139414,0.06359232997748171,2.84949108743184,3,HYD200,200,371.0684792356438,16.50821799855913,11.0,14,-253.32409547442234,74.0
Mass-Nom-Ideal,CH,HYD200,2040-Hlow,3088.9024495713707,8801.8,1.0771865389476825,274.80753540495766,0.08896607772223145,2.84949108743184,3,HYD200,200,371.0684792356438,16.50821799855913,11.0,14,-253.32409547442234,74.0
Mass-Nom-Ideal,CH,HYD200,2045-Hhigh,3088.9024495713707,8801.8,1.0771865389476825,220.6095160003942,0.07142003336201404,2.84949108743184,3,HYD200,200,371.0684792356438,16.50821799855913,11.0,14,-253.32409547442234,74.0
Mass-Nom-Ideal,CH,HYD200,2045-Hlow,3088.9024495713707,8801.8,1.0771865389476825,296.2730820084188,0.0959153248913804,2.84949108743184,3,HYD200,200,371.0684792356438,16.50821799855913,11.0,14,-253.32409547442234,74.0
Mass-Nom-Ideal,CH,HYD500,2024-Hhigh,3185.777836914883,9068.266666666666,1.129117012073689,301.8030780717105,0.09473450237948089,2.846484322161147,3,HYD500,500,639.6661564973243,0.0,0.0,14,0.0,0.0
Mass-Nom-Ideal,CH,HYD500,2024-Hlow,3185.777836914883,9068.266666666666,1.129117012073689,459.3903948514508,0.14420038633212598,2.846484322161147,3,HYD500,500,639.6661564973243,0.0,0.0,14,0.0,0.0
Mass-Nom-Ideal,CH,HYD500,2025-Hhigh,3185.777836914883,9068.266666666666,1.179413698286541,232.37528919609198,0.0729414607959998,2.846484322161147,3,HYD500,500,639.6661564973243,0.0,0.0,14,0.0,0.0
Mass-Nom-Ideal,CH,HYD500,2025-Hlow,3185.777836914883,9068.266666666666,1.117497989670726,369.79525589032556,0.11607691271040933,2.846484322161147,3,HYD500,500,639.6661564973243,0.0,0.0,14,0.0,0.0
Mass-Nom-Ideal,CH,HYD500,2030-Hhigh,3185.777836914883,9068.266666666666,1.117497989670726,186.4055504875578,0.05851178582749935,2.846484322161147,3,HYD500,500,639.6661564973243,0.0,0.0,14,0.0,0.0
Mass-Nom-Ideal,CH,HYD500,2030-Hlow,3185.777836914883,9068.266666666666,1.117497989670726,285.4146788558189,0.08959026443985038,2.846484322161147,3,HYD500,500,639.6661564973243,0.0,0.0,14,0.0,0.0
Mass-Nom-Ideal,CH,HYD500,2035-Hhigh,3185.777836914883,9068.266666666666,1.117497989670726,190.9186083680478,0.05992841250755074,2.846484322161147,3,HYD500,500,639.6661564973243,0.0,0.0,14,0.0,0.0
Mass-Nom-Ideal,CH,HYD500,2035-Hlow,3185.777836914883,9068.266666666666,1.117497989670726,258.7041948799776,0.0812059748430253,2.846484322161147,3,HYD500,500,639.6661564973243,0.0,0.0,14,0.0,0.0
Mass-Nom-Ideal,CH,HYD500,2040-Hhigh,3185.777836914883,9068.266666666666,1.117497989670726,202.93660162426545,0.06370080150372,2.846484322161147,3,HYD500,500,639.6661564973243,0.0,0.0,14,0.0,0.0
Mass-Nom-Ideal,CH,HYD500,2040-Hlow,3185.777836914883,9068.266666666666,1.117497989670726,282.97451488865937,0.08882430896772536,2.846484322161147,3,HYD500,500,639.6661564973243,0.0,0.0,14,0.0,0.0
Mass-Nom-Ideal,CH,HYD500,2045-Hhigh,3185.777836914883,9068.266666666666,1.117497989670726,228.21657813295138,0.07163606183975371,2.846484322161147,3,HYD500,500,639.6661564973243,0.0,0.0,14,0.0,0.0
Mass-Nom-Ideal,CH,HYD500,2045-Hlow,3185.777836914883,9068.266666666666,1.117497989670726,305.52306680224456,0.09590218855251816,2.846484322161147,3,HYD500,500,639.6661564973243,0.0,0.0,14,0.0,0.0
Mass-Nom-Ideal,CH,HYD1000,2024-Hhigh,3500.145909548877,9885.106866666667,1.2295331767998372,333.3329630890773,0.09523401929608115,2.824198511181703,4,HYD1000,1000,980.6926152532367,0.0,0.0,11.2,0.0,0.0
Mass-Nom-Ideal,CH,HYD1000,2024-Hlow,3500.145909548877,9885.106866666667,1.2295331767998372,503.4581568021494,0.14383919122589908,2.824198511181703,4,HYD1000,1000,980.6926152532367,0.0,0.0,11.2,0.0,0.0
Mass-Nom-Ideal,CH,HYD1000,2025-Hhigh,3500.145909548877,9885.106866666667,1.2500251319452858,256.85912151477527,0.07338526111555191,2.824198511181703,4,HYD1000,1000,980.6926152532367,0.0,0.0,11.2,0.0,0.0
Mass-Nom-Ideal,CH,HYD1000,2025-Hlow,3500.145909548877,9885.106866666667,1.216490034826773,405.866129545988,0.11595691723557285,2.824198511181703,4,HYD1000,1000,980.6926152532367,0.0,0.0,11.2,0.0,0.0
Mass-Nom-Ideal,CH,HYD1000,2030-Hhigh,3500.145909548877,9885.106866666667,1.216490034826773,205.84719879744253,0.058811033630301865,2.824198511181703,4,HYD1000,1000,980.6926152532367,0.0,0.0,11.2,0.0,0.0
Mass-Nom-Ideal,CH,HYD1000,2030-Hlow,3500.145909548877,9885.106866666667,1.216490034826773,313.6550537503766,0.08961199385850821,2.824198511181703,4,HYD1000,1000,980.6926152532367,0.0,0.0,11.2,0.0,0.0
Mass-Nom-Ideal,CH,HYD1000,2035-Hhigh,3500.145909548877,9885.106866666667,1.216490034826773,210.8572720426376,0.06024242345651651,2.824198511181703,4,HYD1000,1000,980.6926152532367,0.0,0.0,11.2,0.0,0.0
Mass-Nom-Ideal,CH,HYD1000,2035-Hlow,3500.145909548877,9885.106866666667,1.216490034826773,283.8555631134045,0.08109820860296357,2.824198511181703,4,HYD1000,1000,980.6926152532367,0.0,0.0,11.2,0.0,0.0
Mass-Nom-Ideal,CH,HYD1000,2040-Hhigh,3500.145909548877,9885.106866666667,1.216490034826773,223.59672556310616,0.06388211558641133,2.824198511181703,4,HYD1000,1000,980.6926152532367,0.0,0.0,11.2,0.0,0.0
Mass-Nom-Ideal,CH,HYD1000,2040-Hlow,3500.145909548877,9885.106866666667,1.216490034826773,309.77914963507146,0.08850463884661251,2.824198511181703,4,HYD1000,1000,980.6926152532367,0.0,0.0,11.2,0.0,0.0
Mass-Nom-Ideal,CH,HYD1000,2045-Hhigh,3500.145909548877,9885.106866666667,1.216490034826773,251.50166082898042,0.07185462187243379,2.824198511181703,4,HYD1000,1000,980.6926152532367,0.0,0.0,11.2,0.0,0.0
Mass-Nom-Ideal,CH,HYD1000,2045-Hlow,3500.145909548877,9885.106866666667,1.216490034826773,334.5328332110114,0.09557682503988192,2.824198511181703,4,HYD1000,1000,980.6926152532367,0.0,0.0,11.2,0.0,0.0
Mass-Nom-Ideal,CH,HYD200,2024-Hhigh,3228.0673812292894,9280.366666666667,1.1063160029839465,304.7648346163146,0.09441092722799864,2.8748986841571393,4,HYD200,200,370.35019874798763,34.46732806080165,22.0,14,-220.88427196417825,86.0
Mass-Nom-Ideal,CH,HYD200,2024-Hlow,3228.0673812292894,9280.366666666667,1.1063160029839465,460.8550001443661,0.142764987752166,2.8748986841571393,4,HYD200,200,370.35019874798763,34.46732806080165,22.0,14,-220.88427196417825,86.0
Mass-Nom-Ideal,CH,HYD200,2025-Hhigh,3228.0673812292894,9280.366666666667,1.1295770085910606,233.0366720829361,0.0721907706877521,2.8748986841571393,4,HYD200,200,370.35019874798763,34.46732806080165,22.0,14,-220.88427196417825,86.0
Mass-Nom-Ideal,CH,HYD200,2025-Hlow,3228.0673812292894,9280.366666666667,1.082391949770582,369.15103362242496,0.11435666918509227,2.8748986841571393,4,HYD200,200,370.35019874798763,34.46732806080165,22.0,14,-220.88427196417825,86.0
Mass-Nom-Ideal,CH,HYD200,2030-Hhigh,3228.0673812292894,9280.366666666667,1.082391949770582,185.92671986243107,0.05759691416095156,2.8748986841571393,4,HYD200,200,370.35019874798763,34.46732806080165,22.0,14,-220.88427196417825,86.0
Mass-Nom-Ideal,CH,HYD200,2030-Hlow,3228.0673812292894,9280.366666666667,1.082391949770582,284.7498883934209,0.0882106396072143,2.8748986841571393,4,HYD200,200,370.35019874798763,34.46732806080165,22.0,14,-220.88427196417825,86.0
Mass-Nom-Ideal,CH,HYD200,2035-Hhigh,3228.0673812292894,9280.366666666667,1.082391949770582,190.90727632624623,0.05913980527059082,2.8748986841571393,4,HYD200,200,370.35019874798763,34.46732806080165,22.0,14,-220.88427196417825,86.0
Mass-Nom-Ideal,CH,HYD200,2035-Hlow,3228.0673812292894,9280.366666666667,1.082391949770582,258.4763775070649,0.08007155582007516,2.8748986841571393,4,HYD200,200,370.35019874798763,34.46732806080165,22.0,14,-220.88427196417825,86.0
Mass-Nom-Ideal,CH,HYD200,2040-Hhigh,3228.0673812292894,9280.366666666667,1.082391949770582,201.84387066796754,0.06252777492863325,2.8748986841571393,4,HYD200,200,370.35019874798763,34.46732806080165,22.0,14,-220.88427196417825,86.0
Mass-Nom-Ideal,CH,HYD200,2040-Hlow,3228.0673812292894,9280.366666666667,1.082391949770582,281.1493402820559,0.0870952514550643,2.8748986841571393,4,HYD200,200,370.35019874798763,34.46732806080165,22.0,14,-220.88427196417825,86.0
Mass-Nom-Ideal,CH,HYD200,2045-Hhigh,3228.0673812292894,9280.366666666667,1.082391949770582,226.63327461038426,0.07020710779713632,2.8748986841571393,4,HYD200,200,370.35019874798763,34.46732806080165,22.0,14,-220.88427196417825,86.0
Mass-Nom-Ideal,CH,HYD200,2045-Hlow,3228.0673812292894,9280.366666666667,1.082391949770582,302.9128107383681,0.09383720194310659,2.8748986841571393,4,HYD200,200,370.35019874798763,34.46732806080165,22.0,14,-220.88427196417825,86.0
Mass-Nom-Ideal,CH,HYD500,2024-Hhigh,3324.832389781782,9545.666666666666,1.1517457488072071,313.65707179670466,0.09433770940173344,2.871021918579533,4,HYD500,500,637.8538728585099,0.0,0.0,14,0.0,0.0
Mass-Nom-Ideal,CH,HYD500,2024-Hlow,3324.832389781782,9545.666666666666,1.1517457488072071,472.5425424087506,0.14212522227015628,2.871021918579533,4,HYD500,500,637.8538728585099,0.0,0.0,14,0.0,0.0
Mass-Nom-Ideal,CH,HYD500,2025-Hhigh,3324.832389781782,9545.666666666666,1.1750067544143215,240.7514887542073,0.07241011291098752,2.871021918579533,4,HYD500,500,637.8538728585099,0.0,0.0,14,0.0,0.0
Mass-Nom-Ideal,CH,HYD500,2025-Hlow,3324.832389781782,9545.666666666666,1.1309322537168147,379.5044719734686,0.11414243711646967,2.871021918579533,4,HYD500,500,637.8538728585099,0.0,0.0,14,0.0,0.0
Mass-Nom-Ideal,CH,HYD500,2030-Hhigh,3324.832389781782,9545.666666666666,1.1309322537168147,192.36647916396205,0.05785749674334339,2.871021918579533,4,HYD500,500,637.8538728585099,0.0,0.0,14,0.0,0.0
Mass-Nom-Ideal,CH,HYD500,2030-Hlow,3324.832389781782,9545.666666666666,1.1309322537168147,293.0294083018405,0.08813358808775104,2.871021918579533,4,HYD500,500,637.8538728585099,0.0,0.0,14,0.0,0.0
Mass-Nom-Ideal,CH,HYD500,2035-Hhigh,3324.832389781782,9545.666666666666,1.1309322537168147,197.13336031901207,0.059291217483582834,2.871021918579533,4,HYD500,500,637.8538728585099,0.0,0.0,14,0.0,0.0
Mass-Nom-Ideal,CH,HYD500,2035-Hlow,3324.832389781782,9545.666666666666,1.1309322537168147,266.0772183762284,0.08002725767288733,2.871021918579533,4,HYD500,500,637.8538728585099,0.0,0.0,14,0.0,0.0
Mass-Nom-Ideal,CH,HYD500,2040-Hhigh,3324.832389781782,9545.666666666666,1.1309322537168147,208.54702131651106,0.06272407052982258,2.871021918579533,4,HYD500,500,637.8538728585099,0.0,0.0,14,0.0,0.0
Mass-Nom-Ideal,CH,HYD500,2040-Hlow,3324.832389781782,9545.666666666666,1.1309322537168147,289.56502739203773,0.08709161649229563,2.871021918579533,4,HYD500,500,637.8538728585099,0.0,0.0,14,0.0,0.0
Mass-Nom-Ideal,CH,HYD500,2045-Hhigh,3324.832389781782,9545.666666666666,1.1309322537168147,234.52630751898025,0.07053778357060966,2.871021918579533,4,HYD500,500,637.8538728585099,0.0,0.0,14,0.0,0.0
Mass-Nom-Ideal,CH,HYD500,2045-Hlow,3324.832389781782,9545.666666666666,1.1309322537168147,312.52682702804873,0.0939977690269556,2.871021918579533,4,HYD500,500,637.8538728585099,0.0,0.0,14,0.0,0.0
Mass-Nom-Ideal,CH,HYD1000,2024-Hhigh,3641.6311267618926,10360.4334,1.3132879378422908,345.9210978197127,0.09499070218221219,2.8449980350460176,5,HYD1000,1000,977.6190741254082,0.0,0.0,11.2,0.0,0.0
Mass-Nom-Ideal,CH,HYD1000,2024-Hlow,3641.6311267618926,10360.4334,1.3132879378422908,518.7434713431704,0.14244811000515384,2.8449980350460176,5,HYD1000,1000,977.6190741254082,0.0,0.0,11.2,0.0,0.0
Mass-Nom-Ideal,CH,HYD1000,2025-Hhigh,3641.6311267618926,10360.4334,1.342046261756211,266.60190615945805,0.07320947588574635,2.8449980350460176,5,HYD1000,1000,977.6190741254082,0.0,0.0,11.2,0.0,0.0
Mass-Nom-Ideal,CH,HYD1000,2025-Hlow,3641.6311267618926,10360.4334,1.3023852526427022,417.1848529947325,0.11455988771869098,2.8449980350460176,5,HYD1000,1000,977.6190741254082,0.0,0.0,11.2,0.0,0.0
Mass-Nom-Ideal,CH,HYD1000,2030-Hhigh,3641.6311267618926,10360.4334,1.3023852526427022,213.78052695633076,0.05870460777459978,2.8449980350460176,5,HYD1000,1000,977.6190741254082,0.0,0.0,11.2,0.0,0.0
Mass-Nom-Ideal,CH,HYD1000,2030-Hlow,3641.6311267618926,10360.4334,1.3023852526427022,322.71822902553123,0.08861914284890506,2.8449980350460176,5,HYD1000,1000,977.6190741254082,0.0,0.0,11.2,0.0,0.0
Mass-Nom-Ideal,CH,HYD1000,2035-Hhigh,3641.6311267618926,10360.4334,1.3023852526427022,218.04418072661227,0.05987541657479606,2.8449980350460176,5,HYD1000,1000,977.6190741254082,0.0,0.0,11.2,0.0,0.0
Mass-Nom-Ideal,CH,HYD1000,2035-Hlow,3641.6311267618926,10360.4334,1.3023852526427022,292.62098229295253,0.08035437201272734,2.8449980350460176,5,HYD1000,1000,977.6190741254082,0.0,0.0,11.2,0.0,0.0
Mass-Nom-Ideal,CH,HYD1000,2040-Hhigh,3641.6311267618926,10360.4334,1.3023852526427022,231.4966399017277,0.06356949175892303,2.8449980350460176,5,HYD1000,1000,977.6190741254082,0.0,0.0,11.2,0.0,0.0
Mass-Nom-Ideal,CH,HYD1000,2040-Hlow,3641.6311267618926,10360.4334,1.3023852526427022,318.9325621769966,0.08757959031962381,2.8449980350460176,5,HYD1000,1000,977.6190741254082,0.0,0.0,11.2,0.0,0.0
Mass-Nom-Ideal,CH,HYD1000,2045-Hhigh,3641.6311267618926,10360.4334,1.3023852526427022,259.77725091004515,0.07133541038821163,2.8449980350460176,5,HYD1000,1000,977.6190741254082,0.0,0.0,11.2,0.0,0.0
Mass-Nom-Ideal,CH,HYD1000,2045-Hlow,3641.6311267618926,10360.4334,1.3023852526427022,344.06319911422503,0.0944805190689819,2.8449980350460176,5,HYD1000,1000,977.6190741254082,0.0,0.0,11.2,0.0,0.0
Mass-Nom-Ideal,CH,HYD200,2024-Hhigh,3373.517889895162,9759.166666666666,1.2152003010364336,317.0009204767371,0.09396746388281002,2.892875326346631,5,HYD200,200,369.62933828121675,64.20254969202843,18.0,14,-341.84475581688713,125.0
Mass-Nom-Ideal,CH,HYD200,2024-Hlow,3373.517889895162,9759.166666666666,1.2152003010364336,476.4866760713534,0.1412432634486966,2.892875326346631,5,HYD200,200,369.62933828121675,64.20254969202843,18.0,14,-341.84475581688713,125.0
Mass-Nom-Ideal,CH,HYD200,2025-Hhigh,3373.517889895162,9759.166666666666,1.2444475255124856,242.28454673257176,0.07181955295340116,2.892875326346631,5,HYD200,200,369.62933828121675,64.20254969202843,18.0,14,-341.84475581688713,125.0
Mass-Nom-Ideal,CH,HYD200,2025-Hlow,3373.517889895162,9759.166666666666,1.1912762478230692,380.3687228333954,0.11275135785487594,2.892875326346631,5,HYD200,200,369.62933828121675,64.20254969202843,18.0,14,-341.84475581688713,125.0
Mass-Nom-Ideal,CH,HYD200,2030-Hhigh,3373.517889895162,9759.166666666666,1.1912762478230692,193.39644620925299,0.057327825884232415,2.892875326346631,5,HYD200,200,369.62933828121675,64.20254969202843,18.0,14,-341.84475581688713,125.0
Mass-Nom-Ideal,CH,HYD200,2030-Hlow,3373.517889895162,9759.166666666666,1.1912762478230692,293.6847005934585,0.08705591912618707,2.892875326346631,5,HYD200,200,369.62933828121675,64.20254969202843,18.0,14,-341.84475581688713,125.0
Mass-Nom-Ideal,CH,HYD200,2035-Hhigh,3373.517889895162,9759.166666666666,1.1912762478230692,197.71721590984313,0.05860861639479479,2.892875326346631,5,HYD200,200,369.62933828121675,64.20254969202843,18.0,14,-341.84475581688713,125.0
Mass-Nom-Ideal,CH,HYD200,2035-Hlow,3373.517889895162,9759.166666666666,1.1912762478230692,267.1709752739356,0.07919654911989762,2.892875326346631,5,HYD200,200,369.62933828121675,64.20254969202843,18.0,14,-341.84475581688713,125.0
Mass-Nom-Ideal,CH,HYD200,2040-Hhigh,3373.517889895162,9759.166666666666,1.1912762478230692,209.32656155282763,0.06204993374418797,2.892875326346631,5,HYD200,200,369.62933828121675,64.20254969202843,18.0,14,-341.84475581688713,125.0
Mass-Nom-Ideal,CH,HYD200,2040-Hlow,3373.517889895162,9759.166666666666,1.1912762478230692,290.1241565726791,0.0860004796303882,2.892875326346631,5,HYD200,200,369.62933828121675,64.20254969202843,18.0,14,-341.84475581688713,125.0
Mass-Nom-Ideal,CH,HYD200,2045-Hhigh,3373.517889895162,9759.166666666666,1.1912762478230692,234.29514450800517,0.0694512826535763,2.892875326346631,5,HYD200,200,369.62933828121675,64.20254969202843,18.0,14,-341.84475581688713,125.0
Mass-Nom-Ideal,CH,HYD200,2045-Hlow,3373.517889895162,9759.166666666666,1.1912762478230692,312.12573565374066,0.09252233005452967,2.892875326346631,5,HYD200,200,369.62933828121675,64.20254969202843,18.0,14,-341.84475581688713,125.0
Mass-Nom-Ideal,CH,HYD500,2024-Hhigh,3470.2893865115257,10022.833333333332,1.2480592955318044,325.9471449528493,0.0939250617599083,2.8881837267780965,5,HYD500,500,636.2272902146506,0.0,0.0,14,0.0,0.0
Mass-Nom-Ideal,CH,HYD500,2024-Hlow,3470.2893865115257,10022.833333333332,1.2480592955318044,488.1924978280567,0.1406777485836152,2.8881837267780965,5,HYD500,500,636.2272902146506,0.0,0.0,14,0.0,0.0
Mass-Nom-Ideal,CH,HYD500,2025-Hhigh,3470.2893865115257,10022.833333333332,1.2773065200078562,250.14611653534803,0.07208220660433307,2.8881837267780965,5,HYD500,500,636.2272902146506,0.0,0.0,14,0.0,0.0
Mass-Nom-Ideal,CH,HYD500,2025-Hlow,3470.2893865115257,10022.833333333332,1.227245800441412,390.7746344480919,0.11260577747981826,2.8881837267780965,5,HYD500,500,636.2272902146506,0.0,0.0,14,0.0,0.0
Mass-Nom-Ideal,CH,HYD500,2030-Hhigh,3470.2893865115257,10022.833333333332,1.227245800441412,199.9487412132868,0.057617310530486715,2.8881837267780965,5,HYD500,500,636.2272902146506,0.0,0.0,14,0.0,0.0
Mass-Nom-Ideal,CH,HYD500,2030-Hlow,3470.2893865115257,10022.833333333332,1.227245800441412,301.9811096614045,0.08701899929013357,2.8881837267780965,5,HYD500,500,636.2272902146506,0.0,0.0,14,0.0,0.0
Mass-Nom-Ideal,CH,HYD500,2035-Hhigh,3470.2893865115257,10022.833333333332,1.227245800441412,204.07503614596274,0.058806345355280926,2.8881837267780965,5,HYD500,500,636.2272902146506,0.0,0.0,14,0.0,0.0
Mass-Nom-Ideal,CH,HYD500,2035-Hlow,3470.2893865115257,10022.833333333332,1.227245800441412,274.86890543640834,0.07920633550181173,2.8881837267780965,5,HYD500,500,636.2272902146506,0.0,0.0,14,0.0,0.0
Mass-Nom-Ideal,CH,HYD500,2040-Hhigh,3470.2893865115257,10022.833333333332,1.227245800441412,216.20188551883695,0.062300823199119934,2.8881837267780965,5,HYD500,500,636.2272902146506,0.0,0.0,14,0.0,0.0
Mass-Nom-Ideal,CH,HYD500,2040-Hlow,3470.2893865115257,10022.833333333332,1.227245800441412,298.54632752962465,0.08602923107508778,2.8881837267780965,5,HYD500,500,636.2272902146506,0.0,0.0,14,0.0,0.0
Mass-Nom-Ideal,CH,HYD500,2045-Hhigh,3470.2893865115257,10022.833333333332,1.227245800441412,242.3928249161476,0.06984801494027869,2.8881837267780965,5,HYD500,500,636.2272902146506,0.0,0.0,14,0.0,0.0
Mass-Nom-Ideal,CH,HYD500,2045-Hlow,3470.2893865115257,10022.833333333332,1.227245800441412,321.72503703155246,0.0927084174253731,2.8881837267780965,5,HYD500,500,636.2272902146506,0.0,0.0,14,0.0,0.0
Mass-Nom-Real,AK,HYD1000,2024-Hhigh,1460.3564473961076,4689.9,0.6775503848411518,129.242103222871,0.08850038184397822,3.2114762175784812,3,HYD1000,1000,867.7767729454678,0.0,0.0,6,0.0,0.0
Mass-Nom-Real,AK,HYD1000,2024-Hlow,1460.3564473961076,4689.9,0.6775503848411518,197.3897032874354,0.13516542734439366,3.2114762175784812,3,HYD1000,1000,867.7767729454678,0.0,0.0,6,0.0,0.0
Mass-Nom-Real,AK,HYD1000,2025-Hhigh,1460.3564473961076,4689.9,0.711097451127098,99.42418544183988,0.0680821354396856,3.2114762175784812,3,HYD1000,1000,867.7767729454678,0.0,0.0,6,0.0,0.0
Mass-Nom-Real,AK,HYD1000,2025-Hlow,1460.3564473961076,4689.9,0.6605617639328795,161.90846369313456,0.11086914018959267,3.2114762175784812,3,HYD1000,1000,867.7767729454678,0.0,0.0,6,0.0,0.0
Mass-Nom-Real,AK,HYD1000,2030-Hhigh,1460.3564473961076,4689.9,0.6605617639328795,80.6493804910039,0.05522581876144416,3.2114762175784812,3,HYD1000,1000,867.7767729454678,0.0,0.0,6,0.0,0.0
Mass-Nom-Real,AK,HYD1000,2030-Hlow,1460.3564473961076,4689.9,0.6605617639328795,126.39393143336258,0.0865500554051236,3.2114762175784812,3,HYD1000,1000,867.7767729454678,0.0,0.0,6,0.0,0.0
Mass-Nom-Real,AK,HYD1000,2035-Hhigh,1460.3564473961076,4689.9,0.6605617639328795,81.34069795433096,0.05569920829901885,3.2114762175784812,3,HYD1000,1000,867.7767729454678,0.0,0.0,6,0.0,0.0
Mass-Nom-Real,AK,HYD1000,2035-Hlow,1460.3564473961076,4689.9,0.6605617639328795,112.97170385985272,0.07735899277281737,3.2114762175784812,3,HYD1000,1000,867.7767729454678,0.0,0.0,6,0.0,0.0
Mass-Nom-Real,AK,HYD1000,2040-Hhigh,1460.3564473961076,4689.9,0.6605617639328795,86.73035172754486,0.059389850938234734,3.2114762175784812,3,HYD1000,1000,867.7767729454678,0.0,0.0,6,0.0,0.0
Mass-Nom-Real,AK,HYD1000,2040-Hlow,1460.3564473961076,4689.9,0.6605617639328795,125.42690873707448,0.08588787275922756,3.2114762175784812,3,HYD1000,1000,867.7767729454678,0.0,0.0,6,0.0,0.0
Mass-Nom-Real,AK,HYD1000,2045-Hhigh,1460.3564473961076,4689.9,0.6605617639328795,99.98856339820644,0.06846860133119644,3.2114762175784812,3,HYD1000,1000,867.7767729454678,0.0,0.0,6,0.0,0.0
Mass-Nom-Real,AK,HYD1000,2045-Hlow,1460.3564473961076,4689.9,0.6605617639328795,138.52874947292472,0.0948595459142381,3.2114762175784812,3,HYD1000,1000,867.7767729454678,0.0,0.0,6,0.0,0.0
Mass-Nom-Real,AK,HYD200,2024-Hhigh,1137.1566827394781,4152.0,0.4886727349512936,101.27091082964998,0.08905625088152525,3.6512118892865186,3,HYD200,200,324.3365717464816,240.8136601972812,70.0,11.2,-547.2774772996811,105.0
Mass-Nom-Real,AK,HYD200,2024-Hlow,1137.1566827394781,4152.0,0.4886727349512936,159.3623506681927,0.14014106682667452,3.6512118892865186,3,HYD200,200,324.3365717464816,240.8136601972812,70.0,11.2,-547.2774772996811,105.0
Mass-Nom-Real,AK,HYD200,2025-Hhigh,1137.1566827394781,4152.0,0.5194455485989563,77.38681004770912,0.06805290002893857,3.6512118892865186,3,HYD200,200,324.3365717464816,240.8136601972812,70.0,11.2,-547.2774772996811,105.0
Mass-Nom-Real,AK,HYD200,2025-Hlow,1137.1566827394781,4152.0,0.48048748818574916,130.17100715300558,0.11447059945988786,3.6512118892865186,3,HYD200,200,324.3365717464816,240.8136601972812,70.0,11.2,-547.2774772996811,105.0
Mass-Nom-Real,AK,HYD200,2030-Hhigh,1137.1566827394781,4152.0,0.48048748818574916,62.83504875494979,0.05525628060644767,3.6512118892865186,3,HYD200,200,324.3365717464816,240.8136601972812,70.0,11.2,-547.2774772996811,105.0
Mass-Nom-Real,AK,HYD200,2030-Hlow,1137.1566827394781,4152.0,0.48048748818574916,100.9642765095043,0.08878660086337034,3.6512118892865186,3,HYD200,200,324.3365717464816,240.8136601972812,70.0,11.2,-547.2774772996811,105.0
Mass-Nom-Real,AK,HYD200,2035-Hhigh,1137.1566827394781,4152.0,0.48048748818574916,63.85682069161734,0.05615481284230987,3.6512118892865186,3,HYD200,200,324.3365717464816,240.8136601972812,70.0,11.2,-547.2774772996811,105.0
Mass-Nom-Real,AK,HYD200,2035-Hlow,1137.1566827394781,4152.0,0.48048748818574916,89.87809172750204,0.0790375619224084,3.6512118892865186,3,HYD200,200,324.3365717464816,240.8136601972812,70.0,11.2,-547.2774772996811,105.0
Mass-Nom-Real,AK,HYD200,2040-Hhigh,1137.1566827394781,4152.0,0.48048748818574916,68.08662490981817,0.05987444469463385,3.6512118892865186,3,HYD200,200,324.3365717464816,240.8136601972812,70.0,11.2,-547.2774772996811,105.0
Mass-Nom-Real,AK,HYD200,2040-Hlow,1137.1566827394781,4152.0,0.48048748818574916,99.57977698386865,0.08756909095761109,3.6512118892865186,3,HYD200,200,324.3365717464816,240.8136601972812,70.0,11.2,-547.2774772996811,105.0
Mass-Nom-Real,AK,HYD200,2045-Hhigh,1137.1566827394781,4152.0,0.48048748818574916,78.3862188490937,0.06893176643016038,3.6512118892865186,3,HYD200,200,324.3365717464816,240.8136601972812,70.0,11.2,-547.2774772996811,105.0
Mass-Nom-Real,AK,HYD200,2045-Hlow,1137.1566827394781,4152.0,0.48048748818574916,109.5068691725085,0.09629883975944277,3.6512118892865186,3,HYD200,200,324.3365717464816,240.8136601972812,70.0,11.2,-547.2774772996811,105.0
Mass-Nom-Real,AK,HYD500,2024-Hhigh,1439.8772305440561,4387.133333333333,0.6457892815296796,127.53583694181668,0.0885741049558978,3.046880136909769,3,HYD500,500,561.5294237076946,0.0,0.0,8.5,0.0,0.0
Mass-Nom-Real,AK,HYD500,2024-Hlow,1439.8772305440561,4387.133333333333,0.6457892815296796,196.921184016609,0.13676248213342643,3.046880136909769,3,HYD500,500,561.5294237076946,0.0,0.0,8.5,0.0,0.0
Mass-Nom-Real,AK,HYD500,2025-Hhigh,1439.8772305440561,4387.133333333333,0.6847323782909361,98.04558670772614,0.0680930183684339,3.046880136909769,3,HYD500,500,561.5294237076946,0.0,0.0,8.5,0.0,0.0
Mass-Nom-Real,AK,HYD500,2025-Hlow,1439.8772305440561,4387.133333333333,0.637352426934755,161.29548520239783,0.11202030407929466,3.046880136909769,3,HYD500,500,561.5294237076946,0.0,0.0,8.5,0.0,0.0
Mass-Nom-Real,AK,HYD500,2030-Hhigh,1439.8772305440561,4387.133333333333,0.637352426934755,79.60392105915899,0.055285214163071895,3.046880136909769,3,HYD500,500,561.5294237076946,0.0,0.0,8.5,0.0,0.0
Mass-Nom-Real,AK,HYD500,2030-Hlow,1439.8772305440561,4387.133333333333,0.637352426934755,125.58221421721824,0.08721730683231037,3.046880136909769,3,HYD500,500,561.5294237076946,0.0,0.0,8.5,0.0,0.0
Mass-Nom-Real,AK,HYD500,2035-Hhigh,1439.8772305440561,4387.133333333333,0.637352426934755,80.46330404421131,0.05588205878761506,3.046880136909769,3,HYD500,500,561.5294237076946,0.0,0.0,8.5,0.0,0.0
Mass-Nom-Real,AK,HYD500,2035-Hlow,1439.8772305440561,4387.133333333333,0.637352426934755,112.1548486869742,0.0778919523886051,3.046880136909769,3,HYD500,500,561.5294237076946,0.0,0.0,8.5,0.0,0.0
Mass-Nom-Real,AK,HYD500,2040-Hhigh,1439.8772305440561,4387.133333333333,0.637352426934755,85.75642470548834,0.05955815043556551,3.046880136909769,3,HYD500,500,561.5294237076946,0.0,0.0,8.5,0.0,0.0
Mass-Nom-Real,AK,HYD500,2040-Hlow,1439.8772305440561,4387.133333333333,0.637352426934755,124.41418796285424,0.08640610832900279,3.046880136909769,3,HYD500,500,561.5294237076946,0.0,0.0,8.5,0.0,0.0
Mass-Nom-Real,AK,HYD500,2045-Hhigh,1439.8772305440561,4387.133333333333,0.637352426934755,98.93304882384815,0.06870936405214659,3.046880136909769,3,HYD500,500,561.5294237076946,0.0,0.0,8.5,0.0,0.0
Mass-Nom-Real,AK,HYD500,2045-Hlow,1439.8772305440561,4387.133333333333,0.637352426934755,137.29561944742707,0.09535230958235937,3.046880136909769,3,HYD500,500,561.5294237076946,0.0,0.0,8.5,0.0,0.0
Mass-Nom-Real,AK,HYD1000,2024-Hhigh,1594.0816590973072,5161.400000000001,0.7335692016388685,140.51561584969647,0.08814831727583348,3.237851693822753,4,HYD1000,1000,859.9534723508367,0.0,0.0,6,0.0,0.0
Mass-Nom-Real,AK,HYD1000,2024-Hlow,1594.0816590973072,5161.400000000001,0.7335692016388685,209.95387202970815,0.1317083543565769,3.237851693822753,4,HYD1000,1000,859.9534723508367,0.0,0.0,6,0.0,0.0
Mass-Nom-Real,AK,HYD1000,2025-Hhigh,1594.0816590973072,5161.400000000001,0.7246648825579414,107.57761615001425,0.06748563697228224,3.237851693822753,4,HYD1000,1000,859.9534723508367,0.0,0.0,6,0.0,0.0
Mass-Nom-Real,AK,HYD1000,2025-Hlow,1594.0816590973072,5161.400000000001,0.6973201619300793,171.37840780126703,0.10750917735187719,3.237851693822753,4,HYD1000,1000,859.9534723508367,0.0,0.0,6,0.0,0.0
Mass-Nom-Real,AK,HYD1000,2030-Hhigh,1594.0816590973072,5161.400000000001,0.6973201619300793,86.58187970959108,0.05431458245283398,3.237851693822753,4,HYD1000,1000,859.9534723508367,0.0,0.0,6,0.0,0.0
Mass-Nom-Real,AK,HYD1000,2030-Hlow,1594.0816590973072,5161.400000000001,0.6973201619300793,133.71290039144296,0.08388083485457175,3.237851693822753,4,HYD1000,1000,859.9534723508367,0.0,0.0,6,0.0,0.0
Mass-Nom-Real,AK,HYD1000,2035-Hhigh,1594.0816590973072,5161.400000000001,0.6973201619300793,87.42461759431633,0.05484324914937101,3.237851693822753,4,HYD1000,1000,859.9534723508367,0.0,0.0,6,0.0,0.0
Mass-Nom-Real,AK,HYD1000,2035-Hlow,1594.0816590973072,5161.400000000001,0.6973201619300793,120.15864359460119,0.07537797258306349,3.237851693822753,4,HYD1000,1000,859.9534723508367,0.0,0.0,6,0.0,0.0
Mass-Nom-Real,AK,HYD1000,2040-Hhigh,1594.0816590973072,5161.400000000001,0.6973201619300793,92.51140661904337,0.058034295853720885,3.237851693822753,4,HYD1000,1000,859.9534723508367,0.0,0.0,6,0.0,0.0
Mass-Nom-Real,AK,HYD1000,2040-Hlow,1594.0816590973072,5161.400000000001,0.6973201619300793,132.03529934706637,0.08282844143745748,3.237851693822753,4,HYD1000,1000,859.9534723508367,0.0,0.0,6,0.0,0.0
Mass-Nom-Real,AK,HYD1000,2045-Hhigh,1594.0816590973072,5161.400000000001,0.6973201619300793,106.46885656340287,0.06679008942596693,3.237851693822753,4,HYD1000,1000,859.9534723508367,0.0,0.0,6,0.0,0.0
Mass-Nom-Real,AK,HYD1000,2045-Hlow,1594.0816590973072,5161.400000000001,0.6973201619300793,145.78002463946382,0.09145078848847416,3.237851693822753,4,HYD1000,1000,859.9534723508367,0.0,0.0,6,0.0,0.0
Mass-Nom-Real,AK,HYD200,2024-Hhigh,1251.6256660754598,4629.5,0.5021122412521797,110.7784457204827,0.08850764946985669,3.6987896025782603,4,HYD200,200,322.97000324677055,687.3473361680017,115.0,11.2,-373.3272563297804,100.0
Mass-Nom-Real,AK,HYD200,2024-Hlow,1251.6256660754598,4629.5,0.5021122412521797,169.9237688333012,0.13576245153721272,3.6987896025782603,4,HYD200,200,322.97000324677055,687.3473361680017,115.0,11.2,-373.3272563297804,100.0
Mass-Nom-Real,AK,HYD200,2025-Hhigh,1251.6256660754598,4629.5,0.5122504640480735,84.0199820283314,0.06712868256511599,3.6987896025782603,4,HYD200,200,322.97000324677055,687.3473361680017,115.0,11.2,-373.3272563297804,100.0
Mass-Nom-Real,AK,HYD200,2025-Hlow,1251.6256660754598,4629.5,0.4857028806564976,137.87634366133724,0.11015781107593935,3.6987896025782603,4,HYD200,200,322.97000324677055,687.3473361680017,115.0,11.2,-373.3272563297804,100.0
Mass-Nom-Real,AK,HYD200,2030-Hhigh,1251.6256660754598,4629.5,0.4857028806564976,67.4286007381636,0.05387281722145379,3.6987896025782603,4,HYD200,200,322.97000324677055,687.3473361680017,115.0,11.2,-373.3272563297804,100.0
Mass-Nom-Real,AK,HYD200,2030-Hlow,1251.6256660754598,4629.5,0.4857028806564976,106.9021294349098,0.08541062422449935,3.6987896025782603,4,HYD200,200,322.97000324677055,687.3473361680017,115.0,11.2,-373.3272563297804,100.0
Mass-Nom-Real,AK,HYD200,2035-Hhigh,1251.6256660754598,4629.5,0.4857028806564976,68.68574142281676,0.05487722350579837,3.6987896025782603,4,HYD200,200,322.97000324677055,687.3473361680017,115.0,11.2,-373.3272563297804,100.0
Mass-Nom-Real,AK,HYD200,2035-Hlow,1251.6256660754598,4629.5,0.4857028806564976,95.6168188465522,0.07639410203720409,3.6987896025782603,4,HYD200,200,322.97000324677055,687.3473361680017,115.0,11.2,-373.3272563297804,100.0
Mass-Nom-Real,AK,HYD200,2040-Hhigh,1251.6256660754598,4629.5,0.4857028806564976,72.49509617486315,0.057920749102385746,3.6987896025782603,4,HYD200,200,322.97000324677055,687.3473361680017,115.0,11.2,-373.3272563297804,100.0
Mass-Nom-Real,AK,HYD200,2040-Hlow,1251.6256660754598,4629.5,0.4857028806564976,104.55083538470535,0.08353203215505334,3.6987896025782603,4,HYD200,200,322.97000324677055,687.3473361680017,115.0,11.2,-373.3272563297804,100.0
Mass-Nom-Real,AK,HYD200,2045-Hhigh,1251.6256660754598,4629.5,0.4857028806564976,83.2316966440857,0.06649887334530555,3.6987896025782603,4,HYD200,200,322.97000324677055,687.3473361680017,115.0,11.2,-373.3272563297804,100.0
Mass-Nom-Real,AK,HYD200,2045-Hlow,1251.6256660754598,4629.5,0.4857028806564976,114.75072846144461,0.09168134816318664,3.6987896025782603,4,HYD200,200,322.97000324677055,687.3473361680017,115.0,11.2,-373.3272563297804,100.0
Mass-Nom-Real,AK,HYD500,2024-Hhigh,1581.474580023444,4862.283333333333,0.6905790874796357,139.4161303749433,0.0881557833024901,3.07452512658234,4,HYD500,500,557.4205736275474,0.0,0.0,8.5,0.0,0.0
Mass-Nom-Real,AK,HYD500,2024-Hlow,1581.474580023444,4862.283333333333,0.6905790874796357,209.98845628940236,0.13278016538608509,3.07452512658234,4,HYD500,500,557.4205736275474,0.0,0.0,8.5,0.0,0.0
Mass-Nom-Real,AK,HYD500,2025-Hhigh,1581.474580023444,4862.283333333333,0.7047348593591384,106.49454892879828,0.06733876742250235,3.07452512658234,4,HYD500,500,557.4205736275474,0.0,0.0,8.5,0.0,0.0
Mass-Nom-Real,AK,HYD500,2025-Hlow,1581.474580023444,4862.283333333333,0.6770759137742516,170.99116455825117,0.10812134871982347,3.07452512658234,4,HYD500,500,557.4205736275474,0.0,0.0,8.5,0.0,0.0
Mass-Nom-Real,AK,HYD500,2030-Hhigh,1581.474580023444,4862.283333333333,0.6770759137742516,85.59096329534205,0.05412098580432019,3.07452512658234,4,HYD500,500,557.4205736275474,0.0,0.0,8.5,0.0,0.0
Mass-Nom-Real,AK,HYD500,2030-Hlow,1581.474580023444,4862.283333333333,0.6770759137742516,133.07592189567617,0.08414673468460267,3.07452512658234,4,HYD500,500,557.4205736275474,0.0,0.0,8.5,0.0,0.0
Mass-Nom-Real,AK,HYD500,2035-Hhigh,1581.474580023444,4862.283333333333,0.6770759137742516,86.64902910648699,0.05479002331178949,3.07452512658234,4,HYD500,500,557.4205736275474,0.0,0.0,8.5,0.0,0.0
Mass-Nom-Real,AK,HYD500,2035-Hlow,1581.474580023444,4862.283333333333,0.6770759137742516,119.38121508007904,0.07548728040782629,3.07452512658234,4,HYD500,500,557.4205736275474,0.0,0.0,8.5,0.0,0.0
Mass-Nom-Real,AK,HYD500,2040-Hhigh,1581.474580023444,4862.283333333333,0.6770759137742516,91.56319290030531,0.05789735355654465,3.07452512658234,4,HYD500,500,557.4205736275474,0.0,0.0,8.5,0.0,0.0
Mass-Nom-Real,AK,HYD500,2040-Hlow,1581.474580023444,4862.283333333333,0.6770759137742516,130.91002636621053,0.08277719289314779,3.07452512658234,4,HYD500,500,557.4205736275474,0.0,0.0,8.5,0.0,0.0
Mass-Nom-Real,AK,HYD500,2045-Hhigh,1581.474580023444,4862.283333333333,0.6770759137742516,105.3319233494724,0.06660361455061196,3.07452512658234,4,HYD500,500,557.4205736275474,0.0,0.0,8.5,0.0,0.0
Mass-Nom-Real,AK,HYD500,2045-Hlow,1581.474580023444,4862.283333333333,0.6770759137742516,144.26100563005997,0.09121930093111039,3.07452512658234,4,HYD500,500,557.4205736275474,0.0,0.0,8.5,0.0,0.0
Mass-Nom-Real,AK,HYD1000,2024-Hhigh,1734.5633611237395,5636.0,0.7804047551091371,152.52775542968763,0.08793438097924096,3.2492327039288487,5,HYD1000,1000,856.0742082720665,0.0,0.0,6,0.0,0.0
Mass-Nom-Real,AK,HYD1000,2024-Hlow,1734.5633611237395,5636.0,0.7804047551091371,224.75001075085888,0.12957151971966838,3.2492327039288487,5,HYD1000,1000,856.0742082720665,0.0,0.0,6,0.0,0.0
Mass-Nom-Real,AK,HYD1000,2025-Hhigh,1734.5633611237395,5636.0,0.8129906600065283,116.82027838867829,0.06734852182799254,3.2492327039288487,5,HYD1000,1000,856.0742082720665,0.0,0.0,6,0.0,0.0
Mass-Nom-Real,AK,HYD1000,2025-Hlow,1734.5633611237395,5636.0,0.7702145808792639,182.35954329624946,0.10513282327035177,3.2492327039288487,5,HYD1000,1000,856.0742082720665,0.0,0.0,6,0.0,0.0
Mass-Nom-Real,AK,HYD1000,2030-Hhigh,1734.5633611237395,5636.0,0.7702145808792639,94.07987965332124,0.05423836439873344,3.2492327039288487,5,HYD1000,1000,856.0742082720665,0.0,0.0,6,0.0,0.0
Mass-Nom-Real,AK,HYD1000,2030-Hlow,1734.5633611237395,5636.0,0.7702145808792639,142.56961675305539,0.08219337497172283,3.2492327039288487,5,HYD1000,1000,856.0742082720665,0.0,0.0,6,0.0,0.0
Mass-Nom-Real,AK,HYD1000,2035-Hhigh,1734.5633611237395,5636.0,0.7702145808792639,94.31715190722345,0.054375155166496734,3.2492327039288487,5,HYD1000,1000,856.0742082720665,0.0,0.0,6,0.0,0.0
Mass-Nom-Real,AK,HYD1000,2035-Hlow,1734.5633611237395,5636.0,0.7702145808792639,129.00453607553385,0.07437291653154605,3.2492327039288487,5,HYD1000,1000,856.0742082720665,0.0,0.0,6,0.0,0.0
Mass-Nom-Real,AK,HYD1000,2040-Hhigh,1734.5633611237395,5636.0,0.7702145808792639,99.93415597595367,0.057613436450779855,3.2492327039288487,5,HYD1000,1000,856.0742082720665,0.0,0.0,6,0.0,0.0
Mass-Nom-Real,AK,HYD1000,2040-Hlow,1734.5633611237395,5636.0,0.7702145808792639,141.061370909001,0.08132385018072455,3.2492327039288487,5,HYD1000,1000,856.0742082720665,0.0,0.0,6,0.0,0.0
Mass-Nom-Real,AK,HYD1000,2045-Hhigh,1734.5633611237395,5636.0,0.7702145808792639,114.34618113287064,0.0659221702104853,3.2492327039288487,5,HYD1000,1000,856.0742082720665,0.0,0.0,6,0.0,0.0
Mass-Nom-Real,AK,HYD1000,2045-Hlow,1734.5633611237395,5636.0,0.7702145808792639,155.16357008881835,0.08945396493806683,3.2492327039288487,5,HYD1000,1000,856.0742082720665,0.0,0.0,6,0.0,0.0
Mass-Nom-Real,AK,HYD200,2024-Hhigh,1371.9916211324792,5107.999999999999,0.6007826642884249,120.70207995453733,0.08797581420716444,3.72305480683892,5,HYD200,200,321.89182143137,692.4884631546855,129.0,11.2,-553.1329991606106,136.0
Mass-Nom-Real,AK,HYD200,2024-Hlow,1371.9916211324792,5107.999999999999,0.6007826642884249,182.7803978007906,0.13322267788335232,3.72305480683892,5,HYD200,200,321.89182143137,692.4884631546855,129.0,11.2,-553.1329991606106,136.0
Mass-Nom-Real,AK,HYD200,2025-Hhigh,1371.9916211324792,5107.999999999999,0.6156332558743,91.46746556498333,0.06666765609653184,3.72305480683892,5,HYD200,200,321.89182143137,692.4884631546855,129.0,11.2,-553.1329991606106,136.0
Mass-Nom-Real,AK,HYD200,2025-Hlow,1371.9916211324792,5107.999999999999,0.5876707226377164,147.10362673364097,0.10721904162375105,3.72305480683892,5,HYD200,200,321.89182143137,692.4884631546855,129.0,11.2,-553.1329991606106,136.0
Mass-Nom-Real,AK,HYD200,2030-Hhigh,1371.9916211324792,5107.999999999999,0.5876707226377164,73.48783570945542,0.05356288958149509,3.72305480683892,5,HYD200,200,321.89182143137,692.4884631546855,129.0,11.2,-553.1329991606106,136.0
Mass-Nom-Real,AK,HYD200,2030-Hlow,1371.9916211324792,5107.999999999999,0.5876707226377164,114.3352065250709,0.08333520756540445,3.72305480683892,5,HYD200,200,321.89182143137,692.4884631546855,129.0,11.2,-553.1329991606106,136.0
Mass-Nom-Real,AK,HYD200,2035-Hhigh,1371.9916211324792,5107.999999999999,0.5876707226377164,74.25750216725316,0.054123874390689795,3.72305480683892,5,HYD200,200,321.89182143137,692.4884631546855,129.0,11.2,-553.1329991606106,136.0
Mass-Nom-Real,AK,HYD200,2035-Hlow,1371.9916211324792,5107.999999999999,0.5876707226377164,103.00149460555959,0.07507443414307396,3.72305480683892,5,HYD200,200,321.89182143137,692.4884631546855,129.0,11.2,-553.1329991606106,136.0
Mass-Nom-Real,AK,HYD200,2040-Hhigh,1371.9916211324792,5107.999999999999,0.5876707226377164,78.55609789922273,0.057256980792915045,3.72305480683892,5,HYD200,200,321.89182143137,692.4884631546855,129.0,11.2,-553.1329991606106,136.0
Mass-Nom-Real,AK,HYD200,2040-Hlow,1371.9916211324792,5107.999999999999,0.5876707226377164,112.08011675109671,0.08169154608873103,3.72305480683892,5,HYD200,200,321.89182143137,692.4884631546855,129.0,11.2,-553.1329991606106,136.0
Mass-Nom-Real,AK,HYD200,2045-Hhigh,1371.9916211324792,5107.999999999999,0.5876707226377164,89.58375942945874,0.06529468405609785,3.72305480683892,5,HYD200,200,321.89182143137,692.4884631546855,129.0,11.2,-553.1329991606106,136.0
Mass-Nom-Real,AK,HYD200,2045-Hlow,1371.9916211324792,5107.999999999999,0.5876707226377164,122.46110801978472,0.089257912463563,3.72305480683892,5,HYD200,200,321.89182143137,692.4884631546855,129.0,11.2,-553.1329991606106,136.0
Mass-Nom-Real,AK,HYD500,2024-Hhigh,1729.3362806198993,5339.133333333333,0.780994557155381,151.61001779533774,0.08766948308109947,3.0873887243141995,5,HYD500,500,555.3700639715402,0.0,0.0,8.5,0.0,0.0
Mass-Nom-Real,AK,HYD500,2024-Hlow,1729.3362806198993,5339.133333333333,0.780994557155381,225.53885603903228,0.13041931668615975,3.0873887243141995,5,HYD500,500,555.3700639715402,0.0,0.0,8.5,0.0,0.0
Mass-Nom-Real,AK,HYD500,2025-Hhigh,1729.3362806198993,5339.133333333333,0.8000805804777071,115.66218736061553,0.06688241532708443,3.0873887243141995,5,HYD500,500,555.3700639715402,0.0,0.0,8.5,0.0,0.0
Mass-Nom-Real,AK,HYD500,2025-Hlow,1729.3362806198993,5339.133333333333,0.7674913834499969,182.24434068902232,0.10538398039257862,3.0873887243141995,5,HYD500,500,555.3700639715402,0.0,0.0,8.5,0.0,0.0
Mass-Nom-Real,AK,HYD500,2030-Hhigh,1729.3362806198993,5339.133333333333,0.7674913834499969,93.0719995741088,0.05381949168425827,3.0873887243141995,5,HYD500,500,555.3700639715402,0.0,0.0,8.5,0.0,0.0
Mass-Nom-Real,AK,HYD500,2030-Hlow,1729.3362806198993,5339.133333333333,0.7674913834499969,142.12955183556588,0.08218734171506423,3.0873887243141995,5,HYD500,500,555.3700639715402,0.0,0.0,8.5,0.0,0.0
Mass-Nom-Real,AK,HYD500,2035-Hhigh,1729.3362806198993,5339.133333333333,0.7674913834499969,93.5280017974239,0.05408317794841948,3.0873887243141995,5,HYD500,500,555.3700639715402,0.0,0.0,8.5,0.0,0.0
Mass-Nom-Real,AK,HYD500,2035-Hlow,1729.3362806198993,5339.133333333333,0.7674913834499969,128.4520796510843,0.07427825408545714,3.0873887243141995,5,HYD500,500,555.3700639715402,0.0,0.0,8.5,0.0,0.0
Mass-Nom-Real,AK,HYD500,2040-Hhigh,1729.3362806198993,5339.133333333333,0.7674913834499969,99.0230052459557,0.057260699584964374,3.0873887243141995,5,HYD500,500,555.3700639715402,0.0,0.0,8.5,0.0,0.0
Mass-Nom-Real,AK,HYD500,2040-Hlow,1729.3362806198993,5339.133333333333,0.7674913834499969,139.9920813972851,0.08095133547253366,3.0873887243141995,5,HYD500,500,555.3700639715402,0.0,0.0,8.5,0.0,0.0
Mass-Nom-Real,AK,HYD500,2045-Hhigh,1729.3362806198993,5339.133333333333,0.7674913834499969,113.15728725432687,0.06543394047903998,3.0873887243141995,5,HYD500,500,555.3700639715402,0.0,0.0,8.5,0.0,0.0
Mass-Nom-Real,AK,HYD500,2045-Hlow,1729.3362806198993,5339.133333333333,0.7674913834499969,153.56982657978278,0.0888027553118437,3.0873887243141995,5,HYD500,500,555.3700639715402,0.0,0.0,8.5,0.0,0.0
Mass-Nom-Real,CH,HYD1000,2024-Hhigh,2829.1320690742946,8183.0598666666665,1.3743560757873066,277.889468409601,0.09822428279232923,2.8924276657555272,3,HYD1000,1000,980.5127215756835,0.0,0.0,11.2,0.0,0.0
Mass-Nom-Real,CH,HYD1000,2024-Hlow,2829.1320690742946,8183.0598666666665,1.3743560757873066,407.4705222500471,0.14402668815081984,2.8924276657555272,3,HYD1000,1000,980.5127215756835,0.0,0.0,11.2,0.0,0.0
Mass-Nom-Real,CH,HYD1000,2025-Hhigh,2829.1320690742946,8183.0598666666665,1.4318004751196842,215.93697932447716,0.07632622799229474,2.8924276657555272,3,HYD1000,1000,980.5127215756835,0.0,0.0,11.2,0.0,0.0
Mass-Nom-Real,CH,HYD1000,2025-Hlow,2829.1320690742946,8183.0598666666665,1.3655938473611937,332.8200483241686,0.1176403363993781,2.8924276657555272,3,HYD1000,1000,980.5127215756835,0.0,0.0,11.2,0.0,0.0
Mass-Nom-Real,CH,HYD1000,2030-Hhigh,2829.1320690742946,8183.0598666666665,1.3655938473611937,173.68015948782133,0.06138990872372045,2.8924276657555272,3,HYD1000,1000,980.5127215756835,0.0,0.0,11.2,0.0,0.0
Mass-Nom-Real,CH,HYD1000,2030-Hlow,2829.1320690742946,8183.0598666666665,1.3655938473611937,258.4432693896677,0.09135072632866927,2.8924276657555272,3,HYD1000,1000,980.5127215756835,0.0,0.0,11.2,0.0,0.0
Mass-Nom-Real,CH,HYD1000,2035-Hhigh,2829.1320690742946,8183.0598666666665,1.3655938473611937,173.2179570819543,0.06122653621420793,2.8924276657555272,3,HYD1000,1000,980.5127215756835,0.0,0.0,11.2,0.0,0.0
Mass-Nom-Real,CH,HYD1000,2035-Hlow,2829.1320690742946,8183.0598666666665,1.3655938473611937,224.8017072106211,0.07945960164531211,2.8924276657555272,3,HYD1000,1000,980.5127215756835,0.0,0.0,11.2,0.0,0.0
Mass-Nom-Real,CH,HYD1000,2040-Hhigh,2829.1320690742946,8183.0598666666665,1.3655938473611937,181.0934522833407,0.06401025044496962,2.8924276657555272,3,HYD1000,1000,980.5127215756835,0.0,0.0,11.2,0.0,0.0
Mass-Nom-Real,CH,HYD1000,2040-Hlow,2829.1320690742946,8183.0598666666665,1.3655938473611937,251.62014941558326,0.08893899021755974,2.8924276657555272,3,HYD1000,1000,980.5127215756835,0.0,0.0,11.2,0.0,0.0
Mass-Nom-Real,CH,HYD1000,2045-Hhigh,2829.1320690742946,8183.0598666666665,1.3655938473611937,208.49333651794132,0.07369515859546329,2.8924276657555272,3,HYD1000,1000,980.5127215756835,0.0,0.0,11.2,0.0,0.0
Mass-Nom-Real,CH,HYD1000,2045-Hlow,2829.1320690742946,8183.0598666666665,1.3655938473611937,277.2547189780905,0.097999920897581,2.8924276657555272,3,HYD1000,1000,980.5127215756835,0.0,0.0,11.2,0.0,0.0
Mass-Nom-Real,CH,HYD200,2024-Hhigh,2601.3685734951478,7576.333333333333,1.214364003522609,252.73243091927907,0.09715364193075983,2.91244132435794,3,HYD200,200,368.10928314615364,24.960872345539567,10.0,14,-448.29801830579277,95.0
Mass-Nom-Real,CH,HYD200,2024-Hlow,2601.3685734951478,7576.333333333333,1.214364003522609,372.891423327973,0.14334432541674147,2.91244132435794,3,HYD200,200,368.10928314615364,24.960872345539567,10.0,14,-448.29801830579277,95.0
Mass-Nom-Real,CH,HYD200,2025-Hhigh,2601.3685734951478,7576.333333333333,1.276633127473336,194.94630095391284,0.07493990007420856,2.91244132435794,3,HYD200,200,368.10928314615364,24.960872345539567,10.0,14,-448.29801830579277,95.0
Mass-Nom-Real,CH,HYD200,2025-Hlow,2601.3685734951478,7576.333333333333,1.1996344229966738,302.30730240967733,0.11621086895945051,2.91244132435794,3,HYD200,200,368.10928314615364,24.960872345539567,10.0,14,-448.29801830579277,95.0
Mass-Nom-Real,CH,HYD200,2030-Hhigh,2601.3685734951478,7576.333333333333,1.1996344229966738,156.2664349930238,0.060070855235660546,2.91244132435794,3,HYD200,200,368.10928314615364,24.960872345539567,10.0,14,-448.29801830579277,95.0
Mass-Nom-Real,CH,HYD200,2030-Hlow,2601.3685734951478,7576.333333333333,1.1996344229966738,234.08974311478093,0.08998714964879527,2.91244132435794,3,HYD200,200,368.10928314615364,24.960872345539567,10.0,14,-448.29801830579277,95.0
Mass-Nom-Real,CH,HYD200,2035-Hhigh,2601.3685734951478,7576.333333333333,1.1996344229966738,156.40543427342635,0.06012428837151788,2.91244132435794,3,HYD200,200,368.10928314615364,24.960872345539567,10.0,14,-448.29801830579277,95.0
Mass-Nom-Real,CH,HYD200,2035-Hlow,2601.3685734951478,7576.333333333333,1.1996344229966738,205.10096173196763,0.07884348408822284,2.91244132435794,3,HYD200,200,368.10928314615364,24.960872345539567,10.0,14,-448.29801830579277,95.0
Mass-Nom-Real,CH,HYD200,2040-Hhigh,2601.3685734951478,7576.333333333333,1.1996344229966738,163.39381838850827,0.06281071434986067,2.91244132435794,3,HYD200,200,368.10928314615364,24.960872345539567,10.0,14,-448.29801830579277,95.0
Mass-Nom-Real,CH,HYD200,2040-Hlow,2601.3685734951478,7576.333333333333,1.1996344229966738,228.4346456307346,0.08781325643671258,2.91244132435794,3,HYD200,200,368.10928314615364,24.960872345539567,10.0,14,-448.29801830579277,95.0
Mass-Nom-Real,CH,HYD200,2045-Hhigh,2601.3685734951478,7576.333333333333,1.1996344229966738,187.43256989065765,0.07205152387876622,2.91244132435794,3,HYD200,200,368.10928314615364,24.960872345539567,10.0,14,-448.29801830579277,95.0
Mass-Nom-Real,CH,HYD200,2045-Hlow,2601.3685734951478,7576.333333333333,1.1996344229966738,250.77515706423065,0.09640124033915505,2.91244132435794,3,HYD200,200,368.10928314615364,24.960872345539567,10.0,14,-448.29801830579277,95.0
Mass-Nom-Real,CH,HYD500,2024-Hhigh,2696.8341504309096,7841.866666666666,1.2755915536265547,261.8292630272084,0.09708763995938438,2.9078045698188983,3,HYD500,500,636.0195277705851,0.0,0.0,14,0.0,0.0
Mass-Nom-Real,CH,HYD500,2024-Hlow,2696.8341504309096,7841.866666666666,1.2755915536265547,384.33337714135916,0.1425127967472338,2.9078045698188983,3,HYD500,500,636.0195277705851,0.0,0.0,14,0.0,0.0
Mass-Nom-Real,CH,HYD500,2025-Hhigh,2696.8341504309096,7841.866666666666,1.3348675681428137,202.75508870256175,0.0751826317054628,2.9078045698188983,3,HYD500,500,636.0195277705851,0.0,0.0,14,0.0,0.0
Mass-Nom-Real,CH,HYD500,2025-Hlow,2696.8341504309096,7841.866666666666,1.263972531223592,312.5221790947328,0.11588483446221448,2.9078045698188983,3,HYD500,500,636.0195277705851,0.0,0.0,14,0.0,0.0
Mass-Nom-Real,CH,HYD500,2030-Hhigh,2696.8341504309096,7841.866666666666,1.263972531223592,162.7373311331274,0.06034384098374187,2.9078045698188983,3,HYD500,500,636.0195277705851,0.0,0.0,14,0.0,0.0
Mass-Nom-Real,CH,HYD500,2030-Hlow,2696.8341504309096,7841.866666666666,1.263972531223592,242.3206004951364,0.08985372736266246,2.9078045698188983,3,HYD500,500,636.0195277705851,0.0,0.0,14,0.0,0.0
Mass-Nom-Real,CH,HYD500,2035-Hhigh,2696.8341504309096,7841.866666666666,1.263972531223592,162.5610299678938,0.06027846760317806,2.9078045698188983,3,HYD500,500,636.0195277705851,0.0,0.0,14,0.0,0.0
Mass-Nom-Real,CH,HYD500,2035-Hlow,2696.8341504309096,7841.866666666666,1.263972531223592,212.31346197511627,0.07872692577005229,2.9078045698188983,3,HYD500,500,636.0195277705851,0.0,0.0,14,0.0,0.0
Mass-Nom-Real,CH,HYD500,2040-Hhigh,2696.8341504309096,7841.866666666666,1.263972531223592,169.88237524999224,0.06299326016130723,2.9078045698188983,3,HYD500,500,636.0195277705851,0.0,0.0,14,0.0,0.0
Mass-Nom-Real,CH,HYD500,2040-Hlow,2696.8341504309096,7841.866666666666,1.263972531223592,236.53072562200944,0.08770681192397972,2.9078045698188983,3,HYD500,500,636.0195277705851,0.0,0.0,14,0.0,0.0
Mass-Nom-Real,CH,HYD500,2045-Hhigh,2696.8341504309096,7841.866666666666,1.263972531223592,195.25673835496565,0.07240220475692465,2.9078045698188983,3,HYD500,500,636.0195277705851,0.0,0.0,14,0.0,0.0
Mass-Nom-Real,CH,HYD500,2045-Hlow,2696.8341504309096,7841.866666666666,1.263972531223592,260.2293585151924,0.09649438712188217,2.9078045698188983,3,HYD500,500,636.0195277705851,0.0,0.0,14,0.0,0.0
Mass-Nom-Real,CH,HYD1000,2024-Hhigh,2965.1210987596705,8657.914999999999,1.4089877588808346,289.78624272179684,0.09773167201940464,2.919919528285594,4,HYD1000,1000,976.0706668782007,0.0,0.0,11.2,0.0,0.0
Mass-Nom-Real,CH,HYD1000,2024-Hlow,2965.1210987596705,8657.914999999999,1.4089877588808346,420.9143039968935,0.1419551815853203,2.919919528285594,4,HYD1000,1000,976.0706668782007,0.0,0.0,11.2,0.0,0.0
Mass-Nom-Real,CH,HYD1000,2025-Hhigh,2965.1210987596705,8657.914999999999,1.437549110577801,224.75372463272294,0.07579917215750105,2.919919528285594,4,HYD1000,1000,976.0706668782007,0.0,0.0,11.2,0.0,0.0
Mass-Nom-Real,CH,HYD1000,2025-Hlow,2965.1210987596705,8657.914999999999,1.3938041601342952,343.15663733704883,0.11573106996560562,2.919919528285594,4,HYD1000,1000,976.0706668782007,0.0,0.0,11.2,0.0,0.0
Mass-Nom-Real,CH,HYD1000,2030-Hhigh,2965.1210987596705,8657.914999999999,1.3938041601342952,180.12013414154282,0.06074629944014369,2.919919528285594,4,HYD1000,1000,976.0706668782007,0.0,0.0,11.2,0.0,0.0
Mass-Nom-Real,CH,HYD1000,2030-Hlow,2965.1210987596705,8657.914999999999,1.3938041601342952,266.46354829638057,0.08986599178287996,2.919919528285594,4,HYD1000,1000,976.0706668782007,0.0,0.0,11.2,0.0,0.0
Mass-Nom-Real,CH,HYD1000,2035-Hhigh,2965.1210987596705,8657.914999999999,1.3938041601342952,179.8515894276701,0.06065573156620928,2.919919528285594,4,HYD1000,1000,976.0706668782007,0.0,0.0,11.2,0.0,0.0
Mass-Nom-Real,CH,HYD1000,2035-Hlow,2965.1210987596705,8657.914999999999,1.3938041601342952,232.57115019100934,0.07843563296227442,2.919919528285594,4,HYD1000,1000,976.0706668782007,0.0,0.0,11.2,0.0,0.0
Mass-Nom-Real,CH,HYD1000,2040-Hhigh,2965.1210987596705,8657.914999999999,1.3938041601342952,187.3645115554683,0.06318949726331384,2.919919528285594,4,HYD1000,1000,976.0706668782007,0.0,0.0,11.2,0.0,0.0
Mass-Nom-Real,CH,HYD1000,2040-Hlow,2965.1210987596705,8657.914999999999,1.3938041601342952,258.96220209365066,0.08733613011690357,2.919919528285594,4,HYD1000,1000,976.0706668782007,0.0,0.0,11.2,0.0,0.0
Mass-Nom-Real,CH,HYD1000,2045-Hhigh,2965.1210987596705,8657.914999999999,1.3938041601342952,215.64690259874712,0.07272785677757095,2.919919528285594,4,HYD1000,1000,976.0706668782007,0.0,0.0,11.2,0.0,0.0
Mass-Nom-Real,CH,HYD1000,2045-Hlow,2965.1210987596705,8657.914999999999,1.3938041601342952,285.22187577580644,0.09619231939468395,2.919919528285594,4,HYD1000,1000,976.0706668782007,0.0,0.0,11.2,0.0,0.0
Mass-Nom-Real,CH,HYD200,2024-Hhigh,2740.1093100467688,8054.9,1.2293347137997224,264.55666556590865,0.09654967580887973,2.939627251535639,4,HYD200,200,367.34837897034475,40.9818815430795,20.0,14,-281.1634443596565,86.0
Mass-Nom-Real,CH,HYD200,2024-Hlow,2740.1093100467688,8054.9,1.2293347137997224,385.85163699519114,0.14081614758230407,2.939627251535639,4,HYD200,200,367.34837897034475,40.9818815430795,20.0,14,-281.1634443596565,86.0
Mass-Nom-Real,CH,HYD200,2025-Hhigh,2740.1093100467688,8054.9,1.2615750477102425,203.1966770347455,0.07415641277145885,2.939627251535639,4,HYD200,200,367.34837897034475,40.9818815430795,20.0,14,-281.1634443596565,86.0
Mass-Nom-Real,CH,HYD200,2025-Hlow,2740.1093100467688,8054.9,1.2085212187093302,311.8600439997888,0.11381299383069718,2.939627251535639,4,HYD200,200,367.34837897034475,40.9818815430795,20.0,14,-281.1634443596565,86.0
Mass-Nom-Real,CH,HYD200,2030-Hhigh,2740.1093100467688,8054.9,1.2085212187093302,161.95736706458888,0.059106170133710674,2.939627251535639,4,HYD200,200,367.34837897034475,40.9818815430795,20.0,14,-281.1634443596565,86.0
Mass-Nom-Real,CH,HYD200,2030-Hlow,2740.1093100467688,8054.9,1.2085212187093302,241.49831741698574,0.0881345559943606,2.939627251535639,4,HYD200,200,367.34837897034475,40.9818815430795,20.0,14,-281.1634443596565,86.0
Mass-Nom-Real,CH,HYD200,2035-Hhigh,2740.1093100467688,8054.9,1.2085212187093302,162.40969903460183,0.059271248208645294,2.939627251535639,4,HYD200,200,367.34837897034475,40.9818815430795,20.0,14,-281.1634443596565,86.0
Mass-Nom-Real,CH,HYD200,2035-Hlow,2740.1093100467688,8054.9,1.2085212187093302,212.27896347711044,0.07747098362053564,2.939627251535639,4,HYD200,200,367.34837897034475,40.9818815430795,20.0,14,-281.1634443596565,86.0
Mass-Nom-Real,CH,HYD200,2040-Hhigh,2740.1093100467688,8054.9,1.2085212187093302,168.8245321596604,0.061612334785570606,2.939627251535639,4,HYD200,200,367.34837897034475,40.9818815430795,20.0,14,-281.1634443596565,86.0
Mass-Nom-Real,CH,HYD200,2040-Hlow,2740.1093100467688,8054.9,1.2085212187093302,234.71391381729146,0.08565859506286824,2.939627251535639,4,HYD200,200,367.34837897034475,40.9818815430795,20.0,14,-281.1634443596565,86.0
Mass-Nom-Real,CH,HYD200,2045-Hhigh,2740.1093100467688,8054.9,1.2085212187093302,193.46014157075348,0.07060307443262234,2.939627251535639,4,HYD200,200,367.34837897034475,40.9818815430795,20.0,14,-281.1634443596565,86.0
Mass-Nom-Real,CH,HYD200,2045-Hlow,2740.1093100467688,8054.9,1.2085212187093302,257.37580814468595,0.09392902947375227,2.939627251535639,4,HYD200,200,367.34837897034475,40.9818815430795,20.0,14,-281.1634443596565,86.0
Mass-Nom-Real,CH,HYD500,2024-Hhigh,2835.4747096796973,8319.266666666666,1.2965841777154503,273.7408247276094,0.09654144464527135,2.9339943108173347,4,HYD500,500,633.9753098307597,0.0,0.0,14,0.0,0.0
Mass-Nom-Real,CH,HYD500,2024-Hlow,2835.4747096796973,8319.266666666666,1.2965841777154503,397.5144979481812,0.1401932793091586,2.9339943108173347,4,HYD500,500,633.9753098307597,0.0,0.0,14,0.0,0.0
Mass-Nom-Real,CH,HYD500,2025-Hhigh,2835.4747096796973,8319.266666666666,1.3318176210604398,211.22630239171556,0.07449415848098898,2.9339943108173347,4,HYD500,500,633.9753098307597,0.0,0.0,14,0.0,0.0
Mass-Nom-Real,CH,HYD500,2025-Hlow,2835.4747096796973,8319.266666666666,1.2757706826250583,322.3835399158756,0.11369649632752073,2.9339943108173347,4,HYD500,500,633.9753098307597,0.0,0.0,14,0.0,0.0
Mass-Nom-Real,CH,HYD500,2030-Hhigh,2835.4747096796973,8319.266666666666,1.2757706826250583,168.7485127466711,0.0595133196464776,2.9339943108173347,4,HYD500,500,633.9753098307597,0.0,0.0,14,0.0,0.0
Mass-Nom-Real,CH,HYD500,2030-Hlow,2835.4747096796973,8319.266666666666,1.2757706826250583,249.9765958878011,0.08816040398259772,2.9339943108173347,4,HYD500,500,633.9753098307597,0.0,0.0,14,0.0,0.0
Mass-Nom-Real,CH,HYD500,2035-Hhigh,2835.4747096796973,8319.266666666666,1.2757706826250583,168.8301941173755,0.05954212659383832,2.9339943108173347,4,HYD500,500,633.9753098307597,0.0,0.0,14,0.0,0.0
Mass-Nom-Real,CH,HYD500,2035-Hlow,2835.4747096796973,8319.266666666666,1.2757706826250583,219.6409058660947,0.0774617756653897,2.9339943108173347,4,HYD500,500,633.9753098307597,0.0,0.0,14,0.0,0.0
Mass-Nom-Real,CH,HYD500,2040-Hhigh,2835.4747096796973,8319.266666666666,1.2757706826250583,175.58979001680234,0.06192606459065806,2.9339943108173347,4,HYD500,500,633.9753098307597,0.0,0.0,14,0.0,0.0
Mass-Nom-Real,CH,HYD500,2040-Hlow,2835.4747096796973,8319.266666666666,1.2757706826250583,243.1575611745714,0.08575550342398897,2.9339943108173347,4,HYD500,500,633.9753098307597,0.0,0.0,14,0.0,0.0
Mass-Nom-Real,CH,HYD500,2045-Hhigh,2835.4747096796973,8319.266666666666,1.2757706826250583,201.75053934268087,0.07115229723402158,2.9339943108173347,4,HYD500,500,633.9753098307597,0.0,0.0,14,0.0,0.0
Mass-Nom-Real,CH,HYD500,2045-Hlow,2835.4747096796973,8319.266666666666,1.2757706826250583,267.3763440057148,0.09429685374831587,2.9339943108173347,4,HYD500,500,633.9753098307597,0.0,0.0,14,0.0,0.0
Mass-Nom-Real,CH,HYD1000,2024-Hhigh,3106.6394127268054,9133.244133333334,1.4855960058073876,302.42328636530686,0.09734740540739469,2.9399112416837485,5,HYD1000,1000,972.9518100150833,0.0,0.0,11.2,0.0,0.0
Mass-Nom-Real,CH,HYD1000,2024-Hlow,3106.6394127268054,9133.244133333334,1.4855960058073876,436.3317091717155,0.14045135311945714,2.9399112416837485,5,HYD1000,1000,972.9518100150833,0.0,0.0,11.2,0.0,0.0
Mass-Nom-Real,CH,HYD1000,2025-Hhigh,3106.6394127268054,9133.244133333334,1.5286481243762984,234.47526542824843,0.0754755329722806,2.9399112416837485,5,HYD1000,1000,972.9518100150833,0.0,0.0,11.2,0.0,0.0
Mass-Nom-Real,CH,HYD1000,2025-Hlow,3106.6394127268054,9133.244133333334,1.4769830124152181,354.49579534824585,0.11410908967934986,2.9399112416837485,5,HYD1000,1000,972.9518100150833,0.0,0.0,11.2,0.0,0.0
Mass-Nom-Real,CH,HYD1000,2030-Hhigh,3106.6394127268054,9133.244133333334,1.4769830124152181,188.12842266076322,0.06055689047466129,2.9399112416837485,5,HYD1000,1000,972.9518100150833,0.0,0.0,11.2,0.0,0.0
Mass-Nom-Real,CH,HYD1000,2030-Hlow,3106.6394127268054,9133.244133333334,1.4769830124152181,275.58354649978605,0.08870792837135122,2.9399112416837485,5,HYD1000,1000,972.9518100150833,0.0,0.0,11.2,0.0,0.0
Mass-Nom-Real,CH,HYD1000,2035-Hhigh,3106.6394127268054,9133.244133333334,1.4769830124152181,186.97540414824823,0.06018574392067389,2.9399112416837485,5,HYD1000,1000,972.9518100150833,0.0,0.0,11.2,0.0,0.0
Mass-Nom-Real,CH,HYD1000,2035-Hlow,3106.6394127268054,9133.244133333334,1.4769830124152181,241.59009906598976,0.07776573556502257,2.9399112416837485,5,HYD1000,1000,972.9518100150833,0.0,0.0,11.2,0.0,0.0
Mass-Nom-Real,CH,HYD1000,2040-Hhigh,3106.6394127268054,9133.244133333334,1.4769830124152181,195.15520818295204,0.06281875115067105,2.9399112416837485,5,HYD1000,1000,972.9518100150833,0.0,0.0,11.2,0.0,0.0
Mass-Nom-Real,CH,HYD1000,2040-Hlow,3106.6394127268054,9133.244133333334,1.4769830124152181,267.8930813675429,0.08623243504543188,2.9399112416837485,5,HYD1000,1000,972.9518100150833,0.0,0.0,11.2,0.0,0.0
Mass-Nom-Real,CH,HYD1000,2045-Hhigh,3106.6394127268054,9133.244133333334,1.4769830124152181,223.86705310906723,0.07206084239836877,2.9399112416837485,5,HYD1000,1000,972.9518100150833,0.0,0.0,11.2,0.0,0.0
Mass-Nom-Real,CH,HYD1000,2045-Hlow,3106.6394127268054,9133.244133333334,1.4769830124152181,294.5161296421243,0.0948021609574628,2.9399112416837485,5,HYD1000,1000,972.9518100150833,0.0,0.0,11.2,0.0,0.0
Mass-Nom-Real,CH,HYD200,2024-Hhigh,2885.461722367403,8533.466666666667,1.344877847805153,276.7264991191443,0.09590371515727526,2.957400751677727,5,HYD200,200,366.4181974858912,59.80251660033547,23.0,14,-365.59991316622813,118.0
Mass-Nom-Real,CH,HYD200,2024-Hlow,2885.461722367403,8533.466666666667,1.344877847805153,401.4942631039273,0.1391438534746937,2.957400751677727,5,HYD200,200,366.4181974858912,59.80251660033547,23.0,14,-365.59991316622813,118.0
Mass-Nom-Real,CH,HYD200,2025-Hhigh,2885.461722367403,8533.466666666667,1.3831044005846114,212.3305931428088,0.07358634893572605,2.957400751677727,5,HYD200,200,366.4181974858912,59.80251660033547,23.0,14,-365.59991316622813,118.0
Mass-Nom-Real,CH,HYD200,2025-Hlow,2885.461722367403,8533.466666666667,1.3240643527147609,323.00064159047713,0.11194071267230962,2.957400751677727,5,HYD200,200,366.4181974858912,59.80251660033547,23.0,14,-365.59991316622813,118.0
Mass-Nom-Real,CH,HYD200,2030-Hhigh,2885.461722367403,8533.466666666667,1.3240643527147609,169.4213146765355,0.05871549546584602,2.957400751677727,5,HYD200,200,366.4181974858912,59.80251660033547,23.0,14,-365.59991316622813,118.0
Mass-Nom-Real,CH,HYD200,2030-Hlow,2885.461722367403,8533.466666666667,1.3240643527147609,250.39578745981726,0.0867784124526101,2.957400751677727,5,HYD200,200,366.4181974858912,59.80251660033547,23.0,14,-365.59991316622813,118.0
Mass-Nom-Real,CH,HYD200,2035-Hhigh,2885.461722367403,8533.466666666667,1.3240643527147609,169.16032334933033,0.0586250450103151,2.957400751677727,5,HYD200,200,366.4181974858912,59.80251660033547,23.0,14,-365.59991316622813,118.0
Mass-Nom-Real,CH,HYD200,2035-Hlow,2885.461722367403,8533.466666666667,1.3240643527147609,221.08446195018738,0.07662013335210582,2.957400751677727,5,HYD200,200,366.4181974858912,59.80251660033547,23.0,14,-365.59991316622813,118.0
Mass-Nom-Real,CH,HYD200,2040-Hhigh,2885.461722367403,8533.466666666667,1.3240643527147609,176.21874811928586,0.06107124788843347,2.957400751677727,5,HYD200,200,366.4181974858912,59.80251660033547,23.0,14,-365.59991316622813,118.0
Mass-Nom-Real,CH,HYD200,2040-Hlow,2885.461722367403,8533.466666666667,1.3240643527147609,243.64766559874496,0.08443974969761237,2.957400751677727,5,HYD200,200,366.4181974858912,59.80251660033547,23.0,14,-365.59991316622813,118.0
Mass-Nom-Real,CH,HYD200,2045-Hhigh,2885.461722367403,8533.466666666667,1.3240643527147609,201.0193988309414,0.06966628504294045,2.957400751677727,5,HYD200,200,366.4181974858912,59.80251660033547,23.0,14,-365.59991316622813,118.0
Mass-Nom-Real,CH,HYD200,2045-Hlow,2885.461722367403,8533.466666666667,1.3240643527147609,266.4761086780468,0.09235128874259127,2.957400751677727,5,HYD200,200,366.4181974858912,59.80251660033547,23.0,14,-365.59991316622813,118.0
Mass-Nom-Real,CH,HYD500,2024-Hhigh,2980.8804416383778,8796.2,1.4153256335333184,286.0841541654945,0.09597303876040544,2.950873130344455,5,HYD500,500,632.2800840440239,0.0,0.0,14,0.0,0.0
Mass-Nom-Real,CH,HYD500,2024-Hlow,2980.8804416383778,8796.2,1.4153256335333184,413.1713644928543,0.13860715737588034,2.950873130344455,5,HYD500,500,632.2800840440239,0.0,0.0,14,0.0,0.0
Mass-Nom-Real,CH,HYD500,2025-Hhigh,2980.8804416383778,8796.2,1.4565452957472453,220.56991759634496,0.07399488906543109,2.950873130344455,5,HYD500,500,632.2800840440239,0.0,0.0,14,0.0,0.0
Mass-Nom-Real,CH,HYD500,2025-Hlow,2980.8804416383778,8796.2,1.3976226965658987,333.60748948179054,0.11191575643954048,2.950873130344455,5,HYD500,500,632.2800840440239,0.0,0.0,14,0.0,0.0
Mass-Nom-Real,CH,HYD500,2030-Hhigh,2980.8804416383778,8796.2,1.3976226965658987,176.29213114567,0.059140960061039805,2.950873130344455,5,HYD500,500,632.2800840440239,0.0,0.0,14,0.0,0.0
Mass-Nom-Real,CH,HYD500,2030-Hlow,2980.8804416383778,8796.2,1.3976226965658987,258.92381752599937,0.0868615238334374,2.950873130344455,5,HYD500,500,632.2800840440239,0.0,0.0,14,0.0,0.0
Mass-Nom-Real,CH,HYD500,2035-Hhigh,2980.8804416383778,8796.2,1.3976226965658987,175.66614043715825,0.05893095811001634,2.950873130344455,5,HYD500,500,632.2800840440239,0.0,0.0,14,0.0,0.0
Mass-Nom-Real,CH,HYD500,2035-Hlow,2980.8804416383778,8796.2,1.3976226965658987,228.60432876846266,0.07669020386567907,2.950873130344455,5,HYD500,500,632.2800840440239,0.0,0.0,14,0.0,0.0
Mass-Nom-Real,CH,HYD500,2040-Hhigh,2980.8804416383778,8796.2,1.3976226965658987,183.1791917442232,0.06145137161004104,2.950873130344455,5,HYD500,500,632.2800840440239,0.0,0.0,14,0.0,0.0
Mass-Nom-Real,CH,HYD500,2040-Hlow,2980.8804416383778,8796.2,1.3976226965658987,252.0322396666135,0.08454959687282504,2.950873130344455,5,HYD500,500,632.2800840440239,0.0,0.0,14,0.0,0.0
Mass-Nom-Real,CH,HYD500,2045-Hhigh,2980.8804416383778,8796.2,1.3976226965658987,209.49795148073986,0.07028056159327,2.950873130344455,5,HYD500,500,632.2800840440239,0.0,0.0,14,0.0,0.0
Mass-Nom-Real,CH,HYD500,2045-Hlow,2980.8804416383778,8796.2,1.3976226965658987,276.45052652503324,0.09274123264503963,2.950873130344455,5,HYD500,500,632.2800840440239,0.0,0.0,14,0.0,0.0
Mass-H1-Ideal,AK,HYD1000,2024-Hhigh,927.2784077653965,3069.426833331161,0.3275297822461222,76.8321935334247,0.08285774033990384,3.3101459147830528,3,HYD1000,1000,861.6763056383284,0.0,0.0,5,0.0,0.0
Mass-H1-Ideal,AK,HYD1000,2024-Hlow,927.2784077653965,3069.426833331161,0.3275297822461222,110.9580086578688,0.1196598645333079,3.3101459147830528,3,HYD1000,1000,861.6763056383284,0.0,0.0,5,0.0,0.0
Mass-H1-Ideal,AK,HYD1000,2025-Hhigh,927.2784077653965,3069.426833331161,0.3471922698410595,58.51875606108413,0.06310807581738656,3.3101459147830528,3,HYD1000,1000,861.6763056383284,0.0,0.0,5,0.0,0.0
Mass-H1-Ideal,AK,HYD1000,2025-Hlow,927.2784077653965,3069.426833331161,0.316810450753945,88.98871145683202,0.09596763033799269,3.3101459147830528,3,HYD1000,1000,861.6763056383284,0.0,0.0,5,0.0,0.0
Mass-H1-Ideal,AK,HYD1000,2030-Hhigh,927.2784077653965,3069.426833331161,0.316810450753945,46.948077994355074,0.05062997002970551,3.3101459147830528,3,HYD1000,1000,861.6763056383284,0.0,0.0,5,0.0,0.0
Mass-H1-Ideal,AK,HYD1000,2030-Hlow,927.2784077653965,3069.426833331161,0.316810450753945,68.98289225840252,0.07439285944837329,3.3101459147830528,3,HYD1000,1000,861.6763056383284,0.0,0.0,5,0.0,0.0
Mass-H1-Ideal,AK,HYD1000,2035-Hhigh,927.2784077653965,3069.426833331161,0.316810450753945,47.2666081582525,0.050973480847201026,3.3101459147830528,3,HYD1000,1000,861.6763056383284,0.0,0.0,5,0.0,0.0
Mass-H1-Ideal,AK,HYD1000,2035-Hlow,927.2784077653965,3069.426833331161,0.316810450753945,62.60615340335163,0.0675160263401616,3.3101459147830528,3,HYD1000,1000,861.6763056383284,0.0,0.0,5,0.0,0.0
Mass-H1-Ideal,AK,HYD1000,2040-Hhigh,927.2784077653965,3069.426833331161,0.316810450753945,49.95239586814344,0.05386990083002289,3.3101459147830528,3,HYD1000,1000,861.6763056383284,0.0,0.0,5,0.0,0.0
Mass-H1-Ideal,AK,HYD1000,2040-Hlow,927.2784077653965,3069.426833331161,0.316810450753945,68.3182652602024,0.07367610923329843,3.3101459147830528,3,HYD1000,1000,861.6763056383284,0.0,0.0,5,0.0,0.0
Mass-H1-Ideal,AK,HYD1000,2045-Hhigh,927.2784077653965,3069.426833331161,0.316810450753945,56.279950089277406,0.06069369201090721,3.3101459147830528,3,HYD1000,1000,861.6763056383284,0.0,0.0,5,0.0,0.0
Mass-H1-Ideal,AK,HYD1000,2045-Hlow,927.2784077653965,3069.426833331161,0.316810450753945,74.5784248985259,0.08042722042697925,3.3101459147830528,3,HYD1000,1000,861.6763056383284,0.0,0.0,5,0.0,0.0
Mass-H1-Ideal,AK,HYD200,2024-Hhigh,808.8276840672446,2532.575,0.27974634011165234,67.52653878112571,0.08348692819410428,3.1311675526049942,3,HYD200,200,320.22305682422194,627.4657308303191,129.0,8.5,-534.5544531223122,89.0
Mass-H1-Ideal,AK,HYD200,2024-Hlow,808.8276840672446,2532.575,0.27974634011165234,100.31997327654813,0.12403132985271025,3.1311675526049942,3,HYD200,200,320.22305682422194,627.4657308303191,129.0,8.5,-534.5544531223122,89.0
Mass-H1-Ideal,AK,HYD200,2025-Hhigh,808.8276840672446,2532.575,0.3042161737689222,51.14269177908715,0.06323063958680628,3.1311675526049942,3,HYD200,200,320.22305682422194,627.4657308303191,129.0,8.5,-534.5544531223122,89.0
Mass-H1-Ideal,AK,HYD200,2025-Hlow,808.8276840672446,2532.575,0.2763711309010709,80.01908352147879,0.09893217689965485,3.1311675526049942,3,HYD200,200,320.22305682422194,627.4657308303191,129.0,8.5,-534.5544531223122,89.0
Mass-H1-Ideal,AK,HYD200,2030-Hhigh,808.8276840672446,2532.575,0.2763711309010709,40.959768664437426,0.05064090840519759,3.1311675526049942,3,HYD200,200,320.22305682422194,627.4657308303191,129.0,8.5,-534.5544531223122,89.0
Mass-H1-Ideal,AK,HYD200,2030-Hlow,808.8276840672446,2532.575,0.2763711309010709,61.53061504691052,0.07607382420134245,3.1311675526049942,3,HYD200,200,320.22305682422194,627.4657308303191,129.0,8.5,-534.5544531223122,89.0
Mass-H1-Ideal,AK,HYD200,2035-Hhigh,808.8276840672446,2532.575,0.2763711309010709,41.41645158874053,0.05120553166587363,3.1311675526049942,3,HYD200,200,320.22305682422194,627.4657308303191,129.0,8.5,-534.5544531223122,89.0
Mass-H1-Ideal,AK,HYD200,2035-Hlow,808.8276840672446,2532.575,0.2763711309010709,56.19400613164539,0.06947586888850049,3.1311675526049942,3,HYD200,200,320.22305682422194,627.4657308303191,129.0,8.5,-534.5544531223122,89.0
Mass-H1-Ideal,AK,HYD200,2040-Hhigh,808.8276840672446,2532.575,0.2763711309010709,43.72774219269956,0.05406311264324146,3.1311675526049942,3,HYD200,200,320.22305682422194,627.4657308303191,129.0,8.5,-534.5544531223122,89.0
Mass-H1-Ideal,AK,HYD200,2040-Hlow,808.8276840672446,2532.575,0.2763711309010709,61.54686385761577,0.07609391353684039,3.1311675526049942,3,HYD200,200,320.22305682422194,627.4657308303191,129.0,8.5,-534.5544531223122,89.0
Mass-H1-Ideal,AK,HYD200,2045-Hhigh,808.8276840672446,2532.575,0.2763711309010709,49.46980797191245,0.06116235750382601,3.1311675526049942,3,HYD200,200,320.22305682422194,627.4657308303191,129.0,8.5,-534.5544531223122,89.0
Mass-H1-Ideal,AK,HYD200,2045-Hlow,808.8276840672446,2532.575,0.2763711309010709,66.92912246044595,0.08274830817348924,3.1311675526049942,3,HYD200,200,320.22305682422194,627.4657308303191,129.0,8.5,-534.5544531223122,89.0
Mass-H1-Ideal,AK,HYD500,2024-Hhigh,834.5999310476572,2765.215655553599,0.29457872466370916,69.37140498035888,0.08311935143977102,3.3132229619076017,3,HYD500,500,554.3755519846553,0.0,0.0,5,0.0,0.0
Mass-H1-Ideal,AK,HYD500,2024-Hlow,834.5999310476572,2765.215655553599,0.29457872466370916,100.85098291218422,0.1208375164680255,3.3132229619076017,3,HYD500,500,554.3755519846553,0.0,0.0,5,0.0,0.0
Mass-H1-Ideal,AK,HYD500,2025-Hhigh,834.5999310476572,2765.215655553599,0.3125741601336837,52.80353817749294,0.06326808356095798,3.3132229619076017,3,HYD500,500,554.3755519846553,0.0,0.0,5,0.0,0.0
Mass-H1-Ideal,AK,HYD500,2025-Hlow,834.5999310476572,2765.215655553599,0.2874342419013126,80.74165781596025,0.09674294810281953,3.3132229619076017,3,HYD500,500,554.3755519846553,0.0,0.0,5,0.0,0.0
Mass-H1-Ideal,AK,HYD500,2030-Hhigh,834.5999310476572,2765.215655553599,0.2874342419013126,42.307468442743435,0.05069191461546814,3.3132229619076017,3,HYD500,500,554.3755519846553,0.0,0.0,5,0.0,0.0
Mass-H1-Ideal,AK,HYD500,2030-Hlow,834.5999310476572,2765.215655553599,0.2874342419013126,62.443067018112345,0.07481796330815504,3.3132229619076017,3,HYD500,500,554.3755519846553,0.0,0.0,5,0.0,0.0
Mass-H1-Ideal,AK,HYD500,2035-Hhigh,834.5999310476572,2765.215655553599,0.2874342419013126,42.63870157380512,0.051088791153243426,3.3132229619076017,3,HYD500,500,554.3755519846553,0.0,0.0,5,0.0,0.0
Mass-H1-Ideal,AK,HYD500,2035-Hlow,834.5999310476572,2765.215655553599,0.2874342419013126,56.787486989037646,0.0680415668352062,3.3132229619076017,3,HYD500,500,554.3755519846553,0.0,0.0,5,0.0,0.0
Mass-H1-Ideal,AK,HYD500,2040-Hhigh,834.5999310476572,2765.215655553599,0.2874342419013126,44.95611797017566,0.053865470506022105,3.3132229619076017,3,HYD500,500,554.3755519846553,0.0,0.0,5,0.0,0.0
Mass-H1-Ideal,AK,HYD500,2040-Hlow,834.5999310476572,2765.215655553599,0.2874342419013126,62.09211185197804,0.07439745624473634,3.3132229619076017,3,HYD500,500,554.3755519846553,0.0,0.0,5,0.0,0.0
Mass-H1-Ideal,AK,HYD500,2045-Hhigh,834.5999310476572,2765.215655553599,0.2874342419013126,50.759932409982135,0.060819478317310875,3.3132229619076017,3,HYD500,500,554.3755519846553,0.0,0.0,5,0.0,0.0
Mass-H1-Ideal,AK,HYD500,2045-Hlow,834.5999310476572,2765.215655553599,0.2874342419013126,67.76331838078887,0.08119257605943832,3.3132229619076017,3,HYD500,500,554.3755519846553,0.0,0.0,5,0.0,0.0
Mass-H1-Ideal,AK,HYD1000,2024-Hhigh,1065.3880246970411,3539.51066666424,0.38238575671030606,88.39211935859144,0.08296706674896881,3.3222737487318317,4,HYD1000,1000,852.3934212838758,0.0,0.0,5,0.0,0.0
Mass-H1-Ideal,AK,HYD1000,2024-Hlow,1065.3880246970411,3539.51066666424,0.38238575671030606,123.49359634581315,0.11591419603287767,3.3222737487318317,4,HYD1000,1000,852.3934212838758,0.0,0.0,5,0.0,0.0
Mass-H1-Ideal,AK,HYD1000,2025-Hhigh,1065.3880246970411,3539.51066666424,0.37565219349635326,66.7261847383242,0.06263087550406697,3.3222737487318317,4,HYD1000,1000,852.3934212838758,0.0,0.0,5,0.0,0.0
Mass-H1-Ideal,AK,HYD1000,2025-Hlow,1065.3880246970411,3539.51066666424,0.36005155639949876,98.2858954040087,0.09225361382483883,3.3222737487318317,4,HYD1000,1000,852.3934212838758,0.0,0.0,5,0.0,0.0
Mass-H1-Ideal,AK,HYD1000,2030-Hhigh,1065.3880246970411,3539.51066666424,0.36005155639949876,52.83317828903515,0.04959055016979288,3.3222737487318317,4,HYD1000,1000,852.3934212838758,0.0,0.0,5,0.0,0.0
Mass-H1-Ideal,AK,HYD1000,2030-Hlow,1065.3880246970411,3539.51066666424,0.36005155639949876,76.2081599991552,0.07153089600460463,3.3222737487318317,4,HYD1000,1000,852.3934212838758,0.0,0.0,5,0.0,0.0
Mass-H1-Ideal,AK,HYD1000,2035-Hhigh,1065.3880246970411,3539.51066666424,0.36005155639949876,53.2267900937473,0.049960004111068476,3.3222737487318317,4,HYD1000,1000,852.3934212838758,0.0,0.0,5,0.0,0.0
Mass-H1-Ideal,AK,HYD1000,2035-Hlow,1065.3880246970411,3539.51066666424,0.36005155639949876,69.54775665865552,0.06527927388561783,3.3222737487318317,4,HYD1000,1000,852.3934212838758,0.0,0.0,5,0.0,0.0
Mass-H1-Ideal,AK,HYD1000,2040-Hhigh,1065.3880246970411,3539.51066666424,0.36005155639949876,55.530180805286435,0.052122024575109394,3.3222737487318317,4,HYD1000,1000,852.3934212838758,0.0,0.0,5,0.0,0.0
Mass-H1-Ideal,AK,HYD1000,2040-Hlow,1065.3880246970411,3539.51066666424,0.36005155639949876,74.58326589471712,0.07000572952368783,3.3222737487318317,4,HYD1000,1000,852.3934212838758,0.0,0.0,5,0.0,0.0
Mass-H1-Ideal,AK,HYD1000,2045-Hhigh,1065.3880246970411,3539.51066666424,0.36005155639949876,62.41293359758285,0.05858234948279139,3.3222737487318317,4,HYD1000,1000,852.3934212838758,0.0,0.0,5,0.0,0.0
Mass-H1-Ideal,AK,HYD1000,2045-Hlow,1065.3880246970411,3539.51066666424,0.36005155639949876,81.33834640597607,0.07634621801676983,3.3222737487318317,4,HYD1000,1000,852.3934212838758,0.0,0.0,5,0.0,0.0
Mass-H1-Ideal,AK,HYD200,2024-Hhigh,950.2083311285494,3008.858333333333,0.3007456438209281,79.21487062609701,0.08336579256468378,3.1665248922410028,4,HYD200,200,318.01778936877133,1234.5362306686873,182.0,8.5,-458.6164410294224,97.0
Mass-H1-Ideal,AK,HYD200,2024-Hlow,950.2083311285494,3008.858333333333,0.3007456438209281,113.21242303803525,0.11914484364031455,3.1665248922410028,4,HYD200,200,318.01778936877133,1234.5362306686873,182.0,8.5,-458.6164410294224,97.0
Mass-H1-Ideal,AK,HYD200,2025-Hhigh,950.2083311285494,3008.858333333333,0.30042815259644395,59.277468436612295,0.06238365471518152,3.1665248922410028,4,HYD200,200,318.01778936877133,1234.5362306686873,182.0,8.5,-458.6164410294224,97.0
Mass-H1-Ideal,AK,HYD200,2025-Hlow,950.2083311285494,3008.858333333333,0.290614174031538,89.2940126989608,0.09397308966225072,3.1665248922410028,4,HYD200,200,318.01778936877133,1234.5362306686873,182.0,8.5,-458.6164410294224,97.0
Mass-H1-Ideal,AK,HYD200,2030-Hhigh,950.2083311285494,3008.858333333333,0.290614174031538,46.59202770951975,0.04903348685038684,3.1665248922410028,4,HYD200,200,318.01778936877133,1234.5362306686873,182.0,8.5,-458.6164410294224,97.0
Mass-H1-Ideal,AK,HYD200,2030-Hlow,950.2083311285494,3008.858333333333,0.290614174031538,68.68976247964602,0.07228916041818338,3.1665248922410028,4,HYD200,200,318.01778936877133,1234.5362306686873,182.0,8.5,-458.6164410294224,97.0
Mass-H1-Ideal,AK,HYD200,2035-Hhigh,950.2083311285494,3008.858333333333,0.290614174031538,47.248297660536885,0.04972414586643408,3.1665248922410028,4,HYD200,200,318.01778936877133,1234.5362306686873,182.0,8.5,-458.6164410294224,97.0
Mass-H1-Ideal,AK,HYD200,2035-Hlow,950.2083311285494,3008.858333333333,0.290614174031538,63.128358607983685,0.06643633458044616,3.1665248922410028,4,HYD200,200,318.01778936877133,1234.5362306686873,182.0,8.5,-458.6164410294224,97.0
Mass-H1-Ideal,AK,HYD200,2040-Hhigh,950.2083311285494,3008.858333333333,0.290614174031538,49.01440173128567,0.05158279518878975,3.1665248922410028,4,HYD200,200,318.01778936877133,1234.5362306686873,182.0,8.5,-458.6164410294224,97.0
Mass-H1-Ideal,AK,HYD200,2040-Hlow,950.2083311285494,3008.858333333333,0.290614174031538,67.58628302412222,0.07112785776551857,3.1665248922410028,4,HYD200,200,318.01778936877133,1234.5362306686873,182.0,8.5,-458.6164410294224,97.0
Mass-H1-Ideal,AK,HYD200,2045-Hhigh,950.2083311285494,3008.858333333333,0.290614174031538,55.22624249183872,0.05812014132337407,3.1665248922410028,4,HYD200,200,318.01778936877133,1234.5362306686873,182.0,8.5,-458.6164410294224,97.0
Mass-H1-Ideal,AK,HYD200,2045-Hlow,950.2083311285494,3008.858333333333,0.290614174031538,73.21404605990526,0.07705052004011577,3.1665248922410028,4,HYD200,200,318.01778936877133,1234.5362306686873,182.0,8.5,-458.6164410294224,97.0
Mass-H1-Ideal,AK,HYD500,2024-Hhigh,973.448063575543,3239.093111108693,0.33936145703164816,80.89657977177184,0.08310312876337031,3.327443170631289,4,HYD500,500,548.8548898114417,0.0,0.0,5,0.0,0.0
Mass-H1-Ideal,AK,HYD500,2024-Hlow,973.448063575543,3239.093111108693,0.33936145703164816,113.26970419385741,0.11635926808237704,3.327443170631289,4,HYD500,500,548.8548898114417,0.0,0.0,5,0.0,0.0
Mass-H1-Ideal,AK,HYD500,2025-Hhigh,973.448063575543,3239.093111108693,0.33721500182584113,60.818054132899064,0.062476937813723814,3.327443170631289,4,HYD500,500,548.8548898114417,0.0,0.0,5,0.0,0.0
Mass-H1-Ideal,AK,HYD500,2025-Hlow,973.448063575543,3239.093111108693,0.32596177119671016,89.80479323635528,0.09225432418705111,3.327443170631289,4,HYD500,500,548.8548898114417,0.0,0.0,5,0.0,0.0
Mass-H1-Ideal,AK,HYD500,2030-Hhigh,973.448063575543,3239.093111108693,0.32596177119671016,47.94090541262656,0.04924854977525586,3.327443170631289,4,HYD500,500,548.8548898114417,0.0,0.0,5,0.0,0.0
Mass-H1-Ideal,AK,HYD500,2030-Hlow,973.448063575543,3239.093111108693,0.32596177119671016,69.43800781189482,0.07133201082844025,3.327443170631289,4,HYD500,500,548.8548898114417,0.0,0.0,5,0.0,0.0
Mass-H1-Ideal,AK,HYD500,2035-Hhigh,973.448063575543,3239.093111108693,0.32596177119671016,48.40299408713796,0.049723242459747026,3.327443170631289,4,HYD500,500,548.8548898114417,0.0,0.0,5,0.0,0.0
Mass-H1-Ideal,AK,HYD500,2035-Hlow,973.448063575543,3239.093111108693,0.32596177119671016,63.496728094092155,0.06522867574553924,3.327443170631289,4,HYD500,500,548.8548898114417,0.0,0.0,5,0.0,0.0
Mass-H1-Ideal,AK,HYD500,2040-Hhigh,973.448063575543,3239.093111108693,0.32596177119671016,50.27417849410481,0.051645465613691016,3.327443170631289,4,HYD500,500,548.8548898114417,0.0,0.0,5,0.0,0.0
Mass-H1-Ideal,AK,HYD500,2040-Hlow,973.448063575543,3239.093111108693,0.32596177119671016,68.0236403057062,0.06987906479144927,3.327443170631289,4,HYD500,500,548.8548898114417,0.0,0.0,5,0.0,0.0
Mass-H1-Ideal,AK,HYD500,2045-Hhigh,973.448063575543,3239.093111108693,0.32596177119671016,56.602573670185194,0.05814647518253822,3.327443170631289,4,HYD500,500,548.8548898114417,0.0,0.0,5,0.0,0.0
Mass-H1-Ideal,AK,HYD500,2045-Hlow,973.448063575543,3239.093111108693,0.32596177119671016,74.08905110928374,0.0761099167809215,3.327443170631289,4,HYD500,500,548.8548898114417,0.0,0.0,5,0.0,0.0
Mass-H1-Ideal,AK,HYD1000,2024-Hhigh,1205.195896351576,4011.1351555516258,0.412141045059612,100.00167995358551,0.08297545673389294,3.3282018032871807,5,HYD1000,1000,845.8121611033579,0.0,0.0,5,0.0,0.0
Mass-H1-Ideal,AK,HYD1000,2024-Hlow,1205.195896351576,4011.1351555516258,0.412141045059612,137.92612077192985,0.11444290607814554,3.3282018032871807,5,HYD1000,1000,845.8121611033579,0.0,0.0,5,0.0,0.0
Mass-H1-Ideal,AK,HYD1000,2025-Hhigh,1205.195896351576,4011.1351555516258,0.42405011147477356,75.67699384250793,0.06279227640220214,3.3282018032871807,5,HYD1000,1000,845.8121611033579,0.0,0.0,5,0.0,0.0
Mass-H1-Ideal,AK,HYD1000,2025-Hlow,1205.195896351576,4011.1351555516258,0.4049965622972155,108.73143533153217,0.09021888944418822,3.3282018032871807,5,HYD1000,1000,845.8121611033579,0.0,0.0,5,0.0,0.0
Mass-H1-Ideal,AK,HYD1000,2030-Hhigh,1205.195896351576,4011.1351555516258,0.4049965622972155,60.135647739184684,0.049896990125198784,3.3282018032871807,5,HYD1000,1000,845.8121611033579,0.0,0.0,5,0.0,0.0
Mass-H1-Ideal,AK,HYD1000,2030-Hlow,1205.195896351576,4011.1351555516258,0.4049965622972155,84.60297932477839,0.07019852920250756,3.3282018032871807,5,HYD1000,1000,845.8121611033579,0.0,0.0,5,0.0,0.0
Mass-H1-Ideal,AK,HYD1000,2035-Hhigh,1205.195896351576,4011.1351555516258,0.4049965622972155,59.97261406749309,0.04976171446405096,3.3282018032871807,5,HYD1000,1000,845.8121611033579,0.0,0.0,5,0.0,0.0
Mass-H1-Ideal,AK,HYD1000,2035-Hlow,1205.195896351576,4011.1351555516258,0.4049965622972155,77.9169370744415,0.06465084830633361,3.3282018032871807,5,HYD1000,1000,845.8121611033579,0.0,0.0,5,0.0,0.0
Mass-H1-Ideal,AK,HYD1000,2040-Hhigh,1205.195896351576,4011.1351555516258,0.4049965622972155,62.75631221792764,0.05207146191578183,3.3282018032871807,5,HYD1000,1000,845.8121611033579,0.0,0.0,5,0.0,0.0
Mass-H1-Ideal,AK,HYD1000,2040-Hlow,1205.195896351576,4011.1351555516258,0.4049965622972155,83.20085995910446,0.06903513379938805,3.3282018032871807,5,HYD1000,1000,845.8121611033579,0.0,0.0,5,0.0,0.0
Mass-H1-Ideal,AK,HYD1000,2045-Hhigh,1205.195896351576,4011.1351555516258,0.4049965622972155,70.04599060047825,0.05812000423543149,3.3282018032871807,5,HYD1000,1000,845.8121611033579,0.0,0.0,5,0.0,0.0
Mass-H1-Ideal,AK,HYD1000,2045-Hlow,1205.195896351576,4011.1351555516258,0.4049965622972155,90.19899755356913,0.0748417728824199,3.3282018032871807,5,HYD1000,1000,845.8121611033579,0.0,0.0,5,0.0,0.0
Mass-H1-Ideal,AK,HYD200,2024-Hhigh,1097.8573861346918,3486.4166666666665,0.4070477216110568,91.31438523842868,0.08317508848751844,3.1756553362013196,5,HYD200,200,316.83333573398926,1877.035863945541,264.0,8.5,-597.7100087609194,121.0
Mass-H1-Ideal,AK,HYD200,2024-Hlow,1097.8573861346918,3486.4166666666665,0.4070477216110568,128.7464700945314,0.1172706689598534,3.1756553362013196,5,HYD200,200,316.83333573398926,1877.035863945541,264.0,8.5,-597.7100087609194,121.0
Mass-H1-Ideal,AK,HYD200,2025-Hhigh,1097.8573861346918,3486.4166666666665,0.4133038989770041,68.35924618158322,0.06226605299096334,3.1756553362013196,5,HYD200,200,316.83333573398926,1877.035863945541,264.0,8.5,-597.7100087609194,121.0
Mass-H1-Ideal,AK,HYD200,2025-Hlow,1097.8573861346918,3486.4166666666665,0.3969162518216667,100.43683734717831,0.09148441192420607,3.1756553362013196,5,HYD200,200,316.83333573398926,1877.035863945541,264.0,8.5,-597.7100087609194,121.0
Mass-H1-Ideal,AK,HYD200,2030-Hhigh,1097.8573861346918,3486.4166666666665,0.3969162518216667,53.954902073220445,0.049145638363087836,3.1756553362013196,5,HYD200,200,316.83333573398926,1877.035863945541,264.0,8.5,-597.7100087609194,121.0
Mass-H1-Ideal,AK,HYD200,2030-Hlow,1097.8573861346918,3486.4166666666665,0.3969162518216667,77.62417491322064,0.07070515341388543,3.1756553362013196,5,HYD200,200,316.83333573398926,1877.035863945541,264.0,8.5,-597.7100087609194,121.0
Mass-H1-Ideal,AK,HYD200,2035-Hhigh,1097.8573861346918,3486.4166666666665,0.3969162518216667,54.05332828020973,0.049235291361949395,3.1756553362013196,5,HYD200,200,316.83333573398926,1877.035863945541,264.0,8.5,-597.7100087609194,121.0
Mass-H1-Ideal,AK,HYD200,2035-Hlow,1097.8573861346918,3486.4166666666665,0.3969162518216667,72.03734438470985,0.06561630435291518,3.1756553362013196,5,HYD200,200,316.83333573398926,1877.035863945541,264.0,8.5,-597.7100087609194,121.0
Mass-H1-Ideal,AK,HYD200,2040-Hhigh,1097.8573861346918,3486.4166666666665,0.3969162518216667,56.402318898945424,0.05137490498426692,3.1756553362013196,5,HYD200,200,316.83333573398926,1877.035863945541,264.0,8.5,-597.7100087609194,121.0
Mass-H1-Ideal,AK,HYD200,2040-Hlow,1097.8573861346918,3486.4166666666665,0.3969162518216667,76.72402529151482,0.06988523852049928,3.1756553362013196,5,HYD200,200,316.83333573398926,1877.035863945541,264.0,8.5,-597.7100087609194,121.0
Mass-H1-Ideal,AK,HYD200,2045-Hhigh,1097.8573861346918,3486.4166666666665,0.3969162518216667,62.9281189287904,0.05731902861294773,3.1756553362013196,5,HYD200,200,316.83333573398926,1877.035863945541,264.0,8.5,-597.7100087609194,121.0
Mass-H1-Ideal,AK,HYD200,2045-Hlow,1097.8573861346918,3486.4166666666665,0.3969162518216667,82.53851048665747,0.07518145027675859,3.1756553362013196,5,HYD200,200,316.83333573398926,1877.035863945541,264.0,8.5,-597.7100087609194,121.0
Mass-H1-Ideal,AK,HYD500,2024-Hhigh,1114.0492566357589,3714.36462221792,0.37970999834842273,92.42386205495642,0.08296209660788331,3.334111665254978,5,HYD500,500,545.5916776985082,0.0,0.0,5,0.0,0.0
Mass-H1-Ideal,AK,HYD500,2024-Hlow,1114.0492566357589,3714.36462221792,0.37970999834842273,127.76111042899312,0.11468174290139573,3.334111665254978,5,HYD500,500,545.5916776985082,0.0,0.0,5,0.0,0.0
Mass-H1-Ideal,AK,HYD500,2025-Hhigh,1114.0492566357589,3714.36462221792,0.38816510974344764,69.56281273409415,0.06244141569122548,3.334111665254978,5,HYD500,500,545.5916776985082,0.0,0.0,5,0.0,0.0
Mass-H1-Ideal,AK,HYD500,2025-Hlow,1114.0492566357589,3714.36462221792,0.3734589670336131,100.13930482858635,0.08988768156534674,3.334111665254978,5,HYD500,500,545.5916776985082,0.0,0.0,5,0.0,0.0
Mass-H1-Ideal,AK,HYD500,2030-Hhigh,1114.0492566357589,3714.36462221792,0.3734589670336131,55.05056209940527,0.04941483670627697,3.334111665254978,5,HYD500,500,545.5916776985082,0.0,0.0,5,0.0,0.0
Mass-H1-Ideal,AK,HYD500,2030-Hlow,1114.0492566357589,3714.36462221792,0.3734589670336131,77.69382171997196,0.06974002384292614,3.334111665254978,5,HYD500,500,545.5916776985082,0.0,0.0,5,0.0,0.0
Mass-H1-Ideal,AK,HYD500,2035-Hhigh,1114.0492566357589,3714.36462221792,0.3734589670336131,54.949206459497034,0.04932385721025871,3.334111665254978,5,HYD500,500,545.5916776985082,0.0,0.0,5,0.0,0.0
Mass-H1-Ideal,AK,HYD500,2035-Hlow,1114.0492566357589,3714.36462221792,0.3734589670336131,71.84637655289247,0.0644912028125726,3.334111665254978,5,HYD500,500,545.5916776985082,0.0,0.0,5,0.0,0.0
Mass-H1-Ideal,AK,HYD500,2040-Hhigh,1114.0492566357589,3714.36462221792,0.3734589670336131,57.3416102309628,0.05147134194418369,3.334111665254978,5,HYD500,500,545.5916776985082,0.0,0.0,5,0.0,0.0
Mass-H1-Ideal,AK,HYD500,2040-Hlow,1114.0492566357589,3714.36462221792,0.3734589670336131,76.55078284439988,0.06871400199625854,3.334111665254978,5,HYD500,500,545.5916776985082,0.0,0.0,5,0.0,0.0
Mass-H1-Ideal,AK,HYD500,2045-Hhigh,1114.0492566357589,3714.36462221792,0.3734589670336131,64.00501923406458,0.05745259363786926,3.334111665254978,5,HYD500,500,545.5916776985082,0.0,0.0,5,0.0,0.0
Mass-H1-Ideal,AK,HYD500,2045-Hlow,1114.0492566357589,3714.36462221792,0.3734589670336131,82.77979439480427,0.07430532707753454,3.334111665254978,5,HYD500,500,545.5916776985082,0.0,0.0,5,0.0,0.0
Mass-H1-Ideal,CH,HYD1000,2024-Hhigh,1617.2365700087062,4561.500325556299,0.7007976419531012,153.06810913622428,0.09464793956236116,2.8205522989946625,3,HYD1000,1000,974.1031087309327,0.0,0.0,5,0.0,0.0
Mass-H1-Ideal,CH,HYD1000,2024-Hlow,1617.2365700087062,4561.500325556299,0.7007976419531012,226.80327877529058,0.140241250402883,2.8205522989946625,3,HYD1000,1000,974.1031087309327,0.0,0.0,5,0.0,0.0
Mass-H1-Ideal,CH,HYD1000,2025-Hhigh,1617.2365700087062,4561.500325556299,0.7255095553725079,118.00388846648968,0.07296637403262185,2.8205522989946625,3,HYD1000,1000,974.1031087309327,0.0,0.0,5,0.0,0.0
Mass-H1-Ideal,CH,HYD1000,2025-Hlow,1617.2365700087062,4561.500325556299,0.6936323934080307,183.72916733046193,0.11360685921755581,2.8205522989946625,3,HYD1000,1000,974.1031087309327,0.0,0.0,5,0.0,0.0
Mass-H1-Ideal,CH,HYD1000,2030-Hhigh,1617.2365700087062,4561.500325556299,0.6936323934080307,94.49831733359848,0.058431969129346215,2.8205522989946625,3,HYD1000,1000,974.1031087309327,0.0,0.0,5,0.0,0.0
Mass-H1-Ideal,CH,HYD1000,2030-Hlow,1617.2365700087062,4561.500325556299,0.6936323934080307,141.92783838335475,0.0877594787400774,2.8205522989946625,3,HYD1000,1000,974.1031087309327,0.0,0.0,5,0.0,0.0
Mass-H1-Ideal,CH,HYD1000,2035-Hhigh,1617.2365700087062,4561.500325556299,0.6936323934080307,94.98080493603058,0.0587303098986435,2.8205522989946625,3,HYD1000,1000,974.1031087309327,0.0,0.0,5,0.0,0.0
Mass-H1-Ideal,CH,HYD1000,2035-Hlow,1617.2365700087062,4561.500325556299,0.6936323934080307,125.39690543718429,0.07753776272602421,2.8205522989946625,3,HYD1000,1000,974.1031087309327,0.0,0.0,5,0.0,0.0
Mass-H1-Ideal,CH,HYD1000,2040-Hhigh,1617.2365700087062,4561.500325556299,0.6936323934080307,99.81932255749538,0.06172215271941199,2.8205522989946625,3,HYD1000,1000,974.1031087309327,0.0,0.0,5,0.0,0.0
Mass-H1-Ideal,CH,HYD1000,2040-Hlow,1617.2365700087062,4561.500325556299,0.6936323934080307,139.29359956194884,0.086130626863823,2.8205522989946625,3,HYD1000,1000,974.1031087309327,0.0,0.0,5,0.0,0.0
Mass-H1-Ideal,CH,HYD1000,2045-Hhigh,1617.2365700087062,4561.500325556299,0.6936323934080307,113.0198461840058,0.06988454767838781,2.8205522989946625,3,HYD1000,1000,974.1031087309327,0.0,0.0,5,0.0,0.0
Mass-H1-Ideal,CH,HYD1000,2045-Hlow,1617.2365700087062,4561.500325556299,0.6936323934080307,151.62391813837348,0.09375494034095286,2.8205522989946625,3,HYD1000,1000,974.1031087309327,0.0,0.0,5,0.0,0.0
Mass-H1-Ideal,CH,HYD200,2024-Hhigh,1360.5167985966402,3957.1882666666666,0.5961587816261743,131.52000668292916,0.09666915308843725,2.9085919929459654,3,HYD200,200,364.78329361299205,218.40922026309576,65.0,11.2,-447.7885426567067,101.0
Mass-H1-Ideal,CH,HYD200,2024-Hlow,1360.5167985966402,3957.1882666666666,0.5961587816261743,199.78217539058255,0.14684285824082136,2.9085919929459654,3,HYD200,200,364.78329361299205,218.40922026309576,65.0,11.2,-447.7885426567067,101.0
Mass-H1-Ideal,CH,HYD200,2025-Hhigh,1360.5167985966402,3957.1882666666666,0.6300843940633367,100.83299843545487,0.07411374746674435,2.9085919929459654,3,HYD200,200,364.78329361299205,218.40922026309576,65.0,11.2,-447.7885426567067,101.0
Mass-H1-Ideal,CH,HYD200,2025-Hlow,1360.5167985966402,3957.1882666666666,0.5904835864754651,161.31102271752968,0.11856599116153539,2.9085919929459654,3,HYD200,200,364.78329361299205,218.40922026309576,65.0,11.2,-447.7885426567067,101.0
Mass-H1-Ideal,CH,HYD200,2030-Hhigh,1360.5167985966402,3957.1882666666666,0.5904835864754651,80.66462963610655,0.05928969764968087,2.9085919929459654,3,HYD200,200,364.78329361299205,218.40922026309576,65.0,11.2,-447.7885426567067,101.0
Mass-H1-Ideal,CH,HYD200,2030-Hlow,1360.5167985966402,3957.1882666666666,0.5904835864754651,123.97454106875277,0.09112312409272072,2.9085919929459654,3,HYD200,200,364.78329361299205,218.40922026309576,65.0,11.2,-447.7885426567067,101.0
Mass-H1-Ideal,CH,HYD200,2035-Hhigh,1360.5167985966402,3957.1882666666666,0.5904835864754651,81.65234275459424,0.06001568142254314,2.9085919929459654,3,HYD200,200,364.78329361299205,218.40922026309576,65.0,11.2,-447.7885426567067,101.0
Mass-H1-Ideal,CH,HYD200,2035-Hlow,1360.5167985966402,3957.1882666666666,0.5904835864754651,109.3322921374031,0.0803608542358156,2.9085919929459654,3,HYD200,200,364.78329361299205,218.40922026309576,65.0,11.2,-447.7885426567067,101.0
Mass-H1-Ideal,CH,HYD200,2040-Hhigh,1360.5167985966402,3957.1882666666666,0.5904835864754651,85.83944615073163,0.06309326444133155,2.9085919929459654,3,HYD200,200,364.78329361299205,218.40922026309576,65.0,11.2,-447.7885426567067,101.0
Mass-H1-Ideal,CH,HYD200,2040-Hlow,1360.5167985966402,3957.1882666666666,0.5904835864754651,121.72110901758701,0.0894668181555282,2.9085919929459654,3,HYD200,200,364.78329361299205,218.40922026309576,65.0,11.2,-447.7885426567067,101.0
Mass-H1-Ideal,CH,HYD200,2045-Hhigh,1360.5167985966402,3957.1882666666666,0.5904835864754651,97.10544217448106,0.07137393839947023,2.9085919929459654,3,HYD200,200,364.78329361299205,218.40922026309576,65.0,11.2,-447.7885426567067,101.0
Mass-H1-Ideal,CH,HYD200,2045-Hlow,1360.5167985966402,3957.1882666666666,0.5904835864754651,131.80817588289446,0.09688096171899774,2.9085919929459654,3,HYD200,200,364.78329361299205,218.40922026309576,65.0,11.2,-447.7885426567067,101.0
Mass-H1-Ideal,CH,HYD500,2024-Hhigh,1448.5170688483859,4220.4,0.6094257879628175,136.13843648442534,0.0939846960813927,2.91360046130167,3,HYD500,500,629.9121467584868,0.0,0.0,6,0.0,0.0
Mass-H1-Ideal,CH,HYD500,2024-Hlow,1448.5170688483859,4220.4,0.6094257879628175,202.2518982677724,0.139626865721761,2.91360046130167,3,HYD500,500,629.9121467584868,0.0,0.0,6,0.0,0.0
Mass-H1-Ideal,CH,HYD500,2025-Hhigh,1448.5170688483859,4220.4,0.6388221120755284,104.65111656258166,0.0722470717212759,2.91360046130167,3,HYD500,500,629.9121467584868,0.0,0.0,6,0.0,0.0
Mass-H1-Ideal,CH,HYD500,2025-Hlow,1448.5170688483859,4220.4,0.602526271442907,163.1337525529789,0.11262121521472652,2.91360046130167,3,HYD500,500,629.9121467584868,0.0,0.0,6,0.0,0.0
Mass-H1-Ideal,CH,HYD500,2030-Hhigh,1448.5170688483859,4220.4,0.602526271442907,83.69625195409068,0.057780645982053694,2.91360046130167,3,HYD500,500,629.9121467584868,0.0,0.0,6,0.0,0.0
Mass-H1-Ideal,CH,HYD500,2030-Hlow,1448.5170688483859,4220.4,0.602526271442907,125.6727889362456,0.08675961895026836,2.91360046130167,3,HYD500,500,629.9121467584868,0.0,0.0,6,0.0,0.0
Mass-H1-Ideal,CH,HYD500,2035-Hhigh,1448.5170688483859,4220.4,0.602526271442907,84.20739967210068,0.05813352254043376,2.91360046130167,3,HYD500,500,629.9121467584868,0.0,0.0,6,0.0,0.0
Mass-H1-Ideal,CH,HYD500,2035-Hlow,1448.5170688483859,4220.4,0.602526271442907,111.81130173616378,0.07719018583954768,2.91360046130167,3,HYD500,500,629.9121467584868,0.0,0.0,6,0.0,0.0
Mass-H1-Ideal,CH,HYD500,2040-Hhigh,1448.5170688483859,4220.4,0.602526271442907,88.35355774305118,0.060995869253577306,2.91360046130167,3,HYD500,500,629.9121467584868,0.0,0.0,6,0.0,0.0
Mass-H1-Ideal,CH,HYD500,2040-Hlow,1448.5170688483859,4220.4,0.602526271442907,123.6301531692828,0.0853494624454598,2.91360046130167,3,HYD500,500,629.9121467584868,0.0,0.0,6,0.0,0.0
Mass-H1-Ideal,CH,HYD500,2045-Hhigh,1448.5170688483859,4220.4,0.602526271442907,99.98999129499552,0.0690292116298571,2.91360046130167,3,HYD500,500,629.9121467584868,0.0,0.0,6,0.0,0.0
Mass-H1-Ideal,CH,HYD500,2045-Hlow,1448.5170688483859,4220.4,0.602526271442907,134.34572272864986,0.0927470760392618,2.91360046130167,3,HYD500,500,629.9121467584868,0.0,0.0,6,0.0,0.0
Mass-H1-Ideal,CH,HYD1000,2024-Hhigh,1767.1927497242839,5033.442435278716,0.7386508950647864,165.99665123026406,0.09393239716276719,2.84827019353946,4,HYD1000,1000,966.6977832369798,0.0,0.0,5,0.0,0.0
Mass-H1-Ideal,CH,HYD1000,2024-Hlow,1767.1927497242839,5033.442435278716,0.7386508950647864,241.2072557802396,0.13649176402397112,2.84827019353946,4,HYD1000,1000,966.6977832369798,0.0,0.0,5,0.0,0.0
Mass-H1-Ideal,CH,HYD1000,2025-Hhigh,1767.1927497242839,5033.442435278716,0.7329482479469921,127.4430350996058,0.07211609210115273,2.84827019353946,4,HYD1000,1000,966.6977832369798,0.0,0.0,5,0.0,0.0
Mass-H1-Ideal,CH,HYD1000,2025-Hlow,1767.1927497242839,5033.442435278716,0.7199913936461526,194.64825770360352,0.11014545964721302,2.84827019353946,4,HYD1000,1000,966.6977832369798,0.0,0.0,5,0.0,0.0
Mass-H1-Ideal,CH,HYD1000,2030-Hhigh,1767.1927497242839,5033.442435278716,0.7199913936461526,101.38093639494721,0.05736835238304627,2.84827019353946,4,HYD1000,1000,966.6977832369798,0.0,0.0,5,0.0,0.0
Mass-H1-Ideal,CH,HYD1000,2030-Hlow,1767.1927497242839,5033.442435278716,0.7199913936461526,150.3091164042713,0.08505530391504967,2.84827019353946,4,HYD1000,1000,966.6977832369798,0.0,0.0,5,0.0,0.0
Mass-H1-Ideal,CH,HYD1000,2035-Hhigh,1767.1927497242839,5033.442435278716,0.7199913936461526,101.93266877919922,0.05768056076231791,2.84827019353946,4,HYD1000,1000,966.6977832369798,0.0,0.0,5,0.0,0.0
Mass-H1-Ideal,CH,HYD1000,2035-Hlow,1767.1927497242839,5033.442435278716,0.7199913936461526,133.6530217927352,0.07563013248757819,2.84827019353946,4,HYD1000,1000,966.6977832369798,0.0,0.0,5,0.0,0.0
Mass-H1-Ideal,CH,HYD1000,2040-Hhigh,1767.1927497242839,5033.442435278716,0.7199913936461526,106.39199710032034,0.060203957444324926,2.84827019353946,4,HYD1000,1000,966.6977832369798,0.0,0.0,5,0.0,0.0
Mass-H1-Ideal,CH,HYD1000,2040-Hlow,1767.1927497242839,5033.442435278716,0.7199913936461526,146.98287230212543,0.08317308472720794,2.84827019353946,4,HYD1000,1000,966.6977832369798,0.0,0.0,5,0.0,0.0
Mass-H1-Ideal,CH,HYD1000,2045-Hhigh,1767.1927497242839,5033.442435278716,0.7199913936461526,120.29938279624373,0.06807371907507699,2.84827019353946,4,HYD1000,1000,966.6977832369798,0.0,0.0,5,0.0,0.0
Mass-H1-Ideal,CH,HYD1000,2045-Hlow,1767.1927497242839,5033.442435278716,0.7199913936461526,159.91111555299483,0.09048877977682064,2.84827019353946,4,HYD1000,1000,966.6977832369798,0.0,0.0,5,0.0,0.0
Mass-H1-Ideal,CH,HYD200,2024-Hhigh,1494.5774338692925,4434.5396,0.6170964517900889,143.10423172447517,0.09574895785358839,2.9670858795984074,4,HYD200,200,363.1925187873685,625.351350672807,106.0,11.2,-375.0605195768318,110.0
Mass-H1-Ideal,CH,HYD200,2024-Hlow,1494.5774338692925,4434.5396,0.6170964517900889,212.75967180515596,0.14235439863048457,2.9670858795984074,4,HYD200,200,363.1925187873685,625.351350672807,106.0,11.2,-375.0605195768318,110.0
Mass-H1-Ideal,CH,HYD200,2025-Hhigh,1494.5774338692925,4434.5396,0.6221390165918398,108.95595294038394,0.0729008417170526,2.9670858795984074,4,HYD200,200,363.1925187873685,625.351350672807,106.0,11.2,-375.0605195768318,110.0
Mass-H1-Ideal,CH,HYD200,2025-Hlow,1494.5774338692925,4434.5396,0.6027101945115343,170.90793349992367,0.11435200989048945,2.9670858795984074,4,HYD200,200,363.1925187873685,625.351350672807,106.0,11.2,-375.0605195768318,110.0
Mass-H1-Ideal,CH,HYD200,2030-Hhigh,1494.5774338692925,4434.5396,0.6027101945115343,86.38437043340204,0.057798524503185254,2.9670858795984074,4,HYD200,200,363.1925187873685,625.351350672807,106.0,11.2,-375.0605195768318,110.0
Mass-H1-Ideal,CH,HYD200,2030-Hlow,1494.5774338692925,4434.5396,0.6027101945115343,131.41745133629183,0.08792950325502163,2.9670858795984074,4,HYD200,200,363.1925187873685,625.351350672807,106.0,11.2,-375.0605195768318,110.0
Mass-H1-Ideal,CH,HYD200,2035-Hhigh,1494.5774338692925,4434.5396,0.6027101945115343,87.63873647850689,0.05863780256043347,2.9670858795984074,4,HYD200,200,363.1925187873685,625.351350672807,106.0,11.2,-375.0605195768318,110.0
Mass-H1-Ideal,CH,HYD200,2035-Hlow,1494.5774338692925,4434.5396,0.6027101945115343,116.51517641771346,0.07795860808367006,2.9670858795984074,4,HYD200,200,363.1925187873685,625.351350672807,106.0,11.2,-375.0605195768318,110.0
Mass-H1-Ideal,CH,HYD200,2040-Hhigh,1494.5774338692925,4434.5396,0.6027101945115343,91.21074952072803,0.061027784478582474,2.9670858795984074,4,HYD200,200,363.1925187873685,625.351350672807,106.0,11.2,-375.0605195768318,110.0
Mass-H1-Ideal,CH,HYD200,2040-Hlow,1494.5774338692925,4434.5396,0.6027101945115343,128.11291357186374,0.08571848515081207,2.9670858795984074,4,HYD200,200,363.1925187873685,625.351350672807,106.0,11.2,-375.0605195768318,110.0
Mass-H1-Ideal,CH,HYD200,2045-Hhigh,1494.5774338692925,4434.5396,0.6027101945115343,103.11314416559509,0.06899150343695928,2.9670858795984074,4,HYD200,200,363.1925187873685,625.351350672807,106.0,11.2,-375.0605195768318,110.0
Mass-H1-Ideal,CH,HYD200,2045-Hlow,1494.5774338692925,4434.5396,0.6027101945115343,138.60842034114984,0.0927408759158823,2.9670858795984074,4,HYD200,200,363.1925187873685,625.351350672807,106.0,11.2,-375.0605195768318,110.0
Mass-H1-Ideal,CH,HYD500,2024-Hhigh,1596.211127699795,4695.6,0.6534576219778608,148.69510065225046,0.09315503323581394,2.941716116693504,4,HYD500,500,625.7135285713999,0.0,0.0,6,0.0,0.0
Mass-H1-Ideal,CH,HYD500,2024-Hlow,1596.211127699795,4695.6,0.6534576219778608,216.04801422565004,0.1353505250505201,2.941716116693504,4,HYD500,500,625.7135285713999,0.0,0.0,6,0.0,0.0
Mass-H1-Ideal,CH,HYD500,2025-Hhigh,1596.211127699795,4695.6,0.6588773589445756,113.56786428078091,0.07114839779649751,2.941716116693504,4,HYD500,500,625.7135285713999,0.0,0.0,6,0.0,0.0
Mass-H1-Ideal,CH,HYD500,2025-Hlow,1596.211127699795,4695.6,0.6428910272636197,173.37112478116282,0.10861415621816747,2.941716116693504,4,HYD500,500,625.7135285713999,0.0,0.0,6,0.0,0.0
Mass-H1-Ideal,CH,HYD500,2030-Hhigh,1596.211127699795,4695.6,0.6428910272636197,90.00574631470033,0.05638711869174992,2.941716116693504,4,HYD500,500,625.7135285713999,0.0,0.0,6,0.0,0.0
Mass-H1-Ideal,CH,HYD500,2030-Hlow,1596.211127699795,4695.6,0.6428910272636197,133.54524797734013,0.08366389988132976,2.941716116693504,4,HYD500,500,625.7135285713999,0.0,0.0,6,0.0,0.0
Mass-H1-Ideal,CH,HYD500,2035-Hhigh,1596.211127699795,4695.6,0.6428910272636197,90.72252857908998,0.056836170983111,2.941716116693504,4,HYD500,500,625.7135285713999,0.0,0.0,6,0.0,0.0
Mass-H1-Ideal,CH,HYD500,2035-Hlow,1596.211127699795,4695.6,0.6428910272636197,119.5095396247871,0.07487075960747447,2.941716116693504,4,HYD500,500,625.7135285713999,0.0,0.0,6,0.0,0.0
Mass-H1-Ideal,CH,HYD500,2040-Hhigh,1596.211127699795,4695.6,0.6428910272636197,94.380771218481,0.059127999786900066,2.941716116693504,4,HYD500,500,625.7135285713999,0.0,0.0,6,0.0,0.0
Mass-H1-Ideal,CH,HYD500,2040-Hlow,1596.211127699795,4695.6,0.6428910272636197,130.4941335285388,0.08175242689642576,2.941716116693504,4,HYD500,500,625.7135285713999,0.0,0.0,6,0.0,0.0
Mass-H1-Ideal,CH,HYD500,2045-Hhigh,1596.211127699795,4695.6,0.6428910272636197,106.64081243105588,0.06680871382266931,2.941716116693504,4,HYD500,500,625.7135285713999,0.0,0.0,6,0.0,0.0
Mass-H1-Ideal,CH,HYD500,2045-Hlow,1596.211127699795,4695.6,0.6428910272636197,141.68873835513324,0.0887656625720386,2.941716116693504,4,HYD500,500,625.7135285713999,0.0,0.0,6,0.0,0.0
Mass-H1-Ideal,CH,HYD1000,2024-Hhigh,1917.284448064167,5506.922866666166,0.8009485387408013,179.00925285886382,0.09336603811688186,2.872251361672685,5,HYD1000,1000,961.9934129506041,0.0,0.0,5,0.0,0.0
Mass-H1-Ideal,CH,HYD1000,2024-Hlow,1917.284448064167,5506.922866666166,0.8009485387408013,256.9262625883801,0.13400529214524842,2.872251361672685,5,HYD1000,1000,961.9934129506041,0.0,0.0,5,0.0,0.0
Mass-H1-Ideal,CH,HYD1000,2025-Hhigh,1917.284448064167,5506.922866666166,0.8138090369879363,137.3543014567626,0.0716400227391641,2.872251361672685,5,HYD1000,1000,961.9934129506041,0.0,0.0,5,0.0,0.0
Mass-H1-Ideal,CH,HYD1000,2025-Hlow,1917.284448064167,5506.922866666166,0.7981122945246709,206.1741624551408,0.10753446764944531,2.872251361672685,5,HYD1000,1000,961.9934129506041,0.0,0.0,5,0.0,0.0
Mass-H1-Ideal,CH,HYD1000,2030-Hhigh,1917.284448064167,5506.922866666166,0.7981122945246709,109.46413010736244,0.05709331769622685,2.872251361672685,5,HYD1000,1000,961.9934129506041,0.0,0.0,5,0.0,0.0
Mass-H1-Ideal,CH,HYD1000,2030-Hlow,1917.284448064167,5506.922866666166,0.7981122945246709,159.45910138502276,0.08316924572461042,2.872251361672685,5,HYD1000,1000,961.9934129506041,0.0,0.0,5,0.0,0.0
Mass-H1-Ideal,CH,HYD1000,2035-Hhigh,1917.284448064167,5506.922866666166,0.7981122945246709,109.28747358210641,0.057001178772639174,2.872251361672685,5,HYD1000,1000,961.9934129506041,0.0,0.0,5,0.0,0.0
Mass-H1-Ideal,CH,HYD1000,2035-Hlow,1917.284448064167,5506.922866666166,0.7981122945246709,142.61820699639202,0.07438552330635653,2.872251361672685,5,HYD1000,1000,961.9934129506041,0.0,0.0,5,0.0,0.0
Mass-H1-Ideal,CH,HYD1000,2040-Hhigh,1917.284448064167,5506.922866666166,0.7981122945246709,114.30069267033097,0.05961592855235302,2.872251361672685,5,HYD1000,1000,961.9934129506041,0.0,0.0,5,0.0,0.0
Mass-H1-Ideal,CH,HYD1000,2040-Hlow,1917.284448064167,5506.922866666166,0.7981122945246709,156.14458179328784,0.08144048836934083,2.872251361672685,5,HYD1000,1000,961.9934129506041,0.0,0.0,5,0.0,0.0
Mass-H1-Ideal,CH,HYD1000,2045-Hhigh,1917.284448064167,5506.922866666166,0.7981122945246709,128.70849828859457,0.06713062238550375,2.872251361672685,5,HYD1000,1000,961.9934129506041,0.0,0.0,5,0.0,0.0
Mass-H1-Ideal,CH,HYD1000,2045-Hlow,1917.284448064167,5506.922866666166,0.7981122945246709,169.44292659499163,0.0883765195957615,2.872251361672685,5,HYD1000,1000,961.9934129506041,0.0,0.0,5,0.0,0.0
Mass-H1-Ideal,CH,HYD200,2024-Hhigh,1634.9273540150357,4913.038799999999,0.7340336677516018,155.00153278133078,0.09480637313987059,3.0050502170231694,5,HYD200,200,362.2269961546847,673.9339137267946,129.0,11.2,-783.1027702615744,194.0
Mass-H1-Ideal,CH,HYD200,2024-Hlow,1634.9273540150357,4913.038799999999,0.7340336677516018,227.8402845695312,0.13935804793405876,3.0050502170231694,5,HYD200,200,362.2269961546847,673.9339137267946,129.0,11.2,-783.1027702615744,194.0
Mass-H1-Ideal,CH,HYD200,2025-Hhigh,1634.9273540150357,4913.038799999999,0.7472441152133473,117.89801930424753,0.07211208437776451,3.0050502170231694,5,HYD200,200,362.2269961546847,673.9339137267946,129.0,11.2,-783.1027702615744,194.0
Mass-H1-Ideal,CH,HYD200,2025-Hlow,1634.9273540150357,4913.038799999999,0.7242267940878849,181.74219247602002,0.11116224340469909,3.0050502170231694,5,HYD200,200,362.2269961546847,673.9339137267946,129.0,11.2,-783.1027702615744,194.0
Mass-H1-Ideal,CH,HYD200,2030-Hhigh,1634.9273540150357,4913.038799999999,0.7242267940878849,93.6225689020716,0.05726405437657789,3.0050502170231694,5,HYD200,200,362.2269961546847,673.9339137267946,129.0,11.2,-783.1027702615744,194.0
Mass-H1-Ideal,CH,HYD200,2030-Hlow,1634.9273540150357,4913.038799999999,0.7242267940878849,140.0297375484641,0.08564890495261498,3.0050502170231694,5,HYD200,200,362.2269961546847,673.9339137267946,129.0,11.2,-783.1027702615744,194.0
Mass-H1-Ideal,CH,HYD200,2035-Hhigh,1634.9273540150357,4913.038799999999,0.7242267940878849,94.23493264821512,0.05763860541986411,3.0050502170231694,5,HYD200,200,362.2269961546847,673.9339137267946,129.0,11.2,-783.1027702615744,194.0
Mass-H1-Ideal,CH,HYD200,2035-Hlow,1634.9273540150357,4913.038799999999,0.7242267940878849,124.84995847012792,0.07636422386812651,3.0050502170231694,5,HYD200,200,362.2269961546847,673.9339137267946,129.0,11.2,-783.1027702615744,194.0
Mass-H1-Ideal,CH,HYD200,2040-Hhigh,1634.9273540150357,4913.038799999999,0.7242267940878849,98.42313416971093,0.060200310385659976,3.0050502170231694,5,HYD200,200,362.2269961546847,673.9339137267946,129.0,11.2,-783.1027702615744,194.0
Mass-H1-Ideal,CH,HYD200,2040-Hlow,1634.9273540150357,4913.038799999999,0.7242267940878849,136.6437824948125,0.08357789241169908,3.0050502170231694,5,HYD200,200,362.2269961546847,673.9339137267946,129.0,11.2,-783.1027702615744,194.0
Mass-H1-Ideal,CH,HYD200,2045-Hhigh,1634.9273540150357,4913.038799999999,0.7242267940878849,110.48378076581552,0.06757718041385187,3.0050502170231694,5,HYD200,200,362.2269961546847,673.9339137267946,129.0,11.2,-783.1027702615744,194.0
Mass-H1-Ideal,CH,HYD200,2045-Hlow,1634.9273540150357,4913.038799999999,0.7242267940878849,147.32958515034858,0.09011384193220469,3.0050502170231694,5,HYD200,200,362.2269961546847,673.9339137267946,129.0,11.2,-783.1027702615744,194.0
Mass-H1-Ideal,CH,HYD500,2024-Hhigh,1749.3599444098772,5171.8,0.7267664251732148,161.44878301010584,0.09229020221139703,2.956395575722775,5,HYD500,500,623.3202958199718,0.0,0.0,6,0.0,0.0
Mass-H1-Ideal,CH,HYD500,2024-Hlow,1749.3599444098772,5171.8,0.7267664251732148,231.88014965832684,0.13255142282141852,2.956395575722775,5,HYD500,500,623.3202958199718,0.0,0.0,6,0.0,0.0
Mass-H1-Ideal,CH,HYD500,2025-Hhigh,1749.3599444098772,5171.8,0.7406319483228873,123.20900094351704,0.07043090322105204,2.956395575722775,5,HYD500,500,623.3202958199718,0.0,0.0,6,0.0,0.0
Mass-H1-Ideal,CH,HYD500,2025-Hlow,1749.3599444098772,5171.8,0.7211287807667556,184.82309733162913,0.10565184021861017,2.956395575722775,5,HYD500,500,623.3202958199718,0.0,0.0,6,0.0,0.0
Mass-H1-Ideal,CH,HYD500,2030-Hhigh,1749.3599444098772,5171.8,0.7211287807667556,97.84717033702032,0.05593312608402482,2.956395575722775,5,HYD500,500,623.3202958199718,0.0,0.0,6,0.0,0.0
Mass-H1-Ideal,CH,HYD500,2030-Hlow,1749.3599444098772,5171.8,0.7211287807667556,142.6410212974326,0.08153897758619973,2.956395575722775,5,HYD500,500,623.3202958199718,0.0,0.0,6,0.0,0.0
Mass-H1-Ideal,CH,HYD500,2035-Hhigh,1749.3599444098772,5171.8,0.7211287807667556,97.91533680399084,0.055972092602715476,2.956395575722775,5,HYD500,500,623.3202958199718,0.0,0.0,6,0.0,0.0
Mass-H1-Ideal,CH,HYD500,2035-Hlow,1749.3599444098772,5171.8,0.7211287807667556,128.53054054916055,0.07347289559240398,2.956395575722775,5,HYD500,500,623.3202958199718,0.0,0.0,6,0.0,0.0
Mass-H1-Ideal,CH,HYD500,2040-Hhigh,1749.3599444098772,5171.8,0.7211287807667556,102.18496762433227,0.05841277431260893,2.956395575722775,5,HYD500,500,623.3202958199718,0.0,0.0,6,0.0,0.0
Mass-H1-Ideal,CH,HYD500,2040-Hlow,1749.3599444098772,5171.8,0.7211287807667556,139.69951535245897,0.07985750205317792,2.956395575722775,5,HYD500,500,623.3202958199718,0.0,0.0,6,0.0,0.0
Mass-H1-Ideal,CH,HYD500,2045-Hhigh,1749.3599444098772,5171.8,0.7211287807667556,114.75217253409065,0.06559666173950308,2.956395575722775,5,HYD500,500,623.3202958199718,0.0,0.0,6,0.0,0.0
Mass-H1-Ideal,CH,HYD500,2045-Hlow,1749.3599444098772,5171.8,0.7211287807667556,151.15056066764598,0.0864033506372724,2.956395575722775,5,HYD500,500,623.3202958199718,0.0,0.0,6,0.0,0.0
Mass-H1-Real,AK,HYD1000,2024-Hhigh,923.9190574968112,3060.524044442293,0.33021276691520396,76.73710555801546,0.0830560912618477,3.3125456387210153,3,HYD1000,1000,861.4321648252535,0.0,0.0,5,0.0,0.0
Mass-H1-Real,AK,HYD1000,2024-Hlow,923.9190574968112,3060.524044442293,0.33021276691520396,110.25691356346049,0.11933611788697304,3.3125456387210153,3,HYD1000,1000,861.4321648252535,0.0,0.0,5,0.0,0.0
Mass-H1-Real,AK,HYD1000,2025-Hhigh,923.9190574968112,3060.524044442293,0.3498752545101411,58.38270535792099,0.06319028153407528,3.3125456387210153,3,HYD1000,1000,861.4321648252535,0.0,0.0,5,0.0,0.0
Mass-H1-Real,AK,HYD1000,2025-Hlow,923.9190574968112,3060.524044442293,0.3194934354230267,88.49446600935984,0.09578162209265315,3.3125456387210153,3,HYD1000,1000,861.4321648252535,0.0,0.0,5,0.0,0.0
Mass-H1-Real,AK,HYD1000,2030-Hhigh,923.9190574968112,3060.524044442293,0.3194934354230267,46.8483280424172,0.05070609558519567,3.3125456387210153,3,HYD1000,1000,861.4321648252535,0.0,0.0,5,0.0,0.0
Mass-H1-Real,AK,HYD1000,2030-Hlow,923.9190574968112,3060.524044442293,0.3194934354230267,68.59922408306426,0.07424808864633796,3.3125456387210153,3,HYD1000,1000,861.4321648252535,0.0,0.0,5,0.0,0.0
Mass-H1-Real,AK,HYD1000,2035-Hhigh,923.9190574968112,3060.524044442293,0.3194934354230267,47.024997718692966,0.050897313284237855,3.3125456387210153,3,HYD1000,1000,861.4321648252535,0.0,0.0,5,0.0,0.0
Mass-H1-Real,AK,HYD1000,2035-Hlow,923.9190574968112,3060.524044442293,0.3194934354230267,62.06549309048062,0.06717633172178054,3.3125456387210153,3,HYD1000,1000,861.4321648252535,0.0,0.0,5,0.0,0.0
Mass-H1-Real,AK,HYD1000,2040-Hhigh,923.9190574968112,3060.524044442293,0.3194934354230267,49.626040173652065,0.05371254091035279,3.3125456387210153,3,HYD1000,1000,861.4321648252535,0.0,0.0,5,0.0,0.0
Mass-H1-Real,AK,HYD1000,2040-Hlow,923.9190574968112,3060.524044442293,0.3194934354230267,67.8560828113972,0.0734437527408957,3.3125456387210153,3,HYD1000,1000,861.4321648252535,0.0,0.0,5,0.0,0.0
Mass-H1-Real,AK,HYD1000,2045-Hhigh,923.9190574968112,3060.524044442293,0.3194934354230267,55.95687784080218,0.06056469707682732,3.3125456387210153,3,HYD1000,1000,861.4321648252535,0.0,0.0,5,0.0,0.0
Mass-H1-Real,AK,HYD1000,2045-Hlow,923.9190574968112,3060.524044442293,0.3194934354230267,74.09469265094279,0.08019608649667724,3.3125456387210153,3,HYD1000,1000,861.4321648252535,0.0,0.0,5,0.0,0.0
Mass-H1-Real,AK,HYD200,2024-Hhigh,805.5686841846001,2523.65,0.2782451144512764,67.37321454722675,0.08363435157043399,3.132755840123613,3,HYD200,200,320.0831017930943,654.3796786328927,128.0,8.5,-556.6827523194318,90.0
Mass-H1-Real,AK,HYD200,2024-Hlow,805.5686841846001,2523.65,0.2782451144512764,99.69261926600339,0.12375433805115285,3.132755840123613,3,HYD200,200,320.0831017930943,654.3796786328927,128.0,8.5,-556.6827523194318,90.0
Mass-H1-Real,AK,HYD200,2025-Hhigh,805.5686841846001,2523.65,0.3027149481085463,51.03010284361578,0.06334668147542089,3.132755840123613,3,HYD200,200,320.0831017930943,654.3796786328927,128.0,8.5,-556.6827523194318,90.0
Mass-H1-Real,AK,HYD200,2025-Hlow,805.5686841846001,2523.65,0.27486990524069493,79.58880595243008,0.09879828686859916,3.132755840123613,3,HYD200,200,320.0831017930943,654.3796786328927,128.0,8.5,-556.6827523194318,90.0
Mass-H1-Real,AK,HYD200,2030-Hhigh,805.5686841846001,2523.65,0.27486990524069493,40.8817653316321,0.05074895056653399,3.132755840123613,3,HYD200,200,320.0831017930943,654.3796786328927,128.0,8.5,-556.6827523194318,90.0
Mass-H1-Real,AK,HYD200,2030-Hlow,805.5686841846001,2523.65,0.27486990524069493,61.2127661241283,0.07598702298872022,3.132755840123613,3,HYD200,200,320.0831017930943,654.3796786328927,128.0,8.5,-556.6827523194318,90.0
Mass-H1-Real,AK,HYD200,2035-Hhigh,805.5686841846001,2523.65,0.27486990524069493,41.247678944564974,0.051203180752136666,3.132755840123613,3,HYD200,200,320.0831017930943,654.3796786328927,128.0,8.5,-556.6827523194318,90.0
Mass-H1-Real,AK,HYD200,2035-Hlow,805.5686841846001,2523.65,0.27486990524069493,55.72707314658894,0.06917730820556427,3.132755840123613,3,HYD200,200,320.0831017930943,654.3796786328927,128.0,8.5,-556.6827523194318,90.0
Mass-H1-Real,AK,HYD200,2040-Hhigh,805.5686841846001,2523.65,0.27486990524069493,43.51159441096028,0.05401351277079854,3.132755840123613,3,HYD200,200,320.0831017930943,654.3796786328927,128.0,8.5,-556.6827523194318,90.0
Mass-H1-Real,AK,HYD200,2040-Hlow,805.5686841846001,2523.65,0.27486990524069493,61.21492503122025,0.07598970296763986,3.132755840123613,3,HYD200,200,320.0831017930943,654.3796786328927,128.0,8.5,-556.6827523194318,90.0
Mass-H1-Real,AK,HYD200,2045-Hhigh,805.5686841846001,2523.65,0.27486990524069493,49.27827045517665,0.0611720284348644,3.132755840123613,3,HYD200,200,320.0831017930943,654.3796786328927,128.0,8.5,-556.6827523194318,90.0
Mass-H1-Real,AK,HYD200,2045-Hlow,805.5686841846001,2523.65,0.27486990524069493,66.61586209329496,0.08269420522562121,3.132755840123613,3,HYD200,200,320.0831017930943,654.3796786328927,128.0,8.5,-556.6827523194318,90.0
Mass-H1-Real,AK,HYD500,2024-Hhigh,831.6091186415439,2756.4662333314386,0.29541772372700287,69.28362442717668,0.08331272814847601,3.3146176148647832,3,HYD500,500,554.2117650565093,0.0,0.0,5,0.0,0.0
Mass-H1-Real,AK,HYD500,2024-Hlow,831.6091186415439,2756.4662333314386,0.29541772372700287,100.25925363788485,0.1205605510935968,3.3146176148647832,3,HYD500,500,554.2117650565093,0.0,0.0,5,0.0,0.0
Mass-H1-Real,AK,HYD500,2025-Hhigh,831.6091186415439,2756.4662333314386,0.31251970774939036,52.68906309905409,0.063357967003925,3.3146176148647832,3,HYD500,500,554.2117650565093,0.0,0.0,5,0.0,0.0
Mass-H1-Real,AK,HYD500,2025-Hlow,831.6091186415439,2756.4662333314386,0.28737978951701926,80.35151826479073,0.09662173786170974,3.3146176148647832,3,HYD500,500,554.2117650565093,0.0,0.0,5,0.0,0.0
Mass-H1-Real,AK,HYD500,2030-Hhigh,831.6091186415439,2756.4662333314386,0.28737978951701926,42.24399986929481,0.050797903633261664,3.3146176148647832,3,HYD500,500,554.2117650565093,0.0,0.0,5,0.0,0.0
Mass-H1-Real,AK,HYD500,2030-Hlow,831.6091186415439,2756.4662333314386,0.28737978951701926,62.13150681267571,0.0747123924208157,3.3146176148647832,3,HYD500,500,554.2117650565093,0.0,0.0,5,0.0,0.0
Mass-H1-Real,AK,HYD500,2035-Hhigh,831.6091186415439,2756.4662333314386,0.28737978951701926,42.45674345566309,0.051053725246564555,3.3146176148647832,3,HYD500,500,554.2117650565093,0.0,0.0,5,0.0,0.0
Mass-H1-Real,AK,HYD500,2035-Hlow,831.6091186415439,2756.4662333314386,0.28737978951701926,56.29039850622189,0.0676885296762664,3.3146176148647832,3,HYD500,500,554.2117650565093,0.0,0.0,5,0.0,0.0
Mass-H1-Real,AK,HYD500,2040-Hhigh,831.6091186415439,2756.4662333314386,0.28737978951701926,44.73465452593747,0.05379288601237652,3.3146176148647832,3,HYD500,500,554.2117650565093,0.0,0.0,5,0.0,0.0
Mass-H1-Real,AK,HYD500,2040-Hlow,831.6091186415439,2756.4662333314386,0.28737978951701926,61.71463089414098,0.07421110412419901,3.3146176148647832,3,HYD500,500,554.2117650565093,0.0,0.0,5,0.0,0.0
Mass-H1-Real,AK,HYD500,2045-Hhigh,831.6091186415439,2756.4662333314386,0.28737978951701926,50.548993591588115,0.06078455906563563,3.3146176148647832,3,HYD500,500,554.2117650565093,0.0,0.0,5,0.0,0.0
Mass-H1-Real,AK,HYD500,2045-Hlow,831.6091186415439,2756.4662333314386,0.28737978951701926,67.40094471116639,0.08104882835011197,3.3146176148647832,3,HYD500,500,554.2117650565093,0.0,0.0,5,0.0,0.0
Mass-H1-Real,AK,HYD1000,2024-Hhigh,1061.843401274074,3530.518788886547,0.3823033189978464,88.29678993891088,0.08315424838819567,3.324895916526282,4,HYD1000,1000,852.1081540923494,0.0,0.0,5,0.0,0.0
Mass-H1-Real,AK,HYD1000,2024-Hlow,1061.843401274074,3530.518788886547,0.3823033189978464,122.73921185568992,0.11559069040540142,3.324895916526282,4,HYD1000,1000,852.1081540923494,0.0,0.0,5,0.0,0.0
Mass-H1-Real,AK,HYD1000,2025-Hhigh,1061.843401274074,3530.518788886547,0.37556975578389346,66.60574918641879,0.06272652738294607,3.324895916526282,4,HYD1000,1000,852.1081540923494,0.0,0.0,5,0.0,0.0
Mass-H1-Real,AK,HYD1000,2025-Hlow,1061.843401274074,3530.518788886547,0.3599691186870391,97.75250129223733,0.0920592444940064,3.324895916526282,4,HYD1000,1000,852.1081540923494,0.0,0.0,5,0.0,0.0
Mass-H1-Real,AK,HYD1000,2030-Hhigh,1061.843401274074,3530.518788886547,0.3599691186870391,52.725388817691034,0.049654580660789926,3.324895916526282,4,HYD1000,1000,852.1081540923494,0.0,0.0,5,0.0,0.0
Mass-H1-Real,AK,HYD1000,2030-Hlow,1061.843401274074,3530.518788886547,0.3599691186870391,75.76501741162174,0.07135234566670902,3.324895916526282,4,HYD1000,1000,852.1081540923494,0.0,0.0,5,0.0,0.0
Mass-H1-Real,AK,HYD1000,2035-Hhigh,1061.843401274074,3530.518788886547,0.3599691186870391,52.97350615324743,0.0498882472591402,3.324895916526282,4,HYD1000,1000,852.1081540923494,0.0,0.0,5,0.0,0.0
Mass-H1-Real,AK,HYD1000,2035-Hlow,1061.843401274074,3530.518788886547,0.3599691186870391,68.97479657371247,0.06495759778791456,3.324895916526282,4,HYD1000,1000,852.1081540923494,0.0,0.0,5,0.0,0.0
Mass-H1-Real,AK,HYD1000,2040-Hhigh,1061.843401274074,3530.518788886547,0.3599691186870391,55.16759772093383,0.05195455154191275,3.324895916526282,4,HYD1000,1000,852.1081540923494,0.0,0.0,5,0.0,0.0
Mass-H1-Real,AK,HYD1000,2040-Hlow,1061.843401274074,3530.518788886547,0.3599691186870391,74.0786836023721,0.0697642265455408,3.324895916526282,4,HYD1000,1000,852.1081540923494,0.0,0.0,5,0.0,0.0
Mass-H1-Real,AK,HYD1000,2045-Hhigh,1061.843401274074,3530.518788886547,0.3599691186870391,62.04677346702469,0.058433073457514195,3.324895916526282,4,HYD1000,1000,852.1081540923494,0.0,0.0,5,0.0,0.0
Mass-H1-Real,AK,HYD1000,2045-Hlow,1061.843401274074,3530.518788886547,0.3599691186870391,80.81144355318703,0.07610486014813843,3.324895916526282,4,HYD1000,1000,852.1081540923494,0.0,0.0,5,0.0,0.0
Mass-H1-Real,AK,HYD200,2024-Hhigh,946.9901213709248,3000.075,0.30066594501069693,79.08629365338378,0.0835133248685776,3.1680108718102518,4,HYD200,200,317.88834568185274,1237.9307619610156,184.0,8.5,-468.99950592849274,98.0
Mass-H1-Real,AK,HYD200,2024-Hlow,946.9901213709248,3000.075,0.30066594501069693,112.58631333488171,0.11888858267274678,3.1680108718102518,4,HYD200,200,317.88834568185274,1237.9307619610156,184.0,8.5,-468.99950592849274,98.0
Mass-H1-Real,AK,HYD200,2025-Hhigh,946.9901213709248,3000.075,0.3019918709338206,59.1705896890895,0.06248279507227624,3.1680108718102518,4,HYD200,200,317.88834568185274,1237.9307619610156,184.0,8.5,-468.99950592849274,98.0
Mass-H1-Real,AK,HYD200,2025-Hlow,946.9901213709248,3000.075,0.2905344752213067,88.90243856329754,0.09387895032589838,3.1680108718102518,4,HYD200,200,317.88834568185274,1237.9307619610156,184.0,8.5,-468.99950592849274,98.0
Mass-H1-Real,AK,HYD200,2030-Hhigh,946.9901213709248,3000.075,0.2905344752213067,46.506674498599736,0.04910998905804174,3.1680108718102518,4,HYD200,200,317.88834568185274,1237.9307619610156,184.0,8.5,-468.99950592849274,98.0
Mass-H1-Real,AK,HYD200,2030-Hlow,946.9901213709248,3000.075,0.2905344752213067,68.36775933447893,0.07219479674772668,3.1680108718102518,4,HYD200,200,317.88834568185274,1237.9307619610156,184.0,8.5,-468.99950592849274,98.0
Mass-H1-Real,AK,HYD200,2035-Hhigh,946.9901213709248,3000.075,0.2905344752213067,47.08331393573594,0.0497189071704096,3.1680108718102518,4,HYD200,200,317.88834568185274,1237.9307619610156,184.0,8.5,-468.99950592849274,98.0
Mass-H1-Real,AK,HYD200,2035-Hlow,946.9901213709248,3000.075,0.2905344752213067,62.631946202684944,0.066137908716529,3.1680108718102518,4,HYD200,200,317.88834568185274,1237.9307619610156,184.0,8.5,-468.99950592849274,98.0
Mass-H1-Real,AK,HYD200,2040-Hhigh,946.9901213709248,3000.075,0.2905344752213067,48.79019593615918,0.051521335687776025,3.1680108718102518,4,HYD200,200,317.88834568185274,1237.9307619610156,184.0,8.5,-468.99950592849274,98.0
Mass-H1-Real,AK,HYD200,2040-Hlow,946.9901213709248,3000.075,0.2905344752213067,67.14073925854566,0.07089909149352935,3.1680108718102518,4,HYD200,200,317.88834568185274,1237.9307619610156,184.0,8.5,-468.99950592849274,98.0
Mass-H1-Real,AK,HYD200,2045-Hhigh,946.9901213709248,3000.075,0.2905344752213067,55.02861378121959,0.05810896284911248,3.1680108718102518,4,HYD200,200,317.88834568185274,1237.9307619610156,184.0,8.5,-468.99950592849274,98.0
Mass-H1-Real,AK,HYD200,2045-Hlow,946.9901213709248,3000.075,0.2905344752213067,72.82750470447174,0.07690418628553577,3.1680108718102518,4,HYD200,200,317.88834568185274,1237.9307619610156,184.0,8.5,-468.99950592849274,98.0
Mass-H1-Real,AK,HYD500,2024-Hhigh,970.3300595580679,3230.2286333309726,0.34035091294654096,80.82868845225778,0.0833002004380559,3.328999860936148,4,HYD500,500,548.6700004478618,0.0,0.0,5,0.0,0.0
Mass-H1-Real,AK,HYD500,2024-Hlow,970.3300595580679,3230.2286333309726,0.34035091294654096,112.6645984075808,0.11610956220287903,3.328999860936148,4,HYD500,500,548.6700004478618,0.0,0.0,5,0.0,0.0
Mass-H1-Real,AK,HYD500,2025-Hhigh,970.3300595580679,3230.2286333309726,0.33731100629314686,60.75850860247447,0.06261633142659379,3.328999860936148,4,HYD500,500,548.6700004478618,0.0,0.0,5,0.0,0.0
Mass-H1-Real,AK,HYD500,2025-Hlow,970.3300595580679,3230.2286333309726,0.326057775664016,89.43872470470959,0.09217350717285211,3.328999860936148,4,HYD500,500,548.6700004478618,0.0,0.0,5,0.0,0.0
Mass-H1-Real,AK,HYD500,2030-Hhigh,970.3300595580679,3230.2286333309726,0.326057775664016,47.905133041447066,0.04936993610531372,3.328999860936148,4,HYD500,500,548.6700004478618,0.0,0.0,5,0.0,0.0
Mass-H1-Real,AK,HYD500,2030-Hlow,970.3300595580679,3230.2286333309726,0.326057775664016,69.14555408642346,0.07125982896780036,3.328999860936148,4,HYD500,500,548.6700004478618,0.0,0.0,5,0.0,0.0
Mass-H1-Real,AK,HYD500,2035-Hhigh,970.3300595580679,3230.2286333309726,0.326057775664016,48.23548966391878,0.04971039409609489,3.328999860936148,4,HYD500,500,548.6700004478618,0.0,0.0,5,0.0,0.0
Mass-H1-Real,AK,HYD500,2035-Hlow,970.3300595580679,3230.2286333309726,0.326057775664016,62.997252981166554,0.06492353025717697,3.328999860936148,4,HYD500,500,548.6700004478618,0.0,0.0,5,0.0,0.0
Mass-H1-Real,AK,HYD500,2040-Hhigh,970.3300595580679,3230.2286333309726,0.326057775664016,50.04041742053903,0.051570511423020014,3.328999860936148,4,HYD500,500,548.6700004478618,0.0,0.0,5,0.0,0.0
Mass-H1-Real,AK,HYD500,2040-Hlow,970.3300595580679,3230.2286333309726,0.326057775664016,67.62072690542837,0.06968837689747126,3.328999860936148,4,HYD500,500,548.6700004478618,0.0,0.0,5,0.0,0.0
Mass-H1-Real,AK,HYD500,2045-Hhigh,970.3300595580679,3230.2286333309726,0.326057775664016,56.39589053893972,0.05812031687921217,3.328999860936148,4,HYD500,500,548.6700004478618,0.0,0.0,5,0.0,0.0
Mass-H1-Real,AK,HYD500,2045-Hlow,970.3300595580679,3230.2286333309726,0.326057775664016,73.72157402803383,0.07597577061727838,3.328999860936148,4,HYD500,500,548.6700004478618,0.0,0.0,5,0.0,0.0
Mass-H1-Real,AK,HYD1000,2024-Hhigh,1201.6654526018049,4002.2054888849734,0.41206541389863904,99.88564867953492,0.08312267650140556,3.3305488480338146,5,HYD1000,1000,845.5635167104813,0.0,0.0,5,0.0,0.0
Mass-H1-Real,AK,HYD1000,2024-Hlow,1201.6654526018049,4002.2054888849734,0.41206541389863904,137.18253585533603,0.11416033935095088,3.3305488480338146,5,HYD1000,1000,845.5635167104813,0.0,0.0,5,0.0,0.0
Mass-H1-Real,AK,HYD1000,2025-Hhigh,1201.6654526018049,4002.2054888849734,0.42221154757266893,75.54685229719358,0.06286845655221436,3.3305488480338146,5,HYD1000,1000,845.5635167104813,0.0,0.0,5,0.0,0.0
Mass-H1-Real,AK,HYD1000,2025-Hlow,1201.6654526018049,4002.2054888849734,0.40402747968865554,108.1969954752724,0.090039199546769,3.3305488480338146,5,HYD1000,1000,845.5635167104813,0.0,0.0,5,0.0,0.0
Mass-H1-Real,AK,HYD1000,2030-Hhigh,1201.6654526018049,4002.2054888849734,0.40402747968865554,60.008978984918,0.049938174435312774,3.3305488480338146,5,HYD1000,1000,845.5635167104813,0.0,0.0,5,0.0,0.0
Mass-H1-Real,AK,HYD1000,2030-Hlow,1201.6654526018049,4002.2054888849734,0.40402747968865554,84.18611458975248,0.07005786378186674,3.3305488480338146,5,HYD1000,1000,845.5635167104813,0.0,0.0,5,0.0,0.0
Mass-H1-Real,AK,HYD1000,2035-Hhigh,1201.6654526018049,4002.2054888849734,0.40402747968865554,59.72734269995573,0.049703802810204895,3.3305488480338146,5,HYD1000,1000,845.5635167104813,0.0,0.0,5,0.0,0.0
Mass-H1-Real,AK,HYD1000,2035-Hlow,1201.6654526018049,4002.2054888849734,0.40402747968865554,77.34985890929705,0.06436887965932764,3.3305488480338146,5,HYD1000,1000,845.5635167104813,0.0,0.0,5,0.0,0.0
Mass-H1-Real,AK,HYD1000,2040-Hhigh,1201.6654526018049,4002.2054888849734,0.40402747968865554,62.41517703905579,0.051940560414645016,3.3305488480338146,5,HYD1000,1000,845.5635167104813,0.0,0.0,5,0.0,0.0
Mass-H1-Real,AK,HYD1000,2040-Hlow,1201.6654526018049,4002.2054888849734,0.40402747968865554,82.70856730918598,0.06882828089141468,3.3305488480338146,5,HYD1000,1000,845.5635167104813,0.0,0.0,5,0.0,0.0
Mass-H1-Real,AK,HYD1000,2045-Hhigh,1201.6654526018049,4002.2054888849734,0.40402747968865554,69.70593623193245,0.058007772530205934,3.3305488480338146,5,HYD1000,1000,845.5635167104813,0.0,0.0,5,0.0,0.0
Mass-H1-Real,AK,HYD1000,2045-Hlow,1201.6654526018049,4002.2054888849734,0.40402747968865554,89.70152848132004,0.07464767193489782,3.3305488480338146,5,HYD1000,1000,845.5635167104813,0.0,0.0,5,0.0,0.0
Mass-H1-Real,AK,HYD200,2024-Hhigh,1094.6720845918549,3477.775,0.40699087953573365,91.17808332794289,0.08329259931930973,3.1770016326822454,5,HYD200,200,316.71454677362755,1827.5951476569803,262.0,8.5,-489.1734003901646,101.0
Mass-H1-Real,AK,HYD200,2024-Hlow,1094.6720845918549,3477.775,0.40699087953573365,128.14308296584989,0.11706070225918627,3.1770016326822454,5,HYD200,200,316.71454677362755,1827.5951476569803,262.0,8.5,-489.1734003901646,101.0
Mass-H1-Real,AK,HYD200,2025-Hhigh,1094.6720845918549,3477.775,0.413247056901681,68.27407958069604,0.06236943514107407,3.1770016326822454,5,HYD200,200,316.71454677362755,1827.5951476569803,262.0,8.5,-489.1734003901646,101.0
Mass-H1-Real,AK,HYD200,2025-Hlow,1094.6720845918549,3477.775,0.39685940974634354,100.01538171492292,0.09136560904648752,3.1770016326822454,5,HYD200,200,316.71454677362755,1827.5951476569803,262.0,8.5,-489.1734003901646,101.0
Mass-H1-Real,AK,HYD200,2030-Hhigh,1094.6720845918549,3477.775,0.39685940974634354,53.87704877404988,0.04921752324956544,3.1770016326822454,5,HYD200,200,316.71454677362755,1827.5951476569803,262.0,8.5,-489.1734003901646,101.0
Mass-H1-Real,AK,HYD200,2030-Hlow,1094.6720845918549,3477.775,0.39685940974634354,77.30644495363609,0.07062064159830983,3.1770016326822454,5,HYD200,200,316.71454677362755,1827.5951476569803,262.0,8.5,-489.1734003901646,101.0
Mass-H1-Real,AK,HYD200,2035-Hhigh,1094.6720845918549,3477.775,0.39685940974634354,53.85974834338557,0.049201719036680296,3.1770016326822454,5,HYD200,200,316.71454677362755,1827.5951476569803,262.0,8.5,-489.1734003901646,101.0
Mass-H1-Real,AK,HYD200,2035-Hlow,1094.6720845918549,3477.775,0.39685940974634354,71.5376414552995,0.06535074974710083,3.1770016326822454,5,HYD200,200,316.71454677362755,1827.5951476569803,262.0,8.5,-489.1734003901646,101.0
Mass-H1-Real,AK,HYD200,2040-Hhigh,1094.6720845918549,3477.775,0.39685940974634354,56.158518674951644,0.051301681540449784,3.1770016326822454,5,HYD200,200,316.71454677362755,1827.5951476569803,262.0,8.5,-489.1734003901646,101.0
Mass-H1-Real,AK,HYD200,2040-Hlow,1094.6720845918549,3477.775,0.39685940974634354,76.28182733706915,0.06968463744602621,3.1770016326822454,5,HYD200,200,316.71454677362755,1827.5951476569803,262.0,8.5,-489.1734003901646,101.0
Mass-H1-Real,AK,HYD200,2045-Hhigh,1094.6720845918549,3477.775,0.39685940974634354,62.688993170376904,0.05726737171136533,3.1770016326822454,5,HYD200,200,316.71454677362755,1827.5951476569803,262.0,8.5,-489.1734003901646,101.0
Mass-H1-Real,AK,HYD200,2045-Hlow,1094.6720845918549,3477.775,0.39685940974634354,82.1417791096935,0.07503779466553202,3.1770016326822454,5,HYD200,200,316.71454677362755,1827.5951476569803,262.0,8.5,-489.1734003901646,101.0
Mass-H1-Real,AK,HYD500,2024-Hhigh,1110.8822771996981,3705.530799995734,0.37973228909353335,92.30873616870011,0.08309497600537037,3.335664701876964,5,HYD500,500,545.4139470464603,0.0,0.0,5,0.0,0.0
Mass-H1-Real,AK,HYD500,2024-Hlow,1110.8822771996981,3705.530799995734,0.37973228909353335,127.1457815218556,0.11445477539020923,3.335664701876964,5,HYD500,500,545.4139470464603,0.0,0.0,5,0.0,0.0
Mass-H1-Real,AK,HYD500,2025-Hhigh,1110.8822771996981,3705.530799995734,0.38729394904097125,69.46440833785883,0.06253084576429113,3.335664701876964,5,HYD500,500,545.4139470464603,0.0,0.0,5,0.0,0.0
Mass-H1-Real,AK,HYD500,2025-Hlow,1110.8822771996981,3705.530799995734,0.37258780633113675,99.73865408903504,0.08978327959327546,3.335664701876964,5,HYD500,500,545.4139470464603,0.0,0.0,5,0.0,0.0
Mass-H1-Real,AK,HYD500,2030-Hhigh,1110.8822771996981,3705.530799995734,0.37258780633113675,54.983943992504216,0.04949574326733094,3.335664701876964,5,HYD500,500,545.4139470464603,0.0,0.0,5,0.0,0.0
Mass-H1-Real,AK,HYD500,2030-Hlow,1110.8822771996981,3705.530799995734,0.37258780633113675,77.38530814603513,0.06966112407617782,3.335664701876964,5,HYD500,500,545.4139470464603,0.0,0.0,5,0.0,0.0
Mass-H1-Real,AK,HYD500,2035-Hhigh,1110.8822771996981,3705.530799995734,0.37258780633113675,54.75321441922473,0.04928804387558161,3.335664701876964,5,HYD500,500,545.4139470464603,0.0,0.0,5,0.0,0.0
Mass-H1-Real,AK,HYD500,2035-Hlow,1110.8822771996981,3705.530799995734,0.37258780633113675,71.32530378698475,0.06420599666670435,3.335664701876964,5,HYD500,500,545.4139470464603,0.0,0.0,5,0.0,0.0
Mass-H1-Real,AK,HYD500,2040-Hhigh,1110.8822771996981,3705.530799995734,0.37258780633113675,57.10346704085732,0.051403706956963266,3.335664701876964,5,HYD500,500,545.4139470464603,0.0,0.0,5,0.0,0.0
Mass-H1-Real,AK,HYD500,2040-Hlow,1110.8822771996981,3705.530799995734,0.37258780633113675,76.09171319501894,0.06849664879597345,3.335664701876964,5,HYD500,500,545.4139470464603,0.0,0.0,5,0.0,0.0
Mass-H1-Real,AK,HYD500,2045-Hhigh,1110.8822771996981,3705.530799995734,0.37258780633113675,63.77153299858088,0.057406202536001906,3.335664701876964,5,HYD500,500,545.4139470464603,0.0,0.0,5,0.0,0.0
Mass-H1-Real,AK,HYD500,2045-Hlow,1110.8822771996981,3705.530799995734,0.37258780633113675,82.35133240328038,0.07413146657706239,3.335664701876964,5,HYD500,500,545.4139470464603,0.0,0.0,5,0.0,0.0
Mass-H1-Real,CH,HYD1000,2024-Hhigh,1556.219168484302,4439.320631667332,0.7862913871945053,148.99744818520037,0.09574322897610765,2.852632020971096,3,HYD1000,1000,972.6253268848831,0.0,0.0,5,0.0,0.0
Mass-H1-Real,CH,HYD1000,2024-Hlow,1556.219168484302,4439.320631667332,0.7862913871945053,216.05416587978763,0.13883273658055256,2.852632020971096,3,HYD1000,1000,972.6253268848831,0.0,0.0,5,0.0,0.0
Mass-H1-Real,CH,HYD1000,2025-Hhigh,1556.219168484302,4439.320631667332,0.8178265610407403,115.2797741632363,0.07407682445880319,2.852632020971096,3,HYD1000,1000,972.6253268848831,0.0,0.0,5,0.0,0.0
Mass-H1-Real,CH,HYD1000,2025-Hlow,1556.219168484302,4439.320631667332,0.7759913424111899,176.17063690532476,0.11320425841876001,2.852632020971096,3,HYD1000,1000,972.6253268848831,0.0,0.0,5,0.0,0.0
Mass-H1-Real,CH,HYD1000,2030-Hhigh,1556.219168484302,4439.320631667332,0.7759913424111899,92.33041066270032,0.059329953346241464,2.852632020971096,3,HYD1000,1000,972.6253268848831,0.0,0.0,5,0.0,0.0
Mass-H1-Real,CH,HYD1000,2030-Hlow,1556.219168484302,4439.320631667332,0.7759913424111899,136.43030058847137,0.08766779342613372,2.852632020971096,3,HYD1000,1000,972.6253268848831,0.0,0.0,5,0.0,0.0
Mass-H1-Real,CH,HYD1000,2035-Hhigh,1556.219168484302,4439.320631667332,0.7759913424111899,91.4111959838005,0.058739281609563716,2.852632020971096,3,HYD1000,1000,972.6253268848831,0.0,0.0,5,0.0,0.0
Mass-H1-Real,CH,HYD1000,2035-Hlow,1556.219168484302,4439.320631667332,0.7759913424111899,117.9312608479958,0.07578062475792298,2.852632020971096,3,HYD1000,1000,972.6253268848831,0.0,0.0,5,0.0,0.0
Mass-H1-Real,CH,HYD1000,2040-Hhigh,1556.219168484302,4439.320631667332,0.7759913424111899,95.34356565822847,0.061266155557696586,2.852632020971096,3,HYD1000,1000,972.6253268848831,0.0,0.0,5,0.0,0.0
Mass-H1-Real,CH,HYD1000,2040-Hlow,1556.219168484302,4439.320631667332,0.7759913424111899,132.83799750741866,0.08535944049371773,2.852632020971096,3,HYD1000,1000,972.6253268848831,0.0,0.0,5,0.0,0.0
Mass-H1-Real,CH,HYD1000,2045-Hhigh,1556.219168484302,4439.320631667332,0.7759913424111899,108.8702868844336,0.06995819682035474,2.852632020971096,3,HYD1000,1000,972.6253268848831,0.0,0.0,5,0.0,0.0
Mass-H1-Real,CH,HYD1000,2045-Hlow,1556.219168484302,4439.320631667332,0.7759913424111899,145.79569925610892,0.09368583950685325,2.852632020971096,3,HYD1000,1000,972.6253268848831,0.0,0.0,5,0.0,0.0
Mass-H1-Real,CH,HYD200,2024-Hhigh,1301.4272403772973,3835.4298,0.6534850748538982,127.19653307436077,0.09773618465023459,2.9470950668652587,3,HYD200,200,363.72626133853527,233.1241826936014,69.0,11.2,-513.900360643361,107.0
Mass-H1-Real,CH,HYD200,2024-Hlow,1301.4272403772973,3835.4298,0.6534850748538982,189.21832217369675,0.14539293193128522,2.9470950668652587,3,HYD200,200,363.72626133853527,233.1241826936014,69.0,11.2,-513.900360643361,107.0
Mass-H1-Real,CH,HYD200,2025-Hhigh,1301.4272403772973,3835.4298,0.6914946286210576,97.96341870318949,0.07527383449787702,2.9470950668652587,3,HYD200,200,363.72626133853527,233.1241826936014,69.0,11.2,-513.900360643361,107.0
Mass-H1-Real,CH,HYD200,2025-Hlow,1301.4272403772973,3835.4298,0.6500995715106075,153.80250789055435,0.1181798744630283,2.9470950668652587,3,HYD200,200,363.72626133853527,233.1241826936014,69.0,11.2,-513.900360643361,107.0
Mass-H1-Real,CH,HYD200,2030-Hhigh,1301.4272403772973,3835.4298,0.6500995715106075,78.43786229382047,0.06027064737870442,2.9470950668652587,3,HYD200,200,363.72626133853527,233.1241826936014,69.0,11.2,-513.900360643361,107.0
Mass-H1-Real,CH,HYD200,2030-Hlow,1301.4272403772973,3835.4298,0.6500995715106075,118.52432902810776,0.09107257428678558,2.9470950668652587,3,HYD200,200,363.72626133853527,233.1241826936014,69.0,11.2,-513.900360643361,107.0
Mass-H1-Real,CH,HYD200,2035-Hhigh,1301.4272403772973,3835.4298,0.6500995715106075,78.19230573668906,0.06008196486959986,2.9470950668652587,3,HYD200,200,363.72626133853527,233.1241826936014,69.0,11.2,-513.900360643361,107.0
Mass-H1-Real,CH,HYD200,2035-Hlow,1301.4272403772973,3835.4298,0.6500995715106075,102.31977272818236,0.0786212010580928,2.9470950668652587,3,HYD200,200,363.72626133853527,233.1241826936014,69.0,11.2,-513.900360643361,107.0
Mass-H1-Real,CH,HYD200,2040-Hhigh,1301.4272403772973,3835.4298,0.6500995715106075,81.56966976763273,0.06267708807446265,2.9470950668652587,3,HYD200,200,363.72626133853527,233.1241826936014,69.0,11.2,-513.900360643361,107.0
Mass-H1-Real,CH,HYD200,2040-Hlow,1301.4272403772973,3835.4298,0.6500995715106075,115.37595330775889,0.08865340276288532,2.9470950668652587,3,HYD200,200,363.72626133853527,233.1241826936014,69.0,11.2,-513.900360643361,107.0
Mass-H1-Real,CH,HYD200,2045-Hhigh,1301.4272403772973,3835.4298,0.6500995715106075,93.1730464873883,0.0715929739263614,2.9470950668652587,3,HYD200,200,363.72626133853527,233.1241826936014,69.0,11.2,-513.900360643361,107.0
Mass-H1-Real,CH,HYD200,2045-Hlow,1301.4272403772973,3835.4298,0.6500995715106075,126.06287360955754,0.09686509525727355,2.9470950668652587,3,HYD200,200,363.72626133853527,233.1241826936014,69.0,11.2,-513.900360643361,107.0
Mass-H1-Real,CH,HYD500,2024-Hhigh,1398.2993593785727,4098.599999999999,0.6668451922712998,132.70305019024335,0.09490317599031066,2.931132001534696,3,HYD500,500,628.7423686760627,0.0,0.0,6,0.0,0.0
Mass-H1-Real,CH,HYD500,2024-Hlow,1398.2993593785727,4098.599999999999,0.6668451922712998,193.31278516147037,0.13824849726555102,2.931132001534696,3,HYD500,500,628.7423686760627,0.0,0.0,6,0.0,0.0
Mass-H1-Real,CH,HYD500,2025-Hhigh,1398.2993593785727,4098.599999999999,0.702242583770748,102.48795149733971,0.07329471390367157,2.931132001534696,3,HYD500,500,628.7423686760627,0.0,0.0,6,0.0,0.0
Mass-H1-Real,CH,HYD500,2025-Hlow,1398.2993593785727,4098.599999999999,0.6624299072629507,156.9252203063658,0.1122257685765557,2.931132001534696,3,HYD500,500,628.7423686760627,0.0,0.0,6,0.0,0.0
Mass-H1-Real,CH,HYD500,2030-Hhigh,1398.2993593785727,4098.599999999999,0.6624299072629507,82.02815233984273,0.058662797626037246,2.931132001534696,3,HYD500,500,628.7423686760627,0.0,0.0,6,0.0,0.0
Mass-H1-Real,CH,HYD500,2030-Hlow,1398.2993593785727,4098.599999999999,0.6624299072629507,121.215354948052,0.08668769969394972,2.931132001534696,3,HYD500,500,628.7423686760627,0.0,0.0,6,0.0,0.0
Mass-H1-Real,CH,HYD500,2035-Hhigh,1398.2993593785727,4098.599999999999,0.6624299072629507,81.37885397740651,0.058198449017077866,2.931132001534696,3,HYD500,500,628.7423686760627,0.0,0.0,6,0.0,0.0
Mass-H1-Real,CH,HYD500,2035-Hlow,1398.2993593785727,4098.599999999999,0.6624299072629507,105.65543334599137,0.07555995262198102,2.931132001534696,3,HYD500,500,628.7423686760627,0.0,0.0,6,0.0,0.0
Mass-H1-Real,CH,HYD500,2040-Hhigh,1398.2993593785727,4098.599999999999,0.6624299072629507,84.77842276628878,0.06062966574193791,2.931132001534696,3,HYD500,500,628.7423686760627,0.0,0.0,6,0.0,0.0
Mass-H1-Real,CH,HYD500,2040-Hlow,1398.2993593785727,4098.599999999999,0.6624299072629507,118.25868489106655,0.08457322396516198,2.931132001534696,3,HYD500,500,628.7423686760627,0.0,0.0,6,0.0,0.0
Mass-H1-Real,CH,HYD500,2045-Hhigh,1398.2993593785727,4098.599999999999,0.6624299072629507,96.8047960190917,0.06923038001112533,2.931132001534696,3,HYD500,500,628.7423686760627,0.0,0.0,6,0.0,0.0
Mass-H1-Real,CH,HYD500,2045-Hlow,1398.2993593785727,4098.599999999999,0.6624299072629507,129.58855551754115,0.0926758312863223,2.931132001534696,3,HYD500,500,628.7423686760627,0.0,0.0,6,0.0,0.0
Mass-H1-Real,CH,HYD1000,2024-Hhigh,1705.6063916959922,4911.074798334168,0.8443672450551074,161.99456342194443,0.09497769486010368,2.8793717133357926,4,HYD1000,1000,965.0833926937169,0.0,0.0,5,0.0,0.0
Mass-H1-Real,CH,HYD1000,2024-Hlow,1705.6063916959922,4911.074798334168,0.8443672450551074,230.3009024357795,0.13502582046891648,2.8793717133357926,4,HYD1000,1000,965.0833926937169,0.0,0.0,5,0.0,0.0
Mass-H1-Real,CH,HYD1000,2025-Hhigh,1705.6063916959922,4911.074798334168,0.8331451790627934,124.72524682094303,0.0731266295835822,2.8793717133357926,4,HYD1000,1000,965.0833926937169,0.0,0.0,5,0.0,0.0
Mass-H1-Real,CH,HYD1000,2025-Hlow,1705.6063916959922,4911.074798334168,0.8153330608479656,186.9187807799767,0.10959080693530442,2.8793717133357926,4,HYD1000,1000,965.0833926937169,0.0,0.0,5,0.0,0.0
Mass-H1-Real,CH,HYD1000,2030-Hhigh,1705.6063916959922,4911.074798334168,0.8153330608479656,99.16476586659326,0.05814047505297366,2.8793717133357926,4,HYD1000,1000,965.0833926937169,0.0,0.0,5,0.0,0.0
Mass-H1-Real,CH,HYD1000,2030-Hlow,1705.6063916959922,4911.074798334168,0.8153330608479656,144.65235577885946,0.08480992829478229,2.8793717133357926,4,HYD1000,1000,965.0833926937169,0.0,0.0,5,0.0,0.0
Mass-H1-Real,CH,HYD1000,2035-Hhigh,1705.6063916959922,4911.074798334168,0.8153330608479656,98.30483474681145,0.057636295938748645,2.8793717133357926,4,HYD1000,1000,965.0833926937169,0.0,0.0,5,0.0,0.0
Mass-H1-Real,CH,HYD1000,2035-Hlow,1705.6063916959922,4911.074798334168,0.8153330608479656,126.08806143493275,0.07392565016689193,2.8793717133357926,4,HYD1000,1000,965.0833926937169,0.0,0.0,5,0.0,0.0
Mass-H1-Real,CH,HYD1000,2040-Hhigh,1705.6063916959922,4911.074798334168,0.8153330608479656,101.80252452578851,0.05968699755197319,2.8793717133357926,4,HYD1000,1000,965.0833926937169,0.0,0.0,5,0.0,0.0
Mass-H1-Real,CH,HYD1000,2040-Hlow,1705.6063916959922,4911.074798334168,0.8153330608479656,140.36267998045156,0.08229488389808394,2.8793717133357926,4,HYD1000,1000,965.0833926937169,0.0,0.0,5,0.0,0.0
Mass-H1-Real,CH,HYD1000,2045-Hhigh,1705.6063916959922,4911.074798334168,0.8153330608479656,116.1066526893784,0.06807353282366994,2.8793717133357926,4,HYD1000,1000,965.0833926937169,0.0,0.0,5,0.0,0.0
Mass-H1-Real,CH,HYD1000,2045-Hlow,1705.6063916959922,4911.074798334168,0.8153330608479656,153.99086759673406,0.09028511404885814,2.8793717133357926,4,HYD1000,1000,965.0833926937169,0.0,0.0,5,0.0,0.0
Mass-H1-Real,CH,HYD200,2024-Hhigh,1435.417615524417,4312.779733333333,0.6764546182327926,138.68943564728642,0.09661957199585952,3.004547029860503,4,HYD200,200,362.1523069130151,613.6186188146982,108.0,11.2,-390.9843725542077,107.0
Mass-H1-Real,CH,HYD200,2024-Hlow,1435.417615524417,4312.779733333333,0.6764546182327926,202.18528791209198,0.14085467931102783,3.004547029860503,4,HYD200,200,362.1523069130151,613.6186188146982,108.0,11.2,-390.9843725542077,107.0
Mass-H1-Real,CH,HYD200,2025-Hhigh,1435.417615524417,4312.779733333333,0.6876230950295396,106.04234467097594,0.07387560492786227,3.004547029860503,4,HYD200,200,362.1523069130151,613.6186188146982,108.0,11.2,-390.9843725542077,107.0
Mass-H1-Real,CH,HYD200,2025-Hlow,1435.417615524417,4312.779733333333,0.662068360954238,163.37191270875346,0.11381490023658863,3.004547029860503,4,HYD200,200,362.1523069130151,613.6186188146982,108.0,11.2,-390.9843725542077,107.0
Mass-H1-Real,CH,HYD200,2030-Hhigh,1435.417615524417,4312.779733333333,0.662068360954238,84.10484583300722,0.05859259697205281,3.004547029860503,4,HYD200,200,362.1523069130151,613.6186188146982,108.0,11.2,-390.9843725542077,107.0
Mass-H1-Real,CH,HYD200,2030-Hlow,1435.417615524417,4312.779733333333,0.662068360954238,125.91915342642467,0.08772300971130359,3.004547029860503,4,HYD200,200,362.1523069130151,613.6186188146982,108.0,11.2,-390.9843725542077,107.0
Mass-H1-Real,CH,HYD200,2035-Hhigh,1435.417615524417,4312.779733333333,0.662068360954238,84.1584402386327,0.058629934124004864,3.004547029860503,4,HYD200,200,362.1523069130151,613.6186188146982,108.0,11.2,-390.9843725542077,107.0
Mass-H1-Real,CH,HYD200,2035-Hlow,1435.417615524417,4312.779733333333,0.662068360954238,109.47713189728167,0.076268488496489,3.004547029860503,4,HYD200,200,362.1523069130151,613.6186188146982,108.0,11.2,-390.9843725542077,107.0
Mass-H1-Real,CH,HYD200,2040-Hhigh,1435.417615524417,4312.779733333333,0.662068360954238,86.92463417435398,0.06055703457602953,3.004547029860503,4,HYD200,200,362.1523069130151,613.6186188146982,108.0,11.2,-390.9843725542077,107.0
Mass-H1-Real,CH,HYD200,2040-Hlow,1435.417615524417,4312.779733333333,0.662068360954238,121.74465054486899,0.08481479482219582,3.004547029860503,4,HYD200,200,362.1523069130151,613.6186188146982,108.0,11.2,-390.9843725542077,107.0
Mass-H1-Real,CH,HYD200,2045-Hhigh,1435.417615524417,4312.779733333333,0.662068360954238,99.18475943370899,0.06909819021377464,3.004547029860503,4,HYD200,200,362.1523069130151,613.6186188146982,108.0,11.2,-390.9843725542077,107.0
Mass-H1-Real,CH,HYD200,2045-Hlow,1435.417615524417,4312.779733333333,0.662068360954238,132.77976120397406,0.0925025301124399,3.004547029860503,4,HYD200,200,362.1523069130151,613.6186188146982,108.0,11.2,-390.9843725542077,107.0
Mass-H1-Real,CH,HYD500,2024-Hhigh,1545.8510392186395,4573.7,0.723976837650499,145.30461643826965,0.09399651890890783,2.958693874095273,4,HYD500,500,624.5121920159396,0.0,0.0,6,0.0,0.0
Mass-H1-Real,CH,HYD500,2024-Hlow,1545.8510392186395,4573.7,0.723976837650499,207.06197911840138,0.13394691588334554,2.958693874095273,4,HYD500,500,624.5121920159396,0.0,0.0,6,0.0,0.0
Mass-H1-Real,CH,HYD500,2025-Hhigh,1545.8510392186395,4573.7,0.7305358868124636,111.40533656914424,0.07206731680010695,2.958693874095273,4,HYD500,500,624.5121920159396,0.0,0.0,6,0.0,0.0
Mass-H1-Real,CH,HYD500,2025-Hlow,1545.8510392186395,4573.7,0.7109655241400373,167.1435559123445,0.10812397292615485,2.958693874095273,4,HYD500,500,624.5121920159396,0.0,0.0,6,0.0,0.0
Mass-H1-Real,CH,HYD500,2030-Hhigh,1545.8510392186395,4573.7,0.7109655241400373,88.31652490555591,0.05713132938746548,2.958693874095273,4,HYD500,500,624.5121920159396,0.0,0.0,6,0.0,0.0
Mass-H1-Real,CH,HYD500,2030-Hlow,1545.8510392186395,4573.7,0.7109655241400373,129.07467017147107,0.0834974825496205,2.958693874095273,4,HYD500,500,624.5121920159396,0.0,0.0,6,0.0,0.0
Mass-H1-Real,CH,HYD500,2035-Hhigh,1545.8510392186395,4573.7,0.7109655241400373,87.88070038807632,0.056849397618865136,2.958693874095273,4,HYD500,500,624.5121920159396,0.0,0.0,6,0.0,0.0
Mass-H1-Real,CH,HYD500,2035-Hlow,1545.8510392186395,4573.7,0.7109655241400373,113.35453609836505,0.07332824005840875,2.958693874095273,4,HYD500,500,624.5121920159396,0.0,0.0,6,0.0,0.0
Mass-H1-Real,CH,HYD500,2040-Hhigh,1545.8510392186395,4573.7,0.7109655241400373,90.7976444785341,0.05873634792420126,2.958693874095273,4,HYD500,500,624.5121920159396,0.0,0.0,6,0.0,0.0
Mass-H1-Real,CH,HYD500,2040-Hlow,1545.8510392186395,4573.7,0.7109655241400373,125.07652615708872,0.08091111173319097,2.958693874095273,4,HYD500,500,624.5121920159396,0.0,0.0,6,0.0,0.0
Mass-H1-Real,CH,HYD500,2045-Hhigh,1545.8510392186395,4573.7,0.7109655241400373,103.49283164629193,0.06694877386025698,2.958693874095273,4,HYD500,500,624.5121920159396,0.0,0.0,6,0.0,0.0
Mass-H1-Real,CH,HYD500,2045-Hlow,1545.8510392186395,4573.7,0.7109655241400373,136.94903423067876,0.08859135243710192,2.958693874095273,4,HYD500,500,624.5121920159396,0.0,0.0,6,0.0,0.0
Mass-H1-Real,CH,HYD1000,2024-Hhigh,1855.7992938083964,5384.644701666168,0.8805110829051829,174.9870750993365,0.09429202591204519,2.9015231979186806,5,HYD1000,1000,960.4189262930832,0.0,0.0,5,0.0,0.0
Mass-H1-Real,CH,HYD1000,2024-Hlow,1855.7992938083964,5384.644701666168,0.8805110829051829,246.13975381832373,0.13263274462897637,2.9015231979186806,5,HYD1000,1000,960.4189262930832,0.0,0.0,5,0.0,0.0
Mass-H1-Real,CH,HYD1000,2025-Hhigh,1855.7992938083964,5384.644701666168,0.9122918888159557,134.740571418814,0.07260514209071868,2.9015231979186806,5,HYD1000,1000,960.4189262930832,0.0,0.0,5,0.0,0.0
Mass-H1-Real,CH,HYD1000,2025-Hlow,1855.7992938083964,5384.644701666168,0.8787944087741079,198.51274196790555,0.10696886383684613,2.9015231979186806,5,HYD1000,1000,960.4189262930832,0.0,0.0,5,0.0,0.0
Mass-H1-Real,CH,HYD1000,2030-Hhigh,1855.7992938083964,5384.644701666168,0.8787944087741079,107.31424156624205,0.05782642655608306,2.9015231979186806,5,HYD1000,1000,960.4189262930832,0.0,0.0,5,0.0,0.0
Mass-H1-Real,CH,HYD1000,2030-Hlow,1855.7992938083964,5384.644701666168,0.8787944087741079,153.8866910528924,0.0829220549691515,2.9015231979186806,5,HYD1000,1000,960.4189262930832,0.0,0.0,5,0.0,0.0
Mass-H1-Real,CH,HYD1000,2035-Hhigh,1855.7992938083964,5384.644701666168,0.8787944087741079,105.71497254611583,0.05696465824662096,2.9015231979186806,5,HYD1000,1000,960.4189262930832,0.0,0.0,5,0.0,0.0
Mass-H1-Real,CH,HYD1000,2035-Hlow,1855.7992938083964,5384.644701666168,0.8787944087741079,135.1896496151817,0.07284712849402532,2.9015231979186806,5,HYD1000,1000,960.4189262930832,0.0,0.0,5,0.0,0.0
Mass-H1-Real,CH,HYD1000,2040-Hhigh,1855.7992938083964,5384.644701666168,0.8787944087741079,109.76533823738875,0.05914720336601311,2.9015231979186806,5,HYD1000,1000,960.4189262930832,0.0,0.0,5,0.0,0.0
Mass-H1-Real,CH,HYD1000,2040-Hlow,1855.7992938083964,5384.644701666168,0.8787944087741079,149.57773715890298,0.08060016924133298,2.9015231979186806,5,HYD1000,1000,960.4189262930832,0.0,0.0,5,0.0,0.0
Mass-H1-Real,CH,HYD1000,2045-Hhigh,1855.7992938083964,5384.644701666168,0.8787944087741079,124.5710816209539,0.067125298536629,2.9015231979186806,5,HYD1000,1000,960.4189262930832,0.0,0.0,5,0.0,0.0
Mass-H1-Real,CH,HYD1000,2045-Hlow,1855.7992938083964,5384.644701666168,0.8787944087741079,163.614197537443,0.08816373520742135,2.9015231979186806,5,HYD1000,1000,960.4189262930832,0.0,0.0,5,0.0,0.0
Mass-H1-Real,CH,HYD200,2024-Hhigh,1575.6920402624912,4791.113266666666,0.7918216160855094,150.6844046240298,0.09563061865751864,3.040640648199584,5,HYD200,200,361.07209179058464,684.8753364447396,136.0,11.2,-747.5360447727796,177.0
Mass-H1-Real,CH,HYD200,2024-Hlow,1575.6920402624912,4791.113266666666,0.7918216160855094,217.29241163514718,0.13790284274010098,3.040640648199584,5,HYD200,200,361.07209179058464,684.8753364447396,136.0,11.2,-747.5360447727796,177.0
Mass-H1-Real,CH,HYD200,2025-Hhigh,1575.6920402624912,4791.113266666666,0.8091160048772522,115.02218301016029,0.07299788288008295,3.040640648199584,5,HYD200,200,361.07209179058464,684.8753364447396,136.0,11.2,-747.5360447727796,177.0
Mass-H1-Real,CH,HYD200,2025-Hlow,1575.6920402624912,4791.113266666666,0.7797250506143736,174.18787558491542,0.11054690328695055,3.040640648199584,5,HYD200,200,361.07209179058464,684.8753364447396,136.0,11.2,-747.5360447727796,177.0
Mass-H1-Real,CH,HYD200,2030-Hhigh,1575.6920402624912,4791.113266666666,0.7797250506143736,91.38898231661769,0.05799926634229452,3.040640648199584,5,HYD200,200,361.07209179058464,684.8753364447396,136.0,11.2,-747.5360447727796,177.0
Mass-H1-Real,CH,HYD200,2030-Hlow,1575.6920402624912,4791.113266666666,0.7797250506143736,134.5453236767563,0.08538808360949941,3.040640648199584,5,HYD200,200,361.07209179058464,684.8753364447396,136.0,11.2,-747.5360447727796,177.0
Mass-H1-Real,CH,HYD200,2035-Hhigh,1575.6920402624912,4791.113266666666,0.7797250506143736,90.75295877596011,0.05759561923079955,3.040640648199584,5,HYD200,200,361.07209179058464,684.8753364447396,136.0,11.2,-747.5360447727796,177.0
Mass-H1-Real,CH,HYD200,2035-Hlow,1575.6920402624912,4791.113266666666,0.7797250506143736,117.89943871375174,0.07482390955919985,3.040640648199584,5,HYD200,200,361.07209179058464,684.8753364447396,136.0,11.2,-747.5360447727796,177.0
Mass-H1-Real,CH,HYD200,2040-Hhigh,1575.6920402624912,4791.113266666666,0.7797250506143736,94.14107175557734,0.05974585728052201,3.040640648199584,5,HYD200,200,361.07209179058464,684.8753364447396,136.0,11.2,-747.5360447727796,177.0
Mass-H1-Real,CH,HYD200,2040-Hlow,1575.6920402624912,4791.113266666666,0.7797250506143736,130.26871388522224,0.08267396836219408,3.040640648199584,5,HYD200,200,361.07209179058464,684.8753364447396,136.0,11.2,-747.5360447727796,177.0
Mass-H1-Real,CH,HYD200,2045-Hhigh,1575.6920402624912,4791.113266666666,0.7797250506143736,106.56052485991603,0.06762776109611135,3.040640648199584,5,HYD200,200,361.07209179058464,684.8753364447396,136.0,11.2,-747.5360447727796,177.0
Mass-H1-Real,CH,HYD200,2045-Hlow,1575.6920402624912,4791.113266666666,0.7797250506143736,141.53411427774776,0.08982346211139702,3.040640648199584,5,HYD200,200,361.07209179058464,684.8753364447396,136.0,11.2,-747.5360447727796,177.0
Mass-H1-Real,CH,HYD500,2024-Hhigh,1699.1022202771928,5049.8,0.792988072532942,158.0835894058352,0.09303948139155825,2.9720401396310177,5,HYD500,500,622.0758369446745,0.0,0.0,6,0.0,0.0
Mass-H1-Real,CH,HYD500,2024-Hlow,1699.1022202771928,5049.8,0.792988072532942,222.9624675517941,0.1312236926601272,2.9720401396310177,5,HYD500,500,622.0758369446745,0.0,0.0,6,0.0,0.0
Mass-H1-Real,CH,HYD500,2025-Hhigh,1699.1022202771928,5049.8,0.8116046212702882,121.10142026024658,0.07127376965023917,2.9720401396310177,5,HYD500,500,622.0758369446745,0.0,0.0,6,0.0,0.0
Mass-H1-Real,CH,HYD500,2025-Hlow,1699.1022202771928,5049.8,0.7861280687283725,178.599454866732,0.10511401417484767,2.9720401396310177,5,HYD500,500,622.0758369446745,0.0,0.0,6,0.0,0.0
Mass-H1-Real,CH,HYD500,2030-Hhigh,1699.1022202771928,5049.8,0.7861280687283725,96.22505447459011,0.05663288136889838,2.9720401396310177,5,HYD500,500,622.0758369446745,0.0,0.0,6,0.0,0.0
Mass-H1-Real,CH,HYD500,2030-Hlow,1699.1022202771928,5049.8,0.7861280687283725,138.1732847274442,0.0813213490503841,2.9720401396310177,5,HYD500,500,622.0758369446745,0.0,0.0,6,0.0,0.0
Mass-H1-Real,CH,HYD500,2035-Hhigh,1699.1022202771928,5049.8,0.7861280687283725,95.0884014278087,0.0559639086412917,2.9720401396310177,5,HYD500,500,622.0758369446745,0.0,0.0,6,0.0,0.0
Mass-H1-Real,CH,HYD500,2035-Hlow,1699.1022202771928,5049.8,0.7861280687283725,122.5047063524142,0.07209966821915441,2.9720401396310177,5,HYD500,500,622.0758369446745,0.0,0.0,6,0.0,0.0
Mass-H1-Real,CH,HYD500,2040-Hhigh,1699.1022202771928,5049.8,0.7861280687283725,98.62659588319978,0.05804629921977841,2.9720401396310177,5,HYD500,500,622.0758369446745,0.0,0.0,6,0.0,0.0
Mass-H1-Real,CH,HYD500,2040-Hlow,1699.1022202771928,5049.8,0.7861280687283725,134.31441154922263,0.07905022425743784,2.9720401396310177,5,HYD500,500,622.0758369446745,0.0,0.0,6,0.0,0.0
Mass-H1-Real,CH,HYD500,2045-Hhigh,1699.1022202771928,5049.8,0.7861280687283725,111.61804281865207,0.06569236475980982,2.9720401396310177,5,HYD500,500,622.0758369446745,0.0,0.0,6,0.0,0.0
Mass-H1-Real,CH,HYD500,2045-Hlow,1699.1022202771928,5049.8,0.7861280687283725,146.4151103079591,0.08617204342424603,2.9720401396310177,5,HYD500,500,622.0758369446745,0.0,0.0,6,0.0,0.0
Mod-Nom-Ideal,AK,HYD1000,2024-Hhigh,1860.5603705808307,5937.2,0.8756622809321633,157.02224785555734,0.08439513725993102,3.191081619214818,3,HYD1000,1000,878.5211666411961,0.0,0.0,6,0.0,0.0
Mod-Nom-Ideal,AK,HYD1000,2024-Hlow,1860.5603705808307,5937.2,0.8756622809321633,269.17077743585503,0.1446718857888095,3.191081619214818,3,HYD1000,1000,878.5211666411961,0.0,0.0,6,0.0,0.0
Mod-Nom-Ideal,AK,HYD1000,2025-Hhigh,1860.5603705808307,5937.2,0.91167571733548,120.67149146891303,0.06485760600782964,3.191081619214818,3,HYD1000,1000,878.5211666411961,0.0,0.0,6,0.0,0.0
Mod-Nom-Ideal,AK,HYD1000,2025-Hlow,1860.5603705808307,5937.2,0.8824737637631276,222.57287673376166,0.11962679644965174,3.191081619214818,3,HYD1000,1000,878.5211666411961,0.0,0.0,6,0.0,0.0
Mod-Nom-Ideal,AK,HYD1000,2030-Hhigh,1860.5603705808307,5937.2,0.8824737637631276,98.596141773766,0.05299271301956529,3.191081619214818,3,HYD1000,1000,878.5211666411961,0.0,0.0,6,0.0,0.0
Mod-Nom-Ideal,AK,HYD1000,2030-Hlow,1860.5603705808307,5937.2,0.8824737637631276,173.7758665750268,0.09339974629298235,3.191081619214818,3,HYD1000,1000,878.5211666411961,0.0,0.0,6,0.0,0.0
Mod-Nom-Ideal,AK,HYD1000,2035-Hhigh,1860.5603705808307,5937.2,0.8824737637631276,102.51141175477362,0.05509706289335376,3.191081619214818,3,HYD1000,1000,878.5211666411961,0.0,0.0,6,0.0,0.0
Mod-Nom-Ideal,AK,HYD1000,2035-Hlow,1860.5603705808307,5937.2,0.8824737637631276,158.12210516088874,0.08498628029550372,3.191081619214818,3,HYD1000,1000,878.5211666411961,0.0,0.0,6,0.0,0.0
Mod-Nom-Ideal,AK,HYD1000,2040-Hhigh,1860.5603705808307,5937.2,0.8824737637631276,112.13026777274995,0.060266933309852805,3.191081619214818,3,HYD1000,1000,878.5211666411961,0.0,0.0,6,0.0,0.0
Mod-Nom-Ideal,AK,HYD1000,2040-Hlow,1860.5603705808307,5937.2,0.8824737637631276,176.19339161512858,0.09469909947621019,3.191081619214818,3,HYD1000,1000,878.5211666411961,0.0,0.0,6,0.0,0.0
Mod-Nom-Ideal,AK,HYD1000,2045-Hhigh,1860.5603705808307,5937.2,0.8824737637631276,130.10167471033904,0.06992606999885945,3.191081619214818,3,HYD1000,1000,878.5211666411961,0.0,0.0,6,0.0,0.0
Mod-Nom-Ideal,AK,HYD1000,2045-Hlow,1860.5603705808307,5937.2,0.8824737637631276,193.41475034745332,0.10395510589482941,3.191081619214818,3,HYD1000,1000,878.5211666411961,0.0,0.0,6,0.0,0.0
Mod-Nom-Ideal,AK,HYD200,2024-Hhigh,1492.306981126396,5392.0,0.6431996461536267,125.98199631519402,0.08442096559791108,3.6131975982114004,3,HYD200,200,327.7510873398412,170.24077780748607,54.0,11.2,-636.5442504894082,141.0
Mod-Nom-Ideal,AK,HYD200,2024-Hlow,1492.306981126396,5392.0,0.6431996461536267,223.17287628102787,0.1495489058910497,3.6131975982114004,3,HYD200,200,327.7510873398412,170.24077780748607,54.0,11.2,-636.5442504894082,141.0
Mod-Nom-Ideal,AK,HYD200,2025-Hhigh,1492.306981126396,5392.0,0.6756861334614049,96.25708328724569,0.06450219995257991,3.6131975982114004,3,HYD200,200,327.7510873398412,170.24077780748607,54.0,11.2,-636.5442504894082,141.0
Mod-Nom-Ideal,AK,HYD200,2025-Hlow,1492.306981126396,5392.0,0.6448937005348057,183.8832137374538,0.12322076895911752,3.6131975982114004,3,HYD200,200,327.7510873398412,170.24077780748607,54.0,11.2,-636.5442504894082,141.0
Mod-Nom-Ideal,AK,HYD200,2030-Hhigh,1492.306981126396,5392.0,0.6448937005348057,78.67502952169019,0.05272040573200705,3.6131975982114004,3,HYD200,200,327.7510873398412,170.24077780748607,54.0,11.2,-636.5442504894082,141.0
Mod-Nom-Ideal,AK,HYD200,2030-Hlow,1492.306981126396,5392.0,0.6448937005348057,143.1088963312231,0.09589775973788196,3.6131975982114004,3,HYD200,200,327.7510873398412,170.24077780748607,54.0,11.2,-636.5442504894082,141.0
Mod-Nom-Ideal,AK,HYD200,2035-Hhigh,1492.306981126396,5392.0,0.6448937005348057,82.70920346811593,0.05542371945863771,3.6131975982114004,3,HYD200,200,327.7510873398412,170.24077780748607,54.0,11.2,-636.5442504894082,141.0
Mod-Nom-Ideal,AK,HYD200,2035-Hlow,1492.306981126396,5392.0,0.6448937005348057,130.02477160745823,0.08713004311573702,3.6131975982114004,3,HYD200,200,327.7510873398412,170.24077780748607,54.0,11.2,-636.5442504894082,141.0
Mod-Nom-Ideal,AK,HYD200,2040-Hhigh,1492.306981126396,5392.0,0.6448937005348057,90.7572256591133,0.06081672658973262,3.6131975982114004,3,HYD200,200,327.7510873398412,170.24077780748607,54.0,11.2,-636.5442504894082,141.0
Mod-Nom-Ideal,AK,HYD200,2040-Hlow,1492.306981126396,5392.0,0.6448937005348057,145.0068763373734,0.09716960261616008,3.6131975982114004,3,HYD200,200,327.7510873398412,170.24077780748607,54.0,11.2,-636.5442504894082,141.0
Mod-Nom-Ideal,AK,HYD200,2045-Hhigh,1492.306981126396,5392.0,0.6448937005348057,105.0199723436625,0.07037424180941192,3.6131975982114004,3,HYD200,200,327.7510873398412,170.24077780748607,54.0,11.2,-636.5442504894082,141.0
Mod-Nom-Ideal,AK,HYD200,2045-Hlow,1492.306981126396,5392.0,0.6448937005348057,158.4163178774751,0.106155315146956,3.6131975982114004,3,HYD200,200,327.7510873398412,170.24077780748607,54.0,11.2,-636.5442504894082,141.0
Mod-Nom-Ideal,AK,HYD500,2024-Hhigh,1859.5672009272469,5630.116666666667,0.8339787899063823,156.65454591300022,0.08424247633260398,3.0276489410327785,3,HYD500,500,567.9569486903204,0.0,0.0,8.5,0.0,0.0
Mod-Nom-Ideal,AK,HYD500,2024-Hlow,1859.5672009272469,5630.116666666667,0.8339787899063823,272.01966967137184,0.14628117205752666,3.0276489410327785,3,HYD500,500,567.9569486903204,0.0,0.0,8.5,0.0,0.0
Mod-Nom-Ideal,AK,HYD500,2025-Hhigh,1859.5672009272469,5630.116666666667,0.8746560155936707,120.11753250291818,0.06459434885871469,3.0276489410327785,3,HYD500,500,567.9569486903204,0.0,0.0,8.5,0.0,0.0
Mod-Nom-Ideal,AK,HYD500,2025-Hlow,1859.5672009272469,5630.116666666667,0.8407490716635406,224.44163633520668,0.12069563080231359,3.0276489410327785,3,HYD500,500,567.9569486903204,0.0,0.0,8.5,0.0,0.0
Mod-Nom-Ideal,AK,HYD500,2030-Hhigh,1859.5672009272469,5630.116666666667,0.8407490716635406,98.15328395505333,0.05278286469352147,3.0276489410327785,3,HYD500,500,567.9569486903204,0.0,0.0,8.5,0.0,0.0
Mod-Nom-Ideal,AK,HYD500,2030-Hlow,1859.5672009272469,5630.116666666667,0.8407490716635406,174.89667308954574,0.09405235422647593,3.0276489410327785,3,HYD500,500,567.9569486903204,0.0,0.0,8.5,0.0,0.0
Mod-Nom-Ideal,AK,HYD500,2035-Hhigh,1859.5672009272469,5630.116666666667,0.8407490716635406,102.46537346765464,0.05510173196029793,3.0276489410327785,3,HYD500,500,567.9569486903204,0.0,0.0,8.5,0.0,0.0
Mod-Nom-Ideal,AK,HYD500,2035-Hlow,1859.5672009272469,5630.116666666667,0.8407490716635406,159.2700429929332,0.08564898483556575,3.0276489410327785,3,HYD500,500,567.9569486903204,0.0,0.0,8.5,0.0,0.0
Mod-Nom-Ideal,AK,HYD500,2040-Hhigh,1859.5672009272469,5630.116666666667,0.8407490716635406,112.15210275818198,0.06031086303429041,3.0276489410327785,3,HYD500,500,567.9569486903204,0.0,0.0,8.5,0.0,0.0
Mod-Nom-Ideal,AK,HYD500,2040-Hlow,1859.5672009272469,5630.116666666667,0.8407490716635406,177.52199827295678,0.09546414788582953,3.0276489410327785,3,HYD500,500,567.9569486903204,0.0,0.0,8.5,0.0,0.0
Mod-Nom-Ideal,AK,HYD500,2045-Hhigh,1859.5672009272469,5630.116666666667,0.8407490716635406,129.98122843057484,0.06989864542984063,3.0276489410327785,3,HYD500,500,567.9569486903204,0.0,0.0,8.5,0.0,0.0
Mod-Nom-Ideal,AK,HYD500,2045-Hlow,1859.5672009272469,5630.116666666667,0.8407490716635406,194.44900577238803,0.10456680762890891,3.0276489410327785,3,HYD500,500,567.9569486903204,0.0,0.0,8.5,0.0,0.0
Mod-Nom-Ideal,AK,HYD1000,2024-Hhigh,1993.8296933331717,6408.5,0.9134847721154787,168.18351613826792,0.08435199691359206,3.2141661955523553,4,HYD1000,1000,870.5244971350908,0.0,0.0,6,0.0,0.0
Mod-Nom-Ideal,AK,HYD1000,2024-Hlow,1993.8296933331717,6408.5,0.9134847721154787,281.6692629764693,0.14127047255755862,3.2141661955523553,4,HYD1000,1000,870.5244971350908,0.0,0.0,6,0.0,0.0
Mod-Nom-Ideal,AK,HYD1000,2025-Hhigh,1993.8296933331717,6408.5,0.9103311843051471,128.7628573402398,0.06458066993925712,3.2141661955523553,4,HYD1000,1000,870.5244971350908,0.0,0.0,6,0.0,0.0
Mod-Nom-Ideal,AK,HYD1000,2025-Hlow,1993.8296933331717,6408.5,0.8999028703341312,231.96886691405555,0.11634337059463846,3.2141661955523553,4,HYD1000,1000,870.5244971350908,0.0,0.0,6,0.0,0.0
Mod-Nom-Ideal,AK,HYD1000,2030-Hhigh,1993.8296933331717,6408.5,0.8999028703341312,104.46438129246964,0.052393833656791414,3.2141661955523553,4,HYD1000,1000,870.5244971350908,0.0,0.0,6,0.0,0.0
Mod-Nom-Ideal,AK,HYD1000,2030-Hlow,1993.8296933331717,6408.5,0.8999028703341312,181.01599516967264,0.09078809277188582,3.2141661955523553,4,HYD1000,1000,870.5244971350908,0.0,0.0,6,0.0,0.0
Mod-Nom-Ideal,AK,HYD1000,2035-Hhigh,1993.8296933331717,6408.5,0.8999028703341312,108.47367329671567,0.05440468343882246,3.2141661955523553,4,HYD1000,1000,870.5244971350908,0.0,0.0,6,0.0,0.0
Mod-Nom-Ideal,AK,HYD1000,2035-Hlow,1993.8296933331717,6408.5,0.8999028703341312,165.19791254357213,0.08285457534108824,3.2141661955523553,4,HYD1000,1000,870.5244971350908,0.0,0.0,6,0.0,0.0
Mod-Nom-Ideal,AK,HYD1000,2040-Hhigh,1993.8296933331717,6408.5,0.8999028703341312,117.76846854578245,0.05906646336924785,3.2141661955523553,4,HYD1000,1000,870.5244971350908,0.0,0.0,6,0.0,0.0
Mod-Nom-Ideal,AK,HYD1000,2040-Hlow,1993.8296933331717,6408.5,0.8999028703341312,182.75760248828684,0.09166159130811369,3.2141661955523553,4,HYD1000,1000,870.5244971350908,0.0,0.0,6,0.0,0.0
Mod-Nom-Ideal,AK,HYD1000,2045-Hhigh,1993.8296933331717,6408.5,0.8999028703341312,136.3886889109306,0.06840538555874534,3.2141661955523553,4,HYD1000,1000,870.5244971350908,0.0,0.0,6,0.0,0.0
Mod-Nom-Ideal,AK,HYD1000,2045-Hlow,1993.8296933331717,6408.5,0.8999028703341312,200.5079846186347,0.10056424843560073,3.2141661955523553,4,HYD1000,1000,870.5244971350908,0.0,0.0,6,0.0,0.0
Mod-Nom-Ideal,AK,HYD200,2024-Hhigh,1606.6901894217178,5869.333333333333,0.6616638564012756,135.4489519196465,0.08430309266305876,3.6530585497916257,4,HYD200,200,326.19453854011164,648.5818860746782,111.0,11.2,-531.8424070635938,123.0
Mod-Nom-Ideal,AK,HYD200,2024-Hlow,1606.6901894217178,5869.333333333333,0.6616638564012756,233.67364516516105,0.14543789879570074,3.6530585497916257,4,HYD200,200,326.19453854011164,648.5818860746782,111.0,11.2,-531.8424070635938,123.0
Mod-Nom-Ideal,AK,HYD200,2025-Hhigh,1606.6901894217178,5869.333333333333,0.6735157528572847,102.85418579710475,0.06401619084642832,3.6530585497916257,4,HYD200,200,326.19453854011164,648.5818860746782,111.0,11.2,-531.8424070635938,123.0
Mod-Nom-Ideal,AK,HYD200,2025-Hlow,1606.6901894217178,5869.333333333333,0.6584312158972905,191.523754518657,0.11920391110845738,3.6530585497916257,4,HYD200,200,326.19453854011164,648.5818860746782,111.0,11.2,-531.8424070635938,123.0
Mod-Nom-Ideal,AK,HYD200,2030-Hhigh,1606.6901894217178,5869.333333333333,0.6584312158972905,83.2647918409133,0.05182380049938693,3.6530585497916257,4,HYD200,200,326.19453854011164,648.5818860746782,111.0,11.2,-531.8424070635938,123.0
Mod-Nom-Ideal,AK,HYD200,2030-Hlow,1606.6901894217178,5869.333333333333,0.6584312158972905,149.02329300191383,0.09275172897865923,3.6530585497916257,4,HYD200,200,326.19453854011164,648.5818860746782,111.0,11.2,-531.8424070635938,123.0
Mod-Nom-Ideal,AK,HYD200,2035-Hhigh,1606.6901894217178,5869.333333333333,0.6584312158972905,87.49562972992064,0.05445706353719144,3.6530585497916257,4,HYD200,200,326.19453854011164,648.5818860746782,111.0,11.2,-531.8424070635938,123.0
Mod-Nom-Ideal,AK,HYD200,2035-Hlow,1606.6901894217178,5869.333333333333,0.6584312158972905,135.69211724451554,0.08445443815982596,3.6530585497916257,4,HYD200,200,326.19453854011164,648.5818860746782,111.0,11.2,-531.8424070635938,123.0
Mod-Nom-Ideal,AK,HYD200,2040-Hhigh,1606.6901894217178,5869.333333333333,0.6584312158972905,95.07542702423301,0.0591747106257322,3.6530585497916257,4,HYD200,200,326.19453854011164,648.5818860746782,111.0,11.2,-531.8424070635938,123.0
Mod-Nom-Ideal,AK,HYD200,2040-Hlow,1606.6901894217178,5869.333333333333,0.6584312158972905,149.9695588769697,0.09334068251885384,3.6530585497916257,4,HYD200,200,326.19453854011164,648.5818860746782,111.0,11.2,-531.8424070635938,123.0
Mod-Nom-Ideal,AK,HYD200,2045-Hhigh,1606.6901894217178,5869.333333333333,0.6584312158972905,109.7801432034793,0.06832688960588694,3.6530585497916257,4,HYD200,200,326.19453854011164,648.5818860746782,111.0,11.2,-531.8424070635938,123.0
Mod-Nom-Ideal,AK,HYD200,2045-Hlow,1606.6901894217178,5869.333333333333,0.6584312158972905,163.6023119951752,0.10182567434114922,3.6530585497916257,4,HYD200,200,326.19453854011164,648.5818860746782,111.0,11.2,-531.8424070635938,123.0
Mod-Nom-Ideal,AK,HYD500,2024-Hhigh,2000.8594905422171,6104.841666666666,0.8650574040604952,168.40532577612447,0.08416649273582322,3.051109633396747,4,HYD500,500,563.3748541457762,0.0,0.0,8.5,0.0,0.0
Mod-Nom-Ideal,AK,HYD500,2024-Hlow,2000.8594905422171,6104.841666666666,0.8650574040604952,285.0207963100263,0.1424491812929792,3.051109633396747,4,HYD500,500,563.3748541457762,0.0,0.0,8.5,0.0,0.0
Mod-Nom-Ideal,AK,HYD500,2025-Hhigh,2000.8594905422171,6104.841666666666,0.8843248509396694,128.47983995134408,0.06421232503264238,3.051109633396747,4,HYD500,500,563.3748541457762,0.0,0.0,8.5,0.0,0.0
Mod-Nom-Ideal,AK,HYD500,2025-Hlow,2000.8594905422171,6104.841666666666,0.8667590298441358,234.02265275405867,0.11696106291333849,3.051109633396747,4,HYD500,500,563.3748541457762,0.0,0.0,8.5,0.0,0.0
Mod-Nom-Ideal,AK,HYD500,2030-Hhigh,2000.8594905422171,6104.841666666666,0.8667590298441358,104.01700946745001,0.0519861639256149,3.051109633396747,4,HYD500,500,563.3748541457762,0.0,0.0,8.5,0.0,0.0
Mod-Nom-Ideal,AK,HYD500,2030-Hlow,2000.8594905422171,6104.841666666666,0.8667590298441358,182.22352521486232,0.09107262457769146,3.051109633396747,4,HYD500,500,563.3748541457762,0.0,0.0,8.5,0.0,0.0
Mod-Nom-Ideal,AK,HYD500,2035-Hhigh,2000.8594905422171,6104.841666666666,0.8667590298441358,108.53022811169089,0.054241803897124255,3.051109633396747,4,HYD500,500,563.3748541457762,0.0,0.0,8.5,0.0,0.0
Mod-Nom-Ideal,AK,HYD500,2035-Hlow,2000.8594905422171,6104.841666666666,0.8667590298441358,166.37484259227557,0.08315168725175665,3.051109633396747,4,HYD500,500,563.3748541457762,0.0,0.0,8.5,0.0,0.0
Mod-Nom-Ideal,AK,HYD500,2040-Hhigh,2000.8594905422171,6104.841666666666,0.8667590298441358,117.75334652211868,0.05885138215787879,3.051109633396747,4,HYD500,500,563.3748541457762,0.0,0.0,8.5,0.0,0.0
Mod-Nom-Ideal,AK,HYD500,2040-Hlow,2000.8594905422171,6104.841666666666,0.8667590298441358,183.87846214025998,0.0918997375924835,3.051109633396747,4,HYD500,500,563.3748541457762,0.0,0.0,8.5,0.0,0.0
Mod-Nom-Ideal,AK,HYD500,2045-Hhigh,2000.8594905422171,6104.841666666666,0.8667590298441358,136.15205861643233,0.06804678652349355,3.051109633396747,4,HYD500,500,563.3748541457762,0.0,0.0,8.5,0.0,0.0
Mod-Nom-Ideal,AK,HYD500,2045-Hlow,2000.8594905422171,6104.841666666666,0.8667590298441358,201.18946593299128,0.10055152142566019,3.051109633396747,4,HYD500,500,563.3748541457762,0.0,0.0,8.5,0.0,0.0
Mod-Nom-Ideal,AK,HYD1000,2024-Hhigh,2134.185573736674,6882.9,0.956871976129449,180.20543611375427,0.08443756641004681,3.2250709988395996,5,HYD1000,1000,866.4644475578347,0.0,0.0,6,0.0,0.0
Mod-Nom-Ideal,AK,HYD1000,2024-Hlow,2134.185573736674,6882.9,0.956871976129449,296.4730673064552,0.13891625496623072,3.2250709988395996,5,HYD1000,1000,866.4644475578347,0.0,0.0,6,0.0,0.0
Mod-Nom-Ideal,AK,HYD1000,2025-Hhigh,2134.185573736674,6882.9,0.981870729190755,137.93437473839913,0.06463091890219015,3.2250709988395996,5,HYD1000,1000,866.4644475578347,0.0,0.0,6,0.0,0.0
Mod-Nom-Ideal,AK,HYD1000,2025-Hlow,2134.185573736674,6882.9,0.9670836600110553,242.95944127976946,0.11384175971838284,3.2250709988395996,5,HYD1000,1000,866.4644475578347,0.0,0.0,6,0.0,0.0
Mod-Nom-Ideal,AK,HYD1000,2030-Hhigh,2134.185573736674,6882.9,0.9670836600110553,111.9664970490341,0.05246333703446215,3.2250709988395996,5,HYD1000,1000,866.4644475578347,0.0,0.0,6,0.0,0.0
Mod-Nom-Ideal,AK,HYD1000,2030-Hlow,2134.185573736674,6882.9,0.9670836600110553,189.81393384226743,0.08893975115290868,3.2250709988395996,5,HYD1000,1000,866.4644475578347,0.0,0.0,6,0.0,0.0
Mod-Nom-Ideal,AK,HYD1000,2035-Hhigh,2134.185573736674,6882.9,0.9670836600110553,115.41305835053863,0.054078267499702834,3.2250709988395996,5,HYD1000,1000,866.4644475578347,0.0,0.0,6,0.0,0.0
Mod-Nom-Ideal,AK,HYD1000,2035-Hlow,2134.185573736674,6882.9,0.9670836600110553,173.9656015093714,0.08151381194315771,3.2250709988395996,5,HYD1000,1000,866.4644475578347,0.0,0.0,6,0.0,0.0
Mod-Nom-Ideal,AK,HYD1000,2040-Hhigh,2134.185573736674,6882.9,0.9670836600110553,125.22385140767355,0.05867524031118967,3.2250709988395996,5,HYD1000,1000,866.4644475578347,0.0,0.0,6,0.0,0.0
Mod-Nom-Ideal,AK,HYD1000,2040-Hlow,2134.185573736674,6882.9,0.9670836600110553,191.8094955459373,0.08987479716213453,3.2250709988395996,5,HYD1000,1000,866.4644475578347,0.0,0.0,6,0.0,0.0
Mod-Nom-Ideal,AK,HYD1000,2045-Hhigh,2134.185573736674,6882.9,0.9670836600110553,144.31697685107915,0.06762156891464662,3.2250709988395996,5,HYD1000,1000,866.4644475578347,0.0,0.0,6,0.0,0.0
Mod-Nom-Ideal,AK,HYD1000,2045-Hlow,2134.185573736674,6882.9,0.9670836600110553,209.79973884512464,0.0983043562035673,3.2250709988395996,5,HYD1000,1000,866.4644475578347,0.0,0.0,6,0.0,0.0
Mod-Nom-Ideal,AK,HYD200,2024-Hhigh,1727.0847939868288,6347.666666666666,0.7476096730788199,145.38115626829006,0.08417719661157458,3.675364804766543,5,HYD200,200,325.19033799916815,720.5504397190025,138.0,11.2,-836.6846629346762,208.0
Mod-Nom-Ideal,AK,HYD200,2024-Hlow,1727.0847939868288,6347.666666666666,0.7476096730788199,246.60131810745014,0.142784719642046,3.675364804766543,5,HYD200,200,325.19033799916815,720.5504397190025,138.0,11.2,-836.6846629346762,208.0
Mod-Nom-Ideal,AK,HYD200,2025-Hhigh,1727.0847939868288,6347.666666666666,0.7642453803565382,110.29962422352999,0.06386462587567149,3.675364804766543,5,HYD200,200,325.19033799916815,720.5504397190025,138.0,11.2,-836.6846629346762,208.0
Mod-Nom-Ideal,AK,HYD200,2025-Hlow,1727.0847939868288,6347.666666666666,0.7476679736757097,200.79224694424872,0.11626079254669185,3.675364804766543,5,HYD200,200,325.19033799916815,720.5504397190025,138.0,11.2,-836.6846629346762,208.0
Mod-Nom-Ideal,AK,HYD200,2030-Hhigh,1727.0847939868288,6347.666666666666,0.7476679736757097,89.29056008421016,0.05170015994298142,3.675364804766543,5,HYD200,200,325.19033799916815,720.5504397190025,138.0,11.2,-836.6846629346762,208.0
Mod-Nom-Ideal,AK,HYD200,2030-Hlow,1727.0847939868288,6347.666666666666,0.7476679736757097,156.44135208355826,0.09058116464706209,3.675364804766543,5,HYD200,200,325.19033799916815,720.5504397190025,138.0,11.2,-836.6846629346762,208.0
Mod-Nom-Ideal,AK,HYD200,2035-Hhigh,1727.0847939868288,6347.666666666666,0.7476679736757097,93.07839192890751,0.05389335384862253,3.675364804766543,5,HYD200,200,325.19033799916815,720.5504397190025,138.0,11.2,-836.6846629346762,208.0
Mod-Nom-Ideal,AK,HYD200,2035-Hlow,1727.0847939868288,6347.666666666666,0.7476679736757097,142.99285549632177,0.08279434570565286,3.675364804766543,5,HYD200,200,325.19033799916815,720.5504397190025,138.0,11.2,-836.6846629346762,208.0
Mod-Nom-Ideal,AK,HYD200,2040-Hhigh,1727.0847939868288,6347.666666666666,0.7476679736757097,101.1611770183084,0.05857337020771655,3.675364804766543,5,HYD200,200,325.19033799916815,720.5504397190025,138.0,11.2,-836.6846629346762,208.0
Mod-Nom-Ideal,AK,HYD200,2040-Hlow,1727.0847939868288,6347.666666666666,0.7476679736757097,157.49165832105504,0.09118930284685033,3.675364804766543,5,HYD200,200,325.19033799916815,720.5504397190025,138.0,11.2,-836.6846629346762,208.0
Mod-Nom-Ideal,AK,HYD200,2045-Hhigh,1727.0847939868288,6347.666666666666,0.7476679736757097,116.10138968375072,0.0672239082226765,3.675364804766543,5,HYD200,200,325.19033799916815,720.5504397190025,138.0,11.2,-836.6846629346762,208.0
Mod-Nom-Ideal,AK,HYD200,2045-Hlow,1727.0847939868288,6347.666666666666,0.7476679736757097,171.26475565221642,0.0991640689840516,3.675364804766543,5,HYD200,200,325.19033799916815,720.5504397190025,138.0,11.2,-836.6846629346762,208.0
Mod-Nom-Ideal,AK,HYD500,2024-Hhigh,2148.57956156489,6581.55,0.9490799774999923,180.6320968732662,0.08407047153595056,3.063209814397757,5,HYD500,500,561.4033413106,0.0,0.0,8.5,0.0,0.0
Mod-Nom-Ideal,AK,HYD500,2024-Hlow,2148.57956156489,6581.55,0.9490799774999923,300.55436932110564,0.1398851477029786,3.063209814397757,5,HYD500,500,561.4033413106,0.0,0.0,8.5,0.0,0.0
Mod-Nom-Ideal,AK,HYD500,2025-Hhigh,2148.57956156489,6581.55,0.9715889027851702,137.6299280863664,0.06405624001474045,3.063209814397757,5,HYD500,500,561.4033413106,0.0,0.0,8.5,0.0,0.0
Mod-Nom-Ideal,AK,HYD500,2025-Hlow,2148.57956156489,6581.55,0.9507827717151619,245.22304849107886,0.11413263575516554,3.063209814397757,5,HYD500,500,561.4033413106,0.0,0.0,8.5,0.0,0.0
Mod-Nom-Ideal,AK,HYD500,2030-Hhigh,2148.57956156489,6581.55,0.9507827717151619,111.49737748179125,0.05189352978885436,3.063209814397757,5,HYD500,500,561.4033413106,0.0,0.0,8.5,0.0,0.0
Mod-Nom-Ideal,AK,HYD500,2030-Hlow,2148.57956156489,6581.55,0.9507827717151619,191.22048704997817,0.08899856001176201,3.063209814397757,5,HYD500,500,561.4033413106,0.0,0.0,8.5,0.0,0.0
Mod-Nom-Ideal,AK,HYD500,2035-Hhigh,2148.57956156489,6581.55,0.9507827717151619,115.47343747911462,0.05374408262313128,3.063209814397757,5,HYD500,500,561.4033413106,0.0,0.0,8.5,0.0,0.0
Mod-Nom-Ideal,AK,HYD500,2035-Hlow,2148.57956156489,6581.55,0.9507827717151619,175.3800221371002,0.08162603111116093,3.063209814397757,5,HYD500,500,561.4033413106,0.0,0.0,8.5,0.0,0.0
Mod-Nom-Ideal,AK,HYD500,2040-Hhigh,2148.57956156489,6581.55,0.9507827717151619,125.24868315243393,0.05829371431850105,3.063209814397757,5,HYD500,500,561.4033413106,0.0,0.0,8.5,0.0,0.0
Mod-Nom-Ideal,AK,HYD500,2040-Hlow,2148.57956156489,6581.55,0.9507827717151619,193.05275605450655,0.08985134155976941,3.063209814397757,5,HYD500,500,561.4033413106,0.0,0.0,8.5,0.0,0.0
Mod-Nom-Ideal,AK,HYD500,2045-Hhigh,2148.57956156489,6581.55,0.9507827717151619,143.9848784629288,0.06701398497808445,3.063209814397757,5,HYD500,500,561.4033413106,0.0,0.0,8.5,0.0,0.0
Mod-Nom-Ideal,AK,HYD500,2045-Hlow,2148.57956156489,6581.55,0.9507827717151619,210.5250181845997,0.0979833476733189,3.063209814397757,5,HYD500,500,561.4033413106,0.0,0.0,8.5,0.0,0.0
Mod-Nom-Ideal,CH,HYD1000,2024-Hhigh,4745.82309867386,13583.5,1.9605963347703803,436.0041543385954,0.09187113494820938,2.862201080313272,3,HYD1000,1000,992.5468603718883,0.0,0.0,14,0.0,0.0
Mod-Nom-Ideal,CH,HYD1000,2024-Hlow,4745.82309867386,13583.5,1.9605963347703803,711.9902043181487,0.15002459837095536,2.862201080313272,3,HYD1000,1000,992.5468603718883,0.0,0.0,14,0.0,0.0
Mod-Nom-Ideal,CH,HYD1000,2025-Hhigh,4745.82309867386,13583.5,2.0164884570700923,335.8608605230286,0.07076978082408492,2.862201080313272,3,HYD1000,1000,992.5468603718883,0.0,0.0,14,0.0,0.0
Mod-Nom-Ideal,CH,HYD1000,2025-Hlow,4745.82309867386,13583.5,1.949526119093368,579.589573561883,0.12212624902176389,2.862201080313272,3,HYD1000,1000,992.5468603718883,0.0,0.0,14,0.0,0.0
Mod-Nom-Ideal,CH,HYD1000,2030-Hhigh,4745.82309867386,13583.5,1.949526119093368,272.14144900556386,0.05734336138268811,2.862201080313272,3,HYD1000,1000,992.5468603718883,0.0,0.0,14,0.0,0.0
Mod-Nom-Ideal,CH,HYD1000,2030-Hlow,4745.82309867386,13583.5,1.949526119093368,449.84704896159724,0.09478799348574526,2.862201080313272,3,HYD1000,1000,992.5468603718883,0.0,0.0,14,0.0,0.0
Mod-Nom-Ideal,CH,HYD1000,2035-Hhigh,4745.82309867386,13583.5,1.949526119093368,282.49461243283656,0.059524893060547264,2.862201080313272,3,HYD1000,1000,992.5468603718883,0.0,0.0,14,0.0,0.0
Mod-Nom-Ideal,CH,HYD1000,2035-Hlow,4745.82309867386,13583.5,1.949526119093368,411.99981572333206,0.08681314224258768,2.862201080313272,3,HYD1000,1000,992.5468603718883,0.0,0.0,14,0.0,0.0
Mod-Nom-Ideal,CH,HYD1000,2040-Hhigh,4745.82309867386,13583.5,1.949526119093368,306.48334062607523,0.06457959646909654,2.862201080313272,3,HYD1000,1000,992.5468603718883,0.0,0.0,14,0.0,0.0
Mod-Nom-Ideal,CH,HYD1000,2040-Hlow,4745.82309867386,13583.5,1.949526119093368,453.5542962799986,0.09556915351664429,2.862201080313272,3,HYD1000,1000,992.5468603718883,0.0,0.0,14,0.0,0.0
Mod-Nom-Ideal,CH,HYD1000,2045-Hhigh,4745.82309867386,13583.5,1.949526119093368,349.0087766038615,0.07354019931787725,2.862201080313272,3,HYD1000,1000,992.5468603718883,0.0,0.0,14,0.0,0.0
Mod-Nom-Ideal,CH,HYD1000,2045-Hlow,4745.82309867386,13583.5,1.949526119093368,492.5893011584317,0.10379428202793262,2.862201080313272,3,HYD1000,1000,992.5468603718883,0.0,0.0,14,0.0,0.0
Mod-Nom-Ideal,CH,HYD200,2024-Hhigh,4535.69046079062,12970.533333333333,1.836629087411073,416.54654638359955,0.09183751624686289,2.85966016540565,3,HYD200,200,372.87410474689534,22.1500940378453,6.0,14,-464.2102564900063,113.0
Mod-Nom-Ideal,CH,HYD200,2024-Hlow,4535.69046079062,12970.533333333333,1.836629087411073,686.8089387644403,0.15142323857892234,2.85966016540565,3,HYD200,200,372.87410474689534,22.1500940378453,6.0,14,-464.2102564900063,113.0
Mod-Nom-Ideal,CH,HYD200,2025-Hhigh,4535.69046079062,12970.533333333333,1.8986051242752424,319.43947824079504,0.0704279714416652,2.85966016540565,3,HYD200,200,372.87410474689534,22.1500940378453,6.0,14,-464.2102564900063,113.0
Mod-Nom-Ideal,CH,HYD200,2025-Hlow,4535.69046079062,12970.533333333333,1.8285322281755452,557.942788090628,0.12301165454605836,2.85966016540565,3,HYD200,200,372.87410474689534,22.1500940378453,6.0,14,-464.2102564900063,113.0
Mod-Nom-Ideal,CH,HYD200,2030-Hhigh,4535.69046079062,12970.533333333333,1.8285322281755452,258.7202939187716,0.05704099434370877,2.85966016540565,3,HYD200,200,372.87410474689534,22.1500940378453,6.0,14,-464.2102564900063,113.0
Mod-Nom-Ideal,CH,HYD200,2030-Hlow,4535.69046079062,12970.533333333333,1.8285322281755452,432.73653829476183,0.09540698203186714,2.85966016540565,3,HYD200,200,372.87410474689534,22.1500940378453,6.0,14,-464.2102564900063,113.0
Mod-Nom-Ideal,CH,HYD200,2035-Hhigh,4535.69046079062,12970.533333333333,1.8285322281755452,269.5221836602248,0.059422525851388054,2.85966016540565,3,HYD200,200,372.87410474689534,22.1500940378453,6.0,14,-464.2102564900063,113.0
Mod-Nom-Ideal,CH,HYD200,2035-Hlow,4535.69046079062,12970.533333333333,1.8285322281755452,396.3185230611717,0.08737777114359983,2.85966016540565,3,HYD200,200,372.87410474689534,22.1500940378453,6.0,14,-464.2102564900063,113.0
Mod-Nom-Ideal,CH,HYD200,2040-Hhigh,4535.69046079062,12970.533333333333,1.8285322281755452,292.7104976331644,0.06453493688855957,2.85966016540565,3,HYD200,200,372.87410474689534,22.1500940378453,6.0,14,-464.2102564900063,113.0
Mod-Nom-Ideal,CH,HYD200,2040-Hlow,4535.69046079062,12970.533333333333,1.8285322281755452,436.57506117671335,0.09625327498662983,2.85966016540565,3,HYD200,200,372.87410474689534,22.1500940378453,6.0,14,-464.2102564900063,113.0
Mod-Nom-Ideal,CH,HYD200,2045-Hhigh,4535.69046079062,12970.533333333333,1.8285322281755452,332.94929861184795,0.07340653016118989,2.85966016540565,3,HYD200,200,372.87410474689534,22.1500940378453,6.0,14,-464.2102564900063,113.0
Mod-Nom-Ideal,CH,HYD200,2045-Hlow,4535.69046079062,12970.533333333333,1.8285322281755452,473.21760942491665,0.10433198947673111,2.85966016540565,3,HYD200,200,372.87410474689534,22.1500940378453,6.0,14,-464.2102564900063,113.0
Mod-Nom-Ideal,CH,HYD500,2024-Hhigh,4627.597512220586,13238.866666666665,1.8921600676479755,425.20384808459767,0.0918843626658794,2.860850934357491,3,HYD500,500,644.2808899893415,0.0,0.0,14,0.0,0.0
Mod-Nom-Ideal,CH,HYD500,2024-Hlow,4627.597512220586,13238.866666666665,1.8921600676479755,697.9781854269147,0.1508294927516254,2.860850934357491,3,HYD500,500,644.2808899893415,0.0,0.0,14,0.0,0.0
Mod-Nom-Ideal,CH,HYD500,2025-Hhigh,4627.597512220586,13238.866666666665,1.9541361045121446,326.9081575481113,0.07064316995693994,2.860850934357491,3,HYD500,500,644.2808899893415,0.0,0.0,14,0.0,0.0
Mod-Nom-Ideal,CH,HYD500,2025-Hlow,4627.597512220586,13238.866666666665,1.8840632084124478,567.6791607424029,0.1226725442831345,2.860850934357491,3,HYD500,500,644.2808899893415,0.0,0.0,14,0.0,0.0
Mod-Nom-Ideal,CH,HYD500,2030-Hhigh,4627.597512220586,13238.866666666665,1.8840632084124478,264.87213504589374,0.05723750484920477,2.860850934357491,3,HYD500,500,644.2808899893415,0.0,0.0,14,0.0,0.0
Mod-Nom-Ideal,CH,HYD500,2030-Hlow,4627.597512220586,13238.866666666665,1.8840632084124478,440.45139280663653,0.09517927858753704,2.860850934357491,3,HYD500,500,644.2808899893415,0.0,0.0,14,0.0,0.0
Mod-Nom-Ideal,CH,HYD500,2035-Hhigh,4627.597512220586,13238.866666666665,1.8840632084124478,275.4210331557294,0.059517067426109536,2.860850934357491,3,HYD500,500,644.2808899893415,0.0,0.0,14,0.0,0.0
Mod-Nom-Ideal,CH,HYD500,2035-Hlow,4627.597512220586,13238.866666666665,1.8840632084124478,403.35966129849527,0.08716394635300515,2.860850934357491,3,HYD500,500,644.2808899893415,0.0,0.0,14,0.0,0.0
Mod-Nom-Ideal,CH,HYD500,2040-Hhigh,4627.597512220586,13238.866666666665,1.8840632084124478,298.9557845818677,0.06460280605484456,2.860850934357491,3,HYD500,500,644.2808899893415,0.0,0.0,14,0.0,0.0
Mod-Nom-Ideal,CH,HYD500,2040-Hlow,4627.597512220586,13238.866666666665,1.8840632084124478,444.2309397269004,0.09599601922029147,2.860850934357491,3,HYD500,500,644.2808899893415,0.0,0.0,14,0.0,0.0
Mod-Nom-Ideal,CH,HYD500,2045-Hhigh,4627.597512220586,13238.866666666665,1.8840632084124478,340.26496819326877,0.07352950797788595,2.860850934357491,3,HYD500,500,644.2808899893415,0.0,0.0,14,0.0,0.0
Mod-Nom-Ideal,CH,HYD500,2045-Hlow,4627.597512220586,13238.866666666665,1.8840632084124478,482.00278398469345,0.10415832031887338,2.860850934357491,3,HYD500,500,644.2808899893415,0.0,0.0,14,0.0,0.0
Mod-Nom-Ideal,CH,HYD1000,2024-Hhigh,4885.497980398391,14059.033333333333,1.9709214571016866,448.08444600188454,0.09171725130164628,2.8777073268152047,4,HYD1000,1000,988.672959162005,0.0,0.0,14,0.0,0.0
Mod-Nom-Ideal,CH,HYD1000,2024-Hlow,4885.497980398391,14059.033333333333,1.9709214571016866,725.586981005055,0.14851853054003036,2.8777073268152047,4,HYD1000,1000,988.672959162005,0.0,0.0,14,0.0,0.0
Mod-Nom-Ideal,CH,HYD1000,2025-Hhigh,4885.497980398391,14059.033333333333,2.002819856077889,344.80248716505366,0.07057673312904257,2.8777073268152047,4,HYD1000,1000,988.672959162005,0.0,0.0,14,0.0,0.0
Mod-Nom-Ideal,CH,HYD1000,2025-Hlow,4885.497980398391,14059.033333333333,1.9568092841424458,589.9845158386178,0.1207624111617189,2.8777073268152047,4,HYD1000,1000,988.672959162005,0.0,0.0,14,0.0,0.0
Mod-Nom-Ideal,CH,HYD1000,2030-Hhigh,4885.497980398391,14059.033333333333,1.9568092841424458,278.64129052148354,0.057034368172794045,2.8777073268152047,4,HYD1000,1000,988.672959162005,0.0,0.0,14,0.0,0.0
Mod-Nom-Ideal,CH,HYD1000,2030-Hlow,4885.497980398391,14059.033333333333,1.9568092841424458,457.8517716567415,0.09371650003617558,2.8777073268152047,4,HYD1000,1000,988.672959162005,0.0,0.0,14,0.0,0.0
Mod-Nom-Ideal,CH,HYD1000,2035-Hhigh,4885.497980398391,14059.033333333333,1.9568092841424458,289.1940109379218,0.05919437733844674,2.8777073268152047,4,HYD1000,1000,988.672959162005,0.0,0.0,14,0.0,0.0
Mod-Nom-Ideal,CH,HYD1000,2035-Hlow,4885.497980398391,14059.033333333333,1.9568092841424458,419.91836865524397,0.08595200946557376,2.8777073268152047,4,HYD1000,1000,988.672959162005,0.0,0.0,14,0.0,0.0
Mod-Nom-Ideal,CH,HYD1000,2040-Hhigh,4885.497980398391,14059.033333333333,1.9568092841424458,312.6791356398371,0.06400148703251322,2.8777073268152047,4,HYD1000,1000,988.672959162005,0.0,0.0,14,0.0,0.0
Mod-Nom-Ideal,CH,HYD1000,2040-Hlow,4885.497980398391,14059.033333333333,1.9568092841424458,460.7965809555259,0.09431926546778553,2.8777073268152047,4,HYD1000,1000,988.672959162005,0.0,0.0,14,0.0,0.0
Mod-Nom-Ideal,CH,HYD1000,2045-Hhigh,4885.497980398391,14059.033333333333,1.9568092841424458,356.0195951748915,0.07287273408019292,2.8777073268152047,4,HYD1000,1000,988.672959162005,0.0,0.0,14,0.0,0.0
Mod-Nom-Ideal,CH,HYD1000,2045-Hlow,4885.497980398391,14059.033333333333,1.9568092841424458,500.3816775554655,0.10242183694745108,2.8777073268152047,4,HYD1000,1000,988.672959162005,0.0,0.0,14,0.0,0.0
Mod-Nom-Ideal,CH,HYD200,2024-Hhigh,4674.592919852401,13449.099999999999,1.868952780569782,428.31664192485096,0.09162651149918204,2.877063357299709,4,HYD200,200,372.10580799449065,24.40815024672263,19.0,14,-482.8248366748024,123.0
Mod-Nom-Ideal,CH,HYD200,2024-Hlow,4674.592919852401,13449.099999999999,1.868952780569782,699.7336151126366,0.14968867388237317,2.877063357299709,4,HYD200,200,372.10580799449065,24.40815024672263,19.0,14,-482.8248366748024,123.0
Mod-Nom-Ideal,CH,HYD200,2025-Hhigh,4674.592919852401,13449.099999999999,1.8978580701115162,327.6064921306465,0.070082357490284,2.877063357299709,4,HYD200,200,372.10580799449065,24.40815024672263,19.0,14,-482.8248366748024,123.0
Mod-Nom-Ideal,CH,HYD200,2025-Hlow,4674.592919852401,13449.099999999999,1.8517300494875695,567.4335339621986,0.12138672686393302,2.877063357299709,4,HYD200,200,372.10580799449065,24.40815024672263,19.0,14,-482.8248366748024,123.0
Mod-Nom-Ideal,CH,HYD200,2030-Hhigh,4674.592919852401,13449.099999999999,1.8517300494875695,264.41014470808676,0.056563245022934625,2.877063357299709,4,HYD200,200,372.10580799449065,24.40815024672263,19.0,14,-482.8248366748024,123.0
Mod-Nom-Ideal,CH,HYD200,2030-Hlow,4674.592919852401,13449.099999999999,1.8517300494875695,440.1489013464255,0.09415769648671848,2.877063357299709,4,HYD200,200,372.10580799449065,24.40815024672263,19.0,14,-482.8248366748024,123.0
Mod-Nom-Ideal,CH,HYD200,2035-Hhigh,4674.592919852401,13449.099999999999,1.8517300494875695,275.51514676179,0.058938853390144895,2.877063357299709,4,HYD200,200,372.10580799449065,24.40815024672263,19.0,14,-482.8248366748024,123.0
Mod-Nom-Ideal,CH,HYD200,2035-Hlow,4674.592919852401,13449.099999999999,1.8517300494875695,403.5292511431094,0.08632393409688617,2.877063357299709,4,HYD200,200,372.10580799449065,24.40815024672263,19.0,14,-482.8248366748024,123.0
Mod-Nom-Ideal,CH,HYD200,2040-Hhigh,4674.592919852401,13449.099999999999,1.8517300494875695,298.11050303528106,0.06377250557353213,2.877063357299709,4,HYD200,200,372.10580799449065,24.40815024672263,19.0,14,-482.8248366748024,123.0
Mod-Nom-Ideal,CH,HYD200,2040-Hlow,4674.592919852401,13449.099999999999,1.8517300494875695,442.98181156062776,0.0947637193560407,2.877063357299709,4,HYD200,200,372.10580799449065,24.40815024672263,19.0,14,-482.8248366748024,123.0
Mod-Nom-Ideal,CH,HYD200,2045-Hhigh,4674.592919852401,13449.099999999999,1.8517300494875695,339.0060499368674,0.07252097792240943,2.877063357299709,4,HYD200,200,372.10580799449065,24.40815024672263,19.0,14,-482.8248366748024,123.0
Mod-Nom-Ideal,CH,HYD200,2045-Hlow,4674.592919852401,13449.099999999999,1.8517300494875695,479.95505365713825,0.10267312296196536,2.877063357299709,4,HYD200,200,372.10580799449065,24.40815024672263,19.0,14,-482.8248366748024,123.0
Mod-Nom-Ideal,CH,HYD500,2024-Hhigh,4766.316629058838,13716.266666666666,1.9102687125830538,437.0503075676335,0.09169560933133684,2.8777497875492792,4,HYD500,500,642.2568133133163,0.0,0.0,14,0.0,0.0
Mod-Nom-Ideal,CH,HYD500,2024-Hlow,4766.316629058838,13716.266666666666,1.9102687125830538,711.0630569536315,0.14918502321446464,2.8777497875492792,4,HYD500,500,642.2568133133163,0.0,0.0,14,0.0,0.0
Mod-Nom-Ideal,CH,HYD500,2025-Hhigh,4766.316629058838,13716.266666666666,1.945209068841485,335.253221878996,0.07033800898476933,2.8777497875492792,4,HYD500,500,642.2568133133163,0.0,0.0,14,0.0,0.0
Mod-Nom-Ideal,CH,HYD500,2025-Hlow,4766.316629058838,13716.266666666666,1.892977380660097,577.4503315128065,0.12115232294729662,2.8777497875492792,4,HYD500,500,642.2568133133163,0.0,0.0,14,0.0,0.0
Mod-Nom-Ideal,CH,HYD500,2030-Hhigh,4766.316629058838,13716.266666666666,1.892977380660097,270.7867034525216,0.0568125713263811,2.8777497875492792,4,HYD500,500,642.2568133133163,0.0,0.0,14,0.0,0.0
Mod-Nom-Ideal,CH,HYD500,2030-Hlow,4766.316629058838,13716.266666666666,1.892977380660097,448.00097694762485,0.09399312127446464,2.8777497875492792,4,HYD500,500,642.2568133133163,0.0,0.0,14,0.0,0.0
Mod-Nom-Ideal,CH,HYD500,2035-Hhigh,4766.316629058838,13716.266666666666,1.892977380660097,281.5688566125306,0.059074727620042636,2.8777497875492792,4,HYD500,500,642.2568133133163,0.0,0.0,14,0.0,0.0
Mod-Nom-Ideal,CH,HYD500,2035-Hlow,4766.316629058838,13716.266666666666,1.892977380660097,410.7011169951295,0.08616740115232903,2.8777497875492792,4,HYD500,500,642.2568133133163,0.0,0.0,14,0.0,0.0
Mod-Nom-Ideal,CH,HYD500,2040-Hhigh,4766.316629058838,13716.266666666666,1.892977380660097,304.5497791979314,0.0638962542566267,2.8777497875492792,4,HYD500,500,642.2568133133163,0.0,0.0,14,0.0,0.0
Mod-Nom-Ideal,CH,HYD500,2040-Hlow,4766.316629058838,13716.266666666666,1.892977380660097,450.79086342194734,0.09457845512688086,2.8777497875492792,4,HYD500,500,642.2568133133163,0.0,0.0,14,0.0,0.0
Mod-Nom-Ideal,CH,HYD500,2045-Hhigh,4766.316629058838,13716.266666666666,1.892977380660097,346.5627733594098,0.07271081640831789,2.8777497875492792,4,HYD500,500,642.2568133133163,0.0,0.0,14,0.0,0.0
Mod-Nom-Ideal,CH,HYD500,2045-Hlow,4766.316629058838,13716.266666666666,1.892977380660097,488.917654510052,0.10257767004593528,2.8777497875492792,4,HYD500,500,642.2568133133163,0.0,0.0,14,0.0,0.0
Mod-Nom-Ideal,CH,HYD1000,2024-Hhigh,5031.000849850283,14534.8,2.070375107982921,460.85105734905216,0.09160226187653428,2.8890474149755985,5,HYD1000,1000,985.9094824104238,0.0,0.0,14,0.0,0.0
Mod-Nom-Ideal,CH,HYD1000,2024-Hlow,5031.000849850283,14534.8,2.070375107982921,741.2834900623543,0.14734314546665483,2.8890474149755985,5,HYD1000,1000,985.9094824104238,0.0,0.0,14,0.0,0.0
Mod-Nom-Ideal,CH,HYD1000,2025-Hhigh,5031.000849850283,14534.8,2.1082597258280615,354.67895952786864,0.07049868805695461,2.8890474149755985,5,HYD1000,1000,985.9094824104238,0.0,0.0,14,0.0,0.0
Mod-Nom-Ideal,CH,HYD1000,2025-Hlow,5031.000849850283,14534.8,2.0562629350236805,601.5330418454516,0.11956528329017328,2.8890474149755985,5,HYD1000,1000,985.9094824104238,0.0,0.0,14,0.0,0.0
Mod-Nom-Ideal,CH,HYD1000,2030-Hhigh,5031.000849850283,14534.8,2.0562629350236805,286.7546009490815,0.05699752584172492,2.8890474149755985,5,HYD1000,1000,985.9094824104238,0.0,0.0,14,0.0,0.0
Mod-Nom-Ideal,CH,HYD1000,2030-Hlow,5031.000849850283,14534.8,2.0562629350236805,467.19706322577696,0.09286364227898714,2.8890474149755985,5,HYD1000,1000,985.9094824104238,0.0,0.0,14,0.0,0.0
Mod-Nom-Ideal,CH,HYD1000,2035-Hhigh,5031.000849850283,14534.8,2.0562629350236805,296.50061332884627,0.05893471740074737,2.8890474149755985,5,HYD1000,1000,985.9094824104238,0.0,0.0,14,0.0,0.0
Mod-Nom-Ideal,CH,HYD1000,2035-Hlow,5031.000849850283,14534.8,2.0562629350236805,428.9078877741203,0.0852529944984772,2.8890474149755985,5,HYD1000,1000,985.9094824104238,0.0,0.0,14,0.0,0.0
Mod-Nom-Ideal,CH,HYD1000,2040-Hhigh,5031.000849850283,14534.8,2.0562629350236805,320.71622543785975,0.06374799667294906,2.8890474149755985,5,HYD1000,1000,985.9094824104238,0.0,0.0,14,0.0,0.0
Mod-Nom-Ideal,CH,HYD1000,2040-Hlow,5031.000849850283,14534.8,2.0562629350236805,470.1898656896219,0.09345851446310414,2.8890474149755985,5,HYD1000,1000,985.9094824104238,0.0,0.0,14,0.0,0.0
Mod-Nom-Ideal,CH,HYD1000,2045-Hhigh,5031.000849850283,14534.8,2.0562629350236805,364.391102009439,0.07242914737736188,2.8890474149755985,5,HYD1000,1000,985.9094824104238,0.0,0.0,14,0.0,0.0
Mod-Nom-Ideal,CH,HYD1000,2045-Hlow,5031.000849850283,14534.8,2.0562629350236805,510.20422470325985,0.1014120728519541,2.8890474149755985,5,HYD1000,1000,985.9094824104238,0.0,0.0,14,0.0,0.0
Mod-Nom-Ideal,CH,HYD200,2024-Hhigh,4820.136470836608,13927.9,1.9717491341421132,440.54485403266415,0.09139675955195535,2.8895239967308646,5,HYD200,200,371.4449064819116,65.94824771817105,17.0,14,-619.1330879719404,173.0
Mod-Nom-Ideal,CH,HYD200,2024-Hlow,4820.136470836608,13927.9,1.9717491341421132,715.415753826923,0.14842230259566733,2.8895239967308646,5,HYD200,200,371.4449064819116,65.94824771817105,17.0,14,-619.1330879719404,173.0
Mod-Nom-Ideal,CH,HYD200,2025-Hhigh,4820.136470836608,13927.9,2.0096337519872534,336.88144047024423,0.06989043619583934,2.8895239967308646,5,HYD200,200,371.4449064819116,65.94824771817105,17.0,14,-619.1330879719404,173.0
Mod-Nom-Ideal,CH,HYD200,2025-Hlow,4820.136470836608,13927.9,1.9545264030599003,578.6120097644974,0.12004058666498098,2.8895239967308646,5,HYD200,200,371.4449064819116,65.94824771817105,17.0,14,-619.1330879719404,173.0
Mod-Nom-Ideal,CH,HYD200,2030-Hhigh,4820.136470836608,13927.9,1.9545264030599003,271.8891391334524,0.056406938014819705,2.8895239967308646,5,HYD200,200,371.4449064819116,65.94824771817105,17.0,14,-619.1330879719404,173.0
Mod-Nom-Ideal,CH,HYD200,2030-Hlow,4820.136470836608,13927.9,1.9545264030599003,449.01186621043985,0.09315335134743748,2.8895239967308646,5,HYD200,200,371.4449064819116,65.94824771817105,17.0,14,-619.1330879719404,173.0
Mod-Nom-Ideal,CH,HYD200,2035-Hhigh,4820.136470836608,13927.9,1.9545264030599003,282.33877427170756,0.058574850728801746,2.8895239967308646,5,HYD200,200,371.4449064819116,65.94824771817105,17.0,14,-619.1330879719404,173.0
Mod-Nom-Ideal,CH,HYD200,2035-Hlow,4820.136470836608,13927.9,1.9545264030599003,412.2506233550937,0.08552675341234504,2.8895239967308646,5,HYD200,200,371.4449064819116,65.94824771817105,17.0,14,-619.1330879719404,173.0
Mod-Nom-Ideal,CH,HYD200,2040-Hhigh,4820.136470836608,13927.9,1.9545264030599003,305.58701912451494,0.06339800148261687,2.8895239967308646,5,HYD200,200,371.4449064819116,65.94824771817105,17.0,14,-619.1330879719404,173.0
Mod-Nom-Ideal,CH,HYD200,2040-Hlow,4820.136470836608,13927.9,1.9545264030599003,451.839928966232,0.0937400697469896,2.8895239967308646,5,HYD200,200,371.4449064819116,65.94824771817105,17.0,14,-619.1330879719404,173.0
Mod-Nom-Ideal,CH,HYD200,2045-Hhigh,4820.136470836608,13927.9,1.9545264030599003,346.6424097740234,0.07191547622589581,2.8895239967308646,5,HYD200,200,371.4449064819116,65.94824771817105,17.0,14,-619.1330879719404,173.0
Mod-Nom-Ideal,CH,HYD200,2045-Hlow,4820.136470836608,13927.9,1.9545264030599003,489.0177822681879,0.10145309893753099,2.8895239967308646,5,HYD200,200,371.4449064819116,65.94824771817105,17.0,14,-619.1330879719404,173.0
Mod-Nom-Ideal,CH,HYD500,2024-Hhigh,4911.648942314777,14194.366666666667,1.9966787858486297,449.2665664673993,0.09146960048322744,2.8899391697927626,5,HYD500,500,640.8716002134121,0.0,0.0,14,0.0,0.0
Mod-Nom-Ideal,CH,HYD500,2024-Hlow,4911.648942314777,14194.366666666667,1.9966787858486297,726.6746041054001,0.1479492147423164,2.8899391697927626,5,HYD500,500,640.8716002134121,0.0,0.0,14,0.0,0.0
Mod-Nom-Ideal,CH,HYD500,2025-Hhigh,4911.648942314777,14194.366666666667,2.0376053609759985,344.55901658974744,0.07015139327676839,2.8899391697927626,5,HYD500,500,640.8716002134121,0.0,0.0,14,0.0,0.0
Mod-Nom-Ideal,CH,HYD500,2025-Hlow,4911.648942314777,14194.366666666667,1.9824980120486457,588.6302009833289,0.11984370379409028,2.8899391697927626,5,HYD500,500,640.8716002134121,0.0,0.0,14,0.0,0.0
Mod-Nom-Ideal,CH,HYD500,2030-Hhigh,4911.648942314777,14194.366666666667,1.9824980120486457,278.3544235449211,0.05667229617060892,2.8899391697927626,5,HYD500,500,640.8716002134121,0.0,0.0,14,0.0,0.0
Mod-Nom-Ideal,CH,HYD500,2030-Hlow,4911.648942314777,14194.366666666667,1.9824980120486457,456.96224407912086,0.0930364220745309,2.8899391697927626,5,HYD500,500,640.8716002134121,0.0,0.0,14,0.0,0.0
Mod-Nom-Ideal,CH,HYD500,2035-Hhigh,4911.648942314777,14194.366666666667,1.9824980120486457,288.49376248580086,0.05873664137523612,2.8899391697927626,5,HYD500,500,640.8716002134121,0.0,0.0,14,0.0,0.0
Mod-Nom-Ideal,CH,HYD500,2035-Hlow,4911.648942314777,14194.366666666667,1.9824980120486457,419.50077125100427,0.08540935563145127,2.8899391697927626,5,HYD500,500,640.8716002134121,0.0,0.0,14,0.0,0.0
Mod-Nom-Ideal,CH,HYD500,2040-Hhigh,4911.648942314777,14194.366666666667,1.9824980120486457,312.1773962816808,0.0635585726805949,2.8899391697927626,5,HYD500,500,640.8716002134121,0.0,0.0,14,0.0,0.0
Mod-Nom-Ideal,CH,HYD500,2040-Hlow,4911.648942314777,14194.366666666667,1.9824980120486457,459.79873810940836,0.09361392548806899,2.8899391697927626,5,HYD500,500,640.8716002134121,0.0,0.0,14,0.0,0.0
Mod-Nom-Ideal,CH,HYD500,2045-Hhigh,4911.648942314777,14194.366666666667,1.9824980120486457,354.3651351889544,0.07214789561526523,2.8899391697927626,5,HYD500,500,640.8716002134121,0.0,0.0,14,0.0,0.0
Mod-Nom-Ideal,CH,HYD500,2045-Hlow,4911.648942314777,14194.366666666667,1.9824980120486457,498.2127951853737,0.10143493581008549,2.8899391697927626,5,HYD500,500,640.8716002134121,0.0,0.0,14,0.0,0.0
Mod-Nom-Real,AK,HYD1000,2024-Hhigh,1753.5110541591812,5620.099999999999,0.9278095790339875,150.3001526019625,0.08571383239670098,3.205055358316444,3,HYD1000,1000,877.0769073268314,0.0,0.0,6,0.0,0.0
Mod-Nom-Real,AK,HYD1000,2024-Hlow,1753.5110541591812,5620.099999999999,0.9278095790339875,249.23615756008368,0.142135492655673,3.205055358316444,3,HYD1000,1000,877.0769073268314,0.0,0.0,6,0.0,0.0
Mod-Nom-Real,AK,HYD1000,2025-Hhigh,1753.5110541591812,5620.099999999999,0.9624896111317289,115.60684511353342,0.06592878034006326,3.205055358316444,3,HYD1000,1000,877.0769073268314,0.0,0.0,6,0.0,0.0
Mod-Nom-Real,AK,HYD1000,2025-Hlow,1753.5110541591812,5620.099999999999,0.9255573353705911,207.27850823715087,0.11820769977212497,3.205055358316444,3,HYD1000,1000,877.0769073268314,0.0,0.0,6,0.0,0.0
Mod-Nom-Real,AK,HYD1000,2030-Hhigh,1753.5110541591812,5620.099999999999,0.9255573353705911,94.43337231599384,0.053853879102732656,3.205055358316444,3,HYD1000,1000,877.0769073268314,0.0,0.0,6,0.0,0.0
Mod-Nom-Real,AK,HYD1000,2030-Hlow,1753.5110541591812,5620.099999999999,0.9255573353705911,162.18770889268768,0.09249312030739244,3.205055358316444,3,HYD1000,1000,877.0769073268314,0.0,0.0,6,0.0,0.0
Mod-Nom-Real,AK,HYD1000,2035-Hhigh,1753.5110541591812,5620.099999999999,0.9255573353705911,97.12788896329907,0.05539051991313078,3.205055358316444,3,HYD1000,1000,877.0769073268314,0.0,0.0,6,0.0,0.0
Mod-Nom-Real,AK,HYD1000,2035-Hlow,1753.5110541591812,5620.099999999999,0.9255573353705911,145.74286449557204,0.08311488208179936,3.205055358316444,3,HYD1000,1000,877.0769073268314,0.0,0.0,6,0.0,0.0
Mod-Nom-Real,AK,HYD1000,2040-Hhigh,1753.5110541591812,5620.099999999999,0.9255573353705911,105.58275621826621,0.06021219881553228,3.205055358316444,3,HYD1000,1000,877.0769073268314,0.0,0.0,6,0.0,0.0
Mod-Nom-Real,AK,HYD1000,2040-Hlow,1753.5110541591812,5620.099999999999,0.9255573353705911,163.76761264487195,0.09339411477129209,3.205055358316444,3,HYD1000,1000,877.0769073268314,0.0,0.0,6,0.0,0.0
Mod-Nom-Real,AK,HYD1000,2045-Hhigh,1753.5110541591812,5620.099999999999,0.9255573353705911,123.22108919009966,0.07027106495726364,3.205055358316444,3,HYD1000,1000,877.0769073268314,0.0,0.0,6,0.0,0.0
Mod-Nom-Real,AK,HYD1000,2045-Hlow,1753.5110541591812,5620.099999999999,0.9255573353705911,181.1998513932785,0.10333544859240416,3.205055358316444,3,HYD1000,1000,877.0769073268314,0.0,0.0,6,0.0,0.0
Mod-Nom-Real,AK,HYD200,2024-Hhigh,1390.5198662101411,5075.166666666667,0.6675899265806301,119.42885665445512,0.08588791829343526,3.6498339865499534,3,HYD200,200,326.57489284767917,200.65604515720958,56.0,11.2,-639.5535708024557,135.0
Mod-Nom-Real,AK,HYD200,2024-Hlow,1390.5198662101411,5075.166666666667,0.6675899265806301,204.39261351890414,0.14699007075387982,3.6498339865499534,3,HYD200,200,326.57489284767917,200.65604515720958,56.0,11.2,-639.5535708024557,135.0
Mod-Nom-Real,AK,HYD200,2025-Hhigh,1390.5198662101411,5075.166666666667,0.7016472034850686,91.32295415417983,0.06567540412283382,3.6498339865499534,3,HYD200,200,326.57489284767917,200.65604515720958,56.0,11.2,-639.5535708024557,135.0
Mod-Nom-Real,AK,HYD200,2025-Hlow,1390.5198662101411,5075.166666666667,0.6709326904342956,169.4254184267472,0.1218432203263056,3.6498339865499534,3,HYD200,200,326.57489284767917,200.65604515720958,56.0,11.2,-639.5535708024557,135.0
Mod-Nom-Real,AK,HYD200,2030-Hhigh,1390.5198662101411,5075.166666666667,0.6709326904342956,74.64660426436093,0.05368251549530902,3.6498339865499534,3,HYD200,200,326.57489284767917,200.65604515720958,56.0,11.2,-639.5535708024557,135.0
Mod-Nom-Real,AK,HYD200,2030-Hlow,1390.5198662101411,5075.166666666667,0.6709326904342956,132.140112403259,0.09502928768893219,3.6498339865499534,3,HYD200,200,326.57489284767917,200.65604515720958,56.0,11.2,-639.5535708024557,135.0
Mod-Nom-Real,AK,HYD200,2035-Hhigh,1390.5198662101411,5075.166666666667,0.6709326904342956,77.60308022177854,0.055808681420198306,3.6498339865499534,3,HYD200,200,326.57489284767917,200.65604515720958,56.0,11.2,-639.5535708024557,135.0
Mod-Nom-Real,AK,HYD200,2035-Hlow,1390.5198662101411,5075.166666666667,0.6709326904342956,118.37120127964353,0.08512729962087057,3.6498339865499534,3,HYD200,200,326.57489284767917,200.65604515720958,56.0,11.2,-639.5535708024557,135.0
Mod-Nom-Real,AK,HYD200,2040-Hhigh,1390.5198662101411,5075.166666666667,0.6709326904342956,84.57894800729851,0.060825415057044994,3.6498339865499534,3,HYD200,200,326.57489284767917,200.65604515720958,56.0,11.2,-639.5535708024557,135.0
Mod-Nom-Real,AK,HYD200,2040-Hlow,1390.5198662101411,5075.166666666667,0.6709326904342956,133.19934633115273,0.095791041586617,3.6498339865499534,3,HYD200,200,326.57489284767917,200.65604515720958,56.0,11.2,-639.5535708024557,135.0
Mod-Nom-Real,AK,HYD200,2045-Hhigh,1390.5198662101411,5075.166666666667,0.6709326904342956,98.53638406829452,0.07086298186940344,3.6498339865499534,3,HYD200,200,326.57489284767917,200.65604515720958,56.0,11.2,-639.5535708024557,135.0
Mod-Nom-Real,AK,HYD200,2045-Hlow,1390.5198662101411,5075.166666666667,0.6709326904342956,146.7319986899243,0.10552312286615656,3.6498339865499534,3,HYD200,200,326.57489284767917,200.65604515720958,56.0,11.2,-639.5535708024557,135.0
Mod-Nom-Real,AK,HYD500,2024-Hhigh,1747.0788498746808,5313.208333333333,0.8786797060746262,149.4981972733053,0.08557037782469229,3.0411954982538156,3,HYD500,500,566.7412205237513,0.0,0.0,8.5,0.0,0.0
Mod-Nom-Real,AK,HYD500,2024-Hlow,1747.0788498746808,5313.208333333333,0.8786797060746262,251.18837079421087,0.14377620724572837,3.0411954982538156,3,HYD500,500,566.7412205237513,0.0,0.0,8.5,0.0,0.0
Mod-Nom-Real,AK,HYD500,2025-Hhigh,1747.0788498746808,5313.208333333333,0.9210003489095224,114.82548073074759,0.06572426925034557,3.0411954982538156,3,HYD500,500,566.7412205237513,0.0,0.0,8.5,0.0,0.0
Mod-Nom-Real,AK,HYD500,2025-Hlow,1747.0788498746808,5313.208333333333,0.8854499878317846,208.559000076259,0.11937583703861968,3.0411954982538156,3,HYD500,500,566.7412205237513,0.0,0.0,8.5,0.0,0.0
Mod-Nom-Real,AK,HYD500,2030-Hhigh,1747.0788498746808,5313.208333333333,0.8854499878317846,93.86328345788824,0.053725842691428105,3.0411954982538156,3,HYD500,500,566.7412205237513,0.0,0.0,8.5,0.0,0.0
Mod-Nom-Real,AK,HYD500,2030-Hlow,1747.0788498746808,5313.208333333333,0.8854499878317846,162.89032224177694,0.09323581603283743,3.0411954982538156,3,HYD500,500,566.7412205237513,0.0,0.0,8.5,0.0,0.0
Mod-Nom-Real,AK,HYD500,2035-Hhigh,1747.0788498746808,5313.208333333333,0.8854499878317846,96.94947560404545,0.05549232973142552,3.0411954982538156,3,HYD500,500,566.7412205237513,0.0,0.0,8.5,0.0,0.0
Mod-Nom-Real,AK,HYD500,2035-Hlow,1747.0788498746808,5313.208333333333,0.8854499878317846,146.3225449635626,0.08375268521741787,3.0411954982538156,3,HYD500,500,566.7412205237513,0.0,0.0,8.5,0.0,0.0
Mod-Nom-Real,AK,HYD500,2040-Hhigh,1747.0788498746808,5313.208333333333,0.8854499878317846,105.43721146908501,0.06035057403198951,3.0411954982538156,3,HYD500,500,566.7412205237513,0.0,0.0,8.5,0.0,0.0
Mod-Nom-Real,AK,HYD500,2040-Hlow,1747.0788498746808,5313.208333333333,0.8854499878317846,164.59500002384866,0.09421154633956857,3.0411954982538156,3,HYD500,500,566.7412205237513,0.0,0.0,8.5,0.0,0.0
Mod-Nom-Real,AK,HYD500,2045-Hhigh,1747.0788498746808,5313.208333333333,0.8854499878317846,122.98322236212871,0.07039363012777035,3.0411954982538156,3,HYD500,500,566.7412205237513,0.0,0.0,8.5,0.0,0.0
Mod-Nom-Real,AK,HYD500,2045-Hlow,1747.0788498746808,5313.208333333333,0.8854499878317846,181.7561289433833,0.10403430214750799,3.0411954982538156,3,HYD500,500,566.7412205237513,0.0,0.0,8.5,0.0,0.0
Mod-Nom-Real,AK,HYD1000,2024-Hhigh,1886.5884682404328,6091.299999999999,0.9857593990050957,161.53939530449307,0.08562513660181346,3.2287380647890744,4,HYD1000,1000,868.9750492516317,0.0,0.0,6,0.0,0.0
Mod-Nom-Real,AK,HYD1000,2024-Hlow,1886.5884682404328,6091.299999999999,0.9857593990050957,261.7095173982821,0.13872104160711377,3.2287380647890744,4,HYD1000,1000,868.9750492516317,0.0,0.0,6,0.0,0.0
Mod-Nom-Real,AK,HYD1000,2025-Hhigh,1886.5884682404328,6091.299999999999,0.9768837139947084,123.72231798284,0.06557991849607364,3.2287380647890744,4,HYD1000,1000,868.9750492516317,0.0,0.0,6,0.0,0.0
Mod-Nom-Real,AK,HYD1000,2025-Hlow,1886.5884682404328,6091.299999999999,0.9653803541606056,216.62234518780357,0.11482225659411618,3.2287380647890744,4,HYD1000,1000,868.9750492516317,0.0,0.0,6,0.0,0.0
Mod-Nom-Real,AK,HYD1000,2030-Hhigh,1886.5884682404328,6091.299999999999,0.9653803541606056,100.25136913751074,0.053138970594372566,3.2287380647890744,4,HYD1000,1000,868.9750492516317,0.0,0.0,6,0.0,0.0
Mod-Nom-Real,AK,HYD1000,2030-Hlow,1886.5884682404328,6091.299999999999,0.9653803541606056,169.3545839687968,0.08976763444692788,3.2287380647890744,4,HYD1000,1000,868.9750492516317,0.0,0.0,6,0.0,0.0
Mod-Nom-Real,AK,HYD1000,2035-Hhigh,1886.5884682404328,6091.299999999999,0.9653803541606056,103.03903945248005,0.0546165956100546,3.2287380647890744,4,HYD1000,1000,868.9750492516317,0.0,0.0,6,0.0,0.0
Mod-Nom-Real,AK,HYD1000,2035-Hlow,1886.5884682404328,6091.299999999999,0.9653803541606056,152.7380899020299,0.08095994037559466,3.2287380647890744,4,HYD1000,1000,868.9750492516317,0.0,0.0,6,0.0,0.0
Mod-Nom-Real,AK,HYD1000,2040-Hhigh,1886.5884682404328,6091.299999999999,0.9653803541606056,111.15716433498208,0.058919667010715486,3.2287380647890744,4,HYD1000,1000,868.9750492516317,0.0,0.0,6,0.0,0.0
Mod-Nom-Real,AK,HYD1000,2040-Hlow,1886.5884682404328,6091.299999999999,0.9653803541606056,170.22429170835042,0.09022862938789919,3.2287380647890744,4,HYD1000,1000,868.9750492516317,0.0,0.0,6,0.0,0.0
Mod-Nom-Real,AK,HYD1000,2045-Hhigh,1886.5884682404328,6091.299999999999,0.9653803541606056,129.47426834082495,0.06862878180400514,3.2287380647890744,4,HYD1000,1000,868.9750492516317,0.0,0.0,6,0.0,0.0
Mod-Nom-Real,AK,HYD1000,2045-Hlow,1886.5884682404328,6091.299999999999,0.9653803541606056,188.18317664944104,0.09974786754895948,3.2287380647890744,4,HYD1000,1000,868.9750492516317,0.0,0.0,6,0.0,0.0
Mod-Nom-Real,AK,HYD200,2024-Hhigh,1504.8334029991204,5552.499999999999,0.6956365571705444,128.89818714889034,0.08565611774166983,3.6897772131678583,4,HYD200,200,325.0457647638569,646.12993678009,112.0,11.2,-535.5485827534537,117.0
Mod-Nom-Real,AK,HYD200,2024-Hlow,1504.8334029991204,5552.499999999999,0.6956365571705444,214.91161743490457,0.14281422581834474,3.6897772131678583,4,HYD200,200,325.0457647638569,646.12993678009,112.0,11.2,-535.5485827534537,117.0
Mod-Nom-Real,AK,HYD200,2025-Hhigh,1504.8334029991204,5552.499999999999,0.709059243223214,97.92637766832448,0.06507456405018525,3.6897772131678583,4,HYD200,200,325.0457647638569,646.12993678009,112.0,11.2,-535.5485827534537,117.0
Mod-Nom-Real,AK,HYD200,2025-Hlow,1504.8334029991204,5552.499999999999,0.6924039166665593,177.0923114978476,0.11768233689184736,3.6897772131678583,4,HYD200,200,325.0457647638569,646.12993678009,112.0,11.2,-535.5485827534537,117.0
Mod-Nom-Real,AK,HYD200,2030-Hhigh,1504.8334029991204,5552.499999999999,0.6924039166665593,79.22768961290653,0.052648811127535056,3.6897772131678583,4,HYD200,200,325.0457647638569,646.12993678009,112.0,11.2,-535.5485827534537,117.0
Mod-Nom-Real,AK,HYD200,2030-Hlow,1504.8334029991204,5552.499999999999,0.6924039166665593,138.06323108428617,0.09174652211276497,3.6897772131678583,4,HYD200,200,325.0457647638569,646.12993678009,112.0,11.2,-535.5485827534537,117.0
Mod-Nom-Real,AK,HYD200,2035-Hhigh,1504.8334029991204,5552.499999999999,0.6924039166665593,82.38358270506876,0.05474598220698648,3.6897772131678583,4,HYD200,200,325.0457647638569,646.12993678009,112.0,11.2,-535.5485827534537,117.0
Mod-Nom-Real,AK,HYD200,2035-Hlow,1504.8334029991204,5552.499999999999,0.6924039166665593,124.07081652854649,0.0824482074103847,3.6897772131678583,4,HYD200,200,325.0457647638569,646.12993678009,112.0,11.2,-535.5485827534537,117.0
Mod-Nom-Real,AK,HYD200,2040-Hhigh,1504.8334029991204,5552.499999999999,0.6924039166665593,88.91433484576024,0.059085832802856925,3.6897772131678583,4,HYD200,200,325.0457647638569,646.12993678009,112.0,11.2,-535.5485827534537,117.0
Mod-Nom-Real,AK,HYD200,2040-Hlow,1504.8334029991204,5552.499999999999,0.6924039166665593,138.15775843695397,0.09180933793841013,3.6897772131678583,4,HYD200,200,325.0457647638569,646.12993678009,112.0,11.2,-535.5485827534537,117.0
Mod-Nom-Real,AK,HYD200,2045-Hhigh,1504.8334029991204,5552.499999999999,0.6924039166665593,103.31860624660185,0.06865783683475442,3.6897772131678583,4,HYD200,200,325.0457647638569,646.12993678009,112.0,11.2,-535.5485827534537,117.0
Mod-Nom-Real,AK,HYD200,2045-Hlow,1504.8334029991204,5552.499999999999,0.6924039166665593,151.94198609312457,0.10096930716071657,3.6897772131678583,4,HYD200,200,325.0457647638569,646.12993678009,112.0,11.2,-535.5485827534537,117.0
Mod-Nom-Real,AK,HYD500,2024-Hhigh,1888.3594702850246,5787.933333333333,0.9249116664414849,161.3026692400813,0.08541947218118097,3.0650590760983216,4,HYD500,500,562.1872507368138,0.0,0.0,8.5,0.0,0.0
Mod-Nom-Real,AK,HYD500,2024-Hlow,1888.3594702850246,5787.933333333333,0.9249116664414849,264.20102679737715,0.13991034596686153,3.0650590760983216,4,HYD500,500,562.1872507368138,0.0,0.0,8.5,0.0,0.0
Mod-Nom-Real,AK,HYD500,2025-Hhigh,1888.3594702850246,5787.933333333333,0.9424903402838392,123.19956945927979,0.06524158741909682,3.0650590760983216,4,HYD500,500,562.1872507368138,0.0,0.0,8.5,0.0,0.0
Mod-Nom-Real,AK,HYD500,2025-Hlow,1888.3594702850246,5787.933333333333,0.9266144606566544,218.20216880415697,0.11555118198508149,3.0650590760983216,4,HYD500,500,562.1872507368138,0.0,0.0,8.5,0.0,0.0
Mod-Nom-Real,AK,HYD500,2030-Hhigh,1888.3594702850246,5787.933333333333,0.9266144606566544,99.70185124636572,0.05279813129611226,3.0650590760983216,4,HYD500,500,562.1872507368138,0.0,0.0,8.5,0.0,0.0
Mod-Nom-Real,AK,HYD500,2030-Hlow,1888.3594702850246,5787.933333333333,0.9266144606566544,170.28700151223518,0.09017721688685283,3.0650590760983216,4,HYD500,500,562.1872507368138,0.0,0.0,8.5,0.0,0.0
Mod-Nom-Real,AK,HYD500,2035-Hhigh,1888.3594702850246,5787.933333333333,0.9266144606566544,103.00464797976323,0.05454716096200474,3.0650590760983216,4,HYD500,500,562.1872507368138,0.0,0.0,8.5,0.0,0.0
Mod-Nom-Real,AK,HYD500,2035-Hlow,1888.3594702850246,5787.933333333333,0.9266144606566544,153.45564060788917,0.08126399820725179,3.0650590760983216,4,HYD500,500,562.1872507368138,0.0,0.0,8.5,0.0,0.0
Mod-Nom-Real,AK,HYD500,2040-Hhigh,1888.3594702850246,5787.933333333333,0.9266144606566544,111.07683407269775,0.05882186936363979,3.0650590760983216,4,HYD500,500,562.1872507368138,0.0,0.0,8.5,0.0,0.0
Mod-Nom-Real,AK,HYD500,2040-Hlow,1888.3594702850246,5787.933333333333,0.9266144606566544,170.9814163476483,0.09054495133907993,3.0650590760983216,4,HYD500,500,562.1872507368138,0.0,0.0,8.5,0.0,0.0
Mod-Nom-Real,AK,HYD500,2045-Hhigh,1888.3594702850246,5787.933333333333,0.9266144606566544,129.235495070247,0.06843797333287421,3.0650590760983216,4,HYD500,500,562.1872507368138,0.0,0.0,8.5,0.0,0.0
Mod-Nom-Real,AK,HYD500,2045-Hlow,1888.3594702850246,5787.933333333333,0.9266144606566544,188.56791624824922,0.09985806156906514,3.0650590760983216,4,HYD500,500,562.1872507368138,0.0,0.0,8.5,0.0,0.0
Mod-Nom-Real,AK,HYD1000,2024-Hhigh,2026.8950351086194,6565.6,1.0012105741008006,173.44914424449365,0.08557381671971913,3.23924025974446,5,HYD1000,1000,864.9125418855425,0.0,0.0,6,0.0,0.0
Mod-Nom-Real,AK,HYD1000,2024-Hlow,2026.8950351086194,6565.6,1.0012105741008006,276.50712737052606,0.13641906590180597,3.23924025974446,5,HYD1000,1000,864.9125418855425,0.0,0.0,6,0.0,0.0
Mod-Nom-Real,AK,HYD1000,2025-Hhigh,2026.8950351086194,6565.6,1.0405656397984226,132.87915638333365,0.06555798602378676,3.23924025974446,5,HYD1000,1000,864.9125418855425,0.0,0.0,6,0.0,0.0
Mod-Nom-Real,AK,HYD1000,2025-Hlow,2026.8950351086194,6565.6,1.0125558756018305,227.61002282540025,0.11229492345823563,3.23924025974446,5,HYD1000,1000,864.9125418855425,0.0,0.0,6,0.0,0.0
Mod-Nom-Real,AK,HYD1000,2030-Hhigh,2026.8950351086194,6565.6,1.0125558756018305,107.71951300983865,0.05314508701436829,3.23924025974446,5,HYD1000,1000,864.9125418855425,0.0,0.0,6,0.0,0.0
Mod-Nom-Real,AK,HYD1000,2030-Hlow,2026.8950351086194,6565.6,1.0125558756018305,178.17277748443573,0.08790429420282615,3.23924025974446,5,HYD1000,1000,864.9125418855425,0.0,0.0,6,0.0,0.0
Mod-Nom-Real,AK,HYD1000,2035-Hhigh,2026.8950351086194,6565.6,1.0125558756018305,109.96360915595422,0.05425224654026614,3.23924025974446,5,HYD1000,1000,864.9125418855425,0.0,0.0,6,0.0,0.0
Mod-Nom-Real,AK,HYD1000,2035-Hlow,2026.8950351086194,6565.6,1.0125558756018305,161.59491775766335,0.07972535082410108,3.23924025974446,5,HYD1000,1000,864.9125418855425,0.0,0.0,6,0.0,0.0
Mod-Nom-Real,AK,HYD1000,2040-Hhigh,2026.8950351086194,6565.6,1.0125558756018305,118.62965627229835,0.05852777485635367,3.23924025974446,5,HYD1000,1000,864.9125418855425,0.0,0.0,6,0.0,0.0
Mod-Nom-Real,AK,HYD1000,2040-Hlow,2026.8950351086194,6565.6,1.0125558756018305,179.22525033851042,0.08842354795590385,3.23924025974446,5,HYD1000,1000,864.9125418855425,0.0,0.0,6,0.0,0.0
Mod-Nom-Real,AK,HYD1000,2045-Hhigh,2026.8950351086194,6565.6,1.0125558756018305,137.4086249691365,0.06779266937311972,3.23924025974446,5,HYD1000,1000,864.9125418855425,0.0,0.0,6,0.0,0.0
Mod-Nom-Real,AK,HYD1000,2045-Hlow,2026.8950351086194,6565.6,1.0125558756018305,197.47697471390143,0.0974283183358426,3.23924025974446,5,HYD1000,1000,864.9125418855425,0.0,0.0,6,0.0,0.0
Mod-Nom-Real,AK,HYD200,2024-Hhigh,1625.220018566491,6030.666666666666,0.779695810225503,138.80642692854127,0.08540777577362976,3.7106770761942465,5,HYD200,200,323.9034872805716,733.2834933529473,136.0,11.2,-781.2545804521584,188.0
Mod-Nom-Real,AK,HYD200,2024-Hlow,1625.220018566491,6030.666666666666,0.779695810225503,227.82281387395707,0.1401796749186648,3.7106770761942465,5,HYD200,200,323.9034872805716,733.2834933529473,136.0,11.2,-781.2545804521584,188.0
Mod-Nom-Real,AK,HYD200,2025-Hhigh,1625.220018566491,6030.666666666666,0.8011153283249303,105.38230172067667,0.06484186788052738,3.7106770761942465,5,HYD200,200,323.9034872805716,733.2834933529473,136.0,11.2,-781.2545804521584,188.0
Mod-Nom-Real,AK,HYD200,2025-Hlow,1625.220018566491,6030.666666666666,0.7797476329782941,186.36776239418722,0.11467232760187819,3.7106770761942465,5,HYD200,200,323.9034872805716,733.2834933529473,136.0,11.2,-781.2545804521584,188.0
Mod-Nom-Real,AK,HYD200,2030-Hhigh,1625.220018566491,6030.666666666666,0.7797476329782941,85.2754957028356,0.0524701238777824,3.7106770761942465,5,HYD200,200,323.9034872805716,733.2834933529473,136.0,11.2,-781.2545804521584,188.0
Mod-Nom-Real,AK,HYD200,2030-Hlow,1625.220018566491,6030.666666666666,0.7797476329782941,145.49837652731833,0.08952534110160279,3.7106770761942465,5,HYD200,200,323.9034872805716,733.2834933529473,136.0,11.2,-781.2545804521584,188.0
Mod-Nom-Real,AK,HYD200,2035-Hhigh,1625.220018566491,6030.666666666666,0.7797476329782941,87.94585961326159,0.054113202279426356,3.7106770761942465,5,HYD200,200,323.9034872805716,733.2834933529473,136.0,11.2,-781.2545804521584,188.0
Mod-Nom-Real,AK,HYD200,2035-Hlow,1625.220018566491,6030.666666666666,0.7797476329782941,131.43832984578526,0.08087417601569978,3.7106770761942465,5,HYD200,200,323.9034872805716,733.2834933529473,136.0,11.2,-781.2545804521584,188.0
Mod-Nom-Real,AK,HYD200,2040-Hhigh,1625.220018566491,6030.666666666666,0.7797476329782941,95.0158713495007,0.058463389734337935,3.7106770761942465,5,HYD200,200,323.9034872805716,733.2834933529473,136.0,11.2,-781.2545804521584,188.0
Mod-Nom-Real,AK,HYD200,2040-Hlow,1625.220018566491,6030.666666666666,0.7797476329782941,145.70448267239465,0.08965215848184778,3.7106770761942465,5,HYD200,200,323.9034872805716,733.2834933529473,136.0,11.2,-781.2545804521584,188.0
Mod-Nom-Real,AK,HYD200,2045-Hhigh,1625.220018566491,6030.666666666666,0.7797476329782941,109.63742766857452,0.06746005243356472,3.7106770761942465,5,HYD200,200,323.9034872805716,733.2834933529473,136.0,11.2,-781.2545804521584,188.0
Mod-Nom-Real,AK,HYD200,2045-Hlow,1625.220018566491,6030.666666666666,0.7797476329782941,159.67329006400178,0.09824718391349868,3.7106770761942465,5,HYD200,200,323.9034872805716,733.2834933529473,136.0,11.2,-781.2545804521584,188.0
Mod-Nom-Real,AK,HYD500,2024-Hhigh,2036.0327424062093,6264.641666666666,0.9972175417829103,173.48764655187253,0.08520867220771834,3.0768865039287303,5,HYD500,500,560.1341997550497,0.0,0.0,8.5,0.0,0.0
Mod-Nom-Real,AK,HYD500,2024-Hlow,2036.0327424062093,6264.641666666666,0.9972175417829103,279.75319639207464,0.13740112846194152,3.0768865039287303,5,HYD500,500,560.1341997550497,0.0,0.0,8.5,0.0,0.0
Mod-Nom-Real,AK,HYD500,2025-Hhigh,2036.0327424062093,6264.641666666666,1.0230586572525162,132.36085370331483,0.06500919702641378,3.0768865039287303,5,HYD500,500,560.1341997550497,0.0,0.0,8.5,0.0,0.0
Mod-Nom-Real,AK,HYD500,2025-Hlow,2036.0327424062093,6264.641666666666,1.0006091090348999,229.40211676683333,0.11267113341985012,3.0768865039287303,5,HYD500,500,560.1341997550497,0.0,0.0,8.5,0.0,0.0
Mod-Nom-Real,AK,HYD500,2030-Hhigh,2036.0327424062093,6264.641666666666,1.0006091090348999,107.20563564867476,0.0526541805619382,3.0768865039287303,5,HYD500,500,560.1341997550497,0.0,0.0,8.5,0.0,0.0
Mod-Nom-Real,AK,HYD500,2030-Hlow,2036.0327424062093,6264.641666666666,1.0006091090348999,179.3086575185126,0.08806766894455899,3.0768865039287303,5,HYD500,500,560.1341997550497,0.0,0.0,8.5,0.0,0.0
Mod-Nom-Real,AK,HYD500,2035-Hhigh,2036.0327424062093,6264.641666666666,1.0006091090348999,109.91419810567132,0.053984494363176753,3.0768865039287303,5,HYD500,500,560.1341997550497,0.0,0.0,8.5,0.0,0.0
Mod-Nom-Real,AK,HYD500,2035-Hlow,2036.0327424062093,6264.641666666666,1.0006091090348999,162.54046191377464,0.07983194893107773,3.0768865039287303,5,HYD500,500,560.1341997550497,0.0,0.0,8.5,0.0,0.0
Mod-Nom-Real,AK,HYD500,2040-Hhigh,2036.0327424062093,6264.641666666666,1.0006091090348999,118.59609802029881,0.058248620245733594,3.0768865039287303,5,HYD500,500,560.1341997550497,0.0,0.0,8.5,0.0,0.0
Mod-Nom-Real,AK,HYD500,2040-Hlow,2036.0327424062093,6264.641666666666,1.0006091090348999,180.07158479081104,0.08844238161808742,3.0768865039287303,5,HYD500,500,560.1341997550497,0.0,0.0,8.5,0.0,0.0
Mod-Nom-Real,AK,HYD500,2045-Hhigh,2036.0327424062093,6264.641666666666,1.0006091090348999,137.04015832532914,0.06730744327980372,3.0768865039287303,5,HYD500,500,560.1341997550497,0.0,0.0,8.5,0.0,0.0
Mod-Nom-Real,AK,HYD500,2045-Hlow,2036.0327424062093,6264.641666666666,1.0006091090348999,197.87495689709456,0.09718652985081341,3.0768865039287303,5,HYD500,500,560.1341997550497,0.0,0.0,8.5,0.0,0.0
Mod-Nom-Real,CH,HYD1000,2024-Hhigh,3964.1071876554593,11581.5,2.0998167009648423,373.7199462981336,0.09427594376406542,2.921591029643623,3,HYD1000,1000,989.1624750525001,0.0,0.0,14,0.0,0.0
Mod-Nom-Real,CH,HYD1000,2024-Hlow,3964.1071876554593,11581.5,2.0998167009648423,584.3287060154399,0.14740487034131805,2.921591029643623,3,HYD1000,1000,989.1624750525001,0.0,0.0,14,0.0,0.0
Mod-Nom-Real,CH,HYD1000,2025-Hhigh,3964.1071876554593,11581.5,2.164736999415721,289.8703189850986,0.07312373386062251,2.921591029643623,3,HYD1000,1000,989.1624750525001,0.0,0.0,14,0.0,0.0
Mod-Nom-Real,CH,HYD1000,2025-Hlow,3964.1071876554593,11581.5,2.091788442570059,480.9107565150097,0.12131628478982696,2.921591029643623,3,HYD1000,1000,989.1624750525001,0.0,0.0,14,0.0,0.0
Mod-Nom-Real,CH,HYD1000,2030-Hhigh,3964.1071876554593,11581.5,2.091788442570059,235.105191783454,0.05930848502673944,2.921591029643623,3,HYD1000,1000,989.1624750525001,0.0,0.0,14,0.0,0.0
Mod-Nom-Real,CH,HYD1000,2030-Hlow,3964.1071876554593,11581.5,2.091788442570059,375.3268477310419,0.09468130652466693,2.921591029643623,3,HYD1000,1000,989.1624750525001,0.0,0.0,14,0.0,0.0
Mod-Nom-Real,CH,HYD1000,2035-Hhigh,3964.1071876554593,11581.5,2.091788442570059,238.40854231212217,0.060141800164875726,2.921591029643623,3,HYD1000,1000,989.1624750525001,0.0,0.0,14,0.0,0.0
Mod-Nom-Real,CH,HYD1000,2035-Hlow,3964.1071876554593,11581.5,2.091788442570059,334.22548161506563,0.08431292742433151,2.921591029643623,3,HYD1000,1000,989.1624750525001,0.0,0.0,14,0.0,0.0
Mod-Nom-Real,CH,HYD1000,2040-Hhigh,3964.1071876554593,11581.5,2.091788442570059,254.84346293257627,0.06428773261383516,2.921591029643623,3,HYD1000,1000,989.1624750525001,0.0,0.0,14,0.0,0.0
Mod-Nom-Real,CH,HYD1000,2040-Hlow,3964.1071876554593,11581.5,2.091788442570059,373.89136941035775,0.0943191875776429,2.921591029643623,3,HYD1000,1000,989.1624750525001,0.0,0.0,14,0.0,0.0
Mod-Nom-Real,CH,HYD1000,2045-Hhigh,3964.1071876554593,11581.5,2.091788442570059,296.1054942486839,0.07469664169797921,2.921591029643623,3,HYD1000,1000,989.1624750525001,0.0,0.0,14,0.0,0.0
Mod-Nom-Real,CH,HYD1000,2045-Hlow,3964.1071876554593,11581.5,2.091788442570059,413.60061965564944,0.10433638649924357,2.921591029643623,3,HYD1000,1000,989.1624750525001,0.0,0.0,14,0.0,0.0
Mod-Nom-Real,CH,HYD200,2024-Hhigh,3754.976634960388,10969.233333333334,1.9432597222961203,353.7022545023142,0.09419559397765613,2.9212520874844405,3,HYD200,200,370.133769179482,26.816891140530107,12.0,14,-696.6650431838294,131.0
Mod-Nom-Real,CH,HYD200,2024-Hlow,3754.976634960388,10969.233333333334,1.9432597222961203,559.1113612337771,0.14889875905703878,2.9212520874844405,3,HYD200,200,370.133769179482,26.816891140530107,12.0,14,-696.6650431838294,131.0
Mod-Nom-Real,CH,HYD200,2025-Hhigh,3754.976634960388,10969.233333333334,2.0081800207469986,272.88514559590425,0.07267292772349913,2.9212520874844405,3,HYD200,200,370.133769179482,26.816891140530107,12.0,14,-696.6650431838294,131.0
Mod-Nom-Real,CH,HYD200,2025-Hlow,3754.976634960388,10969.233333333334,1.9321209057783644,458.8118361068947,0.12218766738391032,2.9212520874844405,3,HYD200,200,370.133769179482,26.816891140530107,12.0,14,-696.6650431838294,131.0
Mod-Nom-Real,CH,HYD200,2030-Hhigh,3754.976634960388,10969.233333333334,1.9321209057783644,221.07811412409472,0.05887602923165111,2.9212520874844405,3,HYD200,200,370.133769179482,26.816891140530107,12.0,14,-696.6650431838294,131.0
Mod-Nom-Real,CH,HYD200,2030-Hlow,3754.976634960388,10969.233333333334,1.9321209057783644,357.71497792988134,0.09526423536152176,2.9212520874844405,3,HYD200,200,370.133769179482,26.816891140530107,12.0,14,-696.6650431838294,131.0
Mod-Nom-Real,CH,HYD200,2035-Hhigh,3754.976634960388,10969.233333333334,1.9321209057783644,225.0922961636224,0.05994505906319626,2.9212520874844405,3,HYD200,200,370.133769179482,26.816891140530107,12.0,14,-696.6650431838294,131.0
Mod-Nom-Real,CH,HYD200,2035-Hlow,3754.976634960388,10969.233333333334,1.9321209057783644,318.73923111805783,0.08488447788208948,2.9212520874844405,3,HYD200,200,370.133769179482,26.816891140530107,12.0,14,-696.6650431838294,131.0
Mod-Nom-Real,CH,HYD200,2040-Hhigh,3754.976634960388,10969.233333333334,1.9321209057783644,240.90049690132523,0.06415499224640756,2.9212520874844405,3,HYD200,200,370.133769179482,26.816891140530107,12.0,14,-696.6650431838294,131.0
Mod-Nom-Real,CH,HYD200,2040-Hlow,3754.976634960388,10969.233333333334,1.9321209057783644,356.72081453639083,0.09499947648546526,2.9212520874844405,3,HYD200,200,370.133769179482,26.816891140530107,12.0,14,-696.6650431838294,131.0
Mod-Nom-Real,CH,HYD200,2045-Hhigh,3754.976634960388,10969.233333333334,1.9321209057783644,279.4356932185029,0.0744174252954974,2.9212520874844405,3,HYD200,200,370.133769179482,26.816891140530107,12.0,14,-696.6650431838294,131.0
Mod-Nom-Real,CH,HYD200,2045-Hlow,3754.976634960388,10969.233333333334,1.9321209057783644,393.5118825765392,0.10479742507923501,2.9212520874844405,3,HYD200,200,370.133769179482,26.816891140530107,12.0,14,-696.6650431838294,131.0
Mod-Nom-Real,CH,HYD500,2024-Hhigh,3846.5090033130023,11237.1,2.0076187195606456,362.64071067285266,0.09427787907437883,2.921376237601803,3,HYD500,500,641.0984821868343,0.0,0.0,14,0.0,0.0
Mod-Nom-Real,CH,HYD500,2024-Hlow,3846.5090033130023,11237.1,2.0076187195606456,570.2321268548433,0.14824666375763107,2.921376237601803,3,HYD500,500,641.0984821868343,0.0,0.0,14,0.0,0.0
Mod-Nom-Real,CH,HYD500,2025-Hhigh,3846.5090033130023,11237.1,2.0725390180115237,280.61521558055824,0.07295321948781715,2.921376237601803,3,HYD500,500,641.0984821868343,0.0,0.0,14,0.0,0.0
Mod-Nom-Real,CH,HYD500,2025-Hlow,3846.5090033130023,11237.1,1.9964799030428892,468.6854006953002,0.12184695272820653,2.921376237601803,3,HYD500,500,641.0984821868343,0.0,0.0,14,0.0,0.0
Mod-Nom-Real,CH,HYD500,2030-Hhigh,3846.5090033130023,11237.1,1.9964799030428892,227.54031013141554,0.05915501820883165,2.921376237601803,3,HYD500,500,641.0984821868343,0.0,0.0,14,0.0,0.0
Mod-Nom-Real,CH,HYD500,2030-Hlow,3846.5090033130023,11237.1,1.9964799030428892,365.6128421780502,0.09505056191553106,2.921376237601803,3,HYD500,500,641.0984821868343,0.0,0.0,14,0.0,0.0
Mod-Nom-Real,CH,HYD500,2035-Hhigh,3846.5090033130023,11237.1,1.9964799030428892,231.17850354963116,0.06010086115761509,2.921376237601803,3,HYD500,500,641.0984821868343,0.0,0.0,14,0.0,0.0
Mod-Nom-Real,CH,HYD500,2035-Hlow,3846.5090033130023,11237.1,1.9964799030428892,325.71431456961045,0.08467790255763664,2.921376237601803,3,HYD500,500,641.0984821868343,0.0,0.0,14,0.0,0.0
Mod-Nom-Real,CH,HYD500,2040-Hhigh,3846.5090033130023,11237.1,1.9964799030428892,247.20721223433182,0.0642679406239299,2.921376237601803,3,HYD500,500,641.0984821868343,0.0,0.0,14,0.0,0.0
Mod-Nom-Real,CH,HYD500,2040-Hlow,3846.5090033130023,11237.1,1.9964799030428892,364.41347106208417,0.09473875421797127,2.921376237601803,3,HYD500,500,641.0984821868343,0.0,0.0,14,0.0,0.0
Mod-Nom-Real,CH,HYD500,2045-Hhigh,3846.5090033130023,11237.1,1.9964799030428892,287.0312904605178,0.07462124492970053,2.921376237601803,3,HYD500,500,641.0984821868343,0.0,0.0,14,0.0,0.0
Mod-Nom-Real,CH,HYD500,2045-Hlow,3846.5090033130023,11237.1,1.9964799030428892,402.6429698908224,0.1046775061605278,2.921376237601803,3,HYD500,500,641.0984821868343,0.0,0.0,14,0.0,0.0
Mod-Nom-Real,CH,HYD1000,2024-Hhigh,4103.227554739729,12056.8,2.128816343529578,385.7963026828974,0.09402264376911183,2.9383698172120436,4,HYD1000,1000,985.0636284127856,0.0,0.0,14,0.0,0.0
Mod-Nom-Real,CH,HYD1000,2024-Hlow,4103.227554739729,12056.8,2.128816343529578,597.7785713044105,0.14568496709715825,2.9383698172120436,4,HYD1000,1000,985.0636284127856,0.0,0.0,14,0.0,0.0
Mod-Nom-Real,CH,HYD1000,2025-Hhigh,4103.227554739729,12056.8,2.166700961374718,298.85963963966464,0.07283525850143145,2.9383698172120436,4,HYD1000,1000,985.0636284127856,0.0,0.0,14,0.0,0.0
Mod-Nom-Real,CH,HYD1000,2025-Hlow,4103.227554739729,12056.8,2.1147041705703375,491.2377642856285,0.11971984437426308,2.9383698172120436,4,HYD1000,1000,985.0636284127856,0.0,0.0,14,0.0,0.0
Mod-Nom-Real,CH,HYD1000,2030-Hhigh,4103.227554739729,12056.8,2.1147041705703375,241.5992653857527,0.05888029902379555,2.9383698172120436,4,HYD1000,1000,985.0636284127856,0.0,0.0,14,0.0,0.0
Mod-Nom-Real,CH,HYD1000,2030-Hlow,4103.227554739729,12056.8,2.1147041705703375,383.28756405260856,0.0934112376024246,2.9383698172120436,4,HYD1000,1000,985.0636284127856,0.0,0.0,14,0.0,0.0
Mod-Nom-Real,CH,HYD1000,2035-Hhigh,4103.227554739729,12056.8,2.1147041705703375,245.0750361914559,0.05972738117055299,2.9383698172120436,4,HYD1000,1000,985.0636284127856,0.0,0.0,14,0.0,0.0
Mod-Nom-Real,CH,HYD1000,2035-Hlow,4103.227554739729,12056.8,2.1147041705703375,341.9259926652596,0.08333098471964913,2.9383698172120436,4,HYD1000,1000,985.0636284127856,0.0,0.0,14,0.0,0.0
Mod-Nom-Real,CH,HYD1000,2040-Hhigh,4103.227554739729,12056.8,2.1147041705703375,261.0341253277095,0.06361678016764709,2.9383698172120436,4,HYD1000,1000,985.0636284127856,0.0,0.0,14,0.0,0.0
Mod-Nom-Real,CH,HYD1000,2040-Hlow,4103.227554739729,12056.8,2.1147041705703375,381.13585863140827,0.09288684420905435,2.9383698172120436,4,HYD1000,1000,985.0636284127856,0.0,0.0,14,0.0,0.0
Mod-Nom-Real,CH,HYD1000,2045-Hhigh,4103.227554739729,12056.8,2.1147041705703375,303.1944056394196,0.07389168687200713,2.9383698172120436,4,HYD1000,1000,985.0636284127856,0.0,0.0,14,0.0,0.0
Mod-Nom-Real,CH,HYD1000,2045-Hlow,4103.227554739729,12056.8,2.1147041705703375,421.469975683489,0.10271669559165435,2.9383698172120436,4,HYD1000,1000,985.0636284127856,0.0,0.0,14,0.0,0.0
Mod-Nom-Real,CH,HYD200,2024-Hhigh,3893.7970333558014,11447.8,1.9768413640393678,365.4726807865274,0.09386022888603188,2.9400094308803535,4,HYD200,200,369.3520018520153,26.690453939116345,17.0,14,-513.3892771929239,115.0
Mod-Nom-Real,CH,HYD200,2024-Hlow,3893.7970333558014,11447.8,1.9768413640393678,572.1056458538458,0.14692744407398822,2.9400094308803535,4,HYD200,200,369.3520018520153,26.690453939116345,17.0,14,-513.3892771929239,115.0
Mod-Nom-Real,CH,HYD200,2025-Hhigh,3893.7970333558014,11447.8,2.0117328724500387,281.0720849366312,0.07218457524335677,2.9400094308803535,4,HYD200,200,369.3520018520153,26.690453939116345,17.0,14,-513.3892771929239,115.0
Mod-Nom-Real,CH,HYD200,2025-Hlow,3893.7970333558014,11447.8,1.9596186329571545,468.2920629922223,0.12026617180624664,2.9400094308803535,4,HYD200,200,369.3520018520153,26.690453939116345,17.0,14,-513.3892771929239,115.0
Mod-Nom-Real,CH,HYD200,2030-Hhigh,3893.7970333558014,11447.8,1.9596186329571545,226.7567773369468,0.05823538705136883,2.9400094308803535,4,HYD200,200,369.3520018520153,26.690453939116345,17.0,14,-513.3892771929239,115.0
Mod-Nom-Real,CH,HYD200,2030-Hlow,3893.7970333558014,11447.8,1.9596186329571545,365.06104502219773,0.09375451311276392,2.9400094308803535,4,HYD200,200,369.3520018520153,26.690453939116345,17.0,14,-513.3892771929239,115.0
Mod-Nom-Real,CH,HYD200,2035-Hhigh,3893.7970333558014,11447.8,1.9596186329571545,231.0932433437674,0.059349072733923085,2.9400094308803535,4,HYD200,200,369.3520018520153,26.690453939116345,17.0,14,-513.3892771929239,115.0
Mod-Nom-Real,CH,HYD200,2035-Hlow,3893.7970333558014,11447.8,1.9596186329571545,325.9601335831067,0.0837126667853521,2.9400094308803535,4,HYD200,200,369.3520018520153,26.690453939116345,17.0,14,-513.3892771929239,115.0
Mod-Nom-Real,CH,HYD200,2040-Hhigh,3893.7970333558014,11447.8,1.9596186329571545,246.33525442067784,0.06326350662617308,2.9400094308803535,4,HYD200,200,369.3520018520153,26.690453939116345,17.0,14,-513.3892771929239,115.0
Mod-Nom-Real,CH,HYD200,2040-Hlow,3893.7970333558014,11447.8,1.9596186329571545,363.0499414427854,0.09323802405024102,2.9400094308803535,4,HYD200,200,369.3520018520153,26.690453939116345,17.0,14,-513.3892771929239,115.0
Mod-Nom-Real,CH,HYD200,2045-Hhigh,3893.7970333558014,11447.8,1.9596186329571545,285.45402802986985,0.07330994029338407,2.9400094308803535,4,HYD200,200,369.3520018520153,26.690453939116345,17.0,14,-513.3892771929239,115.0
Mod-Nom-Real,CH,HYD200,2045-Hlow,3893.7970333558014,11447.8,1.9596186329571545,400.18785571476917,0.10277573594273202,2.9400094308803535,4,HYD200,200,369.3520018520153,26.690453939116345,17.0,14,-513.3892771929239,115.0
Mod-Nom-Real,CH,HYD500,2024-Hhigh,3984.8168372371224,11714.266666666666,2.036750476101062,374.4566808821219,0.09397086395111497,2.939725248397808,4,HYD500,500,638.9079775950355,0.0,0.0,14,0.0,0.0
Mod-Nom-Real,CH,HYD500,2024-Hlow,3984.8168372371224,11714.266666666666,2.036750476101062,583.3693464917709,0.1463980329134151,2.939725248397808,4,HYD500,500,638.9079775950355,0.0,0.0,14,0.0,0.0
Mod-Nom-Real,CH,HYD500,2025-Hhigh,3984.8168372371224,11714.266666666666,2.0746839417939618,289.08389210769695,0.07254634376322643,2.939725248397808,4,HYD500,500,638.9079775950355,0.0,0.0,14,0.0,0.0
Mod-Nom-Real,CH,HYD500,2025-Hlow,3984.8168372371224,11714.266666666666,2.0225697023010776,478.52082325917627,0.12008602723907362,2.939725248397808,4,HYD500,500,638.9079775950355,0.0,0.0,14,0.0,0.0
Mod-Nom-Real,CH,HYD500,2030-Hhigh,3984.8168372371224,11714.266666666666,2.0225697023010776,233.4486520026723,0.058584537643274516,2.939725248397808,4,HYD500,500,638.9079775950355,0.0,0.0,14,0.0,0.0
Mod-Nom-Real,CH,HYD500,2030-Hlow,3984.8168372371224,11714.266666666666,2.0225697023010776,373.1933273191895,0.09365382213601153,2.939725248397808,4,HYD500,500,638.9079775950355,0.0,0.0,14,0.0,0.0
Mod-Nom-Real,CH,HYD500,2035-Hhigh,3984.8168372371224,11714.266666666666,2.0225697023010776,237.36621632412212,0.05956766045204233,2.939725248397808,4,HYD500,500,638.9079775950355,0.0,0.0,14,0.0,0.0
Mod-Nom-Real,CH,HYD500,2035-Hlow,3984.8168372371224,11714.266666666666,2.0225697023010776,332.96934627242547,0.08355951098201296,2.939725248397808,4,HYD500,500,638.9079775950355,0.0,0.0,14,0.0,0.0
Mod-Nom-Real,CH,HYD500,2040-Hhigh,3984.8168372371224,11714.266666666666,2.0225697023010776,252.90791942215472,0.0634678906841572,2.939725248397808,4,HYD500,500,638.9079775950355,0.0,0.0,14,0.0,0.0
Mod-Nom-Real,CH,HYD500,2040-Hlow,3984.8168372371224,11714.266666666666,2.0225697023010776,371.0150531129989,0.09310717864017123,2.939725248397808,4,HYD500,500,638.9079775950355,0.0,0.0,14,0.0,0.0
Mod-Nom-Real,CH,HYD500,2045-Hhigh,3984.8168372371224,11714.266666666666,2.0225697023010776,293.423171697417,0.07363529709959324,2.939725248397808,4,HYD500,500,638.9079775950355,0.0,0.0,14,0.0,0.0
Mod-Nom-Real,CH,HYD500,2045-Hlow,3984.8168372371224,11714.266666666666,2.0225697023010776,409.703450013404,0.10281613101631852,2.939725248397808,4,HYD500,500,638.9079775950355,0.0,0.0,14,0.0,0.0
Mod-Nom-Real,CH,HYD1000,2024-Hhigh,4248.825945979613,12532.8,2.2202873554291167,398.58979440151165,0.09381174928539288,2.949708968864439,5,HYD1000,1000,982.2784022313972,0.0,0.0,14,0.0,0.0
Mod-Nom-Real,CH,HYD1000,2024-Hlow,4248.825945979613,12532.8,2.2202873554291167,613.6877541404879,0.1444370190596253,2.949708968864439,5,HYD1000,1000,982.2784022313972,0.0,0.0,14,0.0,0.0
Mod-Nom-Real,CH,HYD1000,2025-Hhigh,4248.825945979613,12532.8,2.2641581921431944,308.6795349933962,0.072650548391016,2.949708968864439,5,HYD1000,1000,982.2784022313972,0.0,0.0,14,0.0,0.0
Mod-Nom-Real,CH,HYD1000,2025-Hlow,4248.825945979613,12532.8,2.2061751824698757,502.85604771324904,0.11835176448898053,2.949708968864439,5,HYD1000,1000,982.2784022313972,0.0,0.0,14,0.0,0.0
Mod-Nom-Real,CH,HYD1000,2030-Hhigh,4248.825945979613,12532.8,2.2061751824698757,249.72879516297485,0.05877595324875027,2.949708968864439,5,HYD1000,1000,982.2784022313972,0.0,0.0,14,0.0,0.0
Mod-Nom-Real,CH,HYD1000,2030-Hlow,4248.825945979613,12532.8,2.2061751824698757,392.6559313206119,0.09241516040264174,2.949708968864439,5,HYD1000,1000,982.2784022313972,0.0,0.0,14,0.0,0.0
Mod-Nom-Real,CH,HYD1000,2035-Hhigh,4248.825945979613,12532.8,2.2061751824698757,252.28050980265002,0.0593765225994646,2.949708968864439,5,HYD1000,1000,982.2784022313972,0.0,0.0,14,0.0,0.0
Mod-Nom-Real,CH,HYD1000,2035-Hlow,4248.825945979613,12532.8,2.2061751824698757,351.21895939759634,0.08266259052808034,2.949708968864439,5,HYD1000,1000,982.2784022313972,0.0,0.0,14,0.0,0.0
Mod-Nom-Real,CH,HYD1000,2040-Hhigh,4248.825945979613,12532.8,2.2061751824698757,268.9974845260105,0.06331101531248776,2.949708968864439,5,HYD1000,1000,982.2784022313972,0.0,0.0,14,0.0,0.0
Mod-Nom-Real,CH,HYD1000,2040-Hlow,4248.825945979613,12532.8,2.2061751824698757,390.3641854880119,0.09187577708552362,2.949708968864439,5,HYD1000,1000,982.2784022313972,0.0,0.0,14,0.0,0.0
Mod-Nom-Real,CH,HYD1000,2045-Hhigh,4248.825945979613,12532.8,2.2061751824698757,311.3858137752527,0.07328749582455756,2.949708968864439,5,HYD1000,1000,982.2784022313972,0.0,0.0,14,0.0,0.0
Mod-Nom-Real,CH,HYD1000,2045-Hlow,4248.825945979613,12532.8,2.2061751824698757,431.0283937217449,0.10144646996650898,2.949708968864439,5,HYD1000,1000,982.2784022313972,0.0,0.0,14,0.0,0.0
Mod-Nom-Real,CH,HYD200,2024-Hhigh,4039.2796426251252,11926.366666666665,2.0812697536882037,377.72151216416324,0.09351209759735335,2.9525974237613632,5,HYD200,200,368.40524558176855,65.07152986193043,17.0,14,-622.2293333304136,158.0
Mod-Nom-Real,CH,HYD200,2024-Hlow,4039.2796426251252,11926.366666666665,2.0812697536882037,587.7753776858071,0.14551490109355547,2.9525974237613632,5,HYD200,200,368.40524558176855,65.07152986193043,17.0,14,-622.2293333304136,158.0
Mod-Nom-Real,CH,HYD200,2025-Hhigh,4039.2796426251252,11926.366666666665,2.12818254768451,290.2691286541738,0.07186160759732102,2.9525974237613632,5,HYD200,200,368.40524558176855,65.07152986193043,17.0,14,-622.2293333304136,158.0
Mod-Nom-Real,CH,HYD200,2025-Hlow,4039.2796426251252,11926.366666666665,2.0670889798882195,479.4767567007659,0.11870353110515376,2.9525974237613632,5,HYD200,200,368.40524558176855,65.07152986193043,17.0,14,-622.2293333304136,158.0
Mod-Nom-Real,CH,HYD200,2030-Hhigh,4039.2796426251252,11926.366666666665,2.0670889798882195,234.224040917888,0.057986587124645314,2.9525974237613632,5,HYD200,200,368.40524558176855,65.07152986193043,17.0,14,-622.2293333304136,158.0
Mod-Nom-Real,CH,HYD200,2030-Hlow,4039.2796426251252,11926.366666666665,2.0670889798882195,373.99692124421426,0.09259000473687282,2.9525974237613632,5,HYD200,200,368.40524558176855,65.07152986193043,17.0,14,-622.2293333304136,158.0
Mod-Nom-Real,CH,HYD200,2035-Hhigh,4039.2796426251252,11926.366666666665,2.0670889798882195,237.87726933051928,0.0588910128480045,2.9525974237613632,5,HYD200,200,368.40524558176855,65.07152986193043,17.0,14,-622.2293333304136,158.0
Mod-Nom-Real,CH,HYD200,2035-Hlow,4039.2796426251252,11926.366666666665,2.0670889798882195,334.7887529933343,0.08288328182590382,2.9525974237613632,5,HYD200,200,368.40524558176855,65.07152986193043,17.0,14,-622.2293333304136,158.0
Mod-Nom-Real,CH,HYD200,2040-Hhigh,4039.2796426251252,11926.366666666665,2.0670889798882195,253.7806544860847,0.06282819634670127,2.9525974237613632,5,HYD200,200,368.40524558176855,65.07152986193043,17.0,14,-622.2293333304136,158.0
Mod-Nom-Real,CH,HYD200,2040-Hlow,4039.2796426251252,11926.366666666665,2.0670889798882195,372.06236677759927,0.09211106922416398,2.9525974237613632,5,HYD200,200,368.40524558176855,65.07152986193043,17.0,14,-622.2293333304136,158.0
Mod-Nom-Real,CH,HYD200,2045-Hhigh,4039.2796426251252,11926.366666666665,2.0670889798882195,293.09196067369044,0.07256045300275625,2.9525974237613632,5,HYD200,200,368.40524558176855,65.07152986193043,17.0,14,-622.2293333304136,158.0
Mod-Nom-Real,CH,HYD200,2045-Hlow,4039.2796426251252,11926.366666666665,2.0670889798882195,409.4720274065376,0.10137253758950494,2.9525974237613632,5,HYD200,200,368.40524558176855,65.07152986193043,17.0,14,-622.2293333304136,158.0
Mod-Nom-Real,CH,HYD500,2024-Hhigh,4129.837917126445,12192.133333333333,2.159820080113867,386.69266155230315,0.09363385907923602,2.952206255546382,5,HYD500,500,637.3679076132009,0.0,0.0,14,0.0,0.0
Mod-Nom-Real,CH,HYD500,2024-Hlow,4129.837917126445,12192.133333333333,2.159820080113867,598.9547140688005,0.14503104627543234,2.952206255546382,5,HYD500,500,637.3679076132009,0.0,0.0,14,0.0,0.0
Mod-Nom-Real,CH,HYD500,2025-Hhigh,4129.837917126445,12192.133333333333,2.206732874110173,298.25954428312724,0.0722206416494566,2.952206255546382,5,HYD500,500,637.3679076132009,0.0,0.0,14,0.0,0.0
Mod-Nom-Real,CH,HYD500,2025-Hlow,4129.837917126445,12192.133333333333,2.1456393063138823,489.6929073803646,0.11857436471044233,2.952206255546382,5,HYD500,500,637.3679076132009,0.0,0.0,14,0.0,0.0
Mod-Nom-Real,CH,HYD500,2030-Hhigh,4129.837917126445,12192.133333333333,2.1456393063138823,241.01807940853303,0.05836017883632445,2.952206255546382,5,HYD500,500,637.3679076132009,0.0,0.0,14,0.0,0.0
Mod-Nom-Real,CH,HYD500,2030-Hlow,4129.837917126445,12192.133333333333,2.1456393063138823,382.1505196745077,0.09253402369369723,2.952206255546382,5,HYD500,500,637.3679076132009,0.0,0.0,14,0.0,0.0
Mod-Nom-Real,CH,HYD500,2035-Hhigh,4129.837917126445,12192.133333333333,2.1456393063138823,244.1645021718801,0.05912205444173232,2.952206255546382,5,HYD500,500,637.3679076132009,0.0,0.0,14,0.0,0.0
Mod-Nom-Real,CH,HYD500,2035-Hlow,4129.837917126445,12192.133333333333,2.1456393063138823,341.9527206241956,0.08280051844313721,2.952206255546382,5,HYD500,500,637.3679076132009,0.0,0.0,14,0.0,0.0
Mod-Nom-Real,CH,HYD500,2040-Hhigh,4129.837917126445,12192.133333333333,2.1456393063138823,260.4177471524884,0.06305761930087754,2.952206255546382,5,HYD500,500,637.3679076132009,0.0,0.0,14,0.0,0.0
Mod-Nom-Real,CH,HYD500,2040-Hlow,4129.837917126445,12192.133333333333,2.1456393063138823,379.97398334587206,0.0920069966354174,2.952206255546382,5,HYD500,500,637.3679076132009,0.0,0.0,14,0.0,0.0
Mod-Nom-Real,CH,HYD500,2045-Hhigh,4129.837917126445,12192.133333333333,2.1456393063138823,301.11463740786337,0.07291197462233093,2.952206255546382,5,HYD500,500,637.3679076132009,0.0,0.0,14,0.0,0.0
Mod-Nom-Real,CH,HYD500,2045-Hlow,4129.837917126445,12192.133333333333,2.1456393063138823,418.82284885686875,0.10141387077686745,2.952206255546382,5,HYD500,500,637.3679076132009,0.0,0.0,14,0.0,0.0
Mod-H1-Ideal,AK,HYD1000,2024-Hhigh,1456.4387268468633,4806.848133330027,0.7129619065173926,121.09072007601851,0.08314165082534952,3.3004121936091866,3,HYD1000,1000,876.100433354256,0.0,0.0,5,0.0,0.0
Mod-H1-Ideal,AK,HYD1000,2024-Hlow,1456.4387268468633,4806.848133330027,0.7129619065173926,201.38692807273986,0.1382735328033574,3.3004121936091866,3,HYD1000,1000,876.100433354256,0.0,0.0,5,0.0,0.0
Mod-H1-Ideal,AK,HYD1000,2025-Hhigh,1456.4387268468633,4806.848133330027,0.7411514159694815,92.51084677713527,0.06351852987143364,3.3004121936091866,3,HYD1000,1000,876.100433354256,0.0,0.0,5,0.0,0.0
Mod-H1-Ideal,AK,HYD1000,2025-Hlow,1456.4387268468633,4806.848133330027,0.709405830697405,165.97763712497724,0.1139612906917909,3.3004121936091866,3,HYD1000,1000,876.100433354256,0.0,0.0,5,0.0,0.0
Mod-H1-Ideal,AK,HYD1000,2030-Hhigh,1456.4387268468633,4806.848133330027,0.709405830697405,75.1665998491959,0.05160986072646451,3.3004121936091866,3,HYD1000,1000,876.100433354256,0.0,0.0,5,0.0,0.0
Mod-H1-Ideal,AK,HYD1000,2030-Hlow,1456.4387268468633,4806.848133330027,0.709405830697405,129.38948441798047,0.08883963467388976,3.3004121936091866,3,HYD1000,1000,876.100433354256,0.0,0.0,5,0.0,0.0
Mod-H1-Ideal,AK,HYD1000,2035-Hhigh,1456.4387268468633,4806.848133330027,0.709405830697405,77.68408412099363,0.05333838127826829,3.3004121936091866,3,HYD1000,1000,876.100433354256,0.0,0.0,5,0.0,0.0
Mod-H1-Ideal,AK,HYD1000,2035-Hlow,1456.4387268468633,4806.848133330027,0.709405830697405,117.04391760722514,0.08036309077047199,3.3004121936091866,3,HYD1000,1000,876.100433354256,0.0,0.0,5,0.0,0.0
Mod-H1-Ideal,AK,HYD1000,2040-Hhigh,1456.4387268468633,4806.848133330027,0.709405830697405,84.1187949860507,0.057756494272961846,3.3004121936091866,3,HYD1000,1000,876.100433354256,0.0,0.0,5,0.0,0.0
Mod-H1-Ideal,AK,HYD1000,2040-Hlow,1456.4387268468633,4806.848133330027,0.709405830697405,130.85041409868927,0.08984271819108768,3.3004121936091866,3,HYD1000,1000,876.100433354256,0.0,0.0,5,0.0,0.0
Mod-H1-Ideal,AK,HYD1000,2045-Hhigh,1456.4387268468633,4806.848133330027,0.709405830697405,97.28596708701744,0.06679715754169625,3.3004121936091866,3,HYD1000,1000,876.100433354256,0.0,0.0,5,0.0,0.0
Mod-H1-Ideal,AK,HYD1000,2045-Hlow,1456.4387268468633,4806.848133330027,0.709405830697405,143.69445342929853,0.09866151646516004,3.3004121936091866,3,HYD1000,1000,876.100433354256,0.0,0.0,5,0.0,0.0
Mod-H1-Ideal,AK,HYD200,2024-Hhigh,1391.705638588127,4261.758333333333,0.6537955687179869,115.37461127679123,0.08290159073713156,3.0622555626467456,3,HYD200,200,326.0503188622573,437.7886419279535,96.0,8.5,-1000.0417846416026,176.0
Mod-H1-Ideal,AK,HYD200,2024-Hlow,1391.705638588127,4261.758333333333,0.6537955687179869,199.5953086431934,0.1434177624268887,3.0622555626467456,3,HYD200,200,326.0503188622573,437.7886419279535,96.0,8.5,-1000.0417846416026,176.0
Mod-H1-Ideal,AK,HYD200,2025-Hhigh,1391.705638588127,4261.758333333333,0.6912766718884836,87.63927926846561,0.0629725689387699,3.0622555626467456,3,HYD200,200,326.0503188622573,437.7886419279535,96.0,8.5,-1000.0417846416026,176.0
Mod-H1-Ideal,AK,HYD200,2025-Hlow,1391.705638588127,4261.758333333333,0.6554936892070399,163.86029124680886,0.1177406246719268,3.0622555626467456,3,HYD200,200,326.0503188622573,437.7886419279535,96.0,8.5,-1000.0417846416026,176.0
Mod-H1-Ideal,AK,HYD200,2030-Hhigh,1391.705638588127,4261.758333333333,0.6554936892070399,71.2372434457475,0.05118700497471365,3.0622555626467456,3,HYD200,200,326.0503188622573,437.7886419279535,96.0,8.5,-1000.0417846416026,176.0
Mod-H1-Ideal,AK,HYD200,2030-Hlow,1391.705638588127,4261.758333333333,0.6554936892070399,127.09175069619636,0.0913208563451175,3.0622555626467456,3,HYD200,200,326.0503188622573,437.7886419279535,96.0,8.5,-1000.0417846416026,176.0
Mod-H1-Ideal,AK,HYD200,2035-Hhigh,1391.705638588127,4261.758333333333,0.6554936892070399,74.55829840604788,0.053573324946564575,3.0622555626467456,3,HYD200,200,326.0503188622573,437.7886419279535,96.0,8.5,-1000.0417846416026,176.0
Mod-H1-Ideal,AK,HYD200,2035-Hlow,1391.705638588127,4261.758333333333,0.6554936892070399,115.33661584806171,0.08287428939719586,3.0622555626467456,3,HYD200,200,326.0503188622573,437.7886419279535,96.0,8.5,-1000.0417846416026,176.0
Mod-H1-Ideal,AK,HYD200,2040-Hhigh,1391.705638588127,4261.758333333333,0.6554936892070399,81.11287035174239,0.05828306511284288,3.0622555626467456,3,HYD200,200,326.0503188622573,437.7886419279535,96.0,8.5,-1000.0417846416026,176.0
Mod-H1-Ideal,AK,HYD200,2040-Hlow,1391.705638588127,4261.758333333333,0.6554936892070399,129.27190802589942,0.09288739259333938,3.0622555626467456,3,HYD200,200,326.0503188622573,437.7886419279535,96.0,8.5,-1000.0417846416026,176.0
Mod-H1-Ideal,AK,HYD200,2045-Hhigh,1391.705638588127,4261.758333333333,0.6554936892070399,93.70340042958661,0.06732989924841282,3.0622555626467456,3,HYD200,200,326.0503188622573,437.7886419279535,96.0,8.5,-1000.0417846416026,176.0
Mod-H1-Ideal,AK,HYD200,2045-Hlow,1391.705638588127,4261.758333333333,0.6554936892070399,141.32922161955628,0.10155108788876757,3.0622555626467456,3,HYD200,200,326.0503188622573,437.7886419279535,96.0,8.5,-1000.0417846416026,176.0
Mod-H1-Ideal,AK,HYD500,2024-Hhigh,1395.0773867800785,4499.6,0.6754624507824103,116.0541409262013,0.0831883177420438,3.2253407894348745,3,HYD500,500,565.6551714701208,0.0,0.0,6,0.0,0.0
Mod-H1-Ideal,AK,HYD500,2024-Hlow,1395.0773867800785,4499.6,0.6754624507824103,198.13585961626862,0.14202499552628972,3.2253407894348745,3,HYD500,500,565.6551714701208,0.0,0.0,6,0.0,0.0
Mod-H1-Ideal,AK,HYD500,2025-Hhigh,1395.0773867800785,4499.6,0.709353125914837,88.5714446427753,0.06348855302371681,3.2253407894348745,3,HYD500,500,565.6551714701208,0.0,0.0,6,0.0,0.0
Mod-H1-Ideal,AK,HYD500,2025-Hlow,1395.0773867800785,4499.6,0.6754702724739496,163.24858758466283,0.11701758564193364,3.2253407894348745,3,HYD500,500,565.6551714701208,0.0,0.0,6,0.0,0.0
Mod-H1-Ideal,AK,HYD500,2030-Hhigh,1395.0773867800785,4499.6,0.6754702724739496,72.09309590058172,0.05167677190078814,3.2253407894348745,3,HYD500,500,565.6551714701208,0.0,0.0,6,0.0,0.0
Mod-H1-Ideal,AK,HYD500,2030-Hlow,1395.0773867800785,4499.6,0.6754702724739496,126.91939530351496,0.09097659850716415,3.2253407894348745,3,HYD500,500,565.6551714701208,0.0,0.0,6,0.0,0.0
Mod-H1-Ideal,AK,HYD500,2035-Hhigh,1395.0773867800785,4499.6,0.6754702724739496,75.02718608790302,0.05377994568535744,3.2253407894348745,3,HYD500,500,565.6551714701208,0.0,0.0,6,0.0,0.0
Mod-H1-Ideal,AK,HYD500,2035-Hlow,1395.0773867800785,4499.6,0.6754702724739496,114.98653019834804,0.0824230478452122,3.2253407894348745,3,HYD500,500,565.6551714701208,0.0,0.0,6,0.0,0.0
Mod-H1-Ideal,AK,HYD500,2040-Hhigh,1395.0773867800785,4499.6,0.6754702724739496,81.51034417307311,0.058427113037222846,3.2253407894348745,3,HYD500,500,565.6551714701208,0.0,0.0,6,0.0,0.0
Mod-H1-Ideal,AK,HYD500,2040-Hlow,1395.0773867800785,4499.6,0.6754702724739496,128.8494210441383,0.09236005275774013,3.2253407894348745,3,HYD500,500,565.6551714701208,0.0,0.0,6,0.0,0.0
Mod-H1-Ideal,AK,HYD500,2045-Hhigh,1395.0773867800785,4499.6,0.6754702724739496,94.36498047535211,0.06764139492874448,3.2253407894348745,3,HYD500,500,565.6551714701208,0.0,0.0,6,0.0,0.0
Mod-H1-Ideal,AK,HYD500,2045-Hlow,1395.0773867800785,4499.6,0.6754702724739496,141.28598105858546,0.10127465501012951,3.2253407894348745,3,HYD500,500,565.6551714701208,0.0,0.0,6,0.0,0.0
Mod-H1-Ideal,AK,HYD1000,2024-Hhigh,1594.2718366654121,5277.732155551999,0.7558860557556144,132.6426314276868,0.08319950737204446,3.3104342899206785,4,HYD1000,1000,867.7591510995517,0.0,0.0,5,0.0,0.0
Mod-H1-Ideal,AK,HYD1000,2024-Hlow,1594.2718366654121,5277.732155551999,0.7558860557556144,213.87362763034423,0.1341512925911578,3.3104342899206785,4,HYD1000,1000,867.7591510995517,0.0,0.0,5,0.0,0.0
Mod-H1-Ideal,AK,HYD1000,2025-Hhigh,1594.2718366654121,5277.732155551999,0.7425867204060043,100.76043281468206,0.06320153846876775,3.3104342899206785,4,HYD1000,1000,867.7591510995517,0.0,0.0,5,0.0,0.0
Mod-H1-Ideal,AK,HYD1000,2025-Hlow,1594.2718366654121,5277.732155551999,0.7308892310724063,175.25336022060515,0.10992689966045317,3.3104342899206785,4,HYD1000,1000,867.7591510995517,0.0,0.0,5,0.0,0.0
Mod-H1-Ideal,AK,HYD1000,2030-Hhigh,1594.2718366654121,5277.732155551999,0.7308892310724063,81.08572337690167,0.0508606634778803,3.3104342899206785,4,HYD1000,1000,867.7591510995517,0.0,0.0,5,0.0,0.0
Mod-H1-Ideal,AK,HYD1000,2030-Hlow,1594.2718366654121,5277.732155551999,0.7308892310724063,136.50051851413653,0.08561935008501548,3.3104342899206785,4,HYD1000,1000,867.7591510995517,0.0,0.0,5,0.0,0.0
Mod-H1-Ideal,AK,HYD1000,2035-Hhigh,1594.2718366654121,5277.732155551999,0.7308892310724063,83.66826689659368,0.05248055254591632,3.3104342899206785,4,HYD1000,1000,867.7591510995517,0.0,0.0,5,0.0,0.0
Mod-H1-Ideal,AK,HYD1000,2035-Hlow,1594.2718366654121,5277.732155551999,0.7308892310724063,123.99644376300552,0.07777622417413907,3.3104342899206785,4,HYD1000,1000,867.7591510995517,0.0,0.0,5,0.0,0.0
Mod-H1-Ideal,AK,HYD1000,2040-Hhigh,1594.2718366654121,5277.732155551999,0.7308892310724063,89.7102415236934,0.056270354565964006,3.3104342899206785,4,HYD1000,1000,867.7591510995517,0.0,0.0,5,0.0,0.0
Mod-H1-Ideal,AK,HYD1000,2040-Hlow,1594.2718366654121,5277.732155551999,0.7308892310724063,137.24141586209015,0.08608407468900979,3.3104342899206785,4,HYD1000,1000,867.7591510995517,0.0,0.0,5,0.0,0.0
Mod-H1-Ideal,AK,HYD1000,2045-Hhigh,1594.2718366654121,5277.732155551999,0.7308892310724063,103.53179394731322,0.06493986255434386,3.3104342899206785,4,HYD1000,1000,867.7591510995517,0.0,0.0,5,0.0,0.0
Mod-H1-Ideal,AK,HYD1000,2045-Hlow,1594.2718366654121,5277.732155551999,0.7308892310724063,150.5827829518788,0.09445238853797894,3.3104342899206785,4,HYD1000,1000,867.7591510995517,0.0,0.0,5,0.0,0.0
Mod-H1-Ideal,AK,HYD200,2024-Hhigh,1533.3306016583285,4738.466666666666,0.6780833589896135,127.05246317126966,0.08286044968636236,3.0903098532970756,4,HYD200,200,324.21114919309895,1081.6685679602508,166.0,8.5,-646.8441378100058,130.0
Mod-H1-Ideal,AK,HYD200,2024-Hlow,1533.3306016583285,4738.466666666666,0.6780833589896135,212.46933786820577,0.13856720634050856,3.0903098532970756,4,HYD200,200,324.21114919309895,1081.6685679602508,166.0,8.5,-646.8441378100058,130.0
Mod-H1-Ideal,AK,HYD200,2025-Hhigh,1533.3306016583285,4738.466666666666,0.6907771372783561,95.77303051042757,0.062460783347601016,3.0903098532970756,4,HYD200,200,324.21114919309895,1081.6685679602508,166.0,8.5,-646.8441378100058,130.0
Mod-H1-Ideal,AK,HYD200,2025-Hlow,1533.3306016583285,4738.466666666666,0.6730252188998577,173.19329240542746,0.11295234844860942,3.0903098532970756,4,HYD200,200,324.21114919309895,1081.6685679602508,166.0,8.5,-646.8441378100058,130.0
Mod-H1-Ideal,AK,HYD200,2030-Hhigh,1533.3306016583285,4738.466666666666,0.6730252188998577,76.869883844828,0.05013262225490813,3.0903098532970756,4,HYD200,200,324.21114919309895,1081.6685679602508,166.0,8.5,-646.8441378100058,130.0
Mod-H1-Ideal,AK,HYD200,2030-Hlow,1533.3306016583285,4738.466666666666,0.6730252188998577,134.28076812705982,0.08757457001238507,3.0903098532970756,4,HYD200,200,324.21114919309895,1081.6685679602508,166.0,8.5,-646.8441378100058,130.0
Mod-H1-Ideal,AK,HYD200,2035-Hhigh,1533.3306016583285,4738.466666666666,0.6730252188998577,80.43033330005267,0.05245465864508646,3.0903098532970756,4,HYD200,200,324.21114919309895,1081.6685679602508,166.0,8.5,-646.8441378100058,130.0
Mod-H1-Ideal,AK,HYD200,2035-Hlow,1533.3306016583285,4738.466666666666,0.6730252188998577,122.24534521845294,0.07972536717537763,3.0903098532970756,4,HYD200,200,324.21114919309895,1081.6685679602508,166.0,8.5,-646.8441378100058,130.0
Mod-H1-Ideal,AK,HYD200,2040-Hhigh,1533.3306016583285,4738.466666666666,0.6730252188998577,86.44601240813687,0.0563779346180424,3.0903098532970756,4,HYD200,200,324.21114919309895,1081.6685679602508,166.0,8.5,-646.8441378100058,130.0
Mod-H1-Ideal,AK,HYD200,2040-Hlow,1533.3306016583285,4738.466666666666,0.6730252188998577,135.36333294948648,0.08828059180654729,3.0903098532970756,4,HYD200,200,324.21114919309895,1081.6685679602508,166.0,8.5,-646.8441378100058,130.0
Mod-H1-Ideal,AK,HYD200,2045-Hhigh,1533.3306016583285,4738.466666666666,0.6730252188998577,99.50614757506631,0.06489542924888368,3.0903098532970756,4,HYD200,200,324.21114919309895,1081.6685679602508,166.0,8.5,-646.8441378100058,130.0
Mod-H1-Ideal,AK,HYD200,2045-Hlow,1533.3306016583285,4738.466666666666,0.6730252188998577,147.7038037753609,0.09632873929185018,3.0903098532970756,4,HYD200,200,324.21114919309895,1081.6685679602508,166.0,8.5,-646.8441378100058,130.0
Mod-H1-Ideal,AK,HYD500,2024-Hhigh,1528.6103447711398,4973.8,0.719955519473778,127.14166043786408,0.08317466964211828,3.2538050112075267,4,HYD500,500,560.516451018305,0.0,0.0,6,0.0,0.0
Mod-H1-Ideal,AK,HYD500,2024-Hlow,1528.6103447711398,4973.8,0.719955519473778,210.42413612079332,0.13765714515840044,3.2538050112075267,4,HYD500,500,560.516451018305,0.0,0.0,6,0.0,0.0
Mod-H1-Ideal,AK,HYD500,2025-Hhigh,1528.6103447711398,4973.8,0.7214483311927868,96.4160869652573,0.0630743389216645,3.2538050112075267,4,HYD500,500,560.516451018305,0.0,0.0,6,0.0,0.0
Mod-H1-Ideal,AK,HYD500,2025-Hlow,1528.6103447711398,4973.8,0.7052347856119808,172.30520591514764,0.1127201621423966,3.2538050112075267,4,HYD500,500,560.516451018305,0.0,0.0,6,0.0,0.0
Mod-H1-Ideal,AK,HYD500,2030-Hhigh,1528.6103447711398,4973.8,0.7052347856119808,77.647868192118,0.05079637754495458,3.2538050112075267,4,HYD500,500,560.516451018305,0.0,0.0,6,0.0,0.0
Mod-H1-Ideal,AK,HYD500,2030-Hlow,1528.6103447711398,4973.8,0.7052347856119808,133.89501385667293,0.08759263884003049,3.2538050112075267,4,HYD500,500,560.516451018305,0.0,0.0,6,0.0,0.0
Mod-H1-Ideal,AK,HYD500,2035-Hhigh,1528.6103447711398,4973.8,0.7052347856119808,80.76724807912008,0.05283704140521983,3.2538050112075267,4,HYD500,500,560.516451018305,0.0,0.0,6,0.0,0.0
Mod-H1-Ideal,AK,HYD500,2035-Hlow,1528.6103447711398,4973.8,0.7052347856119808,121.74767687684128,0.07964598518732979,3.2538050112075267,4,HYD500,500,560.516451018305,0.0,0.0,6,0.0,0.0
Mod-H1-Ideal,AK,HYD500,2040-Hhigh,1528.6103447711398,4973.8,0.7052347856119808,86.87450553210736,0.056832341760132486,3.2538050112075267,4,HYD500,500,560.516451018305,0.0,0.0,6,0.0,0.0
Mod-H1-Ideal,AK,HYD500,2040-Hlow,1528.6103447711398,4973.8,0.7052347856119808,134.98266815927795,0.08830417026877262,3.2538050112075267,4,HYD500,500,560.516451018305,0.0,0.0,6,0.0,0.0
Mod-H1-Ideal,AK,HYD500,2045-Hhigh,1528.6103447711398,4973.8,0.7052347856119808,100.26355123164512,0.06559130753930385,3.2538050112075267,4,HYD500,500,560.516451018305,0.0,0.0,6,0.0,0.0
Mod-H1-Ideal,AK,HYD500,2045-Hlow,1528.6103447711398,4973.8,0.7052347856119808,147.87178712777583,0.09673608950351234,3.2538050112075267,4,HYD500,500,560.516451018305,0.0,0.0,6,0.0,0.0
Mod-H1-Ideal,AK,HYD1000,2024-Hhigh,1734.6270990451815,5750.801622217173,0.7862782085171846,144.54837539967025,0.08333109489597869,3.315295619088782,5,HYD1000,1000,862.5129576488948,0.0,0.0,5,0.0,0.0
Mod-H1-Ideal,AK,HYD1000,2024-Hlow,1734.6270990451815,5750.801622217173,0.7862782085171846,228.34765291792343,0.13164077342249322,3.315295619088782,5,HYD1000,1000,862.5129576488948,0.0,0.0,5,0.0,0.0
Mod-H1-Ideal,AK,HYD1000,2025-Hhigh,1734.6270990451815,5750.801622217173,0.8120030950128925,109.90978057267364,0.06336219504075143,3.315295619088782,5,HYD1000,1000,862.5129576488948,0.0,0.0,5,0.0,0.0
Mod-H1-Ideal,AK,HYD1000,2025-Hlow,1734.6270990451815,5750.801622217173,0.7907663245437782,185.90371785327542,0.10717215126848034,3.315295619088782,5,HYD1000,1000,862.5129576488948,0.0,0.0,5,0.0,0.0
Mod-H1-Ideal,AK,HYD1000,2030-Hhigh,1734.6270990451815,5750.801622217173,0.7907663245437782,88.49854453679558,0.051018772037811036,3.315295619088782,5,HYD1000,1000,862.5129576488948,0.0,0.0,5,0.0,0.0
Mod-H1-Ideal,AK,HYD1000,2030-Hlow,1734.6270990451815,5750.801622217173,0.7907663245437782,145.03797348452005,0.08361334465739387,3.315295619088782,5,HYD1000,1000,862.5129576488948,0.0,0.0,5,0.0,0.0
Mod-H1-Ideal,AK,HYD1000,2035-Hhigh,1734.6270990451815,5750.801622217173,0.7907663245437782,90.53767925029544,0.05219431847924637,3.315295619088782,5,HYD1000,1000,862.5129576488948,0.0,0.0,5,0.0,0.0
Mod-H1-Ideal,AK,HYD1000,2035-Hlow,1734.6270990451815,5750.801622217173,0.7907663245437782,132.55639418913654,0.07641780430047569,3.315295619088782,5,HYD1000,1000,862.5129576488948,0.0,0.0,5,0.0,0.0
Mod-H1-Ideal,AK,HYD1000,2040-Hhigh,1734.6270990451815,5750.801622217173,0.7907663245437782,97.10020115044026,0.05597756497859896,3.315295619088782,5,HYD1000,1000,862.5129576488948,0.0,0.0,5,0.0,0.0
Mod-H1-Ideal,AK,HYD1000,2040-Hlow,1734.6270990451815,5750.801622217173,0.7907663245437782,146.05995825456841,0.08420251149942633,3.315295619088782,5,HYD1000,1000,862.5129576488948,0.0,0.0,5,0.0,0.0
Mod-H1-Ideal,AK,HYD1000,2045-Hhigh,1734.6270990451815,5750.801622217173,0.7907663245437782,111.3640627990892,0.06420057824554286,3.315295619088782,5,HYD1000,1000,862.5129576488948,0.0,0.0,5,0.0,0.0
Mod-H1-Ideal,AK,HYD1000,2045-Hlow,1734.6270990451815,5750.801622217173,0.7907663245437782,159.67143154321104,0.09204942758654096,3.315295619088782,5,HYD1000,1000,862.5129576488948,0.0,0.0,5,0.0,0.0
Mod-H1-Ideal,AK,HYD200,2024-Hhigh,1681.1537787846055,5216.45,0.7857517656466512,139.19560314936354,0.0827976624779652,3.102898774537595,5,HYD200,200,323.0321681106048,1397.7345321755793,220.0,8.5,-1349.6369069159127,278.0
Mod-H1-Ideal,AK,HYD200,2024-Hlow,1681.1537787846055,5216.45,0.7857517656466512,228.04550341909663,0.13564821154193446,3.102898774537595,5,HYD200,200,323.0321681106048,1397.7345321755793,220.0,8.5,-1349.6369069159127,278.0
Mod-H1-Ideal,AK,HYD200,2025-Hhigh,1681.1537787846055,5216.45,0.8050192125258253,104.85537008180349,0.06237107598664112,3.102898774537595,5,HYD200,200,323.0321681106048,1397.7345321755793,220.0,8.5,-1349.6369069159127,278.0
Mod-H1-Ideal,AK,HYD200,2025-Hlow,1681.1537787846055,5216.45,0.7806936255568955,184.3420386372546,0.10965209784111787,3.102898774537595,5,HYD200,200,323.0321681106048,1397.7345321755793,220.0,8.5,-1349.6369069159127,278.0
Mod-H1-Ideal,AK,HYD200,2030-Hhigh,1681.1537787846055,5216.45,0.7806936255568955,84.25934140107064,0.05011994884964429,3.102898774537595,5,HYD200,200,323.0321681106048,1397.7345321755793,220.0,8.5,-1349.6369069159127,278.0
Mod-H1-Ideal,AK,HYD200,2030-Hlow,1681.1537787846055,5216.45,0.7806936255568955,143.22341334222943,0.08519352313253174,3.102898774537595,5,HYD200,200,323.0321681106048,1397.7345321755793,220.0,8.5,-1349.6369069159127,278.0
Mod-H1-Ideal,AK,HYD200,2035-Hhigh,1681.1537787846055,5216.45,0.7806936255568955,87.2069932332452,0.05187329935771356,3.102898774537595,5,HYD200,200,323.0321681106048,1397.7345321755793,220.0,8.5,-1349.6369069159127,278.0
Mod-H1-Ideal,AK,HYD200,2035-Hlow,1681.1537787846055,5216.45,0.7806936255568955,131.16281692799802,0.07801952360528405,3.102898774537595,5,HYD200,200,323.0321681106048,1397.7345321755793,220.0,8.5,-1349.6369069159127,278.0
Mod-H1-Ideal,AK,HYD200,2040-Hhigh,1681.1537787846055,5216.45,0.7806936255568955,93.80427116114166,0.055797555431816415,3.102898774537595,5,HYD200,200,323.0321681106048,1397.7345321755793,220.0,8.5,-1349.6369069159127,278.0
Mod-H1-Ideal,AK,HYD200,2040-Hlow,1681.1537787846055,5216.45,0.7806936255568955,144.47695117152716,0.08593916451591785,3.102898774537595,5,HYD200,200,323.0321681106048,1397.7345321755793,220.0,8.5,-1349.6369069159127,278.0
Mod-H1-Ideal,AK,HYD200,2045-Hhigh,1681.1537787846055,5216.45,0.7806936255568955,107.17613547635833,0.06375153589687767,3.102898774537595,5,HYD200,200,323.0321681106048,1397.7345321755793,220.0,8.5,-1349.6369069159127,278.0
Mod-H1-Ideal,AK,HYD200,2045-Hlow,1681.1537787846055,5216.45,0.7806936255568955,157.00545619700685,0.09339148992694431,3.102898774537595,5,HYD200,200,323.0321681106048,1397.7345321755793,220.0,8.5,-1349.6369069159127,278.0
Mod-H1-Ideal,AK,HYD500,2024-Hhigh,1668.6800604010562,5449.8,0.7735327378121892,138.6946167032532,0.08311636244393,3.2659346326042735,5,HYD500,500,557.8658070968511,0.0,0.0,6,0.0,0.0
Mod-H1-Ideal,AK,HYD500,2024-Hlow,1668.6800604010562,5449.8,0.7735327378121892,225.19561261993417,0.13495433784101782,3.2659346326042735,5,HYD500,500,557.8658070968511,0.0,0.0,6,0.0,0.0
Mod-H1-Ideal,AK,HYD500,2025-Hhigh,1668.6800604010562,5449.8,0.79303846623776,105.13344744264955,0.06300395740174508,3.2659346326042735,5,HYD500,500,557.8658070968511,0.0,0.0,6,0.0,0.0
Mod-H1-Ideal,AK,HYD500,2025-Hlow,1668.6800604010562,5449.8,0.7735412113113568,183.0088804976607,0.10967283953382635,3.2659346326042735,5,HYD500,500,557.8658070968511,0.0,0.0,6,0.0,0.0
Mod-H1-Ideal,AK,HYD500,2030-Hhigh,1668.6800604010562,5449.8,0.7735412113113568,84.72047683178732,0.050770952947939776,3.2659346326042735,5,HYD500,500,557.8658070968511,0.0,0.0,6,0.0,0.0
Mod-H1-Ideal,AK,HYD500,2030-Hlow,1668.6800604010562,5449.8,0.7735412113113568,142.42280945543544,0.08535057908057286,3.2659346326042735,5,HYD500,500,557.8658070968511,0.0,0.0,6,0.0,0.0
Mod-H1-Ideal,AK,HYD500,2035-Hhigh,1668.6800604010562,5449.8,0.7735412113113568,87.31066610195327,0.0523231913497958,3.2659346326042735,5,HYD500,500,557.8658070968511,0.0,0.0,6,0.0,0.0
Mod-H1-Ideal,AK,HYD500,2035-Hlow,1668.6800604010562,5449.8,0.7735412113113568,130.3284444348228,0.07810271574977605,3.2659346326042735,5,HYD500,500,557.8658070968511,0.0,0.0,6,0.0,0.0
Mod-H1-Ideal,AK,HYD500,2040-Hhigh,1668.6800604010562,5449.8,0.7735412113113568,93.95255289336777,0.05630351504936596,3.2659346326042735,5,HYD500,500,557.8658070968511,0.0,0.0,6,0.0,0.0
Mod-H1-Ideal,AK,HYD500,2040-Hlow,1668.6800604010562,5449.8,0.7735412113113568,143.67735158459095,0.0861023961358171,3.2659346326042735,5,HYD500,500,557.8658070968511,0.0,0.0,6,0.0,0.0
Mod-H1-Ideal,AK,HYD500,2045-Hhigh,1668.6800604010562,5449.8,0.7735412113113568,107.67543295567816,0.06452730844629323,3.2659346326042735,5,HYD500,500,557.8658070968511,0.0,0.0,6,0.0,0.0
Mod-H1-Ideal,AK,HYD500,2045-Hlow,1668.6800604010562,5449.8,0.7735412113113568,156.67709553926687,0.09389283138051675,3.2659346326042735,5,HYD500,500,557.8658070968511,0.0,0.0,6,0.0,0.0
Mod-H1-Ideal,CH,HYD1000,2024-Hhigh,4061.001338375248,11121.093899228623,1.7663362915203709,365.73657429107436,0.09006068794781551,2.7385102767974026,3,HYD1000,1000,989.9083118792829,0.0,0.0,8.5,0.0,0.0
Mod-H1-Ideal,CH,HYD1000,2024-Hlow,4061.001338375248,11121.093899228623,1.7663362915203709,603.0127120301273,0.14848867601491228,2.7385102767974026,3,HYD1000,1000,989.9083118792829,0.0,0.0,8.5,0.0,0.0
Mod-H1-Ideal,CH,HYD1000,2025-Hhigh,4061.001338375248,11121.093899228623,1.8134329844582164,280.68316238786906,0.06911673722820456,2.7385102767974026,3,HYD1000,1000,989.9083118792829,0.0,0.0,8.5,0.0,0.0
Mod-H1-Ideal,CH,HYD1000,2025-Hlow,4061.001338375248,11121.093899228623,1.7586475259037946,490.857086453083,0.12087094919536971,2.7385102767974026,3,HYD1000,1000,989.9083118792829,0.0,0.0,8.5,0.0,0.0
Mod-H1-Ideal,CH,HYD1000,2030-Hhigh,4061.001338375248,11121.093899228623,1.7586475259037946,227.56874308361225,0.05603759371688841,2.7385102767974026,3,HYD1000,1000,989.9083118792829,0.0,0.0,8.5,0.0,0.0
Mod-H1-Ideal,CH,HYD1000,2030-Hlow,4061.001338375248,11121.093899228623,1.7586475259037946,380.9504609850716,0.09380702670181457,2.7385102767974026,3,HYD1000,1000,989.9083118792829,0.0,0.0,8.5,0.0,0.0
Mod-H1-Ideal,CH,HYD1000,2035-Hhigh,4061.001338375248,11121.093899228623,1.7586475259037946,235.76659999753724,0.05805627241971417,2.7385102767974026,3,HYD1000,1000,989.9083118792829,0.0,0.0,8.5,0.0,0.0
Mod-H1-Ideal,CH,HYD1000,2035-Hlow,4061.001338375248,11121.093899228623,1.7586475259037946,349.0217856554667,0.08594476006627115,2.7385102767974026,3,HYD1000,1000,989.9083118792829,0.0,0.0,8.5,0.0,0.0
Mod-H1-Ideal,CH,HYD1000,2040-Hhigh,4061.001338375248,11121.093899228623,1.7586475259037946,255.7857092646852,0.06298587169809249,2.7385102767974026,3,HYD1000,1000,989.9083118792829,0.0,0.0,8.5,0.0,0.0
Mod-H1-Ideal,CH,HYD1000,2040-Hlow,4061.001338375248,11121.093899228623,1.7586475259037946,384.39234414354956,0.0946545721399195,2.7385102767974026,3,HYD1000,1000,989.9083118792829,0.0,0.0,8.5,0.0,0.0
Mod-H1-Ideal,CH,HYD1000,2045-Hhigh,4061.001338375248,11121.093899228623,1.7586475259037946,292.12081390686524,0.07193319813672823,2.7385102767974026,3,HYD1000,1000,989.9083118792829,0.0,0.0,8.5,0.0,0.0
Mod-H1-Ideal,CH,HYD1000,2045-Hlow,4061.001338375248,11121.093899228623,1.7586475259037946,418.8506756404453,0.10313975316443057,2.7385102767974026,3,HYD1000,1000,989.9083118792829,0.0,0.0,8.5,0.0,0.0
Mod-H1-Ideal,CH,HYD200,2024-Hhigh,3652.650684572037,10507.7824,1.5849783190680866,336.53000811761996,0.09213309379378815,2.8767553504041534,3,HYD200,200,370.4514428838455,204.91842418743096,50.0,11.2,-1325.4079978301681,209.0
Mod-H1-Ideal,CH,HYD200,2024-Hlow,3652.650684572037,10507.7824,1.5849783190680866,565.465139720131,0.15480953109163345,2.8767553504041534,3,HYD200,200,370.4514428838455,204.91842418743096,50.0,11.2,-1325.4079978301681,209.0
Mod-H1-Ideal,CH,HYD200,2025-Hhigh,3652.650684572037,10507.7824,1.6380433187450365,257.5835273625353,0.07051961701416161,2.8767553504041534,3,HYD200,200,370.4514428838455,204.91842418743096,50.0,11.2,-1325.4079978301681,209.0
Mod-H1-Ideal,CH,HYD200,2025-Hlow,3652.650684572037,10507.7824,1.5812431793586408,460.7334472970553,0.12613673933921146,2.8767553504041534,3,HYD200,200,370.4514428838455,204.91842418743096,50.0,11.2,-1325.4079978301681,209.0
Mod-H1-Ideal,CH,HYD200,2030-Hhigh,3652.650684572037,10507.7824,1.5812431793586408,208.9086239218892,0.05719370450732438,2.8767553504041534,3,HYD200,200,370.4514428838455,204.91842418743096,50.0,11.2,-1325.4079978301681,209.0
Mod-H1-Ideal,CH,HYD200,2030-Hlow,3652.650684572037,10507.7824,1.5812431793586408,357.1125262672543,0.09776804767442343,2.8767553504041534,3,HYD200,200,370.4514428838455,204.91842418743096,50.0,11.2,-1325.4079978301681,209.0
Mod-H1-Ideal,CH,HYD200,2035-Hhigh,3652.650684572037,10507.7824,1.5812431793586408,217.60687672283896,0.05957505809191138,2.8767553504041534,3,HYD200,200,370.4514428838455,204.91842418743096,50.0,11.2,-1325.4079978301681,209.0
Mod-H1-Ideal,CH,HYD200,2035-Hlow,3652.650684572037,10507.7824,1.5812431793586408,324.2389742699871,0.08876813094652017,2.8767553504041534,3,HYD200,200,370.4514428838455,204.91842418743096,50.0,11.2,-1325.4079978301681,209.0
Mod-H1-Ideal,CH,HYD200,2040-Hhigh,3652.650684572037,10507.7824,1.5812431793586408,236.2528930827093,0.06467984854959924,2.8767553504041534,3,HYD200,200,370.4514428838455,204.91842418743096,50.0,11.2,-1325.4079978301681,209.0
Mod-H1-Ideal,CH,HYD200,2040-Hlow,3652.650684572037,10507.7824,1.5812431793586408,359.5500059970034,0.09843536572376345,2.8767553504041534,3,HYD200,200,370.4514428838455,204.91842418743096,50.0,11.2,-1325.4079978301681,209.0
Mod-H1-Ideal,CH,HYD200,2045-Hhigh,3652.650684572037,10507.7824,1.5812431793586408,269.5696957170387,0.07380111568172659,2.8767553504041534,3,HYD200,200,370.4514428838455,204.91842418743096,50.0,11.2,-1325.4079978301681,209.0
Mod-H1-Ideal,CH,HYD200,2045-Hlow,3652.650684572037,10507.7824,1.5812431793586408,389.93341413693895,0.10675354634483082,2.8767553504041534,3,HYD200,200,370.4514428838455,204.91842418743096,50.0,11.2,-1325.4079978301681,209.0
Mod-H1-Ideal,CH,HYD500,2024-Hhigh,3937.640371867837,10775.987061080468,1.6785882005524657,354.5039508019474,0.09002953985708625,2.736661056725409,3,HYD500,500,641.1009503885581,0.0,0.0,8.5,0.0,0.0
Mod-H1-Ideal,CH,HYD500,2024-Hlow,3937.640371867837,10775.987061080468,1.6785882005524657,588.5162563641514,0.14945911784345764,2.736661056725409,3,HYD500,500,641.1009503885581,0.0,0.0,8.5,0.0,0.0
Mod-H1-Ideal,CH,HYD500,2025-Hhigh,3937.640371867837,10775.987061080468,1.7293523540543236,271.5642130440973,0.06896623038108471,2.736661056725409,3,HYD500,500,641.1009503885581,0.0,0.0,8.5,0.0,0.0
Mod-H1-Ideal,CH,HYD500,2025-Hlow,3937.640371867837,10775.987061080468,1.668880718929701,478.5706164960832,0.1215374110635378,2.736661056725409,3,HYD500,500,641.1009503885581,0.0,0.0,8.5,0.0,0.0
Mod-H1-Ideal,CH,HYD500,2030-Hhigh,3937.640371867837,10775.987061080468,1.668880718929701,220.21858098411403,0.055926534723040836,2.736661056725409,3,HYD500,500,641.1009503885581,0.0,0.0,8.5,0.0,0.0
Mod-H1-Ideal,CH,HYD500,2030-Hlow,3937.640371867837,10775.987061080468,1.668880718929701,371.2073426172255,0.09427151988517977,2.736661056725409,3,HYD500,500,641.1009503885581,0.0,0.0,8.5,0.0,0.0
Mod-H1-Ideal,CH,HYD500,2035-Hhigh,3937.640371867837,10775.987061080468,1.668880718929701,228.76730122113406,0.05809756087822141,2.736661056725409,3,HYD500,500,641.1009503885581,0.0,0.0,8.5,0.0,0.0
Mod-H1-Ideal,CH,HYD500,2035-Hlow,3937.640371867837,10775.987061080468,1.668880718929701,340.15808816193,0.08638627605308062,2.736661056725409,3,HYD500,500,641.1009503885581,0.0,0.0,8.5,0.0,0.0
Mod-H1-Ideal,CH,HYD500,2040-Hhigh,3937.640371867837,10775.987061080468,1.668880718929701,248.25596593344292,0.0630468865839268,2.736661056725409,3,HYD500,500,641.1009503885581,0.0,0.0,8.5,0.0,0.0
Mod-H1-Ideal,CH,HYD500,2040-Hlow,3937.640371867837,10775.987061080468,1.668880718929701,374.85888666952377,0.09519886309264647,2.736661056725409,3,HYD500,500,641.1009503885581,0.0,0.0,8.5,0.0,0.0
Mod-H1-Ideal,CH,HYD500,2045-Hhigh,3937.640371867837,10775.987061080468,1.668880718929701,283.3882224128352,0.0719690463449837,2.736661056725409,3,HYD500,500,641.1009503885581,0.0,0.0,8.5,0.0,0.0
Mod-H1-Ideal,CH,HYD500,2045-Hlow,3937.640371867837,10775.987061080468,1.668880718929701,407.8789112055858,0.10358460211847803,2.736661056725409,3,HYD500,500,641.1009503885581,0.0,0.0,8.5,0.0,0.0
Mod-H1-Ideal,CH,HYD1000,2024-Hhigh,4217.796239209456,11595.676942839767,1.8074394119259287,379.16821822897623,0.0898972346516303,2.749226440823313,4,HYD1000,1000,985.0078228894689,0.0,0.0,8.5,0.0,0.0
Mod-H1-Ideal,CH,HYD1000,2024-Hlow,4217.796239209456,11595.676942839767,1.8074394119259287,617.765181473927,0.14646634081823617,2.749226440823313,4,HYD1000,1000,985.0078228894689,0.0,0.0,8.5,0.0,0.0
Mod-H1-Ideal,CH,HYD1000,2025-Hhigh,4217.796239209456,11595.676942839767,1.8257568189372504,290.5600602848295,0.06888906998013003,2.749226440823313,4,HYD1000,1000,985.0078228894689,0.0,0.0,8.5,0.0,0.0
Mod-H1-Ideal,CH,HYD1000,2025-Hlow,4217.796239209456,11595.676942839767,1.7923540632732673,502.04953311275216,0.11903124395759138,2.749226440823313,4,HYD1000,1000,985.0078228894689,0.0,0.0,8.5,0.0,0.0
Mod-H1-Ideal,CH,HYD1000,2030-Hhigh,4217.796239209456,11595.676942839767,1.7923540632732673,234.76014110329197,0.05565943155833749,2.749226440823313,4,HYD1000,1000,985.0078228894689,0.0,0.0,8.5,0.0,0.0
Mod-H1-Ideal,CH,HYD1000,2030-Hlow,4217.796239209456,11595.676942839767,1.7923540632732673,389.6198193002586,0.0923752114145005,2.749226440823313,4,HYD1000,1000,985.0078228894689,0.0,0.0,8.5,0.0,0.0
Mod-H1-Ideal,CH,HYD1000,2035-Hhigh,4217.796239209456,11595.676942839767,1.7923540632732673,243.07040382491041,0.05762971704637615,2.749226440823313,4,HYD1000,1000,985.0078228894689,0.0,0.0,8.5,0.0,0.0
Mod-H1-Ideal,CH,HYD1000,2035-Hlow,4217.796239209456,11595.676942839767,1.7923540632732673,357.5753609339737,0.08477777034601232,2.749226440823313,4,HYD1000,1000,985.0078228894689,0.0,0.0,8.5,0.0,0.0
Mod-H1-Ideal,CH,HYD1000,2040-Hhigh,4217.796239209456,11595.676942839767,1.7923540632732673,262.5209417541329,0.062241257487426024,2.749226440823313,4,HYD1000,1000,985.0078228894689,0.0,0.0,8.5,0.0,0.0
Mod-H1-Ideal,CH,HYD1000,2040-Hlow,4217.796239209456,11595.676942839767,1.7923540632732673,392.1981532869545,0.09298651026358362,2.749226440823313,4,HYD1000,1000,985.0078228894689,0.0,0.0,8.5,0.0,0.0
Mod-H1-Ideal,CH,HYD1000,2045-Hhigh,4217.796239209456,11595.676942839767,1.7923540632732673,299.72548352017225,0.07106210601969477,2.749226440823313,4,HYD1000,1000,985.0078228894689,0.0,0.0,8.5,0.0,0.0
Mod-H1-Ideal,CH,HYD1000,2045-Hlow,4217.796239209456,11595.676942839767,1.7923540632732673,427.14460620810485,0.10127198707165731,2.749226440823313,4,HYD1000,1000,985.0078228894689,0.0,0.0,8.5,0.0,0.0
Mod-H1-Ideal,CH,HYD200,2024-Hhigh,3787.2077007201033,10985.8006,1.6178849705453333,348.084136274746,0.09191049548419564,2.900765278310759,4,HYD200,200,369.4872277381491,608.267438901266,105.0,11.2,-1340.8687389930565,236.0
Mod-H1-Ideal,CH,HYD200,2024-Hlow,3787.2077007201033,10985.8006,1.6178849705453333,578.3726329841379,0.15271743159852721,2.900765278310759,4,HYD200,200,369.4872277381491,608.267438901266,105.0,11.2,-1340.8687389930565,236.0
Mod-H1-Ideal,CH,HYD200,2025-Hhigh,3787.2077007201033,10985.8006,1.6377860090399208,265.6827433885817,0.07015267299389588,2.900765278310759,4,HYD200,200,369.4872277381491,608.267438901266,105.0,11.2,-1340.8687389930565,236.0
Mod-H1-Ideal,CH,HYD200,2025-Hlow,3787.2077007201033,10985.8006,1.6034475469685106,470.30471286567087,0.12418244522903951,2.900765278310759,4,HYD200,200,369.4872277381491,608.267438901266,105.0,11.2,-1340.8687389930565,236.0
Mod-H1-Ideal,CH,HYD200,2030-Hhigh,3787.2077007201033,10985.8006,1.6034475469685106,214.6098937678698,0.05666705148678898,2.900765278310759,4,HYD200,200,369.4872277381491,608.267438901266,105.0,11.2,-1340.8687389930565,236.0
Mod-H1-Ideal,CH,HYD200,2030-Hlow,3787.2077007201033,10985.8006,1.6034475469685106,364.59472607149786,0.09627006356217893,2.900765278310759,4,HYD200,200,369.4872277381491,608.267438901266,105.0,11.2,-1340.8687389930565,236.0
Mod-H1-Ideal,CH,HYD200,2035-Hhigh,3787.2077007201033,10985.8006,1.6034475469685106,223.5870009994041,0.059037427748388625,2.900765278310759,4,HYD200,200,369.4872277381491,608.267438901266,105.0,11.2,-1340.8687389930565,236.0
Mod-H1-Ideal,CH,HYD200,2035-Hlow,3787.2077007201033,10985.8006,1.6034475469685106,331.4198899207632,0.08751035488699146,2.900765278310759,4,HYD200,200,369.4872277381491,608.267438901266,105.0,11.2,-1340.8687389930565,236.0
Mod-H1-Ideal,CH,HYD200,2040-Hhigh,3787.2077007201033,10985.8006,1.6034475469685106,241.68881797557782,0.0638171542399491,2.900765278310759,4,HYD200,200,369.4872277381491,608.267438901266,105.0,11.2,-1340.8687389930565,236.0
Mod-H1-Ideal,CH,HYD200,2040-Hlow,3787.2077007201033,10985.8006,1.6034475469685106,366.0380603726149,0.09665117133739881,2.900765278310759,4,HYD200,200,369.4872277381491,608.267438901266,105.0,11.2,-1340.8687389930565,236.0
Mod-H1-Ideal,CH,HYD200,2045-Hhigh,3787.2077007201033,10985.8006,1.6034475469685106,275.6305037784573,0.07277934709681981,2.900765278310759,4,HYD200,200,369.4872277381491,608.267438901266,105.0,11.2,-1340.8687389930565,236.0
Mod-H1-Ideal,CH,HYD200,2045-Hlow,3787.2077007201033,10985.8006,1.6034475469685106,396.7673461930229,0.10476514032160981,2.900765278310759,4,HYD200,200,369.4872277381491,608.267438901266,105.0,11.2,-1340.8687389930565,236.0
Mod-H1-Ideal,CH,HYD500,2024-Hhigh,4094.096434484272,11252.83441571013,1.7242817117967295,367.8026642944061,0.08983732312615586,2.748551382651453,4,HYD500,500,638.5486694469961,0.0,0.0,8.5,0.0,0.0
Mod-H1-Ideal,CH,HYD500,2024-Hlow,4094.096434484272,11252.83441571013,1.7242817117967295,603.0016092807656,0.14728563895118044,2.748551382651453,4,HYD500,500,638.5486694469961,0.0,0.0,8.5,0.0,0.0
Mod-H1-Ideal,CH,HYD500,2025-Hhigh,4094.096434484272,11252.83441571013,1.7444328490900576,280.9842498916243,0.06863156605812083,2.748551382651453,4,HYD500,500,638.5486694469961,0.0,0.0,8.5,0.0,0.0
Mod-H1-Ideal,CH,HYD500,2025-Hlow,4094.096434484272,11252.83441571013,1.7072393090459406,489.3456151553644,0.11952469195245193,2.748551382651453,4,HYD500,500,638.5486694469961,0.0,0.0,8.5,0.0,0.0
Mod-H1-Ideal,CH,HYD500,2030-Hhigh,4094.096434484272,11252.83441571013,1.7072393090459406,226.87317577378872,0.0554147122336574,2.748551382651453,4,HYD500,500,638.5486694469961,0.0,0.0,8.5,0.0,0.0
Mod-H1-Ideal,CH,HYD500,2030-Hlow,4094.096434484272,11252.83441571013,1.7072393090459406,379.5619261099904,0.09270957149738056,2.748551382651453,4,HYD500,500,638.5486694469961,0.0,0.0,8.5,0.0,0.0
Mod-H1-Ideal,CH,HYD500,2035-Hhigh,4094.096434484272,11252.83441571013,1.7072393090459406,235.66304906609128,0.05756167516747256,2.748551382651453,4,HYD500,500,638.5486694469961,0.0,0.0,8.5,0.0,0.0
Mod-H1-Ideal,CH,HYD500,2035-Hlow,4094.096434484272,11252.83441571013,1.7072393090459406,348.3096920360888,0.0850760839686877,2.748551382651453,4,HYD500,500,638.5486694469961,0.0,0.0,8.5,0.0,0.0
Mod-H1-Ideal,CH,HYD500,2040-Hhigh,4094.096434484272,11252.83441571013,1.7072393090459406,254.57158457876685,0.06218016323077522,2.748551382651453,4,HYD500,500,638.5486694469961,0.0,0.0,8.5,0.0,0.0
Mod-H1-Ideal,CH,HYD500,2040-Hlow,4094.096434484272,11252.83441571013,1.7072393090459406,382.16012531450644,0.09334419240729161,2.748551382651453,4,HYD500,500,638.5486694469961,0.0,0.0,8.5,0.0,0.0
Mod-H1-Ideal,CH,HYD500,2045-Hhigh,4094.096434484272,11252.83441571013,1.7072393090459406,290.4198610135748,0.07093625312960139,2.748551382651453,4,HYD500,500,638.5486694469961,0.0,0.0,8.5,0.0,0.0
Mod-H1-Ideal,CH,HYD500,2045-Hlow,4094.096434484272,11252.83441571013,1.7072393090459406,415.5829857512002,0.10150786440953746,2.748551382651453,4,HYD500,500,638.5486694469961,0.0,0.0,8.5,0.0,0.0
Mod-H1-Ideal,CH,HYD1000,2024-Hhigh,4379.2678423776815,12070.98012854964,1.87030314211266,393.22773882504646,0.08979303230093075,2.756392292734444,5,HYD1000,1000,981.8424491188609,0.0,0.0,8.5,0.0,0.0
Mod-H1-Ideal,CH,HYD1000,2024-Hlow,4379.2678423776815,12070.98012854964,1.87030314211266,634.7060902482607,0.14493429337805772,2.756392292734444,5,HYD1000,1000,981.8424491188609,0.0,0.0,8.5,0.0,0.0
Mod-H1-Ideal,CH,HYD1000,2025-Hhigh,4379.2678423776815,12070.98012854964,1.9012842307640017,301.3693815589786,0.06881729832614052,2.756392292734444,5,HYD1000,1000,981.8424491188609,0.0,0.0,8.5,0.0,0.0
Mod-H1-Ideal,CH,HYD1000,2025-Hlow,4379.2678423776815,12070.98012854964,1.86450976868615,514.6110185714508,0.11751074314103786,2.756392292734444,5,HYD1000,1000,981.8424491188609,0.0,0.0,8.5,0.0,0.0
Mod-H1-Ideal,CH,HYD1000,2030-Hhigh,4379.2678423776815,12070.98012854964,1.86450976868615,243.6551598662992,0.05563833239622287,2.756392292734444,5,HYD1000,1000,981.8424491188609,0.0,0.0,8.5,0.0,0.0
Mod-H1-Ideal,CH,HYD1000,2030-Hlow,4379.2678423776815,12070.98012854964,1.86450976868615,399.69761544136884,0.09127042003997564,2.756392292734444,5,HYD1000,1000,981.8424491188609,0.0,0.0,8.5,0.0,0.0
Mod-H1-Ideal,CH,HYD1000,2035-Hhigh,4379.2678423776815,12070.98012854964,1.86450976868615,251.13927235213038,0.05734731955005901,2.756392292734444,5,HYD1000,1000,981.8424491188609,0.0,0.0,8.5,0.0,0.0
Mod-H1-Ideal,CH,HYD1000,2035-Hlow,4379.2678423776815,12070.98012854964,1.86450976868615,367.41797766423446,0.08389940759246833,2.756392292734444,5,HYD1000,1000,981.8424491188609,0.0,0.0,8.5,0.0,0.0
Mod-H1-Ideal,CH,HYD1000,2040-Hhigh,4379.2678423776815,12070.98012854964,1.86450976868615,271.33799839572174,0.06195967183601206,2.756392292734444,5,HYD1000,1000,981.8424491188609,0.0,0.0,8.5,0.0,0.0
Mod-H1-Ideal,CH,HYD1000,2040-Hlow,4379.2678423776815,12070.98012854964,1.86450976868615,402.48169646261306,0.0919061612463716,2.756392292734444,5,HYD1000,1000,981.8424491188609,0.0,0.0,8.5,0.0,0.0
Mod-H1-Ideal,CH,HYD1000,2045-Hhigh,4379.2678423776815,12070.98012854964,1.86450976868615,308.9898077006396,0.07055741252238103,2.756392292734444,5,HYD1000,1000,981.8424491188609,0.0,0.0,8.5,0.0,0.0
Mod-H1-Ideal,CH,HYD1000,2045-Hlow,4379.2678423776815,12070.98012854964,1.86450976868615,437.9312201650608,0.10000101293811027,2.756392292734444,5,HYD1000,1000,981.8424491188609,0.0,0.0,8.5,0.0,0.0
Mod-H1-Ideal,CH,HYD200,2024-Hhigh,3927.594697320117,11464.465666666667,1.7002226222445729,360.0308559819264,0.09166700836712689,2.918953341720601,5,HYD200,200,368.62985613881006,535.7301260037076,100.0,11.2,-1791.957390611499,328.0
Mod-H1-Ideal,CH,HYD200,2024-Hlow,3927.594697320117,11464.465666666667,1.7002226222445729,593.5546692710991,0.1511242159676237,2.918953341720601,5,HYD200,200,368.62985613881006,535.7301260037076,100.0,11.2,-1791.957390611499,328.0
Mod-H1-Ideal,CH,HYD200,2025-Hhigh,3927.594697320117,11464.465666666667,1.7263480588426332,274.6262690777359,0.06992225273781924,2.918953341720601,5,HYD200,200,368.62985613881006,535.7301260037076,100.0,11.2,-1791.957390611499,328.0
Mod-H1-Ideal,CH,HYD200,2025-Hlow,3927.594697320117,11464.465666666667,1.6879256554412254,481.14997365532906,0.12250499624709955,2.918953341720601,5,HYD200,200,368.62985613881006,535.7301260037076,100.0,11.2,-1791.957390611499,328.0
Mod-H1-Ideal,CH,HYD200,2030-Hhigh,3927.594697320117,11464.465666666667,1.6879256554412254,221.85295855891025,0.05648570579603983,2.918953341720601,5,HYD200,200,368.62985613881006,535.7301260037076,100.0,11.2,-1791.957390611499,328.0
Mod-H1-Ideal,CH,HYD200,2030-Hlow,3927.594697320117,11464.465666666667,1.6879256554412254,373.20680934252687,0.09502172146152808,2.918953341720601,5,HYD200,200,368.62985613881006,535.7301260037076,100.0,11.2,-1791.957390611499,328.0
Mod-H1-Ideal,CH,HYD200,2035-Hhigh,3927.594697320117,11464.465666666667,1.6879256554412254,230.1947321623888,0.05860959439614674,2.918953341720601,5,HYD200,200,368.62985613881006,535.7301260037076,100.0,11.2,-1791.957390611499,328.0
Mod-H1-Ideal,CH,HYD200,2035-Hlow,3927.594697320117,11464.465666666667,1.6879256554412254,339.8158573886492,0.08652009272252886,2.918953341720601,5,HYD200,200,368.62985613881006,535.7301260037076,100.0,11.2,-1791.957390611499,328.0
Mod-H1-Ideal,CH,HYD200,2040-Hhigh,3927.594697320117,11464.465666666667,1.6879256554412254,248.89774291180447,0.06337154469671546,2.918953341720601,5,HYD200,200,368.62985613881006,535.7301260037076,100.0,11.2,-1791.957390611499,328.0
Mod-H1-Ideal,CH,HYD200,2040-Hlow,3927.594697320117,11464.465666666667,1.6879256554412254,374.67641050705186,0.09539589478586008,2.918953341720601,5,HYD200,200,368.62985613881006,535.7301260037076,100.0,11.2,-1791.957390611499,328.0
Mod-H1-Ideal,CH,HYD200,2045-Hhigh,3927.594697320117,11464.465666666667,1.6879256554412254,283.0062989962844,0.07205588173071567,2.918953341720601,5,HYD200,200,368.62985613881006,535.7301260037076,100.0,11.2,-1791.957390611499,328.0
Mod-H1-Ideal,CH,HYD200,2045-Hlow,3927.594697320117,11464.465666666667,1.6879256554412254,405.62887300039023,0.1032766627567655,2.918953341720601,5,HYD200,200,368.62985613881006,535.7301260037076,100.0,11.2,-1791.957390611499,328.0
Mod-H1-Ideal,CH,HYD500,2024-Hhigh,4255.337401849149,11729.827965370625,1.792281676479565,381.2739106773458,0.08959898468019574,2.75649774804542,5,HYD500,500,636.7432464080225,0.0,0.0,8.5,0.0,0.0
Mod-H1-Ideal,CH,HYD500,2024-Hlow,4255.337401849149,11729.827965370625,1.792281676479565,619.77336526793,0.1456461160984811,2.75649774804542,5,HYD500,500,636.7432464080225,0.0,0.0,8.5,0.0,0.0
Mod-H1-Ideal,CH,HYD500,2025-Hhigh,4255.337401849149,11729.827965370625,1.823262765130907,291.1306255960015,0.06841540355166462,2.75649774804542,5,HYD500,500,636.7432464080225,0.0,0.0,8.5,0.0,0.0
Mod-H1-Ideal,CH,HYD500,2025-Hlow,4255.337401849149,11729.827965370625,1.7808021264828549,501.4086070798824,0.1178305172374807,2.75649774804542,5,HYD500,500,636.7432464080225,0.0,0.0,8.5,0.0,0.0
Mod-H1-Ideal,CH,HYD500,2030-Hhigh,4255.337401849149,11729.827965370625,1.7808021264828549,235.12051228858417,0.05525308338333242,2.75649774804542,5,HYD500,500,636.7432464080225,0.0,0.0,8.5,0.0,0.0
Mod-H1-Ideal,CH,HYD500,2030-Hlow,4255.337401849149,11729.827965370625,1.7808021264828549,389.18036161848715,0.09145699268156024,2.75649774804542,5,HYD500,500,636.7432464080225,0.0,0.0,8.5,0.0,0.0
Mod-H1-Ideal,CH,HYD500,2035-Hhigh,4255.337401849149,11729.827965370625,1.7808021264828549,243.2573731904866,0.05716523749321959,2.75649774804542,5,HYD500,500,636.7432464080225,0.0,0.0,8.5,0.0,0.0
Mod-H1-Ideal,CH,HYD500,2035-Hlow,4255.337401849149,11729.827965370625,1.7808021264828549,357.83304331090517,0.08409040447777644,2.75649774804542,5,HYD500,500,636.7432464080225,0.0,0.0,8.5,0.0,0.0
Mod-H1-Ideal,CH,HYD500,2040-Hhigh,4255.337401849149,11729.827965370625,1.7808021264828549,262.8432470598811,0.06176789810971583,2.75649774804542,5,HYD500,500,636.7432464080225,0.0,0.0,8.5,0.0,0.0
Mod-H1-Ideal,CH,HYD500,2040-Hlow,4255.337401849149,11729.827965370625,1.7808021264828549,391.9029430861044,0.09209679658205334,2.75649774804542,5,HYD500,500,636.7432464080225,0.0,0.0,8.5,0.0,0.0
Mod-H1-Ideal,CH,HYD500,2045-Hhigh,4255.337401849149,11729.827965370625,1.7808021264828549,299.01066997795914,0.07026720603823909,2.75649774804542,5,HYD500,500,636.7432464080225,0.0,0.0,8.5,0.0,0.0
Mod-H1-Ideal,CH,HYD500,2045-Hlow,4255.337401849149,11729.827965370625,1.7808021264828549,425.64587593835563,0.1000263517890243,2.75649774804542,5,HYD500,500,636.7432464080225,0.0,0.0,8.5,0.0,0.0
Mod-H1-Real,AK,HYD1000,2024-Hhigh,1430.150195507733,4729.227522218799,0.7410160520693648,119.63223025418577,0.08365011635139052,3.3068047937019824,3,HYD1000,1000,875.4210304050822,0.0,0.0,5,0.0,0.0
Mod-H1-Real,AK,HYD1000,2024-Hlow,1430.150195507733,4729.227522218799,0.7410160520693648,195.85194932212735,0.13694502153502544,3.3068047937019824,3,HYD1000,1000,875.4210304050822,0.0,0.0,5,0.0,0.0
Mod-H1-Real,AK,HYD1000,2025-Hhigh,1430.150195507733,4729.227522218799,0.7654879348068526,91.34214446659372,0.0638689172322669,3.3068047937019824,3,HYD1000,1000,875.4210304050822,0.0,0.0,5,0.0,0.0
Mod-H1-Real,AK,HYD1000,2025-Hlow,1430.150195507733,4729.227522218799,0.7303144505475476,161.83355040231075,0.11315842973042176,3.3068047937019824,3,HYD1000,1000,875.4210304050822,0.0,0.0,5,0.0,0.0
Mod-H1-Real,AK,HYD1000,2030-Hhigh,1430.150195507733,4729.227522218799,0.7303144505475476,74.20940664769073,0.05188923994192431,3.3068047937019824,3,HYD1000,1000,875.4210304050822,0.0,0.0,5,0.0,0.0
Mod-H1-Real,AK,HYD1000,2030-Hlow,1430.150195507733,4729.227522218799,0.7303144505475476,126.253937972574,0.08828019488383261,3.3068047937019824,3,HYD1000,1000,875.4210304050822,0.0,0.0,5,0.0,0.0
Mod-H1-Real,AK,HYD1000,2035-Hhigh,1430.150195507733,4729.227522218799,0.7303144505475476,76.37449166167214,0.05340312639999158,3.3068047937019824,3,HYD1000,1000,875.4210304050822,0.0,0.0,5,0.0,0.0
Mod-H1-Real,AK,HYD1000,2035-Hlow,1430.150195507733,4729.227522218799,0.7303144505475476,113.60378791322961,0.07943486514218732,3.3068047937019824,3,HYD1000,1000,875.4210304050822,0.0,0.0,5,0.0,0.0
Mod-H1-Real,AK,HYD1000,2040-Hhigh,1430.150195507733,4729.227522218799,0.7303144505475476,82.46784395408545,0.05766376441658119,3.3068047937019824,3,HYD1000,1000,875.4210304050822,0.0,0.0,5,0.0,0.0
Mod-H1-Real,AK,HYD1000,2040-Hlow,1430.150195507733,4729.227522218799,0.7303144505475476,127.59753481040809,0.08921967441685963,3.3068047937019824,3,HYD1000,1000,875.4210304050822,0.0,0.0,5,0.0,0.0
Mod-H1-Real,AK,HYD1000,2045-Hhigh,1430.150195507733,4729.227522218799,0.7303144505475476,95.52191964477002,0.0667915299699398,3.3068047937019824,3,HYD1000,1000,875.4210304050822,0.0,0.0,5,0.0,0.0
Mod-H1-Real,AK,HYD1000,2045-Hlow,1430.150195507733,4729.227522218799,0.7303144505475476,140.53112987671116,0.09826319663356735,3.3068047937019824,3,HYD1000,1000,875.4210304050822,0.0,0.0,5,0.0,0.0
Mod-H1-Real,AK,HYD200,2024-Hhigh,1363.9730043665668,4184.266666666666,0.6817415167189003,113.76852367968927,0.08340965936677296,3.0677048983164097,3,HYD200,200,325.4811097979043,439.62594022261715,96.0,8.5,-945.2269675704079,165.0
Mod-H1-Real,AK,HYD200,2024-Hlow,1363.9730043665668,4184.266666666666,0.6817415167189003,193.82759190692911,0.14210515258470474,3.0677048983164097,3,HYD200,200,325.4811097979043,439.62594022261715,96.0,8.5,-945.2269675704079,165.0
Mod-H1-Real,AK,HYD200,2025-Hhigh,1363.9730043665668,4184.266666666666,0.7208660370370049,86.44990155557407,0.06338094762786135,3.0677048983164097,3,HYD200,200,325.4811097979043,439.62594022261715,96.0,8.5,-945.2269675704079,165.0
Mod-H1-Real,AK,HYD200,2025-Hlow,1363.9730043665668,4184.266666666666,0.6817496957396043,159.6334277069498,0.11703562108333958,3.0677048983164097,3,HYD200,200,325.4811097979043,439.62594022261715,96.0,8.5,-945.2269675704079,165.0
Mod-H1-Real,AK,HYD200,2030-Hhigh,1363.9730043665668,4184.266666666666,0.6817496957396043,70.31458916633335,0.05155130559126253,3.0677048983164097,3,HYD200,200,325.4811097979043,439.62594022261715,96.0,8.5,-945.2269675704079,165.0
Mod-H1-Real,AK,HYD200,2030-Hlow,1363.9730043665668,4184.266666666666,0.6817496957396043,123.96741194441042,0.09088699816458704,3.0677048983164097,3,HYD200,200,325.4811097979043,439.62594022261715,96.0,8.5,-945.2269675704079,165.0
Mod-H1-Real,AK,HYD200,2035-Hhigh,1363.9730043665668,4184.266666666666,0.6817496957396043,73.2610546024422,0.05371151362080282,3.0677048983164097,3,HYD200,200,325.4811097979043,439.62594022261715,96.0,8.5,-945.2269675704079,165.0
Mod-H1-Real,AK,HYD200,2035-Hlow,1363.9730043665668,4184.266666666666,0.6817496957396043,111.74507435221071,0.08192616275723541,3.0677048983164097,3,HYD200,200,325.4811097979043,439.62594022261715,96.0,8.5,-945.2269675704079,165.0
Mod-H1-Real,AK,HYD200,2040-Hhigh,1363.9730043665668,4184.266666666666,0.6817496957396043,79.52154145205415,0.058301404204831896,3.0677048983164097,3,HYD200,200,325.4811097979043,439.62594022261715,96.0,8.5,-945.2269675704079,165.0
Mod-H1-Real,AK,HYD200,2040-Hlow,1363.9730043665668,4184.266666666666,0.6817496957396043,125.92256107521992,0.09232042032510661,3.0677048983164097,3,HYD200,200,325.4811097979043,439.62594022261715,96.0,8.5,-945.2269675704079,165.0
Mod-H1-Real,AK,HYD200,2045-Hhigh,1363.9730043665668,4184.266666666666,0.6817496957396043,92.03187051316081,0.06747338123154475,3.0677048983164097,3,HYD200,200,325.4811097979043,439.62594022261715,96.0,8.5,-945.2269675704079,165.0
Mod-H1-Real,AK,HYD200,2045-Hlow,1363.9730043665668,4184.266666666666,0.6817496957396043,138.14051873078492,0.10127804457166496,3.0677048983164097,3,HYD200,200,325.4811097979043,439.62594022261715,96.0,8.5,-945.2269675704079,165.0
Mod-H1-Real,AK,HYD500,2024-Hhigh,1368.8451114638142,4422.2,0.6988172148407212,114.57578126506338,0.08370251703827795,3.2306065623969626,3,HYD500,500,565.1044901157969,0.0,0.0,6,0.0,0.0
Mod-H1-Real,AK,HYD500,2024-Hlow,1368.8451114638142,4422.2,0.6988172148407212,192.66626453842483,0.14075096073681526,3.2306065623969626,3,HYD500,500,565.1044901157969,0.0,0.0,6,0.0,0.0
Mod-H1-Real,AK,HYD500,2025-Hhigh,1368.8451114638142,4422.2,0.733812221714403,87.48906946887718,0.06391451358241562,3.2306065623969626,3,HYD500,500,565.1044901157969,0.0,0.0,6,0.0,0.0
Mod-H1-Real,AK,HYD500,2025-Hlow,1368.8451114638142,4422.2,0.6999586541516837,159.27987143582763,0.11636077018640706,3.2306065623969626,3,HYD500,500,565.1044901157969,0.0,0.0,6,0.0,0.0
Mod-H1-Real,AK,HYD500,2030-Hhigh,1368.8451114638142,4422.2,0.6999586541516837,71.25722195246547,0.052056453542990336,3.2306065623969626,3,HYD500,500,565.1044901157969,0.0,0.0,6,0.0,0.0
Mod-H1-Real,AK,HYD500,2030-Hlow,1368.8451114638142,4422.2,0.6999586541516837,123.97727869700847,0.09057071370509537,3.2306065623969626,3,HYD500,500,565.1044901157969,0.0,0.0,6,0.0,0.0
Mod-H1-Real,AK,HYD500,2035-Hhigh,1368.8451114638142,4422.2,0.6999586541516837,73.83794245473167,0.05394178043691951,3.2306065623969626,3,HYD500,500,565.1044901157969,0.0,0.0,6,0.0,0.0
Mod-H1-Real,AK,HYD500,2035-Hlow,1368.8451114638142,4422.2,0.6999586541516837,111.56091799589791,0.08150003025294586,3.2306065623969626,3,HYD500,500,565.1044901157969,0.0,0.0,6,0.0,0.0
Mod-H1-Real,AK,HYD500,2040-Hhigh,1368.8451114638142,4422.2,0.6999586541516837,80.03365275916804,0.05846801226004433,3.2306065623969626,3,HYD500,500,565.1044901157969,0.0,0.0,6,0.0,0.0
Mod-H1-Real,AK,HYD500,2040-Hlow,1368.8451114638142,4422.2,0.6999586541516837,125.75387378155803,0.0918685925298586,3.2306065623969626,3,HYD500,500,565.1044901157969,0.0,0.0,6,0.0,0.0
Mod-H1-Real,AK,HYD500,2045-Hhigh,1368.8451114638142,4422.2,0.6999586541516837,92.8415940177113,0.06782476208606864,3.2306065623969626,3,HYD500,500,565.1044901157969,0.0,0.0,6,0.0,0.0
Mod-H1-Real,AK,HYD500,2045-Hlow,1368.8451114638142,4422.2,0.6999586541516837,138.34224061050853,0.10106493382773471,3.2306065623969626,3,HYD500,500,565.1044901157969,0.0,0.0,6,0.0,0.0
Mod-H1-Real,AK,HYD1000,2024-Hhigh,1567.8893483122024,5200.1416111075605,0.790809649266715,131.23648679288956,0.08370264581117455,3.3166508954891465,4,HYD1000,1000,867.0387605643928,0.0,0.0,5,0.0,0.0
Mod-H1-Real,AK,HYD1000,2024-Hlow,1567.8893483122024,5200.1416111075605,0.790809649266715,208.3015207403876,0.1328547329979756,3.3166508954891465,4,HYD1000,1000,867.0387605643928,0.0,0.0,5,0.0,0.0
Mod-H1-Real,AK,HYD1000,2025-Hhigh,1567.8893483122024,5200.1416111075605,0.776544952007391,99.60876433579094,0.06353048092521167,3.3166508954891465,4,HYD1000,1000,867.0387605643928,0.0,0.0,5,0.0,0.0
Mod-H1-Real,AK,HYD1000,2025-Hlow,1567.8893483122024,5200.1416111075605,0.7622390187931591,171.06593449019476,0.10910587196369655,3.3166508954891465,4,HYD1000,1000,867.0387605643928,0.0,0.0,5,0.0,0.0
Mod-H1-Real,AK,HYD1000,2030-Hhigh,1567.8893483122024,5200.1416111075605,0.7622390187931591,80.10604590253196,0.05109164494851905,3.3166508954891465,4,HYD1000,1000,867.0387605643928,0.0,0.0,5,0.0,0.0
Mod-H1-Real,AK,HYD1000,2030-Hlow,1567.8893483122024,5200.1416111075605,0.7622390187931591,133.3129698764754,0.08502702695185971,3.3166508954891465,4,HYD1000,1000,867.0387605643928,0.0,0.0,5,0.0,0.0
Mod-H1-Real,AK,HYD1000,2035-Hhigh,1567.8893483122024,5200.1416111075605,0.7622390187931591,82.3258172179408,0.05250741533933034,3.3166508954891465,4,HYD1000,1000,867.0387605643928,0.0,0.0,5,0.0,0.0
Mod-H1-Real,AK,HYD1000,2035-Hlow,1567.8893483122024,5200.1416111075605,0.7622390187931591,120.53085608574999,0.07687459336049367,3.3166508954891465,4,HYD1000,1000,867.0387605643928,0.0,0.0,5,0.0,0.0
Mod-H1-Real,AK,HYD1000,2040-Hhigh,1567.8893483122024,5200.1416111075605,0.7622390187931591,88.00995160868352,0.05613275688327384,3.3166508954891465,4,HYD1000,1000,867.0387605643928,0.0,0.0,5,0.0,0.0
Mod-H1-Real,AK,HYD1000,2040-Hlow,1567.8893483122024,5200.1416111075605,0.7622390187931591,133.91017021496015,0.08540792139388627,3.3166508954891465,4,HYD1000,1000,867.0387605643928,0.0,0.0,5,0.0,0.0
Mod-H1-Real,AK,HYD1000,2045-Hhigh,1567.8893483122024,5200.1416111075605,0.7622390187931591,101.73956447358233,0.06488950548908486,3.3166508954891465,4,HYD1000,1000,867.0387605643928,0.0,0.0,5,0.0,0.0
Mod-H1-Real,AK,HYD1000,2045-Hlow,1567.8893483122024,5200.1416111075605,0.7622390187931591,147.337376173389,0.09397179484125864,3.3166508954891465,4,HYD1000,1000,867.0387605643928,0.0,0.0,5,0.0,0.0
Mod-H1-Real,AK,HYD200,2024-Hhigh,1505.5706115671505,4660.975,0.709725127052428,125.4513686859048,0.08332479906427125,3.095819594371854,4,HYD200,200,323.69925853097027,1092.4944895324074,169.0,8.5,-626.9904669667043,117.0
Mod-H1-Real,AK,HYD200,2024-Hlow,1505.5706115671505,4660.975,0.709725127052428,206.70820137580785,0.1372955873259541,3.095819594371854,4,HYD200,200,323.69925853097027,1092.4944895324074,169.0,8.5,-626.9904669667043,117.0
Mod-H1-Real,AK,HYD200,2025-Hhigh,1505.5706115671505,4660.975,0.7240623224887786,94.57931080231593,0.06281957822215206,3.095819594371854,4,HYD200,200,323.69925853097027,1092.4944895324074,169.0,8.5,-626.9904669667043,117.0
Mod-H1-Real,AK,HYD200,2025-Hlow,1505.5706115671505,4660.975,0.7029770454943232,168.9627637500771,0.11222506766003058,3.095819594371854,4,HYD200,200,323.69925853097027,1092.4944895324074,169.0,8.5,-626.9904669667043,117.0
Mod-H1-Real,AK,HYD200,2030-Hhigh,1505.5706115671505,4660.975,0.7029770454943232,75.90794525738926,0.05041805722972805,3.095819594371854,4,HYD200,200,323.69925853097027,1092.4944895324074,169.0,8.5,-626.9904669667043,117.0
Mod-H1-Real,AK,HYD200,2030-Hlow,1505.5706115671505,4660.975,0.7029770454943232,131.1481686770643,0.08710861361763164,3.095819594371854,4,HYD200,200,323.69925853097027,1092.4944895324074,169.0,8.5,-626.9904669667043,117.0
Mod-H1-Real,AK,HYD200,2035-Hhigh,1505.5706115671505,4660.975,0.7029770454943232,79.08964004109316,0.0525313389046354,3.095819594371854,4,HYD200,200,323.69925853097027,1092.4944895324074,169.0,8.5,-626.9904669667043,117.0
Mod-H1-Real,AK,HYD200,2035-Hlow,1505.5706115671505,4660.975,0.7029770454943232,118.67353934603874,0.07882296481764564,3.095819594371854,4,HYD200,200,323.69925853097027,1092.4944895324074,169.0,8.5,-626.9904669667043,117.0
Mod-H1-Real,AK,HYD200,2040-Hhigh,1505.5706115671505,4660.975,0.7029770454943232,84.83561876505031,0.05634781797231337,3.095819594371854,4,HYD200,200,323.69925853097027,1092.4944895324074,169.0,8.5,-626.9904669667043,117.0
Mod-H1-Real,AK,HYD200,2040-Hlow,1505.5706115671505,4660.975,0.7029770454943232,131.98406857034982,0.08766381832663923,3.095819594371854,4,HYD200,200,323.69925853097027,1092.4944895324074,169.0,8.5,-626.9904669667043,117.0
Mod-H1-Real,AK,HYD200,2045-Hhigh,1505.5706115671505,4660.975,0.7029770454943232,97.84712793325545,0.0649900623600817,3.095819594371854,4,HYD200,200,323.69925853097027,1092.4944895324074,169.0,8.5,-626.9904669667043,117.0
Mod-H1-Real,AK,HYD200,2045-Hlow,1505.5706115671505,4660.975,0.7029770454943232,144.46672448578346,0.09595479838398802,3.095819594371854,4,HYD200,200,323.69925853097027,1092.4944895324074,169.0,8.5,-626.9904669667043,117.0
Mod-H1-Real,AK,HYD500,2024-Hhigh,1502.297467543318,4896.3,0.7490327622139404,125.69007713435319,0.08366523930835887,3.259208050191843,4,HYD500,500,559.9876762036095,0.0,0.0,6,0.0,0.0
Mod-H1-Real,AK,HYD500,2024-Hlow,1502.297467543318,4896.3,0.7490327622139404,204.9350054636664,0.13641439854038576,3.259208050191843,4,HYD500,500,559.9876762036095,0.0,0.0,6,0.0,0.0
Mod-H1-Real,AK,HYD500,2025-Hhigh,1502.297467543318,4896.3,0.7471266764975641,95.33171870718365,0.06345728510284852,3.259208050191843,4,HYD500,500,559.9876762036095,0.0,0.0,6,0.0,0.0
Mod-H1-Real,AK,HYD500,2025-Hlow,1502.297467543318,4896.3,0.7309131309167578,168.32734730838533,0.11204661589668273,3.259208050191843,4,HYD500,500,559.9876762036095,0.0,0.0,6,0.0,0.0
Mod-H1-Real,AK,HYD500,2030-Hhigh,1502.297467543318,4896.3,0.7309131309167578,76.78096154095803,0.05110902680713205,3.259208050191843,4,HYD500,500,559.9876762036095,0.0,0.0,6,0.0,0.0
Mod-H1-Real,AK,HYD500,2030-Hlow,1502.297467543318,4896.3,0.7309131309167578,130.91804889465732,0.08714522371441219,3.259208050191843,4,HYD500,500,559.9876762036095,0.0,0.0,6,0.0,0.0
Mod-H1-Real,AK,HYD500,2035-Hhigh,1502.297467543318,4896.3,0.7309131309167578,79.5610664611292,0.05295959567264271,3.259208050191843,4,HYD500,500,559.9876762036095,0.0,0.0,6,0.0,0.0
Mod-H1-Real,AK,HYD500,2035-Hlow,1502.297467543318,4896.3,0.7309131309167578,118.35270184143705,0.07878113649154801,3.259208050191843,4,HYD500,500,559.9876762036095,0.0,0.0,6,0.0,0.0
Mod-H1-Real,AK,HYD500,2040-Hhigh,1502.297467543318,4896.3,0.7309131309167578,85.37092389723189,0.05682691060967941,3.259208050191843,4,HYD500,500,559.9876762036095,0.0,0.0,6,0.0,0.0
Mod-H1-Real,AK,HYD500,2040-Hlow,1502.297467543318,4896.3,0.7309131309167578,131.8400783867074,0.08775897000099674,3.259208050191843,4,HYD500,500,559.9876762036095,0.0,0.0,6,0.0,0.0
Mod-H1-Real,AK,HYD500,2045-Hhigh,1502.297467543318,4896.3,0.7309131309167578,98.72910402774065,0.06571874489623597,3.259208050191843,4,HYD500,500,559.9876762036095,0.0,0.0,6,0.0,0.0
Mod-H1-Real,AK,HYD500,2045-Hlow,1502.297467543318,4896.3,0.7309131309167578,144.87267763953412,0.0964340823102378,3.259208050191843,4,HYD500,500,559.9876762036095,0.0,0.0,6,0.0,0.0
Mod-H1-Real,AK,HYD1000,2024-Hhigh,1708.2148514846456,5673.294855550453,0.8167597061356184,143.06604556369098,0.08375178651523212,3.3211834276113876,5,HYD1000,1000,861.858702590786,0.0,0.0,5,0.0,0.0
Mod-H1-Real,AK,HYD1000,2024-Hlow,1708.2148514846456,5673.294855550453,0.8167597061356184,222.7959030151177,0.13042615969617702,3.3211834276113876,5,HYD1000,1000,861.858702590786,0.0,0.0,5,0.0,0.0
Mod-H1-Real,AK,HYD1000,2025-Hhigh,1708.2148514846456,5673.294855550453,0.850309924273229,108.72766884813588,0.06364987914350374,3.3211834276113876,5,HYD1000,1000,861.858702590786,0.0,0.0,5,0.0,0.0
Mod-H1-Real,AK,HYD1000,2025-Hlow,1708.2148514846456,5673.294855550453,0.8212478221622121,181.69675010859538,0.1063664503037653,3.3211834276113876,5,HYD1000,1000,861.858702590786,0.0,0.0,5,0.0,0.0
Mod-H1-Real,AK,HYD1000,2030-Hhigh,1708.2148514846456,5673.294855550453,0.8212478221622121,87.48371086001028,0.051213529014793625,3.3211834276113876,5,HYD1000,1000,861.858702590786,0.0,0.0,5,0.0,0.0
Mod-H1-Real,AK,HYD1000,2030-Hlow,1708.2148514846456,5673.294855550453,0.8212478221622121,141.85411876833584,0.08304231674665949,3.3211834276113876,5,HYD1000,1000,861.858702590786,0.0,0.0,5,0.0,0.0
Mod-H1-Real,AK,HYD1000,2035-Hhigh,1708.2148514846456,5673.294855550453,0.8212478221622121,89.16857688503859,0.05219986046107742,3.3211834276113876,5,HYD1000,1000,861.858702590786,0.0,0.0,5,0.0,0.0
Mod-H1-Real,AK,HYD1000,2035-Hlow,1708.2148514846456,5673.294855550453,0.8212478221622121,129.09671226514803,0.0755740486350106,3.3211834276113876,5,HYD1000,1000,861.858702590786,0.0,0.0,5,0.0,0.0
Mod-H1-Real,AK,HYD1000,2040-Hhigh,1708.2148514846456,5673.294855550453,0.8212478221622121,95.40854010214998,0.05585277520519647,3.3211834276113876,5,HYD1000,1000,861.858702590786,0.0,0.0,5,0.0,0.0
Mod-H1-Real,AK,HYD1000,2040-Hlow,1708.2148514846456,5673.294855550453,0.8212478221622121,142.68237954777604,0.08352718595308299,3.3211834276113876,5,HYD1000,1000,861.858702590786,0.0,0.0,5,0.0,0.0
Mod-H1-Real,AK,HYD1000,2045-Hhigh,1708.2148514846456,5673.294855550453,0.8212478221622121,109.55219626734142,0.06413256281674831,3.3211834276113876,5,HYD1000,1000,861.858702590786,0.0,0.0,5,0.0,0.0
Mod-H1-Real,AK,HYD1000,2045-Hlow,1708.2148514846456,5673.294855550453,0.8212478221622121,156.40523457515243,0.0915606338624309,3.3211834276113876,5,HYD1000,1000,861.858702590786,0.0,0.0,5,0.0,0.0
Mod-H1-Real,AK,HYD200,2024-Hhigh,1653.3850149843292,5138.958333333333,0.8159476654240887,137.5824818722789,0.08321260966162977,3.108143769757125,5,HYD200,200,322.46773134728716,1412.984720251819,223.0,8.5,-1228.4286187292216,254.0
Mod-H1-Real,AK,HYD200,2024-Hlow,1653.3850149843292,5138.958333333333,0.8159476654240887,222.26994359307497,0.13443326362503755,3.108143769757125,5,HYD200,200,322.46773134728716,1412.984720251819,223.0,8.5,-1228.4286187292216,254.0
Mod-H1-Real,AK,HYD200,2025-Hhigh,1653.3850149843292,5138.958333333333,0.835215112303263,103.66479268045596,0.06269851954684523,3.108143769757125,5,HYD200,200,322.46773134728716,1412.984720251819,223.0,8.5,-1228.4286187292216,254.0
Mod-H1-Real,AK,HYD200,2025-Hlow,1653.3850149843292,5138.958333333333,0.8108895253343329,180.11421798269305,0.10893664594171985,3.108143769757125,5,HYD200,200,322.46773134728716,1412.984720251819,223.0,8.5,-1228.4286187292216,254.0
Mod-H1-Real,AK,HYD200,2030-Hhigh,1653.3850149843292,5138.958333333333,0.8108895253343329,83.2962099615939,0.05037919734768092,3.108143769757125,5,HYD200,200,322.46773134728716,1412.984720251819,223.0,8.5,-1228.4286187292216,254.0
Mod-H1-Real,AK,HYD200,2030-Hlow,1653.3850149843292,5138.958333333333,0.8108895253343329,140.07953060881567,0.08472287418798419,3.108143769757125,5,HYD200,200,322.46773134728716,1412.984720251819,223.0,8.5,-1228.4286187292216,254.0
Mod-H1-Real,AK,HYD200,2035-Hhigh,1653.3850149843292,5138.958333333333,0.8108895253343329,85.90285906109237,0.05195575034403379,3.108143769757125,5,HYD200,200,322.46773134728716,1412.984720251819,223.0,8.5,-1228.4286187292216,254.0
Mod-H1-Real,AK,HYD200,2035-Hlow,1653.3850149843292,5138.958333333333,0.8108895253343329,127.6393368242742,0.07719879862675783,3.108143769757125,5,HYD200,200,322.46773134728716,1412.984720251819,223.0,8.5,-1228.4286187292216,254.0
Mod-H1-Real,AK,HYD200,2040-Hhigh,1653.3850149843292,5138.958333333333,0.8108895253343329,92.23519201841515,0.055785670719465996,3.108143769757125,5,HYD200,200,322.46773134728716,1412.984720251819,223.0,8.5,-1228.4286187292216,254.0
Mod-H1-Real,AK,HYD200,2040-Hlow,1653.3850149843292,5138.958333333333,0.8108895253343329,141.10121101977458,0.08534080673345884,3.108143769757125,5,HYD200,200,322.46773134728716,1412.984720251819,223.0,8.5,-1228.4286187292216,254.0
Mod-H1-Real,AK,HYD200,2045-Hhigh,1653.3850149843292,5138.958333333333,0.8108895253343329,105.54997875471899,0.06383871741798712,3.108143769757125,5,HYD200,200,322.46773134728716,1412.984720251819,223.0,8.5,-1228.4286187292216,254.0
Mod-H1-Real,AK,HYD200,2045-Hlow,1653.3850149843292,5138.958333333333,0.8108895253343329,153.81080730047026,0.09302782225949234,3.108143769757125,5,HYD200,200,322.46773134728716,1412.984720251819,223.0,8.5,-1228.4286187292216,254.0
Mod-H1-Real,AK,HYD500,2024-Hhigh,1642.3426477474002,5372.4,0.7980161262314205,137.22906706144843,0.08355690406607215,3.2711809605435636,5,HYD500,500,557.3520999328903,0.0,0.0,6,0.0,0.0
Mod-H1-Real,AK,HYD500,2024-Hlow,1642.3426477474002,5372.4,0.7980161262314205,219.70496641474188,0.13377535237003327,3.2711809605435636,5,HYD500,500,557.3520999328903,0.0,0.0,6,0.0,0.0
Mod-H1-Real,AK,HYD500,2025-Hhigh,1642.3426477474002,5372.4,0.8208348498807565,104.04644887644037,0.06335246120482112,3.2711809605435636,5,HYD500,500,557.3520999328903,0.0,0.0,6,0.0,0.0
Mod-H1-Real,AK,HYD500,2025-Hlow,1642.3426477474002,5372.4,0.7980245997305879,179.0173528179676,0.10900122033821855,3.2711809605435636,5,HYD500,500,557.3520999328903,0.0,0.0,6,0.0,0.0
Mod-H1-Real,AK,HYD500,2030-Hhigh,1642.3426477474002,5372.4,0.7980245997305879,83.8735951015861,0.05106948614932774,3.2711809605435636,5,HYD500,500,557.3520999328903,0.0,0.0,6,0.0,0.0
Mod-H1-Real,AK,HYD500,2030-Hlow,1642.3426477474002,5372.4,0.7980245997305879,139.4735733492525,0.08492355327954935,3.2711809605435636,5,HYD500,500,557.3520999328903,0.0,0.0,6,0.0,0.0
Mod-H1-Real,AK,HYD500,2035-Hhigh,1642.3426477474002,5372.4,0.7980245997305879,86.10094686943606,0.052425690209975465,3.2711809605435636,5,HYD500,500,557.3520999328903,0.0,0.0,6,0.0,0.0
Mod-H1-Real,AK,HYD500,2035-Hlow,1642.3426477474002,5372.4,0.7980245997305879,126.93462825133051,0.07728876092052481,3.2711809605435636,5,HYD500,500,557.3520999328903,0.0,0.0,6,0.0,0.0
Mod-H1-Real,AK,HYD500,2040-Hhigh,1642.3426477474002,5372.4,0.7980245997305879,92.45762647663985,0.0562961855758009,3.2711809605435636,5,HYD500,500,557.3520999328903,0.0,0.0,6,0.0,0.0
Mod-H1-Real,AK,HYD500,2040-Hlow,1642.3426477474002,5372.4,0.7980245997305879,140.45314523839662,0.08552000121962305,3.2711809605435636,5,HYD500,500,557.3520999328903,0.0,0.0,6,0.0,0.0
Mod-H1-Real,AK,HYD500,2045-Hhigh,1642.3426477474002,5372.4,0.7980245997305879,106.14173974013632,0.06462825518518801,3.2711809605435636,5,HYD500,500,557.3520999328903,0.0,0.0,6,0.0,0.0
Mod-H1-Real,AK,HYD500,2045-Hlow,1642.3426477474002,5372.4,0.7980245997305879,153.62807323663716,0.09354203487764867,3.2711809605435636,5,HYD500,500,557.3520999328903,0.0,0.0,6,0.0,0.0
Mod-H1-Real,CH,HYD1000,2024-Hhigh,3614.9203014131203,10019.495600586622,1.9403454263597872,331.6031569979372,0.09173180301328059,2.7717058095775635,3,HYD1000,1000,987.162892515825,0.0,0.0,8.5,0.0,0.0
Mod-H1-Real,CH,HYD1000,2024-Hlow,3614.9203014131203,10019.495600586622,1.9403454263597872,525.2404561267558,0.14529793531587193,2.7717058095775635,3,HYD1000,1000,987.162892515825,0.0,0.0,8.5,0.0,0.0
Mod-H1-Real,CH,HYD1000,2025-Hhigh,3614.9203014131203,10019.495600586622,1.9946046100916346,255.7103807395964,0.07073748780564701,2.7717058095775635,3,HYD1000,1000,987.162892515825,0.0,0.0,8.5,0.0,0.0
Mod-H1-Real,CH,HYD1000,2025-Hlow,3614.9203014131203,10019.495600586622,1.9326566607432107,431.35729595347885,0.11932691732784691,2.7717058095775635,3,HYD1000,1000,987.162892515825,0.0,0.0,8.5,0.0,0.0
Mod-H1-Real,CH,HYD1000,2030-Hhigh,3614.9203014131203,10019.495600586622,1.9326566607432107,207.44682623384895,0.0573862793469486,2.7717058095775635,3,HYD1000,1000,987.162892515825,0.0,0.0,8.5,0.0,0.0
Mod-H1-Real,CH,HYD1000,2030-Hlow,3614.9203014131203,10019.495600586622,1.9326566607432107,336.2649134397925,0.09302139062605116,2.7717058095775635,3,HYD1000,1000,987.162892515825,0.0,0.0,8.5,0.0,0.0
Mod-H1-Real,CH,HYD1000,2035-Hhigh,3614.9203014131203,10019.495600586622,1.9326566607432107,210.8461862266974,0.05832664862466672,2.7717058095775635,3,HYD1000,1000,987.162892515825,0.0,0.0,8.5,0.0,0.0
Mod-H1-Real,CH,HYD1000,2035-Hlow,3614.9203014131203,10019.495600586622,1.9326566607432107,301.3971997261778,0.08337589064089675,2.7717058095775635,3,HYD1000,1000,987.162892515825,0.0,0.0,8.5,0.0,0.0
Mod-H1-Real,CH,HYD1000,2040-Hhigh,3614.9203014131203,10019.495600586622,1.9326566607432107,225.95101621246596,0.06250511695213272,2.7717058095775635,3,HYD1000,1000,987.162892515825,0.0,0.0,8.5,0.0,0.0
Mod-H1-Real,CH,HYD1000,2040-Hlow,3614.9203014131203,10019.495600586622,1.9326566607432107,336.21595372340266,0.09300784683744517,2.7717058095775635,3,HYD1000,1000,987.162892515825,0.0,0.0,8.5,0.0,0.0
Mod-H1-Real,CH,HYD1000,2045-Hhigh,3614.9203014131203,10019.495600586622,1.9326566607432107,261.91974418808684,0.0724551919127232,2.7717058095775635,3,HYD1000,1000,987.162892515825,0.0,0.0,8.5,0.0,0.0
Mod-H1-Real,CH,HYD1000,2045-Hlow,3614.9203014131203,10019.495600586622,1.9326566607432107,371.7138373174198,0.10282767151798947,2.7717058095775635,3,HYD1000,1000,987.162892515825,0.0,0.0,8.5,0.0,0.0
Mod-H1-Real,CH,HYD200,2024-Hhigh,3186.0416994769116,9406.346,1.7060976928950833,299.66360348865186,0.09405514169442634,2.9523612329193134,3,HYD200,200,368.06228859511555,289.31933831740156,59.0,11.2,-1649.1015743626529,222.0
Mod-H1-Real,CH,HYD200,2024-Hlow,3186.0416994769116,9406.346,1.7060976928950833,483.49764082873185,0.15175496319088136,2.9523612329193134,3,HYD200,200,368.06228859511555,289.31933831740156,59.0,11.2,-1649.1015743626529,222.0
Mod-H1-Real,CH,HYD200,2025-Hhigh,3186.0416994769116,9406.346,1.7631481477935542,230.50454098873345,0.0723482498758814,2.9523612329193134,3,HYD200,200,368.06228859511555,289.31933831740156,59.0,11.2,-1649.1015743626529,222.0
Mod-H1-Real,CH,HYD200,2025-Hlow,3186.0416994769116,9406.346,1.7002220964121628,397.5925744151997,0.12479201840970158,2.9523612329193134,3,HYD200,200,368.06228859511555,289.31933831740156,59.0,11.2,-1649.1015743626529,222.0
Mod-H1-Real,CH,HYD200,2030-Hhigh,3186.0416994769116,9406.346,1.7002220964121628,187.05363237608262,0.058710352851562904,2.9523612329193134,3,HYD200,200,368.06228859511555,289.31933831740156,59.0,11.2,-1649.1015743626529,222.0
Mod-H1-Real,CH,HYD200,2030-Hlow,3186.0416994769116,9406.346,1.7002220964121628,309.6223506191147,0.09718088456593298,2.9523612329193134,3,HYD200,200,368.06228859511555,289.31933831740156,59.0,11.2,-1649.1015743626529,222.0
Mod-H1-Real,CH,HYD200,2035-Hhigh,3186.0416994769116,9406.346,1.7002220964121628,190.93156286735095,0.059927515355087266,2.9523612329193134,3,HYD200,200,368.06228859511555,289.31933831740156,59.0,11.2,-1649.1015743626529,222.0
Mod-H1-Real,CH,HYD200,2035-Hlow,3186.0416994769116,9406.346,1.7002220964121628,274.3878868888404,0.08612187559688556,2.9523612329193134,3,HYD200,200,368.06228859511555,289.31933831740156,59.0,11.2,-1649.1015743626529,222.0
Mod-H1-Real,CH,HYD200,2040-Hhigh,3186.0416994769116,9406.346,1.7002220964121628,204.66545903419404,0.06423816080869132,2.9523612329193134,3,HYD200,200,368.06228859511555,289.31933831740156,59.0,11.2,-1649.1015743626529,222.0
Mod-H1-Real,CH,HYD200,2040-Hlow,3186.0416994769116,9406.346,1.7002220964121628,308.82548871011426,0.09693077424592955,2.9523612329193134,3,HYD200,200,368.06228859511555,289.31933831740156,59.0,11.2,-1649.1015743626529,222.0
Mod-H1-Real,CH,HYD200,2045-Hhigh,3186.0416994769116,9406.346,1.7002220964121628,237.23268175883328,0.07446000527795428,2.9523612329193134,3,HYD200,200,368.06228859511555,289.31933831740156,59.0,11.2,-1649.1015743626529,222.0
Mod-H1-Real,CH,HYD200,2045-Hlow,3186.0416994769116,9406.346,1.7002220964121628,339.853309877533,0.1066694481535915,2.9523612329193134,3,HYD200,200,368.06228859511555,289.31933831740156,59.0,11.2,-1649.1015743626529,222.0
Mod-H1-Real,CH,HYD500,2024-Hhigh,3492.198415528671,9674.326928580444,1.8305763310122025,320.13943830327906,0.0916727517198688,2.7702684032962894,3,HYD500,500,638.3880734458602,0.0,0.0,8.5,-21.270390587321963,20.0
Mod-H1-Real,CH,HYD500,2024-Hlow,3492.198415528671,9674.326928580444,1.8305763310122025,510.83509228911225,0.1462789428050808,2.7702684032962894,3,HYD500,500,638.3880734458602,0.0,0.0,8.5,-21.270390587321963,20.0
Mod-H1-Real,CH,HYD500,2025-Hhigh,3492.198415528671,9674.326928580444,1.8866692450260563,246.38919609158282,0.07055418013935583,2.7702684032962894,3,HYD500,500,638.3880734458602,0.0,0.0,8.5,-21.270390587321963,20.0
Mod-H1-Real,CH,HYD500,2025-Hlow,3492.198415528671,9674.326928580444,1.820930511297499,418.98975648222984,0.1199787946237873,2.7702684032962894,3,HYD500,500,638.3880734458602,0.0,0.0,8.5,-21.270390587321963,20.0
Mod-H1-Real,CH,HYD500,2030-Hhigh,3492.198415528671,9674.326928580444,1.820930511297499,199.9223504248136,0.057248279346277665,2.7702684032962894,3,HYD500,500,638.3880734458602,0.0,0.0,8.5,-21.270390587321963,20.0
Mod-H1-Real,CH,HYD500,2030-Hlow,3492.198415528671,9674.326928580444,1.820930511297499,326.4326518848534,0.0934748296183039,2.7702684032962894,3,HYD500,500,638.3880734458602,0.0,0.0,8.5,-21.270390587321963,20.0
Mod-H1-Real,CH,HYD500,2035-Hhigh,3492.198415528671,9674.326928580444,1.820930511297499,203.7921500525339,0.05835640642477142,2.7702684032962894,3,HYD500,500,638.3880734458602,0.0,0.0,8.5,-21.270390587321963,20.0
Mod-H1-Real,CH,HYD500,2035-Hlow,3492.198415528671,9674.326928580444,1.820930511297499,292.74837347203135,0.08382924984166837,2.7702684032962894,3,HYD500,500,638.3880734458602,0.0,0.0,8.5,-21.270390587321963,20.0
Mod-H1-Real,CH,HYD500,2040-Hhigh,3492.198415528671,9674.326928580444,1.820930511297499,218.48437925613212,0.06256356405311998,2.7702684032962894,3,HYD500,500,638.3880734458602,0.0,0.0,8.5,-21.270390587321963,20.0
Mod-H1-Real,CH,HYD500,2040-Hlow,3492.198415528671,9674.326928580444,1.820930511297499,326.716143438699,0.0935560081540323,2.7702684032962894,3,HYD500,500,638.3880734458602,0.0,0.0,8.5,-21.270390587321963,20.0
Mod-H1-Real,CH,HYD500,2045-Hhigh,3492.198415528671,9674.326928580444,1.820930511297499,253.17132096897484,0.07249625904507724,2.7702684032962894,3,HYD500,500,638.3880734458602,0.0,0.0,8.5,-21.270390587321963,20.0
Mod-H1-Real,CH,HYD500,2045-Hlow,3492.198415528671,9674.326928580444,1.820930511297499,360.65188779807875,0.10327359585136316,2.7702684032962894,3,HYD500,500,638.3880734458602,0.0,0.0,8.5,-21.270390587321963,20.0
Mod-H1-Real,CH,HYD1000,2024-Hhigh,3771.3379543103397,10493.712283827383,2.003813101694435,345.07409130632976,0.09149911662303759,2.7824905672624496,4,HYD1000,1000,982.074595050652,0.0,0.0,8.5,0.0,0.0
Mod-H1-Real,CH,HYD1000,2024-Hlow,3771.3379543103397,10493.712283827383,2.003813101694435,539.9823841696754,0.1431805875558085,2.7824905672624496,4,HYD1000,1000,982.074595050652,0.0,0.0,8.5,0.0,0.0
Mod-H1-Real,CH,HYD1000,2025-Hhigh,3771.3379543103397,10493.712283827383,2.0144507269096867,265.54559588492947,0.0704115088867684,2.7824905672624496,4,HYD1000,1000,982.074595050652,0.0,0.0,8.5,0.0,0.0
Mod-H1-Real,CH,HYD1000,2025-Hlow,3771.3379543103397,10493.712283827383,1.9667229896577,442.50031640886556,0.11733244852881,2.7824905672624496,4,HYD1000,1000,982.074595050652,0.0,0.0,8.5,0.0,0.0
Mod-H1-Real,CH,HYD1000,2030-Hhigh,3771.3379543103397,10493.712283827383,1.9667229896577,214.51267907564832,0.056879728540497776,2.7824905672624496,4,HYD1000,1000,982.074595050652,0.0,0.0,8.5,0.0,0.0
Mod-H1-Real,CH,HYD1000,2030-Hlow,3771.3379543103397,10493.712283827383,1.9667229896577,344.7936174791717,0.09142474677590216,2.7824905672624496,4,HYD1000,1000,982.074595050652,0.0,0.0,8.5,0.0,0.0
Mod-H1-Real,CH,HYD1000,2035-Hhigh,3771.3379543103397,10493.712283827383,1.9667229896577,218.09207861143136,0.057828834555166145,2.7824905672624496,4,HYD1000,1000,982.074595050652,0.0,0.0,8.5,0.0,0.0
Mod-H1-Real,CH,HYD1000,2035-Hlow,3771.3379543103397,10493.712283827383,1.9667229896577,309.84403970193074,0.08215759060993291,2.7824905672624496,4,HYD1000,1000,982.074595050652,0.0,0.0,8.5,0.0,0.0
Mod-H1-Real,CH,HYD1000,2040-Hhigh,3771.3379543103397,10493.712283827383,1.9667229896577,232.67907811289203,0.061696692508545495,2.7824905672624496,4,HYD1000,1000,982.074595050652,0.0,0.0,8.5,0.0,0.0
Mod-H1-Real,CH,HYD1000,2040-Hlow,3771.3379543103397,10493.712283827383,1.9667229896577,343.9052613159361,0.09118919213349197,2.7824905672624496,4,HYD1000,1000,982.074595050652,0.0,0.0,8.5,0.0,0.0
Mod-H1-Real,CH,HYD1000,2045-Hhigh,3771.3379543103397,10493.712283827383,1.9667229896577,269.62494477982295,0.07149318041669087,2.7824905672624496,4,HYD1000,1000,982.074595050652,0.0,0.0,8.5,0.0,0.0
Mod-H1-Real,CH,HYD1000,2045-Hlow,3771.3379543103397,10493.712283827383,1.9667229896577,380.1102731967359,0.1007892365525874,2.7824905672624496,4,HYD1000,1000,982.074595050652,0.0,0.0,8.5,0.0,0.0
Mod-H1-Real,CH,HYD200,2024-Hhigh,3320.6691304306773,9884.366399999999,1.7492438236571972,311.25390991507624,0.09373228638250625,2.9766188716061683,4,HYD200,200,367.0712480812885,560.7831884930656,101.0,11.2,-1401.5548993519835,226.0
Mod-H1-Real,CH,HYD200,2024-Hlow,3320.6691304306773,9884.366399999999,1.7492438236571972,496.4948180916184,0.14951649760638003,2.9766188716061683,4,HYD200,200,367.0712480812885,560.7831884930656,101.0,11.2,-1401.5548993519835,226.0
Mod-H1-Real,CH,HYD200,2025-Hhigh,3320.6691304306773,9884.366399999999,1.7774112309202563,238.65080070867756,0.07186828658166419,2.9766188716061683,4,HYD200,200,367.0712480812885,560.7831884930656,101.0,11.2,-1401.5548993519835,226.0
Mod-H1-Real,CH,HYD200,2025-Hlow,3320.6691304306773,9884.366399999999,1.734657165046431,407.2091739724495,0.12262865042493291,2.9766188716061683,4,HYD200,200,367.0712480812885,560.7831884930656,101.0,11.2,-1401.5548993519835,226.0
Mod-H1-Real,CH,HYD200,2030-Hhigh,3320.6691304306773,9884.366399999999,1.734657165046431,192.7573771522528,0.05804775169733726,2.9766188716061683,4,HYD200,200,367.0712480812885,560.7831884930656,101.0,11.2,-1401.5548993519835,226.0
Mod-H1-Real,CH,HYD200,2030-Hlow,3320.6691304306773,9884.366399999999,1.734657165046431,317.10050710438367,0.09549295477783931,2.9766188716061683,4,HYD200,200,367.0712480812885,560.7831884930656,101.0,11.2,-1401.5548993519835,226.0
Mod-H1-Real,CH,HYD200,2035-Hhigh,3320.6691304306773,9884.366399999999,1.734657165046431,196.90347821604865,0.059296325674732635,2.9766188716061683,4,HYD200,200,367.0712480812885,560.7831884930656,101.0,11.2,-1401.5548993519835,226.0
Mod-H1-Real,CH,HYD200,2035-Hlow,3320.6691304306773,9884.366399999999,1.734657165046431,281.64696089797417,0.08481632762413932,2.9766188716061683,4,HYD200,200,367.0712480812885,560.7831884930656,101.0,11.2,-1401.5548993519835,226.0
Mod-H1-Real,CH,HYD200,2040-Hhigh,3320.6691304306773,9884.366399999999,1.734657165046431,210.11122528161994,0.06327376110921637,2.9766188716061683,4,HYD200,200,367.0712480812885,560.7831884930656,101.0,11.2,-1401.5548993519835,226.0
Mod-H1-Real,CH,HYD200,2040-Hlow,3320.6691304306773,9884.366399999999,1.734657165046431,315.3008636566077,0.09495100272628319,2.9766188716061683,4,HYD200,200,367.0712480812885,560.7831884930656,101.0,11.2,-1401.5548993519835,226.0
Mod-H1-Real,CH,HYD200,2045-Hhigh,3320.6691304306773,9884.366399999999,1.734657165046431,243.34043148939045,0.07328054134012146,2.9766188716061683,4,HYD200,200,367.0712480812885,560.7831884930656,101.0,11.2,-1401.5548993519835,226.0
Mod-H1-Real,CH,HYD200,2045-Hlow,3320.6691304306773,9884.366399999999,1.734657165046431,346.7501246518713,0.10442176291345812,2.9766188716061683,4,HYD200,200,367.0712480812885,560.7831884930656,101.0,11.2,-1401.5548993519835,226.0
Mod-H1-Real,CH,HYD500,2024-Hhigh,3648.3692146179856,10151.06827907429,1.8899693549126932,333.4742558639328,0.09140364810880312,2.782357728050611,4,HYD500,500,635.7681849323255,0.0,0.0,8.5,0.0,0.0
Mod-H1-Real,CH,HYD500,2024-Hlow,3648.3692146179856,10151.06827907429,1.8899693549126932,525.3015295571097,0.14398255731694445,2.782357728050611,4,HYD500,500,635.7681849323255,0.0,0.0,8.5,0.0,0.0
Mod-H1-Real,CH,HYD500,2025-Hhigh,3648.3692146179856,10151.06827907429,1.9007363028784616,255.82896210478285,0.07012145620562425,2.782357728050611,4,HYD500,500,635.7681849323255,0.0,0.0,8.5,0.0,0.0
Mod-H1-Real,CH,HYD500,2025-Hlow,3648.3692146179856,10151.06827907429,1.8545896493418428,429.74395495710087,0.11779069761778445,2.782357728050611,4,HYD500,500,635.7681849323255,0.0,0.0,8.5,0.0,0.0
Mod-H1-Real,CH,HYD500,2030-Hhigh,3648.3692146179856,10151.06827907429,1.8545896493418428,206.53148457608847,0.05660926085785811,2.782357728050611,4,HYD500,500,635.7681849323255,0.0,0.0,8.5,0.0,0.0
Mod-H1-Real,CH,HYD500,2030-Hlow,3648.3692146179856,10151.06827907429,1.8545896493418428,334.708454687468,0.09174193591656944,2.782357728050611,4,HYD500,500,635.7681849323255,0.0,0.0,8.5,0.0,0.0
Mod-H1-Real,CH,HYD500,2035-Hhigh,3648.3692146179856,10151.06827907429,1.8545896493418428,210.68243757522575,0.05774701659335373,2.782357728050611,4,HYD500,500,635.7681849323255,0.0,0.0,8.5,0.0,0.0
Mod-H1-Real,CH,HYD500,2035-Hlow,3648.3692146179856,10151.06827907429,1.8545896493418428,300.8490608779526,0.08246124314187701,2.782357728050611,4,HYD500,500,635.7681849323255,0.0,0.0,8.5,0.0,0.0
Mod-H1-Real,CH,HYD500,2040-Hhigh,3648.3692146179856,10151.06827907429,1.8545896493418428,224.78041803520395,0.061611203475397246,2.782357728050611,4,HYD500,500,635.7681849323255,0.0,0.0,8.5,0.0,0.0
Mod-H1-Real,CH,HYD500,2040-Hlow,3648.3692146179856,10151.06827907429,1.8545896493418428,333.9380756984266,0.09153077883686525,2.782357728050611,4,HYD500,500,635.7681849323255,0.0,0.0,8.5,0.0,0.0
Mod-H1-Real,CH,HYD500,2045-Hhigh,3648.3692146179856,10151.06827907429,1.8545896493418428,260.25844016554225,0.07133555428621646,2.782357728050611,4,HYD500,500,635.7681849323255,0.0,0.0,8.5,0.0,0.0
Mod-H1-Real,CH,HYD500,2045-Hlow,3648.3692146179856,10151.06827907429,1.8545896493418428,368.4387022459785,0.10098723034109285,2.782357728050611,4,HYD500,500,635.7681849323255,0.0,0.0,8.5,0.0,0.0
Mod-H1-Real,CH,HYD1000,2024-Hhigh,3932.755046807232,10969.008585555786,2.0216386167251335,359.0708271456112,0.09130261683526902,2.789141061419746,5,HYD1000,1000,978.9016700852898,0.0,0.0,8.5,0.0,0.0
Mod-H1-Real,CH,HYD1000,2024-Hlow,3932.755046807232,10969.008585555786,2.0216386167251335,556.8750463120666,0.1415992198049965,2.789141061419746,5,HYD1000,1000,978.9016700852898,0.0,0.0,8.5,0.0,0.0
Mod-H1-Real,CH,HYD1000,2025-Hhigh,3932.755046807232,10969.008585555786,2.075897800456981,276.39902076704334,0.07028127037595061,2.789141061419746,5,HYD1000,1000,978.9016700852898,0.0,0.0,8.5,0.0,0.0
Mod-H1-Real,CH,HYD1000,2025-Hlow,3932.755046807232,10969.008585555786,2.0158452432986236,454.94675489222254,0.11568143692589411,2.789141061419746,5,HYD1000,1000,978.9016700852898,0.0,0.0,8.5,0.0,0.0
Mod-H1-Real,CH,HYD1000,2030-Hhigh,3932.755046807232,10969.008585555786,2.0158452432986236,223.4346498175688,0.05681377231947411,2.789141061419746,5,HYD1000,1000,978.9016700852898,0.0,0.0,8.5,0.0,0.0
Mod-H1-Real,CH,HYD1000,2030-Hlow,3932.755046807232,10969.008585555786,2.0158452432986236,354.8620461335465,0.09023243042346046,2.789141061419746,5,HYD1000,1000,978.9016700852898,0.0,0.0,8.5,0.0,0.0
Mod-H1-Real,CH,HYD1000,2035-Hhigh,3932.755046807232,10969.008585555786,2.0158452432986236,226.08849193415142,0.05748857715348916,2.789141061419746,5,HYD1000,1000,978.9016700852898,0.0,0.0,8.5,0.0,0.0
Mod-H1-Real,CH,HYD1000,2035-Hlow,3932.755046807232,10969.008585555786,2.0158452432986236,319.8197747508186,0.08132206835776898,2.789141061419746,5,HYD1000,1000,978.9016700852898,0.0,0.0,8.5,0.0,0.0
Mod-H1-Real,CH,HYD1000,2040-Hhigh,3932.755046807232,10969.008585555786,2.0158452432986236,241.4039514334124,0.06138291059581598,2.789141061419746,5,HYD1000,1000,978.9016700852898,0.0,0.0,8.5,0.0,0.0
Mod-H1-Real,CH,HYD1000,2040-Hlow,3932.755046807232,10969.008585555786,2.0158452432986236,354.068875744941,0.09003074728297362,2.789141061419746,5,HYD1000,1000,978.9016700852898,0.0,0.0,8.5,0.0,0.0
Mod-H1-Real,CH,HYD1000,2045-Hhigh,3932.755046807232,10969.008585555786,2.0158452432986236,278.7763658969228,0.07088576902933343,2.789141061419746,5,HYD1000,1000,978.9016700852898,0.0,0.0,8.5,0.0,0.0
Mod-H1-Real,CH,HYD1000,2045-Hlow,3932.755046807232,10969.008585555786,2.0158452432986236,390.6842359841167,0.09934110600183192,2.789141061419746,5,HYD1000,1000,978.9016700852898,0.0,0.0,8.5,0.0,0.0
Mod-H1-Real,CH,HYD200,2024-Hhigh,3460.8012735103475,10362.8616,1.8284455919281934,323.18154507597853,0.09338344491192647,2.9943532670654562,5,HYD200,200,366.03505771150833,557.6925882298304,110.0,11.2,-1831.156333089349,313.0
Mod-H1-Real,CH,HYD200,2024-Hlow,3460.8012735103475,10362.8616,1.8284455919281934,511.5896169791469,0.1478240374259436,2.9943532670654562,5,HYD200,200,366.03505771150833,557.6925882298304,110.0,11.2,-1831.156333089349,313.0
Mod-H1-Real,CH,HYD200,2025-Hhigh,3460.8012735103475,10362.8616,1.8627389111862485,247.5326120646228,0.07152465354173498,2.9943532670654562,5,HYD200,200,366.03505771150833,557.6925882298304,110.0,11.2,-1831.156333089349,313.0
Mod-H1-Real,CH,HYD200,2025-Hlow,3460.8012735103475,10362.8616,1.8161486251248464,417.99624682934024,0.12078019331209959,2.9943532670654562,5,HYD200,200,366.03505771150833,557.6925882298304,110.0,11.2,-1831.156333089349,313.0
Mod-H1-Real,CH,HYD200,2030-Hhigh,3460.8012735103475,10362.8616,1.8161486251248464,199.9754600742504,0.05778299424613076,2.9943532670654562,5,HYD200,200,366.03505771150833,557.6925882298304,110.0,11.2,-1831.156333089349,313.0
Mod-H1-Real,CH,HYD200,2030-Hlow,3460.8012735103475,10362.8616,1.8161486251248464,325.6784480039704,0.09410492607500384,2.9943532670654562,5,HYD200,200,366.03505771150833,557.6925882298304,110.0,11.2,-1831.156333089349,313.0
Mod-H1-Real,CH,HYD200,2035-Hhigh,3460.8012735103475,10362.8616,1.8161486251248464,203.45937853087761,0.05878967396602505,2.9943532670654562,5,HYD200,200,366.03505771150833,557.6925882298304,110.0,11.2,-1831.156333089349,313.0
Mod-H1-Real,CH,HYD200,2035-Hlow,3460.8012735103475,10362.8616,1.8161486251248464,290.013668600716,0.0837995728967559,2.9943532670654562,5,HYD200,200,366.03505771150833,557.6925882298304,110.0,11.2,-1831.156333089349,313.0
Mod-H1-Real,CH,HYD200,2040-Hhigh,3460.8012735103475,10362.8616,1.8161486251248464,217.289783513728,0.062785975368452,2.9943532670654562,5,HYD200,200,366.03505771150833,557.6925882298304,110.0,11.2,-1831.156333089349,313.0
Mod-H1-Real,CH,HYD200,2040-Hlow,3460.8012735103475,10362.8616,1.8161486251248464,323.8186356736951,0.09356753251111716,2.9943532670654562,5,HYD200,200,366.03505771150833,557.6925882298304,110.0,11.2,-1831.156333089349,313.0
Mod-H1-Real,CH,HYD200,2045-Hhigh,3460.8012735103475,10362.8616,1.8161486251248464,250.68219450584806,0.07243472672777221,2.9943532670654562,5,HYD200,200,366.03505771150833,557.6925882298304,110.0,11.2,-1831.156333089349,313.0
Mod-H1-Real,CH,HYD200,2045-Hlow,3460.8012735103475,10362.8616,1.8161486251248464,355.48330977022306,0.10271705355957943,2.9943532670654562,5,HYD200,200,366.03505771150833,557.6925882298304,110.0,11.2,-1831.156333089349,313.0
Mod-H1-Real,CH,HYD500,2024-Hhigh,3809.555975966814,10628.057818796517,1.934588001679268,346.87777569603185,0.09105464728287631,2.7898416208726946,5,HYD500,500,633.8810214528671,0.0,0.0,8.5,0.0,0.0
Mod-H1-Real,CH,HYD500,2024-Hlow,3809.555975966814,10628.057818796517,1.934588001679268,542.0948932678237,0.14229870795644298,2.7898416208726946,5,HYD500,500,633.8810214528671,0.0,0.0,8.5,0.0,0.0
Mod-H1-Real,CH,HYD500,2025-Hhigh,3809.555975966814,10628.057818796517,1.9888471854111154,265.94567793056564,0.06981015100140961,2.7898416208726946,5,HYD500,500,633.8810214528671,0.0,0.0,8.5,0.0,0.0
Mod-H1-Real,CH,HYD500,2025-Hlow,3809.555975966814,10628.057818796517,1.9231084516825576,441.76829553877656,0.11596319842148052,2.7898416208726946,5,HYD500,500,633.8810214528671,0.0,0.0,8.5,0.0,0.0
Mod-H1-Real,CH,HYD500,2030-Hhigh,3809.555975966814,10628.057818796517,1.9231084516825576,214.7912003622742,0.05638221402108761,2.7898416208726946,5,HYD500,500,633.8810214528671,0.0,0.0,8.5,0.0,0.0
Mod-H1-Real,CH,HYD500,2030-Hlow,3809.555975966814,10628.057818796517,1.9231084516825576,344.3535948311369,0.09039205540056268,2.7898416208726946,5,HYD500,500,633.8810214528671,0.0,0.0,8.5,0.0,0.0
Mod-H1-Real,CH,HYD500,2035-Hhigh,3809.555975966814,10628.057818796517,1.9231084516825576,218.20742012719106,0.05727896413749714,2.7898416208726946,5,HYD500,500,633.8810214528671,0.0,0.0,8.5,0.0,0.0
Mod-H1-Real,CH,HYD500,2035-Hlow,3809.555975966814,10628.057818796517,1.9231084516825576,310.51772192615346,0.08151021375853343,2.7898416208726946,5,HYD500,500,633.8810214528671,0.0,0.0,8.5,0.0,0.0
Mod-H1-Real,CH,HYD500,2040-Hhigh,3809.555975966814,10628.057818796517,1.9231084516825576,232.99455671087807,0.06116055471576243,2.7898416208726946,5,HYD500,500,633.8810214528671,0.0,0.0,8.5,0.0,0.0
Mod-H1-Real,CH,HYD500,2040-Hlow,3809.555975966814,10628.057818796517,1.9231084516825576,343.6288402990576,0.09020180894227423,2.7898416208726946,5,HYD500,500,633.8810214528671,0.0,0.0,8.5,0.0,0.0
Mod-H1-Real,CH,HYD500,2045-Hhigh,3809.555975966814,10628.057818796517,1.9231084516825576,268.7674543714014,0.07055086106280191,2.7898416208726946,5,HYD500,500,633.8810214528671,0.0,0.0,8.5,0.0,0.0
Mod-H1-Real,CH,HYD500,2045-Hlow,3809.555975966814,10628.057818796517,1.9231084516825576,378.3534458176712,0.09931694092554977,2.7898416208726946,5,HYD500,500,633.8810214528671,0.0,0.0,8.5,0.0,0.0
