Hshld_code,Loc_code,SH_code,Grid_code,P_annual (kWh),Q_annual (kWh),P_avg_peak (kW),kgCO2,kgCO2_kWh_dispatched,sCOP_annual,Occ_code,DW_code,Tank_Volume (L),Q_standing_losses_annual (kWh),unmet_demand_DW (L.K),unmet_demand_DW (min),HP_cap,unmet_demand_SH (L.K),unmet_demand_SH (min)
Mod-Nom-Ideal,AK,Rl,2024-Hhigh,2233.508469594546,2233.508469594546,1.413018111909291,197.37115094600574,0.08836821244820933,,,,,,,,,,
Mod-Nom-Ideal,AK,Rl,2024-Hlow,2233.508469594546,2233.508469594546,1.413018111909291,360.04687016509683,0.16120237512708288,,,,,,,,,,
Mod-Nom-Ideal,AK,Rl,2025-Hhigh,2233.508469594546,2233.508469594546,1.4467622211843683,160.50520196774306,0.0718623654903265,,,,,,,,,,
Mod-Nom-Ideal,AK,Rl,2025-Hlow,2233.508469594546,2233.508469594546,1.4467622211843683,251.33800801103652,0.11253058201147653,,,,,,,,,,
Mod-Nom-Ideal,AK,Rl,2030-Hhigh,2233.508469594546,2233.508469594546,1.4200183063756628,157.66282077850542,0.07058975729208956,,,,,,,,,,
Mod-Nom-Ideal,AK,Rl,2030-Hlow,2233.508469594546,2233.508469594546,1.4200183063756628,233.90508440800795,0.10472540739926958,,,,,,,,,,
Mod-Nom-Ideal,AK,Rl,2035-Hhigh,2233.508469594546,2233.508469594546,1.4200183063756628,139.79652732713723,0.0625905516948923,,,,,,,,,,
Mod-Nom-Ideal,AK,Rl,2035-Hlow,2233.508469594546,2233.508469594546,1.4200183063756628,209.4108954912981,0.09375872012220887,,,,,,,,,,
Mod-Nom-Ideal,AK,Rl,2040-Hhigh,2233.508469594546,2233.508469594546,1.4200183063756628,155.16367967442204,0.06947082663294725,,,,,,,,,,
Mod-Nom-Ideal,AK,Rl,2040-Hlow,2233.508469594546,2233.508469594546,1.4200183063756628,251.9208620643669,0.11279154097414221,,,,,,,,,,
Mod-Nom-Ideal,AK,Rl,2045-Hhigh,2233.508469594546,2233.508469594546,1.4200183063756628,147.1657224679121,0.06588993257528476,,,,,,,,,,
Mod-Nom-Ideal,AK,Rl,2045-Hlow,2233.508469594546,2233.508469594546,1.4200183063756628,236.7363554447164,0.10599304129242532,,,,,,,,,,
Mod-Nom-Ideal,AK,Rb,2024-Hhigh,1157.0023147021138,1157.0023147021138,0.4177784950669235,96.87198959913238,0.08372670336798194,,,,,,,,,,
Mod-Nom-Ideal,AK,Rb,2024-Hlow,1157.0023147021138,1157.0023147021138,0.4177784950669235,206.69707772544805,0.17864880225297133,,,,,,,,,,
Mod-Nom-Ideal,AK,Rb,2025-Hhigh,1157.0023147021138,1157.0023147021138,0.4527943278982247,82.17633651329635,0.07102521357915674,,,,,,,,,,
Mod-Nom-Ideal,AK,Rb,2025-Hlow,1157.0023147021138,1157.0023147021138,0.4527943278982247,151.58416880848057,0.1310145769652224,,,,,,,,,,
Mod-Nom-Ideal,AK,Rb,2030-Hhigh,1157.0023147021138,1157.0023147021138,0.4177784950669235,80.67583434240265,0.06972832579265302,,,,,,,,,,
Mod-Nom-Ideal,AK,Rb,2030-Hlow,1157.0023147021138,1157.0023147021138,0.4177784950669235,135.75645024327798,0.11733464014566847,,,,,,,,,,
Mod-Nom-Ideal,AK,Rb,2035-Hhigh,1157.0023147021138,1157.0023147021138,0.4177784950669235,70.35163172492732,0.06080509159831742,,,,,,,,,,
Mod-Nom-Ideal,AK,Rb,2035-Hlow,1157.0023147021138,1157.0023147021138,0.4177784950669235,115.80256345906261,0.10008844579440411,,,,,,,,,,
Mod-Nom-Ideal,AK,Rb,2040-Hhigh,1157.0023147021138,1157.0023147021138,0.4177784950669235,81.27366752764685,0.07024503451280638,,,,,,,,,,
Mod-Nom-Ideal,AK,Rb,2040-Hlow,1157.0023147021138,1157.0023147021138,0.4177784950669235,141.6788773682592,0.1224534087511626,,,,,,,,,,
Mod-Nom-Ideal,AK,Rb,2045-Hhigh,1157.0023147021138,1157.0023147021138,0.4177784950669235,77.25228726923062,0.06676934547803415,,,,,,,,,,
Mod-Nom-Ideal,AK,Rb,2045-Hlow,1157.0023147021138,1157.0023147021138,0.4177784950669235,134.09587913351157,0.11589940437417051,,,,,,,,,,
Mod-Nom-Ideal,AK,R,2024-Hhigh,3390.510784296661,3390.510784296661,1.830796606976215,294.2431405451381,0.08678431046671244,,,,,,,,,,
Mod-Nom-Ideal,AK,R,2024-Hlow,3390.510784296661,3390.510784296661,1.830796606976215,566.7439478905446,0.16715591954918732,,,,,,,,,,
Mod-Nom-Ideal,AK,R,2025-Hhigh,3390.510784296661,3390.510784296661,1.8995565490825932,242.68153848103935,0.0715766897439266,,,,,,,,,,
Mod-Nom-Ideal,AK,R,2025-Hlow,3390.510784296661,3390.510784296661,1.8995565490825932,402.92217681951723,0.11883819355056285,,,,,,,,,,
Mod-Nom-Ideal,AK,R,2030-Hhigh,3390.510784296661,3390.510784296661,1.8377968014425867,238.33865512090804,0.07029579620415508,,,,,,,,,,
Mod-Nom-Ideal,AK,R,2030-Hlow,3390.510784296661,3390.510784296661,1.8377968014425867,369.66153465128576,0.10902827277925016,,,,,,,,,,
Mod-Nom-Ideal,AK,R,2035-Hhigh,3390.510784296661,3390.510784296661,1.8377968014425867,210.14815905206453,0.06198126843464926,,,,,,,,,,
Mod-Nom-Ideal,AK,R,2035-Hlow,3390.510784296661,3390.510784296661,1.8377968014425867,325.21345895036063,0.09591872129019759,,,,,,,,,,
Mod-Nom-Ideal,AK,R,2040-Hhigh,3390.510784296661,3390.510784296661,1.8377968014425867,236.43734720206896,0.06973502290485012,,,,,,,,,,
Mod-Nom-Ideal,AK,R,2040-Hlow,3390.510784296661,3390.510784296661,1.8377968014425867,393.5997394326259,0.11608862630834414,,,,,,,,,,
Mod-Nom-Ideal,AK,R,2045-Hhigh,3390.510784296661,3390.510784296661,1.8377968014425867,224.4180097371427,0.06619002976676765,,,,,,,,,,
Mod-Nom-Ideal,AK,R,2045-Hlow,3390.510784296661,3390.510784296661,1.8377968014425867,370.83223457822805,0.10937355996499352,,,,,,,,,,
Mod-H1-Ideal,AK,Rl,2024-Hhigh,1684.7373555181127,1684.7373555181127,1.1538501469480826,144.95203149622313,0.08603835548695693,,,,,,,,,,
Mod-H1-Ideal,AK,Rl,2024-Hlow,1684.7373555181127,1684.7373555181127,1.1538501469480826,275.96145139292395,0.16380087405853042,,,,,,,,,,
Mod-H1-Ideal,AK,Rl,2025-Hhigh,1684.7373555181127,1684.7373555181127,1.1836010366289302,118.17267727457826,0.07014308603505515,,,,,,,,,,
Mod-H1-Ideal,AK,Rl,2025-Hlow,1684.7373555181127,1684.7373555181127,1.1836010366289302,191.7909242670365,0.11384025150202384,,,,,,,,,,
Mod-H1-Ideal,AK,Rl,2030-Hhigh,1684.7373555181127,1684.7373555181127,1.1512813660895267,116.36404803865692,0.06906954823404572,,,,,,,,,,
Mod-H1-Ideal,AK,Rl,2030-Hlow,1684.7373555181127,1684.7373555181127,1.1512813660895267,177.7373930129376,0.105498576636165,,,,,,,,,,
Mod-H1-Ideal,AK,Rl,2035-Hhigh,1684.7373555181127,1684.7373555181127,1.1512813660895267,103.48081193502757,0.0614225188253179,,,,,,,,,,
Mod-H1-Ideal,AK,Rl,2035-Hlow,1684.7373555181127,1684.7373555181127,1.1512813660895267,158.88304297447738,0.09430730698412962,,,,,,,,,,
Mod-H1-Ideal,AK,Rl,2040-Hhigh,1684.7373555181127,1684.7373555181127,1.1512813660895267,115.22967326271154,0.06839622382995988,,,,,,,,,,
Mod-H1-Ideal,AK,Rl,2040-Hlow,1684.7373555181127,1684.7373555181127,1.1512813660895267,192.40929982632062,0.11420729717668567,,,,,,,,,,
Mod-H1-Ideal,AK,Rl,2045-Hhigh,1684.7373555181127,1684.7373555181127,1.1512813660895267,109.20906830561337,0.06482260748116905,,,,,,,,,,
Mod-H1-Ideal,AK,Rl,2045-Hlow,1684.7373555181127,1684.7373555181127,1.1512813660895267,180.67556126853512,0.10724256850882931,,,,,,,,,,
Mod-H1-Ideal,AK,Rb,2024-Hhigh,577.4506731790643,577.4506731790643,0.3233454045991835,50.30280509896025,0.08711186502221224,,,,,,,,,,
Mod-H1-Ideal,AK,Rb,2024-Hlow,577.4506731790643,577.4506731790643,0.3233454045991835,108.54777124151234,0.1879775646358148,,,,,,,,,,
Mod-H1-Ideal,AK,Rb,2025-Hhigh,577.4506731790643,577.4506731790643,0.35110671598147764,42.54601212740421,0.07367904152431548,,,,,,,,,,
Mod-H1-Ideal,AK,Rb,2025-Hlow,577.4506731790643,577.4506731790643,0.35110671598147764,75.52882519462045,0.13079701644264838,,,,,,,,,,
Mod-H1-Ideal,AK,Rb,2030-Hhigh,577.4506731790643,577.4506731790643,0.3233454045991835,42.19151108429425,0.0730651344677035,,,,,,,,,,
Mod-H1-Ideal,AK,Rb,2030-Hlow,577.4506731790643,577.4506731790643,0.3233454045991835,69.54160900354425,0.12042865691140994,,,,,,,,,,
Mod-H1-Ideal,AK,Rb,2035-Hhigh,577.4506731790643,577.4506731790643,0.3233454045991835,37.71319259339426,0.06530980799757351,,,,,,,,,,
Mod-H1-Ideal,AK,Rb,2035-Hlow,577.4506731790643,577.4506731790643,0.3233454045991835,62.234486772864756,0.1077745505607302,,,,,,,,,,
Mod-H1-Ideal,AK,Rb,2040-Hhigh,577.4506731790643,577.4506731790643,0.3233454045991835,42.75893734353632,0.07404777469239698,,,,,,,,,,
Mod-H1-Ideal,AK,Rb,2040-Hlow,577.4506731790643,577.4506731790643,0.3233454045991835,77.56210649616102,0.1343181506208227,,,,,,,,,,
Mod-H1-Ideal,AK,Rb,2045-Hhigh,577.4506731790643,577.4506731790643,0.3233454045991835,40.95068927047193,0.07091634172841868,,,,,,,,,,
Mod-H1-Ideal,AK,Rb,2045-Hlow,577.4506731790643,577.4506731790643,0.3233454045991835,73.42151299696462,0.12714767928618728,,,,,,,,,,
Mod-H1-Ideal,AK,R,2024-Hhigh,2262.1880286971764,2262.1880286971764,1.477195551547266,195.2548365951834,0.08631238169341442,,,,,,,,,,
Mod-H1-Ideal,AK,R,2024-Hlow,2262.1880286971764,2262.1880286971764,1.477195551547266,384.50922263443624,0.16997226479705144,,,,,,,,,,
Mod-H1-Ideal,AK,R,2025-Hhigh,2262.1880286971764,2262.1880286971764,1.5347077526104074,160.71868940198237,0.07104568115610724,,,,,,,,,,
Mod-H1-Ideal,AK,R,2025-Hlow,2262.1880286971764,2262.1880286971764,1.5347077526104074,267.3197494616572,0.11816866947864194,,,,,,,,,,
Mod-H1-Ideal,AK,R,2030-Hhigh,2262.1880286971764,2262.1880286971764,1.4746267706887102,158.55555912295114,0.07008946962479744,,,,,,,,,,
Mod-H1-Ideal,AK,R,2030-Hlow,2262.1880286971764,2262.1880286971764,1.4746267706887102,247.2790020164819,0.1093096590025247,,,,,,,,,,
Mod-H1-Ideal,AK,R,2035-Hhigh,2262.1880286971764,2262.1880286971764,1.4746267706887102,141.19400452842183,0.062414796090021436,,,,,,,,,,
Mod-H1-Ideal,AK,R,2035-Hlow,2262.1880286971764,2262.1880286971764,1.4746267706887102,221.1175297473421,0.09774498270804066,,,,,,,,,,
Mod-H1-Ideal,AK,R,2040-Hhigh,2262.1880286971764,2262.1880286971764,1.4746267706887102,157.98861060624793,0.06983885008764529,,,,,,,,,,
Mod-H1-Ideal,AK,R,2040-Hlow,2262.1880286971764,2262.1880286971764,1.4746267706887102,269.97140632248164,0.11934083413833717,,,,,,,,,,
Mod-H1-Ideal,AK,R,2045-Hhigh,2262.1880286971764,2262.1880286971764,1.4746267706887102,150.15975757608527,0.06637810636040022,,,,,,,,,,
Mod-H1-Ideal,AK,R,2045-Hlow,2262.1880286971764,2262.1880286971764,1.4746267706887102,254.09707426549983,0.11232358718290877,,,,,,,,,,
Mod-Nom-Real,AK,Rl,2024-Hhigh,2238.2603680441844,2238.2603680441844,1.418554339128554,197.73466499941424,0.08834301309288556,,,,,,,,,,
Mod-Nom-Real,AK,Rl,2024-Hlow,2238.2603680441844,2238.2603680441844,1.418554339128554,360.8666465642325,0.16122639337065223,,,,,,,,,,
Mod-Nom-Real,AK,Rl,2025-Hhigh,2238.2603680441844,2238.2603680441844,1.4527321038083099,160.80140787408118,0.07184213694253594,,,,,,,,,,
Mod-Nom-Real,AK,Rl,2025-Hlow,2238.2603680441844,2238.2603680441844,1.4527321038083099,251.89075221726452,0.11253862857669653,,,,,,,,,,
Mod-Nom-Real,AK,Rl,2030-Hhigh,2238.2603680441844,2238.2603680441844,1.4252819636628475,157.94911547816747,0.07056780244748072,,,,,,,,,,
Mod-Nom-Real,AK,Rl,2030-Hlow,2238.2603680441844,2238.2603680441844,1.4252819636628475,234.40713575632213,0.10472737627086234,,,,,,,,,,
Mod-Nom-Real,AK,Rl,2035-Hhigh,2238.2603680441844,2238.2603680441844,1.4252819636628475,140.0560560995368,0.06257362105817889,,,,,,,,,,
Mod-Nom-Real,AK,Rl,2035-Hlow,2238.2603680441844,2238.2603680441844,1.4252819636628475,209.8511884510053,0.09375637948429363,,,,,,,,,,
Mod-Nom-Real,AK,Rl,2040-Hhigh,2238.2603680441844,2238.2603680441844,1.4252819636628475,155.44628583569113,0.06944959936520778,,,,,,,,,,
Mod-Nom-Real,AK,Rl,2040-Hlow,2238.2603680441844,2238.2603680441844,1.4252819636628475,252.46929934186213,0.11279710928468634,,,,,,,,,,
Mod-Nom-Real,AK,Rl,2045-Hhigh,2238.2603680441844,2238.2603680441844,1.4252819636628475,147.42965430118446,0.06586796442721722,,,,,,,,,,
Mod-Nom-Real,AK,Rl,2045-Hlow,2238.2603680441844,2238.2603680441844,1.4252819636628475,237.24510560767132,0.105995311803237,,,,,,,,,,
Mod-Nom-Real,AK,Rb,2024-Hhigh,836.5585200238972,836.5585200238972,0.46154224960032514,75.35184509324492,0.09007360906573805,,,,,,,,,,
Mod-Nom-Real,AK,Rb,2024-Hlow,836.5585200238972,836.5585200238972,0.46154224960032514,147.47934449027414,0.17629292029212879,,,,,,,,,,
Mod-Nom-Real,AK,Rb,2025-Hhigh,836.5585200238972,836.5585200238972,0.49973244579597353,62.57739560387169,0.07480336892879186,,,,,,,,,,
Mod-Nom-Real,AK,Rb,2025-Hlow,836.5585200238972,836.5585200238972,0.49973244579597353,100.77597997742275,0.12046494963023503,,,,,,,,,,
Mod-Nom-Real,AK,Rb,2030-Hhigh,836.5585200238972,836.5585200238972,0.46154224960032514,62.45952537245941,0.0746624699616653,,,,,,,,,,
Mod-Nom-Real,AK,Rb,2030-Hlow,836.5585200238972,836.5585200238972,0.46154224960032514,95.54379610679236,0.11421053497137659,,,,,,,,,,
Mod-Nom-Real,AK,Rb,2035-Hhigh,836.5585200238972,836.5585200238972,0.46154224960032514,56.608683390774374,0.0676685277070124,,,,,,,,,,
Mod-Nom-Real,AK,Rb,2035-Hlow,836.5585200238972,836.5585200238972,0.46154224960032514,88.14381251493108,0.10536478967713239,,,,,,,,,,
Mod-Nom-Real,AK,Rb,2040-Hhigh,836.5585200238972,836.5585200238972,0.46154224960032514,62.81508379803484,0.07508749512973756,,,,,,,,,,
Mod-Nom-Real,AK,Rb,2040-Hlow,836.5585200238972,836.5585200238972,0.46154224960032514,108.24999930944917,0.1293991952964114,,,,,,,,,,
Mod-Nom-Real,AK,Rb,2045-Hhigh,836.5585200238972,836.5585200238972,0.46154224960032514,60.26528662863896,0.07203953481570831,,,,,,,,,,
Mod-Nom-Real,AK,Rb,2045-Hlow,836.5585200238972,836.5585200238972,0.46154224960032514,102.52343007898351,0.12255380541226789,,,,,,,,,,
Mod-Nom-Real,AK,R,2024-Hhigh,3074.818888068081,3074.818888068081,1.880096588728879,273.08651009265895,0.08881385214341522,,,,,,,,,,
Mod-Nom-Real,AK,R,2024-Hlow,3074.818888068081,3074.818888068081,1.880096588728879,508.3459910545066,0.16532550682160735,,,,,,,,,,
Mod-Nom-Real,AK,R,2025-Hhigh,3074.818888068081,3074.818888068081,1.9524645496042834,223.3788034779529,0.07264779214957359,,,,,,,,,,
Mod-Nom-Real,AK,R,2025-Hlow,3074.818888068081,3074.818888068081,1.9524645496042834,352.6667321946871,0.11469512352848489,,,,,,,,,,
Mod-Nom-Real,AK,R,2030-Hhigh,3074.818888068081,3074.818888068081,1.8868242132631732,220.40864085062685,0.07168182871060427,,,,,,,,,,
Mod-Nom-Real,AK,R,2030-Hlow,3074.818888068081,3074.818888068081,1.8868242132631732,329.9509318631145,0.10730743626673367,,,,,,,,,,
Mod-Nom-Real,AK,R,2035-Hhigh,3074.818888068081,3074.818888068081,1.8868242132631732,196.66473949031118,0.06395977995760144,,,,,,,,,,
Mod-Nom-Real,AK,R,2035-Hlow,3074.818888068081,3074.818888068081,1.8868242132631732,297.9950009659366,0.09691465150104105,,,,,,,,,,
Mod-Nom-Real,AK,R,2040-Hhigh,3074.818888068081,3074.818888068081,1.8868242132631732,218.26136963372608,0.0709834879968688,,,,,,,,,,
Mod-Nom-Real,AK,R,2040-Hlow,3074.818888068081,3074.818888068081,1.8868242132631732,360.7192986513115,0.11731399857438518,,,,,,,,,,
Mod-Nom-Real,AK,R,2045-Hhigh,3074.818888068081,3074.818888068081,1.8868242132631732,207.6949409298233,0.0675470486199331,,,,,,,,,,
Mod-Nom-Real,AK,R,2045-Hlow,3074.818888068081,3074.818888068081,1.8868242132631732,339.7685356866548,0.1105003410136239,,,,,,,,,,
Mod-H1-Real,AK,Rl,2024-Hhigh,1686.91804868813,1686.91804868813,1.1561874556500746,145.1373988039814,0.08603701816863646,,,,,,,,,,
Mod-H1-Real,AK,Rl,2024-Hlow,1686.91804868813,1686.91804868813,1.1561874556500746,276.4031654603905,0.16385097407389865,,,,,,,,,,
Mod-H1-Real,AK,Rl,2025-Hhigh,1686.91804868813,1686.91804868813,1.1860190077994366,118.32408252568123,0.07014216405930249,,,,,,,,,,
Mod-H1-Real,AK,Rl,2025-Hlow,1686.91804868813,1686.91804868813,1.1860190077994366,192.06777405348382,0.113857204979726,,,,,,,,,,
Mod-H1-Real,AK,Rl,2030-Hhigh,1686.91804868813,1686.91804868813,1.1535714060777156,116.51193112487312,0.06906792610078555,,,,,,,,,,
Mod-H1-Real,AK,Rl,2030-Hlow,1686.91804868813,1686.91804868813,1.1535714060777156,177.99983824928773,0.10551777449278779,,,,,,,,,,
Mod-H1-Real,AK,Rl,2035-Hhigh,1686.91804868813,1686.91804868813,1.1535714060777156,103.62100545428045,0.06142622371896706,,,,,,,,,,
Mod-H1-Real,AK,Rl,2035-Hlow,1686.91804868813,1686.91804868813,1.1535714060777156,159.1321699273371,0.09433307685046693,,,,,,,,,,
Mod-H1-Real,AK,Rl,2040-Hhigh,1686.91804868813,1686.91804868813,1.1535714060777156,115.37749443639899,0.06839543540726528,,,,,,,,,,
Mod-H1-Real,AK,Rl,2040-Hlow,1686.91804868813,1686.91804868813,1.1535714060777156,192.73266037886734,0.11425134761510806,,,,,,,,,,
Mod-H1-Real,AK,Rl,2045-Hhigh,1686.91804868813,1686.91804868813,1.1535714060777156,109.35129970997879,0.0648231251038059,,,,,,,,,,
Mod-H1-Real,AK,Rl,2045-Hlow,1686.91804868813,1686.91804868813,1.1535714060777156,180.97955495088348,0.10728414168763345,,,,,,,,,,
Mod-H1-Real,AK,Rb,2024-Hhigh,498.34919189280527,498.34919189280527,0.3483264724931247,45.05477658440709,0.09040804583886704,,,,,,,,,,
Mod-H1-Real,AK,Rb,2024-Hlow,498.34919189280527,498.34919189280527,0.3483264724931247,92.13673063524261,0.18488387687615873,,,,,,,,,,
Mod-H1-Real,AK,Rb,2025-Hhigh,498.34919189280527,498.34919189280527,0.37808855165991684,37.69723466741981,0.0756442175098951,,,,,,,,,,
Mod-H1-Real,AK,Rb,2025-Hlow,498.34919189280527,498.34919189280527,0.37808855165991684,61.49609813538871,0.1233996144386575,,,,,,,,,,
Mod-H1-Real,AK,Rb,2030-Hhigh,498.34919189280527,498.34919189280527,0.3483264724931247,37.68345921267555,0.07561657533655888,,,,,,,,,,
Mod-H1-Real,AK,Rb,2030-Hlow,498.34919189280527,498.34919189280527,0.3483264724931247,58.54726027686358,0.11748240235825862,,,,,,,,,,
Mod-H1-Real,AK,Rb,2035-Hhigh,498.34919189280527,498.34919189280527,0.3483264724931247,34.42590462721711,0.06907988452125775,,,,,,,,,,
Mod-H1-Real,AK,Rb,2035-Hlow,498.34919189280527,498.34919189280527,0.3483264724931247,54.887161467250316,0.11013795619649872,,,,,,,,,,
Mod-H1-Real,AK,Rb,2040-Hhigh,498.34919189280527,498.34919189280527,0.3483264724931247,38.00719335781211,0.07626618839985487,,,,,,,,,,
Mod-H1-Real,AK,Rb,2040-Hlow,498.34919189280527,498.34919189280527,0.3483264724931247,68.60588235922202,0.1376662859603455,,,,,,,,,,
Mod-H1-Real,AK,Rb,2045-Hhigh,498.34919189280527,498.34919189280527,0.3483264724931247,36.6160413487289,0.07347466785218545,,,,,,,,,,
Mod-H1-Real,AK,Rb,2045-Hlow,498.34919189280527,498.34919189280527,0.3483264724931247,64.95726762441055,0.13034488403140188,,,,,,,,,,
Mod-H1-Real,AK,R,2024-Hhigh,2185.267240580935,2185.267240580935,1.504513928143199,190.1921753883885,0.087033829023963,,,,,,,,,,
Mod-H1-Real,AK,R,2024-Hlow,2185.267240580935,2185.267240580935,1.504513928143199,368.5398960956332,0.16864751791074303,,,,,,,,,,
Mod-H1-Real,AK,R,2025-Hhigh,2185.267240580935,2185.267240580935,1.564107559459353,156.021317193101,0.0713969048250703,,,,,,,,,,
Mod-H1-Real,AK,R,2025-Hlow,2185.267240580935,2185.267240580935,1.564107559459353,253.56387218887252,0.11603334707999591,,,,,,,,,,
Mod-H1-Real,AK,R,2030-Hhigh,2185.267240580935,2185.267240580935,1.5018978785708403,154.19539033754862,0.07056134255531926,,,,,,,,,,
Mod-H1-Real,AK,R,2030-Hlow,2185.267240580935,2185.267240580935,1.5018978785708403,236.54709852615125,0.10824630238966435,,,,,,,,,,
Mod-H1-Real,AK,R,2035-Hhigh,2185.267240580935,2185.267240580935,1.5018978785708403,138.04691008149751,0.0631716375544068,,,,,,,,,,
Mod-H1-Real,AK,R,2035-Hlow,2185.267240580935,2185.267240580935,1.5018978785708403,214.01933139458743,0.09793737233606824,,,,,,,,,,
Mod-H1-Real,AK,R,2040-Hhigh,2185.267240580935,2185.267240580935,1.5018978785708403,153.38468779421112,0.07019035701712853,,,,,,,,,,
Mod-H1-Real,AK,R,2040-Hlow,2185.267240580935,2185.267240580935,1.5018978785708403,261.3385427380894,0.11959111356495454,,,,,,,,,,
Mod-H1-Real,AK,R,2045-Hhigh,2185.267240580935,2185.267240580935,1.5018978785708403,145.9673410587076,0.06679610545935033,,,,,,,,,,
Mod-H1-Real,AK,R,2045-Hlow,2185.267240580935,2185.267240580935,1.5018978785708403,245.93682257529406,0.11254313340180482,,,,,,,,,,
Mod-Nom-Ideal,CH,Rl,2024-Hhigh,5867.6054458022645,5867.6054458022645,3.306742678665111,539.0522806799486,0.09186921064462356,,,,,,,,,,
Mod-Nom-Ideal,CH,Rl,2024-Hlow,5867.6054458022645,5867.6054458022645,3.306742678665111,856.3822536393103,0.14595089283857243,,,,,,,,,,
Mod-Nom-Ideal,CH,Rl,2025-Hhigh,5867.6054458022645,5867.6054458022645,3.3191352799534775,427.05073136969634,0.07278109193166901,,,,,,,,,,
Mod-Nom-Ideal,CH,Rl,2025-Hlow,5867.6054458022645,5867.6054458022645,3.3191352799534775,602.7081164269068,0.10271790119393413,,,,,,,,,,
Mod-Nom-Ideal,CH,Rl,2030-Hhigh,5867.6054458022645,5867.6054458022645,3.273225512985771,407.7949943076874,0.0694993891587287,,,,,,,,,,
Mod-Nom-Ideal,CH,Rl,2030-Hlow,5867.6054458022645,5867.6054458022645,3.273225512985771,553.5594194443528,0.09434162275522018,,,,,,,,,,
Mod-Nom-Ideal,CH,Rl,2035-Hhigh,5867.6054458022645,5867.6054458022645,3.273225512985771,349.19763313561674,0.059512800640921716,,,,,,,,,,
Mod-Nom-Ideal,CH,Rl,2035-Hlow,5867.6054458022645,5867.6054458022645,3.273225512985771,478.4783837539363,0.08154576652665763,,,,,,,,,,
Mod-Nom-Ideal,CH,Rl,2040-Hhigh,5867.6054458022645,5867.6054458022645,3.273225512985771,377.7671043030716,0.06438181772657012,,,,,,,,,,
Mod-Nom-Ideal,CH,Rl,2040-Hlow,5867.6054458022645,5867.6054458022645,3.273225512985771,559.8662514666916,0.09541647894325013,,,,,,,,,,
Mod-Nom-Ideal,CH,Rl,2045-Hhigh,5867.6054458022645,5867.6054458022645,3.273225512985771,352.3534271510333,0.060050634011717674,,,,,,,,,,
Mod-Nom-Ideal,CH,Rl,2045-Hlow,5867.6054458022645,5867.6054458022645,3.273225512985771,518.2068204280184,0.08831657568229098,,,,,,,,,,
Mod-Nom-Ideal,CH,Rb,2024-Hhigh,5056.106238557996,5056.106238557996,1.2883859210267476,458.86514841150233,0.09075464928173085,,,,,,,,,,
Mod-Nom-Ideal,CH,Rb,2024-Hlow,5056.106238557996,5056.106238557996,1.2883859210267476,812.6399972655771,0.16072447035791368,,,,,,,,,,
Mod-Nom-Ideal,CH,Rb,2025-Hhigh,5056.106238557996,5056.106238557996,1.3847368434948049,383.202395175916,0.07579002044173928,,,,,,,,,,
Mod-Nom-Ideal,CH,Rb,2025-Hlow,5056.106238557996,5056.106238557996,1.3847368434948049,615.8777093565101,0.12180869631650752,,,,,,,,,,
Mod-Nom-Ideal,CH,Rb,2030-Hhigh,5056.106238557996,5056.106238557996,1.2883859210267476,363.204660514862,0.07183485539624423,,,,,,,,,,
Mod-Nom-Ideal,CH,Rb,2030-Hlow,5056.106238557996,5056.106238557996,1.2883859210267476,541.3021910279572,0.10705910150779126,,,,,,,,,,
Mod-Nom-Ideal,CH,Rb,2035-Hhigh,5056.106238557996,5056.106238557996,1.2883859210267476,300.35551711035487,0.05940451069240515,,,,,,,,,,
Mod-Nom-Ideal,CH,Rb,2035-Hlow,5056.106238557996,5056.106238557996,1.2883859210267476,437.8087977584774,0.0865901104727065,,,,,,,,,,
Mod-Nom-Ideal,CH,Rb,2040-Hhigh,5056.106238557996,5056.106238557996,1.2883859210267476,340.56329885563736,0.06735683207336367,,,,,,,,,,
Mod-Nom-Ideal,CH,Rb,2040-Hlow,5056.106238557996,5056.106238557996,1.2883859210267476,518.3464956860157,0.10251890906347894,,,,,,,,,,
Mod-Nom-Ideal,CH,Rb,2045-Hhigh,5056.106238557996,5056.106238557996,1.2883859210267476,319.45948074417123,0.06318290511935153,,,,,,,,,,
Mod-Nom-Ideal,CH,Rb,2045-Hlow,5056.106238557996,5056.106238557996,1.2883859210267476,484.25968165132423,0.09577719668118273,,,,,,,,,,
Mod-Nom-Ideal,CH,R,2024-Hhigh,10923.711684360258,10923.711684360258,4.595128599691859,997.9174290914506,0.09135332915461263,,,,,,,,,,
Mod-Nom-Ideal,CH,R,2024-Hlow,10923.711684360258,10923.711684360258,4.595128599691859,1669.022250904887,0.15278893283996742,,,,,,,,,,
Mod-Nom-Ideal,CH,R,2025-Hhigh,10923.711684360258,10923.711684360258,4.703872123448281,810.2531265456123,0.07417379275083498,,,,,,,,,,
Mod-Nom-Ideal,CH,R,2025-Hlow,10923.711684360258,10923.711684360258,4.703872123448281,1218.5858257834163,0.1115541915600075,,,,,,,,,,
Mod-Nom-Ideal,CH,R,2030-Hhigh,10923.711684360258,10923.711684360258,4.561611434012518,770.9996548225492,0.07058037387845087,,,,,,,,,,
Mod-Nom-Ideal,CH,R,2030-Hlow,10923.711684360258,10923.711684360258,4.561611434012518,1094.8616104723098,0.1002279849659388,,,,,,,,,,
Mod-Nom-Ideal,CH,R,2035-Hhigh,10923.711684360258,10923.711684360258,4.561611434012518,649.5531502459718,0.05946267798114378,,,,,,,,,,
Mod-Nom-Ideal,CH,R,2035-Hlow,10923.711684360258,10923.711684360258,4.561611434012518,916.2871815124141,0.08388057173133603,,,,,,,,,,
Mod-Nom-Ideal,CH,R,2040-Hhigh,10923.711684360258,10923.711684360258,4.561611434012518,718.330403158709,0.06575882116947118,,,,,,,,,,
Mod-Nom-Ideal,CH,R,2040-Hlow,10923.711684360258,10923.711684360258,4.561611434012518,1078.2127471527074,0.09870388182218418,,,,,,,,,,
Mod-Nom-Ideal,CH,R,2045-Hhigh,10923.711684360258,10923.711684360258,4.561611434012518,671.812907895205,0.061500424700613045,,,,,,,,,,
Mod-Nom-Ideal,CH,R,2045-Hlow,10923.711684360258,10923.711684360258,4.561611434012518,1002.466502079343,0.09176976938292855,,,,,,,,,,
Mod-H1-Ideal,CH,Rl,2024-Hhigh,4986.386754278528,4986.386754278528,2.8874559679319654,448.5682354975635,0.08995857273057954,,,,,,,,,,
Mod-H1-Ideal,CH,Rl,2024-Hlow,4986.386754278528,4986.386754278528,2.8874559679319654,733.658480650331,0.14713228572188494,,,,,,,,,,
Mod-H1-Ideal,CH,Rl,2025-Hhigh,4986.386754278528,4986.386754278528,2.8977404495428636,354.66426463979235,0.0711265054471508,,,,,,,,,,
Mod-H1-Ideal,CH,Rl,2025-Hlow,4986.386754278528,4986.386754278528,2.8977404495428636,516.213518930951,0.10352456485410366,,,,,,,,,,
Mod-H1-Ideal,CH,Rl,2030-Hhigh,4986.386754278528,4986.386754278528,2.860592324810011,339.7205843173026,0.0681296098875219,,,,,,,,,,
Mod-H1-Ideal,CH,Rl,2030-Hlow,4986.386754278528,4986.386754278528,2.860592324810011,472.11387231166606,0.09468055639819206,,,,,,,,,,
Mod-H1-Ideal,CH,Rl,2035-Hhigh,4986.386754278528,4986.386754278528,2.860592324810011,292.6508501804006,0.05868996221147386,,,,,,,,,,
Mod-H1-Ideal,CH,Rl,2035-Hlow,4986.386754278528,4986.386754278528,2.860592324810011,408.9200500778127,0.08200728708557196,,,,,,,,,,
Mod-H1-Ideal,CH,Rl,2040-Hhigh,4986.386754278528,4986.386754278528,2.860592324810011,316.88913874511195,0.06355085442845118,,,,,,,,,,
Mod-H1-Ideal,CH,Rl,2040-Hlow,4986.386754278528,4986.386754278528,2.860592324810011,480.0628377972781,0.09627468976115103,,,,,,,,,,
Mod-H1-Ideal,CH,Rl,2045-Hhigh,4986.386754278528,4986.386754278528,2.860592324810011,295.8065254052259,0.05932282030699114,,,,,,,,,,
Mod-H1-Ideal,CH,Rl,2045-Hlow,4986.386754278528,4986.386754278528,2.860592324810011,445.47679669982386,0.08933859699462464,,,,,,,,,,
Mod-H1-Ideal,CH,Rb,2024-Hhigh,3477.17992782906,3477.17992782906,1.0612176495757195,316.64028025788116,0.0910623800982229,,,,,,,,,,
Mod-H1-Ideal,CH,Rb,2024-Hlow,3477.17992782906,3477.17992782906,1.0612176495757195,585.5423777979962,0.16839576609530624,,,,,,,,,,
Mod-H1-Ideal,CH,Rb,2025-Hhigh,3477.17992782906,3477.17992782906,1.1392495656342032,264.25209928164867,0.07599609590713116,,,,,,,,,,
Mod-H1-Ideal,CH,Rb,2025-Hlow,3477.17992782906,3477.17992782906,1.1392495656342032,437.77883836238146,0.12590054223501285,,,,,,,,,,
Mod-H1-Ideal,CH,Rb,2030-Hhigh,3477.17992782906,3477.17992782906,1.0612176495757195,253.1606348566689,0.07280630859235605,,,,,,,,,,
Mod-H1-Ideal,CH,Rb,2030-Hlow,3477.17992782906,3477.17992782906,1.0612176495757195,387.1844830766995,0.11135014325198696,,,,,,,,,,
Mod-H1-Ideal,CH,Rb,2035-Hhigh,3477.17992782906,3477.17992782906,1.0612176495757195,212.91508827889277,0.06123211703106316,,,,,,,,,,
Mod-H1-Ideal,CH,Rb,2035-Hlow,3477.17992782906,3477.17992782906,1.0612176495757195,319.5061036613056,0.09188656045785522,,,,,,,,,,
Mod-H1-Ideal,CH,Rb,2040-Hhigh,3477.17992782906,3477.17992782906,1.0612176495757195,241.72623363569897,0.06951789629897528,,,,,,,,,,
Mod-H1-Ideal,CH,Rb,2040-Hlow,3477.17992782906,3477.17992782906,1.0612176495757195,381.4024467323256,0.10968729103715093,,,,,,,,,,
Mod-H1-Ideal,CH,Rb,2045-Hhigh,3477.17992782906,3477.17992782906,1.0612176495757195,228.12768178777233,0.06560709728075573,,,,,,,,,,
Mod-H1-Ideal,CH,Rb,2045-Hlow,3477.17992782906,3477.17992782906,1.0612176495757195,358.40226101208646,0.10307268201558124,,,,,,,,,,
Mod-H1-Ideal,CH,R,2024-Hhigh,8463.566682107588,8463.566682107588,3.9486736175076853,765.2085157554446,0.09041206201791196,,,,,,,,,,
Mod-H1-Ideal,CH,R,2024-Hlow,8463.566682107588,8463.566682107588,3.9486736175076853,1319.200858448327,0.15586819458009174,,,,,,,,,,
Mod-H1-Ideal,CH,R,2025-Hhigh,8463.566682107588,8463.566682107588,4.036990015177067,618.9163639214405,0.07312713270515861,,,,,,,,,,
Mod-H1-Ideal,CH,R,2025-Hlow,8463.566682107588,8463.566682107588,4.036990015177067,953.9923572933322,0.11271753305968756,,,,,,,,,,
Mod-H1-Ideal,CH,R,2030-Hhigh,8463.566682107588,8463.566682107588,3.9218099743857304,592.8812191739715,0.0700509893101395,,,,,,,,,,
Mod-H1-Ideal,CH,R,2030-Hlow,8463.566682107588,8463.566682107588,3.9218099743857304,859.2983553883654,0.10152910559622173,,,,,,,,,,
Mod-H1-Ideal,CH,R,2035-Hhigh,8463.566682107588,8463.566682107588,3.9218099743857304,505.5659384592933,0.0597343835581854,,,,,,,,,,
Mod-H1-Ideal,CH,R,2035-Hlow,8463.566682107588,8463.566682107588,3.9218099743857304,728.4261537391181,0.08606609732029975,,,,,,,,,,
Mod-H1-Ideal,CH,R,2040-Hhigh,8463.566682107588,8463.566682107588,3.9218099743857304,558.6153723808111,0.06600235968622455,,,,,,,,,,
Mod-H1-Ideal,CH,R,2040-Hlow,8463.566682107588,8463.566682107588,3.9218099743857304,861.465284529604,0.10178513585186084,,,,,,,,,,
Mod-H1-Ideal,CH,R,2045-Hhigh,8463.566682107588,8463.566682107588,3.9218099743857304,523.9342071929981,0.0619046587416416,,,,,,,,,,
Mod-H1-Ideal,CH,R,2045-Hlow,8463.566682107588,8463.566682107588,3.9218099743857304,803.8790577119101,0.09498112177828663,,,,,,,,,,
Mod-Nom-Real,CH,Rl,2024-Hhigh,5901.745137045861,5901.745137045861,3.3339223889723186,542.2166290964369,0.09187394855343504,,,,,,,,,,
Mod-Nom-Real,CH,Rl,2024-Hlow,5901.745137045861,5901.745137045861,3.3339223889723186,861.7094772030099,0.14600926627515154,,,,,,,,,,
Mod-Nom-Real,CH,Rl,2025-Hhigh,5901.745137045861,5901.745137045861,3.346527763028984,429.53371106483036,0.07278079637302586,,,,,,,,,,
Mod-Nom-Real,CH,Rl,2025-Hlow,5901.745137045861,5901.745137045861,3.346527763028984,606.3723270996398,0.10274458029259488,,,,,,,,,,
Mod-Nom-Real,CH,Rl,2030-Hhigh,5901.745137045861,5901.745137045861,3.2995267174784795,410.1760910984704,0.06950081400902132,,,,,,,,,,
Mod-Nom-Real,CH,Rl,2030-Hlow,5901.745137045861,5901.745137045861,3.2995267174784795,556.8695024361356,0.09435675202926139,,,,,,,,,,
Mod-Nom-Real,CH,Rl,2035-Hhigh,5901.745137045861,5901.745137045861,3.2995267174784795,351.2197662409885,0.05951117137138741,,,,,,,,,,
Mod-Nom-Real,CH,Rl,2035-Hlow,5901.745137045861,5901.745137045861,3.2995267174784795,481.3251525150524,0.08155641108487131,,,,,,,,,,
Mod-Nom-Real,CH,Rl,2040-Hhigh,5901.745137045861,5901.745137045861,3.2995267174784795,379.9037752766955,0.06437143022188478,,,,,,,,,,
Mod-Nom-Real,CH,Rl,2040-Hlow,5901.745137045861,5901.745137045861,3.2995267174784795,563.2161901859537,0.09543214373162062,,,,,,,,,,
Mod-Nom-Real,CH,Rl,2045-Hhigh,5901.745137045861,5901.745137045861,3.2995267174784795,354.3225044652871,0.06003690370178277,,,,,,,,,,
Mod-Nom-Real,CH,Rl,2045-Hlow,5901.745137045861,5901.745137045861,3.2995267174784795,521.2306559051771,0.0883180557278488,,,,,,,,,,
Mod-Nom-Real,CH,Rb,2024-Hhigh,3023.420563786557,3023.420563786557,1.5055982909962213,296.42193284919557,0.09804191199849295,,,,,,,,,,
Mod-Nom-Real,CH,Rb,2024-Hlow,3023.420563786557,3023.420563786557,1.5055982909962213,485.681752107458,0.16063982560837853,,,,,,,,,,
Mod-Nom-Real,CH,Rb,2025-Hhigh,3023.420563786557,3023.420563786557,1.6163631783234875,240.77824831785207,0.07963769619146183,,,,,,,,,,
Mod-Nom-Real,CH,Rb,2025-Hlow,3023.420563786557,3023.420563786557,1.6163631783234875,337.14766516828684,0.11151199710900964,,,,,,,,,,
Mod-Nom-Real,CH,Rb,2030-Hhigh,3023.420563786557,3023.420563786557,1.5055982909962213,234.98957818961546,0.0777230865610415,,,,,,,,,,
Mod-Nom-Real,CH,Rb,2030-Hlow,3023.420563786557,3023.420563786557,1.5055982909962213,318.7261810459982,0.10541906900534634,,,,,,,,,,
Mod-Nom-Real,CH,Rb,2035-Hhigh,3023.420563786557,3023.420563786557,1.5055982909962213,205.1116291942797,0.06784091887547268,,,,,,,,,,
Mod-Nom-Real,CH,Rb,2035-Hlow,3023.420563786557,3023.420563786557,1.5055982909962213,285.29740701976584,0.09436246165583295,,,,,,,,,,
Mod-Nom-Real,CH,Rb,2040-Hhigh,3023.420563786557,3023.420563786557,1.5055982909962213,223.41312722123897,0.07389416143331198,,,,,,,,,,
Mod-Nom-Real,CH,Rb,2040-Hlow,3023.420563786557,3023.420563786557,1.5055982909962213,341.46191205530647,0.11293893947312997,,,,,,,,,,
Mod-Nom-Real,CH,Rb,2045-Hhigh,3023.420563786557,3023.420563786557,1.5055982909962213,212.31398420212759,0.0702231064857956,,,,,,,,,,
Mod-Nom-Real,CH,Rb,2045-Hlow,3023.420563786557,3023.420563786557,1.5055982909962213,319.10313218581405,0.10554374604972808,,,,,,,,,,
Mod-Nom-Real,CH,R,2024-Hhigh,8925.16570083242,8925.16570083242,4.83952067996854,838.6385619456327,0.09396336046370721,,,,,,,,,,
Mod-Nom-Real,CH,R,2024-Hlow,8925.16570083242,8925.16570083242,4.83952067996854,1347.391229310468,0.15096540215323973,,,,,,,,,,
Mod-Nom-Real,CH,R,2025-Hhigh,8925.16570083242,8925.16570083242,4.962890941352472,670.3119593826824,0.07510358707627855,,,,,,,,,,
Mod-Nom-Real,CH,R,2025-Hlow,8925.16570083242,8925.16570083242,4.962890941352472,943.519992267927,0.10571456305622741,,,,,,,,,,
Mod-Nom-Real,CH,R,2030-Hhigh,8925.16570083242,8925.16570083242,4.805125008474701,645.1656692880856,0.07228612788980637,,,,,,,,,,
Mod-Nom-Real,CH,R,2030-Hlow,8925.16570083242,8925.16570083242,4.805125008474701,875.595683482134,0.09810413754004255,,,,,,,,,,
Mod-Nom-Real,CH,R,2035-Hhigh,8925.16570083242,8925.16570083242,4.805125008474701,556.3313954352682,0.06233289264124038,,,,,,,,,,
Mod-Nom-Real,CH,R,2035-Hlow,8925.16570083242,8925.16570083242,4.805125008474701,766.622559534818,0.0858944903917378,,,,,,,,,,
Mod-Nom-Real,CH,R,2040-Hhigh,8925.16570083242,8925.16570083242,4.805125008474701,603.3169024979347,0.06759727748714686,,,,,,,,,,
Mod-Nom-Real,CH,R,2040-Hlow,8925.16570083242,8925.16570083242,4.805125008474701,904.6781022412598,0.10136261135822762,,,,,,,,,,
Mod-Nom-Real,CH,R,2045-Hhigh,8925.16570083242,8925.16570083242,4.805125008474701,566.6364886674145,0.06348750349974637,,,,,,,,,,
Mod-Nom-Real,CH,R,2045-Hlow,8925.16570083242,8925.16570083242,4.805125008474701,840.3337880909908,0.09415329824213971,,,,,,,,,,
Mod-H1-Real,CH,Rl,2024-Hhigh,5012.66436812263,5012.66436812263,2.9068577476079964,450.8715804610798,0.08994649299249666,,,,,,,,,,
Mod-H1-Real,CH,Rl,2024-Hlow,5012.66436812263,5012.66436812263,2.9068577476079964,737.8756984924577,0.14720229488829928,,,,,,,,,,
Mod-H1-Real,CH,Rl,2025-Hhigh,5012.66436812263,5012.66436812263,2.9172172384402977,356.4584659319781,0.0711115765497543,,,,,,,,,,
Mod-H1-Real,CH,Rl,2025-Hlow,5012.66436812263,5012.66436812263,2.9172172384402977,519.1214473500554,0.10356198006220783,,,,,,,,,,
Mod-H1-Real,CH,Rl,2030-Hhigh,5012.66436812263,5012.66436812263,2.879826910982735,341.4379995584331,0.06811507303975158,,,,,,,,,,
Mod-H1-Real,CH,Rl,2030-Hlow,5012.66436812263,5012.66436812263,2.879826910982735,474.69094965469304,0.09469833102599624,,,,,,,,,,
Mod-H1-Real,CH,Rl,2035-Hhigh,5012.66436812263,5012.66436812263,2.879826910982735,294.1237567633926,0.058676132125229326,,,,,,,,,,
Mod-H1-Real,CH,Rl,2035-Hlow,5012.66436812263,5012.66436812263,2.879826910982735,411.11294578549615,0.08201485589179161,,,,,,,,,,
Mod-H1-Real,CH,Rl,2040-Hhigh,5012.66436812263,5012.66436812263,2.879826910982735,318.4529032494905,0.06352966802937161,,,,,,,,,,
Mod-H1-Real,CH,Rl,2040-Hlow,5012.66436812263,5012.66436812263,2.879826910982735,482.65575041129955,0.09628726660430018,,,,,,,,,,
Mod-H1-Real,CH,Rl,2045-Hhigh,5012.66436812263,5012.66436812263,2.879826910982735,297.2401925817464,0.059297844569847075,,,,,,,,,,
Mod-H1-Real,CH,Rl,2045-Hlow,5012.66436812263,5012.66436812263,2.879826910982735,447.8377806305995,0.0893412659899123,,,,,,,,,,
Mod-H1-Real,CH,Rb,2024-Hhigh,2351.9308081423637,2351.9308081423637,1.3018239034731005,229.22122053800405,0.09746086906317235,,,,,,,,,,
Mod-H1-Real,CH,Rb,2024-Hlow,2351.9308081423637,2351.9308081423637,1.3018239034731005,391.45000335977494,0.1664377208736662,,,,,,,,,,
Mod-H1-Real,CH,Rb,2025-Hhigh,2351.9308081423637,2351.9308081423637,1.3982020331803702,186.57404981412242,0.07932803514805993,,,,,,,,,,
Mod-H1-Real,CH,Rb,2025-Hlow,2351.9308081423637,2351.9308081423637,1.3982020331803702,270.6476160635447,0.11507465063451912,,,,,,,,,,
Mod-H1-Real,CH,Rb,2030-Hhigh,2351.9308081423637,2351.9308081423637,1.3018239034731005,183.3631866765262,0.07796283208745958,,,,,,,,,,
Mod-H1-Real,CH,Rb,2030-Hlow,2351.9308081423637,2351.9308081423637,1.3018239034731005,255.7735254212376,0.10875044645690762,,,,,,,,,,
Mod-H1-Real,CH,Rb,2035-Hhigh,2351.9308081423637,2351.9308081423637,1.3018239034731005,161.83425290915372,0.06880910456586774,,,,,,,,,,
Mod-H1-Real,CH,Rb,2035-Hlow,2351.9308081423637,2351.9308081423637,1.3018239034731005,231.53936319706804,0.0984465029309029,,,,,,,,,,
Mod-H1-Real,CH,Rb,2040-Hhigh,2351.9308081423637,2351.9308081423637,1.3018239034731005,176.75559718581326,0.075153400165467,,,,,,,,,,
Mod-H1-Real,CH,Rb,2040-Hlow,2351.9308081423637,2351.9308081423637,1.3018239034731005,278.90622159300716,0.11858606580917953,,,,,,,,,,
Mod-H1-Real,CH,Rb,2045-Hhigh,2351.9308081423637,2351.9308081423637,1.3018239034731005,168.64009877017943,0.07170283164213373,,,,,,,,,,
Mod-H1-Real,CH,Rb,2045-Hlow,2351.9308081423637,2351.9308081423637,1.3018239034731005,262.1435338603271,0.11145886305531971,,,,,,,,,,
Mod-H1-Real,CH,R,2024-Hhigh,7364.595176264991,7364.595176264991,4.208681651081097,680.0928009990839,0.09234625729204005,,,,,,,,,,
Mod-H1-Real,CH,R,2024-Hlow,7364.595176264991,7364.595176264991,4.208681651081097,1129.3257018522324,0.1533452518193917,,,,,,,,,,
Mod-H1-Real,CH,R,2025-Hhigh,7364.595176264991,7364.595176264991,4.315419271620667,543.0325157461006,0.07373555541738595,,,,,,,,,,
Mod-H1-Real,CH,R,2025-Hlow,7364.595176264991,7364.595176264991,4.315419271620667,789.7690634136002,0.1072386254113342,,,,,,,,,,
Mod-H1-Real,CH,R,2030-Hhigh,7364.595176264991,7364.595176264991,4.1816508144558355,524.8011862349592,0.07126001819167418,,,,,,,,,,
Mod-H1-Real,CH,R,2030-Hlow,7364.595176264991,7364.595176264991,4.1816508144558355,730.4644750759309,0.0991859644139179,,,,,,,,,,
Mod-H1-Real,CH,R,2035-Hhigh,7364.595176264991,7364.595176264991,4.1816508144558355,455.95800967254627,0.06191216200749662,,,,,,,,,,
Mod-H1-Real,CH,R,2035-Hlow,7364.595176264991,7364.595176264991,4.1816508144558355,642.6523089825643,0.0872624079940929,,,,,,,,,,
Mod-H1-Real,CH,R,2040-Hhigh,7364.595176264991,7364.595176264991,4.1816508144558355,495.20850043530373,0.06724178160278083,,,,,,,,,,
Mod-H1-Real,CH,R,2040-Hlow,7364.595176264991,7364.595176264991,4.1816508144558355,761.5619720043071,0.10340853146398454,,,,,,,,,,
Mod-H1-Real,CH,R,2045-Hhigh,7364.595176264991,7364.595176264991,4.1816508144558355,465.880291351926,0.06325945692892798,,,,,,,,,,
Mod-H1-Real,CH,R,2045-Hlow,7364.595176264991,7364.595176264991,4.1816508144558355,709.9813144909265,0.09640466278161385,,,,,,,,,,
Mass-Nom-Ideal,AK,Rl,2024-Hhigh,1563.8815104525415,1563.8815104525415,0.9109666989236551,149.84081940919842,0.09581340939687871,,,,,,,,,,
Mass-Nom-Ideal,AK,Rl,2024-Hlow,1563.8815104525415,1563.8815104525415,0.9109666989236551,248.1610333803551,0.15868275935338896,,,,,,,,,,
Mass-Nom-Ideal,AK,Rl,2025-Hhigh,1563.8815104525415,1563.8815104525415,0.9300859312499632,120.16036003201104,0.07683469574190448,,,,,,,,,,
Mass-Nom-Ideal,AK,Rl,2025-Hlow,1563.8815104525415,1563.8815104525415,0.9300859312499632,171.19243383650195,0.10946637113636817,,,,,,,,,,
Mass-Nom-Ideal,AK,Rl,2030-Hhigh,1563.8815104525415,1563.8815104525415,0.8726967079755691,115.29355476862341,0.07372269190346833,,,,,,,,,,
Mass-Nom-Ideal,AK,Rl,2030-Hlow,1563.8815104525415,1563.8815104525415,0.8726967079755691,157.64871846746914,0.1008060504672443,,,,,,,,,,
Mass-Nom-Ideal,AK,Rl,2035-Hhigh,1563.8815104525415,1563.8815104525415,0.8726967079755691,100.52699924637407,0.06428044488951372,,,,,,,,,,
Mass-Nom-Ideal,AK,Rl,2035-Hlow,1563.8815104525415,1563.8815104525415,0.8726967079755691,139.14119009788928,0.08897169585285646,,,,,,,,,,
Mass-Nom-Ideal,AK,Rl,2040-Hhigh,1563.8815104525415,1563.8815104525415,0.8726967079755691,106.13964816530516,0.06786936699225471,,,,,,,,,,
Mass-Nom-Ideal,AK,Rl,2040-Hlow,1563.8815104525415,1563.8815104525415,0.8726967079755691,164.23147333416523,0.10501529191085676,,,,,,,,,,
Mass-Nom-Ideal,AK,Rl,2045-Hhigh,1563.8815104525415,1563.8815104525415,0.8726967079755691,99.79437115886384,0.06381197711710669,,,,,,,,,,
Mass-Nom-Ideal,AK,Rl,2045-Hlow,1563.8815104525415,1563.8815104525415,0.8726967079755691,152.13279562500105,0.09727897836772702,,,,,,,,,,
Mass-Nom-Ideal,AK,Rb,2024-Hhigh,887.9253731783978,887.9253731783978,0.2395374476341267,79.42953681605948,0.08945519433883874,,,,,,,,,,
Mass-Nom-Ideal,AK,Rb,2024-Hlow,887.9253731783978,887.9253731783978,0.2395374476341267,150.12902237197255,0.16907842360059389,,,,,,,,,,
Mass-Nom-Ideal,AK,Rb,2025-Hhigh,887.9253731783978,887.9253731783978,0.27202501860412853,67.34528538419937,0.07584565935212742,,,,,,,,,,
Mass-Nom-Ideal,AK,Rb,2025-Hlow,887.9253731783978,887.9253731783978,0.27202501860412853,113.767900431875,0.12812777274810155,,,,,,,,,,
Mass-Nom-Ideal,AK,Rb,2030-Hhigh,887.9253731783978,887.9253731783978,0.2395374476341267,64.34892085527514,0.07247109137666963,,,,,,,,,,
Mass-Nom-Ideal,AK,Rb,2030-Hlow,887.9253731783978,887.9253731783978,0.2395374476341267,99.3729993170431,0.11191593608968481,,,,,,,,,,
Mass-Nom-Ideal,AK,Rb,2035-Hhigh,887.9253731783978,887.9253731783978,0.2395374476341267,54.01674716666585,0.0608347827400277,,,,,,,,,,
Mass-Nom-Ideal,AK,Rb,2035-Hlow,887.9253731783978,887.9253731783978,0.2395374476341267,80.64034548939945,0.09081883221868194,,,,,,,,,,
Mass-Nom-Ideal,AK,Rb,2040-Hhigh,887.9253731783978,887.9253731783978,0.2395374476341267,60.6387255589636,0.06829259236269213,,,,,,,,,,
Mass-Nom-Ideal,AK,Rb,2040-Hlow,887.9253731783978,887.9253731783978,0.2395374476341267,95.5989199310759,0.10766548948688351,,,,,,,,,,
Mass-Nom-Ideal,AK,Rb,2045-Hhigh,887.9253731783978,887.9253731783978,0.2395374476341267,56.880013547728105,0.06405945281653759,,,,,,,,,,
Mass-Nom-Ideal,AK,Rb,2045-Hlow,887.9253731783978,887.9253731783978,0.2395374476341267,89.43265875462633,0.10072091805924545,,,,,,,,,,
Mass-Nom-Ideal,AK,R,2024-Hhigh,2451.80688363094,2451.80688363094,1.1505041465577819,229.27035622525793,0.09351077271050236,,,,,,,,,,
Mass-Nom-Ideal,AK,R,2024-Hlow,2451.80688363094,2451.80688363094,1.1505041465577819,398.29005575232776,0.16244756404406957,,,,,,,,,,
Mass-Nom-Ideal,AK,R,2025-Hhigh,2451.80688363094,2451.80688363094,1.2021109498540918,187.50564541621048,0.07647651479733544,,,,,,,,,,
Mass-Nom-Ideal,AK,R,2025-Hlow,2451.80688363094,2451.80688363094,1.2021109498540918,284.9603342683768,0.11622462444773472,,,,,,,,,,
Mass-Nom-Ideal,AK,R,2030-Hhigh,2451.80688363094,2451.80688363094,1.112234155609696,179.64247562389863,0.07326942298076175,,,,,,,,,,
Mass-Nom-Ideal,AK,R,2030-Hlow,2451.80688363094,2451.80688363094,1.112234155609696,257.0217177845123,0.1048295114515229,,,,,,,,,,
Mass-Nom-Ideal,AK,R,2035-Hhigh,2451.80688363094,2451.80688363094,1.112234155609696,154.5437464130399,0.06303259340889539,,,,,,,,,,
Mass-Nom-Ideal,AK,R,2035-Hlow,2451.80688363094,2451.80688363094,1.112234155609696,219.78153558728874,0.0896406389323,,,,,,,,,,
Mass-Nom-Ideal,AK,R,2040-Hhigh,2451.80688363094,2451.80688363094,1.112234155609696,166.7783737242688,0.06802263866609375,,,,,,,,,,
Mass-Nom-Ideal,AK,R,2040-Hlow,2451.80688363094,2451.80688363094,1.112234155609696,259.8303932652412,0.10597506475732384,,,,,,,,,,
Mass-Nom-Ideal,AK,R,2045-Hhigh,2451.80688363094,2451.80688363094,1.112234155609696,156.674384706592,0.06390160079596854,,,,,,,,,,
Mass-Nom-Ideal,AK,R,2045-Hlow,2451.80688363094,2451.80688363094,1.112234155609696,241.56545437962734,0.09852548175486286,,,,,,,,,,
Mass-H1-Ideal,AK,Rl,2024-Hhigh,452.53689337432246,452.53689337432246,0.31785652643828827,45.20742454416079,0.0998977656983357,,,,,,,,,,
Mass-H1-Ideal,AK,Rl,2024-Hlow,452.53689337432246,452.53689337432246,0.31785652643828827,76.3217609395506,0.1686531243242083,,,,,,,,,,
Mass-H1-Ideal,AK,Rl,2025-Hhigh,452.53689337432246,452.53689337432246,0.3295674319314789,36.62319329119952,0.08092863549338532,,,,,,,,,,
Mass-H1-Ideal,AK,Rl,2025-Hlow,452.53689337432246,452.53689337432246,0.3295674319314789,51.93067530472327,0.11475456711938857,,,,,,,,,,
Mass-H1-Ideal,AK,Rl,2030-Hhigh,452.53689337432246,452.53689337432246,0.30223100513839024,35.53467305270285,0.07852326202122449,,,,,,,,,,
Mass-H1-Ideal,AK,Rl,2030-Hlow,452.53689337432246,452.53689337432246,0.30223100513839024,48.23737748258082,0.10659324839329856,,,,,,,,,,
Mass-H1-Ideal,AK,Rl,2035-Hhigh,452.53689337432246,452.53689337432246,0.30223100513839024,31.358192897804784,0.06929422408852398,,,,,,,,,,
Mass-H1-Ideal,AK,Rl,2035-Hlow,452.53689337432246,452.53689337432246,0.30223100513839024,42.69679004679886,0.0943498545023192,,,,,,,,,,
Mass-H1-Ideal,AK,Rl,2040-Hhigh,452.53689337432246,452.53689337432246,0.30223100513839024,32.39480164478614,0.07158488538522385,,,,,,,,,,
Mass-H1-Ideal,AK,Rl,2040-Hlow,452.53689337432246,452.53689337432246,0.30223100513839024,50.48033719611534,0.11154966133194316,,,,,,,,,,
Mass-H1-Ideal,AK,Rl,2045-Hhigh,452.53689337432246,452.53689337432246,0.30223100513839024,30.578877739782204,0.06757212105243415,,,,,,,,,,
Mass-H1-Ideal,AK,Rl,2045-Hlow,452.53689337432246,452.53689337432246,0.30223100513839024,46.73282414903872,0.10326853972187189,,,,,,,,,,
Mass-H1-Ideal,AK,Rb,2024-Hhigh,86.39709664817063,86.39709664817063,0.039081237821494995,9.572986131221842,0.11080217394579012,,,,,,,,,,
Mass-H1-Ideal,AK,Rb,2024-Hlow,86.39709664817063,86.39709664817063,0.039081237821494995,17.07798610073918,0.19766851854159836,,,,,,,,,,
Mass-H1-Ideal,AK,Rb,2025-Hhigh,86.39709664817063,86.39709664817063,0.04656780741319734,7.95018929628405,0.09201917199439116,,,,,,,,,,
Mass-H1-Ideal,AK,Rb,2025-Hlow,86.39709664817063,86.39709664817063,0.04656780741319734,11.434784303242855,0.1323514880344648,,,,,,,,,,
Mass-H1-Ideal,AK,Rb,2030-Hhigh,86.39709664817063,86.39709664817063,0.039081237821494995,7.712615227578384,0.0892693797221679,,,,,,,,,,
Mass-H1-Ideal,AK,Rb,2030-Hlow,86.39709664817063,86.39709664817063,0.039081237821494995,10.541059890420296,0.12200710787014037,,,,,,,,,,
Mass-H1-Ideal,AK,Rb,2035-Hhigh,86.39709664817063,86.39709664817063,0.039081237821494995,6.7470569166517596,0.07809356076081315,,,,,,,,,,
Mass-H1-Ideal,AK,Rb,2035-Hlow,86.39709664817063,86.39709664817063,0.039081237821494995,9.101812912017568,0.10534859694512998,,,,,,,,,,
Mass-H1-Ideal,AK,Rb,2040-Hhigh,86.39709664817063,86.39709664817063,0.039081237821494995,6.9656626097175,0.08062380427068426,,,,,,,,,,
Mass-H1-Ideal,AK,Rb,2040-Hlow,86.39709664817063,86.39709664817063,0.039081237821494995,11.131956520648629,0.12884641906406397,,,,,,,,,,
Mass-H1-Ideal,AK,Rb,2045-Hhigh,86.39709664817063,86.39709664817063,0.039081237821494995,6.646888745495937,0.07693416796820889,,,,,,,,,,
Mass-H1-Ideal,AK,Rb,2045-Hlow,86.39709664817063,86.39709664817063,0.039081237821494995,10.388470912192078,0.12024097238471315,,,,,,,,,,
Mass-H1-Ideal,AK,R,2024-Hhigh,538.9339900224929,538.9339900224929,0.3569377642597833,54.78041067538264,0.10164586329597865,,,,,,,,,,
Mass-H1-Ideal,AK,R,2024-Hlow,538.9339900224929,538.9339900224929,0.3569377642597833,93.39974704028974,0.17330461386633195,,,,,,,,,,
Mass-H1-Ideal,AK,R,2025-Hhigh,538.9339900224929,538.9339900224929,0.37613523934467635,44.57338258748355,0.08270657151467332,,,,,,,,,,
Mass-H1-Ideal,AK,R,2025-Hlow,538.9339900224929,538.9339900224929,0.37613523934467635,63.36545960796614,0.11757554873338295,,,,,,,,,,
Mass-H1-Ideal,AK,R,2030-Hhigh,538.9339900224929,538.9339900224929,0.34131224295988527,43.24728828028125,0.08024598388844668,,,,,,,,,,
Mass-H1-Ideal,AK,R,2030-Hlow,538.9339900224929,538.9339900224929,0.34131224295988527,58.7784373730011,0.10906426104344973,,,,,,,,,,
Mass-H1-Ideal,AK,R,2035-Hhigh,538.9339900224929,538.9339900224929,0.34131224295988527,38.105249814456556,0.07070485536246507,,,,,,,,,,
Mass-H1-Ideal,AK,R,2035-Hlow,538.9339900224929,538.9339900224929,0.34131224295988527,51.798602958816424,0.0961130749178662,,,,,,,,,,
Mass-H1-Ideal,AK,R,2040-Hhigh,538.9339900224929,538.9339900224929,0.34131224295988527,39.36046425450364,0.07303392434546742,,,,,,,,,,
Mass-H1-Ideal,AK,R,2040-Hlow,538.9339900224929,538.9339900224929,0.34131224295988527,61.61229371676399,0.11432252345819299,,,,,,,,,,
Mass-H1-Ideal,AK,R,2045-Hhigh,538.9339900224929,538.9339900224929,0.34131224295988527,37.22576648527813,0.06907296102018816,,,,,,,,,,
Mass-H1-Ideal,AK,R,2045-Hlow,538.9339900224929,538.9339900224929,0.34131224295988527,57.12129506123081,0.10598940894198712,,,,,,,,,,
Mass-Nom-Real,AK,Rl,2024-Hhigh,1564.6934843278088,1564.6934843278088,0.9116148137629554,149.96394935729995,0.09584238118159248,,,,,,,,,,
Mass-Nom-Real,AK,Rl,2024-Hlow,1564.6934843278088,1564.6934843278088,0.9116148137629554,248.4428828948454,0.1587805441661798,,,,,,,,,,
Mass-Nom-Real,AK,Rl,2025-Hhigh,1564.6934843278088,1564.6934843278088,0.9305692258817604,120.25894744987387,0.07685783104128988,,,,,,,,,,
Mass-Nom-Real,AK,Rl,2025-Hlow,1564.6934843278088,1564.6934843278088,0.9305692258817604,171.35521673052145,0.1095136002334256,,,,,,,,,,
Mass-Nom-Real,AK,Rl,2030-Hhigh,1564.6934843278088,1564.6934843278088,0.8734620032481012,115.38846455258438,0.07374509174373867,,,,,,,,,,
Mass-Nom-Real,AK,Rl,2030-Hlow,1564.6934843278088,1564.6934843278088,0.8734620032481012,157.79433541698353,0.10084680290259651,,,,,,,,,,
Mass-Nom-Real,AK,Rl,2035-Hhigh,1564.6934843278088,1564.6934843278088,0.8734620032481012,100.61492583139842,0.06430328165814694,,,,,,,,,,
Mass-Nom-Real,AK,Rl,2035-Hlow,1564.6934843278088,1564.6934843278088,0.8734620032481012,139.27571921082313,0.08901150327896705,,,,,,,,,,
Mass-Nom-Real,AK,Rl,2040-Hhigh,1564.6934843278088,1564.6934843278088,0.8734620032481012,106.22848430993363,0.0678909226464692,,,,,,,,,,
Mass-Nom-Real,AK,Rl,2040-Hlow,1564.6934843278088,1564.6934843278088,0.8734620032481012,164.4531149080523,0.1051024475753481,,,,,,,,,,
Mass-Nom-Real,AK,Rl,2045-Hhigh,1564.6934843278088,1564.6934843278088,0.8734620032481012,99.881911482829,0.06383481012943451,,,,,,,,,,
Mass-Nom-Real,AK,Rl,2045-Hlow,1564.6934843278088,1564.6934843278088,0.8734620032481012,152.34009041389623,0.09736097960383687,,,,,,,,,,
Mass-Nom-Real,AK,Rb,2024-Hhigh,589.3476177212862,589.3476177212862,0.2937354708183112,57.29046604618717,0.09720997306767928,,,,,,,,,,
Mass-Nom-Real,AK,Rb,2024-Hlow,589.3476177212862,589.3476177212862,0.2937354708183112,98.37086946505198,0.1669148504330995,,,,,,,,,,
Mass-Nom-Real,AK,Rb,2025-Hhigh,589.3476177212862,589.3476177212862,0.3330987497615476,46.84470466507499,0.07948569444668352,,,,,,,,,,
Mass-Nom-Real,AK,Rb,2025-Hlow,589.3476177212862,589.3476177212862,0.3330987497615476,67.41478662042701,0.11438883367525338,,,,,,,,,,
Mass-Nom-Real,AK,Rb,2030-Hhigh,589.3476177212862,589.3476177212862,0.2937354708183112,45.783423198038214,0.07768492112526036,,,,,,,,,,
Mass-Nom-Real,AK,Rb,2030-Hlow,589.3476177212862,589.3476177212862,0.2937354708183112,63.28767037424883,0.10738597810737023,,,,,,,,,,
Mass-Nom-Real,AK,Rb,2035-Hhigh,589.3476177212862,589.3476177212862,0.2937354708183112,40.65593428076683,0.06898464176026212,,,,,,,,,,
Mass-Nom-Real,AK,Rb,2035-Hlow,589.3476177212862,589.3476177212862,0.2937354708183112,56.83306800903879,0.09643386398808902,,,,,,,,,,
Mass-Nom-Real,AK,Rb,2040-Hhigh,589.3476177212862,589.3476177212862,0.2937354708183112,42.70937181535429,0.07246889701614502,,,,,,,,,,
Mass-Nom-Real,AK,Rb,2040-Hlow,589.3476177212862,589.3476177212862,0.2937354708183112,67.06383094352795,0.11379333508266377,,,,,,,,,,
Mass-Nom-Real,AK,Rb,2045-Hhigh,589.3476177212862,589.3476177212862,0.2937354708183112,40.58954818593058,0.06887199840201298,,,,,,,,,,
Mass-Nom-Real,AK,Rb,2045-Hlow,589.3476177212862,589.3476177212862,0.2937354708183112,62.790591254245754,0.10654253850558641,,,,,,,,,,
Mass-Nom-Real,AK,R,2024-Hhigh,2154.041102049094,2154.041102049094,1.2053502845812665,207.25441540348714,0.096216555573768,,,,,,,,,,
Mass-Nom-Real,AK,R,2024-Hlow,2154.041102049094,2154.041102049094,1.2053502845812665,346.8137523598973,0.16100609780843117,,,,,,,,,,
Mass-Nom-Real,AK,R,2025-Hhigh,2154.041102049094,2154.041102049094,1.2636679756433082,167.1036521149488,0.07757681687502926,,,,,,,,,,
Mass-Nom-Real,AK,R,2025-Hlow,2154.041102049094,2154.041102049094,1.2636679756433082,238.77000335094846,0.11084746856678433,,,,,,,,,,
Mass-Nom-Real,AK,R,2030-Hhigh,2154.041102049094,2154.041102049094,1.1671974740664124,161.17188775062255,0.07482303266975876,,,,,,,,,,
Mass-Nom-Real,AK,R,2030-Hlow,2154.041102049094,2154.041102049094,1.1671974740664124,221.08200579123235,0.1026359272257719,,,,,,,,,,
Mass-Nom-Real,AK,R,2035-Hhigh,2154.041102049094,2154.041102049094,1.1671974740664124,141.27086011216534,0.06558410606825345,,,,,,,,,,
Mass-Nom-Real,AK,R,2035-Hlow,2154.041102049094,2154.041102049094,1.1671974740664124,196.10878721986194,0.09104226796476063,,,,,,,,,,
Mass-Nom-Real,AK,R,2040-Hhigh,2154.041102049094,2154.041102049094,1.1671974740664124,148.93785612528796,0.0691434606255222,,,,,,,,,,
Mass-Nom-Real,AK,R,2040-Hlow,2154.041102049094,2154.041102049094,1.1671974740664124,231.5169458515801,0.10748028235456736,,,,,,,,,,
Mass-Nom-Real,AK,R,2045-Hhigh,2154.041102049094,2154.041102049094,1.1671974740664124,140.47145966875954,0.06521298945276949,,,,,,,,,,
Mass-Nom-Real,AK,R,2045-Hlow,2154.041102049094,2154.041102049094,1.1671974740664124,215.13068166814213,0.09987306252582312,,,,,,,,,,
Mass-H1-Real,AK,Rl,2024-Hhigh,451.76431108953096,451.76431108953096,0.3177310930925062,45.127143515062876,0.0998908997619326,,,,,,,,,,
Mass-H1-Real,AK,Rl,2024-Hlow,451.76431108953096,451.76431108953096,0.3177310930925062,76.17195157856288,0.1686099359970626,,,,,,,,,,
Mass-H1-Real,AK,Rl,2025-Hhigh,451.76431108953096,451.76431108953096,0.32944710141899836,36.55852407144354,0.08092388702258145,,,,,,,,,,
Mass-H1-Real,AK,Rl,2025-Hlow,451.76431108953096,451.76431108953096,0.32944710141899836,51.83346543611145,0.11473563573692536,,,,,,,,,,
Mass-H1-Real,AK,Rl,2030-Hhigh,451.76431108953096,451.76431108953096,0.3021059952242683,35.47288086125696,0.07852076844163752,,,,,,,,,,
Mass-H1-Real,AK,Rl,2030-Hlow,451.76431108953096,451.76431108953096,0.3021059952242683,48.14874414104712,0.1065793444925422,,,,,,,,,,
Mass-H1-Real,AK,Rl,2035-Hhigh,451.76431108953096,451.76431108953096,0.3021059952242683,31.30443462808381,0.06929373095582993,,,,,,,,,,
Mass-H1-Real,AK,Rl,2035-Hlow,451.76431108953096,451.76431108953096,0.3021059952242683,42.62037164189657,0.09434205092276542,,,,,,,,,,
Mass-H1-Real,AK,Rl,2040-Hhigh,451.76431108953096,451.76431108953096,0.3021059952242683,32.33950367429863,0.07158490141973514,,,,,,,,,,
Mass-H1-Real,AK,Rl,2040-Hlow,451.76431108953096,451.76431108953096,0.3021059952242683,50.38558198728588,0.11153068259369527,,,,,,,,,,
Mass-H1-Real,AK,Rl,2045-Hhigh,451.76431108953096,451.76431108953096,0.3021059952242683,30.526751017921907,0.06757229437690596,,,,,,,,,,
Mass-H1-Real,AK,Rl,2045-Hlow,451.76431108953096,451.76431108953096,0.3021059952242683,46.64592253563769,0.1032527833443518,,,,,,,,,,
Mass-H1-Real,AK,Rb,2024-Hhigh,78.51358347710293,78.51358347710293,0.03908506666266775,8.962773957497612,0.11415571115934918,,,,,,,,,,
Mass-H1-Real,AK,Rb,2024-Hlow,78.51358347710293,78.51358347710293,0.03908506666266775,15.490962862733264,0.197302965635888,,,,,,,,,,
Mass-H1-Real,AK,Rb,2025-Hhigh,78.51358347710293,78.51358347710293,0.046571777669723854,7.348250230597709,0.09359208821159837,,,,,,,,,,
Mass-H1-Real,AK,Rb,2025-Hlow,78.51358347710293,78.51358347710293,0.046571777669723854,10.035960340740138,0.12782451005649162,,,,,,,,,,
Mass-H1-Real,AK,Rb,2030-Hhigh,78.51358347710293,78.51358347710293,0.03908506666266775,7.1502683084760665,0.09107046184640538,,,,,,,,,,
Mass-H1-Real,AK,Rb,2030-Hlow,78.51358347710293,78.51358347710293,0.03908506666266775,9.421308010066465,0.1199958987073112,,,,,,,,,,
Mass-H1-Real,AK,Rb,2035-Hhigh,78.51358347710293,78.51358347710293,0.03908506666266775,6.355135363460373,0.08094313215640875,,,,,,,,,,
Mass-H1-Real,AK,Rb,2035-Hlow,78.51358347710293,78.51358347710293,0.03908506666266775,8.402488415565259,0.1070195505471444,,,,,,,,,,
Mass-H1-Real,AK,Rb,2040-Hhigh,78.51358347710293,78.51358347710293,0.03908506666266775,6.373648086441942,0.08117892222179238,,,,,,,,,,
Mass-H1-Real,AK,Rb,2040-Hlow,78.51358347710293,78.51358347710293,0.03908506666266775,10.219150225279972,0.1301577354224343,,,,,,,,,,
Mass-H1-Real,AK,Rb,2045-Hhigh,78.51358347710293,78.51358347710293,0.03908506666266775,6.129572892671229,0.07807022200761997,,,,,,,,,,
Mass-H1-Real,AK,Rb,2045-Hlow,78.51358347710293,78.51358347710293,0.03908506666266775,9.576429550079105,0.12197162740472671,,,,,,,,,,
Mass-H1-Real,AK,R,2024-Hhigh,530.277894566634,530.277894566634,0.35681615975517395,54.08991747256049,0.10200296491100219,,,,,,,,,,
Mass-H1-Real,AK,R,2024-Hlow,530.277894566634,530.277894566634,0.35681615975517395,91.66291444129618,0.17285826050925066,,,,,,,,,,
Mass-H1-Real,AK,R,2025-Hhigh,530.277894566634,530.277894566634,0.37601887908872217,43.906774302041256,0.08279955614201827,,,,,,,,,,
Mass-H1-Real,AK,R,2025-Hlow,530.277894566634,530.277894566634,0.37601887908872217,61.869425776851585,0.11667359022652443,,,,,,,,,,
Mass-H1-Real,AK,R,2030-Hhigh,530.277894566634,530.277894566634,0.34119106188693604,42.62314916973301,0.08037889115586552,,,,,,,,,,
Mass-H1-Real,AK,R,2030-Hlow,530.277894566634,530.277894566634,0.34119106188693604,57.570052151113586,0.10856581566192254,,,,,,,,,,
Mass-H1-Real,AK,R,2035-Hhigh,530.277894566634,530.277894566634,0.34119106188693604,37.65956999154419,0.07101855532243374,,,,,,,,,,
Mass-H1-Real,AK,R,2035-Hlow,530.277894566634,530.277894566634,0.34119106188693604,51.02286005746183,0.09621909677973643,,,,,,,,,,
Mass-H1-Real,AK,R,2040-Hhigh,530.277894566634,530.277894566634,0.34119106188693604,38.71315176074058,0.0730054036900381,,,,,,,,,,
Mass-H1-Real,AK,R,2040-Hlow,530.277894566634,530.277894566634,0.34119106188693604,60.60473221256586,0.11428862646083834,,,,,,,,,,
Mass-H1-Real,AK,R,2045-Hhigh,530.277894566634,530.277894566634,0.34119106188693604,36.65632391059314,0.06912663018048351,,,,,,,,,,
Mass-H1-Real,AK,R,2045-Hlow,530.277894566634,530.277894566634,0.34119106188693604,56.22235208571677,0.10602431793175936,,,,,,,,,,
Mass-Nom-Ideal,CH,Rl,2024-Hhigh,3452.1915523232456,3452.1915523232456,1.7598253012455756,337.9153648173916,0.09788430325947074,,,,,,,,,,
Mass-Nom-Ideal,CH,Rl,2024-Hlow,3452.1915523232456,3452.1915523232456,1.7598253012455756,495.5365245108479,0.14354259229252886,,,,,,,,,,
Mass-Nom-Ideal,CH,Rl,2025-Hhigh,3452.1915523232456,3452.1915523232456,1.7751895336913257,264.42408948102184,0.07659600734005345,,,,,,,,,,
Mass-Nom-Ideal,CH,Rl,2025-Hlow,3452.1915523232456,3452.1915523232456,1.7751895336913257,342.78746077830067,0.09929560848024571,,,,,,,,,,
Mass-Nom-Ideal,CH,Rl,2030-Hhigh,3452.1915523232456,3452.1915523232456,1.7172965753951415,245.33776234896033,0.07106725065237288,,,,,,,,,,
Mass-Nom-Ideal,CH,Rl,2030-Hlow,3452.1915523232456,3452.1915523232456,1.7172965753951415,310.733301704266,0.09001044611651102,,,,,,,,,,
Mass-Nom-Ideal,CH,Rl,2035-Hhigh,3452.1915523232456,3452.1915523232456,1.7172965753951415,204.64313810383194,0.05927919554930601,,,,,,,,,,
Mass-Nom-Ideal,CH,Rl,2035-Hlow,3452.1915523232456,3452.1915523232456,1.7172965753951415,261.8759201706371,0.075857876424731,,,,,,,,,,
Mass-Nom-Ideal,CH,Rl,2040-Hhigh,3452.1915523232456,3452.1915523232456,1.7172965753951415,213.53996123052954,0.0618563477703959,,,,,,,,,,
Mass-Nom-Ideal,CH,Rl,2040-Hlow,3452.1915523232456,3452.1915523232456,1.7172965753951415,303.05361415761166,0.08778586285389162,,,,,,,,,,
Mass-Nom-Ideal,CH,Rl,2045-Hhigh,3452.1915523232456,3452.1915523232456,1.7172965753951415,197.34535434464405,0.05716523876313734,,,,,,,,,,
Mass-Nom-Ideal,CH,Rl,2045-Hlow,3452.1915523232456,3452.1915523232456,1.7172965753951415,276.0720664290649,0.07997008921572579,,,,,,,,,,
Mass-Nom-Ideal,CH,Rb,2024-Hhigh,3304.6358897040245,3304.6358897040245,0.6759737105382863,315.8425620975191,0.0955756012580881,,,,,,,,,,
Mass-Nom-Ideal,CH,Rb,2024-Hlow,3304.6358897040245,3304.6358897040245,0.6759737105382863,507.0250757169495,0.15342842377783428,,,,,,,,,,
Mass-Nom-Ideal,CH,Rb,2025-Hhigh,3304.6358897040245,3304.6358897040245,0.7448223581433899,263.6732649072764,0.0797889007163485,,,,,,,,,,
Mass-Nom-Ideal,CH,Rb,2025-Hlow,3304.6358897040245,3304.6358897040245,0.7448223581433899,383.73284771131927,0.11611955462533205,,,,,,,,,,
Mass-Nom-Ideal,CH,Rb,2030-Hhigh,3304.6358897040245,3304.6358897040245,0.6759737105382863,244.38262997385993,0.07395145429947737,,,,,,,,,,
Mass-Nom-Ideal,CH,Rb,2030-Hlow,3304.6358897040245,3304.6358897040245,0.6759737105382863,335.0214486958598,0.10137923204782043,,,,,,,,,,
Mass-Nom-Ideal,CH,Rb,2035-Hhigh,3304.6358897040245,3304.6358897040245,0.6759737105382863,196.6991526692131,0.05952218617550335,,,,,,,,,,
Mass-Nom-Ideal,CH,Rb,2035-Hlow,3304.6358897040245,3304.6358897040245,0.6759737105382863,263.08971401675626,0.07961231518317728,,,,,,,,,,
Mass-Nom-Ideal,CH,Rb,2040-Hhigh,3304.6358897040245,3304.6358897040245,0.6759737105382863,216.7626082689431,0.06559349214365555,,,,,,,,,,
Mass-Nom-Ideal,CH,Rb,2040-Hlow,3304.6358897040245,3304.6358897040245,0.6759737105382863,307.2250960404709,0.0929679112296959,,,,,,,,,,
Mass-Nom-Ideal,CH,Rb,2045-Hhigh,3304.6358897040245,3304.6358897040245,0.6759737105382863,201.48919836784788,0.06097167890587002,,,,,,,,,,
Mass-Nom-Ideal,CH,Rb,2045-Hlow,3304.6358897040245,3304.6358897040245,0.6759737105382863,282.5239268386395,0.0854932090155153,,,,,,,,,,
Mass-Nom-Ideal,CH,R,2024-Hhigh,6756.82744202727,6756.82744202727,2.4357990117838617,653.7579269149107,0.09675516098702705,,,,,,,,,,
Mass-Nom-Ideal,CH,R,2024-Hlow,6756.82744202727,6756.82744202727,2.4357990117838617,1002.5616002277975,0.1483775645936869,,,,,,,,,,
Mass-Nom-Ideal,CH,R,2025-Hhigh,6756.82744202727,6756.82744202727,2.520011891834716,528.0973543882986,0.07815759081008174,,,,,,,,,,
Mass-Nom-Ideal,CH,R,2025-Hlow,6756.82744202727,6756.82744202727,2.520011891834716,726.5203084896207,0.10752388080398287,,,,,,,,,,
Mass-Nom-Ideal,CH,R,2030-Hhigh,6756.82744202727,6756.82744202727,2.393270285933428,489.72039232282026,0.07247785984244227,,,,,,,,,,
Mass-Nom-Ideal,CH,R,2030-Hlow,6756.82744202727,6756.82744202727,2.393270285933428,645.7547504001255,0.0955707032539487,,,,,,,,,,
Mass-Nom-Ideal,CH,R,2035-Hhigh,6756.82744202727,6756.82744202727,2.393270285933428,401.34229077304497,0.05939803764658952,,,,,,,,,,
Mass-Nom-Ideal,CH,R,2035-Hlow,6756.82744202727,6756.82744202727,2.393270285933428,524.9656341873932,0.0776941010691086,,,,,,,,,,
Mass-Nom-Ideal,CH,R,2040-Hhigh,6756.82744202727,6756.82744202727,2.393270285933428,430.30256949947267,0.06368411405965516,,,,,,,,,,
Mass-Nom-Ideal,CH,R,2040-Hlow,6756.82744202727,6756.82744202727,2.393270285933428,610.2787101980825,0.09032030423067589,,,,,,,,,,
Mass-Nom-Ideal,CH,R,2045-Hhigh,6756.82744202727,6756.82744202727,2.393270285933428,398.8345527124918,0.059026896296293214,,,,,,,,,,
Mass-Nom-Ideal,CH,R,2045-Hlow,6756.82744202727,6756.82744202727,2.393270285933428,558.5959932677043,0.08267134214398514,,,,,,,,,,
Mass-H1-Ideal,CH,Rl,2024-Hhigh,1250.165598278432,1250.165598278432,0.8599407316079735,131.45147666257867,0.10514725156698985,,,,,,,,,,
Mass-H1-Ideal,CH,Rl,2024-Hlow,1250.165598278432,1250.165598278432,0.8599407316079735,200.8262271577658,0.16063970039994538,,,,,,,,,,
Mass-H1-Ideal,CH,Rl,2025-Hhigh,1250.165598278432,1250.165598278432,0.8715362220074864,103.28892718865524,0.08262019634110195,,,,,,,,,,
Mass-H1-Ideal,CH,Rl,2025-Hlow,1250.165598278432,1250.165598278432,0.8715362220074864,135.57468602952895,0.10844538212875561,,,,,,,,,,
Mass-H1-Ideal,CH,Rl,2030-Hhigh,1250.165598278432,1250.165598278432,0.8397614874256413,96.61395989759525,0.07728092984692557,,,,,,,,,,
Mass-H1-Ideal,CH,Rl,2030-Hlow,1250.165598278432,1250.165598278432,0.8397614874256413,123.251567086538,0.09858819284122382,,,,,,,,,,
Mass-H1-Ideal,CH,Rl,2035-Hhigh,1250.165598278432,1250.165598278432,0.8397614874256413,81.4373382983837,0.0651412408168396,,,,,,,,,,
Mass-H1-Ideal,CH,Rl,2035-Hlow,1250.165598278432,1250.165598278432,0.8397614874256413,105.21626099618842,0.08416185914976286,,,,,,,,,,
Mass-H1-Ideal,CH,Rl,2040-Hhigh,1250.165598278432,1250.165598278432,0.8397614874256413,83.58354957570987,0.06685798240713904,,,,,,,,,,
Mass-H1-Ideal,CH,Rl,2040-Hlow,1250.165598278432,1250.165598278432,0.8397614874256413,123.540969531131,0.0988196841292512,,,,,,,,,,
Mass-H1-Ideal,CH,Rl,2045-Hhigh,1250.165598278432,1250.165598278432,0.8397614874256413,77.71409847604475,0.06216304350644639,,,,,,,,,,
Mass-H1-Ideal,CH,Rl,2045-Hlow,1250.165598278432,1250.165598278432,0.8397614874256413,112.99805859912271,0.09038647260389276,,,,,,,,,,
Mass-H1-Ideal,CH,Rb,2024-Hhigh,668.4851097503869,668.4851097503869,0.2905344171795058,73.34303876744247,0.10971529163129579,,,,,,,,,,
Mass-H1-Ideal,CH,Rb,2024-Hlow,668.4851097503869,668.4851097503869,0.2905344171795058,122.07389902385545,0.18261274221865315,,,,,,,,,,
Mass-H1-Ideal,CH,Rb,2025-Hhigh,668.4851097503869,668.4851097503869,0.31973442449800554,61.17656259182251,0.09151522105655564,,,,,,,,,,
Mass-H1-Ideal,CH,Rb,2025-Hlow,668.4851097503869,668.4851097503869,0.31973442449800554,86.85132307833601,0.12992259933922298,,,,,,,,,,
Mass-H1-Ideal,CH,Rb,2030-Hhigh,668.4851097503869,668.4851097503869,0.2905344171795058,57.508239957961024,0.08602770520862413,,,,,,,,,,
Mass-H1-Ideal,CH,Rb,2030-Hlow,668.4851097503869,668.4851097503869,0.2905344171795058,77.5219886817724,0.11596666485319201,,,,,,,,,,
Mass-H1-Ideal,CH,Rb,2035-Hhigh,668.4851097503869,668.4851097503869,0.2905344171795058,47.76930644355916,0.07145904336058626,,,,,,,,,,
Mass-H1-Ideal,CH,Rb,2035-Hlow,668.4851097503869,668.4851097503869,0.2905344171795058,64.03495521590123,0.09579114670155026,,,,,,,,,,
Mass-H1-Ideal,CH,Rb,2040-Hhigh,668.4851097503869,668.4851097503869,0.2905344171795058,50.930841513328566,0.07618844574166536,,,,,,,,,,
Mass-H1-Ideal,CH,Rb,2040-Hlow,668.4851097503869,668.4851097503869,0.2905344171795058,76.69389060343714,0.11472789667981495,,,,,,,,,,
Mass-H1-Ideal,CH,Rb,2045-Hhigh,668.4851097503869,668.4851097503869,0.2905344171795058,48.35764908452268,0.07233915666809614,,,,,,,,,,
Mass-H1-Ideal,CH,Rb,2045-Hlow,668.4851097503869,668.4851097503869,0.2905344171795058,70.97427832791371,0.10617181638408608,,,,,,,,,,
Mass-H1-Ideal,CH,R,2024-Hhigh,1918.6507080288188,1918.6507080288188,1.1504751487874796,204.79451543002116,0.10673882149212179,,,,,,,,,,
Mass-H1-Ideal,CH,R,2024-Hlow,1918.6507080288188,1918.6507080288188,1.1504751487874796,322.900126181621,0.168295419708448,,,,,,,,,,
Mass-H1-Ideal,CH,R,2025-Hhigh,1918.6507080288188,1918.6507080288188,1.191270646505492,164.4654897804777,0.08571934906768208,,,,,,,,,,
Mass-H1-Ideal,CH,R,2025-Hlow,1918.6507080288188,1918.6507080288188,1.191270646505492,222.42600910786504,0.11592834911383157,,,,,,,,,,
Mass-H1-Ideal,CH,R,2030-Hhigh,1918.6507080288188,1918.6507080288188,1.130295904605147,154.12219985555623,0.08032843039674382,,,,,,,,,,
Mass-H1-Ideal,CH,R,2030-Hlow,1918.6507080288188,1918.6507080288188,1.130295904605147,200.7735557683104,0.10464309888618596,,,,,,,,,,
Mass-H1-Ideal,CH,R,2035-Hhigh,1918.6507080288188,1918.6507080288188,1.130295904605147,129.20664474194285,0.06734245279834547,,,,,,,,,,
Mass-H1-Ideal,CH,R,2035-Hlow,1918.6507080288188,1918.6507080288188,1.130295904605147,169.2512162120897,0.08821366781553211,,,,,,,,,,
Mass-H1-Ideal,CH,R,2040-Hhigh,1918.6507080288188,1918.6507080288188,1.130295904605147,134.5143910890385,0.07010884812235352,,,,,,,,,,
Mass-H1-Ideal,CH,R,2040-Hlow,1918.6507080288188,1918.6507080288188,1.130295904605147,200.23486013456815,0.10436233093218161,,,,,,,,,,
Mass-H1-Ideal,CH,R,2045-Hhigh,1918.6507080288188,1918.6507080288188,1.130295904605147,126.07174756056742,0.06570854561124931,,,,,,,,,,
Mass-H1-Ideal,CH,R,2045-Hlow,1918.6507080288188,1918.6507080288188,1.130295904605147,183.97233692703645,0.09588631018516432,,,,,,,,,,
Mass-Nom-Real,CH,Rl,2024-Hhigh,3460.5966624348066,3460.5966624348066,1.765426208872959,338.89358933076596,0.09792923659942711,,,,,,,,,,
Mass-Nom-Real,CH,Rl,2024-Hlow,3460.5966624348066,3460.5966624348066,1.765426208872959,497.16930087672,0.14366577482824064,,,,,,,,,,
Mass-Nom-Real,CH,Rl,2025-Hhigh,3460.5966624348066,3460.5966624348066,1.7810886088938473,265.17960629255356,0.07662829048271072,,,,,,,,,,
Mass-Nom-Real,CH,Rl,2025-Hlow,3460.5966624348066,3460.5966624348066,1.7810886088938473,343.8889429417888,0.09937273149302393,,,,,,,,,,
Mass-Nom-Real,CH,Rl,2030-Hhigh,3460.5966624348066,3460.5966624348066,1.7232573925618127,246.0414574039851,0.0710979872560113,,,,,,,,,,
Mass-Nom-Real,CH,Rl,2030-Hlow,3460.5966624348066,3460.5966624348066,1.7232573925618127,311.71715003993944,0.09007612861205891,,,,,,,,,,
Mass-Nom-Real,CH,Rl,2035-Hhigh,3460.5966624348066,3460.5966624348066,1.7232573925618127,205.24621640484276,0.05930948805239719,,,,,,,,,,
Mass-Nom-Real,CH,Rl,2035-Hlow,3460.5966624348066,3460.5966624348066,1.7232573925618127,262.7208650690681,0.07591779415409335,,,,,,,,,,
Mass-Nom-Real,CH,Rl,2040-Hhigh,3460.5966624348066,3460.5966624348066,1.7232573925618127,214.17509403791448,0.061889643587422626,,,,,,,,,,
Mass-Nom-Real,CH,Rl,2040-Hlow,3460.5966624348066,3460.5966624348066,1.7232573925618127,304.0527655380086,0.08786137050831089,,,,,,,,,,
Mass-Nom-Real,CH,Rl,2045-Hhigh,3460.5966624348066,3460.5966624348066,1.7232573925618127,197.94754514716888,0.05720040919414658,,,,,,,,,,
Mass-Nom-Real,CH,Rl,2045-Hlow,3460.5966624348066,3460.5966624348066,1.7232573925618127,276.99985064833834,0.08004395705954556,,,,,,,,,,
Mass-Nom-Real,CH,Rb,2024-Hhigh,2073.64123011684,2073.64123011684,0.9581635718732171,213.5920506935748,0.10300337762937899,,,,,,,,,,
Mass-Nom-Real,CH,Rb,2024-Hlow,2073.64123011684,2073.64123011684,0.9581635718732171,320.2965401688251,0.154460923865204,,,,,,,,,,
Mass-Nom-Real,CH,Rb,2025-Hhigh,2073.64123011684,2073.64123011684,1.055954971943314,172.58160472422108,0.08322635671865809,,,,,,,,,,
Mass-Nom-Real,CH,Rb,2025-Hlow,2073.64123011684,2073.64123011684,1.055954971943314,219.7443904149795,0.10597030345630133,,,,,,,,,,
Mass-Nom-Real,CH,Rb,2030-Hhigh,2073.64123011684,2073.64123011684,0.9581635718732171,164.46379502693557,0.07931159577574025,,,,,,,,,,
Mass-Nom-Real,CH,Rb,2030-Hlow,2073.64123011684,2073.64123011684,0.9581635718732171,206.17198182612248,0.09942509766479984,,,,,,,,,,
Mass-Nom-Real,CH,Rb,2035-Hhigh,2073.64123011684,2073.64123011684,0.9581635718732171,140.1898010024415,0.06760561999171982,,,,,,,,,,
Mass-Nom-Real,CH,Rb,2035-Hlow,2073.64123011684,2073.64123011684,0.9581635718732171,179.48713379525773,0.08655650321205491,,,,,,,,,,
Mass-Nom-Real,CH,Rb,2040-Hhigh,2073.64123011684,2073.64123011684,0.9581635718732171,146.9921846630717,0.0708860252816199,,,,,,,,,,
Mass-Nom-Real,CH,Rb,2040-Hlow,2073.64123011684,2073.64123011684,0.9581635718732171,211.94312799760976,0.1022081953808701,,,,,,,,,,
Mass-Nom-Real,CH,Rb,2045-Hhigh,2073.64123011684,2073.64123011684,0.9581635718732171,138.49352092124388,0.06678759995210957,,,,,,,,,,
Mass-Nom-Real,CH,Rb,2045-Hlow,2073.64123011684,2073.64123011684,0.9581635718732171,195.1229755939253,0.09409678625213826,,,,,,,,,,
Mass-Nom-Real,CH,R,2024-Hhigh,5534.237892551646,5534.237892551646,2.7235897807461766,552.485640024341,0.0998304826700554,,,,,,,,,,
Mass-Nom-Real,CH,R,2024-Hlow,5534.237892551646,5534.237892551646,2.7235897807461766,817.4658410455453,0.1477106436182923,,,,,,,,,,
Mass-Nom-Real,CH,R,2025-Hhigh,5534.237892551646,5534.237892551646,2.837043580837162,437.7612110167744,0.07910054094457038,,,,,,,,,,
Mass-Nom-Real,CH,R,2025-Hlow,5534.237892551646,5534.237892551646,2.837043580837162,563.6333333567683,0.10184479675428199,,,,,,,,,,
Mass-Nom-Real,CH,R,2030-Hhigh,5534.237892551646,5534.237892551646,2.6814209644350298,410.5052524309208,0.07417557040390452,,,,,,,,,,
Mass-Nom-Real,CH,R,2030-Hlow,5534.237892551646,5534.237892551646,2.6814209644350298,517.8891318660619,0.09357912361575066,,,,,,,,,,
Mass-Nom-Real,CH,R,2035-Hhigh,5534.237892551646,5534.237892551646,2.6814209644350298,345.43601740728394,0.06241799216332844,,,,,,,,,,
Mass-Nom-Real,CH,R,2035-Hlow,5534.237892551646,5534.237892551646,2.6814209644350298,442.2079988643258,0.07990404594993639,,,,,,,,,,
Mass-Nom-Real,CH,R,2040-Hhigh,5534.237892551646,5534.237892551646,2.6814209644350298,361.16727870098623,0.06526052651026616,,,,,,,,,,
Mass-Nom-Real,CH,R,2040-Hlow,5534.237892551646,5534.237892551646,2.6814209644350298,515.9958935356179,0.09323702803417257,,,,,,,,,,
Mass-Nom-Real,CH,R,2045-Hhigh,5534.237892551646,5534.237892551646,2.6814209644350298,336.44106606841285,0.06079266424763166,,,,,,,,,,
Mass-Nom-Real,CH,R,2045-Hlow,5534.237892551646,5534.237892551646,2.6814209644350298,472.1228262422637,0.08530945640730023,,,,,,,,,,
Mass-H1-Real,CH,Rl,2024-Hhigh,1250.5978533516566,1250.5978533516566,0.8609250378869645,131.58839592814377,0.10522039165146586,,,,,,,,,,
Mass-H1-Real,CH,Rl,2024-Hlow,1250.5978533516566,1250.5978533516566,0.8609250378869645,201.05193451817027,0.16076465666348488,,,,,,,,,,
Mass-H1-Real,CH,Rl,2025-Hhigh,1250.5978533516566,1250.5978533516566,0.8723513294925819,103.4059615749709,0.08268522235012513,,,,,,,,,,
Mass-H1-Real,CH,Rl,2025-Hlow,1250.5978533516566,1250.5978533516566,0.8723513294925819,135.70201091590792,0.10850971041747803,,,,,,,,,,
Mass-H1-Real,CH,Rl,2030-Hhigh,1250.5978533516566,1250.5978533516566,0.8408029345655306,96.72793243764872,0.0773453530072946,,,,,,,,,,
Mass-H1-Real,CH,Rl,2030-Hlow,1250.5978533516566,1250.5978533516566,0.8408029345655306,123.37377372978442,0.09865183551941765,,,,,,,,,,
Mass-H1-Real,CH,Rl,2035-Hhigh,1250.5978533516566,1250.5978533516566,0.8408029345655306,81.53854615143506,0.06519965305626282,,,,,,,,,,
Mass-H1-Real,CH,Rl,2035-Hlow,1250.5978533516566,1250.5978533516566,0.8408029345655306,105.3391797974836,0.08423105758191574,,,,,,,,,,
Mass-H1-Real,CH,Rl,2040-Hhigh,1250.5978533516566,1250.5978533516566,0.8408029345655306,83.68609432163628,0.06691687027716696,,,,,,,,,,
Mass-H1-Real,CH,Rl,2040-Hlow,1250.5978533516566,1250.5978533516566,0.8408029345655306,123.70576690104461,0.09891730308788535,,,,,,,,,,
Mass-H1-Real,CH,Rl,2045-Hhigh,1250.5978533516566,1250.5978533516566,0.8408029345655306,77.81892381804498,0.062225377733926925,,,,,,,,,,
Mass-H1-Real,CH,Rl,2045-Hlow,1250.5978533516566,1250.5978533516566,0.8408029345655306,113.16228965294079,0.09048655357088686,,,,,,,,,,
Mass-H1-Real,CH,Rb,2024-Hhigh,547.3526862592631,547.3526862592631,0.38134014581853487,63.64998934617448,0.11628697719777985,,,,,,,,,,
Mass-H1-Real,CH,Rb,2024-Hlow,547.3526862592631,547.3526862592631,0.38134014581853487,100.06864757919548,0.1828229770152187,,,,,,,,,,
Mass-H1-Real,CH,Rb,2025-Hhigh,547.3526862592631,547.3526862592631,0.4219133518670647,51.83222525332055,0.09469621060518431,,,,,,,,,,
Mass-H1-Real,CH,Rb,2025-Hlow,547.3526862592631,547.3526862592631,0.4219133518670647,66.01870077998761,0.12061455518045398,,,,,,,,,,
Mass-H1-Real,CH,Rb,2030-Hhigh,547.3526862592631,547.3526862592631,0.38134014581853487,49.497956267528984,0.09043155813449943,,,,,,,,,,
Mass-H1-Real,CH,Rb,2030-Hlow,547.3526862592631,547.3526862592631,0.38134014581853487,62.06143451312634,0.11338472628547559,,,,,,,,,,
Mass-H1-Real,CH,Rb,2035-Hhigh,547.3526862592631,547.3526862592631,0.38134014581853487,42.941553810141265,0.07845317084970192,,,,,,,,,,
Mass-H1-Real,CH,Rb,2035-Hlow,547.3526862592631,547.3526862592631,0.38134014581853487,55.42415566766518,0.10125857981340493,,,,,,,,,,
Mass-H1-Real,CH,Rb,2040-Hhigh,547.3526862592631,547.3526862592631,0.38134014581853487,43.726400126096685,0.07988706591527517,,,,,,,,,,
Mass-H1-Real,CH,Rb,2040-Hlow,547.3526862592631,547.3526862592631,0.38134014581853487,66.75827737674928,0.12196574357383907,,,,,,,,,,
Mass-H1-Real,CH,Rb,2045-Hhigh,547.3526862592631,547.3526862592631,0.38134014581853487,41.92172797218426,0.0765899739319582,,,,,,,,,,
Mass-H1-Real,CH,Rb,2045-Hlow,547.3526862592631,547.3526862592631,0.38134014581853487,61.99832319641628,0.11326942345003801,,,,,,,,,,
Mass-H1-Real,CH,R,2024-Hhigh,1797.9505396109193,1797.9505396109193,1.2422651837054994,195.23838527431815,0.10858940831407309,,,,,,,,,,
Mass-H1-Real,CH,R,2024-Hlow,1797.9505396109193,1797.9505396109193,1.2422651837054994,301.1205820973658,0.16747990306926294,,,,,,,,,,
Mass-H1-Real,CH,R,2025-Hhigh,1797.9505396109193,1797.9505396109193,1.2942646813596468,155.23818682829145,0.08634174489687872,,,,,,,,,,
Mass-H1-Real,CH,R,2025-Hlow,1797.9505396109193,1797.9505396109193,1.2942646813596468,201.72071169589555,0.11219480583684376,,,,,,,,,,
Mass-H1-Real,CH,R,2030-Hhigh,1797.9505396109193,1797.9505396109193,1.2221430803840654,146.22588870517768,0.08132920538338129,,,,,,,,,,
Mass-H1-Real,CH,R,2030-Hlow,1797.9505396109193,1797.9505396109193,1.2221430803840654,185.43520824291076,0.10313699078898987,,,,,,,,,,
Mass-H1-Real,CH,R,2035-Hhigh,1797.9505396109193,1797.9505396109193,1.2221430803840654,124.48009996157633,0.06923444066960491,,,,,,,,,,
Mass-H1-Real,CH,R,2035-Hlow,1797.9505396109193,1797.9505396109193,1.2221430803840654,160.76333546514883,0.08941477083120339,,,,,,,,,,
Mass-H1-Real,CH,R,2040-Hhigh,1797.9505396109193,1797.9505396109193,1.2221430803840654,127.41249444773297,0.07086540571650282,,,,,,,,,,
Mass-H1-Real,CH,R,2040-Hlow,1797.9505396109193,1797.9505396109193,1.2221430803840654,190.46404427779387,0.10593397319984717,,,,,,,,,,
Mass-H1-Real,CH,R,2045-Hhigh,1797.9505396109193,1797.9505396109193,1.2221430803840654,119.74065179022925,0.06659841255485338,,,,,,,,,,
Mass-H1-Real,CH,R,2045-Hlow,1797.9505396109193,1797.9505396109193,1.2221430803840654,175.16061284935708,0.09742237563846569,,,,,,,,,,
Mod-Nom-Ideal,AK,HPl,2024-Hhigh,545.7219822506701,2233.508469594546,0.3425234301407766,48.36058092008426,0.08861761573289616,4.092758844683324,,,,,,,,,
Mod-Nom-Ideal,AK,HPl,2024-Hlow,545.7219822506701,2233.508469594546,0.3425234301407766,88.20226634918646,0.1616249101519094,4.092758844683324,,,,,,,,,
Mod-Nom-Ideal,AK,HPl,2025-Hhigh,545.7219822506701,2233.508469594546,0.35013014504685824,39.322561907915244,0.07205603436706157,4.092758844683324,,,,,,,,,
Mod-Nom-Ideal,AK,HPl,2025-Hlow,545.7219822506701,2233.508469594546,0.35013014504685824,61.51368300200042,0.1127198188870921,4.092758844683324,,,,,,,,,
Mod-Nom-Ideal,AK,HPl,2030-Hhigh,545.7219822506701,2233.508469594546,0.34428593447933253,38.62165342201476,0.0707716652034633,4.092758844683324,,,,,,,,,
Mod-Nom-Ideal,AK,HPl,2030-Hlow,545.7219822506701,2233.508469594546,0.34428593447933253,57.26375495613351,0.1049321024598752,4.092758844683324,,,,,,,,,
Mod-Nom-Ideal,AK,HPl,2035-Hhigh,545.7219822506701,2233.508469594546,0.34428593447933253,34.24907628371874,0.06275920230016846,4.092758844683324,,,,,,,,,
Mod-Nom-Ideal,AK,HPl,2035-Hlow,545.7219822506701,2233.508469594546,0.34428593447933253,51.252421516129225,0.09391672533467255,4.092758844683324,,,,,,,,,
Mod-Nom-Ideal,AK,HPl,2040-Hhigh,545.7219822506701,2233.508469594546,0.34428593447933253,37.98458452127677,0.06960427792301953,4.092758844683324,,,,,,,,,
Mod-Nom-Ideal,AK,HPl,2040-Hlow,545.7219822506701,2233.508469594546,0.34428593447933253,61.658196699460625,0.11298463082826442,4.092758844683324,,,,,,,,,
Mod-Nom-Ideal,AK,HPl,2045-Hhigh,545.7219822506701,2233.508469594546,0.34428593447933253,36.02894483002307,0.06602069552234686,4.092758844683324,,,,,,,,,
Mod-Nom-Ideal,AK,HPl,2045-Hlow,545.7219822506701,2233.508469594546,0.34428593447933253,57.950460523411344,0.10619044569986294,4.092758844683324,,,,,,,,,
Mod-H1-Ideal,AK,HPl,2024-Hhigh,436.7886286976347,1684.7373555181127,0.2961308807129651,37.72094647545174,0.0863597264148649,3.8570998529459564,,,,,,,,,
Mod-H1-Ideal,AK,HPl,2024-Hlow,436.7886286976347,1684.7373555181127,0.2961308807129651,71.82445649250445,0.1644375603519309,3.8570998529459564,,,,,,,,,
Mod-H1-Ideal,AK,HPl,2025-Hhigh,436.7886286976347,1684.7373555181127,0.30329570108135845,30.75106087966475,0.0704026132075706,3.8570998529459564,,,,,,,,,
Mod-H1-Ideal,AK,HPl,2025-Hlow,436.7886286976347,1684.7373555181127,0.30329570108135845,49.84602180036277,0.11411932116682574,3.8570998529459564,,,,,,,,,
Mod-H1-Ideal,AK,HPl,2030-Hhigh,436.7886286976347,1684.7373555181127,0.29546400888859103,30.280541499521803,0.06932538878085903,3.8570998529459564,,,,,,,,,
Mod-H1-Ideal,AK,HPl,2030-Hlow,436.7886286976347,1684.7373555181127,0.29546400888859103,46.22114320629631,0.10582039038908389,3.8570998529459564,,,,,,,,,
Mod-H1-Ideal,AK,HPl,2035-Hhigh,436.7886286976347,1684.7373555181127,0.29546400888859103,26.93984125809983,0.06167706640721372,3.8570998529459564,,,,,,,,,
Mod-H1-Ideal,AK,HPl,2035-Hlow,436.7886286976347,1684.7373555181127,0.29546400888859103,41.325831359082535,0.09461288285435239,3.8570998529459564,,,,,,,,,
Mod-H1-Ideal,AK,HPl,2040-Hhigh,436.7886286976347,1684.7373555181127,0.29546400888859103,29.967484498674775,0.06860866453421262,3.8570998529459564,,,,,,,,,
Mod-H1-Ideal,AK,HPl,2040-Hlow,436.7886286976347,1684.7373555181127,0.29546400888859103,50.06500474210405,0.11462066879209294,3.8570998529459564,,,,,,,,,
Mod-H1-Ideal,AK,HPl,2045-Hhigh,436.7886286976347,1684.7373555181127,0.29546400888859103,28.40741165808978,0.06503697622072187,3.8570998529459564,,,,,,,,,
Mod-H1-Ideal,AK,HPl,2045-Hlow,436.7886286976347,1684.7373555181127,0.29546400888859103,47.02006579085359,0.1076494732270218,3.8570998529459564,,,,,,,,,
Mod-Nom-Real,AK,HPl,2024-Hhigh,546.828648113696,2238.2603680441844,0.34378633125834995,48.444916172059195,0.08859249847126989,4.093165886178677,,,,,,,,,
Mod-Nom-Real,AK,HPl,2024-Hlow,546.828648113696,2238.2603680441844,0.34378633125834995,88.39261815862231,0.1616459168032539,4.093165886178677,,,,,,,,,
Mod-Nom-Real,AK,HPl,2025-Hhigh,546.828648113696,2238.2603680441844,0.3514789268464838,39.39116990942106,0.07203567341488461,4.093165886178677,,,,,,,,,
Mod-Nom-Real,AK,HPl,2025-Hlow,546.828648113696,2238.2603680441844,0.3514789268464838,61.642157859648556,0.11272664311258249,4.093165886178677,,,,,,,,,
Mod-Nom-Real,AK,HPl,2030-Hhigh,546.828648113696,2238.2603680441844,0.34548074696039055,38.687956763566376,0.07074968895104856,4.093165886178677,,,,,,,,,
Mod-Nom-Real,AK,HPl,2030-Hlow,546.828648113696,2238.2603680441844,0.34548074696039055,57.38014744459136,0.10493259203321942,4.093165886178677,,,,,,,,,
Mod-Nom-Real,AK,HPl,2035-Hhigh,546.828648113696,2238.2603680441844,0.34548074696039055,34.30911554414443,0.06274198629222316,4.093165886178677,,,,,,,,,
Mod-Nom-Real,AK,HPl,2035-Hlow,546.828648113696,2238.2603680441844,0.34548074696039055,51.35428398610772,0.09391293627950194,4.093165886178677,,,,,,,,,
Mod-Nom-Real,AK,HPl,2040-Hhigh,546.828648113696,2238.2603680441844,0.34548074696039055,38.049803928741134,0.06958268199735919,4.093165886178677,,,,,,,,,
Mod-Nom-Real,AK,HPl,2040-Hlow,546.828648113696,2238.2603680441844,0.34548074696039055,61.784623560399986,0.11298717390452777,4.093165886178677,,,,,,,,,
Mod-Nom-Real,AK,HPl,2045-Hhigh,546.828648113696,2238.2603680441844,0.34548074696039055,36.08974441326617,0.06599826936236601,4.093165886178677,,,,,,,,,
Mod-Nom-Real,AK,HPl,2045-Hlow,546.828648113696,2238.2603680441844,0.34548074696039055,58.067567598879116,0.1061896954360112,4.093165886178677,,,,,,,,,
Mod-H1-Real,AK,HPl,2024-Hhigh,437.34409625642905,1686.91804868813,0.29670286209566066,37.76842847403979,0.08635861052505195,3.857187196826901,,,,,,,,,
Mod-H1-Real,AK,HPl,2024-Hlow,437.34409625642905,1686.91804868813,0.29670286209566066,71.93701489711096,0.1644860774682367,3.857187196826901,,,,,,,,,
Mod-H1-Real,AK,HPl,2025-Hhigh,437.34409625642905,1686.91804868813,0.3038843614459593,30.78975978981544,0.07040168154404994,3.857187196826901,,,,,,,,,
Mod-H1-Real,AK,HPl,2025-Hlow,437.34409625642905,1686.91804868813,0.3038843614459593,49.916560402193994,0.11413566761154195,3.857187196826901,,,,,,,,,
Mod-H1-Real,AK,HPl,2030-Hhigh,437.34409625642905,1686.91804868813,0.296023568553857,30.318352455349036,0.06932379495886096,3.857187196826901,,,,,,,,,
Mod-H1-Real,AK,HPl,2030-Hlow,437.34409625642905,1686.91804868813,0.296023568553857,46.287967510817225,0.10583878439661636,3.857187196826901,,,,,,,,,
Mod-H1-Real,AK,HPl,2035-Hhigh,437.34409625642905,1686.91804868813,0.296023568553857,26.975657688737286,0.0616806261240133,3.857187196826901,,,,,,,,,
Mod-H1-Real,AK,HPl,2035-Hlow,437.34409625642905,1686.91804868813,0.296023568553857,41.389047154234355,0.09463726047411102,3.857187196826901,,,,,,,,,
Mod-H1-Real,AK,HPl,2040-Hhigh,437.34409625642905,1686.91804868813,0.296023568553857,30.005131719984497,0.06860760663473439,3.857187196826901,,,,,,,,,
Mod-H1-Real,AK,HPl,2040-Hlow,437.34409625642905,1686.91804868813,0.296023568553857,50.14671200874965,0.11466191595586786,3.857187196826901,,,,,,,,,
Mod-H1-Real,AK,HPl,2045-Hhigh,437.34409625642905,1686.91804868813,0.296023568553857,28.443597781853384,0.06503711385456996,3.857187196826901,,,,,,,,,
Mod-H1-Real,AK,HPl,2045-Hlow,437.34409625642905,1686.91804868813,0.296023568553857,47.09683334961141,0.10768827966983005,3.857187196826901,,,,,,,,,
Mod-Nom-Ideal,CH,HPl,2024-Hhigh,1434.4276418795885,5867.6054458022645,0.8838065431269867,134.99374501276435,0.09410983243175416,4.090555197412192,,,,,,,,,
Mod-Nom-Ideal,CH,HPl,2024-Hlow,1434.4276418795885,5867.6054458022645,0.8838065431269867,212.23220367958174,0.14795601916976817,4.090555197412192,,,,,,,,,
Mod-Nom-Ideal,CH,HPl,2025-Hhigh,1434.4276418795885,5867.6054458022645,0.8887203114852277,107.07812392787997,0.07464867575165464,4.090555197412192,,,,,,,,,
Mod-Nom-Ideal,CH,HPl,2025-Hlow,1434.4276418795885,5867.6054458022645,0.8887203114852277,148.3318019827843,0.10340835442101433,4.090555197412192,,,,,,,,,
Mod-Nom-Ideal,CH,HPl,2030-Hhigh,1434.4276418795885,5867.6054458022645,0.8772911761719188,102.22459767700403,0.07126507792547487,4.090555197412192,,,,,,,,,
Mod-Nom-Ideal,CH,HPl,2030-Hlow,1434.4276418795885,5867.6054458022645,0.8772911761719188,136.54003923170234,0.09518781934011562,4.090555197412192,,,,,,,,,
Mod-Nom-Ideal,CH,HPl,2035-Hhigh,1434.4276418795885,5867.6054458022645,0.8772911761719188,87.30529770724917,0.06086420475894449,4.090555197412192,,,,,,,,,
Mod-Nom-Ideal,CH,HPl,2035-Hlow,1434.4276418795885,5867.6054458022645,0.8772911761719188,118.3297442539875,0.08249265476990897,4.090555197412192,,,,,,,,,
Mod-Nom-Ideal,CH,HPl,2040-Hhigh,1434.4276418795885,5867.6054458022645,0.8772911761719188,93.86996557982519,0.06544071156968474,4.090555197412192,,,,,,,,,
Mod-Nom-Ideal,CH,HPl,2040-Hlow,1434.4276418795885,5867.6054458022645,0.8772911761719188,139.05976794145053,0.09694442848245374,4.090555197412192,,,,,,,,,
Mod-Nom-Ideal,CH,HPl,2045-Hhigh,1434.4276418795885,5867.6054458022645,0.8772911761719188,87.7243063196533,0.06115631333254607,4.090555197412192,,,,,,,,,
Mod-Nom-Ideal,CH,HPl,2045-Hlow,1434.4276418795885,5867.6054458022645,0.8772911761719188,128.5106447231039,0.08959018982282801,4.090555197412192,,,,,,,,,
Mod-H1-Ideal,CH,HPl,2024-Hhigh,1310.2433655150664,4986.386754278528,0.7836823396151672,121.21708880454241,0.09251494187638269,3.80569509872568,,,,,,,,,
Mod-H1-Ideal,CH,HPl,2024-Hlow,1310.2433655150664,4986.386754278528,0.7836823396151672,196.68428911948408,0.15011279148295173,3.80569509872568,,,,,,,,,
Mod-H1-Ideal,CH,HPl,2025-Hhigh,1310.2433655150664,4986.386754278528,0.7858956647093058,95.9963025741998,0.07326600927795039,3.80569509872568,,,,,,,,,
Mod-H1-Ideal,CH,HPl,2025-Hlow,1310.2433655150664,4986.386754278528,0.7858956647093058,137.50810623458278,0.10494852319326747,3.80569509872568,,,,,,,,,
Mod-H1-Ideal,CH,HPl,2030-Hhigh,1310.2433655150664,4986.386754278528,0.7839359911573082,91.9220089330665,0.0701564391413127,3.80569509872568,,,,,,,,,
Mod-H1-Ideal,CH,HPl,2030-Hlow,1310.2433655150664,4986.386754278528,0.7839359911573082,126.05442552209217,0.09620687945444337,3.80569509872568,,,,,,,,,
Mod-H1-Ideal,CH,HPl,2035-Hhigh,1310.2433655150664,4986.386754278528,0.7839359911573082,78.97436120466028,0.060274574390700976,3.80569509872568,,,,,,,,,
Mod-H1-Ideal,CH,HPl,2035-Hlow,1310.2433655150664,4986.386754278528,0.7839359911573082,109.27168466105759,0.08339800645974046,3.80569509872568,,,,,,,,,
Mod-H1-Ideal,CH,HPl,2040-Hhigh,1310.2433655150664,4986.386754278528,0.7839359911573082,85.19233010427133,0.06502023390958488,3.80569509872568,,,,,,,,,
Mod-H1-Ideal,CH,HPl,2040-Hlow,1310.2433655150664,4986.386754278528,0.7839359911573082,128.74862054689999,0.09826313487669365,3.80569509872568,,,,,,,,,
Mod-H1-Ideal,CH,HPl,2045-Hhigh,1310.2433655150664,4986.386754278528,0.7839359911573082,79.7024576501097,0.060830269969562534,3.80569509872568,,,,,,,,,
Mod-H1-Ideal,CH,HPl,2045-Hlow,1310.2433655150664,4986.386754278528,0.7839359911573082,119.2892571000383,0.09104358796210718,3.80569509872568,,,,,,,,,
Mod-Nom-Real,CH,HPl,2024-Hhigh,1446.9003977584027,5901.549834381867,0.895076781244031,136.20463284389933,0.09413545884354799,4.078753343025401,,,,,,,,,
Mod-Nom-Real,CH,HPl,2024-Hlow,1446.9003977584027,5901.549834381867,0.895076781244031,214.27870406553626,0.14809499285334746,4.078753343025401,,,,,,,,,
Mod-Nom-Real,CH,HPl,2025-Hhigh,1446.9003977584027,5901.549834381867,0.900081632434896,108.04197228697834,0.07467132668866591,4.078753343025401,,,,,,,,,
Mod-Nom-Real,CH,HPl,2025-Hlow,1446.9003977584027,5901.549834381867,0.900081632434896,149.72250251445138,0.10347809893922733,4.078753343025401,,,,,,,,,
Mod-Nom-Real,CH,HPl,2030-Hhigh,1446.9003977584027,5901.549834381867,0.8881309068179226,103.15615867847777,0.0712945817405894,4.078753343025401,,,,,,,,,
Mod-Nom-Real,CH,HPl,2030-Hlow,1446.9003977584027,5901.549834381867,0.8881309068179226,137.8145310402598,0.0952481119320775,4.078753343025401,,,,,,,,,
Mod-Nom-Real,CH,HPl,2035-Hhigh,1446.9003977584027,5901.549834381867,0.8881309068179226,88.10468830590908,0.06089202024023524,4.078753343025401,,,,,,,,,
Mod-Nom-Real,CH,HPl,2035-Hlow,1446.9003977584027,5901.549834381867,0.8881309068179226,119.451133669835,0.08255656979215265,4.078753343025401,,,,,,,,,
Mod-Nom-Real,CH,HPl,2040-Hhigh,1446.9003977584027,5901.549834381867,0.8881309068179226,94.71503452438465,0.06546064585449078,4.078753343025401,,,,,,,,,
Mod-Nom-Real,CH,HPl,2040-Hlow,1446.9003977584027,5901.549834381867,0.8881309068179226,140.39290250689848,0.09703010844727178,4.078753343025401,,,,,,,,,
Mod-Nom-Real,CH,HPl,2045-Hhigh,1446.9003977584027,5901.549834381867,0.8881309068179226,88.51147382965165,0.06117316296738687,4.078753343025401,,,,,,,,,
Mod-Nom-Real,CH,HPl,2045-Hlow,1446.9003977584027,5901.549834381867,0.8881309068179226,129.7219899071269,0.08965509312741742,4.078753343025401,,,,,,,,,
Mod-H1-Real,CH,HPl,2024-Hhigh,1316.9208443964596,5012.66436812263,0.7887961897781275,121.82554608885943,0.09250787289701658,3.806352059390416,,,,,,,,,
Mod-H1-Real,CH,HPl,2024-Hlow,1316.9208443964596,5012.66436812263,0.7887961897781275,197.7782488672933,0.15018233609775872,3.806352059390416,,,,,,,,,
Mod-H1-Real,CH,HPl,2025-Hhigh,1316.9208443964596,5012.66436812263,0.791025594331566,96.4720845644481,0.07325579587789191,3.806352059390416,,,,,,,,,
Mod-H1-Real,CH,HPl,2025-Hlow,1316.9208443964596,5012.66436812263,0.791025594331566,138.25662919266261,0.10498476790078082,3.806352059390416,,,,,,,,,
Mod-H1-Real,CH,HPl,2030-Hhigh,1316.9208443964596,5012.66436812263,0.789059795859384,92.37696748153367,0.07014618067183052,3.806352059390416,,,,,,,,,
Mod-H1-Real,CH,HPl,2030-Hlow,1316.9208443964596,5012.66436812263,0.789059795859384,126.721904389357,0.09622590828337386,3.806352059390416,,,,,,,,,
Mod-H1-Real,CH,HPl,2035-Hhigh,1316.9208443964596,5012.66436812263,0.789059795859384,79.36382041531351,0.060264685423584194,3.806352059390416,,,,,,,,,
Mod-H1-Real,CH,HPl,2035-Hlow,1316.9208443964596,5012.66436812263,0.789059795859384,109.84186480422373,0.08340809948570894,3.806352059390416,,,,,,,,,
Mod-H1-Real,CH,HPl,2040-Hhigh,1316.9208443964596,5012.66436812263,0.789059795859384,85.60434040125776,0.06500340606309557,3.806352059390416,,,,,,,,,
Mod-H1-Real,CH,HPl,2040-Hlow,1316.9208443964596,5012.66436812263,0.789059795859384,129.42607572678023,0.09827931289681709,3.806352059390416,,,,,,,,,
Mod-H1-Real,CH,HPl,2045-Hhigh,1316.9208443964596,5012.66436812263,0.789059795859384,80.08220216660254,0.06081018650995986,3.806352059390416,,,,,,,,,
Mod-H1-Real,CH,HPl,2045-Hlow,1316.9208443964596,5012.66436812263,0.789059795859384,119.90604511115802,0.09105030543131129,3.806352059390416,,,,,,,,,
Mass-Nom-Ideal,AK,HPl,2024-Hhigh,383.78245787604624,1563.8815104525415,0.22076855810453805,36.88207766545551,0.09610152029764647,4.074916605379714,,,,,,,,,
Mass-Nom-Ideal,AK,HPl,2024-Hlow,383.78245787604624,1563.8815104525415,0.22076855810453805,61.225244690501796,0.1595311183042042,4.074916605379714,,,,,,,,,
Mass-Nom-Ideal,AK,HPl,2025-Hhigh,383.78245787604624,1563.8815104525415,0.2247927990908326,29.57067286039529,0.0770506109738502,4.074916605379714,,,,,,,,,
Mass-Nom-Ideal,AK,HPl,2025-Hlow,383.78245787604624,1563.8815104525415,0.2247927990908326,42.16806822043521,0.1098749235538395,4.074916605379714,,,,,,,,,
Mass-Nom-Ideal,AK,HPl,2030-Hhigh,383.78245787604624,1563.8815104525415,0.21136738114914144,28.386098608859907,0.0739640335985029,4.074916605379714,,,,,,,,,
Mass-Nom-Ideal,AK,HPl,2030-Hlow,383.78245787604624,1563.8815104525415,0.21136738114914144,38.842994429811284,0.10121096895563883,4.074916605379714,,,,,,,,,
Mass-Nom-Ideal,AK,HPl,2035-Hhigh,383.78245787604624,1563.8815104525415,0.21136738114914144,24.75774004183833,0.06450982720485511,4.074916605379714,,,,,,,,,
Mass-Nom-Ideal,AK,HPl,2035-Hlow,383.78245787604624,1563.8815104525415,0.21136738114914144,34.29157256254763,0.08935158931527583,4.074916605379714,,,,,,,,,
Mass-Nom-Ideal,AK,HPl,2040-Hhigh,383.78245787604624,1563.8815104525415,0.21136738114914144,26.130859147220278,0.06808768512202296,4.074916605379714,,,,,,,,,
Mass-Nom-Ideal,AK,HPl,2040-Hlow,383.78245787604624,1563.8815104525415,0.21136738114914144,40.507080700862474,0.10554698337448612,4.074916605379714,,,,,,,,,
Mass-Nom-Ideal,AK,HPl,2045-Hhigh,383.78245787604624,1563.8815104525415,0.21136738114914144,24.571819920405883,0.06402538577816412,4.074916605379714,,,,,,,,,
Mass-Nom-Ideal,AK,HPl,2045-Hlow,383.78245787604624,1563.8815104525415,0.21136738114914144,37.5373153168378,0.09780883556945058,4.074916605379714,,,,,,,,,
Mass-H1-Ideal,AK,HPl,2024-Hhigh,120.44872220910057,452.53689337432246,0.08251560446052696,12.076446501729382,0.10026213877773242,3.7570916907587653,,,,,,,,,
Mass-H1-Ideal,AK,HPl,2024-Hlow,120.44872220910057,452.53689337432246,0.08251560446052696,20.426201754841756,0.16958421293487533,3.7570916907587653,,,,,,,,,
Mass-H1-Ideal,AK,HPl,2025-Hhigh,120.44872220910057,452.53689337432246,0.08550833591886337,9.777105663598071,0.08117234856692698,3.7570916907587653,,,,,,,,,
Mass-H1-Ideal,AK,HPl,2025-Hlow,120.44872220910057,452.53689337432246,0.08550833591886337,13.866262696767487,0.1151217085781572,3.7570916907587653,,,,,,,,,
Mass-H1-Ideal,AK,HPl,2030-Hhigh,120.44872220910057,452.53689337432246,0.0784021313755348,9.492948807586155,0.07881319646634583,3.7570916907587653,,,,,,,,,
Mass-H1-Ideal,AK,HPl,2030-Hlow,120.44872220910057,452.53689337432246,0.0784021313755348,12.888584888634986,0.10700474568970714,3.7570916907587653,,,,,,,,,
Mass-H1-Ideal,AK,HPl,2035-Hhigh,120.44872220910057,452.53689337432246,0.0784021313755348,8.37683798105152,0.06954692276858876,3.7570916907587653,,,,,,,,,
Mass-H1-Ideal,AK,HPl,2035-Hlow,120.44872220910057,452.53689337432246,0.0784021313755348,11.401329749564184,0.09465712496120403,3.7570916907587653,,,,,,,,,
Mass-H1-Ideal,AK,HPl,2040-Hhigh,120.44872220910057,452.53689337432246,0.0784021313755348,8.644770525947628,0.07177137596312722,3.7570916907587653,,,,,,,,,
Mass-H1-Ideal,AK,HPl,2040-Hlow,120.44872220910057,452.53689337432246,0.0784021313755348,13.478322341030761,0.11190091595685188,3.7570916907587653,,,,,,,,,
Mass-H1-Ideal,AK,HPl,2045-Hhigh,120.44872220910057,452.53689337432246,0.0784021313755348,8.15821547292462,0.06773185570837233,3.7570916907587653,,,,,,,,,
Mass-H1-Ideal,AK,HPl,2045-Hlow,120.44872220910057,452.53689337432246,0.0784021313755348,12.48196223948091,0.10362884728500532,3.7570916907587653,,,,,,,,,
Mass-Nom-Real,AK,HPl,2024-Hhigh,384.01130034328605,1564.6934843278088,0.22095519084883486,36.91437288574797,0.09612835052705077,4.074602708120971,,,,,,,,,
Mass-Nom-Real,AK,HPl,2024-Hlow,384.01130034328605,1564.6934843278088,0.22095519084883486,61.29772146057065,0.1596247855356696,4.074602708120971,,,,,,,,,
Mass-Nom-Real,AK,HPl,2025-Hhigh,384.01130034328605,1564.6934843278088,0.2249437049365767,29.59656368754923,0.0770721165264966,4.074602708120971,,,,,,,,,
Mass-Nom-Real,AK,HPl,2025-Hlow,384.01130034328605,1564.6934843278088,0.2249437049365767,42.210612526719075,0.10992023539147153,4.074602708120971,,,,,,,,,
Mass-Nom-Real,AK,HPl,2030-Hhigh,384.01130034328605,1564.6934843278088,0.21158416546773554,28.4110906809025,0.07398503808482841,4.074602708120971,,,,,,,,,
Mass-Nom-Real,AK,HPl,2030-Hlow,384.01130034328605,1564.6934843278088,0.21158416546773554,38.88121987711899,0.10125019717482586,4.074602708120971,,,,,,,,,
Mass-Nom-Real,AK,HPl,2035-Hhigh,384.01130034328605,1564.6934843278088,0.21158416546773554,24.780837138163673,0.06453153101487091,4.074602708120971,,,,,,,,,
Mass-Nom-Real,AK,HPl,2035-Hlow,384.01130034328605,1564.6934843278088,0.21158416546773554,34.32686285771736,0.08939024145130868,4.074602708120971,,,,,,,,,
Mass-Nom-Real,AK,HPl,2040-Hhigh,384.01130034328605,1564.6934843278088,0.21158416546773554,26.154351008079836,0.06810828479448186,4.074602708120971,,,,,,,,,
Mass-Nom-Real,AK,HPl,2040-Hlow,384.01130034328605,1564.6934843278088,0.21158416546773554,40.56372957952006,0.10563160392222365,4.074602708120971,,,,,,,,,
Mass-Nom-Real,AK,HPl,2045-Hhigh,384.01130034328605,1564.6934843278088,0.21158416546773554,24.59489955086979,0.06404733279693393,4.074602708120971,,,,,,,,,
Mass-Nom-Real,AK,HPl,2045-Hlow,384.01130034328605,1564.6934843278088,0.21158416546773554,37.590321954807926,0.09788858276098683,4.074602708120971,,,,,,,,,
Mass-H1-Real,AK,HPl,2024-Hhigh,120.24438838465511,451.76431108953096,0.08248257357074532,12.05508771179169,0.10025488818012974,3.7570510953439427,,,,,,,,,
Mass-H1-Real,AK,HPl,2024-Hlow,120.24438838465511,451.76431108953096,0.08248257357074532,20.386497007350304,0.16954219054393652,3.7570510953439427,,,,,,,,,
Mass-H1-Real,AK,HPl,2025-Hhigh,120.24438838465511,451.76431108953096,0.08547664880142215,9.75996985977191,0.08116777831286653,3.7570510953439427,,,,,,,,,
Mass-H1-Real,AK,HPl,2025-Hlow,120.24438838465511,451.76431108953096,0.08547664880142215,13.840542463197876,0.11510343766665226,3.7570510953439427,,,,,,,,,
Mass-H1-Real,AK,HPl,2030-Hhigh,120.24438838465511,451.76431108953096,0.0783692102288787,9.476549734469042,0.07881074420000447,3.7570510953439427,,,,,,,,,
Mass-H1-Real,AK,HPl,2030-Hlow,120.24438838465511,451.76431108953096,0.0783692102288787,12.865111167418513,0.10699136433929655,3.7570510953439427,,,,,,,,,
Mass-H1-Real,AK,HPl,2035-Hhigh,120.24438838465511,451.76431108953096,0.0783692102288787,8.362566317699496,0.06954641651091535,3.7570510953439427,,,,,,,,,
Mass-H1-Real,AK,HPl,2035-Hlow,120.24438838465511,451.76431108953096,0.0783692102288787,11.3810962601625,0.0946497080907843,3.7570510953439427,,,,,,,,,
Mass-H1-Real,AK,HPl,2040-Hhigh,120.24438838465511,451.76431108953096,0.0783692102288787,8.630130847592586,0.07177158920701794,3.7570510953439427,,,,,,,,,
Mass-H1-Real,AK,HPl,2040-Hlow,120.24438838465511,451.76431108953096,0.0783692102288787,13.453482928504592,0.11188449714150192,3.7570510953439427,,,,,,,,,
Mass-H1-Real,AK,HPl,2045-Hhigh,120.24438838465511,451.76431108953096,0.0783692102288787,8.14443421718248,0.06773234349306088,3.7570510953439427,,,,,,,,,
Mass-H1-Real,AK,HPl,2045-Hlow,120.24438838465511,451.76431108953096,0.0783692102288787,12.459187829480635,0.10361554494854584,3.7570510953439427,,,,,,,,,
Mass-Nom-Ideal,CH,HPl,2024-Hhigh,964.1722574668731,3452.1915523232456,0.5244647192576257,96.53803533717978,0.10012529876228742,3.5804717731591187,,,,,,,,,
Mass-Nom-Ideal,CH,HPl,2024-Hlow,964.1722574668731,3452.1915523232456,0.5244647192576257,142.81269256460115,0.1481194791269006,3.5804717731591187,,,,,,,,,
Mass-Nom-Ideal,CH,HPl,2025-Hhigh,964.1722574668731,3452.1915523232456,0.5283058212853661,75.81079350451236,0.07862785193974227,3.5804717731591187,,,,,,,,,
Mass-Nom-Ideal,CH,HPl,2025-Hlow,964.1722574668731,3452.1915523232456,0.5283058212853661,98.18965498148744,0.10183829105336088,3.5804717731591187,,,,,,,,,
Mass-Nom-Ideal,CH,HPl,2030-Hhigh,964.1722574668731,3452.1915523232456,0.5167918167229115,70.61338372473516,0.07323731125624228,3.5804717731591187,,,,,,,,,
Mass-Nom-Ideal,CH,HPl,2030-Hlow,964.1722574668731,3452.1915523232456,0.5167918167229115,89.34994626243775,0.09267010699642292,3.5804717731591187,,,,,,,,,
Mass-Nom-Ideal,CH,HPl,2035-Hhigh,964.1722574668731,3452.1915523232456,0.5167918167229115,59.03232082959867,0.061225906856822096,3.5804717731591187,,,,,,,,,
Mass-Nom-Ideal,CH,HPl,2035-Hlow,964.1722574668731,3452.1915523232456,0.5167918167229115,75.66620740979444,0.07847789316049074,3.5804717731591187,,,,,,,,,
Mass-Nom-Ideal,CH,HPl,2040-Hhigh,964.1722574668731,3452.1915523232456,0.5167918167229115,61.584094632212235,0.06387250219583104,3.5804717731591187,,,,,,,,,
Mass-Nom-Ideal,CH,HPl,2040-Hlow,964.1722574668731,3452.1915523232456,0.5167918167229115,88.1871889112624,0.09146414266570237,3.5804717731591187,,,,,,,,,
Mass-Nom-Ideal,CH,HPl,2045-Hhigh,964.1722574668731,3452.1915523232456,0.5167918167229115,57.15371823155079,0.05927749713698278,3.5804717731591187,,,,,,,,,
Mass-Nom-Ideal,CH,HPl,2045-Hlow,964.1722574668731,3452.1915523232456,0.5167918167229115,80.42413945029128,0.08341262552148725,3.5804717731591187,,,,,,,,,
Mass-H1-Ideal,CH,HPl,2024-Hhigh,379.1447510833203,1250.165598278432,0.2693631128513944,40.66049196510766,0.10724266088065182,3.297330622951701,,,,,,,,,
Mass-H1-Ideal,CH,HPl,2024-Hlow,379.1447510833203,1250.165598278432,0.2693631128513944,62.327632169206126,0.1643900699960082,3.297330622951701,,,,,,,,,
Mass-H1-Ideal,CH,HPl,2025-Hhigh,379.1447510833203,1250.165598278432,0.27227904300437333,32.05909262275765,0.08455634037173416,3.297330622951701,,,,,,,,,
Mass-H1-Ideal,CH,HPl,2025-Hlow,379.1447510833203,1250.165598278432,0.27227904300437333,41.86622579464692,0.11042280204334536,3.297330622951701,,,,,,,,,
Mass-H1-Ideal,CH,HPl,2030-Hhigh,379.1447510833203,1250.165598278432,0.26557872928099335,30.067858408122085,0.07930443009486479,3.297330622951701,,,,,,,,,
Mass-H1-Ideal,CH,HPl,2030-Hlow,379.1447510833203,1250.165598278432,0.26557872928099335,38.21737033052003,0.10079889071739105,3.297330622951701,,,,,,,,,
Mass-H1-Ideal,CH,HPl,2035-Hhigh,379.1447510833203,1250.165598278432,0.26557872928099335,25.372742573044686,0.06692099125874174,3.297330622951701,,,,,,,,,
Mass-H1-Ideal,CH,HPl,2035-Hlow,379.1447510833203,1250.165598278432,0.26557872928099335,32.7317812503665,0.08633056677388477,3.297330622951701,,,,,,,,,
Mass-H1-Ideal,CH,HPl,2040-Hhigh,379.1447510833203,1250.165598278432,0.26557872928099335,26.053066542757254,0.06871535599086237,3.297330622951701,,,,,,,,,
Mass-H1-Ideal,CH,HPl,2040-Hlow,379.1447510833203,1250.165598278432,0.26557872928099335,38.684959579873166,0.1020321644156741,3.297330622951701,,,,,,,,,
Mass-H1-Ideal,CH,HPl,2045-Hhigh,379.1447510833203,1250.165598278432,0.26557872928099335,24.322202283205545,0.06415017539794593,3.297330622951701,,,,,,,,,
Mass-H1-Ideal,CH,HPl,2045-Hlow,379.1447510833203,1250.165598278432,0.26557872928099335,35.40912732231518,0.09339210742372568,3.297330622951701,,,,,,,,,
Mass-Nom-Real,CH,HPl,2024-Hhigh,966.4374279657854,3460.5966624348066,0.5260919513077842,96.80300594576056,0.10016479406175033,3.580776739699408,,,,,,,,,
Mass-Nom-Real,CH,HPl,2024-Hlow,966.4374279657854,3460.5966624348066,0.5260919513077842,143.25345638398525,0.14822838213697248,3.580776739699408,,,,,,,,,
Mass-Nom-Real,CH,HPl,2025-Hhigh,966.4374279657854,3460.5966624348066,0.5300113162084099,76.01600342838559,0.0786558976594983,3.580776739699408,,,,,,,,,
Mass-Nom-Real,CH,HPl,2025-Hlow,966.4374279657854,3460.5966624348066,0.5300113162084099,98.48592630860645,0.10190615911462104,3.580776739699408,,,,,,,,,
Mass-Nom-Real,CH,HPl,2030-Hhigh,966.4374279657854,3460.5966624348066,0.5185426798722036,70.80510528977997,0.0732640347330243,3.580776739699408,,,,,,,,,
Mass-Nom-Real,CH,HPl,2030-Hlow,966.4374279657854,3460.5966624348066,0.5185426798722036,89.61553393608224,0.09272771453472194,3.580776739699408,,,,,,,,,
Mass-Nom-Real,CH,HPl,2035-Hhigh,966.4374279657854,3460.5966624348066,0.5185426798722036,59.1968799636211,0.061252677359797815,3.580776739699408,,,,,,,,,
Mass-Nom-Real,CH,HPl,2035-Hlow,966.4374279657854,3460.5966624348066,0.5185426798722036,75.89565226499782,0.07853136692434136,3.580776739699408,,,,,,,,,
Mass-Nom-Real,CH,HPl,2040-Hhigh,966.4374279657854,3460.5966624348066,0.5185426798722036,61.75722739387952,0.0639019408880612,3.580776739699408,,,,,,,,,
Mass-Nom-Real,CH,HPl,2040-Hlow,966.4374279657854,3460.5966624348066,0.5185426798722036,88.45927755063593,0.09153130351835632,3.580776739699408,,,,,,,,,
Mass-Nom-Real,CH,HPl,2045-Hhigh,966.4374279657854,3460.5966624348066,0.5185426798722036,57.318333354337334,0.05930889232527381,3.580776739699408,,,,,,,,,
Mass-Nom-Real,CH,HPl,2045-Hlow,966.4374279657854,3460.5966624348066,0.5185426798722036,80.67669219959356,0.08347844347192412,3.580776739699408,,,,,,,,,
Mass-H1-Real,CH,HPl,2024-Hhigh,379.307631542679,1250.5978533516566,0.2697046268737404,40.70302223273283,0.10730873530593069,3.2970542887981455,,,,,,,,,
Mass-H1-Real,CH,HPl,2024-Hlow,379.307631542679,1250.5978533516566,0.2697046268737404,62.397981336136134,0.16450494571479568,3.2970542887981455,,,,,,,,,
Mass-H1-Real,CH,HPl,2025-Hhigh,379.307631542679,1250.5978533516566,0.2725767524280059,32.09532624572517,0.08461555628393377,3.2970542887981455,,,,,,,,,
Mass-H1-Real,CH,HPl,2025-Hlow,379.307631542679,1250.5978533516566,0.2725767524280059,41.90643202810644,0.11048138382470483,3.2970542887981455,,,,,,,,,
Mass-H1-Real,CH,HPl,2030-Hhigh,379.307631542679,1250.5978533516566,0.26594427130383136,30.103127014171754,0.07936335710341384,3.2970542887981455,,,,,,,,,
Mass-H1-Real,CH,HPl,2030-Hlow,379.307631542679,1250.5978533516566,0.26594427130383136,38.25583930950486,0.1008570250851923,3.2970542887981455,,,,,,,,,
Mass-H1-Real,CH,HPl,2035-Hhigh,379.307631542679,1250.5978533516566,0.26594427130383136,25.403984343610002,0.06697461962547303,3.2970542887981455,,,,,,,,,
Mass-H1-Real,CH,HPl,2035-Hlow,379.307631542679,1250.5978533516566,0.26594427130383136,32.770248612861764,0.0863949097981028,3.2970542887981455,,,,,,,,,
Mass-H1-Real,CH,HPl,2040-Hhigh,379.307631542679,1250.5978533516566,0.26594427130383136,26.084895515406405,0.06876976191941284,3.2970542887981455,,,,,,,,,
Mass-H1-Real,CH,HPl,2040-Hlow,379.307631542679,1250.5978533516566,0.26594427130383136,38.73622471657885,0.10212350476323154,3.2970542887981455,,,,,,,,,
Mass-H1-Real,CH,HPl,2045-Hhigh,379.307631542679,1250.5978533516566,0.26594427130383136,24.354555077475617,0.06420792267854829,3.2970542887981455,,,,,,,,,
Mass-H1-Real,CH,HPl,2045-Hlow,379.307631542679,1250.5978533516566,0.26594427130383136,35.459566088991274,0.0934849793155333,3.2970542887981455,,,,,,,,,
Mod-Nom-Ideal,AK,HP,2024-Hhigh,852.3424616186181,3390.510784296661,0.45078084531764856,74.04977480327736,0.08687796060594602,3.977873844109564,,,,,,,,,
Mod-Nom-Ideal,AK,HP,2024-Hlow,852.3424616186181,3390.510784296661,0.45078084531764856,142.8551823760976,0.16760303376745103,3.977873844109564,,,,,,,,,
Mod-Nom-Ideal,AK,HP,2025-Hhigh,852.3424616186181,3390.510784296661,0.46712164983842486,61.118762582208596,0.07170681426118634,3.977873844109564,,,,,,,,,
Mod-Nom-Ideal,AK,HP,2025-Hlow,852.3424616186181,3390.510784296661,0.46712164983842486,101.68063491044904,0.11929551734094669,3.977873844109564,,,,,,,,,
Mod-Nom-Ideal,AK,HP,2030-Hhigh,852.3424616186181,3390.510784296661,0.4525703612169487,60.01357326133597,0.07041016488533118,3.977873844109564,,,,,,,,,
Mod-Nom-Ideal,AK,HP,2030-Hlow,852.3424616186181,3390.510784296661,0.4525703612169487,93.19558627310725,0.10934054147217619,3.977873844109564,,,,,,,,,
Mod-Nom-Ideal,AK,HP,2035-Hhigh,852.3424616186181,3390.510784296661,0.4525703612169487,52.86481726250224,0.062022977433402446,3.977873844109564,,,,,,,,,
Mod-Nom-Ideal,AK,HP,2035-Hlow,852.3424616186181,3390.510784296661,0.4525703612169487,81.78717826840087,0.09595577124373825,3.977873844109564,,,,,,,,,
Mod-Nom-Ideal,AK,HP,2040-Hhigh,852.3424616186181,3390.510784296661,0.4525703612169487,59.516137830845295,0.06982655506546367,3.977873844109564,,,,,,,,,
Mod-Nom-Ideal,AK,HP,2040-Hlow,852.3424616186181,3390.510784296661,0.4525703612169487,99.07638246844056,0.1162401111406467,3.977873844109564,,,,,,,,,
Mod-Nom-Ideal,AK,HP,2045-Hhigh,852.3424616186181,3390.510784296661,0.4525703612169487,56.46934551478161,0.06625194456174929,3.977873844109564,,,,,,,,,
Mod-Nom-Ideal,AK,HP,2045-Hlow,852.3424616186181,3390.510784296661,0.4525703612169487,93.32132302983702,0.10948806052982232,3.977873844109564,,,,,,,,,
Mod-H1-Ideal,AK,HP,2024-Hhigh,551.4008394872418,2262.1880286971764,0.35231333332735515,47.68274104759841,0.08647564100906975,4.102619848748922,,,,,,,,,
Mod-H1-Ideal,AK,HP,2024-Hlow,551.4008394872418,2262.1880286971764,0.35231333332735515,93.92948065985829,0.17034700336547384,4.102619848748922,,,,,,,,,
Mod-H1-Ideal,AK,HP,2025-Hhigh,551.4008394872418,2262.1880286971764,0.36511581162351603,39.258989803427355,0.071198639885886,4.102619848748922,,,,,,,,,
Mod-H1-Ideal,AK,HP,2025-Hlow,551.4008394872418,2262.1880286971764,0.36511581162351603,65.3417164645324,0.11850130029779228,4.102619848748922,,,,,,,,,
Mod-H1-Ideal,AK,HP,2030-Hhigh,551.4008394872418,2262.1880286971764,0.3516804113413129,38.72114209603962,0.07022321934084677,4.102619848748922,,,,,,,,,
Mod-H1-Ideal,AK,HP,2030-Hlow,551.4008394872418,2262.1880286971764,0.3516804113413129,60.41003456508005,0.1095573859141319,4.102619848748922,,,,,,,,,
Mod-H1-Ideal,AK,HP,2035-Hhigh,551.4008394872418,2262.1880286971764,0.3516804113413129,34.45649208775461,0.062489009120472803,4.102619848748922,,,,,,,,,
Mod-H1-Ideal,AK,HP,2035-Hlow,551.4008394872418,2262.1880286971764,0.3516804113413129,53.900748646878135,0.09775238771308632,4.102619848748922,,,,,,,,,
Mod-H1-Ideal,AK,HP,2040-Hhigh,551.4008394872418,2262.1880286971764,0.3516804113413129,38.56410877450194,0.0699384295648941,4.102619848748922,,,,,,,,,
Mod-H1-Ideal,AK,HP,2040-Hlow,551.4008394872418,2262.1880286971764,0.3516804113413129,65.81096915553155,0.11935231947911148,4.102619848748922,,,,,,,,,
Mod-H1-Ideal,AK,HP,2045-Hhigh,551.4008394872418,2262.1880286971764,0.3516804113413129,36.642820844117786,0.06645405342181315,4.102619848748922,,,,,,,,,
Mod-H1-Ideal,AK,HP,2045-Hlow,551.4008394872418,2262.1880286971764,0.3516804113413129,61.9355884560408,0.11232407356078,4.102619848748922,,,,,,,,,
Mod-Nom-Real,AK,HP,2024-Hhigh,764.5449404258283,3074.818888068081,0.4614158912952837,68.11731517384612,0.0890952402822872,4.021763437941922,,,,,,,,,
Mod-Nom-Real,AK,HP,2024-Hlow,764.5449404258283,3074.818888068081,0.4614158912952837,126.64991147582226,0.16565397896071632,4.021763437941922,,,,,,,,,
Mod-Nom-Real,AK,HP,2025-Hhigh,764.5449404258283,3074.818888068081,0.4785839135006475,55.69626278263287,0.07284890637247791,4.021763437941922,,,,,,,,,
Mod-Nom-Real,AK,HP,2025-Hlow,764.5449404258283,3074.818888068081,0.4785839135006475,87.79809640010942,0.1148370641903778,4.021763437941922,,,,,,,,,
Mod-Nom-Real,AK,HP,2030-Hhigh,764.5449404258283,3074.818888068081,0.46313627505406035,54.946704126321706,0.07186850794633219,4.021763437941922,,,,,,,,,
Mod-Nom-Real,AK,HP,2030-Hlow,764.5449404258283,3074.818888068081,0.46313627505406035,82.16039547683941,0.10746313412404322,4.021763437941922,,,,,,,,,
Mod-Nom-Real,AK,HP,2035-Hhigh,764.5449404258283,3074.818888068081,0.46313627505406035,49.019311581107765,0.0641156706286036,4.021763437941922,,,,,,,,,
Mod-Nom-Real,AK,HP,2035-Hlow,764.5449404258283,3074.818888068081,0.46313627505406035,74.16011141496598,0.09699902189354763,4.021763437941922,,,,,,,,,
Mod-Nom-Real,AK,HP,2040-Hhigh,764.5449404258283,3074.818888068081,0.46313627505406035,54.357806463633025,0.07109824889215458,4.021763437941922,,,,,,,,,
Mod-Nom-Real,AK,HP,2040-Hlow,764.5449404258283,3074.818888068081,0.46313627505406035,89.7286629770051,0.11736218269527618,4.021763437941922,,,,,,,,,
Mod-Nom-Real,AK,HP,2045-Hhigh,764.5449404258283,3074.818888068081,0.46313627505406035,51.7189812427538,0.06764675103853006,4.021763437941922,,,,,,,,,
Mod-Nom-Real,AK,HP,2045-Hlow,764.5449404258283,3074.818888068081,0.46313627505406035,84.51843447625872,0.11054737270144581,4.021763437941922,,,,,,,,,
Mod-H1-Real,AK,HP,2024-Hhigh,529.7986599032018,2185.267240580935,0.3582828558057787,46.2453839437882,0.08728860120604603,4.124712661561279,,,,,,,,,
Mod-H1-Real,AK,HP,2024-Hlow,529.7986599032018,2185.267240580935,0.3582828558057787,89.47704148297827,0.168888765213801,4.124712661561279,,,,,,,,,
Mod-H1-Real,AK,HP,2025-Hhigh,529.7986599032018,2185.267240580935,0.37153194676750717,37.925578723206506,0.0715848898714387,4.124712661561279,,,,,,,,,
Mod-H1-Real,AK,HP,2025-Hlow,529.7986599032018,2185.267240580935,0.37153194676750717,61.532514312481986,0.11614320489924311,4.124712661561279,,,,,,,,,
Mod-H1-Real,AK,HP,2030-Hhigh,529.7986599032018,2185.267240580935,0.35763814448064857,37.47325219178603,0.07073111924940066,4.124712661561279,,,,,,,,,
Mod-H1-Real,AK,HP,2030-Hlow,529.7986599032018,2185.267240580935,0.35763814448064857,57.412175680707705,0.10836602661697434,4.124712661561279,,,,,,,,,
Mod-H1-Real,AK,HP,2035-Hhigh,529.7986599032018,2185.267240580935,0.35763814448064857,33.53965002176426,0.06330640781139801,4.124712661561279,,,,,,,,,
Mod-H1-Real,AK,HP,2035-Hlow,529.7986599032018,2185.267240580935,0.35763814448064857,51.89053488211739,0.09794387719213593,4.124712661561279,,,,,,,,,
Mod-H1-Real,AK,HP,2040-Hhigh,529.7986599032018,2185.267240580935,0.35763814448064857,37.23975714985592,0.07029039514116532,4.124712661561279,,,,,,,,,
Mod-H1-Real,AK,HP,2040-Hlow,529.7986599032018,2185.267240580935,0.35763814448064857,63.316831472066234,0.11951112047666314,4.124712661561279,,,,,,,,,
Mod-H1-Real,AK,HP,2045-Hhigh,529.7986599032018,2185.267240580935,0.35763814448064857,35.434418344930144,0.06688280100860254,4.124712661561279,,,,,,,,,
Mod-H1-Real,AK,HP,2045-Hlow,529.7986599032018,2185.267240580935,0.35763814448064857,59.586329228550646,0.11246976207798924,4.124712661561279,,,,,,,,,
Mod-Nom-Ideal,CH,HP,2024-Hhigh,3135.3836952043225,10923.711684360258,1.3206191539920054,293.52094880666095,0.0936156392136667,3.4840111279102626,,,,,,,,,
Mod-Nom-Ideal,CH,HP,2024-Hlow,3135.3836952043225,10923.711684360258,1.3206191539920054,492.4048343689994,0.1570477116156946,3.4840111279102626,,,,,,,,,
Mod-Nom-Ideal,CH,HP,2025-Hhigh,3135.3836952043225,10923.711684360258,1.347494523034874,239.20199292617707,0.07629113887784923,3.4840111279102626,,,,,,,,,
Mod-Nom-Ideal,CH,HP,2025-Hlow,3135.3836952043225,10923.711684360258,1.347494523034874,358.52712216283504,0.1143487231598527,3.4840111279102626,,,,,,,,,
Mod-Nom-Ideal,CH,HP,2030-Hhigh,3135.3836952043225,10923.711684360258,1.3203644017904264,227.3304902332384,0.07250483906672993,3.4840111279102626,,,,,,,,,
Mod-Nom-Ideal,CH,HP,2030-Hlow,3135.3836952043225,10923.711684360258,1.3203644017904264,321.4644328576396,0.10252794047163367,3.4840111279102626,,,,,,,,,
Mod-Nom-Ideal,CH,HP,2035-Hhigh,3135.3836952043225,10923.711684360258,1.3203644017904264,190.47582843759054,0.060750404720458895,3.4840111279102626,,,,,,,,,
Mod-Nom-Ideal,CH,HP,2035-Hlow,3135.3836952043225,10923.711684360258,1.3203644017904264,267.4447142725221,0.08529887894792207,3.4840111279102626,,,,,,,,,
Mod-Nom-Ideal,CH,HP,2040-Hhigh,3135.3836952043225,10923.711684360258,1.3203644017904264,210.29174843855174,0.06707049882290331,3.4840111279102626,,,,,,,,,
Mod-Nom-Ideal,CH,HP,2040-Hlow,3135.3836952043225,10923.711684360258,1.3203644017904264,316.2471987963329,0.10086395463497622,3.4840111279102626,,,,,,,,,
Mod-Nom-Ideal,CH,HP,2045-Hhigh,3135.3836952043225,10923.711684360258,1.3203644017904264,197.02959520828782,0.06284066460817901,3.4840111279102626,,,,,,,,,
Mod-Nom-Ideal,CH,HP,2045-Hlow,3135.3836952043225,10923.711684360258,1.3203644017904264,293.55001253988803,0.09362490880745565,3.4840111279102626,,,,,,,,,
Mod-H1-Ideal,CH,HP,2024-Hhigh,2439.432564620969,8463.566682107588,1.1540248227716992,227.07127106149755,0.09308364344836036,3.469481716713341,,,,,,,,,
Mod-H1-Ideal,CH,HP,2024-Hlow,2439.432564620969,8463.566682107588,1.1540248227716992,391.5221989614595,0.1604972421208507,3.469481716713341,,,,,,,,,
Mod-H1-Ideal,CH,HP,2025-Hhigh,2439.432564620969,8463.566682107588,1.1769468589624372,184.38527169001134,0.0755853120779588,3.469481716713341,,,,,,,,,
Mod-H1-Ideal,CH,HP,2025-Hlow,2439.432564620969,8463.566682107588,1.1769468589624372,281.76965715066467,0.11550622929166525,3.469481716713341,,,,,,,,,
Mod-H1-Ideal,CH,HP,2030-Hhigh,2439.432564620969,8463.566682107588,1.154199260147553,176.3725956168499,0.07230066457863085,3.469481716713341,,,,,,,,,
Mod-H1-Ideal,CH,HP,2030-Hlow,2439.432564620969,8463.566682107588,1.154199260147553,253.64261253229682,0.10397607058742654,3.469481716713341,,,,,,,,,
Mod-H1-Ideal,CH,HP,2035-Hhigh,2439.432564620969,8463.566682107588,1.154199260147553,149.65120426358484,0.06134672728157056,3.469481716713341,,,,,,,,,
Mod-H1-Ideal,CH,HP,2035-Hlow,2439.432564620969,8463.566682107588,1.154199260147553,214.14773114824527,0.08778587867278013,3.469481716713341,,,,,,,,,
Mod-H1-Ideal,CH,HP,2040-Hhigh,2439.432564620969,8463.566682107588,1.154199260147553,164.87740796418203,0.06758842624116569,3.469481716713341,,,,,,,,,
Mod-H1-Ideal,CH,HP,2040-Hlow,2439.432564620969,8463.566682107588,1.154199260147553,254.56646254826515,0.10435478571543085,3.469481716713341,,,,,,,,,
Mod-H1-Ideal,CH,HP,2045-Hhigh,2439.432564620969,8463.566682107588,1.154199260147553,154.98587045961145,0.06353357444979942,3.469481716713341,,,,,,,,,
Mod-H1-Ideal,CH,HP,2045-Hlow,2439.432564620969,8463.566682107588,1.154199260147553,237.10284658486876,0.09719590122045821,3.469481716713341,,,,,,,,,
Mod-Nom-Real,CH,HP,2024-Hhigh,2482.5706613987118,8925.16570083242,1.39090411585269,240.07685809599192,0.09670494452743172,3.595130579608102,,,,,,,,,
Mod-Nom-Real,CH,HP,2024-Hlow,2482.5706613987118,8925.16570083242,1.39090411585269,385.0919172707427,0.15511821003063697,3.595130579608102,,,,,,,,,
Mod-Nom-Real,CH,HP,2025-Hhigh,2482.5706613987118,8925.16570083242,1.4214292930681087,192.27677106112193,0.07745067403349992,3.595130579608102,,,,,,,,,
Mod-Nom-Real,CH,HP,2025-Hlow,2482.5706613987118,8925.16570083242,1.4214292930681087,267.4086683150896,0.10771442379184008,3.595130579608102,,,,,,,,,
Mod-Nom-Real,CH,HP,2030-Hhigh,2482.5706613987118,8925.16570083242,1.3904851512246799,185.02631674665278,0.07453013105472156,3.595130579608102,,,,,,,,,
Mod-Nom-Real,CH,HP,2030-Hlow,2482.5706613987118,8925.16570083242,1.3904851512246799,248.59527987806658,0.10013623529168948,3.595130579608102,,,,,,,,,
Mod-Nom-Real,CH,HP,2035-Hhigh,2482.5706613987118,8925.16570083242,1.3904851512246799,159.25841353453103,0.06415060647047316,3.595130579608102,,,,,,,,,
Mod-Nom-Real,CH,HP,2035-Hlow,2482.5706613987118,8925.16570083242,1.3904851512246799,217.8123821373366,0.08773662942371935,3.595130579608102,,,,,,,,,
Mod-Nom-Real,CH,HP,2040-Hhigh,2482.5706613987118,8925.16570083242,1.3904851512246799,171.87211367315774,0.06923150923580271,3.595130579608102,,,,,,,,,
Mod-Nom-Real,CH,HP,2040-Hlow,2482.5706613987118,8925.16570083242,1.3904851512246799,258.37714049063874,0.10407644966893542,3.595130579608102,,,,,,,,,
Mod-Nom-Real,CH,HP,2045-Hhigh,2482.5706613987118,8925.16570083242,1.3904851512246799,161.8352680024304,0.06518858476771427,3.595130579608102,,,,,,,,,
Mod-Nom-Real,CH,HP,2045-Hlow,2482.5706613987118,8925.16570083242,1.3904851512246799,239.6610723823812,0.09653746260231445,3.595130579608102,,,,,,,,,
Mod-H1-Real,CH,HP,2024-Hhigh,2080.3460924693813,7364.595176264991,1.232705248452714,198.50978845477482,0.09542152105044344,3.540081721461634,,,,,,,,,
Mod-H1-Real,CH,HP,2024-Hlow,2080.3460924693813,7364.595176264991,1.232705248452714,328.56852425344033,0.15793935703430376,3.540081721461634,,,,,,,,,
Mod-H1-Real,CH,HP,2025-Hhigh,2080.3460924693813,7364.595176264991,1.2604611077205383,158.94445524434394,0.07640289075923712,3.540081721461634,,,,,,,,,
Mod-H1-Real,CH,HP,2025-Hlow,2080.3460924693813,7364.595176264991,1.2604611077205383,227.59062525328878,0.10940036663954196,3.540081721461634,,,,,,,,,
Mod-H1-Real,CH,HP,2030-Hhigh,2080.3460924693813,7364.595176264991,1.2328906880910921,153.50894697281893,0.07379010037248324,3.540081721461634,,,,,,,,,
Mod-H1-Real,CH,HP,2030-Hlow,2080.3460924693813,7364.595176264991,1.2328906880910921,211.0352129396094,0.10144235793435194,3.540081721461634,,,,,,,,,
Mod-H1-Real,CH,HP,2035-Hhigh,2080.3460924693813,7364.595176264991,1.2328906880910921,133.09688738358184,0.06397824278632175,3.540081721461634,,,,,,,,,
Mod-H1-Real,CH,HP,2035-Hlow,2080.3460924693813,7364.595176264991,1.2328906880910921,185.89549164788488,0.08935796419682554,3.540081721461634,,,,,,,,,
Mod-H1-Real,CH,HP,2040-Hhigh,2080.3460924693813,7364.595176264991,1.2328906880910921,143.77082017758912,0.06910908752059251,3.540081721461634,,,,,,,,,
Mod-H1-Real,CH,HP,2040-Hlow,2080.3460924693813,7364.595176264991,1.2328906880910921,221.50206179896622,0.10647365964768014,3.540081721461634,,,,,,,,,
Mod-H1-Real,CH,HP,2045-Hhigh,2080.3460924693813,7364.595176264991,1.2328906880910921,135.64181599646855,0.06520156260897005,3.540081721461634,,,,,,,,,
Mod-H1-Real,CH,HP,2045-Hlow,2080.3460924693813,7364.595176264991,1.2328906880910921,206.17047178114717,0.09910392916229711,3.540081721461634,,,,,,,,,
Mass-Nom-Ideal,AK,HP,2024-Hhigh,622.8780313643073,2451.8068836309394,0.2847916216058212,58.253098067071846,0.09352247973729054,3.9362551898975755,,,,,,,,,
Mass-Nom-Ideal,AK,HP,2024-Hlow,622.8780313643073,2451.8068836309394,0.2847916216058212,101.71491213575399,0.163298281547938,3.9362551898975755,,,,,,,,,
Mass-Nom-Ideal,AK,HP,2025-Hhigh,622.8780313643073,2451.8068836309394,0.29683227374848853,47.69696848819999,0.07657513363206594,3.9362551898975755,,,,,,,,,
Mass-Nom-Ideal,AK,HP,2025-Hlow,622.8780313643073,2451.8068836309394,0.29683227374848853,72.86030955258362,0.11697363831085138,3.9362551898975755,,,,,,,,,
Mass-Nom-Ideal,AK,HP,2030-Hhigh,622.8780313643073,2451.8068836309394,0.27508644146255457,45.7290776020837,0.07341578174128571,3.9362551898975755,,,,,,,,,
Mass-Nom-Ideal,AK,HP,2030-Hlow,622.8780313643073,2451.8068836309394,0.27508644146255457,65.64719034985889,0.10539333070724938,3.9362551898975755,,,,,,,,,
Mass-Nom-Ideal,AK,HP,2035-Hhigh,622.8780313643073,2451.8068836309394,0.27508644146255457,39.30559601117962,0.06310319843049764,3.9362551898975755,,,,,,,,,
Mass-Nom-Ideal,AK,HP,2035-Hlow,622.8780313643073,2451.8068836309394,0.27508644146255457,56.00395761931071,0.08991159552800998,3.9362551898975755,,,,,,,,,
Mass-Nom-Ideal,AK,HP,2040-Hhigh,622.8780313643073,2451.8068836309394,0.27508644146255457,42.49454452999862,0.06822289820837255,3.9362551898975755,,,,,,,,,
Mass-Nom-Ideal,AK,HP,2040-Hlow,622.8780313643073,2451.8068836309394,0.27508644146255457,66.35133904490817,0.10652380675487458,3.9362551898975755,,,,,,,,,
Mass-Nom-Ideal,AK,HP,2045-Hhigh,622.8780313643073,2451.8068836309394,0.27508644146255457,39.90418610963894,0.06406420535050125,3.9362551898975755,,,,,,,,,
Mass-Nom-Ideal,AK,HP,2045-Hlow,622.8780313643073,2451.8068836309394,0.27508644146255457,61.690370322919506,0.09904085104397943,3.9362551898975755,,,,,,,,,
Mass-H1-Ideal,AK,HP,2024-Hhigh,135.95499194893856,538.9339900224929,0.08781048132901574,13.853625894132772,0.10189861876742166,3.964061799399787,,,,,,,,,
Mass-H1-Ideal,AK,HP,2024-Hlow,135.95499194893856,538.9339900224929,0.08781048132901574,23.66480778544533,0.1740635444583989,3.964061799399787,,,,,,,,,
Mass-H1-Ideal,AK,HP,2025-Hhigh,135.95499194893856,538.9339900224929,0.09249794966406723,11.265088425485706,0.08285895401116719,3.964061799399787,,,,,,,,,
Mass-H1-Ideal,AK,HP,2025-Hlow,135.95499194893856,538.9339900224929,0.09249794966406723,16.033241650430202,0.11793051083002458,3.964061799399787,,,,,,,,,
Mass-H1-Ideal,AK,HP,2030-Hhigh,135.95499194893856,538.9339900224929,0.08390642141925954,10.940205838420088,0.08046932063023451,3.964061799399787,,,,,,,,,
Mass-H1-Ideal,AK,HP,2030-Hlow,135.95499194893856,538.9339900224929,0.08390642141925954,14.878779030510485,0.10943900490317118,3.964061799399787,,,,,,,,,
Mass-H1-Ideal,AK,HP,2035-Hhigh,135.95499194893856,538.9339900224929,0.08390642141925954,9.637283610512121,0.07088583855848157,3.964061799399787,,,,,,,,,
Mass-H1-Ideal,AK,HP,2035-Hlow,135.95499194893856,538.9339900224929,0.08390642141925954,13.09790323701851,0.09633999494433988,3.964061799399787,,,,,,,,,
Mass-H1-Ideal,AK,HP,2040-Hhigh,135.95499194893856,538.9339900224929,0.08390642141925954,9.950931786908676,0.07319283863181728,3.964061799399787,,,,,,,,,
Mass-H1-Ideal,AK,HP,2040-Hlow,135.95499194893856,538.9339900224929,0.08390642141925954,15.573690983953442,0.11455034317388323,3.964061799399787,,,,,,,,,
Mass-H1-Ideal,AK,HP,2045-Hhigh,135.95499194893856,538.9339900224929,0.08390642141925954,9.404560097496113,0.06917406976147106,3.964061799399787,,,,,,,,,
Mass-H1-Ideal,AK,HP,2045-Hlow,135.95499194893856,538.9339900224929,0.08390642141925954,14.441811175300568,0.10622494230093858,3.964061799399787,,,,,,,,,
Mass-Nom-Real,AK,HP,2024-Hhigh,537.7658421230735,2154.041102049094,0.29727235057911333,51.921862110722685,0.09655106004081197,4.005537230749064,,,,,,,,,
Mass-Nom-Real,AK,HP,2024-Hlow,537.7658421230735,2154.041102049094,0.29727235057911333,86.99908224527876,0.16177874351745844,4.005537230749064,,,,,,,,,
Mass-Nom-Real,AK,HP,2025-Hhigh,537.7658421230735,2154.041102049094,0.31086405697193403,41.83936376211463,0.07780219657859794,4.005537230749064,,,,,,,,,
Mass-Nom-Real,AK,HP,2025-Hlow,537.7658421230735,2154.041102049094,0.31086405697193403,59.79555032158165,0.1111925407636746,4.005537230749064,,,,,,,,,
Mass-Nom-Real,AK,HP,2030-Hhigh,537.7658421230735,2154.041102049094,0.2875969466724388,40.37421377777515,0.07507768365945242,4.005537230749064,,,,,,,,,
Mass-Nom-Real,AK,HP,2030-Hlow,537.7658421230735,2154.041102049094,0.2875969466724388,55.37925219019371,0.10298023387197502,4.005537230749064,,,,,,,,,
Mass-Nom-Real,AK,HP,2035-Hhigh,537.7658421230735,2154.041102049094,0.2875969466724388,35.392248980209445,0.06581349391862183,4.005537230749064,,,,,,,,,
Mass-Nom-Real,AK,HP,2035-Hlow,537.7658421230735,2154.041102049094,0.2875969466724388,49.13131650939516,0.09136191379397975,4.005537230749064,,,,,,,,,
Mass-Nom-Real,AK,HP,2040-Hhigh,537.7658421230735,2154.041102049094,0.2875969466724388,37.28780028320842,0.06933835763163756,4.005537230749064,,,,,,,,,
Mass-Nom-Real,AK,HP,2040-Hlow,537.7658421230735,2154.041102049094,0.2875969466724388,58.00271424223145,0.10785868067268746,4.005537230749064,,,,,,,,,
Mass-Nom-Real,AK,HP,2045-Hhigh,537.7658421230735,2154.041102049094,0.2875969466724388,35.16410176350593,0.06538924381042827,4.005537230749064,,,,,,,,,
Mass-Nom-Real,AK,HP,2045-Hlow,537.7658421230735,2154.041102049094,0.2875969466724388,53.91074778717032,0.10024948325898368,4.005537230749064,,,,,,,,,
Mass-H1-Real,AK,HP,2024-Hhigh,133.31067684186016,530.277894566634,0.08778008913745369,13.641365254628246,0.10232762729732683,3.977760124912398,,,,,,,,,
Mass-H1-Real,AK,HP,2024-Hlow,133.31067684186016,530.277894566634,0.08778008913745369,23.138276446127406,0.1735665664166959,3.977760124912398,,,,,,,,,
Mass-H1-Real,AK,HP,2025-Hhigh,133.31067684186016,530.277894566634,0.09246886772475822,11.061200906846164,0.08297310589734322,3.977760124912398,,,,,,,,,
Mass-H1-Real,AK,HP,2025-Hlow,133.31067684186016,530.277894566634,0.09246886772475822,15.585723351307736,0.1169127913872668,3.977760124912398,,,,,,,,,
Mass-H1-Real,AK,HP,2030-Hhigh,133.31067684186016,530.277894566634,0.08387613338390029,10.747045198521752,0.0806165376481468,3.977760124912398,,,,,,,,,
Mass-H1-Real,AK,HP,2030-Hlow,133.31067684186016,530.277894566634,0.08387613338390029,14.511657589983741,0.10885592912560335,3.977760124912398,,,,,,,,,
Mass-H1-Real,AK,HP,2035-Hhigh,133.31067684186016,530.277894566634,0.08387613338390029,9.494914689424533,0.07122396280897951,3.977760124912398,,,,,,,,,
Mass-H1-Real,AK,HP,2035-Hlow,133.31067684186016,530.277894566634,0.08387613338390029,12.857201996198484,0.0964454033299249,3.977760124912398,,,,,,,,,
Mass-H1-Real,AK,HP,2040-Hhigh,133.31067684186016,530.277894566634,0.08387613338390029,9.747339035838472,0.07311746715832264,3.977760124912398,,,,,,,,,
Mass-H1-Real,AK,HP,2040-Hlow,133.31067684186016,530.277894566634,0.08387613338390029,15.253451269438909,0.11442032724455613,3.977760124912398,,,,,,,,,
Mass-H1-Real,AK,HP,2045-Hhigh,133.31067684186016,530.277894566634,0.08387613338390029,9.224733699171008,0.06919726099743573,3.977760124912398,,,,,,,,,
Mass-H1-Real,AK,HP,2045-Hlow,133.31067684186016,530.277894566634,0.08387613338390029,14.154330094917714,0.10617551744717563,3.977760124912398,,,,,,,,,
Mass-Nom-Ideal,CH,HP,2024-Hhigh,1990.511485093362,6756.82744202727,0.7294563824562782,196.23882053536795,0.09858713300825976,3.3945181892333323,,,,,,,,,
Mass-Nom-Ideal,CH,HP,2024-Hlow,1990.511485093362,6756.82744202727,0.7294563824562782,305.1126085114447,0.15328352074147106,3.3945181892333323,,,,,,,,,
Mass-Nom-Ideal,CH,HP,2025-Hhigh,1990.511485093362,6756.82744202727,0.7503167863274464,159.30629568636917,0.08003284426108054,3.3945181892333323,,,,,,,,,
Mass-Nom-Ideal,CH,HP,2025-Hlow,1990.511485093362,6756.82744202727,0.7503167863274464,220.9968143531361,0.11102513901986885,3.3945181892333323,,,,,,,,,
Mass-Nom-Ideal,CH,HP,2030-Hhigh,1990.511485093362,6756.82744202727,0.7217904974835248,148.0475698857641,0.0743766469043107,3.3945181892333323,,,,,,,,,
Mass-Nom-Ideal,CH,HP,2030-Hlow,1990.511485093362,6756.82744202727,0.7217904974835248,196.26482740627057,0.09860019842943286,3.3945181892333323,,,,,,,,,
Mass-Nom-Ideal,CH,HP,2035-Hhigh,1990.511485093362,6756.82744202727,0.7217904974835248,121.06164303409892,0.06081936423914716,3.3945181892333323,,,,,,,,,
Mass-Nom-Ideal,CH,HP,2035-Hlow,1990.511485093362,6756.82744202727,0.7217904974835248,159.00309093287922,0.07988051921510085,3.3945181892333323,,,,,,,,,
Mass-Nom-Ideal,CH,HP,2040-Hhigh,1990.511485093362,6756.82744202727,0.7217904974835248,130.16666001579304,0.06539357395854853,3.3945181892333323,,,,,,,,,
Mass-Nom-Ideal,CH,HP,2040-Hlow,1990.511485093362,6756.82744202727,0.7217904974835248,186.04480614295818,0.09346582902747333,3.3945181892333323,,,,,,,,,
Mass-Nom-Ideal,CH,HP,2045-Hhigh,1990.511485093362,6756.82744202727,0.7217904974835248,121.03001855393327,0.06080347662412837,3.3945181892333323,,,,,,,,,
Mass-Nom-Ideal,CH,HP,2045-Hlow,1990.511485093362,6756.82744202727,0.7217904974835248,170.40063315144184,0.08560645564094771,3.3945181892333323,,,,,,,,,
Mass-H1-Ideal,CH,HP,2024-Hhigh,584.3428323936963,1918.6507080288188,0.3529876533100096,63.42700345814379,0.10854416267642408,3.2834332889295084,,,,,,,,,
Mass-H1-Ideal,CH,HP,2024-Hlow,584.3428323936963,1918.6507080288188,0.3529876533100096,100.64949817357903,0.17224391674537942,3.2834332889295084,,,,,,,,,
Mass-H1-Ideal,CH,HP,2025-Hhigh,584.3428323936963,1918.6507080288188,0.3636094843690547,51.174199694783184,0.08757564371099358,3.2834332889295084,,,,,,,,,
Mass-H1-Ideal,CH,HP,2025-Hlow,584.3428323936963,1918.6507080288188,0.3636094843690547,69.26251959559933,0.11853062236063205,3.2834332889295084,,,,,,,,,
Mass-H1-Ideal,CH,HP,2030-Hhigh,584.3428323936963,1918.6507080288188,0.34918413585503827,48.024310059981616,0.08218516151426945,3.2834332889295084,,,,,,,,,
Mass-H1-Ideal,CH,HP,2030-Hlow,584.3428323936963,1918.6507080288188,0.34918413585503827,62.56060119198251,0.10706146755614314,3.2834332889295084,,,,,,,,,
Mass-H1-Ideal,CH,HP,2035-Hhigh,584.3428323936963,1918.6507080288188,0.34918413585503827,40.203795765802106,0.06880172654999749,3.2834332889295084,,,,,,,,,
Mass-H1-Ideal,CH,HP,2035-Hlow,584.3428323936963,1918.6507080288188,0.34918413585503827,52.62993889266821,0.09006688535405737,3.2834332889295084,,,,,,,,,
Mass-H1-Ideal,CH,HP,2040-Hhigh,584.3428323936963,1918.6507080288188,0.34918413585503827,41.949675544442975,0.07178949277532973,3.2834332889295084,,,,,,,,,
Mass-H1-Ideal,CH,HP,2040-Hlow,584.3428323936963,1918.6507080288188,0.34918413585503827,62.62158745577428,0.10716583482208863,3.2834332889295084,,,,,,,,,
Mass-H1-Ideal,CH,HP,2045-Hhigh,584.3428323936963,1918.6507080288188,0.34918413585503827,39.44540914950543,0.0675038812197313,3.2834332889295084,,,,,,,,,
Mass-H1-Ideal,CH,HP,2045-Hlow,584.3428323936963,1918.6507080288188,0.34918413585503827,57.548452088379115,0.09848405575993496,3.2834332889295084,,,,,,,,,
Mass-Nom-Real,CH,HP,2024-Hhigh,1576.4882790668553,5534.237892551646,0.8148075523934912,161.27267366370782,0.1022986823341099,3.510484642377066,,,,,,,,,
Mass-Nom-Real,CH,HP,2024-Hlow,1576.4882790668553,5534.237892551646,0.8148075523934912,240.9184690544534,0.15281970202598416,3.510484642377066,,,,,,,,,
Mass-Nom-Real,CH,HP,2025-Hhigh,1576.4882790668553,5534.237892551646,0.8429712941887785,128.21544589525155,0.08132978062554579,3.510484642377066,,,,,,,,,
Mass-Nom-Real,CH,HP,2025-Hlow,1576.4882790668553,5534.237892551646,0.8429712941887785,164.9449478446927,0.10462808384615828,3.510484642377066,,,,,,,,,
Mass-Nom-Real,CH,HP,2030-Hhigh,1576.4882790668553,5534.237892551646,0.8072673414922301,120.61726629968612,0.07651009392285563,3.510484642377066,,,,,,,,,
Mass-Nom-Real,CH,HP,2030-Hlow,1576.4882790668553,5534.237892551646,0.8072673414922301,152.06869876304268,0.09646040556232628,3.510484642377066,,,,,,,,,
Mass-Nom-Real,CH,HP,2035-Hhigh,1576.4882790668553,5534.237892551646,0.8072673414922301,101.67828502916582,0.06449669583928057,3.510484642377066,,,,,,,,,
Mass-Nom-Real,CH,HP,2035-Hlow,1576.4882790668553,5534.237892551646,0.8072673414922301,130.31736541766546,0.08266307282335271,3.510484642377066,,,,,,,,,
Mass-Nom-Real,CH,HP,2040-Hhigh,1576.4882790668553,5534.237892551646,0.8072673414922301,106.22568078435859,0.0673812055534184,3.510484642377066,,,,,,,,,
Mass-Nom-Real,CH,HP,2040-Hlow,1576.4882790668553,5534.237892551646,0.8072673414922301,153.1358274825014,0.09713730797487728,3.510484642377066,,,,,,,,,
Mass-Nom-Real,CH,HP,2045-Hhigh,1576.4882790668553,5534.237892551646,0.8072673414922301,99.36148277135791,0.06302709895830708,3.510484642377066,,,,,,,,,
Mass-Nom-Real,CH,HP,2045-Hlow,1576.4882790668553,5534.237892551646,0.8072673414922301,140.2762535000871,0.08898020706066938,3.510484642377066,,,,,,,,,
Mass-H1-Real,CH,HP,2024-Hhigh,540.1156813347023,1797.9505396109193,0.3819754554108851,59.84637660704266,0.11080288663190409,3.328824919817045,,,,,,,,,
Mass-H1-Real,CH,HP,2024-Hlow,540.1156813347023,1797.9505396109193,0.3819754554108851,92.63344772239515,0.17150668074195657,3.328824919817045,,,,,,,,,
Mass-H1-Real,CH,HP,2025-Hhigh,540.1156813347023,1797.9505396109193,0.3955383769931689,47.751085538511255,0.08840899679215304,3.328824919817045,,,,,,,,,
Mass-H1-Real,CH,HP,2025-Hlow,540.1156813347023,1797.9505396109193,0.3955383769931689,61.70212911501025,0.11423872930801704,3.328824919817045,,,,,,,,,
Mass-H1-Real,CH,HP,2030-Hhigh,540.1156813347023,1797.9505396109193,0.37819424234594673,45.08149966920867,0.08346637808738658,3.328824919817045,,,,,,,,,
Mass-H1-Real,CH,HP,2030-Hlow,540.1156813347023,1797.9505396109193,0.37819424234594673,56.9308434530777,0.10540490754201678,3.328824919817045,,,,,,,,,
Mass-H1-Real,CH,HP,2035-Hhigh,540.1156813347023,1797.9505396109193,0.37819424234594673,38.40970797070039,0.07111385449092046,3.328824919817045,,,,,,,,,
Mass-H1-Real,CH,HP,2035-Hlow,540.1156813347023,1797.9505396109193,0.37819424234594673,49.47673480109272,0.09160395913488144,3.328824919817045,,,,,,,,,
Mass-H1-Real,CH,HP,2040-Hhigh,540.1156813347023,1797.9505396109193,0.37819424234594673,39.30810986066333,0.07277720536372398,3.328824919817045,,,,,,,,,
Mass-H1-Real,CH,HP,2040-Hlow,540.1156813347023,1797.9505396109193,0.37819424234594673,58.977754356072616,0.10919467142729541,3.328824919817045,,,,,,,,,
Mass-H1-Real,CH,HP,2045-Hhigh,540.1156813347023,1797.9505396109193,0.37819424234594673,37.08095099457969,0.06865372044549309,3.328824919817045,,,,,,,,,
Mass-H1-Real,CH,HP,2045-Hlow,540.1156813347023,1797.9505396109193,0.37819424234594673,54.26651626847751,0.10047202505651616,3.328824919817045,,,,,,,,,
,,,2024-Hhigh,1009.8000000000001,1009.7747841269363,0.22241379310344828,74.0317834108035,0.07331331294395275,,1,R,135,288.6630761683829,941.0404560935588,96.0,,,
,,,2024-Hlow,1009.8000000000001,1009.7747841269363,0.22241379310344828,98.19717556815453,0.09724418257888148,,1,R,135,288.6630761683829,941.0404560935588,96.0,,,
,,,2025-Hhigh,1009.8000000000001,1009.7747841269363,0.22241379310344828,56.686102500389545,0.05613596999444399,,1,R,135,288.6630761683829,941.0404560935588,96.0,,,
,,,2025-Hlow,1009.8000000000001,1009.7747841269363,0.22241379310344828,72.78665067511275,0.07208026408705956,,1,R,135,288.6630761683829,941.0404560935588,96.0,,,
,,,2030-Hhigh,1009.8000000000001,1009.7747841269363,0.23448275862068965,50.349298706475395,0.04986066419734145,,1,R,135,288.6630761683829,941.0404560935588,96.0,,,
,,,2030-Hlow,1009.8000000000001,1009.7747841269363,0.23448275862068965,63.151750998679816,0.06253887007197446,,1,R,135,288.6630761683829,941.0404560935588,96.0,,,
,,,2035-Hhigh,1009.8000000000001,1009.7747841269363,0.23448275862068965,39.591747018299216,0.039207513387105576,,1,R,135,288.6630761683829,941.0404560935588,96.0,,,
,,,2035-Hlow,1009.8000000000001,1009.7747841269363,0.23448275862068965,49.99847070193891,0.049513240940719856,,1,R,135,288.6630761683829,941.0404560935588,96.0,,,
,,,2040-Hhigh,1009.8000000000001,1009.7747841269363,0.23448275862068965,41.84222100917545,0.04143614677082139,,1,R,135,288.6630761683829,941.0404560935588,96.0,,,
,,,2040-Hlow,1009.8000000000001,1009.7747841269363,0.23448275862068965,55.8862623587972,0.05534389221508932,,1,R,135,288.6630761683829,941.0404560935588,96.0,,,
,,,2045-Hhigh,1009.8000000000001,1009.7747841269363,0.23448275862068965,37.11184228542494,0.036751675861977556,,1,R,135,288.6630761683829,941.0404560935588,96.0,,,
,,,2045-Hlow,1009.8000000000001,1009.7747841269363,0.23448275862068965,49.78035087558367,0.04929723794373506,,1,R,135,288.6630761683829,941.0404560935588,96.0,,,
,,,2024-Hhigh,1049.3,1049.3890715157713,0.21379310344827587,77.02156517129816,0.07340280679624336,,1,Ro,162,327.69131686034484,437.0346967187187,97.0,,,
,,,2024-Hlow,1049.3,1049.3890715157713,0.21379310344827587,102.18893309188118,0.09738771856655026,,1,Ro,162,327.69131686034484,437.0346967187187,97.0,,,
,,,2025-Hhigh,1049.3,1049.3890715157713,0.21379310344827587,59.037176745539675,0.05626339154249469,,1,Ro,162,327.69131686034484,437.0346967187187,97.0,,,
,,,2025-Hlow,1049.3,1049.3890715157713,0.21379310344827587,75.77735920992933,0.07221705823875854,,1,Ro,162,327.69131686034484,437.0346967187187,97.0,,,
,,,2030-Hhigh,1049.3,1049.3890715157713,0.2275862068965517,52.55030454151197,0.05008129661823308,,1,Ro,162,327.69131686034484,437.0346967187187,97.0,,,
,,,2030-Hlow,1049.3,1049.3890715157713,0.2275862068965517,65.65051495781238,0.06256601063357703,,1,Ro,162,327.69131686034484,437.0346967187187,97.0,,,
,,,2035-Hhigh,1049.3,1049.3890715157713,0.2275862068965517,41.226191192786295,0.039289232052593444,,1,Ro,162,327.69131686034484,437.0346967187187,97.0,,,
,,,2035-Hlow,1049.3,1049.3890715157713,0.2275862068965517,51.853166047611246,0.04941691227257338,,1,Ro,162,327.69131686034484,437.0346967187187,97.0,,,
,,,2040-Hhigh,1049.3,1049.3890715157713,0.2275862068965517,43.65012493768255,0.04159928041330654,,1,Ro,162,327.69131686034484,437.0346967187187,97.0,,,
,,,2040-Hlow,1049.3,1049.3890715157713,0.2275862068965517,58.03624569143604,0.055309487936182254,,1,Ro,162,327.69131686034484,437.0346967187187,97.0,,,
,,,2045-Hhigh,1049.3,1049.3890715157713,0.2275862068965517,38.812763905065474,0.03698919651678784,,1,Ro,162,327.69131686034484,437.0346967187187,97.0,,,
,,,2045-Hlow,1049.3,1049.3890715157713,0.2275862068965517,51.6731606361374,0.04924536418196646,,1,Ro,162,327.69131686034484,437.0346967187187,97.0,,,
,,,2024-Hhigh,1486.3000000000002,1486.2790963901361,0.35862068965517246,111.31713204291523,0.07489546662377394,,2,R,135,284.91228772596924,229.06469397973515,144.0,,,
,,,2024-Hlow,1486.3000000000002,1486.2790963901361,0.35862068965517246,148.27423513489137,0.09976063724341745,,2,R,135,284.91228772596924,229.06469397973515,144.0,,,
,,,2025-Hhigh,1486.3000000000002,1486.2790963901361,0.34827586206896555,83.87405961170103,0.05643144695667161,,2,R,135,284.91228772596924,229.06469397973515,144.0,,,
,,,2025-Hlow,1486.3000000000002,1486.2790963901361,0.34827586206896555,107.28756803792879,0.07218432889586812,,2,R,135,284.91228772596924,229.06469397973515,144.0,,,
,,,2030-Hhigh,1486.3000000000002,1486.2790963901361,0.35172413793103446,73.7190716533557,0.049599052447928206,,2,R,135,284.91228772596924,229.06469397973515,144.0,,,
,,,2030-Hlow,1486.3000000000002,1486.2790963901361,0.35172413793103446,92.86717216713879,0.062482118123621595,,2,R,135,284.91228772596924,229.06469397973515,144.0,,,
,,,2035-Hhigh,1486.3000000000002,1486.2790963901361,0.35172413793103446,58.95304062506337,0.03966429430469176,,2,R,135,284.91228772596924,229.06469397973515,144.0,,,
,,,2035-Hlow,1486.3000000000002,1486.2790963901361,0.35172413793103446,74.31719006584365,0.05000147350187959,,2,R,135,284.91228772596924,229.06469397973515,144.0,,,
,,,2040-Hhigh,1486.3000000000002,1486.2790963901361,0.35172413793103446,61.97697194320606,0.04169883061508851,,2,R,135,284.91228772596924,229.06469397973515,144.0,,,
,,,2040-Hlow,1486.3000000000002,1486.2790963901361,0.35172413793103446,83.14136440226753,0.05593848106187682,,2,R,135,284.91228772596924,229.06469397973515,144.0,,,
,,,2045-Hhigh,1486.3000000000002,1486.2790963901361,0.35172413793103446,55.425790364231794,0.03729111913088326,,2,R,135,284.91228772596924,229.06469397973515,144.0,,,
,,,2045-Hlow,1486.3000000000002,1486.2790963901361,0.35172413793103446,74.11670486787851,0.04986658471901938,,2,R,135,284.91228772596924,229.06469397973515,144.0,,,
,,,2024-Hhigh,1525.1,1525.1150595859226,0.37068965517241376,114.1079073803884,0.07481995107231552,,2,Ro,162,323.4818995859226,0.0,5.0,,,
,,,2024-Hlow,1525.1,1525.1150595859226,0.37068965517241376,152.04148482413322,0.09969279707831173,,2,Ro,162,323.4818995859226,0.0,5.0,,,
,,,2025-Hhigh,1525.1,1525.1150595859226,0.35862068965517246,86.18421614686636,0.05651053448748696,,2,Ro,162,323.4818995859226,0.0,5.0,,,
,,,2025-Hlow,1525.1,1525.1150595859226,0.35862068965517246,110.08632119896617,0.0721830182932045,,2,Ro,162,323.4818995859226,0.0,5.0,,,
,,,2030-Hhigh,1525.1,1525.1150595859226,0.35862068965517246,75.77514595184026,0.049685362239748385,,2,Ro,162,323.4818995859226,0.0,5.0,,,
,,,2030-Hlow,1525.1,1525.1150595859226,0.35862068965517246,95.26432699103698,0.062464315120999925,,2,Ro,162,323.4818995859226,0.0,5.0,,,
,,,2035-Hhigh,1525.1,1525.1150595859226,0.35862068965517246,60.57197795055692,0.03971672542820597,,2,Ro,162,323.4818995859226,0.0,5.0,,,
,,,2035-Hlow,1525.1,1525.1150595859226,0.35862068965517246,76.09076226714204,0.04989231018762182,,2,Ro,162,323.4818995859226,0.0,5.0,,,
,,,2040-Hhigh,1525.1,1525.1150595859226,0.35862068965517246,63.688190373299044,0.041760009424496126,,2,Ro,162,323.4818995859226,0.0,5.0,,,
,,,2040-Hlow,1525.1,1525.1150595859226,0.35862068965517246,85.14548203268095,0.055829442025231754,,2,Ro,162,323.4818995859226,0.0,5.0,,,
,,,2045-Hhigh,1525.1,1525.1150595859226,0.35862068965517246,57.025129150416596,0.03739107543794938,,2,Ro,162,323.4818995859226,0.0,5.0,,,
,,,2045-Hlow,1525.1,1525.1150595859226,0.35862068965517246,75.91381084247169,0.04977628407479621,,2,Ro,162,323.4818995859226,0.0,5.0,,,
,,,2024-Hhigh,2028.5,2028.6080195478958,0.40344827586206894,154.1704613089985,0.0760021993142709,,3,R,180,352.72565547961256,37.152736306333914,48.0,,,
,,,2024-Hlow,2028.5,2028.6080195478958,0.40344827586206894,207.80744911212656,0.10244389899537913,,3,R,180,352.72565547961256,37.152736306333914,48.0,,,
,,,2025-Hhigh,2028.5,2028.6080195478958,0.45344827586206893,117.04730035718893,0.057701405155133806,,3,R,180,352.72565547961256,37.152736306333914,48.0,,,
,,,2025-Hlow,2028.5,2028.6080195478958,0.45344827586206893,147.20477506033112,0.07256828940612824,,3,R,180,352.72565547961256,37.152736306333914,48.0,,,
,,,2030-Hhigh,2028.5,2028.6080195478958,0.4068965517241379,103.20014012644003,0.050875099889790505,,3,R,180,352.72565547961256,37.152736306333914,48.0,,,
,,,2030-Hlow,2028.5,2028.6080195478958,0.4068965517241379,129.4035161995022,0.0637927119544009,,3,R,180,352.72565547961256,37.152736306333914,48.0,,,
,,,2035-Hhigh,2028.5,2028.6080195478958,0.4068965517241379,83.55024348709858,0.041188190035542804,,3,R,180,352.72565547961256,37.152736306333914,48.0,,,
,,,2035-Hlow,2028.5,2028.6080195478958,0.4068965517241379,103.90910730536392,0.05122460305908993,,3,R,180,352.72565547961256,37.152736306333914,48.0,,,
,,,2040-Hhigh,2028.5,2028.6080195478958,0.4068965517241379,87.28456395816744,0.04302911706096497,,3,R,180,352.72565547961256,37.152736306333914,48.0,,,
,,,2040-Hlow,2028.5,2028.6080195478958,0.4068965517241379,118.82937539216394,0.05857992378218582,,3,R,180,352.72565547961256,37.152736306333914,48.0,,,
,,,2045-Hhigh,2028.5,2028.6080195478958,0.4068965517241379,79.18051961880627,0.03903402495381132,,3,R,180,352.72565547961256,37.152736306333914,48.0,,,
,,,2045-Hlow,2028.5,2028.6080195478958,0.4068965517241379,106.96626225103881,0.05273170433869303,,3,R,180,352.72565547961256,37.152736306333914,48.0,,,
,,,2024-Hhigh,2092.9,2092.9852925285027,0.42931034482758623,158.99233054962647,0.07596747601396457,,3,Ro,216,417.05972808405903,0.0,0.0,,,
,,,2024-Hlow,2092.9,2092.9852925285027,0.42931034482758623,214.07372812621537,0.10228569359559242,,3,Ro,216,417.05972808405903,0.0,0.0,,,
,,,2025-Hhigh,2092.9,2092.9852925285027,0.47586206896551725,120.88908451024652,0.05776151966660926,,3,Ro,216,417.05972808405903,0.0,0.0,,,
,,,2025-Hlow,2092.9,2092.9852925285027,0.47586206896551725,152.0004721375571,0.07262672470617663,,3,Ro,216,417.05972808405903,0.0,0.0,,,
,,,2030-Hhigh,2092.9,2092.9852925285027,0.42931034482758623,106.55368988729123,0.050911983318501226,,3,Ro,216,417.05972808405903,0.0,0.0,,,
,,,2030-Hlow,2092.9,2092.9852925285027,0.42931034482758623,133.5430701301975,0.06380766884714868,,3,Ro,216,417.05972808405903,0.0,0.0,,,
,,,2035-Hhigh,2092.9,2092.9852925285027,0.42931034482758623,86.0769918552618,0.041128095874271006,,3,Ro,216,417.05972808405903,0.0,0.0,,,
,,,2035-Hlow,2092.9,2092.9852925285027,0.42931034482758623,106.82217641629494,0.051040267770220714,,3,Ro,216,417.05972808405903,0.0,0.0,,,
,,,2040-Hhigh,2092.9,2092.9852925285027,0.42931034482758623,90.08084793707097,0.04304116199391799,,3,Ro,216,417.05972808405903,0.0,0.0,,,
,,,2040-Hlow,2092.9,2092.9852925285027,0.42931034482758623,122.18333497964854,0.058379920196688105,,3,Ro,216,417.05972808405903,0.0,0.0,,,
,,,2045-Hhigh,2092.9,2092.9852925285027,0.42931034482758623,81.67393920814287,0.039024291274376635,,3,Ro,216,417.05972808405903,0.0,0.0,,,
,,,2045-Hlow,2092.9,2092.9852925285027,0.42931034482758623,109.90490193404648,0.05251321225765516,,3,Ro,216,417.05972808405903,0.0,0.0,,,
,,,2024-Hhigh,2731.2,2731.3125786529554,0.5913793103448276,210.6432559494187,0.0771248008016325,,4,R,300,575.9721860603626,0.0,0.0,,,
,,,2024-Hlow,2731.2,2731.3125786529554,0.5913793103448276,271.6296525697499,0.09945432504750656,,4,R,300,575.9721860603626,0.0,0.0,,,
,,,2025-Hhigh,2731.2,2731.3125786529554,0.5482758620689655,158.92375018382427,0.058188250653128396,,4,R,300,575.9721860603626,0.0,0.0,,,
,,,2025-Hlow,2731.2,2731.3125786529554,0.5482758620689655,196.9865206646128,0.07212453158487582,,4,R,300,575.9721860603626,0.0,0.0,,,
,,,2030-Hhigh,2731.2,2731.3125786529554,0.5637931034482758,138.92718984262333,0.050866721529958754,,4,R,300,575.9721860603626,0.0,0.0,,,
,,,2030-Hlow,2731.2,2731.3125786529554,0.5637931034482758,170.03439413544476,0.06225629545088048,,4,R,300,575.9721860603626,0.0,0.0,,,
,,,2035-Hhigh,2731.2,2731.3125786529554,0.5637931034482758,108.0893923973521,0.039575788077530795,,4,R,300,575.9721860603626,0.0,0.0,,,
,,,2035-Hlow,2731.2,2731.3125786529554,0.5637931034482758,133.66951184477762,0.048941678326295264,,4,R,300,575.9721860603626,0.0,0.0,,,
,,,2040-Hhigh,2731.2,2731.3125786529554,0.5637931034482758,114.03897452044077,0.041754164660384,,4,R,300,575.9721860603626,0.0,0.0,,,
,,,2040-Hlow,2731.2,2731.3125786529554,0.5637931034482758,149.5430022549449,0.05475358899199799,,4,R,300,575.9721860603626,0.0,0.0,,,
,,,2045-Hhigh,2731.2,2731.3125786529554,0.5637931034482758,101.7201888689245,0.03724377155423422,,4,R,300,575.9721860603626,0.0,0.0,,,
,,,2045-Hlow,2731.2,2731.3125786529554,0.5637931034482758,133.0031007025006,0.048697678933253004,,4,R,300,575.9721860603626,0.0,0.0,,,
,,,2024-Hhigh,2847.2,2847.2279246596777,0.6448275862068965,219.48263294626219,0.07708718493476475,,4,Ro,360,691.8875320670849,0.0,0.0,,,
,,,2024-Hlow,2847.2,2847.2279246596777,0.6448275862068965,282.9832721498134,0.09939002253084202,,4,Ro,360,691.8875320670849,0.0,0.0,,,
,,,2025-Hhigh,2847.2,2847.2279246596777,0.5931034482758621,165.86486977273984,0.05825543332844192,,4,Ro,360,691.8875320670849,0.0,0.0,,,
,,,2025-Hlow,2847.2,2847.2279246596777,0.5931034482758621,205.37164290224732,0.07213109121320853,,4,Ro,360,691.8875320670849,0.0,0.0,,,
,,,2030-Hhigh,2847.2,2847.2279246596777,0.6051724137931035,145.1238042338477,0.05097070955108447,,4,Ro,360,691.8875320670849,0.0,0.0,,,
,,,2030-Hlow,2847.2,2847.2279246596777,0.6051724137931035,177.39491875371255,0.06230504311383554,,4,Ro,360,691.8875320670849,0.0,0.0,,,
,,,2035-Hhigh,2847.2,2847.2279246596777,0.6051724137931035,112.91375286666322,0.03965782272642007,,4,Ro,360,691.8875320670849,0.0,0.0,,,
,,,2035-Hlow,2847.2,2847.2279246596777,0.6051724137931035,139.65801002637718,0.04905100099268657,,4,Ro,360,691.8875320670849,0.0,0.0,,,
,,,2040-Hhigh,2847.2,2847.2279246596777,0.6051724137931035,119.0749495776135,0.04182177211913933,,4,Ro,360,691.8875320670849,0.0,0.0,,,
,,,2040-Hlow,2847.2,2847.2279246596777,0.6051724137931035,155.73266215552107,0.05469677653678037,,4,Ro,360,691.8875320670849,0.0,0.0,,,
,,,2045-Hhigh,2847.2,2847.2279246596777,0.6051724137931035,106.23220864402455,0.03731111570807269,,4,Ro,360,691.8875320670849,0.0,0.0,,,
,,,2045-Hlow,2847.2,2847.2279246596777,0.6051724137931035,138.62373022499918,0.04868773891015706,,4,Ro,360,691.8875320670849,0.0,0.0,,,
,,,2024-Hhigh,3208.65,3208.894841460051,0.7086206896551724,250.2358339246311,0.07798788709414585,,5,R,300,574.1272177563471,0.0,0.0,,,
,,,2024-Hlow,3208.65,3208.894841460051,0.7086206896551724,319.7954137578445,0.09966665537152526,,5,R,300,574.1272177563471,0.0,0.0,,,
,,,2025-Hhigh,3208.65,3208.894841460051,0.7155172413793104,189.06048097405227,0.058922126431381505,,5,R,300,574.1272177563471,0.0,0.0,,,
,,,2025-Hlow,3208.65,3208.894841460051,0.7155172413793104,228.21929055313487,0.0711262651124725,,5,R,300,574.1272177563471,0.0,0.0,,,
,,,2030-Hhigh,3208.65,3208.894841460051,0.7051724137931035,164.521446601691,0.05127435108275785,,5,R,300,574.1272177563471,0.0,0.0,,,
,,,2030-Hlow,3208.65,3208.894841460051,0.7051724137931035,198.76317573955535,0.06194604451702596,,5,R,300,574.1272177563471,0.0,0.0,,,
,,,2035-Hhigh,3208.65,3208.894841460051,0.7051724137931035,129.35073763485897,0.04031313407035949,,5,R,300,574.1272177563471,0.0,0.0,,,
,,,2035-Hlow,3208.65,3208.894841460051,0.7051724137931035,158.9494831341406,0.04953780659596422,,5,R,300,574.1272177563471,0.0,0.0,,,
,,,2040-Hhigh,3208.65,3208.894841460051,0.7051724137931035,136.71596309875207,0.04260856219866675,,5,R,300,574.1272177563471,0.0,0.0,,,
,,,2040-Hlow,3208.65,3208.894841460051,0.7051724137931035,178.63670431792207,0.055673477729862114,,5,R,300,574.1272177563471,0.0,0.0,,,
,,,2045-Hhigh,3208.65,3208.894841460051,0.7051724137931035,122.04731712733965,0.03803696792337576,,5,R,300,574.1272177563471,0.0,0.0,,,
,,,2045-Hlow,3208.65,3208.894841460051,0.7051724137931035,158.14650419316283,0.04928755214596881,,5,R,300,574.1272177563471,0.0,0.0,,,
,,,2024-Hhigh,3324.15,3324.3940525519356,0.7224137931034482,258.8904560670042,0.07788170090609756,,5,Ro,360,689.6264288482317,0.0,0.0,,,
,,,2024-Hlow,3324.15,3324.3940525519356,0.7224137931034482,331.1131605401126,0.09960836921923276,,5,Ro,360,689.6264288482317,0.0,0.0,,,
,,,2025-Hhigh,3324.15,3324.3940525519356,0.7206896551724138,195.8598255458397,0.05892027301591074,,5,Ro,360,689.6264288482317,0.0,0.0,,,
,,,2025-Hlow,3324.15,3324.3940525519356,0.7206896551724138,236.62785852611157,0.0711844707748181,,5,Ro,360,689.6264288482317,0.0,0.0,,,
,,,2030-Hhigh,3324.15,3324.3940525519356,0.7189655172413792,170.6021144357933,0.05132202651378347,,5,Ro,360,689.6264288482317,0.0,0.0,,,
,,,2030-Hlow,3324.15,3324.3940525519356,0.7189655172413792,206.24604656369155,0.06204474724777508,,5,Ro,360,689.6264288482317,0.0,0.0,,,
,,,2035-Hhigh,3324.15,3324.3940525519356,0.7189655172413792,134.2329419110473,0.040381132593609585,,5,Ro,360,689.6264288482317,0.0,0.0,,,
,,,2035-Hlow,3324.15,3324.3940525519356,0.7189655172413792,164.86607027924552,0.04959645932922567,,5,Ro,360,689.6264288482317,0.0,0.0,,,
,,,2040-Hhigh,3324.15,3324.3940525519356,0.7189655172413792,141.8027493888076,0.04265834856694421,,5,Ro,360,689.6264288482317,0.0,0.0,,,
,,,2040-Hlow,3324.15,3324.3940525519356,0.7189655172413792,184.92112903001905,0.0556295982521905,,5,Ro,360,689.6264288482317,0.0,0.0,,,
,,,2045-Hhigh,3324.15,3324.3940525519356,0.7189655172413792,126.73871568821454,0.03812665363723494,,5,Ro,360,689.6264288482317,0.0,0.0,,,
,,,2045-Hlow,3324.15,3324.3940525519356,0.7189655172413792,163.80917932261858,0.049278516108664946,,5,Ro,360,689.6264288482317,0.0,0.0,,,
,AK,,2024-Hhigh,246.0223328758283,1045.1411360470563,0.05449361625470963,18.152955904989234,0.07378580510473959,4.248155538686632,1,HP,135,323.51266410046316,496.6184883574883,78.0,,,
,AK,,2024-Hlow,246.0223328758283,1045.1411360470563,0.05449361625470963,24.666987789058247,0.10026320578590765,4.248155538686632,1,HP,135,323.51266410046316,496.6184883574883,78.0,,,
,AK,,2025-Hhigh,246.0223328758283,1045.1411360470563,0.05550475977350389,13.965545958374832,0.05676535863686604,4.248155538686632,1,HP,135,323.51266410046316,496.6184883574883,78.0,,,
,AK,,2025-Hlow,246.0223328758283,1045.1411360470563,0.05550475977350389,18.298434633258776,0.07437712836620532,4.248155538686632,1,HP,135,323.51266410046316,496.6184883574883,78.0,,,
,AK,,2030-Hhigh,246.0223328758283,1045.1411360470563,0.056995246960296425,12.469356533871784,0.05068383991044131,4.248155538686632,1,HP,135,323.51266410046316,496.6184883574883,78.0,,,
,AK,,2030-Hlow,246.0223328758283,1045.1411360470563,0.056995246960296425,15.892498704264353,0.06459778882060098,4.248155538686632,1,HP,135,323.51266410046316,496.6184883574883,78.0,,,
,AK,,2035-Hhigh,246.0223328758283,1045.1411360470563,0.056995246960296425,9.878061263379504,0.04015107550567424,4.248155538686632,1,HP,135,323.51266410046316,496.6184883574883,78.0,,,
,AK,,2035-Hlow,246.0223328758283,1045.1411360470563,0.056995246960296425,12.638557999807762,0.051371588310995565,4.248155538686632,1,HP,135,323.51266410046316,496.6184883574883,78.0,,,
,AK,,2040-Hhigh,246.0223328758283,1045.1411360470563,0.056995246960296425,10.50793517376235,0.0427113061279111,4.248155538686632,1,HP,135,323.51266410046316,496.6184883574883,78.0,,,
,AK,,2040-Hlow,246.0223328758283,1045.1411360470563,0.056995246960296425,14.218502881508497,0.05779354546924331,4.248155538686632,1,HP,135,323.51266410046316,496.6184883574883,78.0,,,
,AK,,2045-Hhigh,246.0223328758283,1045.1411360470563,0.056995246960296425,9.350737060431904,0.038007675771253586,4.248155538686632,1,HP,135,323.51266410046316,496.6184883574883,78.0,,,
,AK,,2045-Hlow,246.0223328758283,1045.1411360470563,0.056995246960296425,12.689829522685091,0.051579990216131584,4.248155538686632,1,HP,135,323.51266410046316,496.6184883574883,78.0,,,
,AK,,2024-Hhigh,256.4695082823454,1089.1765010282277,0.05456729195886473,18.970978701174747,0.07396972384058123,4.246806992077832,1,HPo,162,367.13115285725956,138.10095186691794,75.0,,,
,AK,,2024-Hlow,256.4695082823454,1089.1765010282277,0.05456729195886473,25.751494328588922,0.10040762545635364,4.246806992077832,1,HPo,162,367.13115285725956,138.10095186691794,75.0,,,
,AK,,2025-Hhigh,256.4695082823454,1089.1765010282277,0.05456729195886472,14.600400984972206,0.05692840869371003,4.246806992077832,1,HPo,162,367.13115285725956,138.10095186691794,75.0,,,
,AK,,2025-Hlow,256.4695082823454,1089.1765010282277,0.05456729195886472,19.12658964204217,0.07457646630251986,4.246806992077832,1,HPo,162,367.13115285725956,138.10095186691794,75.0,,,
,AK,,2030-Hhigh,256.4695082823454,1089.1765010282277,0.05756924880556888,13.063386987579376,0.05093543897311173,4.246806992077832,1,HPo,162,367.13115285725956,138.10095186691794,75.0,,,
,AK,,2030-Hlow,256.4695082823454,1089.1765010282277,0.05756924880556888,16.622525665435568,0.06481287298736485,4.246806992077832,1,HPo,162,367.13115285725956,138.10095186691794,75.0,,,
,AK,,2035-Hhigh,256.4695082823454,1089.1765010282277,0.05756924880556888,10.321224044975253,0.0402434742207744,4.246806992077832,1,HPo,162,367.13115285725956,138.10095186691794,75.0,,,
,AK,,2035-Hlow,256.4695082823454,1089.1765010282277,0.05756924880556888,13.186478341310291,0.051415384345781155,4.246806992077832,1,HPo,162,367.13115285725956,138.10095186691794,75.0,,,
,AK,,2040-Hhigh,256.4695082823454,1089.1765010282277,0.05756924880556888,10.97703675384501,0.042800552889743416,4.246806992077832,1,HPo,162,367.13115285725956,138.10095186691794,75.0,,,
,AK,,2040-Hlow,256.4695082823454,1089.1765010282277,0.05756924880556888,14.824966539818552,0.05780401202117898,4.246806992077832,1,HPo,162,367.13115285725956,138.10095186691794,75.0,,,
,AK,,2045-Hhigh,256.4695082823454,1089.1765010282277,0.05756924880556888,9.777980222928328,0.03812531278441031,4.246806992077832,1,HPo,162,367.13115285725956,138.10095186691794,75.0,,,
,AK,,2045-Hlow,256.4695082823454,1089.1765010282277,0.05756924880556888,13.198838922258961,0.05146357947443973,4.246806992077832,1,HPo,162,367.13115285725956,138.10095186691794,75.0,,,
,CH,,2024-Hhigh,267.29049419911405,1073.2995674180138,0.06500078081392276,20.178932953658983,0.07549439052863208,4.015479752222222,1,HP,135,352.0080596481094,786.4109002255259,90.0,,,
,CH,,2024-Hlow,267.29049419911405,1073.2995674180138,0.06500078081392276,27.46240337769743,0.10274365895421528,4.015479752222222,1,HP,135,352.0080596481094,786.4109002255259,90.0,,,
,CH,,2025-Hhigh,267.29049419911405,1073.2995674180138,0.06596913294967535,15.561487980231991,0.05821938422037446,4.015479752222222,1,HP,135,352.0080596481094,786.4109002255259,90.0,,,
,CH,,2025-Hlow,267.29049419911405,1073.2995674180138,0.06596913294967535,20.31819592404948,0.07601540782409473,4.015479752222222,1,HP,135,352.0080596481094,786.4109002255259,90.0,,,
,CH,,2030-Hhigh,267.29049419911405,1073.2995674180138,0.06842381316559468,13.897632848919157,0.05199448970514576,4.015479752222222,1,HP,135,352.0080596481094,786.4109002255259,90.0,,,
,CH,,2030-Hlow,267.29049419911405,1073.2995674180138,0.06842381316559468,17.65824091131704,0.06606385671973354,4.015479752222222,1,HP,135,352.0080596481094,786.4109002255259,90.0,,,
,CH,,2035-Hhigh,267.29049419911405,1073.2995674180138,0.06842381316559468,10.967687257161558,0.041032836914100444,4.015479752222222,1,HP,135,352.0080596481094,786.4109002255259,90.0,,,
,CH,,2035-Hlow,267.29049419911405,1073.2995674180138,0.06842381316559468,13.97852350184451,0.05229712169049835,4.015479752222222,1,HP,135,352.0080596481094,786.4109002255259,90.0,,,
,CH,,2040-Hhigh,267.29049419911405,1073.2995674180138,0.06842381316559468,11.683236782572388,0.04370988507308882,4.015479752222222,1,HP,135,352.0080596481094,786.4109002255259,90.0,,,
,CH,,2040-Hlow,267.29049419911405,1073.2995674180138,0.06842381316559468,15.784557287058384,0.059053941795999355,4.015479752222222,1,HP,135,352.0080596481094,786.4109002255259,90.0,,,
,CH,,2045-Hhigh,267.29049419911405,1073.2995674180138,0.06842381316559468,10.404186716068013,0.03892464169832231,4.015479752222222,1,HP,135,352.0080596481094,786.4109002255259,90.0,,,
,CH,,2045-Hlow,267.29049419911405,1073.2995674180138,0.06842381316559468,14.063284815825291,0.052614234778394546,4.015479752222222,1,HP,135,352.0080596481094,786.4109002255259,90.0,,,
,CH,,2024-Hhigh,279.470783836782,1121.3468291753002,0.06396717974326756,21.14733576981461,0.07566921836869069,4.012393760022497,1,HPo,162,399.5504565930812,352.2223373176528,90.0,,,
,CH,,2024-Hlow,279.470783836782,1121.3468291753002,0.06396717974326756,28.801285836470587,0.10305651789809724,4.012393760022497,1,HPo,162,399.5504565930812,352.2223373176528,90.0,,,
,CH,,2025-Hhigh,279.470783836782,1121.3468291753002,0.06396717974326757,16.327866566251362,0.05842423434067172,4.012393760022497,1,HPo,162,399.5504565930812,352.2223373176528,90.0,,,
,CH,,2025-Hlow,279.470783836782,1121.3468291753002,0.06396717974326757,21.320386406659196,0.07628842669690597,4.012393760022497,1,HPo,162,399.5504565930812,352.2223373176528,90.0,,,
,CH,,2030-Hhigh,279.470783836782,1121.3468291753002,0.0678792167166069,14.591060909740317,0.052209610999129935,4.012393760022497,1,HPo,162,399.5504565930812,352.2223373176528,90.0,,,
,CH,,2030-Hlow,279.470783836782,1121.3468291753002,0.0678792167166069,18.495022710205973,0.06617873416423926,4.012393760022497,1,HPo,162,399.5504565930812,352.2223373176528,90.0,,,
,CH,,2035-Hhigh,279.470783836782,1121.3468291753002,0.0678792167166069,11.519229999553296,0.04121801156245662,4.012393760022497,1,HPo,162,399.5504565930812,352.2223373176528,90.0,,,
,CH,,2035-Hlow,279.470783836782,1121.3468291753002,0.0678792167166069,14.64282333075141,0.05239482685711859,4.012393760022497,1,HPo,162,399.5504565930812,352.2223373176528,90.0,,,
,CH,,2040-Hhigh,279.470783836782,1121.3468291753002,0.0678792167166069,12.240536385188456,0.04379898398373276,4.012393760022497,1,HPo,162,399.5504565930812,352.2223373176528,90.0,,,
,CH,,2040-Hlow,279.470783836782,1121.3468291753002,0.0678792167166069,16.470520361887413,0.05893467694822301,4.012393760022497,1,HPo,162,399.5504565930812,352.2223373176528,90.0,,,
,CH,,2045-Hhigh,279.470783836782,1121.3468291753002,0.0678792167166069,10.922621388955754,0.03908323166737472,4.012393760022497,1,HPo,162,399.5504565930812,352.2223373176528,90.0,,,
,CH,,2045-Hlow,279.470783836782,1121.3468291753002,0.0678792167166069,14.684758586001575,0.052544879233522475,4.012393760022497,1,HPo,162,399.5504565930812,352.2223373176528,90.0,,,
,AK,,2024-Hhigh,357.83452212095375,1521.4076238337868,0.09400287099639769,27.038360881714414,0.07556107421232829,4.251707227173366,2,HP,135,320.0034508209422,196.93099707585716,92.0,,,
,AK,,2024-Hlow,357.83452212095375,1521.4076238337868,0.09400287099639769,36.70248796728164,0.1025683261350497,4.251707227173366,2,HP,135,320.0034508209422,196.93099707585716,92.0,,,
,AK,,2025-Hhigh,357.83452212095375,1521.4076238337868,0.09149870125553336,20.44865641094442,0.057145566307413034,4.251707227173366,2,HP,135,320.0034508209422,196.93099707585716,92.0,,,
,AK,,2025-Hlow,357.83452212095375,1521.4076238337868,0.09149870125553336,26.523218038876273,0.07412146229399019,4.251707227173366,2,HP,135,320.0034508209422,196.93099707585716,92.0,,,
,AK,,2030-Hhigh,357.83452212095375,1521.4076238337868,0.09249935353776809,18.060202142525796,0.050470821080871454,4.251707227173366,2,HP,135,320.0034508209422,196.93099707585716,92.0,,,
,AK,,2030-Hlow,357.83452212095375,1521.4076238337868,0.09249935353776809,23.022274196606393,0.06433776724545459,4.251707227173366,2,HP,135,320.0034508209422,196.93099707585716,92.0,,,
,AK,,2035-Hhigh,357.83452212095375,1521.4076238337868,0.09249935353776809,14.515253635238896,0.04056415113109883,4.251707227173366,2,HP,135,320.0034508209422,196.93099707585716,92.0,,,
,AK,,2035-Hlow,357.83452212095375,1521.4076238337868,0.09249935353776809,18.467594919175237,0.051609315975759594,4.251707227173366,2,HP,135,320.0034508209422,196.93099707585716,92.0,,,
,AK,,2040-Hhigh,357.83452212095375,1521.4076238337868,0.09249935353776809,15.3025249829967,0.042764250056969634,4.251707227173366,2,HP,135,320.0034508209422,196.93099707585716,92.0,,,
,AK,,2040-Hlow,357.83452212095375,1521.4076238337868,0.09249935353776809,20.71576546480147,0.05789202601810234,4.251707227173366,2,HP,135,320.0034508209422,196.93099707585716,92.0,,,
,AK,,2045-Hhigh,357.83452212095375,1521.4076238337868,0.09249935353776809,13.711985108021928,0.03831934668222721,4.251707227173366,2,HP,135,320.0034508209422,196.93099707585716,92.0,,,
,AK,,2045-Hlow,357.83452212095375,1521.4076238337868,0.09249935353776809,18.50133688967557,0.051703610875816576,4.251707227173366,2,HP,135,320.0034508209422,196.93099707585716,92.0,,,
,AK,,2024-Hhigh,368.08616746885303,1564.8170593602943,0.09598460940162305,27.840881450162456,0.07563685873231929,4.25122484259805,2,HPo,162,363.1838993602941,0.0,1.0,,,
,AK,,2024-Hlow,368.08616746885303,1564.8170593602943,0.09598460940162305,37.76659038466517,0.10260257983712721,4.25122484259805,2,HPo,162,363.1838993602941,0.0,1.0,,,
,AK,,2025-Hhigh,368.08616746885303,1564.8170593602943,0.09348043966075872,21.062674227825575,0.057222129189649244,4.25122484259805,2,HPo,162,363.1838993602941,0.0,1.0,,,
,AK,,2025-Hlow,368.08616746885303,1564.8170593602943,0.09348043966075872,27.36397647013016,0.0743412246602439,4.25122484259805,2,HPo,162,363.1838993602941,0.0,1.0,,,
,AK,,2030-Hhigh,368.08616746885303,1564.8170593602943,0.09348043966075872,18.619366799428686,0.050584261091539746,4.25122484259805,2,HPo,162,363.1838993602941,0.0,1.0,,,
,AK,,2030-Hlow,368.08616746885303,1564.8170593602943,0.09348043966075872,23.70161643722288,0.06439148909128317,4.25122484259805,2,HPo,162,363.1838993602941,0.0,1.0,,,
,AK,,2035-Hhigh,368.08616746885303,1564.8170593602943,0.09348043966075872,14.93789545252528,0.040582604761395455,4.25122484259805,2,HPo,162,363.1838993602941,0.0,1.0,,,
,AK,,2035-Hlow,368.08616746885303,1564.8170593602943,0.09348043966075872,18.97691794600966,0.05155564001903294,4.25122484259805,2,HPo,162,363.1838993602941,0.0,1.0,,,
,AK,,2040-Hhigh,368.08616746885303,1564.8170593602943,0.09348043966075872,15.725138874011485,0.04272135240002499,4.25122484259805,2,HPo,162,363.1838993602941,0.0,1.0,,,
,AK,,2040-Hlow,368.08616746885303,1564.8170593602943,0.09348043966075872,21.28778641110589,0.05783370387833777,4.25122484259805,2,HPo,162,363.1838993602941,0.0,1.0,,,
,AK,,2045-Hhigh,368.08616746885303,1564.8170593602943,0.09348043966075872,14.103504189720654,0.038315767980914614,4.25122484259805,2,HPo,162,363.1838993602941,0.0,1.0,,,
,AK,,2045-Hlow,368.08616746885303,1564.8170593602943,0.09348043966075872,19.00992101287164,0.05164530127169268,4.25122484259805,2,HPo,162,363.1838993602941,0.0,1.0,,,
,CH,,2024-Hhigh,385.42940165811876,1549.901321452792,0.09840837576858594,29.682175655230086,0.0770106679135978,4.02123272066197,2,HP,135,348.49320773054177,193.5419493310941,98.0,,,
,CH,,2024-Hlow,385.42940165811876,1549.901321452792,0.09840837576858594,40.3621124063921,0.10471985850782047,4.02123272066197,2,HP,135,348.49320773054177,193.5419493310941,98.0,,,
,CH,,2025-Hhigh,385.42940165811876,1549.901321452792,0.0954912925260978,22.510519510058977,0.05840374245768132,4.02123272066197,2,HP,135,348.49320773054177,193.5419493310941,98.0,,,
,CH,,2025-Hlow,385.42940165811876,1549.901321452792,0.0954912925260978,29.126269332252775,0.07556836402970675,4.02123272066197,2,HP,135,348.49320773054177,193.5419493310941,98.0,,,
,CH,,2030-Hhigh,385.42940165811876,1549.901321452792,0.09646930176943264,19.88598984993958,0.05159437698418952,4.02123272066197,2,HP,135,348.49320773054177,193.5419493310941,98.0,,,
,CH,,2030-Hlow,385.42940165811876,1549.901321452792,0.09646930176943264,25.266211894417278,0.06555341078216124,4.02123272066197,2,HP,135,348.49320773054177,193.5419493310941,98.0,,,
,CH,,2035-Hhigh,385.42940165811876,1549.901321452792,0.09646930176943264,15.924547325287488,0.041316379229970585,4.02123272066197,2,HP,135,348.49320773054177,193.5419493310941,98.0,,,
,CH,,2035-Hlow,385.42940165811876,1549.901321452792,0.09646930176943264,20.18697890038931,0.05237529574429156,4.02123272066197,2,HP,135,348.49320773054177,193.5419493310941,98.0,,,
,CH,,2040-Hhigh,385.42940165811876,1549.901321452792,0.09646930176943264,16.782903202535895,0.04354339116407773,4.02123272066197,2,HP,135,348.49320773054177,193.5419493310941,98.0,,,
,CH,,2040-Hlow,385.42940165811876,1549.901321452792,0.09646930176943264,22.72932074537583,0.05897142420270536,4.02123272066197,2,HP,135,348.49320773054177,193.5419493310941,98.0,,,
,CH,,2045-Hhigh,385.42940165811876,1549.901321452792,0.09646930176943264,15.047989220461174,0.03904214145502306,4.02123272066197,2,HP,135,348.49320773054177,193.5419493310941,98.0,,,
,CH,,2045-Hlow,385.42940165811876,1549.901321452792,0.09646930176943264,20.280166315830385,0.0526170713198968,4.02123272066197,2,HP,135,348.49320773054177,193.5419493310941,98.0,,,
,CH,,2024-Hhigh,397.3706803290595,1597.273410363638,0.10372319292642257,30.613780514633206,0.07704086393410349,4.019605596066999,2,HPo,162,395.640250363638,0.0,3.0,,,
,CH,,2024-Hlow,397.3706803290595,1597.273410363638,0.10372319292642257,41.59744494532157,0.10468171660494693,4.019605596066999,2,HPo,162,395.640250363638,0.0,3.0,,,
,CH,,2025-Hhigh,397.3706803290595,1597.273410363638,0.10080610968393441,23.269418797792216,0.0585584693327726,4.019605596066999,2,HPo,162,395.640250363638,0.0,3.0,,,
,CH,,2025-Hlow,397.3706803290595,1597.273410363638,0.10080610968393441,30.142609430934524,0.07585514212063575,4.019605596066999,2,HPo,162,395.640250363638,0.0,3.0,,,
,CH,,2030-Hhigh,397.3706803290595,1597.273410363638,0.10080610968393441,20.556631518702275,0.05173162625304789,4.019605596066999,2,HPo,162,395.640250363638,0.0,3.0,,,
,CH,,2030-Hlow,397.3706803290595,1597.273410363638,0.10080610968393441,26.107032228374816,0.06569944266334847,4.019605596066999,2,HPo,162,395.640250363638,0.0,3.0,,,
,CH,,2035-Hhigh,397.3706803290595,1597.273410363638,0.10080610968393441,16.440663622138935,0.041373620239229913,4.019605596066999,2,HPo,162,395.640250363638,0.0,3.0,,,
,CH,,2035-Hlow,397.3706803290595,1597.273410363638,0.10080610968393441,20.822311439394916,0.052400220927603734,4.019605596066999,2,HPo,162,395.640250363638,0.0,3.0,,,
,CH,,2040-Hhigh,397.3706803290595,1597.273410363638,0.10080610968393441,17.338423209769076,0.04363286993245517,4.019605596066999,2,HPo,162,395.640250363638,0.0,3.0,,,
,CH,,2040-Hlow,397.3706803290595,1597.273410363638,0.10080610968393441,23.422715868293057,0.05894424784661237,4.019605596066999,2,HPo,162,395.640250363638,0.0,3.0,,,
,CH,,2045-Hhigh,397.3706803290595,1597.273410363638,0.10080610968393441,15.554813635336808,0.039144341556493274,4.019605596066999,2,HPo,162,395.640250363638,0.0,3.0,,,
,CH,,2045-Hlow,397.3706803290595,1597.273410363638,0.10080610968393441,20.920703090623746,0.05264782764873211,4.019605596066999,2,HPo,162,395.640250363638,0.0,3.0,,,
,AK,,2024-Hhigh,487.7820823802187,2072.3464791558054,0.09995780267832954,37.295973724278774,0.07646031921116596,4.248508819847226,3,HP,180,396.42387077384495,2.5422419830372163,6.0,,,
,AK,,2024-Hlow,487.7820823802187,2072.3464791558054,0.09995780267832954,51.230804904419706,0.10502805813290632,4.248508819847226,3,HP,180,396.42387077384495,2.5422419830372163,6.0,,,
,AK,,2025-Hhigh,487.7820823802187,2072.3464791558054,0.11411381194144901,28.44161180441174,0.05830802899857633,4.248508819847226,3,HP,180,396.42387077384495,2.5422419830372163,6.0,,,
,AK,,2025-Hlow,487.7820823802187,2072.3464791558054,0.11411381194144901,36.340039317686774,0.07450056209600636,4.248508819847226,3,HP,180,396.42387077384495,2.5422419830372163,6.0,,,
,AK,,2030-Hhigh,487.7820823802187,2072.3464791558054,0.10245943338391635,25.170099949918402,0.051601116275317986,4.248508819847226,3,HP,180,396.42387077384495,2.5422419830372163,6.0,,,
,AK,,2030-Hlow,487.7820823802187,2072.3464791558054,0.10245943338391635,31.995880943701728,0.06559462124474147,4.248508819847226,3,HP,180,396.42387077384495,2.5422419830372163,6.0,,,
,AK,,2035-Hhigh,487.7820823802187,2072.3464791558054,0.10245943338391635,20.45339960466163,0.04193142869220546,4.248508819847226,3,HP,180,396.42387077384495,2.5422419830372163,6.0,,,
,AK,,2035-Hlow,487.7820823802187,2072.3464791558054,0.10245943338391635,25.741006687943944,0.05277152978300507,4.248508819847226,3,HP,180,396.42387077384495,2.5422419830372163,6.0,,,
,AK,,2040-Hhigh,487.7820823802187,2072.3464791558054,0.10245943338391635,21.461828553550376,0.043998804648222416,4.248508819847226,3,HP,180,396.42387077384495,2.5422419830372163,6.0,,,
,AK,,2040-Hlow,487.7820823802187,2072.3464791558054,0.10245943338391635,29.542387581651493,0.06056472479984136,4.248508819847226,3,HP,180,396.42387077384495,2.5422419830372163,6.0,,,
,AK,,2045-Hhigh,487.7820823802187,2072.3464791558054,0.10245943338391635,19.506808701388774,0.039990826653988315,4.248508819847226,3,HP,180,396.42387077384495,2.5422419830372163,6.0,,,
,AK,,2045-Hlow,487.7820823802187,2072.3464791558054,0.10245943338391635,26.64611799454211,0.05462709467415793,4.248508819847226,3,HP,180,396.42387077384495,2.5422419830372163,6.0,,,
,AK,,2024-Hhigh,504.89281957598774,2144.518205237764,0.10801387715289043,38.60751656764422,0.07646675704373665,4.247472180409981,3,HPo,216,468.59264079332024,0.0,0.0,,,
,AK,,2024-Hlow,504.89281957598774,2144.518205237764,0.10801387715289043,53.018153189639065,0.10500872885093523,4.247472180409981,3,HPo,216,468.59264079332024,0.0,0.0,,,
,AK,,2025-Hhigh,504.89281957598774,2144.518205237764,0.12216988641600991,29.483235845380992,0.05839503891170646,4.247472180409981,3,HPo,216,468.59264079332024,0.0,0.0,,,
,AK,,2025-Hlow,504.89281957598774,2144.518205237764,0.12216988641600991,37.69544276905418,0.07466028691141034,4.247472180409981,3,HPo,216,468.59264079332024,0.0,0.0,,,
,AK,,2030-Hhigh,504.89281957598774,2144.518205237764,0.1110158339995946,26.091662567044125,0.051677626528648345,4.247472180409981,3,HPo,216,468.59264079332024,0.0,0.0,,,
,AK,,2030-Hlow,504.89281957598774,2144.518205237764,0.1110158339995946,33.160324947450576,0.06567794918394528,4.247472180409981,3,HPo,216,468.59264079332024,0.0,0.0,,,
,AK,,2035-Hhigh,504.89281957598774,2144.518205237764,0.1110158339995946,21.177859376108387,0.04194525759723359,4.247472180409981,3,HPo,216,468.59264079332024,0.0,0.0,,,
,AK,,2035-Hlow,504.89281957598774,2144.518205237764,0.1110158339995946,26.640039936336226,0.05276375282720143,4.247472180409981,3,HPo,216,468.59264079332024,0.0,0.0,,,
,AK,,2040-Hhigh,504.89281957598774,2144.518205237764,0.1110158339995946,22.257500294389768,0.04408361424724115,4.247472180409981,3,HPo,216,468.59264079332024,0.0,0.0,,,
,AK,,2040-Hlow,504.89281957598774,2144.518205237764,0.1110158339995946,30.578467612431698,0.0605642750833963,4.247472180409981,3,HPo,216,468.59264079332024,0.0,0.0,,,
,AK,,2045-Hhigh,504.89281957598774,2144.518205237764,0.1110158339995946,20.24636426258443,0.04010032125152316,4.247472180409981,3,HPo,216,468.59264079332024,0.0,0.0,,,
,AK,,2045-Hlow,504.89281957598774,2144.518205237764,0.1110158339995946,27.55299458683919,0.054571967591019364,4.247472180409981,3,HPo,216,468.59264079332024,0.0,0.0,,,
,CH,,2024-Hhigh,525.1599993573593,2108.024474349978,0.10851053665956707,40.9515798396045,0.07797924421074937,4.014061384967586,3,HP,180,432.104234975263,4.579610851406408,8.0,,,
,CH,,2024-Hlow,525.1599993573593,2108.024474349978,0.10851053665956707,56.261592937699284,0.10713228921956518,4.014061384967586,3,HP,180,432.104234975263,4.579610851406408,8.0,,,
,CH,,2025-Hhigh,525.1599993573593,2108.024474349978,0.12302980527824095,31.278849476374166,0.05956060917558503,4.014061384967586,3,HP,180,432.104234975263,4.579610851406408,8.0,,,
,CH,,2025-Hlow,525.1599993573593,2108.024474349978,0.12302980527824095,39.88696979176619,0.07595203336235824,4.014061384967586,3,HP,180,432.104234975263,4.579610851406408,8.0,,,
,CH,,2030-Hhigh,525.1599993573593,2108.024474349978,0.11047502738999493,27.689032629587846,0.05272494604210344,4.014061384967586,3,HP,180,432.104234975263,4.579610851406408,8.0,,,
,CH,,2030-Hlow,525.1599993573593,2108.024474349978,0.11047502738999493,35.09119262443928,0.06682000279415899,4.014061384967586,3,HP,180,432.104234975263,4.579610851406408,8.0,,,
,CH,,2035-Hhigh,525.1599993573593,2108.024474349978,0.11047502738999493,22.465078700869046,0.04277758916970003,4.014061384967586,3,HP,180,432.104234975263,4.579610851406408,8.0,,,
,CH,,2035-Hlow,525.1599993573593,2108.024474349978,0.11047502738999493,28.15723290013467,0.05361648437541093,4.014061384967586,3,HP,180,432.104234975263,4.579610851406408,8.0,,,
,CH,,2040-Hhigh,525.1599993573593,2108.024474349978,0.11047502738999493,23.5415002415639,0.04482729124528094,4.014061384967586,3,HP,180,432.104234975263,4.579610851406408,8.0,,,
,CH,,2040-Hlow,525.1599993573593,2108.024474349978,0.11047502738999493,32.44587026746911,0.06178282867540039,4.014061384967586,3,HP,180,432.104234975263,4.579610851406408,8.0,,,
,CH,,2045-Hhigh,525.1599993573593,2108.024474349978,0.11047502738999493,21.41859931214512,0.040784902388519985,4.014061384967586,3,HP,180,432.104234975263,4.579610851406408,8.0,,,
,CH,,2045-Hlow,525.1599993573593,2108.024474349978,0.11047502738999493,29.246284232922562,0.05569023586851888,4.014061384967586,3,HP,180,432.104234975263,4.579610851406408,8.0,,,
,CH,,2024-Hhigh,545.1663988449028,2186.8109812089406,0.11727727104715778,42.5074216948393,0.0779714629971765,4.011272495594648,3,HPo,216,510.8854167644968,0.0,0.0,,,
,CH,,2024-Hlow,545.1663988449028,2186.8109812089406,0.11727727104715778,58.38993147990345,0.1071047878292204,4.011272495594648,3,HPo,216,510.8854167644968,0.0,0.0,,,
,CH,,2025-Hhigh,545.1663988449028,2186.8109812089406,0.1298518175041729,32.49940138017557,0.05961372793524183,4.011272495594648,3,HPo,216,510.8854167644968,0.0,0.0,,,
,CH,,2025-Hlow,545.1663988449028,2186.8109812089406,0.1298518175041729,41.51350062485257,0.07614831125471282,4.011272495594648,3,HPo,216,510.8854167644968,0.0,0.0,,,
,CH,,2030-Hhigh,545.1663988449028,2186.8109812089406,0.11778604423759428,28.80052181024072,0.05282886449213157,4.011272495594648,3,HPo,216,510.8854167644968,0.0,0.0,,,
,CH,,2030-Hlow,545.1663988449028,2186.8109812089406,0.11778604423759428,36.49708122240044,0.06694668141640857,4.011272495594648,3,HPo,216,510.8854167644968,0.0,0.0,,,
,CH,,2035-Hhigh,545.1663988449028,2186.8109812089406,0.11778604423759428,23.297609304823254,0.04273485921763735,4.011272495594648,3,HPo,216,510.8854167644968,0.0,0.0,,,
,CH,,2035-Hlow,545.1663988449028,2186.8109812089406,0.11778604423759428,29.24150588822545,0.05363776261739953,4.011272495594648,3,HPo,216,510.8854167644968,0.0,0.0,,,
,CH,,2040-Hhigh,545.1663988449028,2186.8109812089406,0.11778604423759428,24.489105145555353,0.044920422824008974,4.011272495594648,3,HPo,216,510.8854167644968,0.0,0.0,,,
,CH,,2040-Hlow,545.1663988449028,2186.8109812089406,0.11778604423759428,33.69841494769824,0.06181308132544184,4.011272495594648,3,HPo,216,510.8854167644968,0.0,0.0,,,
,CH,,2045-Hhigh,545.1663988449028,2186.8109812089406,0.11778604423759428,22.265572959083457,0.04084179253574633,4.011272495594648,3,HPo,216,510.8854167644968,0.0,0.0,,,
,CH,,2045-Hlow,545.1663988449028,2186.8109812089406,0.11778604423759428,30.347356803925486,0.05566622753754705,4.011272495594648,3,HPo,216,510.8854167644968,0.0,0.0,,,
,AK,,2024-Hhigh,658.1091448908267,2802.744823491569,0.1482982793705517,51.030461202199476,0.07754103038739096,4.258784192941909,4,HP,300,647.4044308989766,0.0,0.0,,,
,AK,,2024-Hlow,658.1091448908267,2802.744823491569,0.1482982793705517,67.27385976845575,0.10222295236395137,4.258784192941909,4,HP,300,647.4044308989766,0.0,0.0,,,
,AK,,2025-Hhigh,658.1091448908267,2802.744823491569,0.142803319374323,38.715894714433105,0.058828987585115025,4.258784192941909,4,HP,300,647.4044308989766,0.0,0.0,,,
,AK,,2025-Hlow,658.1091448908267,2802.744823491569,0.142803319374323,48.83511634333991,0.07420519335199505,4.258784192941909,4,HP,300,647.4044308989766,0.0,0.0,,,
,AK,,2030-Hhigh,658.1091448908267,2802.744823491569,0.1452892132250705,33.971447871940676,0.05161977786766081,4.258784192941909,4,HP,300,647.4044308989766,0.0,0.0,,,
,AK,,2030-Hlow,658.1091448908267,2802.744823491569,0.1452892132250705,42.28913862480262,0.06425854883359498,4.258784192941909,4,HP,300,647.4044308989766,0.0,0.0,,,
,AK,,2035-Hhigh,658.1091448908267,2802.744823491569,0.1452892132250705,26.611163788901347,0.0404357909254032,4.258784192941909,4,HP,300,647.4044308989766,0.0,0.0,,,
,AK,,2035-Hlow,658.1091448908267,2802.744823491569,0.1452892132250705,33.29647266436517,0.05059414980457186,4.258784192941909,4,HP,300,647.4044308989766,0.0,0.0,,,
,AK,,2040-Hhigh,658.1091448908267,2802.744823491569,0.1452892132250705,28.174453347953435,0.0428112169032802,4.258784192941909,4,HP,300,647.4044308989766,0.0,0.0,,,
,AK,,2040-Hlow,658.1091448908267,2802.744823491569,0.1452892132250705,37.41392642810433,0.0568506405336624,4.258784192941909,4,HP,300,647.4044308989766,0.0,0.0,,,
,AK,,2045-Hhigh,658.1091448908267,2802.744823491569,0.1452892132250705,25.198909531512935,0.03828986381232123,4.258784192941909,4,HP,300,647.4044308989766,0.0,0.0,,,
,AK,,2045-Hlow,658.1091448908267,2802.744823491569,0.1452892132250705,33.38605586333507,0.05073027190478179,4.258784192941909,4,HP,300,647.4044308989766,0.0,0.0,,,
,AK,,2024-Hhigh,689.0074520446115,2932.8425077657357,0.16893050437333082,53.40182294294814,0.07750543594917535,4.256619429967851,4,HPo,360,777.5021151731429,0.0,0.0,,,
,AK,,2024-Hlow,689.0074520446115,2932.8425077657357,0.16893050437333082,70.51141132601647,0.10233766139506288,4.256619429967851,4,HPo,360,777.5021151731429,0.0,0.0,,,
,AK,,2025-Hhigh,689.0074520446115,2932.8425077657357,0.16191882909891075,40.58037881274801,0.0588968648921384,4.256619429967851,4,HPo,360,777.5021151731429,0.0,0.0,,,
,AK,,2025-Hlow,689.0074520446115,2932.8425077657357,0.16191882909891075,51.255204025966314,0.07438991243689433,4.256619429967851,4,HPo,360,777.5021151731429,0.0,0.0,,,
,AK,,2030-Hhigh,689.0074520446115,2932.8425077657357,0.16542111208673224,35.70359933098069,0.051818887045461115,4.256619429967851,4,HPo,360,777.5021151731429,0.0,0.0,,,
,AK,,2030-Hlow,689.0074520446115,2932.8425077657357,0.16542111208673224,44.39101924309194,0.06442748784699318,4.256619429967851,4,HPo,360,777.5021151731429,0.0,0.0,,,
,AK,,2035-Hhigh,689.0074520446115,2932.8425077657357,0.16542111208673224,27.90561373860381,0.04050117840640858,4.256619429967851,4,HPo,360,777.5021151731429,0.0,0.0,,,
,AK,,2035-Hlow,689.0074520446115,2932.8425077657357,0.16542111208673224,34.99762540852507,0.05079426253616058,4.256619429967851,4,HPo,360,777.5021151731429,0.0,0.0,,,
,AK,,2040-Hhigh,689.0074520446115,2932.8425077657357,0.16542111208673224,29.624547898598696,0.04299597603870413,4.256619429967851,4,HPo,360,777.5021151731429,0.0,0.0,,,
,AK,,2040-Hlow,689.0074520446115,2932.8425077657357,0.16542111208673224,39.29957798247003,0.057037957812864824,4.256619429967851,4,HPo,360,777.5021151731429,0.0,0.0,,,
,AK,,2045-Hhigh,689.0074520446115,2932.8425077657357,0.16542111208673224,26.52916575081035,0.03850345257092031,4.256619429967851,4,HPo,360,777.5021151731429,0.0,0.0,,,
,AK,,2045-Hlow,689.0074520446115,2932.8425077657357,0.16542111208673224,35.0319585765679,0.050844092429786485,4.256619429967851,4,HPo,360,777.5021151731429,0.0,0.0,,,
,CH,,2024-Hhigh,711.5567065675885,2861.6860144892566,0.15824080932301024,56.20190220718578,0.07898443186389578,4.021725869598608,4,HP,300,706.3456218966638,0.0,0.0,,,
,CH,,2024-Hlow,711.5567065675885,2861.6860144892566,0.15824080932301024,74.3180641270085,0.10444433091707393,4.021725869598608,4,HP,300,706.3456218966638,0.0,0.0,,,
,CH,,2025-Hhigh,711.5567065675885,2861.6860144892566,0.15384113078881737,42.70857519012544,0.060021323382845077,4.021725869598608,4,HP,300,706.3456218966638,0.0,0.0,,,
,CH,,2025-Hlow,711.5567065675885,2861.6860144892566,0.15384113078881737,53.80976478504736,0.07562259520343112,4.021725869598608,4,HP,300,706.3456218966638,0.0,0.0,,,
,CH,,2030-Hhigh,711.5567065675885,2861.6860144892566,0.15292106419097592,37.57952536500826,0.052813113864507856,4.021725869598608,4,HP,300,706.3456218966638,0.0,0.0,,,
,CH,,2030-Hlow,711.5567065675885,2861.6860144892566,0.15292106419097592,46.64652686265919,0.06555560004159469,4.021725869598608,4,HP,300,706.3456218966638,0.0,0.0,,,
,CH,,2035-Hhigh,711.5567065675885,2861.6860144892566,0.15292106419097592,29.357364112771783,0.04125794029036141,4.021725869598608,4,HP,300,706.3456218966638,0.0,0.0,,,
,CH,,2035-Hlow,711.5567065675885,2861.6860144892566,0.15292106419097592,36.70628488702829,0.0515858884446361,4.021725869598608,4,HP,300,706.3456218966638,0.0,0.0,,,
,CH,,2040-Hhigh,711.5567065675885,2861.6860144892566,0.15292106419097592,31.098290351792215,0.043704584701062456,4.021725869598608,4,HP,300,706.3456218966638,0.0,0.0,,,
,CH,,2040-Hlow,711.5567065675885,2861.6860144892566,0.15292106419097592,41.47193751153947,0.05828339066831659,4.021725869598608,4,HP,300,706.3456218966638,0.0,0.0,,,
,CH,,2045-Hhigh,711.5567065675885,2861.6860144892566,0.15292106419097592,27.84488449139848,0.039132347758644284,4.021725869598608,4,HP,300,706.3456218966638,0.0,0.0,,,
,CH,,2045-Hlow,711.5567065675885,2861.6860144892566,0.15292106419097592,36.94098054309744,0.051915722530806514,4.021725869598608,4,HP,300,706.3456218966638,0.0,0.0,,,
,CH,,2024-Hhigh,747.5442541466115,3003.7385515235687,0.17709785264783579,59.14822211660759,0.07912337201244436,4.018141447629217,4,HPo,360,848.3981589309759,0.0,0.0,,,
,CH,,2024-Hlow,747.5442541466115,3003.7385515235687,0.17709785264783579,78.20249694618789,0.10461253164933094,4.018141447629217,4,HPo,360,848.3981589309759,0.0,0.0,,,
,CH,,2025-Hhigh,747.5442541466115,3003.7385515235687,0.1629986169758098,44.979694682632854,0.060169942358772044,4.018141447629217,4,HPo,360,848.3981589309759,0.0,0.0,,,
,CH,,2025-Hlow,747.5442541466115,3003.7385515235687,0.1629986169758098,56.783682032942764,0.07596029494971693,4.018141447629217,4,HPo,360,848.3981589309759,0.0,0.0,,,
,CH,,2030-Hhigh,747.5442541466115,3003.7385515235687,0.16642164932748174,39.6496710372946,0.053039898062701644,4.018141447629217,4,HPo,360,848.3981589309759,0.0,0.0,,,
,CH,,2030-Hlow,747.5442541466115,3003.7385515235687,0.16642164932748174,49.20656682529668,0.06582428605711159,4.018141447629217,4,HPo,360,848.3981589309759,0.0,0.0,,,
,CH,,2035-Hhigh,747.5442541466115,3003.7385515235687,0.16642164932748174,30.869589738638656,0.04129466525547581,4.018141447629217,4,HPo,360,848.3981589309759,0.0,0.0,,,
,CH,,2035-Hlow,747.5442541466115,3003.7385515235687,0.16642164932748174,38.72400456435431,0.05180162157565002,4.018141447629217,4,HPo,360,848.3981589309759,0.0,0.0,,,
,CH,,2040-Hhigh,747.5442541466115,3003.7385515235687,0.16642164932748174,32.85955175382936,0.04395666419955494,4.018141447629217,4,HPo,360,848.3981589309759,0.0,0.0,,,
,CH,,2040-Hlow,747.5442541466115,3003.7385515235687,0.16642164932748174,43.60914370169098,0.05833653788359956,4.018141447629217,4,HPo,360,848.3981589309759,0.0,0.0,,,
,CH,,2045-Hhigh,747.5442541466115,3003.7385515235687,0.16642164932748174,29.408950658747468,0.03934074871904462,4.018141447629217,4,HPo,360,848.3981589309759,0.0,0.0,,,
,CH,,2045-Hlow,747.5442541466115,3003.7385515235687,0.16642164932748174,38.846817758600885,0.05196591043689848,4.018141447629217,4,HPo,360,848.3981589309759,0.0,0.0,,,
,AK,,2024-Hhigh,770.6443053146912,3280.56704057369,0.1786960918998241,60.26617764200995,0.07820232658100336,4.256914659525157,5,HP,300,645.799416869986,0.0,0.0,,,
,AK,,2024-Hlow,770.6443053146912,3280.56704057369,0.1786960918998241,78.88411147106386,0.10236124620274936,4.256914659525157,5,HP,300,645.799416869986,0.0,0.0,,,
,AK,,2025-Hhigh,770.6443053146912,3280.56704057369,0.18026492310148234,45.76091756342137,0.05938007618798271,4.256914659525157,5,HP,300,645.799416869986,0.0,0.0,,,
,AK,,2025-Hlow,770.6443053146912,3280.56704057369,0.18026492310148234,56.305426202547366,0.07306279409870568,4.256914659525157,5,HP,300,645.799416869986,0.0,0.0,,,
,AK,,2030-Hhigh,770.6443053146912,3280.56704057369,0.17768985373997884,40.04646775344882,0.05196491750768978,4.256914659525157,5,HP,300,645.799416869986,0.0,0.0,,,
,AK,,2030-Hlow,770.6443053146912,3280.56704057369,0.17768985373997884,49.14128629709925,0.0637664950719807,4.256914659525157,5,HP,300,645.799416869986,0.0,0.0,,,
,AK,,2035-Hhigh,770.6443053146912,3280.56704057369,0.17768985373997884,31.646354397846206,0.041064800167339814,4.256914659525157,5,HP,300,645.799416869986,0.0,0.0,,,
,AK,,2035-Hlow,770.6443053146912,3280.56704057369,0.17768985373997884,39.38093662077972,0.05110131399037405,4.256914659525157,5,HP,300,645.799416869986,0.0,0.0,,,
,AK,,2040-Hhigh,770.6443053146912,3280.56704057369,0.17768985373997884,33.563599689165116,0.043552647385695635,4.256914659525157,5,HP,300,645.799416869986,0.0,0.0,,,
,AK,,2040-Hlow,770.6443053146912,3280.56704057369,0.17768985373997884,44.41390157554627,0.05763216735561282,4.256914659525157,5,HP,300,645.799416869986,0.0,0.0,,,
,AK,,2045-Hhigh,770.6443053146912,3280.56704057369,0.17768985373997884,30.05410964442298,0.038998678686336934,4.256914659525157,5,HP,300,645.799416869986,0.0,0.0,,,
,AK,,2045-Hlow,770.6443053146912,3280.56704057369,0.17768985373997884,39.42435744168695,0.051157657520855986,4.256914659525157,5,HP,300,645.799416869986,0.0,0.0,,,
,AK,,2024-Hhigh,801.3942873763864,3410.2406622039807,0.18330417680468442,62.64494988392092,0.07816994814002064,4.2553842920049565,5,HPo,360,775.4730385002765,0.0,0.0,,,
,AK,,2024-Hlow,801.3942873763864,3410.2406622039807,0.18330417680468442,82.13870994876622,0.10249475350975218,4.2553842920049565,5,HPo,360,775.4730385002765,0.0,0.0,,,
,AK,,2025-Hhigh,801.3942873763864,3410.2406622039807,0.18285072096875415,47.627553454222095,0.05943086219162569,4.2553842920049565,5,HPo,360,775.4730385002765,0.0,0.0,,,
,AK,,2025-Hlow,801.3942873763864,3410.2406622039807,0.18285072096875415,58.7884502530164,0.07335771065386389,4.2553842920049565,5,HPo,360,775.4730385002765,0.0,0.0,,,
,AK,,2030-Hhigh,801.3942873763864,3410.2406622039807,0.18279826478595648,41.713708344496666,0.0520514171383221,4.2553842920049565,5,HPo,360,775.4730385002765,0.0,0.0,,,
,AK,,2030-Hlow,801.3942873763864,3410.2406622039807,0.18279826478595648,51.22205883228739,0.06391617664255973,4.2553842920049565,5,HPo,360,775.4730385002765,0.0,0.0,,,
,AK,,2035-Hhigh,801.3942873763864,3410.2406622039807,0.18279826478595648,32.9446553286101,0.04110917166188528,4.2553842920049565,5,HPo,360,775.4730385002765,0.0,0.0,,,
,AK,,2035-Hlow,801.3942873763864,3410.2406622039807,0.18279826478595648,41.01377421598118,0.05117802168300018,4.2553842920049565,5,HPo,360,775.4730385002765,0.0,0.0,,,
,AK,,2040-Hhigh,801.3942873763864,3410.2406622039807,0.18279826478595648,34.98995046125681,0.043661342503210625,4.2553842920049565,5,HPo,360,775.4730385002765,0.0,0.0,,,
,AK,,2040-Hlow,801.3942873763864,3410.2406622039807,0.18279826478595648,46.18110048265771,0.057625941699492166,4.2553842920049565,5,HPo,360,775.4730385002765,0.0,0.0,,,
,AK,,2045-Hhigh,801.3942873763864,3410.2406622039807,0.18279826478595648,31.394195880142625,0.03917446926521188,4.2553842920049565,5,HPo,360,775.4730385002765,0.0,0.0,,,
,AK,,2045-Hlow,801.3942873763864,3410.2406622039807,0.18279826478595648,41.02169088132576,0.051187900297646284,4.2553842920049565,5,HPo,360,775.4730385002765,0.0,0.0,,,
,CH,,2024-Hhigh,829.487123946229,3339.4791632348247,0.19712982276206636,66.0329960475254,0.07960701756692483,4.025956602373136,5,HP,300,704.7115395311207,0.0,0.0,,,
,CH,,2024-Hlow,829.487123946229,3339.4791632348247,0.19712982276206636,86.53559567137388,0.10432421815023075,4.025956602373136,5,HP,300,704.7115395311207,0.0,0.0,,,
,CH,,2025-Hhigh,829.487123946229,3339.4791632348247,0.19855629282269624,50.23549833166309,0.060562119509066155,4.025956602373136,5,HP,300,704.7115395311207,0.0,0.0,,,
,CH,,2025-Hlow,829.487123946229,3339.4791632348247,0.19855629282269624,61.74210675364086,0.07443407494971949,4.025956602373136,5,HP,300,704.7115395311207,0.0,0.0,,,
,CH,,2030-Hhigh,829.487123946229,3339.4791632348247,0.19618852657501698,43.97488708857782,0.053014550580809824,4.025956602373136,5,HP,300,704.7115395311207,0.0,0.0,,,
,CH,,2030-Hlow,829.487123946229,3339.4791632348247,0.19618852657501698,53.85031690488294,0.06492001545327634,4.025956602373136,5,HP,300,704.7115395311207,0.0,0.0,,,
,CH,,2035-Hhigh,829.487123946229,3339.4791632348247,0.19618852657501698,34.68135812170708,0.041810604553706464,4.025956602373136,5,HP,300,704.7115395311207,0.0,0.0,,,
,CH,,2035-Hlow,829.487123946229,3339.4791632348247,0.19618852657501698,43.05623164184866,0.051907052441045196,4.025956602373136,5,HP,300,704.7115395311207,0.0,0.0,,,
,CH,,2040-Hhigh,829.487123946229,3339.4791632348247,0.19618852657501698,36.7902054112559,0.04435295539758228,4.025956602373136,5,HP,300,704.7115395311207,0.0,0.0,,,
,CH,,2040-Hlow,829.487123946229,3339.4791632348247,0.19618852657501698,48.771734118067286,0.05879745774236863,4.025956602373136,5,HP,300,704.7115395311207,0.0,0.0,,,
,CH,,2045-Hhigh,829.487123946229,3339.4791632348247,0.19618852657501698,32.99428064898429,0.039776724311302414,4.025956602373136,5,HP,300,704.7115395311207,0.0,0.0,,,
,CH,,2045-Hlow,829.487123946229,3339.4791632348247,0.19618852657501698,43.274244407477816,0.05216988083142692,4.025956602373136,5,HP,300,704.7115395311207,0.0,0.0,,,
,CH,,2024-Hhigh,865.3280660882153,3481.1073301970373,0.19868820802562706,68.87219250771926,0.07959084560733308,4.022875793147056,5,HPo,360,846.3397064933334,0.0,0.0,,,
,CH,,2024-Hlow,865.3280660882153,3481.1073301970373,0.19868820802562706,90.41356261590073,0.10448472222173778,4.022875793147056,5,HPo,360,846.3397064933334,0.0,0.0,,,
,CH,,2025-Hhigh,865.3280660882153,3481.1073301970373,0.19817797381475175,52.436161153045965,0.0605968570857615,4.022875793147056,5,HPo,360,846.3397064933334,0.0,0.0,,,
,CH,,2025-Hlow,865.3280660882153,3481.1073301970373,0.19817797381475175,64.70838082722086,0.07477901545449724,4.022875793147056,5,HPo,360,846.3397064933334,0.0,0.0,,,
,CH,,2030-Hhigh,865.3280660882153,3481.1073301970373,0.1982359164602451,45.94195977585608,0.05309195619129792,4.022875793147056,5,HPo,360,846.3397064933334,0.0,0.0,,,
,CH,,2030-Hlow,865.3280660882153,3481.1073301970373,0.1982359164602451,56.392871525932236,0.06516935453262335,4.022875793147056,5,HPo,360,846.3397064933334,0.0,0.0,,,
,CH,,2035-Hhigh,865.3280660882153,3481.1073301970373,0.1982359164602451,36.194059302492484,0.04182697952478373,4.022875793147056,5,HPo,360,846.3397064933334,0.0,0.0,,,
,CH,,2035-Hlow,865.3280660882153,3481.1073301970373,0.1982359164602451,44.990839452585064,0.051992811993224426,4.022875793147056,5,HPo,360,846.3397064933334,0.0,0.0,,,
,CH,,2040-Hhigh,865.3280660882153,3481.1073301970373,0.1982359164602451,38.461301814144136,0.04444707541731718,4.022875793147056,5,HPo,360,846.3397064933334,0.0,0.0,,,
,CH,,2040-Hlow,865.3280660882153,3481.1073301970373,0.1982359164602451,50.85023623061925,0.05876411296872851,4.022875793147056,5,HPo,360,846.3397064933334,0.0,0.0,,,
,CH,,2045-Hhigh,865.3280660882153,3481.1073301970373,0.1982359164602451,34.515248971796325,0.039886894143888414,4.022875793147056,5,HPo,360,846.3397064933334,0.0,0.0,,,
,CH,,2045-Hlow,865.3280660882153,3481.1073301970373,0.1982359164602451,45.173289841225674,0.05220365733129995,4.022875793147056,5,HPo,360,846.3397064933334,0.0,0.0,,,
Mass-Nom-Ideal,AK,HYD1000,2024-Hhigh,1562.8617570396486,4990.1,0.6239864449515021,136.2195283947325,0.08716031842301757,3.1929247596743164,3,HYD1000,1000,870.1546917812933,0.0,0.0,6,0.0,0.0
Mass-Nom-Ideal,AK,HYD1000,2024-Hlow,1562.8617570396486,4990.1,0.6239864449515021,215.22146299958519,0.137709853114107,3.1929247596743164,3,HYD1000,1000,870.1546917812933,0.0,0.0,6,0.0,0.0
Mass-Nom-Ideal,AK,HYD1000,2025-Hhigh,1562.8617570396486,4990.1,0.6532307205545882,109.27689560886395,0.06992102475900028,3.1929247596743164,3,HYD1000,1000,870.1546917812933,0.0,0.0,6,0.0,0.0
Mass-Nom-Ideal,AK,HYD1000,2025-Hlow,1562.8617570396486,4990.1,0.6532307205545882,154.79806348526665,0.09904782863103838,3.1929247596743164,3,HYD1000,1000,870.1546917812933,0.0,0.0,6,0.0,0.0
Mass-Nom-Ideal,AK,HYD1000,2030-Hhigh,1562.8617570396486,4990.1,0.6115296872904101,103.25900742912734,0.06607046782225905,3.1929247596743164,3,HYD1000,1000,870.1546917812933,0.0,0.0,6,0.0,0.0
Mass-Nom-Ideal,AK,HYD1000,2030-Hlow,1562.8617570396486,4990.1,0.6115296872904101,140.3522045820512,0.08980461896252706,3.1929247596743164,3,HYD1000,1000,870.1546917812933,0.0,0.0,6,0.0,0.0
Mass-Nom-Ideal,AK,HYD1000,2035-Hhigh,1562.8617570396486,4990.1,0.6115296872904101,87.9657431045989,0.05628504421992026,3.1929247596743164,3,HYD1000,1000,870.1546917812933,0.0,0.0,6,0.0,0.0
Mass-Nom-Ideal,AK,HYD1000,2035-Hlow,1562.8617570396486,4990.1,0.6115296872904101,119.87636379457591,0.0767031141779578,3.1929247596743164,3,HYD1000,1000,870.1546917812933,0.0,0.0,6,0.0,0.0
Mass-Nom-Ideal,AK,HYD1000,2040-Hhigh,1562.8617570396486,4990.1,0.6115296872904101,94.55580575364445,0.06050170805430082,3.1929247596743164,3,HYD1000,1000,870.1546917812933,0.0,0.0,6,0.0,0.0
Mass-Nom-Ideal,AK,HYD1000,2040-Hlow,1562.8617570396486,4990.1,0.6115296872904101,140.70666955380963,0.09003142403352059,3.1929247596743164,3,HYD1000,1000,870.1546917812933,0.0,0.0,6,0.0,0.0
Mass-Nom-Ideal,AK,HYD1000,2045-Hhigh,1562.8617570396486,4990.1,0.6115296872904101,88.66141778356551,0.05673017295624839,3.1929247596743164,3,HYD1000,1000,870.1546917812933,0.0,0.0,6,0.0,0.0
Mass-Nom-Ideal,AK,HYD1000,2045-Hlow,1562.8617570396486,4990.1,0.6115296872904101,130.5410949806162,0.0835269622489742,3.1929247596743164,3,HYD1000,1000,870.1546917812933,0.0,0.0,6,0.0,0.0
Mass-Nom-Ideal,AK,HYD200,2024-Hhigh,1234.4830383235394,4451.166666666667,0.4578433797074276,108.11794749862224,0.08758155773889714,3.605692851569244,3,HYD200,200,325.63872606977804,233.85808467085883,68.0,11.2,-619.6592306542215,120.0
Mass-Nom-Ideal,AK,HYD200,2024-Hlow,1234.4830383235394,4451.166666666667,0.4578433797074276,176.1310274562704,0.14267593963499167,3.605692851569244,3,HYD200,200,325.63872606977804,233.85808467085883,68.0,11.2,-619.6592306542215,120.0
Mass-Nom-Ideal,AK,HYD200,2025-Hhigh,1234.4830383235394,4451.166666666667,0.48704540375842975,86.79764310656611,0.07031092401596672,3.605692851569244,3,HYD200,200,325.63872606977804,233.85808467085883,68.0,11.2,-619.6592306542215,120.0
Mass-Nom-Ideal,AK,HYD200,2025-Hlow,1234.4830383235394,4451.166666666667,0.48704540375842975,125.65723682368662,0.10178935872163336,3.605692851569244,3,HYD200,200,325.63872606977804,233.85808467085883,68.0,11.2,-619.6592306542215,120.0
Mass-Nom-Ideal,AK,HYD200,2030-Hhigh,1234.4830383235394,4451.166666666667,0.44965813294188317,81.7678954460668,0.06623654834262427,3.605692851569244,3,HYD200,200,325.63872606977804,233.85808467085883,68.0,11.2,-619.6592306542215,120.0
Mass-Nom-Ideal,AK,HYD200,2030-Hlow,1234.4830383235394,4451.166666666667,0.44965813294188317,113.38499156296999,0.09184815671258618,3.605692851569244,3,HYD200,200,325.63872606977804,233.85808467085883,68.0,11.2,-619.6592306542215,120.0
Mass-Nom-Ideal,AK,HYD200,2035-Hhigh,1234.4830383235394,4451.166666666667,0.44965813294188317,69.61057744851952,0.056388443816168206,3.605692851569244,3,HYD200,200,325.63872606977804,233.85808467085883,68.0,11.2,-619.6592306542215,120.0
Mass-Nom-Ideal,AK,HYD200,2035-Hlow,1234.4830383235394,4451.166666666667,0.44965813294188317,95.9852181078615,0.0777533713530904,3.605692851569244,3,HYD200,200,325.63872606977804,233.85808467085883,68.0,11.2,-619.6592306542215,120.0
Mass-Nom-Ideal,AK,HYD200,2040-Hhigh,1234.4830383235394,4451.166666666667,0.44965813294188317,74.72510460432721,0.060531495601434816,3.605692851569244,3,HYD200,200,325.63872606977804,233.85808467085883,68.0,11.2,-619.6592306542215,120.0
Mass-Nom-Ideal,AK,HYD200,2040-Hlow,1234.4830383235394,4451.166666666667,0.44965813294188317,113.17756304709711,0.091680128064615,3.605692851569244,3,HYD200,200,325.63872606977804,233.85808467085883,68.0,11.2,-619.6592306542215,120.0
Mass-Nom-Ideal,AK,HYD200,2045-Hhigh,1234.4830383235394,4451.166666666667,0.44965813294188317,69.8526713340462,0.056584553343809386,3.605692851569244,3,HYD200,200,325.63872606977804,233.85808467085883,68.0,11.2,-619.6592306542215,120.0
Mass-Nom-Ideal,AK,HYD200,2045-Hlow,1234.4830383235394,4451.166666666667,0.44965813294188317,104.72720318200781,0.08483486603771416,3.605692851569244,3,HYD200,200,325.63872606977804,233.85808467085883,68.0,11.2,-619.6592306542215,120.0
Mass-Nom-Ideal,AK,HYD500,2024-Hhigh,1546.7045424260887,4686.333333333333,0.6078619489396445,134.9769587774023,0.08726744835551058,3.0298826988524707,3,HYD500,500,562.9883907885064,0.0,0.0,8.5,0.0,0.0
Mass-Nom-Ideal,AK,HYD500,2024-Hlow,1546.7045424260887,4686.333333333333,0.6078619489396445,215.34774906731224,0.13923004889448878,3.0298826988524707,3,HYD500,500,562.9883907885064,0.0,0.0,8.5,0.0,0.0
Mass-Nom-Ideal,AK,HYD500,2025-Hhigh,1546.7045424260887,4686.333333333333,0.6418294383688654,108.25236009908906,0.06998903612792748,3.0298826988524707,3,HYD500,500,562.9883907885064,0.0,0.0,8.5,0.0,0.0
Mass-Nom-Ideal,AK,HYD500,2025-Hlow,1546.7045424260887,4686.333333333333,0.6418294383688654,154.22499459743997,0.09971199435124813,3.0298826988524707,3,HYD500,500,562.9883907885064,0.0,0.0,8.5,0.0,0.0
Mass-Nom-Ideal,AK,HYD500,2030-Hhigh,1546.7045424260887,4686.333333333333,0.5977363213079001,102.15264829375718,0.06604535351885972,3.0298826988524707,3,HYD500,500,562.9883907885064,0.0,0.0,8.5,0.0,0.0
Mass-Nom-Ideal,AK,HYD500,2030-Hlow,1546.7045424260887,4686.333333333333,0.5977363213079001,139.68171596541566,0.09030924273767078,3.0298826988524707,3,HYD500,500,562.9883907885064,0.0,0.0,8.5,0.0,0.0
Mass-Nom-Ideal,AK,HYD500,2035-Hhigh,1546.7045424260887,4686.333333333333,0.5977363213079001,87.03276045906368,0.05626980336047126,3.0298826988524707,3,HYD500,500,562.9883907885064,0.0,0.0,8.5,0.0,0.0
Mass-Nom-Ideal,AK,HYD500,2035-Hlow,1546.7045424260887,4686.333333333333,0.5977363213079001,119.00020811729887,0.07693790562652689,3.0298826988524707,3,HYD500,500,562.9883907885064,0.0,0.0,8.5,0.0,0.0
Mass-Nom-Ideal,AK,HYD500,2040-Hhigh,1546.7045424260887,4686.333333333333,0.5977363213079001,93.46845526337789,0.060430711037266126,3.0298826988524707,3,HYD500,500,562.9883907885064,0.0,0.0,8.5,0.0,0.0
Mass-Nom-Ideal,AK,HYD500,2040-Hlow,1546.7045424260887,4686.333333333333,0.5977363213079001,139.75434590035837,0.09035620059739802,3.0298826988524707,3,HYD500,500,562.9883907885064,0.0,0.0,8.5,0.0,0.0
Mass-Nom-Ideal,AK,HYD500,2045-Hhigh,1546.7045424260887,4686.333333333333,0.5977363213079001,87.57842377356562,0.056622594277892395,3.0298826988524707,3,HYD500,500,562.9883907885064,0.0,0.0,8.5,0.0,0.0
Mass-Nom-Ideal,AK,HYD500,2045-Hlow,1546.7045424260887,4686.333333333333,0.5977363213079001,129.53488603305757,0.08374895300292788,3.0298826988524707,3,HYD500,500,562.9883907885064,0.0,0.0,8.5,0.0,0.0
Mass-Nom-Ideal,AK,HYD1000,2024-Hhigh,1696.857223014947,5461.8,0.6709696297314649,147.42973658661845,0.08688399624139725,3.2187740523599073,4,HYD1000,1000,862.5389031910364,0.0,0.0,6,0.0,0.0
Mass-Nom-Ideal,AK,HYD1000,2024-Hlow,1696.857223014947,5461.8,0.6709696297314649,227.83506018741514,0.13426884542625317,3.2187740523599073,4,HYD1000,1000,862.5389031910364,0.0,0.0,6,0.0,0.0
Mass-Nom-Ideal,AK,HYD1000,2025-Hhigh,1696.857223014947,5461.8,0.6678160419211332,117.8246276172892,0.0694369720794425,3.2187740523599073,4,HYD1000,1000,862.5389031910364,0.0,0.0,6,0.0,0.0
Mass-Nom-Ideal,AK,HYD1000,2025-Hlow,1696.857223014947,5461.8,0.6678160419211332,164.7163086534593,0.09707140142338797,3.2187740523599073,4,HYD1000,1000,862.5389031910364,0.0,0.0,6,0.0,0.0
Mass-Nom-Ideal,AK,HYD1000,2030-Hhigh,1696.857223014947,5461.8,0.6449179341364599,110.71784313098034,0.06524876791593506,3.2187740523599073,4,HYD1000,1000,862.5389031910364,0.0,0.0,6,0.0,0.0
Mass-Nom-Ideal,AK,HYD1000,2030-Hlow,1696.857223014947,5461.8,0.6449179341364599,148.61544260957723,0.08758276217578273,3.2187740523599073,4,HYD1000,1000,862.5389031910364,0.0,0.0,6,0.0,0.0
Mass-Nom-Ideal,AK,HYD1000,2035-Hhigh,1696.857223014947,5461.8,0.6449179341364599,93.14203736695205,0.05489091015062473,3.2187740523599073,4,HYD1000,1000,862.5389031910364,0.0,0.0,6,0.0,0.0
Mass-Nom-Ideal,AK,HYD1000,2035-Hlow,1696.857223014947,5461.8,0.6449179341364599,126.32866586652025,0.07444861250144642,3.2187740523599073,4,HYD1000,1000,862.5389031910364,0.0,0.0,6,0.0,0.0
Mass-Nom-Ideal,AK,HYD1000,2040-Hhigh,1696.857223014947,5461.8,0.6449179341364599,100.36407301007999,0.05914703467611424,3.2187740523599073,4,HYD1000,1000,862.5389031910364,0.0,0.0,6,0.0,0.0
Mass-Nom-Ideal,AK,HYD1000,2040-Hlow,1696.857223014947,5461.8,0.6449179341364599,147.567761839166,0.08696533794220478,3.2187740523599073,4,HYD1000,1000,862.5389031910364,0.0,0.0,6,0.0,0.0
Mass-Nom-Ideal,AK,HYD1000,2045-Hhigh,1696.857223014947,5461.8,0.6449179341364599,93.67641235737132,0.05520583057125376,3.2187740523599073,4,HYD1000,1000,862.5389031910364,0.0,0.0,6,0.0,0.0
Mass-Nom-Ideal,AK,HYD1000,2045-Hlow,1696.857223014947,5461.8,0.6449179341364599,136.45823664528805,0.08041821951456316,3.2187740523599073,4,HYD1000,1000,862.5389031910364,0.0,0.0,6,0.0,0.0
Mass-Nom-Ideal,AK,HYD200,2024-Hhigh,1348.8804456713083,4928.666666666666,0.47000835193793994,117.61667047141401,0.0871957710180006,3.653894370315211,4,HYD200,200,324.2596470734102,671.8547741904111,112.0,11.2,-366.855405150261,103.0
Mass-Nom-Ideal,AK,HYD200,2024-Hlow,1348.8804456713083,4928.666666666666,0.47000835193793994,186.65464889933472,0.1383774592465389,3.653894370315211,4,HYD200,200,324.2596470734102,671.8547741904111,112.0,11.2,-366.855405150261,103.0
Mass-Nom-Ideal,AK,HYD200,2025-Hhigh,1348.8804456713083,4928.666666666666,0.4769335535087852,93.78506025897002,0.06952807460433993,3.653894370315211,4,HYD200,200,324.2596470734102,671.8547741904111,112.0,11.2,-366.855405150261,103.0
Mass-Nom-Ideal,AK,HYD200,2025-Hlow,1348.8804456713083,4928.666666666666,0.4769335535087852,134.04052467407453,0.0993716864264909,3.653894370315211,4,HYD200,200,324.2596470734102,671.8547741904111,112.0,11.2,-366.855405150261,103.0
Mass-Nom-Ideal,AK,HYD200,2030-Hhigh,1348.8804456713083,4928.666666666666,0.45360546918635675,87.66236523548616,0.064988980688988,3.653894370315211,4,HYD200,200,324.2596470734102,671.8547741904111,112.0,11.2,-366.855405150261,103.0
Mass-Nom-Ideal,AK,HYD200,2030-Hlow,1348.8804456713083,4928.666666666666,0.45360546918635675,119.95448964479883,0.0889289262289662,3.653894370315211,4,HYD200,200,324.2596470734102,671.8547741904111,112.0,11.2,-366.855405150261,103.0
Mass-Nom-Ideal,AK,HYD200,2035-Hhigh,1348.8804456713083,4928.666666666666,0.45360546918635675,73.45459805783743,0.05445597368807632,3.653894370315211,4,HYD200,200,324.2596470734102,671.8547741904111,112.0,11.2,-366.855405150261,103.0
Mass-Nom-Ideal,AK,HYD200,2035-Hlow,1348.8804456713083,4928.666666666666,0.45360546918635675,100.70862095928712,0.07466089473123516,3.653894370315211,4,HYD200,200,324.2596470734102,671.8547741904111,112.0,11.2,-366.855405150261,103.0
Mass-Nom-Ideal,AK,HYD200,2040-Hhigh,1348.8804456713083,4928.666666666666,0.45360546918635675,78.99236331219217,0.058561426674755744,3.653894370315211,4,HYD200,200,324.2596470734102,671.8547741904111,112.0,11.2,-366.855405150261,103.0
Mass-Nom-Ideal,AK,HYD200,2040-Hlow,1348.8804456713083,4928.666666666666,0.45360546918635675,118.07730017636977,0.08753726140466458,3.653894370315211,4,HYD200,200,324.2596470734102,671.8547741904111,112.0,11.2,-366.855405150261,103.0
Mass-Nom-Ideal,AK,HYD200,2045-Hhigh,1348.8804456713083,4928.666666666666,0.45360546918635675,73.36177914056344,0.05438716186893264,3.653894370315211,4,HYD200,200,324.2596470734102,671.8547741904111,112.0,11.2,-366.855405150261,103.0
Mass-Nom-Ideal,AK,HYD200,2045-Hlow,1348.8804456713083,4928.666666666666,0.45360546918635675,108.61731410590933,0.08052404826126222,3.653894370315211,4,HYD200,200,324.2596470734102,671.8547741904111,112.0,11.2,-366.855405150261,103.0
Mass-Nom-Ideal,AK,HYD500,2024-Hhigh,1688.292445324438,5161.625,0.6305749299416414,146.80611084598345,0.08695537982921663,3.057305038765422,4,HYD500,500,558.9316704024922,0.0,0.0,8.5,0.0,0.0
Mass-Nom-Ideal,AK,HYD500,2024-Hlow,1688.292445324438,5161.625,0.6305749299416414,228.4088441608206,0.13528985739015578,3.057305038765422,4,HYD500,500,558.9316704024922,0.0,0.0,8.5,0.0,0.0
Mass-Nom-Ideal,AK,HYD500,2025-Hhigh,1688.292445324438,5161.625,0.6398004503783206,117.13551468033094,0.06938105717686908,3.057305038765422,4,HYD500,500,558.9316704024922,0.0,0.0,8.5,0.0,0.0
Mass-Nom-Ideal,AK,HYD500,2025-Hlow,1688.292445324438,5161.625,0.6398004503783206,164.55443141043696,0.097467966445123,3.057305038765422,4,HYD500,500,558.9316704024922,0.0,0.0,8.5,0.0,0.0
Mass-Nom-Ideal,AK,HYD500,2030-Hhigh,1688.292445324438,5161.625,0.6153818147679083,109.71825887424534,0.06498770943274633,3.057305038765422,4,HYD500,500,558.9316704024922,0.0,0.0,8.5,0.0,0.0
Mass-Nom-Ideal,AK,HYD500,2030-Hlow,1688.292445324438,5161.625,0.6153818147679083,147.98773634812073,0.08765527368078818,3.057305038765422,4,HYD500,500,558.9316704024922,0.0,0.0,8.5,0.0,0.0
Mass-Nom-Ideal,AK,HYD500,2035-Hhigh,1688.292445324438,5161.625,0.6153818147679083,92.10614881514523,0.05455580226649966,3.057305038765422,4,HYD500,500,558.9316704024922,0.0,0.0,8.5,0.0,0.0
Mass-Nom-Ideal,AK,HYD500,2035-Hlow,1688.292445324438,5161.625,0.6153818147679083,125.23419956769193,0.07417802520796435,3.057305038765422,4,HYD500,500,558.9316704024922,0.0,0.0,8.5,0.0,0.0
Mass-Nom-Ideal,AK,HYD500,2040-Hhigh,1688.292445324438,5161.625,0.6153818147679083,99.0853558886844,0.058689687419434755,3.057305038765422,4,HYD500,500,558.9316704024922,0.0,0.0,8.5,0.0,0.0
Mass-Nom-Ideal,AK,HYD500,2040-Hlow,1688.292445324438,5161.625,0.6153818147679083,146.22135986065143,0.08660902337482898,3.057305038765422,4,HYD500,500,558.9316704024922,0.0,0.0,8.5,0.0,0.0
Mass-Nom-Ideal,AK,HYD500,2045-Hhigh,1688.292445324438,5161.625,0.6153818147679083,92.31122701182342,0.05467727304441266,3.057305038765422,4,HYD500,500,558.9316704024922,0.0,0.0,8.5,0.0,0.0
Mass-Nom-Ideal,AK,HYD500,2045-Hlow,1688.292445324438,5161.625,0.6153818147679083,134.91166146954643,0.07991012566760645,3.057305038765422,4,HYD500,500,558.9316704024922,0.0,0.0,8.5,0.0,0.0
Mass-Nom-Ideal,AK,HYD1000,2024-Hhigh,1837.4673096845715,5936.299999999999,0.7259918957668704,159.5186940521451,0.08681443920737227,3.2306969319737466,5,HYD1000,1000,858.6643721586316,0.0,0.0,6,0.0,0.0
Mass-Nom-Ideal,AK,HYD1000,2024-Hlow,1837.4673096845715,5936.299999999999,0.7259918957668704,242.62736681514698,0.1320444535455695,3.2306969319737466,5,HYD1000,1000,858.6643721586316,0.0,0.0,6,0.0,0.0
Mass-Nom-Ideal,AK,HYD1000,2025-Hhigh,1837.4673096845715,5936.299999999999,0.7430885222161506,127.00287186170414,0.06911843883824309,3.2306969319737466,5,HYD1000,1000,858.6643721586316,0.0,0.0,6,0.0,0.0
Mass-Nom-Ideal,AK,HYD1000,2025-Hlow,1837.4673096845715,5936.299999999999,0.7430885222161506,174.42947840080217,0.09492929614663216,3.2306969319737466,5,HYD1000,1000,858.6643721586316,0.0,0.0,6,0.0,0.0
Mass-Nom-Ideal,AK,HYD1000,2030-Hhigh,1837.4673096845715,5936.299999999999,0.7158023733446253,118.8056860168853,0.06465730595080903,3.2306969319737466,5,HYD1000,1000,858.6643721586316,0.0,0.0,6,0.0,0.0
Mass-Nom-Ideal,AK,HYD1000,2030-Hlow,1837.4673096845715,5936.299999999999,0.7158023733446253,157.73357667948008,0.08584292947587589,3.2306969319737466,5,HYD1000,1000,858.6643721586316,0.0,0.0,6,0.0,0.0
Mass-Nom-Ideal,AK,HYD1000,2035-Hhigh,1837.4673096845715,5936.299999999999,0.7158023733446253,99.96868321943559,0.05440569347413136,3.2306969319737466,5,HYD1000,1000,858.6643721586316,0.0,0.0,6,0.0,0.0
Mass-Nom-Ideal,AK,HYD1000,2035-Hlow,1837.4673096845715,5936.299999999999,0.7158023733446253,134.5911198808857,0.07324817109480455,3.2306969319737466,5,HYD1000,1000,858.6643721586316,0.0,0.0,6,0.0,0.0
Mass-Nom-Ideal,AK,HYD1000,2040-Hhigh,1837.4673096845715,5936.299999999999,0.7158023733446253,107.58296299708647,0.05854959292612105,3.2306969319737466,5,HYD1000,1000,858.6643721586316,0.0,0.0,6,0.0,0.0
Mass-Nom-Ideal,AK,HYD1000,2040-Hlow,1837.4673096845715,5936.299999999999,0.7158023733446253,156.94888336350945,0.08541587789687102,3.2306969319737466,5,HYD1000,1000,858.6643721586316,0.0,0.0,6,0.0,0.0
Mass-Nom-Ideal,AK,HYD1000,2045-Hhigh,1837.4673096845715,5936.299999999999,0.7158023733446253,100.22331866601085,0.054544273053334306,3.2306969319737466,5,HYD1000,1000,858.6643721586316,0.0,0.0,6,0.0,0.0
Mass-Nom-Ideal,AK,HYD1000,2045-Hlow,1837.4673096845715,5936.299999999999,0.7158023733446253,144.72628812382268,0.07876400704438496,3.2306969319737466,5,HYD1000,1000,858.6643721586316,0.0,0.0,6,0.0,0.0
Mass-Nom-Ideal,AK,HYD200,2024-Hhigh,1469.4371049643453,5407.166666666667,0.5683205502551032,127.52613263186477,0.08678570331525629,3.6797537290974205,5,HYD200,200,323.3005820915793,715.2944487895585,130.0,11.2,-600.1602284036373,162.0
Mass-Nom-Ideal,AK,HYD200,2024-Hlow,1469.4371049643453,5407.166666666667,0.5683205502551032,199.54579355997006,0.13579743759418125,3.6797537290974205,5,HYD200,200,323.3005820915793,715.2944487895585,130.0,11.2,-600.1602284036373,162.0
Mass-Nom-Ideal,AK,HYD200,2025-Hhigh,1469.4371049643453,5407.166666666667,0.5816003522443179,101.26701335998298,0.06891551398686108,3.6797537290974205,5,HYD200,200,323.3005820915793,715.2944487895585,130.0,11.2,-600.1602284036373,162.0
Mass-Nom-Ideal,AK,HYD200,2025-Hlow,1469.4371049643453,5407.166666666667,0.5816003522443179,142.4329640624666,0.0969302895518775,3.6797537290974205,5,HYD200,200,323.3005820915793,715.2944487895585,130.0,11.2,-600.1602284036373,162.0
Mass-Nom-Ideal,AK,HYD200,2030-Hhigh,1469.4371049643453,5407.166666666667,0.5552086086043947,94.13468963260301,0.0640617344659247,3.6797537290974205,5,HYD200,200,323.3005820915793,715.2944487895585,130.0,11.2,-600.1602284036373,162.0
Mass-Nom-Ideal,AK,HYD200,2030-Hlow,1469.4371049643453,5407.166666666667,0.5552086086043947,127.51877755311203,0.08678069794365657,3.6797537290974205,5,HYD200,200,323.3005820915793,715.2944487895585,130.0,11.2,-600.1602284036373,162.0
Mass-Nom-Ideal,AK,HYD200,2035-Hhigh,1469.4371049643453,5407.166666666667,0.5552086086043947,78.756503074359,0.05359637565179761,3.6797537290974205,5,HYD200,200,323.3005820915793,715.2944487895585,130.0,11.2,-600.1602284036373,162.0
Mass-Nom-Ideal,AK,HYD200,2035-Hlow,1469.4371049643453,5407.166666666667,0.5552086086043947,107.48176075514166,0.07314485280930048,3.6797537290974205,5,HYD200,200,323.3005820915793,715.2944487895585,130.0,11.2,-600.1602284036373,162.0
Mass-Nom-Ideal,AK,HYD200,2040-Hhigh,1469.4371049643453,5407.166666666667,0.5552086086043947,84.73914657167819,0.05766776018204217,3.6797537290974205,5,HYD200,200,323.3005820915793,715.2944487895585,130.0,11.2,-600.1602284036373,162.0
Mass-Nom-Ideal,AK,HYD200,2040-Hlow,1469.4371049643453,5407.166666666667,0.5552086086043947,125.68071201587897,0.08552983424147882,3.6797537290974205,5,HYD200,200,323.3005820915793,715.2944487895585,130.0,11.2,-600.1602284036373,162.0
Mass-Nom-Ideal,AK,HYD200,2045-Hhigh,1469.4371049643453,5407.166666666667,0.5552086086043947,78.51286721845159,0.0534305734850466,3.6797537290974205,5,HYD200,200,323.3005820915793,715.2944487895585,130.0,11.2,-600.1602284036373,162.0
Mass-Nom-Ideal,AK,HYD200,2045-Hlow,1469.4371049643453,5407.166666666667,0.5552086086043947,115.12749428410918,0.07834802448853546,3.6797537290974205,5,HYD200,200,323.3005820915793,715.2944487895585,130.0,11.2,-600.1602284036373,162.0
Mass-Nom-Ideal,AK,HYD500,2024-Hhigh,1836.2289937668324,5638.475,0.7397429229254767,159.01725582730086,0.08659990467806171,3.070681826253738,5,HYD500,500,556.965916420662,0.0,0.0,8.5,0.0,0.0
Mass-Nom-Ideal,AK,HYD500,2024-Hlow,1836.2289937668324,5638.475,0.7397429229254767,243.92897938805268,0.1328423525693589,3.070681826253738,5,HYD500,500,556.965916420662,0.0,0.0,8.5,0.0,0.0
Mass-Nom-Ideal,AK,HYD500,2025-Hhigh,1836.2289937668324,5638.475,0.7571855291001951,126.31319181731338,0.06878945504405473,3.070681826253738,5,HYD500,500,556.965916420662,0.0,0.0,8.5,0.0,0.0
Mass-Nom-Ideal,AK,HYD500,2025-Hlow,1836.2289937668324,5638.475,0.7571855291001951,174.68329632465537,0.09513154237169014,3.070681826253738,5,HYD500,500,556.965916420662,0.0,0.0,8.5,0.0,0.0
Mass-Nom-Ideal,AK,HYD500,2030-Hhigh,1836.2289937668324,5638.475,0.7279296906884416,117.69356897905863,0.06409525684355007,3.070681826253738,5,HYD500,500,556.965916420662,0.0,0.0,8.5,0.0,0.0
Mass-Nom-Ideal,AK,HYD500,2030-Hlow,1836.2289937668324,5638.475,0.7279296906884416,157.24036759996105,0.08563222132627304,3.070681826253738,5,HYD500,500,556.965916420662,0.0,0.0,8.5,0.0,0.0
Mass-Nom-Ideal,AK,HYD500,2035-Hhigh,1836.2289937668324,5638.475,0.7279296906884416,98.7158280321965,0.053760085679559644,3.070681826253738,5,HYD500,500,556.965916420662,0.0,0.0,8.5,0.0,0.0
Mass-Nom-Ideal,AK,HYD500,2035-Hlow,1836.2289937668324,5638.475,0.7279296906884416,133.4114758050329,0.07265514064852725,3.070681826253738,5,HYD500,500,556.965916420662,0.0,0.0,8.5,0.0,0.0
Mass-Nom-Ideal,AK,HYD500,2040-Hhigh,1836.2289937668324,5638.475,0.7279296906884416,106.17861340909867,0.05782427669398919,3.070681826253738,5,HYD500,500,556.965916420662,0.0,0.0,8.5,0.0,0.0
Mass-Nom-Ideal,AK,HYD500,2040-Hlow,1836.2289937668324,5638.475,0.7279296906884416,155.3198372485854,0.08458631128025211,3.070681826253738,5,HYD500,500,556.965916420662,0.0,0.0,8.5,0.0,0.0
Mass-Nom-Ideal,AK,HYD500,2045-Hhigh,1836.2289937668324,5638.475,0.7279296906884416,98.63163023208976,0.053714232030372885,3.070681826253738,5,HYD500,500,556.965916420662,0.0,0.0,8.5,0.0,0.0
Mass-Nom-Ideal,AK,HYD500,2045-Hlow,1836.2289937668324,5638.475,0.7279296906884416,142.76296964061703,0.07774791168488941,3.070681826253738,5,HYD500,500,556.965916420662,0.0,0.0,8.5,0.0,0.0
Mass-Nom-Ideal,CH,HYD1000,2024-Hhigh,3363.2895194157263,9409.754133333332,1.1981990101797995,321.37683907981744,0.09555431883712685,2.7977829678391775,3,HYD1000,1000,984.7122305193888,0.0,0.0,11.2,0.0,0.0
Mass-Nom-Ideal,CH,HYD1000,2024-Hlow,3363.2895194157263,9409.754133333332,1.1981990101797995,489.78711076608465,0.14562740077493266,2.7977829678391775,3,HYD1000,1000,984.7122305193888,0.0,0.0,11.2,0.0,0.0
Mass-Nom-Ideal,CH,HYD1000,2025-Hhigh,3363.2895194157263,9409.754133333332,1.243391585522185,259.86050294650215,0.07726379232188293,2.7977829678391775,3,HYD1000,1000,984.7122305193888,0.0,0.0,11.2,0.0,0.0
Mass-Nom-Ideal,CH,HYD1000,2025-Hlow,3363.2895194157263,9409.754133333332,1.243391585522185,354.16109974382204,0.10530199606644249,2.7977829678391775,3,HYD1000,1000,984.7122305193888,0.0,0.0,11.2,0.0,0.0
Mass-Nom-Ideal,CH,HYD1000,2030-Hhigh,3363.2895194157263,9409.754133333332,1.1871470899462673,241.48012944279435,0.07179879342791295,2.7977829678391775,3,HYD1000,1000,984.7122305193888,0.0,0.0,11.2,0.0,0.0
Mass-Nom-Ideal,CH,HYD1000,2030-Hlow,3363.2895194157263,9409.754133333332,1.1871470899462673,316.7735786405291,0.09418564081737432,2.7977829678391775,3,HYD1000,1000,984.7122305193888,0.0,0.0,11.2,0.0,0.0
Mass-Nom-Ideal,CH,HYD1000,2035-Hhigh,3363.2895194157263,9409.754133333332,1.1871470899462673,198.2779986819373,0.058953592171387716,2.7977829678391775,3,HYD1000,1000,984.7122305193888,0.0,0.0,11.2,0.0,0.0
Mass-Nom-Ideal,CH,HYD1000,2035-Hlow,3363.2895194157263,9409.754133333332,1.1871470899462673,258.2892159876749,0.07679660478130504,2.7977829678391775,3,HYD1000,1000,984.7122305193888,0.0,0.0,11.2,0.0,0.0
Mass-Nom-Ideal,CH,HYD1000,2040-Hhigh,3363.2895194157263,9409.754133333332,1.1871470899462673,212.85269903985088,0.06328705804572775,2.7977829678391775,3,HYD1000,1000,984.7122305193888,0.0,0.0,11.2,0.0,0.0
Mass-Nom-Ideal,CH,HYD1000,2040-Hlow,3363.2895194157263,9409.754133333332,1.1871470899462673,302.2062998417373,0.08985438158004216,2.7977829678391775,3,HYD1000,1000,984.7122305193888,0.0,0.0,11.2,0.0,0.0
Mass-Nom-Ideal,CH,HYD1000,2045-Hhigh,3363.2895194157263,9409.754133333332,1.1871470899462673,198.0336854368786,0.05888095101348313,2.7977829678391775,3,HYD1000,1000,984.7122305193888,0.0,0.0,11.2,0.0,0.0
Mass-Nom-Ideal,CH,HYD1000,2045-Hlow,3363.2895194157263,9409.754133333332,1.1871470899462673,277.02542938645564,0.08236740482412609,2.7977829678391775,3,HYD1000,1000,984.7122305193888,0.0,0.0,11.2,0.0,0.0
Mass-Nom-Ideal,CH,HYD200,2024-Hhigh,3088.9024495713707,8801.8,1.0888741621913893,292.9552785147981,0.09484122056216111,2.84949108743184,3,HYD200,200,371.0684792356438,16.50821799855913,11.0,14,-253.32409547442234,74.0
Mass-Nom-Ideal,CH,HYD200,2024-Hlow,3088.9024495713707,8801.8,1.0888741621913893,447.859025406952,0.14498969543991228,2.84949108743184,3,HYD200,200,371.0684792356438,16.50821799855913,11.0,14,-253.32409547442234,74.0
Mass-Nom-Ideal,CH,HYD200,2025-Hhigh,3088.9024495713707,8801.8,1.1392196962520016,235.93329806712427,0.0763809482231669,2.84949108743184,3,HYD200,200,371.0684792356438,16.50821799855913,11.0,14,-253.32409547442234,74.0
Mass-Nom-Ideal,CH,HYD200,2025-Hlow,3088.9024495713707,8801.8,1.1392196962520016,322.7809040750637,0.10449695623112155,2.84949108743184,3,HYD200,200,371.0684792356438,16.50821799855913,11.0,14,-253.32409547442234,74.0
Mass-Nom-Ideal,CH,HYD200,2030-Hhigh,3088.9024495713707,8801.8,1.0771865389476825,218.3219350350689,0.07067945284752006,2.84949108743184,3,HYD200,200,371.0684792356438,16.50821799855913,11.0,14,-253.32409547442234,74.0
Mass-Nom-Ideal,CH,HYD200,2030-Hlow,3088.9024495713707,8801.8,1.0771865389476825,287.6147713375436,0.09311228697994468,2.84949108743184,3,HYD200,200,371.0684792356438,16.50821799855913,11.0,14,-253.32409547442234,74.0
Mass-Nom-Ideal,CH,HYD200,2035-Hhigh,3088.9024495713707,8801.8,1.0771865389476825,179.10395689353425,0.05798304084299829,2.84949108743184,3,HYD200,200,371.0684792356438,16.50821799855913,11.0,14,-253.32409547442234,74.0
Mass-Nom-Ideal,CH,HYD200,2035-Hlow,3088.9024495713707,8801.8,1.0771865389476825,234.12583176909936,0.0757957998322633,2.84949108743184,3,HYD200,200,371.0684792356438,16.50821799855913,11.0,14,-253.32409547442234,74.0
Mass-Nom-Ideal,CH,HYD200,2040-Hhigh,3088.9024495713707,8801.8,1.0771865389476825,192.05872994749987,0.06217701370729618,2.84949108743184,3,HYD200,200,371.0684792356438,16.50821799855913,11.0,14,-253.32409547442234,74.0
Mass-Nom-Ideal,CH,HYD200,2040-Hlow,3088.9024495713707,8801.8,1.0771865389476825,273.42937038729923,0.08851991115007256,2.84949108743184,3,HYD200,200,371.0684792356438,16.50821799855913,11.0,14,-253.32409547442234,74.0
Mass-Nom-Ideal,CH,HYD200,2045-Hhigh,3088.9024495713707,8801.8,1.0771865389476825,178.24783483129983,0.05770588024106565,2.84949108743184,3,HYD200,200,371.0684792356438,16.50821799855913,11.0,14,-253.32409547442234,74.0
Mass-Nom-Ideal,CH,HYD200,2045-Hlow,3088.9024495713707,8801.8,1.0771865389476825,250.32184667977222,0.08103909099314806,2.84949108743184,3,HYD200,200,371.0684792356438,16.50821799855913,11.0,14,-253.32409547442234,74.0
Mass-Nom-Ideal,CH,HYD500,2024-Hhigh,3185.777836914883,9068.266666666666,1.129117012073689,301.8030780717105,0.09473450237948089,2.846484322161147,3,HYD500,500,639.6661564973243,0.0,0.0,14,0.0,0.0
Mass-Nom-Ideal,CH,HYD500,2024-Hlow,3185.777836914883,9068.266666666666,1.129117012073689,459.3903948514508,0.14420038633212598,2.846484322161147,3,HYD500,500,639.6661564973243,0.0,0.0,14,0.0,0.0
Mass-Nom-Ideal,CH,HYD500,2025-Hhigh,3185.777836914883,9068.266666666666,1.179413698286541,243.38766473183136,0.07639819133387177,2.846484322161147,3,HYD500,500,639.6661564973243,0.0,0.0,14,0.0,0.0
Mass-Nom-Ideal,CH,HYD500,2025-Hlow,3185.777836914883,9068.266666666666,1.179413698286541,331.7564249747901,0.10413671070549728,2.846484322161147,3,HYD500,500,639.6661564973243,0.0,0.0,14,0.0,0.0
Mass-Nom-Ideal,CH,HYD500,2030-Hhigh,3185.777836914883,9068.266666666666,1.117497989670726,225.6406322942071,0.0708274851057154,2.846484322161147,3,HYD500,500,639.6661564973243,0.0,0.0,14,0.0,0.0
Mass-Nom-Ideal,CH,HYD500,2030-Hlow,3185.777836914883,9068.266666666666,1.117497989670726,296.2555755347247,0.09299316860764512,2.846484322161147,3,HYD500,500,639.6661564973243,0.0,0.0,14,0.0,0.0
Mass-Nom-Ideal,CH,HYD500,2035-Hhigh,3185.777836914883,9068.266666666666,1.117497989670726,185.38028984713424,0.058189961553206444,2.846484322161147,3,HYD500,500,639.6661564973243,0.0,0.0,14,0.0,0.0
Mass-Nom-Ideal,CH,HYD500,2035-Hlow,3185.777836914883,9068.266666666666,1.117497989670726,241.83949176218385,0.0759122274503554,2.846484322161147,3,HYD500,500,639.6661564973243,0.0,0.0,14,0.0,0.0
Mass-Nom-Ideal,CH,HYD500,2040-Hhigh,3185.777836914883,9068.266666666666,1.117497989670726,198.75497280028264,0.06238820877502166,2.846484322161147,3,HYD500,500,639.6661564973243,0.0,0.0,14,0.0,0.0
Mass-Nom-Ideal,CH,HYD500,2040-Hlow,3185.777836914883,9068.266666666666,1.117497989670726,282.0131425215376,0.08852253890831256,2.846484322161147,3,HYD500,500,639.6661564973243,0.0,0.0,14,0.0,0.0
Mass-Nom-Ideal,CH,HYD500,2045-Hhigh,3185.777836914883,9068.266666666666,1.117497989670726,184.65066212633397,0.05796093499889189,2.846484322161147,3,HYD500,500,639.6661564973243,0.0,0.0,14,0.0,0.0
Mass-Nom-Ideal,CH,HYD500,2045-Hlow,3185.777836914883,9068.266666666666,1.117497989670726,258.3846131478914,0.08110565970856017,2.846484322161147,3,HYD500,500,639.6661564973243,0.0,0.0,14,0.0,0.0
Mass-Nom-Ideal,CH,HYD1000,2024-Hhigh,3500.145909548877,9885.106866666667,1.2295331767998372,333.3329630890773,0.09523401929608115,2.824198511181703,4,HYD1000,1000,980.6926152532367,0.0,0.0,11.2,0.0,0.0
Mass-Nom-Ideal,CH,HYD1000,2024-Hlow,3500.145909548877,9885.106866666667,1.2295331767998372,503.4581568021494,0.14383919122589908,2.824198511181703,4,HYD1000,1000,980.6926152532367,0.0,0.0,11.2,0.0,0.0
Mass-Nom-Ideal,CH,HYD1000,2025-Hhigh,3500.145909548877,9885.106866666667,1.2500251319452858,269.10284232041926,0.07688332123134349,2.824198511181703,4,HYD1000,1000,980.6926152532367,0.0,0.0,11.2,0.0,0.0
Mass-Nom-Ideal,CH,HYD1000,2025-Hlow,3500.145909548877,9885.106866666667,1.2500251319452858,364.8962000062027,0.10425171105316379,2.824198511181703,4,HYD1000,1000,980.6926152532367,0.0,0.0,11.2,0.0,0.0
Mass-Nom-Ideal,CH,HYD1000,2030-Hhigh,3500.145909548877,9885.106866666667,1.216490034826773,249.59992893708687,0.07131129255387443,2.824198511181703,4,HYD1000,1000,980.6926152532367,0.0,0.0,11.2,0.0,0.0
Mass-Nom-Ideal,CH,HYD1000,2030-Hlow,3500.145909548877,9885.106866666667,1.216490034826773,325.6875437220391,0.09304970482331006,2.824198511181703,4,HYD1000,1000,980.6926152532367,0.0,0.0,11.2,0.0,0.0
Mass-Nom-Ideal,CH,HYD1000,2035-Hhigh,3500.145909548877,9885.106866666667,1.216490034826773,203.89505466658267,0.0582533014153293,2.824198511181703,4,HYD1000,1000,980.6926152532367,0.0,0.0,11.2,0.0,0.0
Mass-Nom-Ideal,CH,HYD1000,2035-Hlow,3500.145909548877,9885.106866666667,1.216490034826773,265.28775243667076,0.07579334098985115,2.824198511181703,4,HYD1000,1000,980.6926152532367,0.0,0.0,11.2,0.0,0.0
Mass-Nom-Ideal,CH,HYD1000,2040-Hhigh,3500.145909548877,9885.106866666667,1.216490034826773,219.17797154015796,0.06261966706651012,2.824198511181703,4,HYD1000,1000,980.6926152532367,0.0,0.0,11.2,0.0,0.0
Mass-Nom-Ideal,CH,HYD1000,2040-Hlow,3500.145909548877,9885.106866666667,1.216490034826773,309.72213811526933,0.08848835051998974,2.824198511181703,4,HYD1000,1000,980.6926152532367,0.0,0.0,11.2,0.0,0.0
Mass-Nom-Ideal,CH,HYD1000,2045-Hhigh,3500.145909548877,9885.106866666667,1.216490034826773,203.40624429144987,0.05811364713011814,2.824198511181703,4,HYD1000,1000,980.6926152532367,0.0,0.0,11.2,0.0,0.0
Mass-Nom-Ideal,CH,HYD1000,2045-Hlow,3500.145909548877,9885.106866666667,1.216490034826773,283.390841456568,0.08096543652178585,2.824198511181703,4,HYD1000,1000,980.6926152532367,0.0,0.0,11.2,0.0,0.0
Mass-Nom-Ideal,CH,HYD200,2024-Hhigh,3228.0673812292894,9280.366666666667,1.1063160029839465,304.7648346163146,0.09441092722799864,2.8748986841571393,4,HYD200,200,370.35019874798763,34.46732806080165,22.0,14,-220.88427196417825,86.0
Mass-Nom-Ideal,CH,HYD200,2024-Hlow,3228.0673812292894,9280.366666666667,1.1063160029839465,460.8550001443661,0.142764987752166,2.8748986841571393,4,HYD200,200,370.35019874798763,34.46732806080165,22.0,14,-220.88427196417825,86.0
Mass-Nom-Ideal,CH,HYD200,2025-Hhigh,3228.0673812292894,9280.366666666667,1.1295770085910606,244.58563475244674,0.0757684415680646,2.8748986841571393,4,HYD200,200,370.35019874798763,34.46732806080165,22.0,14,-220.88427196417825,86.0
Mass-Nom-Ideal,CH,HYD200,2025-Hlow,3228.0673812292894,9280.366666666667,1.1295770085910606,333.2251679373598,0.10322745116010044,2.8748986841571393,4,HYD200,200,370.35019874798763,34.46732806080165,22.0,14,-220.88427196417825,86.0
Mass-Nom-Ideal,CH,HYD200,2030-Hhigh,3228.0673812292894,9280.366666666667,1.082391949770582,225.59792494575473,0.06988637419948902,2.8748986841571393,4,HYD200,200,370.35019874798763,34.46732806080165,22.0,14,-220.88427196417825,86.0
Mass-Nom-Ideal,CH,HYD200,2030-Hlow,3228.0673812292894,9280.366666666667,1.082391949770582,295.786000449651,0.0916294381491541,2.8748986841571393,4,HYD200,200,370.35019874798763,34.46732806080165,22.0,14,-220.88427196417825,86.0
Mass-Nom-Ideal,CH,HYD200,2035-Hhigh,3228.0673812292894,9280.366666666667,1.082391949770582,183.85072666781352,0.05695380701681661,2.8748986841571393,4,HYD200,200,370.35019874798763,34.46732806080165,22.0,14,-220.88427196417825,86.0
Mass-Nom-Ideal,CH,HYD200,2035-Hlow,3228.0673812292894,9280.366666666667,1.082391949770582,240.02461243075922,0.07435551495190747,2.8748986841571393,4,HYD200,200,370.35019874798763,34.46732806080165,22.0,14,-220.88427196417825,86.0
Mass-Nom-Ideal,CH,HYD200,2040-Hhigh,3228.0673812292894,9280.366666666667,1.082391949770582,197.4042082772398,0.06115244354102229,2.8748986841571393,4,HYD200,200,370.35019874798763,34.46732806080165,22.0,14,-220.88427196417825,86.0
Mass-Nom-Ideal,CH,HYD200,2040-Hlow,3228.0673812292894,9280.366666666667,1.082391949770582,279.5564848992078,0.0866018121321709,2.8748986841571393,4,HYD200,200,370.35019874798763,34.46732806080165,22.0,14,-220.88427196417825,86.0
Mass-Nom-Ideal,CH,HYD200,2045-Hhigh,3228.0673812292894,9280.366666666667,1.082391949770582,182.6027327262518,0.05656719986331708,2.8748986841571393,4,HYD200,200,370.35019874798763,34.46732806080165,22.0,14,-220.88427196417825,86.0
Mass-Nom-Ideal,CH,HYD200,2045-Hlow,3228.0673812292894,9280.366666666667,1.082391949770582,255.1580772554626,0.07904360322190522,2.8748986841571393,4,HYD200,200,370.35019874798763,34.46732806080165,22.0,14,-220.88427196417825,86.0
Mass-Nom-Ideal,CH,HYD500,2024-Hhigh,3324.832389781782,9545.666666666666,1.1517457488072071,313.65707179670466,0.09433770940173344,2.871021918579533,4,HYD500,500,637.8538728585099,0.0,0.0,14,0.0,0.0
Mass-Nom-Ideal,CH,HYD500,2024-Hlow,3324.832389781782,9545.666666666666,1.1517457488072071,472.5425424087506,0.14212522227015628,2.871021918579533,4,HYD500,500,637.8538728585099,0.0,0.0,14,0.0,0.0
Mass-Nom-Ideal,CH,HYD500,2025-Hhigh,3324.832389781782,9545.666666666666,1.1750067544143215,252.2294633754916,0.07586230937555506,2.871021918579533,4,HYD500,500,637.8538728585099,0.0,0.0,14,0.0,0.0
Mass-Nom-Ideal,CH,HYD500,2025-Hlow,3324.832389781782,9545.666666666666,1.1750067544143215,342.2263472983106,0.10293040586048065,2.871021918579533,4,HYD500,500,637.8538728585099,0.0,0.0,14,0.0,0.0
Mass-Nom-Ideal,CH,HYD500,2030-Hhigh,3324.832389781782,9545.666666666666,1.1309322537168147,233.18463517812535,0.07013425275053638,2.871021918579533,4,HYD500,500,637.8538728585099,0.0,0.0,14,0.0,0.0
Mass-Nom-Ideal,CH,HYD500,2030-Hlow,3324.832389781782,9545.666666666666,1.1309322537168147,304.6125770444033,0.09161742347691575,2.871021918579533,4,HYD500,500,637.8538728585099,0.0,0.0,14,0.0,0.0
Mass-Nom-Ideal,CH,HYD500,2035-Hhigh,3324.832389781782,9545.666666666666,1.1309322537168147,190.40064497790428,0.05726623861192618,2.871021918579533,4,HYD500,500,637.8538728585099,0.0,0.0,14,0.0,0.0
Mass-Nom-Ideal,CH,HYD500,2035-Hlow,3324.832389781782,9545.666666666666,1.1309322537168147,248.07172899055632,0.0746117999069535,2.871021918579533,4,HYD500,500,637.8538728585099,0.0,0.0,14,0.0,0.0
Mass-Nom-Ideal,CH,HYD500,2040-Hhigh,3324.832389781782,9545.666666666666,1.1309322537168147,204.3728329166899,0.06146861223584972,2.871021918579533,4,HYD500,500,637.8538728585099,0.0,0.0,14,0.0,0.0
Mass-Nom-Ideal,CH,HYD500,2040-Hlow,3324.832389781782,9545.666666666666,1.1309322537168147,288.5469017387381,0.0867853978520933,2.871021918579533,4,HYD500,500,637.8538728585099,0.0,0.0,14,0.0,0.0
Mass-Nom-Ideal,CH,HYD500,2045-Hhigh,3324.832389781782,9545.666666666666,1.1309322537168147,189.30048397296375,0.056935346441745915,2.871021918579533,4,HYD500,500,637.8538728585099,0.0,0.0,14,0.0,0.0
Mass-Nom-Ideal,CH,HYD500,2045-Hlow,3324.832389781782,9545.666666666666,1.1309322537168147,263.66674710818165,0.07930226736196072,2.871021918579533,4,HYD500,500,637.8538728585099,0.0,0.0,14,0.0,0.0
Mass-Nom-Ideal,CH,HYD1000,2024-Hhigh,3641.6311267618926,10360.4334,1.3132879378422908,345.9210978197127,0.09499070218221219,2.8449980350460176,5,HYD1000,1000,977.6190741254082,0.0,0.0,11.2,0.0,0.0
Mass-Nom-Ideal,CH,HYD1000,2024-Hlow,3641.6311267618926,10360.4334,1.3132879378422908,518.7434713431704,0.14244811000515384,2.8449980350460176,5,HYD1000,1000,977.6190741254082,0.0,0.0,11.2,0.0,0.0
Mass-Nom-Ideal,CH,HYD1000,2025-Hhigh,3641.6311267618926,10360.4334,1.342046261756211,278.7227875810048,0.07653789685965331,2.8449980350460176,5,HYD1000,1000,977.6190741254082,0.0,0.0,11.2,0.0,0.0
Mass-Nom-Ideal,CH,HYD1000,2025-Hlow,3641.6311267618926,10360.4334,1.342046261756211,374.75868710366007,0.10290956828373013,2.8449980350460176,5,HYD1000,1000,977.6190741254082,0.0,0.0,11.2,0.0,0.0
Mass-Nom-Ideal,CH,HYD1000,2030-Hhigh,3641.6311267618926,10360.4334,1.3023852526427022,258.0486610946078,0.07086073578354501,2.8449980350460176,5,HYD1000,1000,977.6190741254082,0.0,0.0,11.2,0.0,0.0
Mass-Nom-Ideal,CH,HYD1000,2030-Hlow,3641.6311267618926,10360.4334,1.3023852526427022,334.94145900909706,0.09197566896538589,2.8449980350460176,5,HYD1000,1000,977.6190741254082,0.0,0.0,11.2,0.0,0.0
Mass-Nom-Ideal,CH,HYD1000,2035-Hhigh,3641.6311267618926,10360.4334,1.3023852526427022,211.06766135402043,0.05795964885155735,2.8449980350460176,5,HYD1000,1000,977.6190741254082,0.0,0.0,11.2,0.0,0.0
Mass-Nom-Ideal,CH,HYD1000,2035-Hlow,3641.6311267618926,10360.4334,1.3023852526427022,273.7394387950195,0.07516945820880719,2.8449980350460176,5,HYD1000,1000,977.6190741254082,0.0,0.0,11.2,0.0,0.0
Mass-Nom-Ideal,CH,HYD1000,2040-Hhigh,3641.6311267618926,10360.4334,1.3023852526427022,226.65263662949613,0.06223931769581334,2.8449980350460176,5,HYD1000,1000,977.6190741254082,0.0,0.0,11.2,0.0,0.0
Mass-Nom-Ideal,CH,HYD1000,2040-Hlow,3641.6311267618926,10360.4334,1.3023852526427022,319.332680263352,0.08768946363529684,2.8449980350460176,5,HYD1000,1000,977.6190741254082,0.0,0.0,11.2,0.0,0.0
Mass-Nom-Ideal,CH,HYD1000,2045-Hhigh,3641.6311267618926,10360.4334,1.3023852526427022,210.25244552624957,0.05773578877364338,2.8449980350460176,5,HYD1000,1000,977.6190741254082,0.0,0.0,11.2,0.0,0.0
Mass-Nom-Ideal,CH,HYD1000,2045-Hlow,3641.6311267618926,10360.4334,1.3023852526427022,291.72438686088964,0.08010816491462948,2.8449980350460176,5,HYD1000,1000,977.6190741254082,0.0,0.0,11.2,0.0,0.0
Mass-Nom-Ideal,CH,HYD200,2024-Hhigh,3373.517889895162,9759.166666666666,1.2152003010364336,317.0009204767371,0.09396746388281002,2.892875326346631,5,HYD200,200,369.62933828121675,64.20254969202843,18.0,14,-341.84475581688713,125.0
Mass-Nom-Ideal,CH,HYD200,2024-Hlow,3373.517889895162,9759.166666666666,1.2152003010364336,476.4866760713534,0.1412432634486966,2.892875326346631,5,HYD200,200,369.62933828121675,64.20254969202843,18.0,14,-341.84475581688713,125.0
Mass-Nom-Ideal,CH,HYD200,2025-Hhigh,3373.517889895162,9759.166666666666,1.2444475255124856,253.7835293796658,0.07522815578949028,2.892875326346631,5,HYD200,200,369.62933828121675,64.20254969202843,18.0,14,-341.84475581688713,125.0
Mass-Nom-Ideal,CH,HYD200,2025-Hlow,3373.517889895162,9759.166666666666,1.2444475255124856,343.3109704367087,0.10176645912121654,2.892875326346631,5,HYD200,200,369.62933828121675,64.20254969202843,18.0,14,-341.84475581688713,125.0
Mass-Nom-Ideal,CH,HYD200,2030-Hhigh,3373.517889895162,9759.166666666666,1.1912762478230692,233.5379674244047,0.06922683532342623,2.892875326346631,5,HYD200,200,369.62933828121675,64.20254969202843,18.0,14,-341.84475581688713,125.0
Mass-Nom-Ideal,CH,HYD200,2030-Hlow,3373.517889895162,9759.166666666666,1.1912762478230692,304.82331162968666,0.09035769827773452,2.892875326346631,5,HYD200,200,369.62933828121675,64.20254969202843,18.0,14,-341.84475581688713,125.0
Mass-Nom-Ideal,CH,HYD200,2035-Hhigh,3373.517889895162,9759.166666666666,1.1912762478230692,190.34432126319516,0.0564230952600967,2.892875326346631,5,HYD200,200,369.62933828121675,64.20254969202843,18.0,14,-341.84475581688713,125.0
Mass-Nom-Ideal,CH,HYD200,2035-Hlow,3373.517889895162,9759.166666666666,1.1912762478230692,248.08798975227066,0.0735398470822932,2.892875326346631,5,HYD200,200,369.62933828121675,64.20254969202843,18.0,14,-341.84475581688713,125.0
Mass-Nom-Ideal,CH,HYD200,2040-Hhigh,3373.517889895162,9759.166666666666,1.1912762478230692,204.30680394562157,0.06056194471580845,2.892875326346631,5,HYD200,200,369.62933828121675,64.20254969202843,18.0,14,-341.84475581688713,125.0
Mass-Nom-Ideal,CH,HYD200,2040-Hlow,3373.517889895162,9759.166666666666,1.1912762478230692,288.70929496485655,0.08558107719826816,2.892875326346631,5,HYD200,200,369.62933828121675,64.20254969202843,18.0,14,-341.84475581688713,125.0
Mass-Nom-Ideal,CH,HYD200,2045-Hhigh,3373.517889895162,9759.166666666666,1.1912762478230692,188.80793200703874,0.05596766881615863,2.892875326346631,5,HYD200,200,369.62933828121675,64.20254969202843,18.0,14,-341.84475581688713,125.0
Mass-Nom-Ideal,CH,HYD200,2045-Hlow,3373.517889895162,9759.166666666666,1.1912762478230692,262.9937381891294,0.07795830547597966,2.892875326346631,5,HYD200,200,369.62933828121675,64.20254969202843,18.0,14,-341.84475581688713,125.0
Mass-Nom-Ideal,CH,HYD500,2024-Hhigh,3470.2893865115257,10022.833333333332,1.2480592955318044,325.9471449528493,0.0939250617599083,2.8881837267780965,5,HYD500,500,636.2272902146506,0.0,0.0,14,0.0,0.0
Mass-Nom-Ideal,CH,HYD500,2024-Hlow,3470.2893865115257,10022.833333333332,1.2480592955318044,488.1924978280567,0.1406777485836152,2.8881837267780965,5,HYD500,500,636.2272902146506,0.0,0.0,14,0.0,0.0
Mass-Nom-Ideal,CH,HYD500,2025-Hhigh,3470.2893865115257,10022.833333333332,1.2773065200078562,261.52990326571233,0.0753625632151135,2.8881837267780965,5,HYD500,500,636.2272902146506,0.0,0.0,14,0.0,0.0
Mass-Nom-Ideal,CH,HYD500,2025-Hlow,3470.2893865115257,10022.833333333332,1.2773065200078562,352.3401653229078,0.1015304852363031,2.8881837267780965,5,HYD500,500,636.2272902146506,0.0,0.0,14,0.0,0.0
Mass-Nom-Ideal,CH,HYD500,2030-Hhigh,3470.2893865115257,10022.833333333332,1.227245800441412,241.31096342731968,0.06953626529397168,2.8881837267780965,5,HYD500,500,636.2272902146506,0.0,0.0,14,0.0,0.0
Mass-Nom-Ideal,CH,HYD500,2030-Hlow,3470.2893865115257,10022.833333333332,1.227245800441412,313.84564233382554,0.09043788784696016,2.8881837267780965,5,HYD500,500,636.2272902146506,0.0,0.0,14,0.0,0.0
Mass-Nom-Ideal,CH,HYD500,2035-Hhigh,3470.2893865115257,10022.833333333332,1.227245800441412,197.0940552326295,0.05679470305810904,2.8881837267780965,5,HYD500,500,636.2272902146506,0.0,0.0,14,0.0,0.0
Mass-Nom-Ideal,CH,HYD500,2035-Hlow,3470.2893865115257,10022.833333333332,1.227245800441412,256.1699047777743,0.07381802387243751,2.8881837267780965,5,HYD500,500,636.2272902146506,0.0,0.0,14,0.0,0.0
Mass-Nom-Ideal,CH,HYD500,2040-Hhigh,3470.2893865115257,10022.833333333332,1.227245800441412,211.4741714621616,0.0609384831951274,2.8881837267780965,5,HYD500,500,636.2272902146506,0.0,0.0,14,0.0,0.0
Mass-Nom-Ideal,CH,HYD500,2040-Hlow,3470.2893865115257,10022.833333333332,1.227245800441412,297.6663838012456,0.08577566613269444,2.8881837267780965,5,HYD500,500,636.2272902146506,0.0,0.0,14,0.0,0.0
Mass-Nom-Ideal,CH,HYD500,2045-Hhigh,3470.2893865115257,10022.833333333332,1.227245800441412,195.72811695946606,0.05640109373017443,2.8881837267780965,5,HYD500,500,636.2272902146506,0.0,0.0,14,0.0,0.0
Mass-Nom-Ideal,CH,HYD500,2045-Hlow,3470.2893865115257,10022.833333333332,1.227245800441412,271.5450068177163,0.07824851952496222,2.8881837267780965,5,HYD500,500,636.2272902146506,0.0,0.0,14,0.0,0.0
Mass-Nom-Real,AK,HYD1000,2024-Hhigh,1460.3564473961076,4689.9,0.6775503848411518,129.242103222871,0.08850038184397822,3.2114762175784812,3,HYD1000,1000,867.7767729454678,0.0,0.0,6,0.0,0.0
Mass-Nom-Real,AK,HYD1000,2024-Hlow,1460.3564473961076,4689.9,0.6775503848411518,197.3897032874354,0.13516542734439366,3.2114762175784812,3,HYD1000,1000,867.7767729454678,0.0,0.0,6,0.0,0.0
Mass-Nom-Real,AK,HYD1000,2025-Hhigh,1460.3564473961076,4689.9,0.711097451127098,102.41064678833776,0.07012715763397445,3.2114762175784812,3,HYD1000,1000,867.7767729454678,0.0,0.0,6,0.0,0.0
Mass-Nom-Real,AK,HYD1000,2025-Hlow,1460.3564473961076,4689.9,0.711097451127098,137.6133502435571,0.09423271317692948,3.2114762175784812,3,HYD1000,1000,867.7767729454678,0.0,0.0,6,0.0,0.0
Mass-Nom-Real,AK,HYD1000,2030-Hhigh,1460.3564473961076,4689.9,0.6605617639328795,97.14250609164361,0.06651972281483319,3.2114762175784812,3,HYD1000,1000,867.7767729454678,0.0,0.0,6,0.0,0.0
Mass-Nom-Real,AK,HYD1000,2030-Hlow,1460.3564473961076,4689.9,0.6605617639328795,127.50552273472877,0.08731123347459302,3.2114762175784812,3,HYD1000,1000,867.7767729454678,0.0,0.0,6,0.0,0.0
Mass-Nom-Real,AK,HYD1000,2035-Hhigh,1460.3564473961076,4689.9,0.6605617639328795,83.93257667159583,0.05747403438472301,3.2114762175784812,3,HYD1000,1000,867.7767729454678,0.0,0.0,6,0.0,0.0
Mass-Nom-Real,AK,HYD1000,2035-Hlow,1460.3564473961076,4689.9,0.6605617639328795,112.21436823905172,0.07684039635606488,3.2114762175784812,3,HYD1000,1000,867.7767729454678,0.0,0.0,6,0.0,0.0
Mass-Nom-Real,AK,HYD1000,2040-Hhigh,1460.3564473961076,4689.9,0.6605617639328795,88.57332013312036,0.060651849958310695,3.2114762175784812,3,HYD1000,1000,867.7767729454678,0.0,0.0,6,0.0,0.0
Mass-Nom-Real,AK,HYD1000,2040-Hlow,1460.3564473961076,4689.9,0.6605617639328795,131.52761382814018,0.09006541797563249,3.2114762175784812,3,HYD1000,1000,867.7767729454678,0.0,0.0,6,0.0,0.0
Mass-Nom-Real,AK,HYD1000,2045-Hhigh,1460.3564473961076,4689.9,0.6605617639328795,83.26119775425317,0.05701429805217231,3.2114762175784812,3,HYD1000,1000,867.7767729454678,0.0,0.0,6,0.0,0.0
Mass-Nom-Real,AK,HYD1000,2045-Hlow,1460.3564473961076,4689.9,0.6605617639328795,121.8556417239016,0.08344239650612467,3.2114762175784812,3,HYD1000,1000,867.7767729454678,0.0,0.0,6,0.0,0.0
Mass-Nom-Real,AK,HYD200,2024-Hhigh,1137.1566827394781,4152.0,0.4886727349512936,101.27091082964998,0.08905625088152525,3.6512118892865186,3,HYD200,200,324.3365717464816,240.8136601972812,70.0,11.2,-547.2774772996811,105.0
Mass-Nom-Real,AK,HYD200,2024-Hlow,1137.1566827394781,4152.0,0.4886727349512936,159.3623506681927,0.14014106682667452,3.6512118892865186,3,HYD200,200,324.3365717464816,240.8136601972812,70.0,11.2,-547.2774772996811,105.0
Mass-Nom-Real,AK,HYD200,2025-Hhigh,1137.1566827394781,4152.0,0.5194455485989563,80.32501908173285,0.07063672077995892,3.6512118892865186,3,HYD200,200,324.3365717464816,240.8136601972812,70.0,11.2,-547.2774772996811,105.0
Mass-Nom-Real,AK,HYD200,2025-Hlow,1137.1566827394781,4152.0,0.5194455485989563,110.06153665310592,0.09678660673915324,3.6512118892865186,3,HYD200,200,324.3365717464816,240.8136601972812,70.0,11.2,-547.2774772996811,105.0
Mass-Nom-Real,AK,HYD200,2030-Hhigh,1137.1566827394781,4152.0,0.48048748818574916,76.02553021944627,0.06685580920678076,3.6512118892865186,3,HYD200,200,324.3365717464816,240.8136601972812,70.0,11.2,-547.2774772996811,105.0
Mass-Nom-Real,AK,HYD200,2030-Hlow,1137.1566827394781,4152.0,0.48048748818574916,101.56997429247005,0.08931924319152039,3.6512118892865186,3,HYD200,200,324.3365717464816,240.8136601972812,70.0,11.2,-547.2774772996811,105.0
Mass-Nom-Real,AK,HYD200,2035-Hhigh,1137.1566827394781,4152.0,0.48048748818574916,65.73228486588023,0.05780407033050823,3.6512118892865186,3,HYD200,200,324.3365717464816,240.8136601972812,70.0,11.2,-547.2774772996811,105.0
Mass-Nom-Real,AK,HYD200,2035-Hlow,1137.1566827394781,4152.0,0.48048748818574916,88.66070470617439,0.07796700846235671,3.6512118892865186,3,HYD200,200,324.3365717464816,240.8136601972812,70.0,11.2,-547.2774772996811,105.0
Mass-Nom-Real,AK,HYD200,2040-Hhigh,1137.1566827394781,4152.0,0.48048748818574916,69.16819696726093,0.06082556433703632,3.6512118892865186,3,HYD200,200,324.3365717464816,240.8136601972812,70.0,11.2,-547.2774772996811,105.0
Mass-Nom-Real,AK,HYD200,2040-Hlow,1137.1566827394781,4152.0,0.48048748818574916,104.32442424672367,0.0917414687265434,3.6512118892865186,3,HYD200,200,324.3365717464816,240.8136601972812,70.0,11.2,-547.2774772996811,105.0
Mass-Nom-Real,AK,HYD200,2045-Hhigh,1137.1566827394781,4152.0,0.48048748818574916,64.88166059718826,0.0570560430079736,3.6512118892865186,3,HYD200,200,324.3365717464816,240.8136601972812,70.0,11.2,-547.2774772996811,105.0
Mass-Nom-Real,AK,HYD200,2045-Hlow,1137.1566827394781,4152.0,0.48048748818574916,96.49728445610025,0.08485838927985943,3.6512118892865186,3,HYD200,200,324.3365717464816,240.8136601972812,70.0,11.2,-547.2774772996811,105.0
Mass-Nom-Real,AK,HYD500,2024-Hhigh,1439.8772305440561,4387.133333333333,0.6457892815296796,127.53583694181668,0.0885741049558978,3.046880136909769,3,HYD500,500,561.5294237076946,0.0,0.0,8.5,0.0,0.0
Mass-Nom-Real,AK,HYD500,2024-Hlow,1439.8772305440561,4387.133333333333,0.6457892815296796,196.921184016609,0.13676248213342643,3.046880136909769,3,HYD500,500,561.5294237076946,0.0,0.0,8.5,0.0,0.0
Mass-Nom-Real,AK,HYD500,2025-Hhigh,1439.8772305440561,4387.133333333333,0.6847323782909361,101.20838619482087,0.07028959417365006,3.046880136909769,3,HYD500,500,561.5294237076946,0.0,0.0,8.5,0.0,0.0
Mass-Nom-Real,AK,HYD500,2025-Hlow,1439.8772305440561,4387.133333333333,0.6847323782909361,136.8090637476272,0.0950143948702724,3.046880136909769,3,HYD500,500,561.5294237076946,0.0,0.0,8.5,0.0,0.0
Mass-Nom-Real,AK,HYD500,2030-Hhigh,1439.8772305440561,4387.133333333333,0.637352426934755,96.03139637506067,0.06669415581964255,3.046880136909769,3,HYD500,500,561.5294237076946,0.0,0.0,8.5,0.0,0.0
Mass-Nom-Real,AK,HYD500,2030-Hlow,1439.8772305440561,4387.133333333333,0.637352426934755,126.7005106659329,0.08799396780381008,3.046880136909769,3,HYD500,500,561.5294237076946,0.0,0.0,8.5,0.0,0.0
Mass-Nom-Real,AK,HYD500,2035-Hhigh,1439.8772305440561,4387.133333333333,0.637352426934755,83.05410873732322,0.05768138211751658,3.046880136909769,3,HYD500,500,561.5294237076946,0.0,0.0,8.5,0.0,0.0
Mass-Nom-Real,AK,HYD500,2035-Hlow,1439.8772305440561,4387.133333333333,0.637352426934755,111.2295360387108,0.07724931937195982,3.046880136909769,3,HYD500,500,561.5294237076946,0.0,0.0,8.5,0.0,0.0
Mass-Nom-Real,AK,HYD500,2040-Hhigh,1439.8772305440561,4387.133333333333,0.637352426934755,87.59368324443032,0.06083413320685205,3.046880136909769,3,HYD500,500,561.5294237076946,0.0,0.0,8.5,0.0,0.0
Mass-Nom-Real,AK,HYD500,2040-Hlow,1439.8772305440561,4387.133333333333,0.637352426934755,130.48371807046087,0.09062141917554854,3.046880136909769,3,HYD500,500,561.5294237076946,0.0,0.0,8.5,0.0,0.0
Mass-Nom-Real,AK,HYD500,2045-Hhigh,1439.8772305440561,4387.133333333333,0.637352426934755,82.36439399639404,0.0572023727087293,3.046880136909769,3,HYD500,500,561.5294237076946,0.0,0.0,8.5,0.0,0.0
Mass-Nom-Real,AK,HYD500,2045-Hlow,1439.8772305440561,4387.133333333333,0.637352426934755,120.93630521801238,0.0839907060495128,3.046880136909769,3,HYD500,500,561.5294237076946,0.0,0.0,8.5,0.0,0.0
Mass-Nom-Real,AK,HYD1000,2024-Hhigh,1594.0816590973072,5161.400000000001,0.7335692016388685,140.51561584969647,0.08814831727583348,3.237851693822753,4,HYD1000,1000,859.9534723508367,0.0,0.0,6,0.0,0.0
Mass-Nom-Real,AK,HYD1000,2024-Hlow,1594.0816590973072,5161.400000000001,0.7335692016388685,209.95387202970815,0.1317083543565769,3.237851693822753,4,HYD1000,1000,859.9534723508367,0.0,0.0,6,0.0,0.0
Mass-Nom-Real,AK,HYD1000,2025-Hhigh,1594.0816590973072,5161.400000000001,0.7246648825579414,110.93684154803893,0.06959294771063358,3.237851693822753,4,HYD1000,1000,859.9534723508367,0.0,0.0,6,0.0,0.0
Mass-Nom-Real,AK,HYD1000,2025-Hlow,1594.0816590973072,5161.400000000001,0.7246648825579414,147.36280509830485,0.09244369901461202,3.237851693822753,4,HYD1000,1000,859.9534723508367,0.0,0.0,6,0.0,0.0
Mass-Nom-Real,AK,HYD1000,2030-Hhigh,1594.0816590973072,5161.400000000001,0.6973201619300793,104.58134896309687,0.06560601733685271,3.237851693822753,4,HYD1000,1000,859.9534723508367,0.0,0.0,6,0.0,0.0
Mass-Nom-Real,AK,HYD1000,2030-Hlow,1594.0816590973072,5161.400000000001,0.6973201619300793,135.66680253552684,0.08510655759777822,3.237851693822753,4,HYD1000,1000,859.9534723508367,0.0,0.0,6,0.0,0.0
Mass-Nom-Real,AK,HYD1000,2035-Hhigh,1594.0816590973072,5161.400000000001,0.6973201619300793,89.06767585763679,0.055873973174042926,3.237851693822753,4,HYD1000,1000,859.9534723508367,0.0,0.0,6,0.0,0.0
Mass-Nom-Real,AK,HYD1000,2035-Hlow,1594.0816590973072,5161.400000000001,0.6973201619300793,118.61043146033609,0.07440674747333993,3.237851693822753,4,HYD1000,1000,859.9534723508367,0.0,0.0,6,0.0,0.0
Mass-Nom-Real,AK,HYD1000,2040-Hhigh,1594.0816590973072,5161.400000000001,0.6973201619300793,94.32601268008716,0.059172635317504295,3.237851693822753,4,HYD1000,1000,859.9534723508367,0.0,0.0,6,0.0,0.0
Mass-Nom-Real,AK,HYD1000,2040-Hlow,1594.0816590973072,5161.400000000001,0.6973201619300793,138.20116832372867,0.08669641704678348,3.237851693822753,4,HYD1000,1000,859.9534723508367,0.0,0.0,6,0.0,0.0
Mass-Nom-Real,AK,HYD1000,2045-Hhigh,1594.0816590973072,5161.400000000001,0.6973201619300793,88.21675068889368,0.05534017042693337,3.237851693822753,4,HYD1000,1000,859.9534723508367,0.0,0.0,6,0.0,0.0
Mass-Nom-Real,AK,HYD1000,2045-Hlow,1594.0816590973072,5161.400000000001,0.6973201619300793,127.53489246356705,0.08000524423308854,3.237851693822753,4,HYD1000,1000,859.9534723508367,0.0,0.0,6,0.0,0.0
Mass-Nom-Real,AK,HYD200,2024-Hhigh,1251.6256660754598,4629.5,0.5021122412521797,110.7784457204827,0.08850764946985669,3.6987896025782603,4,HYD200,200,322.97000324677055,687.3473361680017,115.0,11.2,-373.3272563297804,100.0
Mass-Nom-Real,AK,HYD200,2024-Hlow,1251.6256660754598,4629.5,0.5021122412521797,169.9237688333012,0.13576245153721272,3.6987896025782603,4,HYD200,200,322.97000324677055,687.3473361680017,115.0,11.2,-373.3272563297804,100.0
Mass-Nom-Real,AK,HYD200,2025-Hhigh,1251.6256660754598,4629.5,0.5122504640480735,87.3254019390291,0.06976958391468804,3.6987896025782603,4,HYD200,200,322.97000324677055,687.3473361680017,115.0,11.2,-373.3272563297804,100.0
Mass-Nom-Real,AK,HYD200,2025-Hlow,1251.6256660754598,4629.5,0.5122504640480735,118.4380712804465,0.09462739099288008,3.6987896025782603,4,HYD200,200,322.97000324677055,687.3473361680017,115.0,11.2,-373.3272563297804,100.0
Mass-Nom-Real,AK,HYD200,2030-Hhigh,1251.6256660754598,4629.5,0.4857028806564976,81.93615922849753,0.06546378957329375,3.6987896025782603,4,HYD200,200,322.97000324677055,687.3473361680017,115.0,11.2,-373.3272563297804,100.0
Mass-Nom-Real,AK,HYD200,2030-Hlow,1251.6256660754598,4629.5,0.4857028806564976,108.12923265792098,0.08639103175070391,3.6987896025782603,4,HYD200,200,322.97000324677055,687.3473361680017,115.0,11.2,-373.3272563297804,100.0
Mass-Nom-Real,AK,HYD200,2035-Hhigh,1251.6256660754598,4629.5,0.4857028806564976,69.5748265426328,0.05558756777558617,3.6987896025782603,4,HYD200,200,322.97000324677055,687.3473361680017,115.0,11.2,-373.3272563297804,100.0
Mass-Nom-Real,AK,HYD200,2035-Hlow,1251.6256660754598,4629.5,0.4857028806564976,93.37052910133514,0.07459940430440637,3.6987896025782603,4,HYD200,200,322.97000324677055,687.3473361680017,115.0,11.2,-373.3272563297804,100.0
Mass-Nom-Real,AK,HYD200,2040-Hhigh,1251.6256660754598,4629.5,0.4857028806564976,73.42774564555026,0.058665899586245254,3.6987896025782603,4,HYD200,200,322.97000324677055,687.3473361680017,115.0,11.2,-373.3272563297804,100.0
Mass-Nom-Real,AK,HYD200,2040-Hlow,1251.6256660754598,4629.5,0.4857028806564976,109.20080573067364,0.08724717676418277,3.6987896025782603,4,HYD200,200,322.97000324677055,687.3473361680017,115.0,11.2,-373.3272563297804,100.0
Mass-Nom-Real,AK,HYD200,2045-Hhigh,1251.6256660754598,4629.5,0.4857028806564976,68.358074691282,0.05461543059085905,3.6987896025782603,4,HYD200,200,322.97000324677055,687.3473361680017,115.0,11.2,-373.3272563297804,100.0
Mass-Nom-Real,AK,HYD200,2045-Hlow,1251.6256660754598,4629.5,0.4857028806564976,100.34523526628973,0.08017192199399975,3.6987896025782603,4,HYD200,200,322.97000324677055,687.3473361680017,115.0,11.2,-373.3272563297804,100.0
Mass-Nom-Real,AK,HYD500,2024-Hhigh,1581.474580023444,4862.283333333333,0.6905790874796357,139.4161303749433,0.0881557833024901,3.07452512658234,4,HYD500,500,557.4205736275474,0.0,0.0,8.5,0.0,0.0
Mass-Nom-Real,AK,HYD500,2024-Hlow,1581.474580023444,4862.283333333333,0.6905790874796357,209.98845628940236,0.13278016538608509,3.07452512658234,4,HYD500,500,557.4205736275474,0.0,0.0,8.5,0.0,0.0
Mass-Nom-Real,AK,HYD500,2025-Hhigh,1581.474580023444,4862.283333333333,0.7047348593591384,110.0780880016756,0.06960471536636635,3.07452512658234,4,HYD500,500,557.4205736275474,0.0,0.0,8.5,0.0,0.0
Mass-Nom-Real,AK,HYD500,2025-Hlow,1581.474580023444,4862.283333333333,0.7047348593591384,147.043832584007,0.09297894157857864,3.07452512658234,4,HYD500,500,557.4205736275474,0.0,0.0,8.5,0.0,0.0
Mass-Nom-Real,AK,HYD500,2030-Hhigh,1581.474580023444,4862.283333333333,0.6770759137742516,103.62906512712713,0.06552686109288644,3.07452512658234,4,HYD500,500,557.4205736275474,0.0,0.0,8.5,0.0,0.0
Mass-Nom-Real,AK,HYD500,2030-Hlow,1581.474580023444,4862.283333333333,0.6770759137742516,134.98674842525048,0.08535499092451389,3.07452512658234,4,HYD500,500,557.4205736275474,0.0,0.0,8.5,0.0,0.0
Mass-Nom-Real,AK,HYD500,2035-Hhigh,1581.474580023444,4862.283333333333,0.6770759137742516,88.14936482516335,0.05573871748470127,3.07452512658234,4,HYD500,500,557.4205736275474,0.0,0.0,8.5,0.0,0.0
Mass-Nom-Real,AK,HYD500,2035-Hlow,1581.474580023444,4862.283333333333,0.6770759137742516,117.4749601803027,0.07428191490663177,3.07452512658234,4,HYD500,500,557.4205736275474,0.0,0.0,8.5,0.0,0.0
Mass-Nom-Real,AK,HYD500,2040-Hhigh,1581.474580023444,4862.283333333333,0.6770759137742516,93.23449485467842,0.058954153315127135,3.07452512658234,4,HYD500,500,557.4205736275474,0.0,0.0,8.5,0.0,0.0
Mass-Nom-Real,AK,HYD500,2040-Hlow,1581.474580023444,4862.283333333333,0.6770759137742516,136.93820487320178,0.08658893832563011,3.07452512658234,4,HYD500,500,557.4205736275474,0.0,0.0,8.5,0.0,0.0
Mass-Nom-Real,AK,HYD500,2045-Hhigh,1581.474580023444,4862.283333333333,0.6770759137742516,87.10800653081236,0.055080244495312125,3.07452512658234,4,HYD500,500,557.4205736275474,0.0,0.0,8.5,0.0,0.0
Mass-Nom-Real,AK,HYD500,2045-Hlow,1581.474580023444,4862.283333333333,0.6770759137742516,126.25711756843381,0.0798350597368199,3.07452512658234,4,HYD500,500,557.4205736275474,0.0,0.0,8.5,0.0,0.0
Mass-Nom-Real,AK,HYD1000,2024-Hhigh,1734.5633611237395,5636.0,0.7804047551091371,152.52775542968763,0.08793438097924096,3.2492327039288487,5,HYD1000,1000,856.0742082720665,0.0,0.0,6,0.0,0.0
Mass-Nom-Real,AK,HYD1000,2024-Hlow,1734.5633611237395,5636.0,0.7804047551091371,224.75001075085888,0.12957151971966838,3.2492327039288487,5,HYD1000,1000,856.0742082720665,0.0,0.0,6,0.0,0.0
Mass-Nom-Real,AK,HYD1000,2025-Hhigh,1734.5633611237395,5636.0,0.8129906600065283,120.05813365504784,0.0692151906040884,3.2492327039288487,5,HYD1000,1000,856.0742082720665,0.0,0.0,6,0.0,0.0
Mass-Nom-Real,AK,HYD1000,2025-Hlow,1734.5633611237395,5636.0,0.8129906600065283,157.14192930519926,0.09059451665311011,3.2492327039288487,5,HYD1000,1000,856.0742082720665,0.0,0.0,6,0.0,0.0
Mass-Nom-Real,AK,HYD1000,2030-Hhigh,1734.5633611237395,5636.0,0.7702145808792639,112.59837885091305,0.06491453778774967,3.2492327039288487,5,HYD1000,1000,856.0742082720665,0.0,0.0,6,0.0,0.0
Mass-Nom-Real,AK,HYD1000,2030-Hlow,1734.5633611237395,5636.0,0.7702145808792639,144.78531261158932,0.08347075457525514,3.2492327039288487,5,HYD1000,1000,856.0742082720665,0.0,0.0,6,0.0,0.0
Mass-Nom-Real,AK,HYD1000,2035-Hhigh,1734.5633611237395,5636.0,0.7702145808792639,95.80703902259047,0.05523409589403626,3.2492327039288487,5,HYD1000,1000,856.0742082720665,0.0,0.0,6,0.0,0.0
Mass-Nom-Real,AK,HYD1000,2035-Hlow,1734.5633611237395,5636.0,0.7702145808792639,126.78333724877433,0.07309236438998548,3.2492327039288487,5,HYD1000,1000,856.0742082720665,0.0,0.0,6,0.0,0.0
Mass-Nom-Real,AK,HYD1000,2040-Hhigh,1734.5633611237395,5636.0,0.7702145808792639,101.47652352970059,0.05850263288390853,3.2492327039288487,5,HYD1000,1000,856.0742082720665,0.0,0.0,6,0.0,0.0
Mass-Nom-Real,AK,HYD1000,2040-Hlow,1734.5633611237395,5636.0,0.7702145808792639,147.50539867801677,0.08503892217719575,3.2492327039288487,5,HYD1000,1000,856.0742082720665,0.0,0.0,6,0.0,0.0
Mass-Nom-Real,AK,HYD1000,2045-Hhigh,1734.5633611237395,5636.0,0.7702145808792639,94.68708134143488,0.05458842465119966,3.2492327039288487,5,HYD1000,1000,856.0742082720665,0.0,0.0,6,0.0,0.0
Mass-Nom-Real,AK,HYD1000,2045-Hlow,1734.5633611237395,5636.0,0.7702145808792639,135.7216679257783,0.07824543684460786,3.2492327039288487,5,HYD1000,1000,856.0742082720665,0.0,0.0,6,0.0,0.0
Mass-Nom-Real,AK,HYD200,2024-Hhigh,1371.9916211324792,5107.999999999999,0.6007826642884249,120.70207995453733,0.08797581420716444,3.72305480683892,5,HYD200,200,321.89182143137,692.4884631546855,129.0,11.2,-553.1329991606106,136.0
Mass-Nom-Real,AK,HYD200,2024-Hlow,1371.9916211324792,5107.999999999999,0.6007826642884249,182.7803978007906,0.13322267788335232,3.72305480683892,5,HYD200,200,321.89182143137,692.4884631546855,129.0,11.2,-553.1329991606106,136.0
Mass-Nom-Real,AK,HYD200,2025-Hhigh,1371.9916211324792,5107.999999999999,0.6156332558743,94.78951236956675,0.06908898779667831,3.72305480683892,5,HYD200,200,321.89182143137,692.4884631546855,129.0,11.2,-553.1329991606106,136.0
Mass-Nom-Real,AK,HYD200,2025-Hlow,1371.9916211324792,5107.999999999999,0.6156332558743,126.87330130994418,0.09247381642551104,3.72305480683892,5,HYD200,200,321.89182143137,692.4884631546855,129.0,11.2,-553.1329991606106,136.0
Mass-Nom-Real,AK,HYD200,2030-Hhigh,1371.9916211324792,5107.999999999999,0.5876707226377164,88.38751038375541,0.06442277709451168,3.72305480683892,5,HYD200,200,321.89182143137,692.4884631546855,129.0,11.2,-553.1329991606106,136.0
Mass-Nom-Real,AK,HYD200,2030-Hlow,1371.9916211324792,5107.999999999999,0.5876707226377164,115.68736838579174,0.08432075429899509,3.72305480683892,5,HYD200,200,321.89182143137,692.4884631546855,129.0,11.2,-553.1329991606106,136.0
Mass-Nom-Real,AK,HYD200,2035-Hhigh,1371.9916211324792,5107.999999999999,0.5876707226377164,74.87267719388618,0.05457225542826875,3.72305480683892,5,HYD200,200,321.89182143137,692.4884631546855,129.0,11.2,-553.1329991606106,136.0
Mass-Nom-Real,AK,HYD200,2035-Hlow,1371.9916211324792,5107.999999999999,0.5876707226377164,100.15706172829309,0.0730012196762694,3.72305480683892,5,HYD200,200,321.89182143137,692.4884631546855,129.0,11.2,-553.1329991606106,136.0
Mass-Nom-Real,AK,HYD200,2040-Hhigh,1371.9916211324792,5107.999999999999,0.5876707226377164,79.1781255421034,0.05771035647925286,3.72305480683892,5,HYD200,200,321.89182143137,692.4884631546855,129.0,11.2,-553.1329991606106,136.0
Mass-Nom-Real,AK,HYD200,2040-Hlow,1371.9916211324792,5107.999999999999,0.5876707226377164,116.79731019102306,0.08512975472446062,3.72305480683892,5,HYD200,200,321.89182143137,692.4884631546855,129.0,11.2,-553.1329991606106,136.0
Mass-Nom-Real,AK,HYD200,2045-Hhigh,1371.9916211324792,5107.999999999999,0.5876707226377164,73.52751749979369,0.053591812345837854,3.72305480683892,5,HYD200,200,321.89182143137,692.4884631546855,129.0,11.2,-553.1329991606106,136.0
Mass-Nom-Real,AK,HYD200,2045-Hlow,1371.9916211324792,5107.999999999999,0.5876707226377164,106.85286211514767,0.07788157046247003,3.72305480683892,5,HYD200,200,321.89182143137,692.4884631546855,129.0,11.2,-553.1329991606106,136.0
Mass-Nom-Real,AK,HYD500,2024-Hhigh,1729.3362806198993,5339.133333333333,0.780994557155381,151.61001779533774,0.08766948308109947,3.0873887243141995,5,HYD500,500,555.3700639715402,0.0,0.0,8.5,0.0,0.0
Mass-Nom-Real,AK,HYD500,2024-Hlow,1729.3362806198993,5339.133333333333,0.780994557155381,225.53885603903228,0.13041931668615975,3.0873887243141995,5,HYD500,500,555.3700639715402,0.0,0.0,8.5,0.0,0.0
Mass-Nom-Real,AK,HYD500,2025-Hhigh,1729.3362806198993,5339.133333333333,0.8000805804777071,119.26334808773103,0.06896481003971061,3.0873887243141995,5,HYD500,500,555.3700639715402,0.0,0.0,8.5,0.0,0.0
Mass-Nom-Real,AK,HYD500,2025-Hlow,1729.3362806198993,5339.133333333333,0.8000805804777071,157.242770833574,0.09092665931764794,3.0873887243141995,5,HYD500,500,555.3700639715402,0.0,0.0,8.5,0.0,0.0
Mass-Nom-Real,AK,HYD500,2030-Hhigh,1729.3362806198993,5339.133333333333,0.7674913834499969,111.57325117842807,0.06451796127149627,3.0873887243141995,5,HYD500,500,555.3700639715402,0.0,0.0,8.5,0.0,0.0
Mass-Nom-Real,AK,HYD500,2030-Hlow,1729.3362806198993,5339.133333333333,0.7674913834499969,144.22216209187022,0.08339740726434781,3.0873887243141995,5,HYD500,500,555.3700639715402,0.0,0.0,8.5,0.0,0.0
Mass-Nom-Real,AK,HYD500,2035-Hhigh,1729.3362806198993,5339.133333333333,0.7674913834499969,94.76722511360441,0.05479976692539757,3.0873887243141995,5,HYD500,500,555.3700639715402,0.0,0.0,8.5,0.0,0.0
Mass-Nom-Real,AK,HYD500,2035-Hlow,1729.3362806198993,5339.133333333333,0.7674913834499969,125.74578444894101,0.07271332120775612,3.0873887243141995,5,HYD500,500,555.3700639715402,0.0,0.0,8.5,0.0,0.0
Mass-Nom-Real,AK,HYD500,2040-Hhigh,1729.3362806198993,5339.133333333333,0.7674913834499969,100.32196841272359,0.0580118335207552,3.0873887243141995,5,HYD500,500,555.3700639715402,0.0,0.0,8.5,0.0,0.0
Mass-Nom-Real,AK,HYD500,2040-Hlow,1729.3362806198993,5339.133333333333,0.7674913834499969,146.04775942180828,0.08445307084487691,3.0873887243141995,5,HYD500,500,555.3700639715402,0.0,0.0,8.5,0.0,0.0
Mass-Nom-Real,AK,HYD500,2045-Hhigh,1729.3362806198993,5339.133333333333,0.7674913834499969,93.43929168420199,0.05403188074600948,3.0873887243141995,5,HYD500,500,555.3700639715402,0.0,0.0,8.5,0.0,0.0
Mass-Nom-Real,AK,HYD500,2045-Hlow,1729.3362806198993,5339.133333333333,0.7674913834499969,134.06990259807662,0.07752679689922298,3.0873887243141995,5,HYD500,500,555.3700639715402,0.0,0.0,8.5,0.0,0.0
Mass-Nom-Real,CH,HYD1000,2024-Hhigh,2829.1320690742946,8183.0598666666665,1.3743560757873066,277.889468409601,0.09822428279232923,2.8924276657555272,3,HYD1000,1000,980.5127215756835,0.0,0.0,11.2,0.0,0.0
Mass-Nom-Real,CH,HYD1000,2024-Hlow,2829.1320690742946,8183.0598666666665,1.3743560757873066,407.4705222500471,0.14402668815081984,2.8924276657555272,3,HYD1000,1000,980.5127215756835,0.0,0.0,11.2,0.0,0.0
Mass-Nom-Real,CH,HYD1000,2025-Hhigh,2829.1320690742946,8183.0598666666665,1.4318004751196842,220.5281997535295,0.07794906507340513,2.8924276657555272,3,HYD1000,1000,980.5127215756835,0.0,0.0,11.2,0.0,0.0
Mass-Nom-Real,CH,HYD1000,2025-Hlow,2829.1320690742946,8183.0598666666665,1.4318004751196842,279.88434502185453,0.09892940244158839,2.8924276657555272,3,HYD1000,1000,980.5127215756835,0.0,0.0,11.2,0.0,0.0
Mass-Nom-Real,CH,HYD1000,2030-Hhigh,2829.1320690742946,8183.0598666666665,1.3655938473611937,207.66573401635998,0.07340262983350551,2.8924276657555272,3,HYD1000,1000,980.5127215756835,0.0,0.0,11.2,0.0,0.0
Mass-Nom-Real,CH,HYD1000,2030-Hlow,2829.1320690742946,8183.0598666666665,1.3655938473611937,259.79923651723755,0.09183001364876016,2.8924276657555272,3,HYD1000,1000,980.5127215756835,0.0,0.0,11.2,0.0,0.0
Mass-Nom-Real,CH,HYD1000,2035-Hhigh,2829.1320690742946,8183.0598666666665,1.3655938473611937,175.4244843337749,0.06200646701911467,2.8924276657555272,3,HYD1000,1000,980.5127215756835,0.0,0.0,11.2,0.0,0.0
Mass-Nom-Real,CH,HYD1000,2035-Hlow,2829.1320690742946,8183.0598666666665,1.3655938473611937,223.25746349752615,0.07891376508646945,2.8924276657555272,3,HYD1000,1000,980.5127215756835,0.0,0.0,11.2,0.0,0.0
Mass-Nom-Real,CH,HYD1000,2040-Hhigh,2829.1320690742946,8183.0598666666665,1.3655938473611937,183.64353286681796,0.06491161542942991,2.8924276657555272,3,HYD1000,1000,980.5127215756835,0.0,0.0,11.2,0.0,0.0
Mass-Nom-Real,CH,HYD1000,2040-Hlow,2829.1320690742946,8183.0598666666665,1.3655938473611937,262.37187386828685,0.09273935166771348,2.8924276657555272,3,HYD1000,1000,980.5127215756835,0.0,0.0,11.2,0.0,0.0
Mass-Nom-Real,CH,HYD1000,2045-Hhigh,2829.1320690742946,8183.0598666666665,1.3655938473611937,171.80891251943447,0.060728487862940654,2.8924276657555272,3,HYD1000,1000,980.5127215756835,0.0,0.0,11.2,0.0,0.0
Mass-Nom-Real,CH,HYD1000,2045-Hlow,2829.1320690742946,8183.0598666666665,1.3655938473611937,240.53248969627123,0.08501988730945834,2.8924276657555272,3,HYD1000,1000,980.5127215756835,0.0,0.0,11.2,0.0,0.0
Mass-Nom-Real,CH,HYD200,2024-Hhigh,2601.3685734951478,7576.333333333333,1.214364003522609,252.73243091927907,0.09715364193075983,2.91244132435794,3,HYD200,200,368.10928314615364,24.960872345539567,10.0,14,-448.29801830579277,95.0
Mass-Nom-Real,CH,HYD200,2024-Hlow,2601.3685734951478,7576.333333333333,1.214364003522609,372.891423327973,0.14334432541674147,2.91244132435794,3,HYD200,200,368.10928314615364,24.960872345539567,10.0,14,-448.29801830579277,95.0
Mass-Nom-Real,CH,HYD200,2025-Hhigh,2601.3685734951478,7576.333333333333,1.276633127473336,199.88147687374675,0.0768370460496453,2.91244132435794,3,HYD200,200,368.10928314615364,24.960872345539567,10.0,14,-448.29801830579277,95.0
Mass-Nom-Real,CH,HYD200,2025-Hlow,2601.3685734951478,7576.333333333333,1.276633127473336,256.2476547225144,0.09850493979721801,2.91244132435794,3,HYD200,200,368.10928314615364,24.960872345539567,10.0,14,-448.29801830579277,95.0
Mass-Nom-Real,CH,HYD200,2030-Hhigh,2601.3685734951478,7576.333333333333,1.1996344229966738,186.94281931449234,0.07186325737122273,2.91244132435794,3,HYD200,200,368.10928314615364,24.960872345539567,10.0,14,-448.29801830579277,95.0
Mass-Nom-Real,CH,HYD200,2030-Hlow,2601.3685734951478,7576.333333333333,1.1996344229966738,235.9318171034126,0.09069526690960952,2.91244132435794,3,HYD200,200,368.10928314615364,24.960872345539567,10.0,14,-448.29801830579277,95.0
Mass-Nom-Real,CH,HYD200,2035-Hhigh,2601.3685734951478,7576.333333333333,1.1996344229966738,157.36352130688317,0.06049258952008198,2.91244132435794,3,HYD200,200,368.10928314615364,24.960872345539567,10.0,14,-448.29801830579277,95.0
Mass-Nom-Real,CH,HYD200,2035-Hlow,2601.3685734951478,7576.333333333333,1.1996344229966738,201.42196583090583,0.07742923009186631,2.91244132435794,3,HYD200,200,368.10928314615364,24.960872345539567,10.0,14,-448.29801830579277,95.0
Mass-Nom-Real,CH,HYD200,2040-Hhigh,2601.3685734951478,7576.333333333333,1.1996344229966738,164.84457181849214,0.06336840288533593,2.91244132435794,3,HYD200,200,368.10928314615364,24.960872345539567,10.0,14,-448.29801830579277,95.0
Mass-Nom-Real,CH,HYD200,2040-Hlow,2601.3685734951478,7576.333333333333,1.1996344229966738,236.12154766756456,0.09076820181244685,2.91244132435794,3,HYD200,200,368.10928314615364,24.960872345539567,10.0,14,-448.29801830579277,95.0
Mass-Nom-Real,CH,HYD200,2045-Hhigh,2601.3685734951478,7576.333333333333,1.1996344229966738,153.72870111673262,0.059095317243025566,2.91244132435794,3,HYD200,200,368.10928314615364,24.960872345539567,10.0,14,-448.29801830579277,95.0
Mass-Nom-Real,CH,HYD200,2045-Hlow,2601.3685734951478,7576.333333333333,1.1996344229966738,216.14611608176884,0.08308938544273992,2.91244132435794,3,HYD200,200,368.10928314615364,24.960872345539567,10.0,14,-448.29801830579277,95.0
Mass-Nom-Real,CH,HYD500,2024-Hhigh,2696.8341504309096,7841.866666666666,1.2755915536265547,261.8292630272084,0.09708763995938438,2.9078045698188983,3,HYD500,500,636.0195277705851,0.0,0.0,14,0.0,0.0
Mass-Nom-Real,CH,HYD500,2024-Hlow,2696.8341504309096,7841.866666666666,1.2755915536265547,384.33337714135916,0.1425127967472338,2.9078045698188983,3,HYD500,500,636.0195277705851,0.0,0.0,14,0.0,0.0
Mass-Nom-Real,CH,HYD500,2025-Hhigh,2696.8341504309096,7841.866666666666,1.3348675681428137,207.42642637384495,0.07691478778578269,2.9078045698188983,3,HYD500,500,636.0195277705851,0.0,0.0,14,0.0,0.0
Mass-Nom-Real,CH,HYD500,2025-Hlow,2696.8341504309096,7841.866666666666,1.3348675681428137,264.5936881977035,0.09811270305792656,2.9078045698188983,3,HYD500,500,636.0195277705851,0.0,0.0,14,0.0,0.0
Mass-Nom-Real,CH,HYD500,2030-Hhigh,2696.8341504309096,7841.866666666666,1.263972531223592,194.60325743780732,0.0721598906653985,2.9078045698188983,3,HYD500,500,636.0195277705851,0.0,0.0,14,0.0,0.0
Mass-Nom-Real,CH,HYD500,2030-Hlow,2696.8341504309096,7841.866666666666,1.263972531223592,244.4671402658333,0.09064967537094244,2.9078045698188983,3,HYD500,500,636.0195277705851,0.0,0.0,14,0.0,0.0
Mass-Nom-Real,CH,HYD500,2035-Hhigh,2696.8341504309096,7841.866666666666,1.263972531223592,164.1601148793425,0.06087141652856644,2.9078045698188983,3,HYD500,500,636.0195277705851,0.0,0.0,14,0.0,0.0
Mass-Nom-Real,CH,HYD500,2035-Hlow,2696.8341504309096,7841.866666666666,1.263972531223592,209.50765252375442,0.07768651716690793,2.9078045698188983,3,HYD500,500,636.0195277705851,0.0,0.0,14,0.0,0.0
Mass-Nom-Real,CH,HYD500,2040-Hhigh,2696.8341504309096,7841.866666666666,1.263972531223592,171.87228793748685,0.06373113004002284,2.9078045698188983,3,HYD500,500,636.0195277705851,0.0,0.0,14,0.0,0.0
Mass-Nom-Real,CH,HYD500,2040-Hlow,2696.8341504309096,7841.866666666666,1.263972531223592,245.28469625103276,0.09095282934319128,2.9078045698188983,3,HYD500,500,636.0195277705851,0.0,0.0,14,0.0,0.0
Mass-Nom-Real,CH,HYD500,2045-Hhigh,2696.8341504309096,7841.866666666666,1.263972531223592,160.47279879511916,0.059504140723476914,2.9078045698188983,3,HYD500,500,636.0195277705851,0.0,0.0,14,0.0,0.0
Mass-Nom-Real,CH,HYD500,2045-Hlow,2696.8341504309096,7841.866666666666,1.263972531223592,224.69571475136587,0.08331832890630786,2.9078045698188983,3,HYD500,500,636.0195277705851,0.0,0.0,14,0.0,0.0
Mass-Nom-Real,CH,HYD1000,2024-Hhigh,2965.1210987596705,8657.914999999999,1.4089877588808346,289.78624272179684,0.09773167201940464,2.919919528285594,4,HYD1000,1000,976.0706668782007,0.0,0.0,11.2,0.0,0.0
Mass-Nom-Real,CH,HYD1000,2024-Hlow,2965.1210987596705,8657.914999999999,1.4089877588808346,420.9143039968935,0.1419551815853203,2.919919528285594,4,HYD1000,1000,976.0706668782007,0.0,0.0,11.2,0.0,0.0
Mass-Nom-Real,CH,HYD1000,2025-Hhigh,2965.1210987596705,8657.914999999999,1.437549110577801,229.72424917285244,0.07747550319916026,2.919919528285594,4,HYD1000,1000,976.0706668782007,0.0,0.0,11.2,0.0,0.0
Mass-Nom-Real,CH,HYD1000,2025-Hlow,2965.1210987596705,8657.914999999999,1.437549110577801,290.2589074519513,0.09789108025752084,2.919919528285594,4,HYD1000,1000,976.0706668782007,0.0,0.0,11.2,0.0,0.0
Mass-Nom-Real,CH,HYD1000,2030-Hhigh,2965.1210987596705,8657.914999999999,1.3938041601342952,215.765904250894,0.07276799060286283,2.919919528285594,4,HYD1000,1000,976.0706668782007,0.0,0.0,11.2,0.0,0.0
Mass-Nom-Real,CH,HYD1000,2030-Hlow,2965.1210987596705,8657.914999999999,1.3938041601342952,268.48077849325085,0.09054631144932263,2.919919528285594,4,HYD1000,1000,976.0706668782007,0.0,0.0,11.2,0.0,0.0
Mass-Nom-Real,CH,HYD1000,2035-Hhigh,2965.1210987596705,8657.914999999999,1.3938041601342952,181.0780120647546,0.061069347940123156,2.919919528285594,4,HYD1000,1000,976.0706668782007,0.0,0.0,11.2,0.0,0.0
Mass-Nom-Real,CH,HYD1000,2035-Hlow,2965.1210987596705,8657.914999999999,1.3938041601342952,230.29495281745133,0.07766797548801134,2.919919528285594,4,HYD1000,1000,976.0706668782007,0.0,0.0,11.2,0.0,0.0
Mass-Nom-Real,CH,HYD1000,2040-Hhigh,2965.1210987596705,8657.914999999999,1.3938041601342952,190.00636452761844,0.06408047368018101,2.919919528285594,4,HYD1000,1000,976.0706668782007,0.0,0.0,11.2,0.0,0.0
Mass-Nom-Real,CH,HYD1000,2040-Hlow,2965.1210987596705,8657.914999999999,1.3938041601342952,269.9395172598957,0.09103827744938078,2.919919528285594,4,HYD1000,1000,976.0706668782007,0.0,0.0,11.2,0.0,0.0
Mass-Nom-Real,CH,HYD1000,2045-Hhigh,2965.1210987596705,8657.914999999999,1.3938041601342952,177.27018435082763,0.05978514146521061,2.919919528285594,4,HYD1000,1000,976.0706668782007,0.0,0.0,11.2,0.0,0.0
Mass-Nom-Real,CH,HYD1000,2045-Hlow,2965.1210987596705,8657.914999999999,1.3938041601342952,246.8660954083845,0.08325666547368005,2.919919528285594,4,HYD1000,1000,976.0706668782007,0.0,0.0,11.2,0.0,0.0
Mass-Nom-Real,CH,HYD200,2024-Hhigh,2740.1093100467688,8054.9,1.2293347137997224,264.55666556590865,0.09654967580887973,2.939627251535639,4,HYD200,200,367.34837897034475,40.9818815430795,20.0,14,-281.1634443596565,86.0
Mass-Nom-Real,CH,HYD200,2024-Hlow,2740.1093100467688,8054.9,1.2293347137997224,385.85163699519114,0.14081614758230407,2.939627251535639,4,HYD200,200,367.34837897034475,40.9818815430795,20.0,14,-281.1634443596565,86.0
Mass-Nom-Real,CH,HYD200,2025-Hhigh,2740.1093100467688,8054.9,1.2615750477102425,208.48885188175268,0.0760877863949866,2.939627251535639,4,HYD200,200,367.34837897034475,40.9818815430795,20.0,14,-281.1634443596565,86.0
Mass-Nom-Real,CH,HYD200,2025-Hlow,2740.1093100467688,8054.9,1.2615750477102425,266.55133612529335,0.09727762872377664,2.939627251535639,4,HYD200,200,367.34837897034475,40.9818815430795,20.0,14,-281.1634443596565,86.0
Mass-Nom-Real,CH,HYD200,2030-Hhigh,2740.1093100467688,8054.9,1.2085212187093302,194.25131698890658,0.07089181306624262,2.939627251535639,4,HYD200,200,367.34837897034475,40.9818815430795,20.0,14,-281.1634443596565,86.0
Mass-Nom-Real,CH,HYD200,2030-Hlow,2740.1093100467688,8054.9,1.2085212187093302,243.99832940754797,0.08904693273108268,2.939627251535639,4,HYD200,200,367.34837897034475,40.9818815430795,20.0,14,-281.1634443596565,86.0
Mass-Nom-Real,CH,HYD200,2035-Hhigh,2740.1093100467688,8054.9,1.2085212187093302,162.1145235276669,0.05916352421900274,2.939627251535639,4,HYD200,200,367.34837897034475,40.9818815430795,20.0,14,-281.1634443596565,86.0
Mass-Nom-Real,CH,HYD200,2035-Hlow,2740.1093100467688,8054.9,1.2085212187093302,207.309919404428,0.07565753623197229,2.939627251535639,4,HYD200,200,367.34837897034475,40.9818815430795,20.0,14,-281.1634443596565,86.0
Mass-Nom-Real,CH,HYD200,2040-Hhigh,2740.1093100467688,8054.9,1.2085212187093302,170.1441919869578,0.06209394324639324,2.939627251535639,4,HYD200,200,367.34837897034475,40.9818815430795,20.0,14,-281.1634443596565,86.0
Mass-Nom-Real,CH,HYD200,2040-Hlow,2740.1093100467688,8054.9,1.2085212187093302,242.2787460989386,0.0884193726179498,2.939627251535639,4,HYD200,200,367.34837897034475,40.9818815430795,20.0,14,-281.1634443596565,86.0
Mass-Nom-Real,CH,HYD200,2045-Hhigh,2740.1093100467688,8054.9,1.2085212187093302,158.06670457065331,0.057686276963876085,2.939627251535639,4,HYD200,200,367.34837897034475,40.9818815430795,20.0,14,-281.1634443596565,86.0
Mass-Nom-Real,CH,HYD200,2045-Hlow,2740.1093100467688,8054.9,1.2085212187093302,220.9630539154221,0.08064023325830409,2.939627251535639,4,HYD200,200,367.34837897034475,40.9818815430795,20.0,14,-281.1634443596565,86.0
Mass-Nom-Real,CH,HYD500,2024-Hhigh,2835.4747096796973,8319.266666666666,1.2965841777154503,273.7408247276094,0.09654144464527135,2.9339943108173347,4,HYD500,500,633.9753098307597,0.0,0.0,14,0.0,0.0
Mass-Nom-Real,CH,HYD500,2024-Hlow,2835.4747096796973,8319.266666666666,1.2965841777154503,397.5144979481812,0.1401932793091586,2.9339943108173347,4,HYD500,500,633.9753098307597,0.0,0.0,14,0.0,0.0
Mass-Nom-Real,CH,HYD500,2025-Hhigh,2835.4747096796973,8319.266666666666,1.3318176210604398,216.29470235660807,0.07628165457382664,2.9339943108173347,4,HYD500,500,633.9753098307597,0.0,0.0,14,0.0,0.0
Mass-Nom-Real,CH,HYD500,2025-Hlow,2835.4747096796973,8319.266666666666,1.3318176210604398,274.8720152081679,0.09694038683181137,2.9339943108173347,4,HYD500,500,633.9753098307597,0.0,0.0,14,0.0,0.0
Mass-Nom-Real,CH,HYD500,2030-Hhigh,2835.4747096796973,8319.266666666666,1.2757706826250583,202.257478166023,0.07133108169702933,2.9339943108173347,4,HYD500,500,633.9753098307597,0.0,0.0,14,0.0,0.0
Mass-Nom-Real,CH,HYD500,2030-Hlow,2835.4747096796973,8319.266666666666,1.2757706826250583,252.77076595879166,0.08914583688434495,2.9339943108173347,4,HYD500,500,633.9753098307597,0.0,0.0,14,0.0,0.0
Mass-Nom-Real,CH,HYD500,2035-Hhigh,2835.4747096796973,8319.266666666666,1.2757706826250583,169.26085327610508,0.05969400915419388,2.9339943108173347,4,HYD500,500,633.9753098307597,0.0,0.0,14,0.0,0.0
Mass-Nom-Real,CH,HYD500,2035-Hlow,2835.4747096796973,8319.266666666666,1.2757706826250583,215.840979478637,0.07612163802477327,2.9339943108173347,4,HYD500,500,633.9753098307597,0.0,0.0,14,0.0,0.0
Mass-Nom-Real,CH,HYD500,2040-Hhigh,2835.4747096796973,8319.266666666666,1.2757706826250583,177.62977569189943,0.06264551578806532,2.9339943108173347,4,HYD500,500,633.9753098307597,0.0,0.0,14,0.0,0.0
Mass-Nom-Real,CH,HYD500,2040-Hlow,2835.4747096796973,8319.266666666666,1.2757706826250583,251.8617339692687,0.0888252443618937,2.9339943108173347,4,HYD500,500,633.9753098307597,0.0,0.0,14,0.0,0.0
Mass-Nom-Real,CH,HYD500,2045-Hhigh,2835.4747096796973,8319.266666666666,1.2757706826250583,165.30237999226983,0.058297956045230546,2.9339943108173347,4,HYD500,500,633.9753098307597,0.0,0.0,14,0.0,0.0
Mass-Nom-Real,CH,HYD500,2045-Hlow,2835.4747096796973,8319.266666666666,1.2757706826250583,230.00692050213,0.08111760606325852,2.9339943108173347,4,HYD500,500,633.9753098307597,0.0,0.0,14,0.0,0.0
Mass-Nom-Real,CH,HYD1000,2024-Hhigh,3106.6394127268054,9133.244133333334,1.4855960058073876,302.42328636530686,0.09734740540739469,2.9399112416837485,5,HYD1000,1000,972.9518100150833,0.0,0.0,11.2,0.0,0.0
Mass-Nom-Real,CH,HYD1000,2024-Hlow,3106.6394127268054,9133.244133333334,1.4855960058073876,436.3317091717155,0.14045135311945714,2.9399112416837485,5,HYD1000,1000,972.9518100150833,0.0,0.0,11.2,0.0,0.0
Mass-Nom-Real,CH,HYD1000,2025-Hhigh,3106.6394127268054,9133.244133333334,1.5286481243762984,239.2525909122397,0.07701331217652949,2.9399112416837485,5,HYD1000,1000,972.9518100150833,0.0,0.0,11.2,0.0,0.0
Mass-Nom-Real,CH,HYD1000,2025-Hlow,3106.6394127268054,9133.244133333334,1.5286481243762984,300.3783081999257,0.09668914485838999,2.9399112416837485,5,HYD1000,1000,972.9518100150833,0.0,0.0,11.2,0.0,0.0
Mass-Nom-Real,CH,HYD1000,2030-Hhigh,3106.6394127268054,9133.244133333334,1.4769830124152181,224.2190165947386,0.0721741363597566,2.9399112416837485,5,HYD1000,1000,972.9518100150833,0.0,0.0,11.2,0.0,0.0
Mass-Nom-Real,CH,HYD1000,2030-Hlow,3106.6394127268054,9133.244133333334,1.4769830124152181,277.92870941684413,0.08946281576106589,2.9399112416837485,5,HYD1000,1000,972.9518100150833,0.0,0.0,11.2,0.0,0.0
Mass-Nom-Real,CH,HYD1000,2035-Hhigh,3106.6394127268054,9133.244133333334,1.4769830124152181,188.19269328448271,0.060577578625161214,2.9399112416837485,5,HYD1000,1000,972.9518100150833,0.0,0.0,11.2,0.0,0.0
Mass-Nom-Real,CH,HYD1000,2035-Hlow,3106.6394127268054,9133.244133333334,1.4769830124152181,238.84763327475136,0.07688295986211882,2.9399112416837485,5,HYD1000,1000,972.9518100150833,0.0,0.0,11.2,0.0,0.0
Mass-Nom-Real,CH,HYD1000,2040-Hhigh,3106.6394127268054,9133.244133333334,1.4769830124152181,197.4231342210636,0.06354877666596602,2.9399112416837485,5,HYD1000,1000,972.9518100150833,0.0,0.0,11.2,0.0,0.0
Mass-Nom-Real,CH,HYD1000,2040-Hlow,3106.6394127268054,9133.244133333334,1.4769830124152181,279.289430557893,0.08990081997084785,2.9399112416837485,5,HYD1000,1000,972.9518100150833,0.0,0.0,11.2,0.0,0.0
Mass-Nom-Real,CH,HYD1000,2045-Hhigh,3106.6394127268054,9133.244133333334,1.4769830124152181,184.03445190072017,0.059239077167049375,2.9399112416837485,5,HYD1000,1000,972.9518100150833,0.0,0.0,11.2,0.0,0.0
Mass-Nom-Real,CH,HYD1000,2045-Hlow,3106.6394127268054,9133.244133333334,1.4769830124152181,255.01453869003018,0.08208694502661802,2.9399112416837485,5,HYD1000,1000,972.9518100150833,0.0,0.0,11.2,0.0,0.0
Mass-Nom-Real,CH,HYD200,2024-Hhigh,2885.461722367403,8533.466666666667,1.344877847805153,276.7264991191443,0.09590371515727526,2.957400751677727,5,HYD200,200,366.4181974858912,59.80251660033547,23.0,14,-365.59991316622813,118.0
Mass-Nom-Real,CH,HYD200,2024-Hlow,2885.461722367403,8533.466666666667,1.344877847805153,401.4942631039273,0.1391438534746937,2.957400751677727,5,HYD200,200,366.4181974858912,59.80251660033547,23.0,14,-365.59991316622813,118.0
Mass-Nom-Real,CH,HYD200,2025-Hhigh,2885.461722367403,8533.466666666667,1.3831044005846114,217.66575337612218,0.07543532866467428,2.957400751677727,5,HYD200,200,366.4181974858912,59.80251660033547,23.0,14,-365.59991316622813,118.0
Mass-Nom-Real,CH,HYD200,2025-Hlow,2885.461722367403,8533.466666666667,1.3831044005846114,276.7310875254996,0.09590530533825731,2.957400751677727,5,HYD200,200,366.4181974858912,59.80251660033547,23.0,14,-365.59991316622813,118.0
Mass-Nom-Real,CH,HYD200,2030-Hhigh,2885.461722367403,8533.466666666667,1.3240643527147609,202.11670265785264,0.07004657212781328,2.957400751677727,5,HYD200,200,366.4181974858912,59.80251660033547,23.0,14,-365.59991316622813,118.0
Mass-Nom-Real,CH,HYD200,2030-Hlow,2885.461722367403,8533.466666666667,1.3240643527147609,253.10051141401792,0.08771577507060441,2.957400751677727,5,HYD200,200,366.4181974858912,59.80251660033547,23.0,14,-365.59991316622813,118.0
Mass-Nom-Real,CH,HYD200,2035-Hhigh,2885.461722367403,8533.466666666667,1.3240643527147609,168.54617543548645,0.0584122028474532,2.957400751677727,5,HYD200,200,366.4181974858912,59.80251660033547,23.0,14,-365.59991316622813,118.0
Mass-Nom-Real,CH,HYD200,2035-Hlow,2885.461722367403,8533.466666666667,1.3240643527147609,215.35841240703706,0.0746356850751582,2.957400751677727,5,HYD200,200,366.4181974858912,59.80251660033547,23.0,14,-365.59991316622813,118.0
Mass-Nom-Real,CH,HYD200,2040-Hhigh,2885.461722367403,8533.466666666667,1.3240643527147609,177.00421545695335,0.061343463364930254,2.957400751677727,5,HYD200,200,366.4181974858912,59.80251660033547,23.0,14,-365.59991316622813,118.0
Mass-Nom-Real,CH,HYD200,2040-Hlow,2885.461722367403,8533.466666666667,1.3240643527147609,251.2341144173096,0.08706894722248552,2.957400751677727,5,HYD200,200,366.4181974858912,59.80251660033547,23.0,14,-365.59991316622813,118.0
Mass-Nom-Real,CH,HYD200,2045-Hhigh,2885.461722367403,8533.466666666667,1.3240643527147609,164.2356777881813,0.05691833529277687,2.957400751677727,5,HYD200,200,366.4181974858912,59.80251660033547,23.0,14,-365.59991316622813,118.0
Mass-Nom-Real,CH,HYD200,2045-Hlow,2885.461722367403,8533.466666666667,1.3240643527147609,228.60475748000584,0.07922640446342327,2.957400751677727,5,HYD200,200,366.4181974858912,59.80251660033547,23.0,14,-365.59991316622813,118.0
Mass-Nom-Real,CH,HYD500,2024-Hhigh,2980.8804416383778,8796.2,1.4153256335333184,286.0841541654945,0.09597303876040544,2.950873130344455,5,HYD500,500,632.2800840440239,0.0,0.0,14,0.0,0.0
Mass-Nom-Real,CH,HYD500,2024-Hlow,2980.8804416383778,8796.2,1.4153256335333184,413.1713644928543,0.13860715737588034,2.950873130344455,5,HYD500,500,632.2800840440239,0.0,0.0,14,0.0,0.0
Mass-Nom-Real,CH,HYD500,2025-Hhigh,2980.8804416383778,8796.2,1.4565452957472453,225.54440751096357,0.07566368793610449,2.950873130344455,5,HYD500,500,632.2800840440239,0.0,0.0,14,0.0,0.0
Mass-Nom-Real,CH,HYD500,2025-Hlow,2980.8804416383778,8796.2,1.4565452957472453,285.13560215127944,0.09565482673117903,2.950873130344455,5,HYD500,500,632.2800840440239,0.0,0.0,14,0.0,0.0
Mass-Nom-Real,CH,HYD500,2030-Hhigh,2980.8804416383778,8796.2,1.3976226965658987,210.27228542466545,0.07054032845044055,2.950873130344455,5,HYD500,500,632.2800840440239,0.0,0.0,14,0.0,0.0
Mass-Nom-Real,CH,HYD500,2030-Hlow,2980.8804416383778,8796.2,1.3976226965658987,262.03852702401895,0.08790641964828184,2.950873130344455,5,HYD500,500,632.2800840440239,0.0,0.0,14,0.0,0.0
Mass-Nom-Real,CH,HYD500,2035-Hhigh,2980.8804416383778,8796.2,1.3976226965658987,175.82328524480695,0.058983675691524684,2.950873130344455,5,HYD500,500,632.2800840440239,0.0,0.0,14,0.0,0.0
Mass-Nom-Real,CH,HYD500,2035-Hlow,2980.8804416383778,8796.2,1.3976226965658987,223.99820587329233,0.07514498157805231,2.950873130344455,5,HYD500,500,632.2800840440239,0.0,0.0,14,0.0,0.0
Mass-Nom-Real,CH,HYD500,2040-Hhigh,2980.8804416383778,8796.2,1.3976226965658987,184.6050417229473,0.06192970343402403,2.950873130344455,5,HYD500,500,632.2800840440239,0.0,0.0,14,0.0,0.0
Mass-Nom-Real,CH,HYD500,2040-Hlow,2980.8804416383778,8796.2,1.3976226965658987,260.85873657887606,0.08751063374936989,2.950873130344455,5,HYD500,500,632.2800840440239,0.0,0.0,14,0.0,0.0
Mass-Nom-Real,CH,HYD500,2045-Hhigh,2980.8804416383778,8796.2,1.3976226965658987,171.55218770625788,0.057550844814147545,2.950873130344455,5,HYD500,500,632.2800840440239,0.0,0.0,14,0.0,0.0
Mass-Nom-Real,CH,HYD500,2045-Hlow,2980.8804416383778,8796.2,1.3976226965658987,237.70834577051733,0.07974434078270713,2.950873130344455,5,HYD500,500,632.2800840440239,0.0,0.0,14,0.0,0.0
Mass-H1-Ideal,AK,HYD1000,2024-Hhigh,927.2784077653965,3069.426833331161,0.3275297822461222,76.8321935334247,0.08285774033990384,3.3101459147830528,3,HYD1000,1000,861.6763056383284,0.0,0.0,5,0.0,0.0
Mass-H1-Ideal,AK,HYD1000,2024-Hlow,927.2784077653965,3069.426833331161,0.3275297822461222,110.9580086578688,0.1196598645333079,3.3101459147830528,3,HYD1000,1000,861.6763056383284,0.0,0.0,5,0.0,0.0
Mass-H1-Ideal,AK,HYD1000,2025-Hhigh,927.2784077653965,3069.426833331161,0.3471922698410595,60.56164167191542,0.06531117425440758,3.3101459147830528,3,HYD1000,1000,861.6763056383284,0.0,0.0,5,0.0,0.0
Mass-H1-Ideal,AK,HYD1000,2025-Hlow,927.2784077653965,3069.426833331161,0.3471922698410595,78.50562183255153,0.08466240686196763,3.3101459147830528,3,HYD1000,1000,861.6763056383284,0.0,0.0,5,0.0,0.0
Mass-H1-Ideal,AK,HYD1000,2030-Hhigh,927.2784077653965,3069.426833331161,0.316810450753945,55.98901365450573,0.06037993895428985,3.3101459147830528,3,HYD1000,1000,861.6763056383284,0.0,0.0,5,0.0,0.0
Mass-H1-Ideal,AK,HYD1000,2030-Hlow,927.2784077653965,3069.426833331161,0.316810450753945,71.42409623102887,0.07702551427154478,3.3101459147830528,3,HYD1000,1000,861.6763056383284,0.0,0.0,5,0.0,0.0
Mass-H1-Ideal,AK,HYD1000,2035-Hhigh,927.2784077653965,3069.426833331161,0.316810450753945,47.09555611761245,0.05078901409028359,3.3101459147830528,3,HYD1000,1000,861.6763056383284,0.0,0.0,5,0.0,0.0
Mass-H1-Ideal,AK,HYD1000,2035-Hlow,927.2784077653965,3069.426833331161,0.316810450753945,60.607104209620076,0.06536020218099783,3.3101459147830528,3,HYD1000,1000,861.6763056383284,0.0,0.0,5,0.0,0.0
Mass-H1-Ideal,AK,HYD1000,2040-Hhigh,927.2784077653965,3069.426833331161,0.316810450753945,49.34769951697561,0.0532177813089558,3.3101459147830528,3,HYD1000,1000,861.6763056383284,0.0,0.0,5,0.0,0.0
Mass-H1-Ideal,AK,HYD1000,2040-Hlow,927.2784077653965,3069.426833331161,0.316810450753945,70.38163348358616,0.07590129662697039,3.3101459147830528,3,HYD1000,1000,861.6763056383284,0.0,0.0,5,0.0,0.0
Mass-H1-Ideal,AK,HYD1000,2045-Hhigh,927.2784077653965,3069.426833331161,0.316810450753945,45.9369468437735,0.04953954115514749,3.3101459147830528,3,HYD1000,1000,861.6763056383284,0.0,0.0,5,0.0,0.0
Mass-H1-Ideal,AK,HYD1000,2045-Hlow,927.2784077653965,3069.426833331161,0.316810450753945,65.05355492290721,0.07015536475143062,3.3101459147830528,3,HYD1000,1000,861.6763056383284,0.0,0.0,5,0.0,0.0
Mass-H1-Ideal,AK,HYD200,2024-Hhigh,808.8276840672446,2532.575,0.27974634011165234,67.52653878112571,0.08348692819410428,3.1311675526049942,3,HYD200,200,320.22305682422194,627.4657308303191,129.0,8.5,-534.5544531223122,89.0
Mass-H1-Ideal,AK,HYD200,2024-Hlow,808.8276840672446,2532.575,0.27974634011165234,100.31997327654813,0.12403132985271025,3.1311675526049942,3,HYD200,200,320.22305682422194,627.4657308303191,129.0,8.5,-534.5544531223122,89.0
Mass-H1-Ideal,AK,HYD200,2025-Hhigh,808.8276840672446,2532.575,0.3042161737689222,52.966726933545154,0.06548579873923008,3.1311675526049942,3,HYD200,200,320.22305682422194,627.4657308303191,129.0,8.5,-534.5544531223122,89.0
Mass-H1-Ideal,AK,HYD200,2025-Hlow,808.8276840672446,2532.575,0.3042161737689222,69.9837453296531,0.08652491341262593,3.1311675526049942,3,HYD200,200,320.22305682422194,627.4657308303191,129.0,8.5,-534.5544531223122,89.0
Mass-H1-Ideal,AK,HYD200,2030-Hhigh,808.8276840672446,2532.575,0.2763711309010709,49.0352733591836,0.060625117469528755,3.1311675526049942,3,HYD200,200,320.22305682422194,627.4657308303191,129.0,8.5,-534.5544531223122,89.0
Mass-H1-Ideal,AK,HYD200,2030-Hlow,808.8276840672446,2532.575,0.2763711309010709,63.7161079043259,0.07877587421825766,3.1311675526049942,3,HYD200,200,320.22305682422194,627.4657308303191,129.0,8.5,-534.5544531223122,89.0
Mass-H1-Ideal,AK,HYD200,2035-Hhigh,808.8276840672446,2532.575,0.2763711309010709,41.54638780810138,0.0513661792573451,3.1311675526049942,3,HYD200,200,320.22305682422194,627.4657308303191,129.0,8.5,-534.5544531223122,89.0
Mass-H1-Ideal,AK,HYD200,2035-Hlow,808.8276840672446,2532.575,0.2763711309010709,54.12868041919252,0.06692238839675071,3.1311675526049942,3,HYD200,200,320.22305682422194,627.4657308303191,129.0,8.5,-534.5544531223122,89.0
Mass-H1-Ideal,AK,HYD200,2040-Hhigh,808.8276840672446,2532.575,0.2763711309010709,43.5663792766825,0.05386361042639641,3.1311675526049942,3,HYD200,200,320.22305682422194,627.4657308303191,129.0,8.5,-534.5544531223122,89.0
Mass-H1-Ideal,AK,HYD200,2040-Hlow,808.8276840672446,2532.575,0.2763711309010709,63.25675548268727,0.0782079505051019,3.1311675526049942,3,HYD200,200,320.22305682422194,627.4657308303191,129.0,8.5,-534.5544531223122,89.0
Mass-H1-Ideal,AK,HYD200,2045-Hhigh,808.8276840672446,2532.575,0.2763711309010709,40.55111936582702,0.05013567186760099,3.1311675526049942,3,HYD200,200,320.22305682422194,627.4657308303191,129.0,8.5,-534.5544531223122,89.0
Mass-H1-Ideal,AK,HYD200,2045-Hlow,808.8276840672446,2532.575,0.2763711309010709,58.16338248851317,0.07191072169542304,3.1311675526049942,3,HYD200,200,320.22305682422194,627.4657308303191,129.0,8.5,-534.5544531223122,89.0
Mass-H1-Ideal,AK,HYD500,2024-Hhigh,834.5999310476572,2765.215655553599,0.29457872466370916,69.37140498035888,0.08311935143977102,3.3132229619076017,3,HYD500,500,554.3755519846553,0.0,0.0,5,0.0,0.0
Mass-H1-Ideal,AK,HYD500,2024-Hlow,834.5999310476572,2765.215655553599,0.29457872466370916,100.85098291218422,0.1208375164680255,3.3132229619076017,3,HYD500,500,554.3755519846553,0.0,0.0,5,0.0,0.0
Mass-H1-Ideal,AK,HYD500,2025-Hhigh,834.5999310476572,2765.215655553599,0.3125741601336837,54.558920681365066,0.06537134578105981,3.3132229619076017,3,HYD500,500,554.3755519846553,0.0,0.0,5,0.0,0.0
Mass-H1-Ideal,AK,HYD500,2025-Hlow,834.5999310476572,2765.215655553599,0.3125741601336837,70.89461584262486,0.08494443050532273,3.3132229619076017,3,HYD500,500,554.3755519846553,0.0,0.0,5,0.0,0.0
Mass-H1-Ideal,AK,HYD500,2030-Hhigh,834.5999310476572,2765.215655553599,0.2874342419013126,50.51847269354628,0.06053016638778225,3.3132229619076017,3,HYD500,500,554.3755519846553,0.0,0.0,5,0.0,0.0
Mass-H1-Ideal,AK,HYD500,2030-Hlow,834.5999310476572,2765.215655553599,0.2874342419013126,64.60739351875634,0.07741121358308277,3.3132229619076017,3,HYD500,500,554.3755519846553,0.0,0.0,5,0.0,0.0
Mass-H1-Ideal,AK,HYD500,2035-Hhigh,834.5999310476572,2765.215655553599,0.2874342419013126,42.667530185051874,0.05112333298601181,3.3132229619076017,3,HYD500,500,554.3755519846553,0.0,0.0,5,0.0,0.0
Mass-H1-Ideal,AK,HYD500,2035-Hlow,834.5999310476572,2765.215655553599,0.2874342419013126,55.011546380651545,0.06591367232872475,3.3132229619076017,3,HYD500,500,554.3755519846553,0.0,0.0,5,0.0,0.0
Mass-H1-Ideal,AK,HYD500,2040-Hhigh,834.5999310476572,2765.215655553599,0.2874342419013126,44.66012685895433,0.05351082021165918,3.3132229619076017,3,HYD500,500,554.3755519846553,0.0,0.0,5,0.0,0.0
Mass-H1-Ideal,AK,HYD500,2040-Hlow,834.5999310476572,2765.215655553599,0.2874342419013126,64.14543974232276,0.07685771033050798,3.3132229619076017,3,HYD500,500,554.3755519846553,0.0,0.0,5,0.0,0.0
Mass-H1-Ideal,AK,HYD500,2045-Hhigh,834.5999310476572,2765.215655553599,0.2874342419013126,41.620919773810954,0.04986930650900608,3.3132229619076017,3,HYD500,500,554.3755519846553,0.0,0.0,5,0.0,0.0
Mass-H1-Ideal,AK,HYD500,2045-Hlow,834.5999310476572,2765.215655553599,0.2874342419013126,59.18273305421963,0.07091150005240078,3.3132229619076017,3,HYD500,500,554.3755519846553,0.0,0.0,5,0.0,0.0
Mass-H1-Ideal,AK,HYD1000,2024-Hhigh,1065.3880246970411,3539.51066666424,0.38238575671030606,88.39211935859144,0.08296706674896881,3.3222737487318317,4,HYD1000,1000,852.3934212838758,0.0,0.0,5,0.0,0.0
Mass-H1-Ideal,AK,HYD1000,2024-Hlow,1065.3880246970411,3539.51066666424,0.38238575671030606,123.49359634581315,0.11591419603287767,3.3222737487318317,4,HYD1000,1000,852.3934212838758,0.0,0.0,5,0.0,0.0
Mass-H1-Ideal,AK,HYD1000,2025-Hhigh,1065.3880246970411,3539.51066666424,0.37565219349635326,69.11994027232522,0.06487771466361329,3.3222737487318317,4,HYD1000,1000,852.3934212838758,0.0,0.0,5,0.0,0.0
Mass-H1-Ideal,AK,HYD1000,2025-Hlow,1065.3880246970411,3539.51066666424,0.37565219349635326,88.18779120518762,0.08277527920427408,3.3222737487318317,4,HYD1000,1000,852.3934212838758,0.0,0.0,5,0.0,0.0
Mass-H1-Ideal,AK,HYD1000,2030-Hhigh,1065.3880246970411,3539.51066666424,0.36005155639949876,63.26376060900004,0.05938095711840766,3.3222737487318317,4,HYD1000,1000,852.3934212838758,0.0,0.0,5,0.0,0.0
Mass-H1-Ideal,AK,HYD1000,2030-Hlow,1065.3880246970411,3539.51066666424,0.36005155639949876,79.32414018635701,0.07445563339133084,3.3222737487318317,4,HYD1000,1000,852.3934212838758,0.0,0.0,5,0.0,0.0
Mass-H1-Ideal,AK,HYD1000,2035-Hhigh,1065.3880246970411,3539.51066666424,0.36005155639949876,52.093874129462115,0.04889662068829409,3.3222737487318317,4,HYD1000,1000,852.3934212838758,0.0,0.0,5,0.0,0.0
Mass-H1-Ideal,AK,HYD1000,2035-Hlow,1065.3880246970411,3539.51066666424,0.36005155639949876,66.6505560748107,0.06255988853804112,3.3222737487318317,4,HYD1000,1000,852.3934212838758,0.0,0.0,5,0.0,0.0
Mass-H1-Ideal,AK,HYD1000,2040-Hhigh,1065.3880246970411,3539.51066666424,0.36005155639949876,54.7714644713864,0.0514098743384707,3.3222737487318317,4,HYD1000,1000,852.3934212838758,0.0,0.0,5,0.0,0.0
Mass-H1-Ideal,AK,HYD1000,2040-Hlow,1065.3880246970411,3539.51066666424,0.36005155639949876,76.60735076652495,0.07190558650057041,3.3222737487318317,4,HYD1000,1000,852.3934212838758,0.0,0.0,5,0.0,0.0
Mass-H1-Ideal,AK,HYD1000,2045-Hhigh,1065.3880246970411,3539.51066666424,0.36005155639949876,50.49439602048434,0.047395310300060084,3.3222737487318317,4,HYD1000,1000,852.3934212838758,0.0,0.0,5,0.0,0.0
Mass-H1-Ideal,AK,HYD1000,2045-Hlow,1065.3880246970411,3539.51066666424,0.36005155639949876,70.33965655086384,0.06602257104482281,3.3222737487318317,4,HYD1000,1000,852.3934212838758,0.0,0.0,5,0.0,0.0
Mass-H1-Ideal,AK,HYD200,2024-Hhigh,950.2083311285494,3008.858333333333,0.3007456438209281,79.21487062609701,0.08336579256468378,3.1665248922410028,4,HYD200,200,318.01778936877133,1234.5362306686873,182.0,8.5,-458.6164410294224,97.0
Mass-H1-Ideal,AK,HYD200,2024-Hlow,950.2083311285494,3008.858333333333,0.3007456438209281,113.21242303803525,0.11914484364031455,3.1665248922410028,4,HYD200,200,318.01778936877133,1234.5362306686873,182.0,8.5,-458.6164410294224,97.0
Mass-H1-Ideal,AK,HYD200,2025-Hhigh,950.2083311285494,3008.858333333333,0.30042815259644395,61.46414881190543,0.0646849188734278,3.1665248922410028,4,HYD200,200,318.01778936877133,1234.5362306686873,182.0,8.5,-458.6164410294224,97.0
Mass-H1-Ideal,AK,HYD200,2025-Hlow,950.2083311285494,3008.858333333333,0.30042815259644395,80.2506940430749,0.08445589394881674,3.1665248922410028,4,HYD200,200,318.01778936877133,1234.5362306686873,182.0,8.5,-458.6164410294224,97.0
Mass-H1-Ideal,AK,HYD200,2030-Hhigh,950.2083311285494,3008.858333333333,0.290614174031538,56.18346130423888,0.05912751915941482,3.1665248922410028,4,HYD200,200,318.01778936877133,1234.5362306686873,182.0,8.5,-458.6164410294224,97.0
Mass-H1-Ideal,AK,HYD200,2030-Hlow,950.2083311285494,3008.858333333333,0.290614174031538,71.70294121276707,0.07546023210258163,3.1665248922410028,4,HYD200,200,318.01778936877133,1234.5362306686873,182.0,8.5,-458.6164410294224,97.0
Mass-H1-Ideal,AK,HYD200,2035-Hhigh,950.2083311285494,3008.858333333333,0.290614174031538,46.19170731019658,0.04861218934518846,3.1665248922410028,4,HYD200,200,318.01778936877133,1234.5362306686873,182.0,8.5,-458.6164410294224,97.0
Mass-H1-Ideal,AK,HYD200,2035-Hlow,950.2083311285494,3008.858333333333,0.290614174031538,59.761973285689976,0.06289354800195394,3.1665248922410028,4,HYD200,200,318.01778936877133,1234.5362306686873,182.0,8.5,-458.6164410294224,97.0
Mass-H1-Ideal,AK,HYD200,2040-Hhigh,950.2083311285494,3008.858333333333,0.290614174031538,48.6276517092695,0.0511757791594135,3.1665248922410028,4,HYD200,200,318.01778936877133,1234.5362306686873,182.0,8.5,-458.6164410294224,97.0
Mass-H1-Ideal,AK,HYD200,2040-Hlow,950.2083311285494,3008.858333333333,0.290614174031538,68.96122544498063,0.07257484825783028,3.1665248922410028,4,HYD200,200,318.01778936877133,1234.5362306686873,182.0,8.5,-458.6164410294224,97.0
Mass-H1-Ideal,AK,HYD200,2045-Hhigh,950.2083311285494,3008.858333333333,0.290614174031538,44.660302550165184,0.0470005377632532,3.1665248922410028,4,HYD200,200,318.01778936877133,1234.5362306686873,182.0,8.5,-458.6164410294224,97.0
Mass-H1-Ideal,AK,HYD200,2045-Hlow,950.2083311285494,3008.858333333333,0.290614174031538,62.64950550280724,0.06593238919343011,3.1665248922410028,4,HYD200,200,318.01778936877133,1234.5362306686873,182.0,8.5,-458.6164410294224,97.0
Mass-H1-Ideal,AK,HYD500,2024-Hhigh,973.448063575543,3239.093111108693,0.33936145703164816,80.89657977177184,0.08310312876337031,3.327443170631289,4,HYD500,500,548.8548898114417,0.0,0.0,5,0.0,0.0
Mass-H1-Ideal,AK,HYD500,2024-Hlow,973.448063575543,3239.093111108693,0.33936145703164816,113.26970419385741,0.11635926808237704,3.327443170631289,4,HYD500,500,548.8548898114417,0.0,0.0,5,0.0,0.0
Mass-H1-Ideal,AK,HYD500,2025-Hhigh,973.448063575543,3239.093111108693,0.33721500182584113,62.94498320626486,0.06466188136947289,3.327443170631289,4,HYD500,500,548.8548898114417,0.0,0.0,5,0.0,0.0
Mass-H1-Ideal,AK,HYD500,2025-Hlow,973.448063575543,3239.093111108693,0.33721500182584113,80.62815721101745,0.08282738466278784,3.327443170631289,4,HYD500,500,548.8548898114417,0.0,0.0,5,0.0,0.0
Mass-H1-Ideal,AK,HYD500,2030-Hhigh,973.448063575543,3239.093111108693,0.32596177119671016,57.63740961122732,0.05920953748628466,3.327443170631289,4,HYD500,500,548.8548898114417,0.0,0.0,5,0.0,0.0
Mass-H1-Ideal,AK,HYD500,2030-Hlow,973.448063575543,3239.093111108693,0.32596177119671016,72.4039723353647,0.07437887550920778,3.327443170631289,4,HYD500,500,548.8548898114417,0.0,0.0,5,0.0,0.0
Mass-H1-Ideal,AK,HYD500,2035-Hhigh,973.448063575543,3239.093111108693,0.32596177119671016,47.388117708190705,0.04868068413853619,3.327443170631289,4,HYD500,500,548.8548898114417,0.0,0.0,5,0.0,0.0
Mass-H1-Ideal,AK,HYD500,2035-Hlow,973.448063575543,3239.093111108693,0.32596177119671016,60.70995857690099,0.06236589382479128,3.327443170631289,4,HYD500,500,548.8548898114417,0.0,0.0,5,0.0,0.0
Mass-H1-Ideal,AK,HYD500,2040-Hhigh,973.448063575543,3239.093111108693,0.32596177119671016,49.80038512510008,0.05115874897545101,3.327443170631289,4,HYD500,500,548.8548898114417,0.0,0.0,5,0.0,0.0
Mass-H1-Ideal,AK,HYD500,2040-Hlow,973.448063575543,3239.093111108693,0.32596177119671016,69.92311510256273,0.07183034998881217,3.327443170631289,4,HYD500,500,548.8548898114417,0.0,0.0,5,0.0,0.0
Mass-H1-Ideal,AK,HYD500,2045-Hhigh,973.448063575543,3239.093111108693,0.32596177119671016,45.85812235422701,0.04710895636875265,3.327443170631289,4,HYD500,500,548.8548898114417,0.0,0.0,5,0.0,0.0
Mass-H1-Ideal,AK,HYD500,2045-Hlow,973.448063575543,3239.093111108693,0.32596177119671016,63.88593833310436,0.06562850214981869,3.327443170631289,4,HYD500,500,548.8548898114417,0.0,0.0,5,0.0,0.0
Mass-H1-Ideal,AK,HYD1000,2024-Hhigh,1205.195896351576,4011.1351555516258,0.412141045059612,100.00167995358551,0.08297545673389294,3.3282018032871807,5,HYD1000,1000,845.8121611033579,0.0,0.0,5,0.0,0.0
Mass-H1-Ideal,AK,HYD1000,2024-Hlow,1205.195896351576,4011.1351555516258,0.412141045059612,137.92612077192985,0.11444290607814554,3.3282018032871807,5,HYD1000,1000,845.8121611033579,0.0,0.0,5,0.0,0.0
Mass-H1-Ideal,AK,HYD1000,2025-Hhigh,1205.195896351576,4011.1351555516258,0.42405011147477356,78.06587072549434,0.06477442460750066,3.3282018032871807,5,HYD1000,1000,845.8121611033579,0.0,0.0,5,0.0,0.0
Mass-H1-Ideal,AK,HYD1000,2025-Hlow,1205.195896351576,4011.1351555516258,0.42405011147477356,97.79858079885004,0.08114745585751691,3.3282018032871807,5,HYD1000,1000,845.8121611033579,0.0,0.0,5,0.0,0.0
Mass-H1-Ideal,AK,HYD1000,2030-Hhigh,1205.195896351576,4011.1351555516258,0.4049965622972155,71.10422057128461,0.05899806063606303,3.3282018032871807,5,HYD1000,1000,845.8121611033579,0.0,0.0,5,0.0,0.0
Mass-H1-Ideal,AK,HYD1000,2030-Hlow,1205.195896351576,4011.1351555516258,0.4049965622972155,88.09982377980234,0.07310000311692244,3.3282018032871807,5,HYD1000,1000,845.8121611033579,0.0,0.0,5,0.0,0.0
Mass-H1-Ideal,AK,HYD1000,2035-Hhigh,1205.195896351576,4011.1351555516258,0.4049965622972155,58.58866153339494,0.04861339281917339,3.3282018032871807,5,HYD1000,1000,845.8121611033579,0.0,0.0,5,0.0,0.0
Mass-H1-Ideal,AK,HYD1000,2035-Hlow,1205.195896351576,4011.1351555516258,0.4049965622972155,74.43344455586528,0.06176045303605297,3.3282018032871807,5,HYD1000,1000,845.8121611033579,0.0,0.0,5,0.0,0.0
Mass-H1-Ideal,AK,HYD1000,2040-Hhigh,1205.195896351576,4011.1351555516258,0.4049965622972155,61.66287303621769,0.0511641910023809,3.3282018032871807,5,HYD1000,1000,845.8121611033579,0.0,0.0,5,0.0,0.0
Mass-H1-Ideal,AK,HYD1000,2040-Hlow,1205.195896351576,4011.1351555516258,0.4049965622972155,85.40604053788361,0.07086486171785739,3.3282018032871807,5,HYD1000,1000,845.8121611033579,0.0,0.0,5,0.0,0.0
Mass-H1-Ideal,AK,HYD1000,2045-Hhigh,1205.195896351576,4011.1351555516258,0.4049965622972155,56.74236897408686,0.0470814488713909,3.3282018032871807,5,HYD1000,1000,845.8121611033579,0.0,0.0,5,0.0,0.0
Mass-H1-Ideal,AK,HYD1000,2045-Hlow,1205.195896351576,4011.1351555516258,0.4049965622972155,78.02322382906382,0.06473903874487068,3.3282018032871807,5,HYD1000,1000,845.8121611033579,0.0,0.0,5,0.0,0.0
Mass-H1-Ideal,AK,HYD200,2024-Hhigh,1097.8573861346918,3486.4166666666665,0.4070477216110568,91.31438523842868,0.08317508848751844,3.1756553362013196,5,HYD200,200,316.83333573398926,1877.035863945541,264.0,8.5,-597.7100087609194,121.0
Mass-H1-Ideal,AK,HYD200,2024-Hlow,1097.8573861346918,3486.4166666666665,0.4070477216110568,128.7464700945314,0.1172706689598534,3.1756553362013196,5,HYD200,200,316.83333573398926,1877.035863945541,264.0,8.5,-597.7100087609194,121.0
Mass-H1-Ideal,AK,HYD200,2025-Hhigh,1097.8573861346918,3486.4166666666665,0.4133038989770041,70.62499898536838,0.06432984819095955,3.1756553362013196,5,HYD200,200,316.83333573398926,1877.035863945541,264.0,8.5,-597.7100087609194,121.0
Mass-H1-Ideal,AK,HYD200,2025-Hlow,1097.8573861346918,3486.4166666666665,0.4133038989770041,90.39346582646426,0.08233625511663156,3.1756553362013196,5,HYD200,200,316.83333573398926,1877.035863945541,264.0,8.5,-597.7100087609194,121.0
Mass-H1-Ideal,AK,HYD200,2030-Hhigh,1097.8573861346918,3486.4166666666665,0.3969162518216667,64.03698815064843,0.05832905891001765,3.1756553362013196,5,HYD200,200,316.83333573398926,1877.035863945541,264.0,8.5,-597.7100087609194,121.0
Mass-H1-Ideal,AK,HYD200,2030-Hlow,1097.8573861346918,3486.4166666666665,0.3969162518216667,80.82604400778874,0.07362162429162043,3.1756553362013196,5,HYD200,200,316.83333573398926,1877.035863945541,264.0,8.5,-597.7100087609194,121.0
Mass-H1-Ideal,AK,HYD200,2035-Hhigh,1097.8573861346918,3486.4166666666665,0.3969162518216667,52.59423707053283,0.04790625607184306,3.1756553362013196,5,HYD200,200,316.83333573398926,1877.035863945541,264.0,8.5,-597.7100087609194,121.0
Mass-H1-Ideal,AK,HYD200,2035-Hlow,1097.8573861346918,3486.4166666666665,0.3969162518216667,67.93660478224962,0.0618810836819517,3.1756553362013196,5,HYD200,200,316.83333573398926,1877.035863945541,264.0,8.5,-597.7100087609194,121.0
Mass-H1-Ideal,AK,HYD200,2040-Hhigh,1097.8573861346918,3486.4166666666665,0.3969162518216667,55.63856732827823,0.050679230318037095,3.1756553362013196,5,HYD200,200,316.83333573398926,1877.035863945541,264.0,8.5,-597.7100087609194,121.0
Mass-H1-Ideal,AK,HYD200,2040-Hlow,1097.8573861346918,3486.4166666666665,0.3969162518216667,78.17637102433322,0.071208129591016,3.1756553362013196,5,HYD200,200,316.83333573398926,1877.035863945541,264.0,8.5,-597.7100087609194,121.0
Mass-H1-Ideal,AK,HYD200,2045-Hhigh,1097.8573861346918,3486.4166666666665,0.3969162518216667,50.9325723501084,0.0463927036365174,3.1756553362013196,5,HYD200,200,316.83333573398926,1877.035863945541,264.0,8.5,-597.7100087609194,121.0
Mass-H1-Ideal,AK,HYD200,2045-Hlow,1097.8573861346918,3486.4166666666665,0.3969162518216667,70.54144376453141,0.06425374065468732,3.1756553362013196,5,HYD200,200,316.83333573398926,1877.035863945541,264.0,8.5,-597.7100087609194,121.0
Mass-H1-Ideal,AK,HYD500,2024-Hhigh,1114.0492566357589,3714.36462221792,0.37970999834842273,92.42386205495642,0.08296209660788331,3.334111665254978,5,HYD500,500,545.5916776985082,0.0,0.0,5,0.0,0.0
Mass-H1-Ideal,AK,HYD500,2024-Hlow,1114.0492566357589,3714.36462221792,0.37970999834842273,127.76111042899312,0.11468174290139573,3.334111665254978,5,HYD500,500,545.5916776985082,0.0,0.0,5,0.0,0.0
Mass-H1-Ideal,AK,HYD500,2025-Hhigh,1114.0492566357589,3714.36462221792,0.38816510974344764,71.76668088446225,0.06441966587831631,3.334111665254978,5,HYD500,500,545.5916776985082,0.0,0.0,5,0.0,0.0
Mass-H1-Ideal,AK,HYD500,2025-Hlow,1114.0492566357589,3714.36462221792,0.38816510974344764,90.06995366223144,0.08084916634137662,3.334111665254978,5,HYD500,500,545.5916776985082,0.0,0.0,5,0.0,0.0
Mass-H1-Ideal,AK,HYD500,2030-Hhigh,1114.0492566357589,3714.36462221792,0.3734589670336131,65.17408807649272,0.05850198066942524,3.334111665254978,5,HYD500,500,545.5916776985082,0.0,0.0,5,0.0,0.0
Mass-H1-Ideal,AK,HYD500,2030-Hlow,1114.0492566357589,3714.36462221792,0.3734589670336131,80.95621933897738,0.07266843800376613,3.334111665254978,5,HYD500,500,545.5916776985082,0.0,0.0,5,0.0,0.0
Mass-H1-Ideal,AK,HYD500,2035-Hhigh,1114.0492566357589,3714.36462221792,0.3734589670336131,53.609844450103246,0.04812161053991091,3.334111665254978,5,HYD500,500,545.5916776985082,0.0,0.0,5,0.0,0.0
Mass-H1-Ideal,AK,HYD500,2035-Hlow,1114.0492566357589,3714.36462221792,0.3734589670336131,68.3088420089639,0.061315818490149256,3.334111665254978,5,HYD500,500,545.5916776985082,0.0,0.0,5,0.0,0.0
Mass-H1-Ideal,AK,HYD500,2040-Hhigh,1114.0492566357589,3714.36462221792,0.3734589670336131,56.506224625626444,0.05072147778839306,3.334111665254978,5,HYD500,500,545.5916776985082,0.0,0.0,5,0.0,0.0
Mass-H1-Ideal,AK,HYD500,2040-Hlow,1114.0492566357589,3714.36462221792,0.3734589670336131,78.44817799082142,0.07041715393062754,3.334111665254978,5,HYD500,500,545.5916776985082,0.0,0.0,5,0.0,0.0
Mass-H1-Ideal,AK,HYD500,2045-Hhigh,1114.0492566357589,3714.36462221792,0.3734589670336131,51.86979944511079,0.04655970024319109,3.334111665254978,5,HYD500,500,545.5916776985082,0.0,0.0,5,0.0,0.0
Mass-H1-Ideal,AK,HYD500,2045-Hlow,1114.0492566357589,3714.36462221792,0.3734589670336131,71.27023220147925,0.06397404044476754,3.334111665254978,5,HYD500,500,545.5916776985082,0.0,0.0,5,0.0,0.0
Mass-H1-Ideal,CH,HYD1000,2024-Hhigh,1617.2365700087062,4561.500325556299,0.7007976419531012,153.06810913622428,0.09464793956236116,2.8205522989946625,3,HYD1000,1000,974.1031087309327,0.0,0.0,5,0.0,0.0
Mass-H1-Ideal,CH,HYD1000,2024-Hlow,1617.2365700087062,4561.500325556299,0.7007976419531012,226.80327877529058,0.140241250402883,2.8205522989946625,3,HYD1000,1000,974.1031087309327,0.0,0.0,5,0.0,0.0
Mass-H1-Ideal,CH,HYD1000,2025-Hhigh,1617.2365700087062,4561.500325556299,0.7255095553725079,121.64506383424397,0.07521785376989658,2.8205522989946625,3,HYD1000,1000,974.1031087309327,0.0,0.0,5,0.0,0.0
Mass-H1-Ideal,CH,HYD1000,2025-Hlow,1617.2365700087062,4561.500325556299,0.7255095553725079,159.02094180716634,0.09832880653095191,2.8205522989946625,3,HYD1000,1000,974.1031087309327,0.0,0.0,5,0.0,0.0
Mass-H1-Ideal,CH,HYD1000,2030-Hhigh,1617.2365700087062,4561.500325556299,0.6936323934080307,113.08135949396774,0.06992258374008879,2.8205522989946625,3,HYD1000,1000,974.1031087309327,0.0,0.0,5,0.0,0.0
Mass-H1-Ideal,CH,HYD1000,2030-Hlow,1617.2365700087062,4561.500325556299,0.6936323934080307,144.32776049513913,0.08924344352067315,2.8205522989946625,3,HYD1000,1000,974.1031087309327,0.0,0.0,5,0.0,0.0
Mass-H1-Ideal,CH,HYD1000,2035-Hhigh,1617.2365700087062,4561.500325556299,0.6936323934080307,94.41506808515446,0.05838049289514038,2.8205522989946625,3,HYD1000,1000,974.1031087309327,0.0,0.0,5,0.0,0.0
Mass-H1-Ideal,CH,HYD1000,2035-Hlow,1617.2365700087062,4561.500325556299,0.6936323934080307,121.06006944374086,0.07485612908387865,2.8205522989946625,3,HYD1000,1000,974.1031087309327,0.0,0.0,5,0.0,0.0
Mass-H1-Ideal,CH,HYD1000,2040-Hhigh,1617.2365700087062,4561.500325556299,0.6936323934080307,99.08652520313255,0.06126903573705307,2.8205522989946625,3,HYD1000,1000,974.1031087309327,0.0,0.0,5,0.0,0.0
Mass-H1-Ideal,CH,HYD1000,2040-Hlow,1617.2365700087062,4561.500325556299,0.6936323934080307,142.5172337961797,0.08812392474863,2.8205522989946625,3,HYD1000,1000,974.1031087309327,0.0,0.0,5,0.0,0.0
Mass-H1-Ideal,CH,HYD1000,2045-Hhigh,1617.2365700087062,4561.500325556299,0.6936323934080307,92.78763450456272,0.05737418768860959,2.8205522989946625,3,HYD1000,1000,974.1031087309327,0.0,0.0,5,0.0,0.0
Mass-H1-Ideal,CH,HYD1000,2045-Hlow,1617.2365700087062,4561.500325556299,0.6936323934080307,130.87155003781493,0.08092294749253066,2.8205522989946625,3,HYD1000,1000,974.1031087309327,0.0,0.0,5,0.0,0.0
Mass-H1-Ideal,CH,HYD200,2024-Hhigh,1360.5167985966402,3957.1882666666666,0.5961587816261743,131.52000668292916,0.09666915308843725,2.9085919929459654,3,HYD200,200,364.78329361299205,218.40922026309576,65.0,11.2,-447.7885426567067,101.0
Mass-H1-Ideal,CH,HYD200,2024-Hlow,1360.5167985966402,3957.1882666666666,0.5961587816261743,199.78217539058255,0.14684285824082136,2.9085919929459654,3,HYD200,200,364.78329361299205,218.40922026309576,65.0,11.2,-447.7885426567067,101.0
Mass-H1-Ideal,CH,HYD200,2025-Hhigh,1360.5167985966402,3957.1882666666666,0.6300843940633367,104.61171570617933,0.07689116063402178,2.9085919929459654,3,HYD200,200,364.78329361299205,218.40922026309576,65.0,11.2,-447.7885426567067,101.0
Mass-H1-Ideal,CH,HYD200,2025-Hlow,1360.5167985966402,3957.1882666666666,0.6300843940633367,138.7215170944744,0.10196236991528827,2.9085919929459654,3,HYD200,200,364.78329361299205,218.40922026309576,65.0,11.2,-447.7885426567067,101.0
Mass-H1-Ideal,CH,HYD200,2030-Hhigh,1360.5167985966402,3957.1882666666666,0.5904835864754651,97.0218805832891,0.07131251939216497,2.9085919929459654,3,HYD200,200,364.78329361299205,218.40922026309576,65.0,11.2,-447.7885426567067,101.0
Mass-H1-Ideal,CH,HYD200,2030-Hlow,1360.5167985966402,3957.1882666666666,0.5904835864754651,125.36571395298137,0.09214565676976195,2.9085919929459654,3,HYD200,200,364.78329361299205,218.40922026309576,65.0,11.2,-447.7885426567067,101.0
Mass-H1-Ideal,CH,HYD200,2035-Hhigh,1360.5167985966402,3957.1882666666666,0.5904835864754651,80.86147528843306,0.05943438211997153,2.9085919929459654,3,HYD200,200,364.78329361299205,218.40922026309576,65.0,11.2,-447.7885426567067,101.0
Mass-H1-Ideal,CH,HYD200,2035-Hlow,1360.5167985966402,3957.1882666666666,0.5904835864754651,104.63820467867818,0.07691063042118368,2.9085919929459654,3,HYD200,200,364.78329361299205,218.40922026309576,65.0,11.2,-447.7885426567067,101.0
Mass-H1-Ideal,CH,HYD200,2040-Hhigh,1360.5167985966402,3957.1882666666666,0.5904835864754651,84.94107388992944,0.062432947522254284,2.9085919929459654,3,HYD200,200,364.78329361299205,218.40922026309576,65.0,11.2,-447.7885426567067,101.0
Mass-H1-Ideal,CH,HYD200,2040-Hlow,1360.5167985966402,3957.1882666666666,0.5904835864754651,123.93010685965591,0.09109046429084051,2.9085919929459654,3,HYD200,200,364.78329361299205,218.40922026309576,65.0,11.2,-447.7885426567067,101.0
Mass-H1-Ideal,CH,HYD200,2045-Hhigh,1360.5167985966402,3957.1882666666666,0.5904835864754651,79.31600024436165,0.05829843506980239,2.9085919929459654,3,HYD200,200,364.78329361299205,218.40922026309576,65.0,11.2,-447.7885426567067,101.0
Mass-H1-Ideal,CH,HYD200,2045-Hlow,1360.5167985966402,3957.1882666666666,0.5904835864754651,113.64318766790889,0.08352942630707003,2.9085919929459654,3,HYD200,200,364.78329361299205,218.40922026309576,65.0,11.2,-447.7885426567067,101.0
Mass-H1-Ideal,CH,HYD500,2024-Hhigh,1448.5170688483859,4220.4,0.6094257879628175,136.13843648442534,0.0939846960813927,2.91360046130167,3,HYD500,500,629.9121467584868,0.0,0.0,6,0.0,0.0
Mass-H1-Ideal,CH,HYD500,2024-Hlow,1448.5170688483859,4220.4,0.6094257879628175,202.2518982677724,0.139626865721761,2.91360046130167,3,HYD500,500,629.9121467584868,0.0,0.0,6,0.0,0.0
Mass-H1-Ideal,CH,HYD500,2025-Hhigh,1448.5170688483859,4220.4,0.6388221120755284,107.99156544775782,0.07455318806399315,2.91360046130167,3,HYD500,500,629.9121467584868,0.0,0.0,6,0.0,0.0
Mass-H1-Ideal,CH,HYD500,2025-Hlow,1448.5170688483859,4220.4,0.6388221120755284,141.5676462871186,0.09773281194378268,2.91360046130167,3,HYD500,500,629.9121467584868,0.0,0.0,6,0.0,0.0
Mass-H1-Ideal,CH,HYD500,2030-Hhigh,1448.5170688483859,4220.4,0.602526271442907,100.1675970951768,0.06915182378542009,2.91360046130167,3,HYD500,500,629.9121467584868,0.0,0.0,6,0.0,0.0
Mass-H1-Ideal,CH,HYD500,2030-Hlow,1448.5170688483859,4220.4,0.602526271442907,128.08247433383156,0.08842317228312742,2.91360046130167,3,HYD500,500,629.9121467584868,0.0,0.0,6,0.0,0.0
Mass-H1-Ideal,CH,HYD500,2035-Hhigh,1448.5170688483859,4220.4,0.602526271442907,83.58117040642674,0.05770119814527022,2.91360046130167,3,HYD500,500,629.9121467584868,0.0,0.0,6,0.0,0.0
Mass-H1-Ideal,CH,HYD500,2035-Hlow,1448.5170688483859,4220.4,0.602526271442907,107.37017506871409,0.07412420424847087,2.91360046130167,3,HYD500,500,629.9121467584868,0.0,0.0,6,0.0,0.0
Mass-H1-Ideal,CH,HYD500,2040-Hhigh,1448.5170688483859,4220.4,0.602526271442907,87.62336287562619,0.06049177103952898,2.91360046130167,3,HYD500,500,629.9121467584868,0.0,0.0,6,0.0,0.0
Mass-H1-Ideal,CH,HYD500,2040-Hlow,1448.5170688483859,4220.4,0.602526271442907,125.86034483155733,0.08688910026557026,2.91360046130167,3,HYD500,500,629.9121467584868,0.0,0.0,6,0.0,0.0
Mass-H1-Ideal,CH,HYD500,2045-Hhigh,1448.5170688483859,4220.4,0.602526271442907,81.8410743333183,0.0564999033103451,2.91360046130167,3,HYD500,500,629.9121467584868,0.0,0.0,6,0.0,0.0
Mass-H1-Ideal,CH,HYD500,2045-Hlow,1448.5170688483859,4220.4,0.602526271442907,115.4236160667831,0.07968398754082222,2.91360046130167,3,HYD500,500,629.9121467584868,0.0,0.0,6,0.0,0.0
Mass-H1-Ideal,CH,HYD1000,2024-Hhigh,1767.1927497242839,5033.442435278716,0.7386508950647864,165.99665123026406,0.09393239716276719,2.84827019353946,4,HYD1000,1000,966.6977832369798,0.0,0.0,5,0.0,0.0
Mass-H1-Ideal,CH,HYD1000,2024-Hlow,1767.1927497242839,5033.442435278716,0.7386508950647864,241.2072557802396,0.13649176402397112,2.84827019353946,4,HYD1000,1000,966.6977832369798,0.0,0.0,5,0.0,0.0
Mass-H1-Ideal,CH,HYD1000,2025-Hhigh,1767.1927497242839,5033.442435278716,0.7329482479469921,131.45302088261698,0.07438521966725259,2.84827019353946,4,HYD1000,1000,966.6977832369798,0.0,0.0,5,0.0,0.0
Mass-H1-Ideal,CH,HYD1000,2025-Hlow,1767.1927497242839,5033.442435278716,0.7329482479469921,170.16443449813988,0.0962908174700744,2.84827019353946,4,HYD1000,1000,966.6977832369798,0.0,0.0,5,0.0,0.0
Mass-H1-Ideal,CH,HYD1000,2030-Hhigh,1767.1927497242839,5033.442435278716,0.7199913936461526,121.57500670620213,0.06879555539437912,2.84827019353946,4,HYD1000,1000,966.6977832369798,0.0,0.0,5,0.0,0.0
Mass-H1-Ideal,CH,HYD1000,2030-Hlow,1767.1927497242839,5033.442435278716,0.7199913936461526,153.6582906414649,0.08695049856074757,2.84827019353946,4,HYD1000,1000,966.6977832369798,0.0,0.0,5,0.0,0.0
Mass-H1-Ideal,CH,HYD1000,2035-Hhigh,1767.1927497242839,5033.442435278716,0.7199913936461526,100.25042280665308,0.05672862952968434,2.84827019353946,4,HYD1000,1000,966.6977832369798,0.0,0.0,5,0.0,0.0
Mass-H1-Ideal,CH,HYD1000,2035-Hlow,1767.1927497242839,5033.442435278716,0.7199913936461526,128.25722368381474,0.07257681636812133,2.84827019353946,4,HYD1000,1000,966.6977832369798,0.0,0.0,5,0.0,0.0
Mass-H1-Ideal,CH,HYD1000,2040-Hhigh,1767.1927497242839,5033.442435278716,0.7199913936461526,105.6052905693163,0.05975878442563368,2.84827019353946,4,HYD1000,1000,966.6977832369798,0.0,0.0,5,0.0,0.0
Mass-H1-Ideal,CH,HYD1000,2040-Hlow,1767.1927497242839,5033.442435278716,0.7199913936461526,150.21164567111498,0.0850001482263612,2.84827019353946,4,HYD1000,1000,966.6977832369798,0.0,0.0,5,0.0,0.0
Mass-H1-Ideal,CH,HYD1000,2045-Hhigh,1767.1927497242839,5033.442435278716,0.7199913936461526,98.33257243232298,0.05564337701570174,2.84827019353946,4,HYD1000,1000,966.6977832369798,0.0,0.0,5,0.0,0.0
Mass-H1-Ideal,CH,HYD1000,2045-Hlow,1767.1927497242839,5033.442435278716,0.7199913936461526,137.37933857472095,0.07773874049458089,2.84827019353946,4,HYD1000,1000,966.6977832369798,0.0,0.0,5,0.0,0.0
Mass-H1-Ideal,CH,HYD200,2024-Hhigh,1494.5774338692925,4434.5396,0.6170964517900889,143.10423172447517,0.09574895785358839,2.9670858795984074,4,HYD200,200,363.1925187873685,625.351350672807,106.0,11.2,-375.0605195768318,110.0
Mass-H1-Ideal,CH,HYD200,2024-Hlow,1494.5774338692925,4434.5396,0.6170964517900889,212.75967180515596,0.14235439863048457,2.9670858795984074,4,HYD200,200,363.1925187873685,625.351350672807,106.0,11.2,-375.0605195768318,110.0
Mass-H1-Ideal,CH,HYD200,2025-Hhigh,1494.5774338692925,4434.5396,0.6221390165918398,113.15129288948475,0.075707882592974,2.9670858795984074,4,HYD200,200,363.1925187873685,625.351350672807,106.0,11.2,-375.0605195768318,110.0
Mass-H1-Ideal,CH,HYD200,2025-Hlow,1494.5774338692925,4434.5396,0.6221390165918398,149.00566316435584,0.09969751970535042,2.9670858795984074,4,HYD200,200,363.1925187873685,625.351350672807,106.0,11.2,-375.0605195768318,110.0
Mass-H1-Ideal,CH,HYD200,2030-Hhigh,1494.5774338692925,4434.5396,0.6027101945115343,104.30076193407633,0.06978612119417153,2.9670858795984074,4,HYD200,200,363.1925187873685,625.351350672807,106.0,11.2,-375.0605195768318,110.0
Mass-H1-Ideal,CH,HYD200,2030-Hlow,1494.5774338692925,4434.5396,0.6027101945115343,133.4807508402789,0.0893100269115614,2.9670858795984074,4,HYD200,200,363.1925187873685,625.351350672807,106.0,11.2,-375.0605195768318,110.0
Mass-H1-Ideal,CH,HYD200,2035-Hhigh,1494.5774338692925,4434.5396,0.6027101945115343,85.6489217683227,0.05730644650949084,2.9670858795984074,4,HYD200,200,363.1925187873685,625.351350672807,106.0,11.2,-375.0605195768318,110.0
Mass-H1-Ideal,CH,HYD200,2035-Hlow,1494.5774338692925,4434.5396,0.6027101945115343,110.6086981645099,0.07400666948259513,2.9670858795984074,4,HYD200,200,363.1925187873685,625.351350672807,106.0,11.2,-375.0605195768318,110.0
Mass-H1-Ideal,CH,HYD200,2040-Hhigh,1494.5774338692925,4434.5396,0.6027101945115343,90.27926443469185,0.060404541369910164,2.9670858795984074,4,HYD200,200,363.1925187873685,625.351350672807,106.0,11.2,-375.0605195768318,110.0
Mass-H1-Ideal,CH,HYD200,2040-Hlow,1494.5774338692925,4434.5396,0.6027101945115343,130.24682085518106,0.08714625144445459,2.9670858795984074,4,HYD200,200,363.1925187873685,625.351350672807,106.0,11.2,-375.0605195768318,110.0
Mass-H1-Ideal,CH,HYD200,2045-Hhigh,1494.5774338692925,4434.5396,0.6027101945115343,83.76665202393761,0.05604704722931297,2.9670858795984074,4,HYD200,200,363.1925187873685,625.351350672807,106.0,11.2,-375.0605195768318,110.0
Mass-H1-Ideal,CH,HYD200,2045-Hlow,1494.5774338692925,4434.5396,0.6027101945115343,118.62567150943616,0.07937070962079741,2.9670858795984074,4,HYD200,200,363.1925187873685,625.351350672807,106.0,11.2,-375.0605195768318,110.0
Mass-H1-Ideal,CH,HYD500,2024-Hhigh,1596.211127699795,4695.6,0.6534576219778608,148.69510065225046,0.09315503323581394,2.941716116693504,4,HYD500,500,625.7135285713999,0.0,0.0,6,0.0,0.0
Mass-H1-Ideal,CH,HYD500,2024-Hlow,1596.211127699795,4695.6,0.6534576219778608,216.04801422565004,0.1353505250505201,2.941716116693504,4,HYD500,500,625.7135285713999,0.0,0.0,6,0.0,0.0
Mass-H1-Ideal,CH,HYD500,2025-Hhigh,1596.211127699795,4695.6,0.6588773589445756,117.34773059928892,0.07351642183349001,2.941716116693504,4,HYD500,500,625.7135285713999,0.0,0.0,6,0.0,0.0
Mass-H1-Ideal,CH,HYD500,2025-Hlow,1596.211127699795,4695.6,0.6588773589445756,152.43309629289934,0.09549682598226314,2.941716116693504,4,HYD500,500,625.7135285713999,0.0,0.0,6,0.0,0.0
Mass-H1-Ideal,CH,HYD500,2030-Hhigh,1596.211127699795,4695.6,0.6428910272636197,108.1193140647017,0.0677349707619856,2.941716116693504,4,HYD500,500,625.7135285713999,0.0,0.0,6,0.0,0.0
Mass-H1-Ideal,CH,HYD500,2030-Hlow,1596.211127699795,4695.6,0.6428910272636197,136.90986128017494,0.08577177473851319,2.941716116693504,4,HYD500,500,625.7135285713999,0.0,0.0,6,0.0,0.0
Mass-H1-Ideal,CH,HYD500,2035-Hhigh,1596.211127699795,4695.6,0.6428910272636197,88.88456144696626,0.055684714825320454,2.941716116693504,4,HYD500,500,625.7135285713999,0.0,0.0,6,0.0,0.0
Mass-H1-Ideal,CH,HYD500,2035-Hlow,1596.211127699795,4695.6,0.6428910272636197,113.89616914561135,0.07135407539085406,2.941716116693504,4,HYD500,500,625.7135285713999,0.0,0.0,6,0.0,0.0
Mass-H1-Ideal,CH,HYD500,2040-Hhigh,1596.211127699795,4695.6,0.6428910272636197,93.52354906040544,0.058590964213597906,2.941716116693504,4,HYD500,500,625.7135285713999,0.0,0.0,6,0.0,0.0
Mass-H1-Ideal,CH,HYD500,2040-Hlow,1596.211127699795,4695.6,0.6428910272636197,132.61843204420487,0.0830832649533733,2.941716116693504,4,HYD500,500,625.7135285713999,0.0,0.0,6,0.0,0.0
Mass-H1-Ideal,CH,HYD500,2045-Hhigh,1596.211127699795,4695.6,0.6428910272636197,86.78749498765352,0.05437093720347497,2.941716116693504,4,HYD500,500,625.7135285713999,0.0,0.0,6,0.0,0.0
Mass-H1-Ideal,CH,HYD500,2045-Hlow,1596.211127699795,4695.6,0.6428910272636197,120.90512514505193,0.0757450709664461,2.941716116693504,4,HYD500,500,625.7135285713999,0.0,0.0,6,0.0,0.0
Mass-H1-Ideal,CH,HYD1000,2024-Hhigh,1917.284448064167,5506.922866666166,0.8009485387408013,179.00925285886382,0.09336603811688186,2.872251361672685,5,HYD1000,1000,961.9934129506041,0.0,0.0,5,0.0,0.0
Mass-H1-Ideal,CH,HYD1000,2024-Hlow,1917.284448064167,5506.922866666166,0.8009485387408013,256.9262625883801,0.13400529214524842,2.872251361672685,5,HYD1000,1000,961.9934129506041,0.0,0.0,5,0.0,0.0
Mass-H1-Ideal,CH,HYD1000,2025-Hhigh,1917.284448064167,5506.922866666166,0.8138090369879363,141.29148830854942,0.07369354529068851,2.872251361672685,5,HYD1000,1000,961.9934129506041,0.0,0.0,5,0.0,0.0
Mass-H1-Ideal,CH,HYD1000,2025-Hlow,1917.284448064167,5506.922866666166,0.8138090369879363,180.39435046767755,0.09408846488574875,2.872251361672685,5,HYD1000,1000,961.9934129506041,0.0,0.0,5,0.0,0.0
Mass-H1-Ideal,CH,HYD1000,2030-Hhigh,1917.284448064167,5506.922866666166,0.7981122945246709,130.18022582021112,0.06789823281133416,2.872251361672685,5,HYD1000,1000,961.9934129506041,0.0,0.0,5,0.0,0.0
Mass-H1-Ideal,CH,HYD1000,2030-Hlow,1917.284448064167,5506.922866666166,0.7981122945246709,163.1391313047752,0.08508864267349198,2.872251361672685,5,HYD1000,1000,961.9934129506041,0.0,0.0,5,0.0,0.0
Mass-H1-Ideal,CH,HYD1000,2035-Hhigh,1917.284448064167,5506.922866666166,0.7981122945246709,107.53541010159837,0.0560873532407641,2.872251361672685,5,HYD1000,1000,961.9934129506041,0.0,0.0,5,0.0,0.0
Mass-H1-Ideal,CH,HYD1000,2035-Hlow,1917.284448064167,5506.922866666166,0.7981122945246709,136.78871677778938,0.07134503016279167,2.872251361672685,5,HYD1000,1000,961.9934129506041,0.0,0.0,5,0.0,0.0
Mass-H1-Ideal,CH,HYD1000,2040-Hhigh,1917.284448064167,5506.922866666166,0.7981122945246709,113.18532623632917,0.05903418574672605,2.872251361672685,5,HYD1000,1000,961.9934129506041,0.0,0.0,5,0.0,0.0
Mass-H1-Ideal,CH,HYD1000,2040-Hlow,1917.284448064167,5506.922866666166,0.7981122945246709,159.80070825907706,0.08334741796942219,2.872251361672685,5,HYD1000,1000,961.9934129506041,0.0,0.0,5,0.0,0.0
Mass-H1-Ideal,CH,HYD1000,2045-Hhigh,1917.284448064167,5506.922866666166,0.7981122945246709,105.2535154557931,0.054897183129016085,2.872251361672685,5,HYD1000,1000,961.9934129506041,0.0,0.0,5,0.0,0.0
Mass-H1-Ideal,CH,HYD1000,2045-Hlow,1917.284448064167,5506.922866666166,0.7981122945246709,145.76107290686198,0.07602475107646818,2.872251361672685,5,HYD1000,1000,961.9934129506041,0.0,0.0,5,0.0,0.0
Mass-H1-Ideal,CH,HYD200,2024-Hhigh,1634.9273540150357,4913.038799999999,0.7340336677516018,155.00153278133078,0.09480637313987059,3.0050502170231694,5,HYD200,200,362.2269961546847,673.9339137267946,129.0,11.2,-783.1027702615744,194.0
Mass-H1-Ideal,CH,HYD200,2024-Hlow,1634.9273540150357,4913.038799999999,0.7340336677516018,227.8402845695312,0.13935804793405876,3.0050502170231694,5,HYD200,200,362.2269961546847,673.9339137267946,129.0,11.2,-783.1027702615744,194.0
Mass-H1-Ideal,CH,HYD200,2025-Hhigh,1634.9273540150357,4913.038799999999,0.7472441152133473,122.12859450435263,0.07469970711813625,3.0050502170231694,5,HYD200,200,362.2269961546847,673.9339137267946,129.0,11.2,-783.1027702615744,194.0
Mass-H1-Ideal,CH,HYD200,2025-Hlow,1634.9273540150357,4913.038799999999,0.7472441152133473,158.7810028607296,0.09711807834812784,3.0050502170231694,5,HYD200,200,362.2269961546847,673.9339137267946,129.0,11.2,-783.1027702615744,194.0
Mass-H1-Ideal,CH,HYD200,2030-Hhigh,1634.9273540150357,4913.038799999999,0.7242267940878849,111.94030327130356,0.06846805945010453,3.0050502170231694,5,HYD200,200,362.2269961546847,673.9339137267946,129.0,11.2,-783.1027702615744,194.0
Mass-H1-Ideal,CH,HYD200,2030-Hlow,1634.9273540150357,4913.038799999999,0.7242267940878849,142.19676106448986,0.08697436049087116,3.0050502170231694,5,HYD200,200,362.2269961546847,673.9339137267946,129.0,11.2,-783.1027702615744,194.0
Mass-H1-Ideal,CH,HYD200,2035-Hhigh,1634.9273540150357,4913.038799999999,0.7242267940878849,91.85944977519637,0.05618564613871619,3.0050502170231694,5,HYD200,200,362.2269961546847,673.9339137267946,129.0,11.2,-783.1027702615744,194.0
Mass-H1-Ideal,CH,HYD200,2035-Hlow,1634.9273540150357,4913.038799999999,0.7242267940878849,118.25135277837006,0.07232820008055389,3.0050502170231694,5,HYD200,200,362.2269961546847,673.9339137267946,129.0,11.2,-783.1027702615744,194.0
Mass-H1-Ideal,CH,HYD200,2040-Hhigh,1634.9273540150357,4913.038799999999,0.7242267940878849,96.93287730849235,0.05928879779914729,3.0050502170231694,5,HYD200,200,362.2269961546847,673.9339137267946,129.0,11.2,-783.1027702615744,194.0
Mass-H1-Ideal,CH,HYD200,2040-Hlow,1634.9273540150357,4913.038799999999,0.7242267940878849,138.9228335052783,0.08497186933970688,3.0050502170231694,5,HYD200,200,362.2269961546847,673.9339137267946,129.0,11.2,-783.1027702615744,194.0
Mass-H1-Ideal,CH,HYD200,2045-Hhigh,1634.9273540150357,4913.038799999999,0.7242267940878849,89.69053395506408,0.054859033176491365,3.0050502170231694,5,HYD200,200,362.2269961546847,673.9339137267946,129.0,11.2,-783.1027702615744,194.0
Mass-H1-Ideal,CH,HYD200,2045-Hlow,1634.9273540150357,4913.038799999999,0.7242267940878849,125.97246433428778,0.07705080230318861,3.0050502170231694,5,HYD200,200,362.2269961546847,673.9339137267946,129.0,11.2,-783.1027702615744,194.0
Mass-H1-Ideal,CH,HYD500,2024-Hhigh,1749.3599444098772,5171.8,0.7267664251732148,161.44878301010584,0.09229020221139703,2.956395575722775,5,HYD500,500,623.3202958199718,0.0,0.0,6,0.0,0.0
Mass-H1-Ideal,CH,HYD500,2024-Hlow,1749.3599444098772,5171.8,0.7267664251732148,231.88014965832684,0.13255142282141852,2.956395575722775,5,HYD500,500,623.3202958199718,0.0,0.0,6,0.0,0.0
Mass-H1-Ideal,CH,HYD500,2025-Hhigh,1749.3599444098772,5171.8,0.7406319483228873,127.00135103155077,0.07259875329681963,2.956395575722775,5,HYD500,500,623.3202958199718,0.0,0.0,6,0.0,0.0
Mass-H1-Ideal,CH,HYD500,2025-Hlow,1749.3599444098772,5171.8,0.7406319483228873,162.71924013554099,0.09301644333146779,2.956395575722775,5,HYD500,500,623.3202958199718,0.0,0.0,6,0.0,0.0
Mass-H1-Ideal,CH,HYD500,2030-Hhigh,1749.3599444098772,5171.8,0.7211287807667556,116.44258776754623,0.06656296672371023,2.956395575722775,5,HYD500,500,623.3202958199718,0.0,0.0,6,0.0,0.0
Mass-H1-Ideal,CH,HYD500,2030-Hlow,1749.3599444098772,5171.8,0.7211287807667556,146.2693805186432,0.08361308430895004,2.956395575722775,5,HYD500,500,623.3202958199718,0.0,0.0,6,0.0,0.0
Mass-H1-Ideal,CH,HYD500,2035-Hhigh,1749.3599444098772,5171.8,0.7211287807667556,95.77427999007764,0.0547481839264279,2.956395575722775,5,HYD500,500,623.3202958199718,0.0,0.0,6,0.0,0.0
Mass-H1-Ideal,CH,HYD500,2035-Hlow,1749.3599444098772,5171.8,0.7211287807667556,122.18973840459394,0.06984825438301263,2.956395575722775,5,HYD500,500,623.3202958199718,0.0,0.0,6,0.0,0.0
Mass-H1-Ideal,CH,HYD500,2040-Hhigh,1749.3599444098772,5171.8,0.7211287807667556,100.85347748262754,0.0576516444228115,2.956395575722775,5,HYD500,500,623.3202958199718,0.0,0.0,6,0.0,0.0
Mass-H1-Ideal,CH,HYD500,2040-Hlow,1749.3599444098772,5171.8,0.7211287807667556,141.86768724569015,0.08109691072956816,2.956395575722775,5,HYD500,500,623.3202958199718,0.0,0.0,6,0.0,0.0
Mass-H1-Ideal,CH,HYD500,2045-Hhigh,1749.3599444098772,5171.8,0.7211287807667556,93.32781084883393,0.05334969006639557,2.956395575722775,5,HYD500,500,623.3202958199718,0.0,0.0,6,0.0,0.0
Mass-H1-Ideal,CH,HYD500,2045-Hlow,1749.3599444098772,5171.8,0.7211287807667556,128.86915750735116,0.07366646179315796,2.956395575722775,5,HYD500,500,623.3202958199718,0.0,0.0,6,0.0,0.0
Mass-H1-Real,AK,HYD1000,2024-Hhigh,923.9190574968112,3060.524044442293,0.33021276691520396,76.73710555801546,0.0830560912618477,3.3125456387210153,3,HYD1000,1000,861.4321648252535,0.0,0.0,5,0.0,0.0
Mass-H1-Real,AK,HYD1000,2024-Hlow,923.9190574968112,3060.524044442293,0.33021276691520396,110.25691356346049,0.11933611788697304,3.3125456387210153,3,HYD1000,1000,861.4321648252535,0.0,0.0,5,0.0,0.0
Mass-H1-Real,AK,HYD1000,2025-Hhigh,923.9190574968112,3060.524044442293,0.3498752545101411,60.357021425643694,0.06532717442712996,3.3125456387210153,3,HYD1000,1000,861.4321648252535,0.0,0.0,5,0.0,0.0
Mass-H1-Real,AK,HYD1000,2025-Hlow,923.9190574968112,3060.524044442293,0.3498752545101411,77.7066810217933,0.08410550728580625,3.3125456387210153,3,HYD1000,1000,861.4321648252535,0.0,0.0,5,0.0,0.0
Mass-H1-Real,AK,HYD1000,2030-Hhigh,923.9190574968112,3060.524044442293,0.3194934354230267,55.78558908711377,0.06037930339726357,3.3125456387210153,3,HYD1000,1000,861.4321648252535,0.0,0.0,5,0.0,0.0
Mass-H1-Real,AK,HYD1000,2030-Hlow,923.9190574968112,3060.524044442293,0.3194934354230267,70.81720994073473,0.07664871653649069,3.3125456387210153,3,HYD1000,1000,861.4321648252535,0.0,0.0,5,0.0,0.0
Mass-H1-Real,AK,HYD1000,2035-Hhigh,923.9190574968112,3060.524044442293,0.3194934354230267,47.00471458396175,0.05087535991660609,3.3125456387210153,3,HYD1000,1000,861.4321648252535,0.0,0.0,5,0.0,0.0
Mass-H1-Real,AK,HYD1000,2035-Hlow,923.9190574968112,3060.524044442293,0.3194934354230267,60.328695223121194,0.06529651567808407,3.3125456387210153,3,HYD1000,1000,861.4321648252535,0.0,0.0,5,0.0,0.0
Mass-H1-Real,AK,HYD1000,2040-Hhigh,923.9190574968112,3060.524044442293,0.3194934354230267,49.05805993411378,0.053097789829151885,3.3125456387210153,3,HYD1000,1000,861.4321648252535,0.0,0.0,5,0.0,0.0
Mass-H1-Real,AK,HYD1000,2040-Hlow,923.9190574968112,3060.524044442293,0.3194934354230267,70.01254772173735,0.07577779368619528,3.3125456387210153,3,HYD1000,1000,861.4321648252535,0.0,0.0,5,0.0,0.0
Mass-H1-Real,AK,HYD1000,2045-Hhigh,923.9190574968112,3060.524044442293,0.3194934354230267,45.69992130871328,0.04946312227017896,3.3125456387210153,3,HYD1000,1000,861.4321648252535,0.0,0.0,5,0.0,0.0
Mass-H1-Real,AK,HYD1000,2045-Hlow,923.9190574968112,3060.524044442293,0.3194934354230267,64.71325161965716,0.070042122299096,3.3125456387210153,3,HYD1000,1000,861.4321648252535,0.0,0.0,5,0.0,0.0
Mass-H1-Real,AK,HYD200,2024-Hhigh,805.5686841846001,2523.65,0.2782451144512764,67.37321454722675,0.08363435157043399,3.132755840123613,3,HYD200,200,320.0831017930943,654.3796786328927,128.0,8.5,-556.6827523194318,90.0
Mass-H1-Real,AK,HYD200,2024-Hlow,805.5686841846001,2523.65,0.2782451144512764,99.69261926600339,0.12375433805115285,3.132755840123613,3,HYD200,200,320.0831017930943,654.3796786328927,128.0,8.5,-556.6827523194318,90.0
Mass-H1-Real,AK,HYD200,2025-Hhigh,805.5686841846001,2523.65,0.3027149481085463,52.750607359696815,0.06548244537719486,3.132755840123613,3,HYD200,200,320.0831017930943,654.3796786328927,128.0,8.5,-556.6827523194318,90.0
Mass-H1-Real,AK,HYD200,2025-Hlow,805.5686841846001,2523.65,0.3027149481085463,69.29645738272649,0.08602178652571213,3.132755840123613,3,HYD200,200,320.0831017930943,654.3796786328927,128.0,8.5,-556.6827523194318,90.0
Mass-H1-Real,AK,HYD200,2030-Hhigh,805.5686841846001,2523.65,0.27486990524069493,48.889942766607064,0.06068997433296909,3.132755840123613,3,HYD200,200,320.0831017930943,654.3796786328927,128.0,8.5,-556.6827523194318,90.0
Mass-H1-Real,AK,HYD200,2030-Hlow,805.5686841846001,2523.65,0.27486990524069493,63.216063859399995,0.07847383482066157,3.132755840123613,3,HYD200,200,320.0831017930943,654.3796786328927,128.0,8.5,-556.6827523194318,90.0
Mass-H1-Real,AK,HYD200,2035-Hhigh,805.5686841846001,2523.65,0.27486990524069493,41.525418517511156,0.05154795529265559,3.132755840123613,3,HYD200,200,320.0831017930943,654.3796786328927,128.0,8.5,-556.6827523194318,90.0
Mass-H1-Real,AK,HYD200,2035-Hlow,805.5686841846001,2523.65,0.27486990524069493,53.938017923125095,0.06695644826079775,3.132755840123613,3,HYD200,200,320.0831017930943,654.3796786328927,128.0,8.5,-556.6827523194318,90.0
Mass-H1-Real,AK,HYD200,2040-Hhigh,805.5686841846001,2523.65,0.27486990524069493,43.39640866775608,0.053870525902682154,3.132755840123613,3,HYD200,200,320.0831017930943,654.3796786328927,128.0,8.5,-556.6827523194318,90.0
Mass-H1-Real,AK,HYD200,2040-Hlow,805.5686841846001,2523.65,0.27486990524069493,63.037917922911156,0.07825269174498559,3.132755840123613,3,HYD200,200,320.0831017930943,654.3796786328927,128.0,8.5,-556.6827523194318,90.0
Mass-H1-Real,AK,HYD200,2045-Hhigh,805.5686841846001,2523.65,0.27486990524069493,40.41752823662906,0.05017266563376883,3.132755840123613,3,HYD200,200,320.0831017930943,654.3796786328927,128.0,8.5,-556.6827523194318,90.0
Mass-H1-Real,AK,HYD200,2045-Hlow,805.5686841846001,2523.65,0.27486990524069493,58.01882493143041,0.07202219509085969,3.132755840123613,3,HYD200,200,320.0831017930943,654.3796786328927,128.0,8.5,-556.6827523194318,90.0
Mass-H1-Real,AK,HYD500,2024-Hhigh,831.6091186415439,2756.4662333314386,0.29541772372700287,69.28362442717668,0.08331272814847601,3.3146176148647832,3,HYD500,500,554.2117650565093,0.0,0.0,5,0.0,0.0
Mass-H1-Real,AK,HYD500,2024-Hlow,831.6091186415439,2756.4662333314386,0.29541772372700287,100.25925363788485,0.1205605510935968,3.3146176148647832,3,HYD500,500,554.2117650565093,0.0,0.0,5,0.0,0.0
Mass-H1-Real,AK,HYD500,2025-Hhigh,831.6091186415439,2756.4662333314386,0.31251970774939036,54.40643779680924,0.06542308949868617,3.3146176148647832,3,HYD500,500,554.2117650565093,0.0,0.0,5,0.0,0.0
Mass-H1-Real,AK,HYD500,2025-Hlow,831.6091186415439,2756.4662333314386,0.31251970774939036,70.20441196621452,0.08441996413037815,3.3146176148647832,3,HYD500,500,554.2117650565093,0.0,0.0,5,0.0,0.0
Mass-H1-Real,AK,HYD500,2030-Hhigh,831.6091186415439,2756.4662333314386,0.28737978951701926,50.38278581712225,0.060584696208507066,3.3146176148647832,3,HYD500,500,554.2117650565093,0.0,0.0,5,0.0,0.0
Mass-H1-Real,AK,HYD500,2030-Hlow,831.6091186415439,2756.4662333314386,0.28737978951701926,64.10480773075281,0.07708526312875183,3.3146176148647832,3,HYD500,500,554.2117650565093,0.0,0.0,5,0.0,0.0
Mass-H1-Real,AK,HYD500,2035-Hhigh,831.6091186415439,2756.4662333314386,0.28737978951701926,42.656294097179114,0.05129368250177359,3.3146176148647832,3,HYD500,500,554.2117650565093,0.0,0.0,5,0.0,0.0
Mass-H1-Real,AK,HYD500,2035-Hlow,831.6091186415439,2756.4662333314386,0.28737978951701926,54.821619599172465,0.0659223406409072,3.3146176148647832,3,HYD500,500,554.2117650565093,0.0,0.0,5,0.0,0.0
Mass-H1-Real,AK,HYD500,2040-Hhigh,831.6091186415439,2756.4662333314386,0.28737978951701926,44.46948740834349,0.05347402573096554,3.3146176148647832,3,HYD500,500,554.2117650565093,0.0,0.0,5,0.0,0.0
Mass-H1-Real,AK,HYD500,2040-Hlow,831.6091186415439,2756.4662333314386,0.28737978951701926,63.90084908565941,0.07684000530206209,3.3146176148647832,3,HYD500,500,554.2117650565093,0.0,0.0,5,0.0,0.0
Mass-H1-Real,AK,HYD500,2045-Hhigh,831.6091186415439,2756.4662333314386,0.28737978951701926,41.47917844599275,0.04987821503659089,3.3146176148647832,3,HYD500,500,554.2117650565093,0.0,0.0,5,0.0,0.0
Mass-H1-Real,AK,HYD500,2045-Hlow,831.6091186415439,2756.4662333314386,0.28737978951701926,58.97298219952873,0.07091430442208559,3.3146176148647832,3,HYD500,500,554.2117650565093,0.0,0.0,5,0.0,0.0
Mass-H1-Real,AK,HYD1000,2024-Hhigh,1061.843401274074,3530.518788886547,0.3823033189978464,88.29678993891088,0.08315424838819567,3.324895916526282,4,HYD1000,1000,852.1081540923494,0.0,0.0,5,0.0,0.0
Mass-H1-Real,AK,HYD1000,2024-Hlow,1061.843401274074,3530.518788886547,0.3823033189978464,122.73921185568992,0.11559069040540142,3.324895916526282,4,HYD1000,1000,852.1081540923494,0.0,0.0,5,0.0,0.0
Mass-H1-Real,AK,HYD1000,2025-Hhigh,1061.843401274074,3530.518788886547,0.37556975578389346,68.90296935476957,0.06488995389724601,3.324895916526282,4,HYD1000,1000,852.1081540923494,0.0,0.0,5,0.0,0.0
Mass-H1-Real,AK,HYD1000,2025-Hlow,1061.843401274074,3530.518788886547,0.37556975578389346,87.3198098248513,0.08223416910636623,3.324895916526282,4,HYD1000,1000,852.1081540923494,0.0,0.0,5,0.0,0.0
Mass-H1-Real,AK,HYD1000,2030-Hhigh,1061.843401274074,3530.518788886547,0.3599691186870391,63.0462200862203,0.05937431076048788,3.324895916526282,4,HYD1000,1000,852.1081540923494,0.0,0.0,5,0.0,0.0
Mass-H1-Real,AK,HYD1000,2030-Hlow,1061.843401274074,3530.518788886547,0.3599691186870391,78.68293668519385,0.07410032081075661,3.324895916526282,4,HYD1000,1000,852.1081540923494,0.0,0.0,5,0.0,0.0
Mass-H1-Real,AK,HYD1000,2035-Hhigh,1061.843401274074,3530.518788886547,0.3599691186870391,51.979342866405005,0.04895198557907555,3.324895916526282,4,HYD1000,1000,852.1081540923494,0.0,0.0,5,0.0,0.0
Mass-H1-Real,AK,HYD1000,2035-Hlow,1061.843401274074,3530.518788886547,0.3599691186870391,66.33977890627442,0.062476047623100835,3.324895916526282,4,HYD1000,1000,852.1081540923494,0.0,0.0,5,0.0,0.0
Mass-H1-Real,AK,HYD1000,2040-Hhigh,1061.843401274074,3530.518788886547,0.3599691186870391,54.453782150580594,0.05128230969391827,3.324895916526282,4,HYD1000,1000,852.1081540923494,0.0,0.0,5,0.0,0.0
Mass-H1-Real,AK,HYD1000,2040-Hlow,1061.843401274074,3530.518788886547,0.3599691186870391,76.16340876493582,0.07172753409170282,3.324895916526282,4,HYD1000,1000,852.1081540923494,0.0,0.0,5,0.0,0.0
Mass-H1-Real,AK,HYD1000,2045-Hhigh,1061.843401274074,3530.518788886547,0.3599691186870391,50.22671790500496,0.047301436204942676,3.324895916526282,4,HYD1000,1000,852.1081540923494,0.0,0.0,5,0.0,0.0
Mass-H1-Real,AK,HYD1000,2045-Hlow,1061.843401274074,3530.518788886547,0.3599691186870391,69.90394971747402,0.06583263561613546,3.324895916526282,4,HYD1000,1000,852.1081540923494,0.0,0.0,5,0.0,0.0
Mass-H1-Real,AK,HYD200,2024-Hhigh,946.9901213709248,3000.075,0.30066594501069693,79.08629365338378,0.0835133248685776,3.1680108718102518,4,HYD200,200,317.88834568185274,1237.9307619610156,184.0,8.5,-468.99950592849274,98.0
Mass-H1-Real,AK,HYD200,2024-Hlow,946.9901213709248,3000.075,0.30066594501069693,112.58631333488171,0.11888858267274678,3.1680108718102518,4,HYD200,200,317.88834568185274,1237.9307619610156,184.0,8.5,-468.99950592849274,98.0
Mass-H1-Real,AK,HYD200,2025-Hhigh,946.9901213709248,3000.075,0.3019918709338206,61.28044404296396,0.06471075321699278,3.1680108718102518,4,HYD200,200,317.88834568185274,1237.9307619610156,184.0,8.5,-468.99950592849274,98.0
Mass-H1-Real,AK,HYD200,2025-Hlow,946.9901213709248,3000.075,0.3019918709338206,79.51824239027724,0.08396945289689128,3.1680108718102518,4,HYD200,200,317.88834568185274,1237.9307619610156,184.0,8.5,-468.99950592849274,98.0
Mass-H1-Real,AK,HYD200,2030-Hhigh,946.9901213709248,3000.075,0.2905344752213067,56.03880915870021,0.0591757061600334,3.1680108718102518,4,HYD200,200,317.88834568185274,1237.9307619610156,184.0,8.5,-468.99950592849274,98.0
Mass-H1-Real,AK,HYD200,2030-Hlow,946.9901213709248,3000.075,0.2905344752213067,71.18451294401324,0.07516922440644035,3.1680108718102518,4,HYD200,200,317.88834568185274,1237.9307619610156,184.0,8.5,-468.99950592849274,98.0
Mass-H1-Real,AK,HYD200,2035-Hhigh,946.9901213709248,3000.075,0.2905344752213067,46.17080268286858,0.04875531607027612,3.1680108718102518,4,HYD200,200,317.88834568185274,1237.9307619610156,184.0,8.5,-468.99950592849274,98.0
Mass-H1-Real,AK,HYD200,2035-Hlow,946.9901213709248,3000.075,0.2905344752213067,59.53919522116514,0.06287203411897507,3.1680108718102518,4,HYD200,200,317.88834568185274,1237.9307619610156,184.0,8.5,-468.99950592849274,98.0
Mass-H1-Real,AK,HYD200,2040-Hhigh,946.9901213709248,3000.075,0.2905344752213067,48.46908946866967,0.05118225457146548,3.1680108718102518,4,HYD200,200,317.88834568185274,1237.9307619610156,184.0,8.5,-468.99950592849274,98.0
Mass-H1-Real,AK,HYD200,2040-Hlow,946.9901213709248,3000.075,0.2905344752213067,68.70368965668388,0.0725495315169961,3.1680108718102518,4,HYD200,200,317.88834568185274,1237.9307619610156,184.0,8.5,-468.99950592849274,98.0
Mass-H1-Real,AK,HYD200,2045-Hhigh,946.9901213709248,3000.075,0.2905344752213067,44.54570489349937,0.04703924981710696,3.1680108718102518,4,HYD200,200,317.88834568185274,1237.9307619610156,184.0,8.5,-468.99950592849274,98.0
Mass-H1-Real,AK,HYD200,2045-Hlow,946.9901213709248,3000.075,0.2905344752213067,62.46937531044303,0.0659662375569539,3.1680108718102518,4,HYD200,200,317.88834568185274,1237.9307619610156,184.0,8.5,-468.99950592849274,98.0
Mass-H1-Real,AK,HYD500,2024-Hhigh,970.3300595580679,3230.2286333309726,0.34035091294654096,80.82868845225778,0.0833002004380559,3.328999860936148,4,HYD500,500,548.6700004478618,0.0,0.0,5,0.0,0.0
Mass-H1-Real,AK,HYD500,2024-Hlow,970.3300595580679,3230.2286333309726,0.34035091294654096,112.6645984075808,0.11610956220287903,3.328999860936148,4,HYD500,500,548.6700004478618,0.0,0.0,5,0.0,0.0
Mass-H1-Real,AK,HYD500,2025-Hhigh,970.3300595580679,3230.2286333309726,0.33731100629314686,62.812232040991255,0.06473285190154655,3.328999860936148,4,HYD500,500,548.6700004478618,0.0,0.0,5,0.0,0.0
Mass-H1-Real,AK,HYD500,2025-Hlow,970.3300595580679,3230.2286333309726,0.33731100629314686,79.87029851918557,0.08231250565973613,3.328999860936148,4,HYD500,500,548.6700004478618,0.0,0.0,5,0.0,0.0
Mass-H1-Real,AK,HYD500,2030-Hhigh,970.3300595580679,3230.2286333309726,0.326057775664016,57.520738457550905,0.05927955945603545,3.328999860936148,4,HYD500,500,548.6700004478618,0.0,0.0,5,0.0,0.0
Mass-H1-Real,AK,HYD500,2030-Hlow,970.3300595580679,3230.2286333309726,0.326057775664016,71.88065828322976,0.07407856489158696,3.328999860936148,4,HYD500,500,548.6700004478618,0.0,0.0,5,0.0,0.0
Mass-H1-Real,AK,HYD500,2035-Hhigh,970.3300595580679,3230.2286333309726,0.326057775664016,47.385144215230845,0.048834047495974905,3.328999860936148,4,HYD500,500,548.6700004478618,0.0,0.0,5,0.0,0.0
Mass-H1-Real,AK,HYD500,2035-Hlow,970.3300595580679,3230.2286333309726,0.326057775664016,60.53075268251219,0.062381611376731566,3.328999860936148,4,HYD500,500,548.6700004478618,0.0,0.0,5,0.0,0.0
Mass-H1-Real,AK,HYD500,2040-Hhigh,970.3300595580679,3230.2286333309726,0.326057775664016,49.62768194752543,0.051145155670152195,3.328999860936148,4,HYD500,500,548.6700004478618,0.0,0.0,5,0.0,0.0
Mass-H1-Real,AK,HYD500,2040-Hlow,970.3300595580679,3230.2286333309726,0.326057775664016,69.68618243324397,0.07181698819573022,3.328999860936148,4,HYD500,500,548.6700004478618,0.0,0.0,5,0.0,0.0
Mass-H1-Real,AK,HYD500,2045-Hhigh,970.3300595580679,3230.2286333309726,0.326057775664016,45.73548300723239,0.047133944328244755,3.328999860936148,4,HYD500,500,548.6700004478618,0.0,0.0,5,0.0,0.0
Mass-H1-Real,AK,HYD500,2045-Hlow,970.3300595580679,3230.2286333309726,0.326057775664016,63.69024287929524,0.06563770982041167,3.328999860936148,4,HYD500,500,548.6700004478618,0.0,0.0,5,0.0,0.0
Mass-H1-Real,AK,HYD1000,2024-Hhigh,1201.6654526018049,4002.2054888849734,0.41206541389863904,99.88564867953492,0.08312267650140556,3.3305488480338146,5,HYD1000,1000,845.5635167104813,0.0,0.0,5,0.0,0.0
Mass-H1-Real,AK,HYD1000,2024-Hlow,1201.6654526018049,4002.2054888849734,0.41206541389863904,137.18253585533603,0.11416033935095088,3.3305488480338146,5,HYD1000,1000,845.5635167104813,0.0,0.0,5,0.0,0.0
Mass-H1-Real,AK,HYD1000,2025-Hhigh,1201.6654526018049,4002.2054888849734,0.42221154757266893,77.83447633624492,0.0647721678007139,3.3305488480338146,5,HYD1000,1000,845.5635167104813,0.0,0.0,5,0.0,0.0
Mass-H1-Real,AK,HYD1000,2025-Hlow,1201.6654526018049,4002.2054888849734,0.42221154757266893,96.96264973984457,0.08069022000250099,3.3305488480338146,5,HYD1000,1000,845.5635167104813,0.0,0.0,5,0.0,0.0
Mass-H1-Real,AK,HYD1000,2030-Hhigh,1201.6654526018049,4002.2054888849734,0.40402747968865554,70.87994759987133,0.05898475939905279,3.3305488480338146,5,HYD1000,1000,845.5635167104813,0.0,0.0,5,0.0,0.0
Mass-H1-Real,AK,HYD1000,2030-Hlow,1201.6654526018049,4002.2054888849734,0.40402747968865554,87.4788224747897,0.07279798406901317,3.3305488480338146,5,HYD1000,1000,845.5635167104813,0.0,0.0,5,0.0,0.0
Mass-H1-Real,AK,HYD1000,2035-Hhigh,1201.6654526018049,4002.2054888849734,0.40402747968865554,58.45353460664217,0.048643767264907704,3.3305488480338146,5,HYD1000,1000,845.5635167104813,0.0,0.0,5,0.0,0.0
Mass-H1-Real,AK,HYD1000,2035-Hlow,1201.6654526018049,4002.2054888849734,0.40402747968865554,74.11720283682457,0.061678733191795225,3.3305488480338146,5,HYD1000,1000,845.5635167104813,0.0,0.0,5,0.0,0.0
Mass-H1-Real,AK,HYD1000,2040-Hhigh,1201.6654526018049,4002.2054888849734,0.40402747968865554,61.3523199256985,0.05105607371241352,3.3305488480338146,5,HYD1000,1000,845.5635167104813,0.0,0.0,5,0.0,0.0
Mass-H1-Real,AK,HYD1000,2040-Hlow,1201.6654526018049,4002.2054888849734,0.40402747968865554,85.00373161949713,0.07073826699057542,3.3305488480338146,5,HYD1000,1000,845.5635167104813,0.0,0.0,5,0.0,0.0
Mass-H1-Real,AK,HYD1000,2045-Hhigh,1201.6654526018049,4002.2054888849734,0.40402747968865554,56.46989673371357,0.0469930267292339,3.3305488480338146,5,HYD1000,1000,845.5635167104813,0.0,0.0,5,0.0,0.0
Mass-H1-Real,AK,HYD1000,2045-Hlow,1201.6654526018049,4002.2054888849734,0.40402747968865554,77.6297287379515,0.0646017812777011,3.3305488480338146,5,HYD1000,1000,845.5635167104813,0.0,0.0,5,0.0,0.0
Mass-H1-Real,AK,HYD200,2024-Hhigh,1094.6720845918549,3477.775,0.40699087953573365,91.17808332794289,0.08329259931930973,3.1770016326822454,5,HYD200,200,316.71454677362755,1827.5951476569803,262.0,8.5,-489.1734003901646,101.0
Mass-H1-Real,AK,HYD200,2024-Hlow,1094.6720845918549,3477.775,0.40699087953573365,128.14308296584989,0.11706070225918627,3.1770016326822454,5,HYD200,200,316.71454677362755,1827.5951476569803,262.0,8.5,-489.1734003901646,101.0
Mass-H1-Real,AK,HYD200,2025-Hhigh,1094.6720845918549,3477.775,0.413247056901681,70.44849483595598,0.0643557973456704,3.1770016326822454,5,HYD200,200,316.71454677362755,1827.5951476569803,262.0,8.5,-489.1734003901646,101.0
Mass-H1-Real,AK,HYD200,2025-Hlow,1094.6720845918549,3477.775,0.413247056901681,89.69788160436386,0.0819404119890455,3.1770016326822454,5,HYD200,200,316.71454677362755,1827.5951476569803,262.0,8.5,-489.1734003901646,101.0
Mass-H1-Real,AK,HYD200,2030-Hhigh,1094.6720845918549,3477.775,0.39685940974634354,63.892539034007584,0.05836682960434651,3.1770016326822454,5,HYD200,200,316.71454677362755,1827.5951476569803,262.0,8.5,-489.1734003901646,101.0
Mass-H1-Real,AK,HYD200,2030-Hlow,1094.6720845918549,3477.775,0.39685940974634354,80.32615648366607,0.07337919511633059,3.1770016326822454,5,HYD200,200,316.71454677362755,1827.5951476569803,262.0,8.5,-489.1734003901646,101.0
Mass-H1-Real,AK,HYD200,2035-Hhigh,1094.6720845918549,3477.775,0.39685940974634354,52.55881740398859,0.048013298360106614,3.1770016326822454,5,HYD200,200,316.71454677362755,1827.5951476569803,262.0,8.5,-489.1734003901646,101.0
Mass-H1-Real,AK,HYD200,2035-Hlow,1094.6720845918549,3477.775,0.39685940974634354,67.7027283196965,0.0618474968647248,3.1770016326822454,5,HYD200,200,316.71454677362755,1827.5951476569803,262.0,8.5,-489.1734003901646,101.0
Mass-H1-Real,AK,HYD200,2040-Hhigh,1094.6720845918549,3477.775,0.39685940974634354,55.42493443676351,0.050631540912481135,3.1770016326822454,5,HYD200,200,316.71454677362755,1827.5951476569803,262.0,8.5,-489.1734003901646,101.0
Mass-H1-Real,AK,HYD200,2040-Hlow,1094.6720845918549,3477.775,0.39685940974634354,77.8852170733055,0.0711493589446421,3.1770016326822454,5,HYD200,200,316.71454677362755,1827.5951476569803,262.0,8.5,-489.1734003901646,101.0
Mass-H1-Real,AK,HYD200,2045-Hhigh,1094.6720845918549,3477.775,0.39685940974634354,50.75268863781049,0.0463633715997549,3.1770016326822454,5,HYD200,200,316.71454677362755,1827.5951476569803,262.0,8.5,-489.1734003901646,101.0
Mass-H1-Real,AK,HYD200,2045-Hlow,1094.6720845918549,3477.775,0.39685940974634354,70.29480656051304,0.06421540071218884,3.1770016326822454,5,HYD200,200,316.71454677362755,1827.5951476569803,262.0,8.5,-489.1734003901646,101.0
Mass-H1-Real,AK,HYD500,2024-Hhigh,1110.8822771996981,3705.530799995734,0.37973228909353335,92.30873616870011,0.08309497600537037,3.335664701876964,5,HYD500,500,545.4139470464603,0.0,0.0,5,0.0,0.0
Mass-H1-Real,AK,HYD500,2024-Hlow,1110.8822771996981,3705.530799995734,0.37973228909353335,127.1457815218556,0.11445477539020923,3.335664701876964,5,HYD500,500,545.4139470464603,0.0,0.0,5,0.0,0.0
Mass-H1-Real,AK,HYD500,2025-Hhigh,1110.8822771996981,3705.530799995734,0.38729394904097125,71.58833130008183,0.06444277019212247,3.335664701876964,5,HYD500,500,545.4139470464603,0.0,0.0,5,0.0,0.0
Mass-H1-Real,AK,HYD500,2025-Hlow,1110.8822771996981,3705.530799995734,0.38729394904097125,89.33742008393499,0.08042024066594701,3.335664701876964,5,HYD500,500,545.4139470464603,0.0,0.0,5,0.0,0.0
Mass-H1-Real,AK,HYD500,2030-Hhigh,1110.8822771996981,3705.530799995734,0.37258780633113675,65.02615990985942,0.05853559935601526,3.335664701876964,5,HYD500,500,545.4139470464603,0.0,0.0,5,0.0,0.0
Mass-H1-Real,AK,HYD500,2030-Hlow,1110.8822771996981,3705.530799995734,0.37258780633113675,80.44546809058413,0.07241583536049412,3.335664701876964,5,HYD500,500,545.4139470464603,0.0,0.0,5,0.0,0.0
Mass-H1-Real,AK,HYD500,2035-Hhigh,1110.8822771996981,3705.530799995734,0.37258780633113675,53.57731452076512,0.048229515962593554,3.335664701876964,5,HYD500,500,545.4139470464603,0.0,0.0,5,0.0,0.0
Mass-H1-Real,AK,HYD500,2035-Hlow,1110.8822771996981,3705.530799995734,0.37258780633113675,68.08562049148796,0.061289681084045707,3.335664701876964,5,HYD500,500,545.4139470464603,0.0,0.0,5,0.0,0.0
Mass-H1-Real,AK,HYD500,2040-Hhigh,1110.8822771996981,3705.530799995734,0.37258780633113675,56.301928697075525,0.05068217384744035,3.335664701876964,5,HYD500,500,545.4139470464603,0.0,0.0,5,0.0,0.0
Mass-H1-Real,AK,HYD500,2040-Hlow,1110.8822771996981,3705.530799995734,0.37258780633113675,78.1304339277672,0.07033187542132519,3.335664701876964,5,HYD500,500,545.4139470464603,0.0,0.0,5,0.0,0.0
Mass-H1-Real,AK,HYD500,2045-Hhigh,1110.8822771996981,3705.530799995734,0.37258780633113675,51.714702857630705,0.04655282014939752,3.335664701876964,5,HYD500,500,545.4139470464603,0.0,0.0,5,0.0,0.0
Mass-H1-Real,AK,HYD500,2045-Hlow,1110.8822771996981,3705.530799995734,0.37258780633113675,70.98193080661454,0.06389689732520096,3.335664701876964,5,HYD500,500,545.4139470464603,0.0,0.0,5,0.0,0.0
Mass-H1-Real,CH,HYD1000,2024-Hhigh,1556.219168484302,4439.320631667332,0.7862913871945053,148.99744818520037,0.09574322897610765,2.852632020971096,3,HYD1000,1000,972.6253268848831,0.0,0.0,5,0.0,0.0
Mass-H1-Real,CH,HYD1000,2024-Hlow,1556.219168484302,4439.320631667332,0.7862913871945053,216.05416587978763,0.13883273658055256,2.852632020971096,3,HYD1000,1000,972.6253268848831,0.0,0.0,5,0.0,0.0
Mass-H1-Real,CH,HYD1000,2025-Hhigh,1556.219168484302,4439.320631667332,0.8178265610407403,117.29140136571607,0.0753694619247965,2.852632020971096,3,HYD1000,1000,972.6253268848831,0.0,0.0,5,0.0,0.0
Mass-H1-Real,CH,HYD1000,2025-Hlow,1556.219168484302,4439.320631667332,0.8178265610407403,147.51654263905124,0.09479162423036257,2.852632020971096,3,HYD1000,1000,972.6253268848831,0.0,0.0,5,0.0,0.0
Mass-H1-Real,CH,HYD1000,2030-Hhigh,1556.219168484302,4439.320631667332,0.7759913424111899,109.53698682155304,0.07038660687378494,2.852632020971096,3,HYD1000,1000,972.6253268848831,0.0,0.0,5,0.0,0.0
Mass-H1-Real,CH,HYD1000,2030-Hlow,1556.219168484302,4439.320631667332,0.7759913424111899,136.2641664489748,0.08756103845044584,2.852632020971096,3,HYD1000,1000,972.6253268848831,0.0,0.0,5,0.0,0.0
Mass-H1-Real,CH,HYD1000,2035-Hhigh,1556.219168484302,4439.320631667332,0.7759913424111899,92.79271827673249,0.05962702436515356,2.852632020971096,3,HYD1000,1000,972.6253268848831,0.0,0.0,5,0.0,0.0
Mass-H1-Real,CH,HYD1000,2035-Hlow,1556.219168484302,4439.320631667332,0.7759913424111899,117.44640378506533,0.0754690638462278,2.852632020971096,3,HYD1000,1000,972.6253268848831,0.0,0.0,5,0.0,0.0
Mass-H1-Real,CH,HYD1000,2040-Hhigh,1556.219168484302,4439.320631667332,0.7759913424111899,95.91828508005668,0.06163546049460207,2.852632020971096,3,HYD1000,1000,972.6253268848831,0.0,0.0,5,0.0,0.0
Mass-H1-Real,CH,HYD1000,2040-Hlow,1556.219168484302,4439.320631667332,0.7759913424111899,138.65346725633864,0.08909636255886877,2.852632020971096,3,HYD1000,1000,972.6253268848831,0.0,0.0,5,0.0,0.0
Mass-H1-Real,CH,HYD1000,2045-Hhigh,1556.219168484302,4439.320631667332,0.7759913424111899,90.02573733783639,0.05784900942038776,2.852632020971096,3,HYD1000,1000,972.6253268848831,0.0,0.0,5,0.0,0.0
Mass-H1-Real,CH,HYD1000,2045-Hlow,1556.219168484302,4439.320631667332,0.7759913424111899,127.39001802338953,0.08185866142971529,2.852632020971096,3,HYD1000,1000,972.6253268848831,0.0,0.0,5,0.0,0.0
Mass-H1-Real,CH,HYD200,2024-Hhigh,1301.4272403772973,3835.4298,0.6534850748538982,127.19653307436077,0.09773618465023459,2.9470950668652587,3,HYD200,200,363.72626133853527,233.1241826936014,69.0,11.2,-513.900360643361,107.0
Mass-H1-Real,CH,HYD200,2024-Hlow,1301.4272403772973,3835.4298,0.6534850748538982,189.21832217369675,0.14539293193128522,2.9470950668652587,3,HYD200,200,363.72626133853527,233.1241826936014,69.0,11.2,-513.900360643361,107.0
Mass-H1-Real,CH,HYD200,2025-Hhigh,1301.4272403772973,3835.4298,0.6914946286210576,100.28656391734468,0.07705890948484416,2.9470950668652587,3,HYD200,200,363.72626133853527,233.1241826936014,69.0,11.2,-513.900360643361,107.0
Mass-H1-Real,CH,HYD200,2025-Hlow,1301.4272403772973,3835.4298,0.6914946286210576,128.07083536636807,0.0984079873180148,2.9470950668652587,3,HYD200,200,363.72626133853527,233.1241826936014,69.0,11.2,-513.900360643361,107.0
Mass-H1-Real,CH,HYD200,2030-Hhigh,1301.4272403772973,3835.4298,0.6500995715106075,93.54763440636408,0.0718808024790104,2.9470950668652587,3,HYD200,200,363.72626133853527,233.1241826936014,69.0,11.2,-513.900360643361,107.0
Mass-H1-Real,CH,HYD200,2030-Hlow,1301.4272403772973,3835.4298,0.6500995715106075,117.8398122566178,0.09054660037886929,2.9470950668652587,3,HYD200,200,363.72626133853527,233.1241826936014,69.0,11.2,-513.900360643361,107.0
Mass-H1-Real,CH,HYD200,2035-Hhigh,1301.4272403772973,3835.4298,0.6500995715106075,79.14282606130018,0.06081233249609549,2.9470950668652587,3,HYD200,200,363.72626133853527,233.1241826936014,69.0,11.2,-513.900360643361,107.0
Mass-H1-Real,CH,HYD200,2035-Hlow,1301.4272403772973,3835.4298,0.6500995715106075,101.05640581017877,0.07765044612166061,2.9470950668652587,3,HYD200,200,363.72626133853527,233.1241826936014,69.0,11.2,-513.900360643361,107.0
Mass-H1-Real,CH,HYD200,2040-Hhigh,1301.4272403772973,3835.4298,0.6500995715106075,81.90088000676067,0.0629315857742587,2.9470950668652587,3,HYD200,200,363.72626133853527,233.1241826936014,69.0,11.2,-513.900360643361,107.0
Mass-H1-Real,CH,HYD200,2040-Hlow,1301.4272403772973,3835.4298,0.6500995715106075,119.92127019550276,0.09214596596328838,2.9470950668652587,3,HYD200,200,363.72626133853527,233.1241826936014,69.0,11.2,-513.900360643361,107.0
Mass-H1-Real,CH,HYD200,2045-Hhigh,1301.4272403772973,3835.4298,0.6500995715106075,76.70916496371005,0.05894233852172271,2.9470950668652587,3,HYD200,200,363.72626133853527,233.1241826936014,69.0,11.2,-513.900360643361,107.0
Mass-H1-Real,CH,HYD200,2045-Hlow,1301.4272403772973,3835.4298,0.6500995715106075,110.02381006594736,0.08454088453999957,2.9470950668652587,3,HYD200,200,363.72626133853527,233.1241826936014,69.0,11.2,-513.900360643361,107.0
Mass-H1-Real,CH,HYD500,2024-Hhigh,1398.2993593785727,4098.599999999999,0.6668451922712998,132.70305019024335,0.09490317599031066,2.931132001534696,3,HYD500,500,628.7423686760627,0.0,0.0,6,0.0,0.0
Mass-H1-Real,CH,HYD500,2024-Hlow,1398.2993593785727,4098.599999999999,0.6668451922712998,193.31278516147037,0.13824849726555102,2.931132001534696,3,HYD500,500,628.7423686760627,0.0,0.0,6,0.0,0.0
Mass-H1-Real,CH,HYD500,2025-Hhigh,1398.2993593785727,4098.599999999999,0.702242583770748,104.45646166131365,0.07470250269422696,2.931132001534696,3,HYD500,500,628.7423686760627,0.0,0.0,6,0.0,0.0
Mass-H1-Real,CH,HYD500,2025-Hlow,1398.2993593785727,4098.599999999999,0.702242583770748,132.14174573153426,0.0945017566125899,2.931132001534696,3,HYD500,500,628.7423686760627,0.0,0.0,6,0.0,0.0
Mass-H1-Real,CH,HYD500,2030-Hhigh,1398.2993593785727,4098.599999999999,0.6624299072629507,97.42035321268811,0.06967059847326493,2.931132001534696,3,HYD500,500,628.7423686760627,0.0,0.0,6,0.0,0.0
Mass-H1-Real,CH,HYD500,2030-Hlow,1398.2993593785727,4098.599999999999,0.6624299072629507,121.60135333629887,0.08696374815643233,2.931132001534696,3,HYD500,500,628.7423686760627,0.0,0.0,6,0.0,0.0
Mass-H1-Real,CH,HYD500,2035-Hhigh,1398.2993593785727,4098.599999999999,0.6624299072629507,82.43726859806618,0.058955378935954504,2.931132001534696,3,HYD500,500,628.7423686760627,0.0,0.0,6,0.0,0.0
Mass-H1-Real,CH,HYD500,2035-Hlow,1398.2993593785727,4098.599999999999,0.6624299072629507,104.51945175682408,0.0747475503409186,2.931132001534696,3,HYD500,500,628.7423686760627,0.0,0.0,6,0.0,0.0
Mass-H1-Real,CH,HYD500,2040-Hhigh,1398.2993593785727,4098.599999999999,0.6624299072629507,85.20517809530024,0.060934861711705875,2.931132001534696,3,HYD500,500,628.7423686760627,0.0,0.0,6,0.0,0.0
Mass-H1-Real,CH,HYD500,2040-Hlow,1398.2993593785727,4098.599999999999,0.6624299072629507,122.79677435776856,0.08781865881161632,2.931132001534696,3,HYD500,500,628.7423686760627,0.0,0.0,6,0.0,0.0
Mass-H1-Real,CH,HYD500,2045-Hhigh,1398.2993593785727,4098.599999999999,0.6624299072629507,79.82105399963888,0.05708438144111907,2.931132001534696,3,HYD500,500,628.7423686760627,0.0,0.0,6,0.0,0.0
Mass-H1-Real,CH,HYD500,2045-Hlow,1398.2993593785727,4098.599999999999,0.6624299072629507,112.75109444313826,0.08063444618414665,2.931132001534696,3,HYD500,500,628.7423686760627,0.0,0.0,6,0.0,0.0
Mass-H1-Real,CH,HYD1000,2024-Hhigh,1705.6063916959922,4911.074798334168,0.8443672450551074,161.99456342194443,0.09497769486010368,2.8793717133357926,4,HYD1000,1000,965.0833926937169,0.0,0.0,5,0.0,0.0
Mass-H1-Real,CH,HYD1000,2024-Hlow,1705.6063916959922,4911.074798334168,0.8443672450551074,230.3009024357795,0.13502582046891648,2.8793717133357926,4,HYD1000,1000,965.0833926937169,0.0,0.0,5,0.0,0.0
Mass-H1-Real,CH,HYD1000,2025-Hhigh,1705.6063916959922,4911.074798334168,0.8331451790627934,127.06518864232957,0.07449854155153618,2.8793717133357926,4,HYD1000,1000,965.0833926937169,0.0,0.0,5,0.0,0.0
Mass-H1-Real,CH,HYD1000,2025-Hlow,1705.6063916959922,4911.074798334168,0.8331451790627934,158.4149780728536,0.09287897773139298,2.8793717133357926,4,HYD1000,1000,965.0833926937169,0.0,0.0,5,0.0,0.0
Mass-H1-Real,CH,HYD1000,2030-Hhigh,1705.6063916959922,4911.074798334168,0.8153330608479656,118.0169935117889,0.06919356897721117,2.8793717133357926,4,HYD1000,1000,965.0833926937169,0.0,0.0,5,0.0,0.0
Mass-H1-Real,CH,HYD1000,2030-Hlow,1705.6063916959922,4911.074798334168,0.8153330608479656,145.43883055320418,0.08527103982565706,2.8793717133357926,4,HYD1000,1000,965.0833926937169,0.0,0.0,5,0.0,0.0
Mass-H1-Real,CH,HYD1000,2035-Hhigh,1705.6063916959922,4911.074798334168,0.8153330608479656,98.62686330027513,0.057825101840879134,2.8793717133357926,4,HYD1000,1000,965.0833926937169,0.0,0.0,5,0.0,0.0
Mass-H1-Real,CH,HYD1000,2035-Hlow,1705.6063916959922,4911.074798334168,0.8153330608479656,124.65911936619494,0.07308785894161578,2.8793717133357926,4,HYD1000,1000,965.0833926937169,0.0,0.0,5,0.0,0.0
Mass-H1-Real,CH,HYD1000,2040-Hhigh,1705.6063916959922,4911.074798334168,0.8153330608479656,102.38833101559136,0.06003045691789427,2.8793717133357926,4,HYD1000,1000,965.0833926937169,0.0,0.0,5,0.0,0.0
Mass-H1-Real,CH,HYD1000,2040-Hlow,1705.6063916959922,4911.074798334168,0.8153330608479656,146.195996845914,0.08571496774267015,2.8793717133357926,4,HYD1000,1000,965.0833926937169,0.0,0.0,5,0.0,0.0
Mass-H1-Real,CH,HYD1000,2045-Hhigh,1705.6063916959922,4911.074798334168,0.8153330608479656,95.51262764823642,0.0559992200505664,2.8793717133357926,4,HYD1000,1000,965.0833926937169,0.0,0.0,5,0.0,0.0
Mass-H1-Real,CH,HYD1000,2045-Hlow,1705.6063916959922,4911.074798334168,0.8153330608479656,133.77057262912288,0.07842991986920637,2.8793717133357926,4,HYD1000,1000,965.0833926937169,0.0,0.0,5,0.0,0.0
Mass-H1-Real,CH,HYD200,2024-Hhigh,1435.417615524417,4312.779733333333,0.6764546182327926,138.68943564728642,0.09661957199585952,3.004547029860503,4,HYD200,200,362.1523069130151,613.6186188146982,108.0,11.2,-390.9843725542077,107.0
Mass-H1-Real,CH,HYD200,2024-Hlow,1435.417615524417,4312.779733333333,0.6764546182327926,202.18528791209198,0.14085467931102783,3.004547029860503,4,HYD200,200,362.1523069130151,613.6186188146982,108.0,11.2,-390.9843725542077,107.0
Mass-H1-Real,CH,HYD200,2025-Hhigh,1435.417615524417,4312.779733333333,0.6876230950295396,108.78452397252038,0.07578597531198397,3.004547029860503,4,HYD200,200,362.1523069130151,613.6186188146982,108.0,11.2,-390.9843725542077,107.0
Mass-H1-Real,CH,HYD200,2025-Hlow,1435.417615524417,4312.779733333333,0.6876230950295396,138.28171430437138,0.09633552828725137,3.004547029860503,4,HYD200,200,362.1523069130151,613.6186188146982,108.0,11.2,-390.9843725542077,107.0
Mass-H1-Real,CH,HYD200,2030-Hhigh,1435.417615524417,4312.779733333333,0.662068360954238,100.80760614607237,0.07022876482482293,3.004547029860503,4,HYD200,200,362.1523069130151,613.6186188146982,108.0,11.2,-390.9843725542077,107.0
Mass-H1-Real,CH,HYD200,2030-Hlow,1435.417615524417,4312.779733333333,0.662068360954238,125.9578071829601,0.08774993829021845,3.004547029860503,4,HYD200,200,362.1523069130151,613.6186188146982,108.0,11.2,-390.9843725542077,107.0
Mass-H1-Real,CH,HYD200,2035-Hhigh,1435.417615524417,4312.779733333333,0.662068360954238,83.89092713697556,0.05844356808058731,3.004547029860503,4,HYD200,200,362.1523069130151,613.6186188146982,108.0,11.2,-390.9843725542077,107.0
Mass-H1-Real,CH,HYD200,2035-Hlow,1435.417615524417,4312.779733333333,0.662068360954238,106.99215418062697,0.07453730052040523,3.004547029860503,4,HYD200,200,362.1523069130151,613.6186188146982,108.0,11.2,-390.9843725542077,107.0
Mass-H1-Real,CH,HYD200,2040-Hhigh,1435.417615524417,4312.779733333333,0.662068360954238,87.19484288135578,0.06074527854355467,3.004547029860503,4,HYD200,200,362.1523069130151,613.6186188146982,108.0,11.2,-390.9843725542077,107.0
Mass-H1-Real,CH,HYD200,2040-Hlow,1435.417615524417,4312.779733333333,0.662068360954238,126.14328195152314,0.08787915139625607,3.004547029860503,4,HYD200,200,362.1523069130151,613.6186188146982,108.0,11.2,-390.9843725542077,107.0
Mass-H1-Real,CH,HYD200,2045-Hhigh,1435.417615524417,4312.779733333333,0.662068360954238,81.10266895381402,0.056501096319752135,3.004547029860503,4,HYD200,200,362.1523069130151,613.6186188146982,108.0,11.2,-390.9843725542077,107.0
Mass-H1-Real,CH,HYD200,2045-Hlow,1435.417615524417,4312.779733333333,0.662068360954238,114.98631327964841,0.08010652233610718,3.004547029860503,4,HYD200,200,362.1523069130151,613.6186188146982,108.0,11.2,-390.9843725542077,107.0
Mass-H1-Real,CH,HYD500,2024-Hhigh,1545.8510392186395,4573.7,0.723976837650499,145.30461643826965,0.09399651890890783,2.958693874095273,4,HYD500,500,624.5121920159396,0.0,0.0,6,0.0,0.0
Mass-H1-Real,CH,HYD500,2024-Hlow,1545.8510392186395,4573.7,0.723976837650499,207.06197911840138,0.13394691588334554,2.958693874095273,4,HYD500,500,624.5121920159396,0.0,0.0,6,0.0,0.0
Mass-H1-Real,CH,HYD500,2025-Hhigh,1545.8510392186395,4573.7,0.7305358868124636,113.81171194442692,0.07362398384902195,2.958693874095273,4,HYD500,500,624.5121920159396,0.0,0.0,6,0.0,0.0
Mass-H1-Real,CH,HYD500,2025-Hlow,1545.8510392186395,4573.7,0.7305358868124636,142.9065682036654,0.09244523862784247,2.958693874095273,4,HYD500,500,624.5121920159396,0.0,0.0,6,0.0,0.0
Mass-H1-Real,CH,HYD500,2030-Hhigh,1545.8510392186395,4573.7,0.7109655241400373,105.39106293724723,0.06817672612913456,2.958693874095273,4,HYD500,500,624.5121920159396,0.0,0.0,6,0.0,0.0
Mass-H1-Real,CH,HYD500,2030-Hlow,1545.8510392186395,4573.7,0.7109655241400373,130.38206554162647,0.08434322727986064,2.958693874095273,4,HYD500,500,624.5121920159396,0.0,0.0,6,0.0,0.0
Mass-H1-Real,CH,HYD500,2035-Hhigh,1545.8510392186395,4573.7,0.7109655241400373,87.75547648403219,0.05676839116942908,2.958693874095273,4,HYD500,500,624.5121920159396,0.0,0.0,6,0.0,0.0
Mass-H1-Real,CH,HYD500,2035-Hlow,1545.8510392186395,4573.7,0.7109655241400373,111.11706163541085,0.0718808338037381,2.958693874095273,4,HYD500,500,624.5121920159396,0.0,0.0,6,0.0,0.0
Mass-H1-Real,CH,HYD500,2040-Hhigh,1545.8510392186395,4573.7,0.7109655241400373,91.13974103092715,0.058957647741398375,2.958693874095273,4,HYD500,500,624.5121920159396,0.0,0.0,6,0.0,0.0
Mass-H1-Real,CH,HYD500,2040-Hlow,1545.8510392186395,4573.7,0.7109655241400373,129.5340101731491,0.08379462631704988,2.958693874095273,4,HYD500,500,624.5121920159396,0.0,0.0,6,0.0,0.0
Mass-H1-Real,CH,HYD500,2045-Hhigh,1545.8510392186395,4573.7,0.7109655241400373,84.78919343775293,0.05484952384584881,2.958693874095273,4,HYD500,500,624.5121920159396,0.0,0.0,6,0.0,0.0
Mass-H1-Real,CH,HYD500,2045-Hlow,1545.8510392186395,4573.7,0.7109655241400373,118.21540130995209,0.07647269905753974,2.958693874095273,4,HYD500,500,624.5121920159396,0.0,0.0,6,0.0,0.0
Mass-H1-Real,CH,HYD1000,2024-Hhigh,1855.7992938083964,5384.644701666168,0.8805110829051829,174.9870750993365,0.09429202591204519,2.9015231979186806,5,HYD1000,1000,960.4189262930832,0.0,0.0,5,0.0,0.0
Mass-H1-Real,CH,HYD1000,2024-Hlow,1855.7992938083964,5384.644701666168,0.8805110829051829,246.13975381832373,0.13263274462897637,2.9015231979186806,5,HYD1000,1000,960.4189262930832,0.0,0.0,5,0.0,0.0
Mass-H1-Real,CH,HYD1000,2025-Hhigh,1855.7992938083964,5384.644701666168,0.9122918888159557,136.92531593020144,0.0737823946732994,2.9015231979186806,5,HYD1000,1000,960.4189262930832,0.0,0.0,5,0.0,0.0
Mass-H1-Real,CH,HYD1000,2025-Hlow,1855.7992938083964,5384.644701666168,0.9122918888159557,168.80211354090832,0.09095925087593898,2.9015231979186806,5,HYD1000,1000,960.4189262930832,0.0,0.0,5,0.0,0.0
Mass-H1-Real,CH,HYD1000,2030-Hhigh,1855.7992938083964,5384.644701666168,0.8787944087741079,126.66749507075878,0.06825495380527753,2.9015231979186806,5,HYD1000,1000,960.4189262930832,0.0,0.0,5,0.0,0.0
Mass-H1-Real,CH,HYD1000,2030-Hlow,1855.7992938083964,5384.644701666168,0.8787944087741079,155.00804444335165,0.08352629778474072,2.9015231979186806,5,HYD1000,1000,960.4189262930832,0.0,0.0,5,0.0,0.0
Mass-H1-Real,CH,HYD1000,2035-Hhigh,1855.7992938083964,5384.644701666168,0.8787944087741079,105.88870545465217,0.057058274463156866,2.9015231979186806,5,HYD1000,1000,960.4189262930832,0.0,0.0,5,0.0,0.0
Mass-H1-Real,CH,HYD1000,2035-Hlow,1855.7992938083964,5384.644701666168,0.8787944087741079,133.15439151084848,0.07175042686733349,2.9015231979186806,5,HYD1000,1000,960.4189262930832,0.0,0.0,5,0.0,0.0
Mass-H1-Real,CH,HYD1000,2040-Hhigh,1855.7992938083964,5384.644701666168,0.8787944087741079,109.96079392827845,0.05925252493367499,2.9015231979186806,5,HYD1000,1000,960.4189262930832,0.0,0.0,5,0.0,0.0
Mass-H1-Real,CH,HYD1000,2040-Hlow,1855.7992938083964,5384.644701666168,0.8787944087741079,155.84156840978739,0.08397544331961437,2.9015231979186806,5,HYD1000,1000,960.4189262930832,0.0,0.0,5,0.0,0.0
Mass-H1-Real,CH,HYD1000,2045-Hhigh,1855.7992938083964,5384.644701666168,0.8787944087741079,102.40441962230885,0.05518076225374492,2.9015231979186806,5,HYD1000,1000,960.4189262930832,0.0,0.0,5,0.0,0.0
Mass-H1-Real,CH,HYD1000,2045-Hlow,1855.7992938083964,5384.644701666168,0.8787944087741079,142.11767417151472,0.07658030404778664,2.9015231979186806,5,HYD1000,1000,960.4189262930832,0.0,0.0,5,0.0,0.0
Mass-H1-Real,CH,HYD200,2024-Hhigh,1575.6920402624912,4791.113266666666,0.7918216160855094,150.6844046240298,0.09563061865751864,3.040640648199584,5,HYD200,200,361.07209179058464,684.8753364447396,136.0,11.2,-747.5360447727796,177.0
Mass-H1-Real,CH,HYD200,2024-Hlow,1575.6920402624912,4791.113266666666,0.7918216160855094,217.29241163514718,0.13790284274010098,3.040640648199584,5,HYD200,200,361.07209179058464,684.8753364447396,136.0,11.2,-747.5360447727796,177.0
Mass-H1-Real,CH,HYD200,2025-Hhigh,1575.6920402624912,4791.113266666666,0.8091160048772522,117.7856385122072,0.07475168719681134,3.040640648199584,5,HYD200,200,361.07209179058464,684.8753364447396,136.0,11.2,-747.5360447727796,177.0
Mass-H1-Real,CH,HYD200,2025-Hlow,1575.6920402624912,4791.113266666666,0.8091160048772522,148.11895675684644,0.09400247825848737,3.040640648199584,5,HYD200,200,361.07209179058464,684.8753364447396,136.0,11.2,-747.5360447727796,177.0
Mass-H1-Real,CH,HYD200,2030-Hhigh,1575.6920402624912,4791.113266666666,0.7797250506143736,108.47507586084362,0.06884281514982647,3.040640648199584,5,HYD200,200,361.07209179058464,684.8753364447396,136.0,11.2,-747.5360447727796,177.0
Mass-H1-Real,CH,HYD200,2030-Hlow,1575.6920402624912,4791.113266666666,0.7797250506143736,134.67686542392747,0.08547156549797125,3.040640648199584,5,HYD200,200,361.07209179058464,684.8753364447396,136.0,11.2,-747.5360447727796,177.0
Mass-H1-Real,CH,HYD200,2035-Hhigh,1575.6920402624912,4791.113266666666,0.7797250506143736,90.13834352627862,0.05720555871518058,3.040640648199584,5,HYD200,200,361.07209179058464,684.8753364447396,136.0,11.2,-747.5360447727796,177.0
Mass-H1-Real,CH,HYD200,2035-Hlow,1575.6920402624912,4791.113266666666,0.7797250506143736,114.71014480425815,0.07279985039789173,3.040640648199584,5,HYD200,200,361.07209179058464,684.8753364447396,136.0,11.2,-747.5360447727796,177.0
Mass-H1-Real,CH,HYD200,2040-Hhigh,1575.6920402624912,4791.113266666666,0.7797250506143736,93.86919178266798,0.05957331089076931,3.040640648199584,5,HYD200,200,361.07209179058464,684.8753364447396,136.0,11.2,-747.5360447727796,177.0
Mass-H1-Real,CH,HYD200,2040-Hlow,1575.6920402624912,4791.113266666666,0.7797250506143736,134.8757920983087,0.08559781267654308,3.040640648199584,5,HYD200,200,361.07209179058464,684.8753364447396,136.0,11.2,-747.5360447727796,177.0
Mass-H1-Real,CH,HYD200,2045-Hhigh,1575.6920402624912,4791.113266666666,0.7797250506143736,87.08827309968802,0.05526985659277696,3.040640648199584,5,HYD200,200,361.07209179058464,684.8753364447396,136.0,11.2,-747.5360447727796,177.0
Mass-H1-Real,CH,HYD200,2045-Hlow,1575.6920402624912,4791.113266666666,0.7797250506143736,122.36327509232027,0.07765684662082574,3.040640648199584,5,HYD200,200,361.07209179058464,684.8753364447396,136.0,11.2,-747.5360447727796,177.0
Mass-H1-Real,CH,HYD500,2024-Hhigh,1699.1022202771928,5049.8,0.792988072532942,158.0835894058352,0.09303948139155825,2.9720401396310177,5,HYD500,500,622.0758369446745,0.0,0.0,6,0.0,0.0
Mass-H1-Real,CH,HYD500,2024-Hlow,1699.1022202771928,5049.8,0.792988072532942,222.9624675517941,0.1312236926601272,2.9720401396310177,5,HYD500,500,622.0758369446745,0.0,0.0,6,0.0,0.0
Mass-H1-Real,CH,HYD500,2025-Hhigh,1699.1022202771928,5049.8,0.8116046212702882,123.47931224496052,0.07267326872471276,2.9720401396310177,5,HYD500,500,622.0758369446745,0.0,0.0,6,0.0,0.0
Mass-H1-Real,CH,HYD500,2025-Hlow,1699.1022202771928,5049.8,0.8116046212702882,153.3186953110142,0.09023512151376135,2.9720401396310177,5,HYD500,500,622.0758369446745,0.0,0.0,6,0.0,0.0
Mass-H1-Real,CH,HYD500,2030-Hhigh,1699.1022202771928,5049.8,0.7861280687283725,113.73120250592929,0.06693605667078412,2.9720401396310177,5,HYD500,500,622.0758369446745,0.0,0.0,6,0.0,0.0
Mass-H1-Real,CH,HYD500,2030-Hlow,1699.1022202771928,5049.8,0.7861280687283725,139.80128662269254,0.08227950323076222,2.9720401396310177,5,HYD500,500,622.0758369446745,0.0,0.0,6,0.0,0.0
Mass-H1-Real,CH,HYD500,2035-Hhigh,1699.1022202771928,5049.8,0.7861280687283725,94.67024021008986,0.05571780148380083,2.9720401396310177,5,HYD500,500,622.0758369446745,0.0,0.0,6,0.0,0.0
Mass-H1-Real,CH,HYD500,2035-Hlow,1699.1022202771928,5049.8,0.7861280687283725,119.44290789298189,0.07029765865028173,2.9720401396310177,5,HYD500,500,622.0758369446745,0.0,0.0,6,0.0,0.0
Mass-H1-Real,CH,HYD500,2040-Hhigh,1699.1022202771928,5049.8,0.7861280687283725,98.46164982559122,0.057949220859430176,2.9720401396310177,5,HYD500,500,622.0758369446745,0.0,0.0,6,0.0,0.0
Mass-H1-Real,CH,HYD500,2040-Hlow,1699.1022202771928,5049.8,0.7861280687283725,138.7948559640515,0.08168717238295904,2.9720401396310177,5,HYD500,500,622.0758369446745,0.0,0.0,6,0.0,0.0
Mass-H1-Real,CH,HYD500,2045-Hhigh,1699.1022202771928,5049.8,0.7861280687283725,91.32489171790735,0.053748909646535885,2.9720401396310177,5,HYD500,500,622.0758369446745,0.0,0.0,6,0.0,0.0
Mass-H1-Real,CH,HYD500,2045-Hlow,1699.1022202771928,5049.8,0.7861280687283725,126.13013695111528,0.07423340129032278,2.9720401396310177,5,HYD500,500,622.0758369446745,0.0,0.0,6,0.0,0.0
Mod-Nom-Ideal,AK,HYD1000,2024-Hhigh,1860.5603705808307,5937.2,0.8756622809321633,157.02224785555734,0.08439513725993102,3.191081619214818,3,HYD1000,1000,878.5211666411961,0.0,0.0,6,0.0,0.0
Mod-Nom-Ideal,AK,HYD1000,2024-Hlow,1860.5603705808307,5937.2,0.8756622809321633,269.17077743585503,0.1446718857888095,3.191081619214818,3,HYD1000,1000,878.5211666411961,0.0,0.0,6,0.0,0.0
Mod-Nom-Ideal,AK,HYD1000,2025-Hhigh,1860.5603705808307,5937.2,0.91167571733548,126.65143616375002,0.06807166172426424,3.191081619214818,3,HYD1000,1000,878.5211666411961,0.0,0.0,6,0.0,0.0
Mod-Nom-Ideal,AK,HYD1000,2025-Hlow,1860.5603705808307,5937.2,0.91167571733548,191.8161999553701,0.10309592904824089,3.191081619214818,3,HYD1000,1000,878.5211666411961,0.0,0.0,6,0.0,0.0
Mod-Nom-Ideal,AK,HYD1000,2030-Hhigh,1860.5603705808307,5937.2,0.8824737637631276,121.94341886239401,0.06554123198073152,3.191081619214818,3,HYD1000,1000,878.5211666411961,0.0,0.0,6,0.0,0.0
Mod-Nom-Ideal,AK,HYD1000,2030-Hlow,1860.5603705808307,5937.2,0.8824737637631276,176.19604850968608,0.094700527483922,3.191081619214818,3,HYD1000,1000,878.5211666411961,0.0,0.0,6,0.0,0.0
Mod-Nom-Ideal,AK,HYD1000,2035-Hhigh,1860.5603705808307,5937.2,0.8824737637631276,105.86990605948968,0.056902161162574454,3.191081619214818,3,HYD1000,1000,878.5211666411961,0.0,0.0,6,0.0,0.0
Mod-Nom-Ideal,AK,HYD1000,2035-Hlow,1860.5603705808307,5937.2,0.8824737637631276,153.8587756433691,0.08269485799879603,3.191081619214818,3,HYD1000,1000,878.5211666411961,0.0,0.0,6,0.0,0.0
Mod-Nom-Ideal,AK,HYD1000,2040-Hhigh,1860.5603705808307,5937.2,0.8824737637631276,116.66956865372045,0.0627066826201928,3.191081619214818,3,HYD1000,1000,878.5211666411961,0.0,0.0,6,0.0,0.0
Mod-Nom-Ideal,AK,HYD1000,2040-Hlow,1860.5603705808307,5937.2,0.8824737637631276,183.3429286929836,0.09854177891349342,3.191081619214818,3,HYD1000,1000,878.5211666411961,0.0,0.0,6,0.0,0.0
Mod-Nom-Ideal,AK,HYD1000,2045-Hhigh,1860.5603705808307,5937.2,0.8824737637631276,110.19688301832089,0.05922779220752701,3.191081619214818,3,HYD1000,1000,878.5211666411961,0.0,0.0,6,0.0,0.0
Mod-Nom-Ideal,AK,HYD1000,2045-Hlow,1860.5603705808307,5937.2,0.8824737637631276,171.83525681672614,0.09235672194989433,3.191081619214818,3,HYD1000,1000,878.5211666411961,0.0,0.0,6,0.0,0.0
Mod-Nom-Ideal,AK,HYD200,2024-Hhigh,1492.306981126396,5392.0,0.6431996461536267,125.98199631519402,0.08442096559791108,3.6131975982114004,3,HYD200,200,327.7510873398412,170.24077780748607,54.0,11.2,-636.5442504894082,141.0
Mod-Nom-Ideal,AK,HYD200,2024-Hlow,1492.306981126396,5392.0,0.6431996461536267,223.17287628102787,0.1495489058910497,3.6131975982114004,3,HYD200,200,327.7510873398412,170.24077780748607,54.0,11.2,-636.5442504894082,141.0
Mod-Nom-Ideal,AK,HYD200,2025-Hhigh,1492.306981126396,5392.0,0.6756861334614049,101.90219843837146,0.06828501087722279,3.6131975982114004,3,HYD200,200,327.7510873398412,170.24077780748607,54.0,11.2,-636.5442504894082,141.0
Mod-Nom-Ideal,AK,HYD200,2025-Hlow,1492.306981126396,5392.0,0.6756861334614049,158.2086574092236,0.10601616115861591,3.6131975982114004,3,HYD200,200,327.7510873398412,170.24077780748607,54.0,11.2,-636.5442504894082,141.0
Mod-Nom-Ideal,AK,HYD200,2030-Hhigh,1492.306981126396,5392.0,0.6448937005348057,97.84990952789879,0.06556955825137366,3.6131975982114004,3,HYD200,200,327.7510873398412,170.24077780748607,54.0,11.2,-636.5442504894082,141.0
Mod-Nom-Ideal,AK,HYD200,2030-Hlow,1492.306981126396,5392.0,0.6448937005348057,144.58765511541242,0.09688868104488621,3.6131975982114004,3,HYD200,200,327.7510873398412,170.24077780748607,54.0,11.2,-636.5442504894082,141.0
Mod-Nom-Ideal,AK,HYD200,2035-Hhigh,1492.306981126396,5392.0,0.6448937005348057,84.96730911946948,0.056936883760562454,3.6131975982114004,3,HYD200,200,327.7510873398412,170.24077780748607,54.0,11.2,-636.5442504894082,141.0
Mod-Nom-Ideal,AK,HYD200,2035-Hlow,1492.306981126396,5392.0,0.6448937005348057,125.35594965812169,0.08400144959685359,3.6131975982114004,3,HYD200,200,327.7510873398412,170.24077780748607,54.0,11.2,-636.5442504894082,141.0
Mod-Nom-Ideal,AK,HYD200,2040-Hhigh,1492.306981126396,5392.0,0.6448937005348057,93.84930486608386,0.0628887394169035,3.6131975982114004,3,HYD200,200,327.7510873398412,170.24077780748607,54.0,11.2,-636.5442504894082,141.0
Mod-Nom-Ideal,AK,HYD200,2040-Hlow,1492.306981126396,5392.0,0.6448937005348057,150.59712275513866,0.10091564581535876,3.6131975982114004,3,HYD200,200,327.7510873398412,170.24077780748607,54.0,11.2,-636.5442504894082,141.0
Mod-Nom-Ideal,AK,HYD200,2045-Hhigh,1492.306981126396,5392.0,0.6448937005348057,88.50707303960183,0.05930889164158204,3.6131975982114004,3,HYD200,200,327.7510873398412,170.24077780748607,54.0,11.2,-636.5442504894082,141.0
Mod-Nom-Ideal,AK,HYD200,2045-Hlow,1492.306981126396,5392.0,0.6448937005348057,140.8834706009841,0.09440649436260427,3.6131975982114004,3,HYD200,200,327.7510873398412,170.24077780748607,54.0,11.2,-636.5442504894082,141.0
Mod-Nom-Ideal,AK,HYD500,2024-Hhigh,1859.5672009272469,5630.116666666667,0.8339787899063823,156.65454591300022,0.08424247633260398,3.0276489410327785,3,HYD500,500,567.9569486903204,0.0,0.0,8.5,0.0,0.0
Mod-Nom-Ideal,AK,HYD500,2024-Hlow,1859.5672009272469,5630.116666666667,0.8339787899063823,272.01966967137184,0.14628117205752666,3.0276489410327785,3,HYD500,500,567.9569486903204,0.0,0.0,8.5,0.0,0.0
Mod-Nom-Ideal,AK,HYD500,2025-Hhigh,1859.5672009272469,5630.116666666667,0.8746560155936707,126.46079972834202,0.06800550131518997,3.0276489410327785,3,HYD500,500,567.9569486903204,0.0,0.0,8.5,0.0,0.0
Mod-Nom-Ideal,AK,HYD500,2025-Hlow,1859.5672009272469,5630.116666666667,0.8746560155936707,193.44319832994847,0.10402592508272396,3.0276489410327785,3,HYD500,500,567.9569486903204,0.0,0.0,8.5,0.0,0.0
Mod-Nom-Ideal,AK,HYD500,2030-Hhigh,1859.5672009272469,5630.116666666667,0.8407490716635406,121.62198108427,0.06540338043369712,3.0276489410327785,3,HYD500,500,567.9569486903204,0.0,0.0,8.5,0.0,0.0
Mod-Nom-Ideal,AK,HYD500,2030-Hlow,1859.5672009272469,5630.116666666667,0.8407490716635406,177.24400338871774,0.09531465348514295,3.0276489410327785,3,HYD500,500,567.9569486903204,0.0,0.0,8.5,0.0,0.0
Mod-Nom-Ideal,AK,HYD500,2035-Hhigh,1859.5672009272469,5630.116666666667,0.8407490716635406,105.55818461537615,0.056764920656129585,3.0276489410327785,3,HYD500,500,567.9569486903204,0.0,0.0,8.5,0.0,0.0
Mod-Nom-Ideal,AK,HYD500,2035-Hlow,1859.5672009272469,5630.116666666667,0.8407490716635406,154.3041556894918,0.08297853157043758,3.0276489410327785,3,HYD500,500,567.9569486903204,0.0,0.0,8.5,0.0,0.0
Mod-Nom-Ideal,AK,HYD500,2040-Hhigh,1859.5672009272469,5630.116666666667,0.8407490716635406,116.45440489330956,0.06262446704547231,3.0276489410327785,3,HYD500,500,567.9569486903204,0.0,0.0,8.5,0.0,0.0
Mod-Nom-Ideal,AK,HYD500,2040-Hlow,1859.5672009272469,5630.116666666667,0.8407490716635406,184.3017307661607,0.09911001370332906,3.0276489410327785,3,HYD500,500,567.9569486903204,0.0,0.0,8.5,0.0,0.0
Mod-Nom-Ideal,AK,HYD500,2045-Hhigh,1859.5672009272469,5630.116666666667,0.8407490716635406,109.94272617198929,0.059122749700665785,3.0276489410327785,3,HYD500,500,567.9569486903204,0.0,0.0,8.5,0.0,0.0
Mod-Nom-Ideal,AK,HYD500,2045-Hlow,1859.5672009272469,5630.116666666667,0.8407490716635406,172.54882628685894,0.09278977721311707,3.0276489410327785,3,HYD500,500,567.9569486903204,0.0,0.0,8.5,0.0,0.0
Mod-Nom-Ideal,AK,HYD1000,2024-Hhigh,1993.8296933331717,6408.5,0.9134847721154787,168.18351613826792,0.08435199691359206,3.2141661955523553,4,HYD1000,1000,870.5244971350908,0.0,0.0,6,0.0,0.0
Mod-Nom-Ideal,AK,HYD1000,2024-Hlow,1993.8296933331717,6408.5,0.9134847721154787,281.6692629764693,0.14127047255755862,3.2141661955523553,4,HYD1000,1000,870.5244971350908,0.0,0.0,6,0.0,0.0
Mod-Nom-Ideal,AK,HYD1000,2025-Hhigh,1993.8296933331717,6408.5,0.9103311843051471,135.0409740191559,0.06772944272557303,3.2141661955523553,4,HYD1000,1000,870.5244971350908,0.0,0.0,6,0.0,0.0
Mod-Nom-Ideal,AK,HYD1000,2025-Hlow,1993.8296933331717,6408.5,0.9103311843051471,201.54251497946643,0.10108311439706721,3.2141661955523553,4,HYD1000,1000,870.5244971350908,0.0,0.0,6,0.0,0.0
Mod-Nom-Ideal,AK,HYD1000,2030-Hhigh,1993.8296933331717,6408.5,0.8999028703341312,129.27830865742982,0.0648391931816953,3.2141661955523553,4,HYD1000,1000,870.5244971350908,0.0,0.0,6,0.0,0.0
Mod-Nom-Ideal,AK,HYD1000,2030-Hlow,1993.8296933331717,6408.5,0.8999028703341312,184.23019592622353,0.09240016664524536,3.2141661955523553,4,HYD1000,1000,870.5244971350908,0.0,0.0,6,0.0,0.0
Mod-Nom-Ideal,AK,HYD1000,2035-Hhigh,1993.8296933331717,6408.5,0.8999028703341312,110.86760324099299,0.05560535265960996,3.2141661955523553,4,HYD1000,1000,870.5244971350908,0.0,0.0,6,0.0,0.0
Mod-Nom-Ideal,AK,HYD1000,2035-Hlow,1993.8296933331717,6408.5,0.8999028703341312,160.11818032745379,0.08030684910694517,3.2141661955523553,4,HYD1000,1000,870.5244971350908,0.0,0.0,6,0.0,0.0
Mod-Nom-Ideal,AK,HYD1000,2040-Hhigh,1993.8296933331717,6408.5,0.8999028703341312,122.3351776134193,0.06135688420253501,3.2141661955523553,4,HYD1000,1000,870.5244971350908,0.0,0.0,6,0.0,0.0
Mod-Nom-Ideal,AK,HYD1000,2040-Hlow,1993.8296933331717,6408.5,0.8999028703341312,190.0244381272358,0.09530625346920363,3.2141661955523553,4,HYD1000,1000,870.5244971350908,0.0,0.0,6,0.0,0.0
Mod-Nom-Ideal,AK,HYD1000,2045-Hhigh,1993.8296933331717,6408.5,0.8999028703341312,115.01623032472618,0.057686085581586735,3.2141661955523553,4,HYD1000,1000,870.5244971350908,0.0,0.0,6,0.0,0.0
Mod-Nom-Ideal,AK,HYD1000,2045-Hlow,1993.8296933331717,6408.5,0.8999028703341312,177.47498034664133,0.08901210616938335,3.2141661955523553,4,HYD1000,1000,870.5244971350908,0.0,0.0,6,0.0,0.0
Mod-Nom-Ideal,AK,HYD200,2024-Hhigh,1606.6901894217178,5869.333333333333,0.6616638564012756,135.4489519196465,0.08430309266305876,3.6530585497916257,4,HYD200,200,326.19453854011164,648.5818860746782,111.0,11.2,-531.8424070635938,123.0
Mod-Nom-Ideal,AK,HYD200,2024-Hlow,1606.6901894217178,5869.333333333333,0.6616638564012756,233.67364516516105,0.14543789879570074,3.6530585497916257,4,HYD200,200,326.19453854011164,648.5818860746782,111.0,11.2,-531.8424070635938,123.0
Mod-Nom-Ideal,AK,HYD200,2025-Hhigh,1606.6901894217178,5869.333333333333,0.6735157528572847,108.83965859366684,0.06774153431088079,3.6530585497916257,4,HYD200,200,326.19453854011164,648.5818860746782,111.0,11.2,-531.8424070635938,123.0
Mod-Nom-Ideal,AK,HYD200,2025-Hlow,1606.6901894217178,5869.333333333333,0.6735157528572847,166.59318426507625,0.10368718584448237,3.6530585497916257,4,HYD200,200,326.19453854011164,648.5818860746782,111.0,11.2,-531.8424070635938,123.0
Mod-Nom-Ideal,AK,HYD200,2030-Hhigh,1606.6901894217178,5869.333333333333,0.6584312158972905,103.6948587471425,0.06453942361125918,3.6530585497916257,4,HYD200,200,326.19453854011164,648.5818860746782,111.0,11.2,-531.8424070635938,123.0
Mod-Nom-Ideal,AK,HYD200,2030-Hlow,1606.6901894217178,5869.333333333333,0.6584312158972905,151.13354782978428,0.0940651463641416,3.6530585497916257,4,HYD200,200,326.19453854011164,648.5818860746782,111.0,11.2,-531.8424070635938,123.0
Mod-Nom-Ideal,AK,HYD200,2035-Hhigh,1606.6901894217178,5869.333333333333,0.6584312158972905,88.75928704430727,0.055243560724207594,3.6530585497916257,4,HYD200,200,326.19453854011164,648.5818860746782,111.0,11.2,-531.8424070635938,123.0
Mod-Nom-Ideal,AK,HYD200,2035-Hlow,1606.6901894217178,5869.333333333333,0.6584312158972905,130.03624764410804,0.08093423890943834,3.6530585497916257,4,HYD200,200,326.19453854011164,648.5818860746782,111.0,11.2,-531.8424070635938,123.0
Mod-Nom-Ideal,AK,HYD200,2040-Hhigh,1606.6901894217178,5869.333333333333,0.6584312158972905,98.04396284687299,0.06102231997953576,3.6530585497916257,4,HYD200,200,326.19453854011164,648.5818860746782,111.0,11.2,-531.8424070635938,123.0
Mod-Nom-Ideal,AK,HYD200,2040-Hlow,1606.6901894217178,5869.333333333333,0.6584312158972905,155.43221290527427,0.09674062487505301,3.6530585497916257,4,HYD200,200,326.19453854011164,648.5818860746782,111.0,11.2,-531.8424070635938,123.0
Mod-Nom-Ideal,AK,HYD200,2045-Hhigh,1606.6901894217178,5869.333333333333,0.6584312158972905,91.91521662862228,0.057207803491788625,3.6530585497916257,4,HYD200,200,326.19453854011164,648.5818860746782,111.0,11.2,-531.8424070635938,123.0
Mod-Nom-Ideal,AK,HYD200,2045-Hlow,1606.6901894217178,5869.333333333333,0.6584312158972905,144.66968976672192,0.09004205709303026,3.6530585497916257,4,HYD200,200,326.19453854011164,648.5818860746782,111.0,11.2,-531.8424070635938,123.0
Mod-Nom-Ideal,AK,HYD500,2024-Hhigh,2000.8594905422171,6104.841666666666,0.8650574040604952,168.40532577612447,0.08416649273582322,3.051109633396747,4,HYD500,500,563.3748541457762,0.0,0.0,8.5,0.0,0.0
Mod-Nom-Ideal,AK,HYD500,2024-Hlow,2000.8594905422171,6104.841666666666,0.8650574040604952,285.0207963100263,0.1424491812929792,3.051109633396747,4,HYD500,500,563.3748541457762,0.0,0.0,8.5,0.0,0.0
Mod-Nom-Ideal,AK,HYD500,2025-Hhigh,2000.8594905422171,6104.841666666666,0.8843248509396694,135.18940399886878,0.06756566597399277,3.051109633396747,4,HYD500,500,563.3748541457762,0.0,0.0,8.5,0.0,0.0
Mod-Nom-Ideal,AK,HYD500,2025-Hlow,2000.8594905422171,6104.841666666666,0.8843248509396694,203.6643236305751,0.10178841872368742,3.051109633396747,4,HYD500,500,563.3748541457762,0.0,0.0,8.5,0.0,0.0
Mod-Nom-Ideal,AK,HYD500,2030-Hhigh,2000.8594905422171,6104.841666666666,0.8667590298441358,129.05170289358617,0.06449813367884927,3.051109633396747,4,HYD500,500,563.3748541457762,0.0,0.0,8.5,0.0,0.0
Mod-Nom-Ideal,AK,HYD500,2030-Hlow,2000.8594905422171,6104.841666666666,0.8667590298441358,185.3806995786288,0.09265053366060806,3.051109633396747,4,HYD500,500,563.3748541457762,0.0,0.0,8.5,0.0,0.0
Mod-Nom-Ideal,AK,HYD500,2035-Hhigh,2000.8594905422171,6104.841666666666,0.8667590298441358,110.45750389055537,0.05520502784561961,3.051109633396747,4,HYD500,500,563.3748541457762,0.0,0.0,8.5,0.0,0.0
Mod-Nom-Ideal,AK,HYD500,2035-Hlow,2000.8594905422171,6104.841666666666,0.8667590298441358,160.33859032320584,0.08013485758550459,3.051109633396747,4,HYD500,500,563.3748541457762,0.0,0.0,8.5,0.0,0.0
Mod-Nom-Ideal,AK,HYD500,2040-Hhigh,2000.8594905422171,6104.841666666666,0.8667590298441358,121.90580660065882,0.06092672033038327,3.051109633396747,4,HYD500,500,563.3748541457762,0.0,0.0,8.5,0.0,0.0
Mod-Nom-Ideal,AK,HYD500,2040-Hlow,2000.8594905422171,6104.841666666666,0.8667590298441358,190.57937358242913,0.0952487540895656,3.051109633396747,4,HYD500,500,563.3748541457762,0.0,0.0,8.5,0.0,0.0
Mod-Nom-Ideal,AK,HYD500,2045-Hhigh,2000.8594905422171,6104.841666666666,0.8667590298441358,114.4594741945148,0.057205153453077896,3.051109633396747,4,HYD500,500,563.3748541457762,0.0,0.0,8.5,0.0,0.0
Mod-Nom-Ideal,AK,HYD500,2045-Hlow,2000.8594905422171,6104.841666666666,0.8667590298441358,177.68132608980187,0.08880250059020968,3.051109633396747,4,HYD500,500,563.3748541457762,0.0,0.0,8.5,0.0,0.0
Mod-Nom-Ideal,AK,HYD1000,2024-Hhigh,2134.185573736674,6882.9,0.956871976129449,180.20543611375427,0.08443756641004681,3.2250709988395996,5,HYD1000,1000,866.4644475578347,0.0,0.0,6,0.0,0.0
Mod-Nom-Ideal,AK,HYD1000,2024-Hlow,2134.185573736674,6882.9,0.956871976129449,296.4730673064552,0.13891625496623072,3.2250709988395996,5,HYD1000,1000,866.4644475578347,0.0,0.0,6,0.0,0.0
Mod-Nom-Ideal,AK,HYD1000,2025-Hhigh,2134.185573736674,6882.9,0.981870729190755,144.21445123365584,0.06757352922274494,3.2250709988395996,5,HYD1000,1000,866.4644475578347,0.0,0.0,6,0.0,0.0
Mod-Nom-Ideal,AK,HYD1000,2025-Hlow,2134.185573736674,6882.9,0.981870729190755,211.25069206421878,0.09898421892822891,3.2250709988395996,5,HYD1000,1000,866.4644475578347,0.0,0.0,6,0.0,0.0
Mod-Nom-Ideal,AK,HYD1000,2030-Hhigh,2134.185573736674,6882.9,0.9670836600110553,137.3033288302859,0.0643352342551384,3.2250709988395996,5,HYD1000,1000,866.4644475578347,0.0,0.0,6,0.0,0.0
Mod-Nom-Ideal,AK,HYD1000,2030-Hlow,2134.185573736674,6882.9,0.9670836600110553,193.32168925733768,0.09058335490425849,3.2250709988395996,5,HYD1000,1000,866.4644475578347,0.0,0.0,6,0.0,0.0
Mod-Nom-Ideal,AK,HYD1000,2035-Hhigh,2134.185573736674,6882.9,0.9670836600110553,117.66134038927814,0.055131728860517426,3.2250709988395996,5,HYD1000,1000,866.4644475578347,0.0,0.0,6,0.0,0.0
Mod-Nom-Ideal,AK,HYD1000,2035-Hlow,2134.185573736674,6882.9,0.9670836600110553,168.35448410602962,0.0788846509777795,3.2250709988395996,5,HYD1000,1000,866.4644475578347,0.0,0.0,6,0.0,0.0
Mod-Nom-Ideal,AK,HYD1000,2040-Hhigh,2134.185573736674,6882.9,0.9670836600110553,129.4634470154874,0.060661757163325856,3.2250709988395996,5,HYD1000,1000,866.4644475578347,0.0,0.0,6,0.0,0.0
Mod-Nom-Ideal,AK,HYD1000,2040-Hlow,2134.185573736674,6882.9,0.9670836600110553,199.31238058736574,0.09339037009719654,3.2250709988395996,5,HYD1000,1000,866.4644475578347,0.0,0.0,6,0.0,0.0
Mod-Nom-Ideal,AK,HYD1000,2045-Hhigh,2134.185573736674,6882.9,0.9670836600110553,121.55354473115615,0.056955471083206755,3.2250709988395996,5,HYD1000,1000,866.4644475578347,0.0,0.0,6,0.0,0.0
Mod-Nom-Ideal,AK,HYD1000,2045-Hlow,2134.185573736674,6882.9,0.9670836600110553,185.7150855017248,0.08701918323651793,3.2250709988395996,5,HYD1000,1000,866.4644475578347,0.0,0.0,6,0.0,0.0
Mod-Nom-Ideal,AK,HYD200,2024-Hhigh,1727.0847939868288,6347.666666666666,0.7476096730788199,145.38115626829006,0.08417719661157458,3.675364804766543,5,HYD200,200,325.19033799916815,720.5504397190025,138.0,11.2,-836.6846629346762,208.0
Mod-Nom-Ideal,AK,HYD200,2024-Hlow,1727.0847939868288,6347.666666666666,0.7476096730788199,246.60131810745014,0.142784719642046,3.675364804766543,5,HYD200,200,325.19033799916815,720.5504397190025,138.0,11.2,-836.6846629346762,208.0
Mod-Nom-Ideal,AK,HYD200,2025-Hhigh,1727.0847939868288,6347.666666666666,0.7642453803565382,116.3215972048175,0.0673514106602137,3.675364804766543,5,HYD200,200,325.19033799916815,720.5504397190025,138.0,11.2,-836.6846629346762,208.0
Mod-Nom-Ideal,AK,HYD200,2025-Hlow,1727.0847939868288,6347.666666666666,0.7642453803565382,175.01709854607685,0.10133671441925253,3.675364804766543,5,HYD200,200,325.19033799916815,720.5504397190025,138.0,11.2,-836.6846629346762,208.0
Mod-Nom-Ideal,AK,HYD200,2030-Hhigh,1727.0847939868288,6347.666666666666,0.7476679736757097,110.15107502772646,0.06377861435132669,3.675364804766543,5,HYD200,200,325.19033799916815,720.5504397190025,138.0,11.2,-836.6846629346762,208.0
Mod-Nom-Ideal,AK,HYD200,2030-Hlow,1727.0847939868288,6347.666666666666,0.7476679736757097,158.69516606955244,0.09188614630971194,3.675364804766543,5,HYD200,200,325.19033799916815,720.5504397190025,138.0,11.2,-836.6846629346762,208.0
Mod-Nom-Ideal,AK,HYD200,2035-Hhigh,1727.0847939868288,6347.666666666666,0.7476679736757097,94.04438150495382,0.054452671827339955,3.675364804766543,5,HYD200,200,325.19033799916815,720.5504397190025,138.0,11.2,-836.6846629346762,208.0
Mod-Nom-Ideal,AK,HYD200,2035-Hlow,1727.0847939868288,6347.666666666666,0.7476679736757097,136.76313225931534,0.07918727136935139,3.675364804766543,5,HYD200,200,325.19033799916815,720.5504397190025,138.0,11.2,-836.6846629346762,208.0
Mod-Nom-Ideal,AK,HYD200,2040-Hhigh,1727.0847939868288,6347.666666666666,0.7476679736757097,103.7693278253965,0.06008351656310621,3.675364804766543,5,HYD200,200,325.19033799916815,720.5504397190025,138.0,11.2,-836.6846629346762,208.0
Mod-Nom-Ideal,AK,HYD200,2040-Hlow,1727.0847939868288,6347.666666666666,0.7476679736757097,163.01722211989167,0.09438866156859631,3.675364804766543,5,HYD200,200,325.19033799916815,720.5504397190025,138.0,11.2,-836.6846629346762,208.0
Mod-Nom-Ideal,AK,HYD200,2045-Hhigh,1727.0847939868288,6347.666666666666,0.7476679736757097,97.07116741345682,0.05620521224634041,3.675364804766543,5,HYD200,200,325.19033799916815,720.5504397190025,138.0,11.2,-836.6846629346762,208.0
Mod-Nom-Ideal,AK,HYD200,2045-Hlow,1727.0847939868288,6347.666666666666,0.7476679736757097,151.17896093034616,0.08753418561538161,3.675364804766543,5,HYD200,200,325.19033799916815,720.5504397190025,138.0,11.2,-836.6846629346762,208.0
Mod-Nom-Ideal,AK,HYD500,2024-Hhigh,2148.57956156489,6581.55,0.9490799774999923,180.6320968732662,0.08407047153595056,3.063209814397757,5,HYD500,500,561.4033413106,0.0,0.0,8.5,0.0,0.0
Mod-Nom-Ideal,AK,HYD500,2024-Hlow,2148.57956156489,6581.55,0.9490799774999923,300.55436932110564,0.1398851477029786,3.063209814397757,5,HYD500,500,561.4033413106,0.0,0.0,8.5,0.0,0.0
Mod-Nom-Ideal,AK,HYD500,2025-Hhigh,2148.57956156489,6581.55,0.9715889027851702,144.41198538904447,0.06721277069389224,3.063209814397757,5,HYD500,500,561.4033413106,0.0,0.0,8.5,0.0,0.0
Mod-Nom-Ideal,AK,HYD500,2025-Hlow,2148.57956156489,6581.55,0.9715889027851702,213.81811902566952,0.09951603508223725,3.063209814397757,5,HYD500,500,561.4033413106,0.0,0.0,8.5,0.0,0.0
Mod-Nom-Ideal,AK,HYD500,2030-Hhigh,2148.57956156489,6581.55,0.9507827717151619,137.04766453181796,0.06378524071596449,3.063209814397757,5,HYD500,500,561.4033413106,0.0,0.0,8.5,0.0,0.0
Mod-Nom-Ideal,AK,HYD500,2030-Hlow,2148.57956156489,6581.55,0.9507827717151619,194.67017767256704,0.09060412802716114,3.063209814397757,5,HYD500,500,561.4033413106,0.0,0.0,8.5,0.0,0.0
Mod-Nom-Ideal,AK,HYD500,2035-Hhigh,2148.57956156489,6581.55,0.9507827717151619,117.09632371566907,0.054499412453864866,3.063209814397757,5,HYD500,500,561.4033413106,0.0,0.0,8.5,0.0,0.0
Mod-Nom-Ideal,AK,HYD500,2035-Hlow,2148.57956156489,6581.55,0.9507827717151619,168.5728297888875,0.07845780198435365,3.063209814397757,5,HYD500,500,561.4033413106,0.0,0.0,8.5,0.0,0.0
Mod-Nom-Ideal,AK,HYD500,2040-Hhigh,2148.57956156489,6581.55,0.9507827717151619,128.97135434042866,0.06002633397782769,3.063209814397757,5,HYD500,500,561.4033413106,0.0,0.0,8.5,0.0,0.0
Mod-Nom-Ideal,AK,HYD500,2040-Hlow,2148.57956156489,6581.55,0.9507827717151619,199.69176578887584,0.09294129450036887,3.063209814397757,5,HYD500,500,561.4033413106,0.0,0.0,8.5,0.0,0.0
Mod-Nom-Ideal,AK,HYD500,2045-Hhigh,2148.57956156489,6581.55,0.9507827717151619,120.80335913330285,0.05622475485400098,3.063209814397757,5,HYD500,500,561.4033413106,0.0,0.0,8.5,0.0,0.0
Mod-Nom-Ideal,AK,HYD500,2045-Hlow,2148.57956156489,6581.55,0.9507827717151619,185.54597291545937,0.08635750624953324,3.063209814397757,5,HYD500,500,561.4033413106,0.0,0.0,8.5,0.0,0.0
Mod-Nom-Ideal,CH,HYD1000,2024-Hhigh,4745.82309867386,13583.5,1.9605963347703803,436.0041543385954,0.09187113494820938,2.862201080313272,3,HYD1000,1000,992.5468603718883,0.0,0.0,14,0.0,0.0
Mod-Nom-Ideal,CH,HYD1000,2024-Hlow,4745.82309867386,13583.5,1.9605963347703803,711.9902043181487,0.15002459837095536,2.862201080313272,3,HYD1000,1000,992.5468603718883,0.0,0.0,14,0.0,0.0
Mod-Nom-Ideal,CH,HYD1000,2025-Hhigh,4745.82309867386,13583.5,2.0164884570700923,353.448785823152,0.07447576078466078,2.862201080313272,3,HYD1000,1000,992.5468603718883,0.0,0.0,14,0.0,0.0
Mod-Nom-Ideal,CH,HYD1000,2025-Hlow,4745.82309867386,13583.5,2.0164884570700923,516.5715062587293,0.1088476109451017,2.862201080313272,3,HYD1000,1000,992.5468603718883,0.0,0.0,14,0.0,0.0
Mod-Nom-Ideal,CH,HYD1000,2030-Hhigh,4745.82309867386,13583.5,1.949526119093368,334.5366874462631,0.07049076219038669,2.862201080313272,3,HYD1000,1000,992.5468603718883,0.0,0.0,14,0.0,0.0
Mod-Nom-Ideal,CH,HYD1000,2030-Hlow,4745.82309867386,13583.5,1.949526119093368,465.33361328084135,0.09805119230231547,2.862201080313272,3,HYD1000,1000,992.5468603718883,0.0,0.0,14,0.0,0.0
Mod-Nom-Ideal,CH,HYD1000,2035-Hhigh,4745.82309867386,13583.5,1.949526119093368,280.6009457546156,0.05912587551630924,2.862201080313272,3,HYD1000,1000,992.5468603718883,0.0,0.0,14,0.0,0.0
Mod-Nom-Ideal,CH,HYD1000,2035-Hlow,4745.82309867386,13583.5,1.949526119093368,388.44638739170296,0.08185016156633561,2.862201080313272,3,HYD1000,1000,992.5468603718883,0.0,0.0,14,0.0,0.0
Mod-Nom-Ideal,CH,HYD1000,2040-Hhigh,4745.82309867386,13583.5,1.949526119093368,308.0014122522908,0.06489947177726801,2.862201080313272,3,HYD1000,1000,992.5468603718883,0.0,0.0,14,0.0,0.0
Mod-Nom-Ideal,CH,HYD1000,2040-Hlow,4745.82309867386,13583.5,1.949526119093368,457.144679930451,0.09632568901655697,2.862201080313272,3,HYD1000,1000,992.5468603718883,0.0,0.0,14,0.0,0.0
Mod-Nom-Ideal,CH,HYD1000,2045-Hhigh,4745.82309867386,13583.5,1.949526119093368,288.2664685757739,0.06074109012961842,2.862201080313272,3,HYD1000,1000,992.5468603718883,0.0,0.0,14,0.0,0.0
Mod-Nom-Ideal,CH,HYD1000,2045-Hlow,4745.82309867386,13583.5,1.949526119093368,423.9795854346968,0.089337418740528,2.862201080313272,3,HYD1000,1000,992.5468603718883,0.0,0.0,14,0.0,0.0
Mod-Nom-Ideal,CH,HYD200,2024-Hhigh,4535.69046079062,12970.533333333333,1.836629087411073,416.54654638359955,0.09183751624686289,2.85966016540565,3,HYD200,200,372.87410474689534,22.1500940378453,6.0,14,-464.2102564900063,113.0
Mod-Nom-Ideal,CH,HYD200,2024-Hlow,4535.69046079062,12970.533333333333,1.836629087411073,686.8089387644403,0.15142323857892234,2.85966016540565,3,HYD200,200,372.87410474689534,22.1500940378453,6.0,14,-464.2102564900063,113.0
Mod-Nom-Ideal,CH,HYD200,2025-Hhigh,4535.69046079062,12970.533333333333,1.8986051242752424,337.36102132099103,0.07437919854481986,2.85966016540565,3,HYD200,200,372.87410474689534,22.1500940378453,6.0,14,-464.2102564900063,113.0
Mod-Nom-Ideal,CH,HYD200,2025-Hlow,4535.69046079062,12970.533333333333,1.8986051242752424,497.43937866912574,0.1096722501170013,2.85966016540565,3,HYD200,200,372.87410474689534,22.1500940378453,6.0,14,-464.2102564900063,113.0
Mod-Nom-Ideal,CH,HYD200,2030-Hhigh,4535.69046079062,12970.533333333333,1.8285322281755452,318.721217737723,0.0702696139635081,2.85966016540565,3,HYD200,200,372.87410474689534,22.1500940378453,6.0,14,-464.2102564900063,113.0
Mod-Nom-Ideal,CH,HYD200,2030-Hlow,4535.69046079062,12970.533333333333,1.8285322281755452,446.7995090650224,0.09850749581071289,2.85966016540565,3,HYD200,200,372.87410474689534,22.1500940378453,6.0,14,-464.2102564900063,113.0
Mod-Nom-Ideal,CH,HYD200,2035-Hhigh,4535.69046079062,12970.533333333333,1.8285322281755452,267.16008218785475,0.058901744838488354,2.85966016540565,3,HYD200,200,372.87410474689534,22.1500940378453,6.0,14,-464.2102564900063,113.0
Mod-Nom-Ideal,CH,HYD200,2035-Hlow,4535.69046079062,12970.533333333333,1.8285322281755452,372.1947737810157,0.08205912131758175,2.85966016540565,3,HYD200,200,372.87410474689534,22.1500940378453,6.0,14,-464.2102564900063,113.0
Mod-Nom-Ideal,CH,HYD200,2040-Hhigh,4535.69046079062,12970.533333333333,1.8285322281755452,293.73755918738584,0.06476137684584944,2.85966016540565,3,HYD200,200,372.87410474689534,22.1500940378453,6.0,14,-464.2102564900063,113.0
Mod-Nom-Ideal,CH,HYD200,2040-Hlow,4535.69046079062,12970.533333333333,1.8285322281755452,439.1319855654001,0.09681700930906441,2.85966016540565,3,HYD200,200,372.87410474689534,22.1500940378453,6.0,14,-464.2102564900063,113.0
Mod-Nom-Ideal,CH,HYD200,2045-Hhigh,4535.69046079062,12970.533333333333,1.8285322281755452,274.74958967023974,0.060575030868034126,2.85966016540565,3,HYD200,200,372.87410474689534,22.1500940378453,6.0,14,-464.2102564900063,113.0
Mod-Nom-Ideal,CH,HYD200,2045-Hlow,4535.69046079062,12970.533333333333,1.8285322281755452,407.19966723982714,0.0897767761622886,2.85966016540565,3,HYD200,200,372.87410474689534,22.1500940378453,6.0,14,-464.2102564900063,113.0
Mod-Nom-Ideal,CH,HYD500,2024-Hhigh,4627.597512220586,13238.866666666665,1.8921600676479755,425.20384808459767,0.0918843626658794,2.860850934357491,3,HYD500,500,644.2808899893415,0.0,0.0,14,0.0,0.0
Mod-Nom-Ideal,CH,HYD500,2024-Hlow,4627.597512220586,13238.866666666665,1.8921600676479755,697.9781854269147,0.1508294927516254,2.860850934357491,3,HYD500,500,644.2808899893415,0.0,0.0,14,0.0,0.0
Mod-Nom-Ideal,CH,HYD500,2025-Hhigh,4627.597512220586,13238.866666666665,1.9541361045121446,344.6643847481838,0.07448019924766407,2.860850934357491,3,HYD500,500,644.2808899893415,0.0,0.0,14,0.0,0.0
Mod-Nom-Ideal,CH,HYD500,2025-Hlow,4627.597512220586,13238.866666666665,1.9541361045121446,505.97122336152165,0.10933777668117202,2.860850934357491,3,HYD500,500,644.2808899893415,0.0,0.0,14,0.0,0.0
Mod-Nom-Ideal,CH,HYD500,2030-Hhigh,4627.597512220586,13238.866666666665,1.8840632084124478,325.9126683025161,0.07042804985564195,2.860850934357491,3,HYD500,500,644.2808899893415,0.0,0.0,14,0.0,0.0
Mod-Nom-Ideal,CH,HYD500,2030-Hlow,4627.597512220586,13238.866666666665,1.8840632084124478,455.14519280180116,0.09835453312433744,2.860850934357491,3,HYD500,500,644.2808899893415,0.0,0.0,14,0.0,0.0
Mod-Nom-Ideal,CH,HYD500,2035-Hhigh,4627.597512220586,13238.866666666665,1.8840632084124478,273.3333904871124,0.05906593859238882,2.860850934357491,3,HYD500,500,644.2808899893415,0.0,0.0,14,0.0,0.0
Mod-Nom-Ideal,CH,HYD500,2035-Hlow,4627.597512220586,13238.866666666665,1.8840632084124478,379.6236057771173,0.08203470694558139,2.860850934357491,3,HYD500,500,644.2808899893415,0.0,0.0,14,0.0,0.0
Mod-Nom-Ideal,CH,HYD500,2040-Hhigh,4627.597512220586,13238.866666666665,1.8840632084124478,300.19396397298004,0.06487037024724517,2.860850934357491,3,HYD500,500,644.2808899893415,0.0,0.0,14,0.0,0.0
Mod-Nom-Ideal,CH,HYD500,2040-Hlow,4627.597512220586,13238.866666666665,1.8840632084124478,447.29193179059536,0.09665748384758706,2.860850934357491,3,HYD500,500,644.2808899893415,0.0,0.0,14,0.0,0.0
Mod-Nom-Ideal,CH,HYD500,2045-Hhigh,4627.597512220586,13238.866666666665,1.8840632084124478,280.89901497648964,0.06070083109749495,2.860850934357491,3,HYD500,500,644.2808899893415,0.0,0.0,14,0.0,0.0
Mod-Nom-Ideal,CH,HYD500,2045-Hlow,4627.597512220586,13238.866666666665,1.8840632084124478,414.8270385239932,0.08964198753856954,2.860850934357491,3,HYD500,500,644.2808899893415,0.0,0.0,14,0.0,0.0
Mod-Nom-Ideal,CH,HYD1000,2024-Hhigh,4885.497980398391,14059.033333333333,1.9709214571016866,448.08444600188454,0.09171725130164628,2.8777073268152047,4,HYD1000,1000,988.672959162005,0.0,0.0,14,0.0,0.0
Mod-Nom-Ideal,CH,HYD1000,2024-Hlow,4885.497980398391,14059.033333333333,1.9709214571016866,725.586981005055,0.14851853054003036,2.8777073268152047,4,HYD1000,1000,988.672959162005,0.0,0.0,14,0.0,0.0
Mod-Nom-Ideal,CH,HYD1000,2025-Hhigh,4885.497980398391,14059.033333333333,2.002819856077889,362.78452693936254,0.07425743054135478,2.8777073268152047,4,HYD1000,1000,988.672959162005,0.0,0.0,14,0.0,0.0
Mod-Nom-Ideal,CH,HYD1000,2025-Hlow,4885.497980398391,14059.033333333333,2.002819856077889,527.3243629342129,0.10793666583221306,2.8777073268152047,4,HYD1000,1000,988.672959162005,0.0,0.0,14,0.0,0.0
Mod-Nom-Ideal,CH,HYD1000,2030-Hhigh,4885.497980398391,14059.033333333333,1.9568092841424458,342.6590889026627,0.07013800645860063,2.8777073268152047,4,HYD1000,1000,988.672959162005,0.0,0.0,14,0.0,0.0
Mod-Nom-Ideal,CH,HYD1000,2030-Hlow,4885.497980398391,14059.033333333333,1.9568092841424458,474.219142036249,0.09706669492831897,2.8777073268152047,4,HYD1000,1000,988.672959162005,0.0,0.0,14,0.0,0.0
Mod-Nom-Ideal,CH,HYD1000,2035-Hhigh,4885.497980398391,14059.033333333333,1.9568092841424458,286.24991426094033,0.05859175777155841,2.8777073268152047,4,HYD1000,1000,988.672959162005,0.0,0.0,14,0.0,0.0
Mod-Nom-Ideal,CH,HYD1000,2035-Hlow,4885.497980398391,14059.033333333333,1.9568092841424458,395.3764826390987,0.08092859401957167,2.8777073268152047,4,HYD1000,1000,988.672959162005,0.0,0.0,14,0.0,0.0
Mod-Nom-Ideal,CH,HYD1000,2040-Hhigh,4885.497980398391,14059.033333333333,1.9568092841424458,314.2643698633072,0.06432596454326654,2.8777073268152047,4,HYD1000,1000,988.672959162005,0.0,0.0,14,0.0,0.0
Mod-Nom-Ideal,CH,HYD1000,2040-Hlow,4885.497980398391,14059.033333333333,1.9568092841424458,464.42579606091687,0.09506212016140164,2.8777073268152047,4,HYD1000,1000,988.672959162005,0.0,0.0,14,0.0,0.0
Mod-Nom-Ideal,CH,HYD1000,2045-Hhigh,4885.497980398391,14059.033333333333,1.9568092841424458,293.4923838330026,0.060074200216754484,2.8777073268152047,4,HYD1000,1000,988.672959162005,0.0,0.0,14,0.0,0.0
Mod-Nom-Ideal,CH,HYD1000,2045-Hlow,4885.497980398391,14059.033333333333,1.9568092841424458,430.0961396124381,0.08803527119201995,2.8777073268152047,4,HYD1000,1000,988.672959162005,0.0,0.0,14,0.0,0.0
Mod-Nom-Ideal,CH,HYD200,2024-Hhigh,4674.592919852401,13449.099999999999,1.868952780569782,428.31664192485096,0.09162651149918204,2.877063357299709,4,HYD200,200,372.10580799449065,24.40815024672263,19.0,14,-482.8248366748024,123.0
Mod-Nom-Ideal,CH,HYD200,2024-Hlow,4674.592919852401,13449.099999999999,1.868952780569782,699.7336151126366,0.14968867388237317,2.877063357299709,4,HYD200,200,372.10580799449065,24.40815024672263,19.0,14,-482.8248366748024,123.0
Mod-Nom-Ideal,CH,HYD200,2025-Hhigh,4674.592919852401,13449.099999999999,1.8978580701115162,346.0153939775179,0.07402043341742862,2.877063357299709,4,HYD200,200,372.10580799449065,24.40815024672263,19.0,14,-482.8248366748024,123.0
Mod-Nom-Ideal,CH,HYD200,2025-Hlow,4674.592919852401,13449.099999999999,1.8978580701115162,507.77776113363063,0.10862502250777029,2.877063357299709,4,HYD200,200,372.10580799449065,24.40815024672263,19.0,14,-482.8248366748024,123.0
Mod-Nom-Ideal,CH,HYD200,2030-Hhigh,4674.592919852401,13449.099999999999,1.8517300494875695,326.04010234662235,0.06974727167406847,2.877063357299709,4,HYD200,200,372.10580799449065,24.40815024672263,19.0,14,-482.8248366748024,123.0
Mod-Nom-Ideal,CH,HYD200,2030-Hlow,4674.592919852401,13449.099999999999,1.8517300494875695,454.94668073640827,0.09732327253658979,2.877063357299709,4,HYD200,200,372.10580799449065,24.40815024672263,19.0,14,-482.8248366748024,123.0
Mod-Nom-Ideal,CH,HYD200,2035-Hhigh,4674.592919852401,13449.099999999999,1.8517300494875695,271.95567538710355,0.05817740283483133,2.877063357299709,4,HYD200,200,372.10580799449065,24.40815024672263,19.0,14,-482.8248366748024,123.0
Mod-Nom-Ideal,CH,HYD200,2035-Hlow,4674.592919852401,13449.099999999999,1.8517300494875695,378.1615928518933,0.08089722449325784,2.877063357299709,4,HYD200,200,372.10580799449065,24.40815024672263,19.0,14,-482.8248366748024,123.0
Mod-Nom-Ideal,CH,HYD200,2040-Hhigh,4674.592919852401,13449.099999999999,1.8517300494875695,299.08102728797076,0.06398012242259891,2.877063357299709,4,HYD200,200,372.10580799449065,24.40815024672263,19.0,14,-482.8248366748024,123.0
Mod-Nom-Ideal,CH,HYD200,2040-Hlow,4674.592919852401,13449.099999999999,1.8517300494875695,445.262504944448,0.09525161069180481,2.877063357299709,4,HYD200,200,372.10580799449065,24.40815024672263,19.0,14,-482.8248366748024,123.0
Mod-Nom-Ideal,CH,HYD200,2045-Hhigh,4674.592919852401,13449.099999999999,1.8517300494875695,279.0613481361128,0.05969746519551998,2.877063357299709,4,HYD200,200,372.10580799449065,24.40815024672263,19.0,14,-482.8248366748024,123.0
Mod-Nom-Ideal,CH,HYD200,2045-Hlow,4674.592919852401,13449.099999999999,1.8517300494875695,412.06442182981664,0.08814979804547932,2.877063357299709,4,HYD200,200,372.10580799449065,24.40815024672263,19.0,14,-482.8248366748024,123.0
Mod-Nom-Ideal,CH,HYD500,2024-Hhigh,4766.316629058838,13716.266666666666,1.9102687125830538,437.0503075676335,0.09169560933133684,2.8777497875492792,4,HYD500,500,642.2568133133163,0.0,0.0,14,0.0,0.0
Mod-Nom-Ideal,CH,HYD500,2024-Hlow,4766.316629058838,13716.266666666666,1.9102687125830538,711.0630569536315,0.14918502321446464,2.8777497875492792,4,HYD500,500,642.2568133133163,0.0,0.0,14,0.0,0.0
Mod-Nom-Ideal,CH,HYD500,2025-Hhigh,4766.316629058838,13716.266666666666,1.945209068841485,353.45166162468155,0.07415614385955607,2.8777497875492792,4,HYD500,500,642.2568133133163,0.0,0.0,14,0.0,0.0
Mod-Nom-Ideal,CH,HYD500,2025-Hlow,4766.316629058838,13716.266666666666,1.945209068841485,516.427563232853,0.10834940341234262,2.8777497875492792,4,HYD500,500,642.2568133133163,0.0,0.0,14,0.0,0.0
Mod-Nom-Ideal,CH,HYD500,2030-Hhigh,4766.316629058838,13716.266666666666,1.892977380660097,333.4052366732574,0.06995029130892882,2.8777497875492792,4,HYD500,500,642.2568133133163,0.0,0.0,14,0.0,0.0
Mod-Nom-Ideal,CH,HYD500,2030-Hlow,4766.316629058838,13716.266666666666,1.892977380660097,463.5057703096598,0.09724611400841496,2.8777497875492792,4,HYD500,500,642.2568133133163,0.0,0.0,14,0.0,0.0
Mod-Nom-Ideal,CH,HYD500,2035-Hhigh,4766.316629058838,13716.266666666666,1.892977380660097,278.333211029613,0.05839587100292432,2.8777497875492792,4,HYD500,500,642.2568133133163,0.0,0.0,14,0.0,0.0
Mod-Nom-Ideal,CH,HYD500,2035-Hlow,4766.316629058838,13716.266666666666,1.892977380660097,385.830919672739,0.08094949406433488,2.8777497875492792,4,HYD500,500,642.2568133133163,0.0,0.0,14,0.0,0.0
Mod-Nom-Ideal,CH,HYD500,2040-Hhigh,4766.316629058838,13716.266666666666,1.892977380660097,305.8277436675375,0.06416437838036089,2.8777497875492792,4,HYD500,500,642.2568133133163,0.0,0.0,14,0.0,0.0
Mod-Nom-Ideal,CH,HYD500,2040-Hlow,4766.316629058838,13716.266666666666,1.892977380660097,453.7252763691352,0.09519411144507374,2.8777497875492792,4,HYD500,500,642.2568133133163,0.0,0.0,14,0.0,0.0
Mod-Nom-Ideal,CH,HYD500,2045-Hhigh,4766.316629058838,13716.266666666666,1.892977380660097,285.5144482641479,0.059902534909965874,2.8777497875492792,4,HYD500,500,642.2568133133163,0.0,0.0,14,0.0,0.0
Mod-Nom-Ideal,CH,HYD500,2045-Hlow,4766.316629058838,13716.266666666666,1.892977380660097,420.00974353959776,0.08812040328561499,2.8777497875492792,4,HYD500,500,642.2568133133163,0.0,0.0,14,0.0,0.0
Mod-Nom-Ideal,CH,HYD1000,2024-Hhigh,5031.000849850283,14534.8,2.070375107982921,460.85105734905216,0.09160226187653428,2.8890474149755985,5,HYD1000,1000,985.9094824104238,0.0,0.0,14,0.0,0.0
Mod-Nom-Ideal,CH,HYD1000,2024-Hlow,5031.000849850283,14534.8,2.070375107982921,741.2834900623543,0.14734314546665483,2.8890474149755985,5,HYD1000,1000,985.9094824104238,0.0,0.0,14,0.0,0.0
Mod-Nom-Ideal,CH,HYD1000,2025-Hhigh,5031.000849850283,14534.8,2.1082597258280615,372.45707319047733,0.07403240116756514,2.8890474149755985,5,HYD1000,1000,985.9094824104238,0.0,0.0,14,0.0,0.0
Mod-Nom-Ideal,CH,HYD1000,2025-Hlow,5031.000849850283,14534.8,2.1082597258280615,537.47433672947,0.1068324877634367,2.8890474149755985,5,HYD1000,1000,985.9094824104238,0.0,0.0,14,0.0,0.0
Mod-Nom-Ideal,CH,HYD1000,2030-Hhigh,5031.000849850283,14534.8,2.0562629350236805,351.2320492461239,0.06981355394853017,2.8890474149755985,5,HYD1000,1000,985.9094824104238,0.0,0.0,14,0.0,0.0
Mod-Nom-Ideal,CH,HYD1000,2030-Hlow,5031.000849850283,14534.8,2.0562629350236805,483.7311633900285,0.09615008580338916,2.8890474149755985,5,HYD1000,1000,985.9094824104238,0.0,0.0,14,0.0,0.0
Mod-Nom-Ideal,CH,HYD1000,2035-Hhigh,5031.000849850283,14534.8,2.0562629350236805,293.50110119872386,0.058338511552320275,2.8890474149755985,5,HYD1000,1000,985.9094824104238,0.0,0.0,14,0.0,0.0
Mod-Nom-Ideal,CH,HYD1000,2035-Hlow,5031.000849850283,14534.8,2.0562629350236805,404.10938990305095,0.08032385641816714,2.8890474149755985,5,HYD1000,1000,985.9094824104238,0.0,0.0,14,0.0,0.0
Mod-Nom-Ideal,CH,HYD1000,2040-Hhigh,5031.000849850283,14534.8,2.0562629350236805,321.78401102153845,0.06396023785826122,2.8890474149755985,5,HYD1000,1000,985.9094824104238,0.0,0.0,14,0.0,0.0
Mod-Nom-Ideal,CH,HYD1000,2040-Hlow,5031.000849850283,14534.8,2.0562629350236805,474.2918602269288,0.09427385810142394,2.8890474149755985,5,HYD1000,1000,985.9094824104238,0.0,0.0,14,0.0,0.0
Mod-Nom-Ideal,CH,HYD1000,2045-Hhigh,5031.000849850283,14534.8,2.0562629350236805,300.44999670561117,0.05971972688387684,2.8890474149755985,5,HYD1000,1000,985.9094824104238,0.0,0.0,14,0.0,0.0
Mod-Nom-Ideal,CH,HYD1000,2045-Hlow,5031.000849850283,14534.8,2.0562629350236805,438.68563371698343,0.08719649366189994,2.8890474149755985,5,HYD1000,1000,985.9094824104238,0.0,0.0,14,0.0,0.0
Mod-Nom-Ideal,CH,HYD200,2024-Hhigh,4820.136470836608,13927.9,1.9717491341421132,440.54485403266415,0.09139675955195535,2.8895239967308646,5,HYD200,200,371.4449064819116,65.94824771817105,17.0,14,-619.1330879719404,173.0
Mod-Nom-Ideal,CH,HYD200,2024-Hlow,4820.136470836608,13927.9,1.9717491341421132,715.415753826923,0.14842230259566733,2.8895239967308646,5,HYD200,200,371.4449064819116,65.94824771817105,17.0,14,-619.1330879719404,173.0
Mod-Nom-Ideal,CH,HYD200,2025-Hhigh,4820.136470836608,13927.9,2.0096337519872534,355.2127042805019,0.07369349528372364,2.8895239967308646,5,HYD200,200,371.4449064819116,65.94824771817105,17.0,14,-619.1330879719404,173.0
Mod-Nom-Ideal,CH,HYD200,2025-Hlow,4820.136470836608,13927.9,2.0096337519872534,517.9718850616305,0.10746000412966078,2.8895239967308646,5,HYD200,200,371.4449064819116,65.94824771817105,17.0,14,-619.1330879719404,173.0
Mod-Nom-Ideal,CH,HYD200,2030-Hhigh,4820.136470836608,13927.9,1.9545264030599003,333.93594312020247,0.06927935446239404,2.8895239967308646,5,HYD200,200,371.4449064819116,65.94824771817105,17.0,14,-619.1330879719404,173.0
Mod-Nom-Ideal,CH,HYD200,2030-Hlow,4820.136470836608,13927.9,1.9545264030599003,464.06376757083405,0.0962760640447777,2.8895239967308646,5,HYD200,200,371.4449064819116,65.94824771817105,17.0,14,-619.1330879719404,173.0
Mod-Nom-Ideal,CH,HYD200,2035-Hhigh,4820.136470836608,13927.9,1.9545264030599003,278.40981938478717,0.05775973793880257,2.8895239967308646,5,HYD200,200,371.4449064819116,65.94824771817105,17.0,14,-619.1330879719404,173.0
Mod-Nom-Ideal,CH,HYD200,2035-Hlow,4820.136470836608,13927.9,1.9545264030599003,386.1826058592982,0.08011860415069748,2.8895239967308646,5,HYD200,200,371.4449064819116,65.94824771817105,17.0,14,-619.1330879719404,173.0
Mod-Nom-Ideal,CH,HYD200,2040-Hhigh,4820.136470836608,13927.9,1.9545264030599003,305.99846977260785,0.06348336227075686,2.8895239967308646,5,HYD200,200,371.4449064819116,65.94824771817105,17.0,14,-619.1330879719404,173.0
Mod-Nom-Ideal,CH,HYD200,2040-Hlow,4820.136470836608,13927.9,1.9545264030599003,454.30413647590393,0.09425130164355129,2.8895239967308646,5,HYD200,200,371.4449064819116,65.94824771817105,17.0,14,-619.1330879719404,173.0
Mod-Nom-Ideal,CH,HYD200,2045-Hhigh,4820.136470836608,13927.9,1.9545264030599003,285.30658888367026,0.05919056246848359,2.8895239967308646,5,HYD200,200,371.4449064819116,65.94824771817105,17.0,14,-619.1330879719404,173.0
Mod-Nom-Ideal,CH,HYD200,2045-Hlow,4820.136470836608,13927.9,1.9545264030599003,419.74652051965666,0.08708187476833062,2.8895239967308646,5,HYD200,200,371.4449064819116,65.94824771817105,17.0,14,-619.1330879719404,173.0
Mod-Nom-Ideal,CH,HYD500,2024-Hhigh,4911.648942314777,14194.366666666667,1.9966787858486297,449.2665664673993,0.09146960048322744,2.8899391697927626,5,HYD500,500,640.8716002134121,0.0,0.0,14,0.0,0.0
Mod-Nom-Ideal,CH,HYD500,2024-Hlow,4911.648942314777,14194.366666666667,1.9966787858486297,726.6746041054001,0.1479492147423164,2.8899391697927626,5,HYD500,500,640.8716002134121,0.0,0.0,14,0.0,0.0
Mod-Nom-Ideal,CH,HYD500,2025-Hhigh,4911.648942314777,14194.366666666667,2.0376053609759985,362.7061406158704,0.07384610440927261,2.8899391697927626,5,HYD500,500,640.8716002134121,0.0,0.0,14,0.0,0.0
Mod-Nom-Ideal,CH,HYD500,2025-Hlow,4911.648942314777,14194.366666666667,2.0376053609759985,526.4759865310873,0.10718925410067441,2.8899391697927626,5,HYD500,500,640.8716002134121,0.0,0.0,14,0.0,0.0
Mod-Nom-Ideal,CH,HYD500,2030-Hhigh,4911.648942314777,14194.366666666667,1.9824980120486457,341.45426499290295,0.06951927326304012,2.8899391697927626,5,HYD500,500,640.8716002134121,0.0,0.0,14,0.0,0.0
Mod-Nom-Ideal,CH,HYD500,2030-Hlow,4911.648942314777,14194.366666666667,1.9824980120486457,472.61264263002664,0.09622280586024382,2.8899391697927626,5,HYD500,500,640.8716002134121,0.0,0.0,14,0.0,0.0
Mod-Nom-Ideal,CH,HYD500,2035-Hhigh,4911.648942314777,14194.366666666667,1.9824980120486457,284.9759406456656,0.058020421246018715,2.8899391697927626,5,HYD500,500,640.8716002134121,0.0,0.0,14,0.0,0.0
Mod-Nom-Ideal,CH,HYD500,2035-Hlow,4911.648942314777,14194.366666666667,1.9824980120486457,393.95019939957393,0.08020732019457236,2.8899391697927626,5,HYD500,500,640.8716002134121,0.0,0.0,14,0.0,0.0
Mod-Nom-Ideal,CH,HYD500,2040-Hhigh,4911.648942314777,14194.366666666667,1.9824980120486457,312.85374118105,0.06369627488759556,2.8899391697927626,5,HYD500,500,640.8716002134121,0.0,0.0,14,0.0,0.0
Mod-Nom-Ideal,CH,HYD500,2040-Hlow,4911.648942314777,14194.366666666667,1.9824980120486457,462.90554318452,0.09424646358507058,2.8899391697927626,5,HYD500,500,640.8716002134121,0.0,0.0,14,0.0,0.0
Mod-Nom-Ideal,CH,HYD500,2045-Hhigh,4911.648942314777,14194.366666666667,1.9824980120486457,291.88989315059257,0.059428085471644035,2.8899391697927626,5,HYD500,500,640.8716002134121,0.0,0.0,14,0.0,0.0
Mod-Nom-Ideal,CH,HYD500,2045-Hlow,4911.648942314777,14194.366666666667,1.9824980120486457,427.93083267979216,0.08712569601485314,2.8899391697927626,5,HYD500,500,640.8716002134121,0.0,0.0,14,0.0,0.0
Mod-Nom-Real,AK,HYD1000,2024-Hhigh,1753.5110541591812,5620.099999999999,0.9278095790339875,150.3001526019625,0.08571383239670098,3.205055358316444,3,HYD1000,1000,877.0769073268314,0.0,0.0,6,0.0,0.0
Mod-Nom-Real,AK,HYD1000,2024-Hlow,1753.5110541591812,5620.099999999999,0.9278095790339875,249.23615756008368,0.142135492655673,3.205055358316444,3,HYD1000,1000,877.0769073268314,0.0,0.0,6,0.0,0.0
Mod-Nom-Real,AK,HYD1000,2025-Hhigh,1753.5110541591812,5620.099999999999,0.9624896111317289,120.28958160340524,0.06859927191111138,3.205055358316444,3,HYD1000,1000,877.0769073268314,0.0,0.0,6,0.0,0.0
Mod-Nom-Real,AK,HYD1000,2025-Hlow,1753.5110541591812,5620.099999999999,0.9624896111317289,173.78961724960445,0.09910950765744536,3.205055358316444,3,HYD1000,1000,877.0769073268314,0.0,0.0,6,0.0,0.0
Mod-Nom-Real,AK,HYD1000,2030-Hhigh,1753.5110541591812,5620.099999999999,0.9255573353705911,116.1572912865644,0.06624269120576631,3.205055358316444,3,HYD1000,1000,877.0769073268314,0.0,0.0,6,0.0,0.0
Mod-Nom-Real,AK,HYD1000,2030-Hlow,1753.5110541591812,5620.099999999999,0.9255573353705911,162.38495947936352,0.09260560923993037,3.205055358316444,3,HYD1000,1000,877.0769073268314,0.0,0.0,6,0.0,0.0
Mod-Nom-Real,AK,HYD1000,2035-Hhigh,1753.5110541591812,5620.099999999999,0.9255573353705911,101.77665891793703,0.05804164089900165,3.205055358316444,3,HYD1000,1000,877.0769073268314,0.0,0.0,6,0.0,0.0
Mod-Nom-Real,AK,HYD1000,2035-Hlow,1753.5110541591812,5620.099999999999,0.9255573353705911,145.02573550903531,0.08270591460775022,3.205055358316444,3,HYD1000,1000,877.0769073268314,0.0,0.0,6,0.0,0.0
Mod-Nom-Real,AK,HYD1000,2040-Hhigh,1753.5110541591812,5620.099999999999,0.9255573353705911,110.73537379101614,0.0631506562381578,3.205055358316444,3,HYD1000,1000,877.0769073268314,0.0,0.0,6,0.0,0.0
Mod-Nom-Real,AK,HYD1000,2040-Hlow,1753.5110541591812,5620.099999999999,0.9255573353705911,172.71323192017212,0.09849566189532186,3.205055358316444,3,HYD1000,1000,877.0769073268314,0.0,0.0,6,0.0,0.0
Mod-Nom-Real,AK,HYD1000,2045-Hhigh,1753.5110541591812,5620.099999999999,0.9255573353705911,104.76452555933447,0.0597455746348686,3.205055358316444,3,HYD1000,1000,877.0769073268314,0.0,0.0,6,0.0,0.0
Mod-Nom-Real,AK,HYD1000,2045-Hlow,1753.5110541591812,5620.099999999999,0.9255573353705911,161.7286372329304,0.09223131890119747,3.205055358316444,3,HYD1000,1000,877.0769073268314,0.0,0.0,6,0.0,0.0
Mod-Nom-Real,AK,HYD200,2024-Hhigh,1390.5198662101411,5075.166666666667,0.6675899265806301,119.42885665445512,0.08588791829343526,3.6498339865499534,3,HYD200,200,326.57489284767917,200.65604515720958,56.0,11.2,-639.5535708024557,135.0
Mod-Nom-Real,AK,HYD200,2024-Hlow,1390.5198662101411,5075.166666666667,0.6675899265806301,204.39261351890414,0.14699007075387982,3.6498339865499534,3,HYD200,200,326.57489284767917,200.65604515720958,56.0,11.2,-639.5535708024557,135.0
Mod-Nom-Real,AK,HYD200,2025-Hhigh,1390.5198662101411,5075.166666666667,0.7016472034850686,95.79328231295607,0.06889026517401758,3.6498339865499534,3,HYD200,200,326.57489284767917,200.65604515720958,56.0,11.2,-639.5535708024557,135.0
Mod-Nom-Real,AK,HYD200,2025-Hlow,1390.5198662101411,5075.166666666667,0.7016472034850686,141.53785346748634,0.10178772479766683,3.6498339865499534,3,HYD200,200,326.57489284767917,200.65604515720958,56.0,11.2,-639.5535708024557,135.0
Mod-Nom-Real,AK,HYD200,2030-Hhigh,1390.5198662101411,5075.166666666667,0.6709326904342956,92.32659121932711,0.06639717523127737,3.6498339865499534,3,HYD200,200,326.57489284767917,200.65604515720958,56.0,11.2,-639.5535708024557,135.0
Mod-Nom-Real,AK,HYD200,2030-Hlow,1390.5198662101411,5075.166666666667,0.6709326904342956,131.68013366859861,0.09469849145520842,3.6498339865499534,3,HYD200,200,326.57489284767917,200.65604515720958,56.0,11.2,-639.5535708024557,135.0
Mod-Nom-Real,AK,HYD200,2035-Hhigh,1390.5198662101411,5075.166666666667,0.6709326904342956,81.00488683157508,0.05825510932997579,3.6498339865499534,3,HYD200,200,326.57489284767917,200.65604515720958,56.0,11.2,-639.5535708024557,135.0
Mod-Nom-Real,AK,HYD200,2035-Hlow,1390.5198662101411,5075.166666666667,0.6709326904342956,116.94302379926657,0.0841002179407868,3.6498339865499534,3,HYD200,200,326.57489284767917,200.65604515720958,56.0,11.2,-639.5535708024557,135.0
Mod-Nom-Real,AK,HYD200,2040-Hhigh,1390.5198662101411,5075.166666666667,0.6709326904342956,88.24937339306744,0.06346502163510322,3.6498339865499534,3,HYD200,200,326.57489284767917,200.65604515720958,56.0,11.2,-639.5535708024557,135.0
Mod-Nom-Real,AK,HYD200,2040-Hlow,1390.5198662101411,5075.166666666667,0.6709326904342956,140.31039325122273,0.10090499004062302,3.6498339865499534,3,HYD200,200,326.57489284767917,200.65604515720958,56.0,11.2,-639.5535708024557,135.0
Mod-Nom-Real,AK,HYD200,2045-Hhigh,1390.5198662101411,5075.166666666667,0.6709326904342956,83.4113976299145,0.05998576478972004,3.6498339865499534,3,HYD200,200,326.57489284767917,200.65604515720958,56.0,11.2,-639.5535708024557,135.0
Mod-Nom-Real,AK,HYD200,2045-Hlow,1390.5198662101411,5075.166666666667,0.6709326904342956,131.17833726249015,0.09433762181335562,3.6498339865499534,3,HYD200,200,326.57489284767917,200.65604515720958,56.0,11.2,-639.5535708024557,135.0
Mod-Nom-Real,AK,HYD500,2024-Hhigh,1747.0788498746808,5313.208333333333,0.8786797060746262,149.4981972733053,0.08557037782469229,3.0411954982538156,3,HYD500,500,566.7412205237513,0.0,0.0,8.5,0.0,0.0
Mod-Nom-Real,AK,HYD500,2024-Hlow,1747.0788498746808,5313.208333333333,0.8786797060746262,251.18837079421087,0.14377620724572837,3.0411954982538156,3,HYD500,500,566.7412205237513,0.0,0.0,8.5,0.0,0.0
Mod-Nom-Real,AK,HYD500,2025-Hhigh,1747.0788498746808,5313.208333333333,0.9210003489095224,119.82364433134914,0.06858513818076624,3.0411954982538156,3,HYD500,500,566.7412205237513,0.0,0.0,8.5,0.0,0.0
Mod-Nom-Real,AK,HYD500,2025-Hlow,1747.0788498746808,5313.208333333333,0.9210003489095224,174.72343641703867,0.10000890138963774,3.0411954982538156,3,HYD500,500,566.7412205237513,0.0,0.0,8.5,0.0,0.0
Mod-Nom-Real,AK,HYD500,2030-Hhigh,1747.0788498746808,5313.208333333333,0.8854499878317846,115.69739487885438,0.06622333896787397,3.0411954982538156,3,HYD500,500,566.7412205237513,0.0,0.0,8.5,0.0,0.0
Mod-Nom-Real,AK,HYD500,2030-Hlow,1747.0788498746808,5313.208333333333,0.8854499878317846,162.93050901294902,0.09325881829811868,3.0411954982538156,3,HYD500,500,566.7412205237513,0.0,0.0,8.5,0.0,0.0
Mod-Nom-Real,AK,HYD500,2035-Hhigh,1747.0788498746808,5313.208333333333,0.8854499878317846,101.43333495815962,0.05805881913425688,3.0411954982538156,3,HYD500,500,566.7412205237513,0.0,0.0,8.5,0.0,0.0
Mod-Nom-Real,AK,HYD500,2035-Hlow,1747.0788498746808,5313.208333333333,0.8854499878317846,145.19170080475928,0.08310540810174308,3.0411954982538156,3,HYD500,500,566.7412205237513,0.0,0.0,8.5,0.0,0.0
Mod-Nom-Real,AK,HYD500,2040-Hhigh,1747.0788498746808,5313.208333333333,0.8854499878317846,110.42681454264262,0.06320654305360265,3.0411954982538156,3,HYD500,500,566.7412205237513,0.0,0.0,8.5,0.0,0.0
Mod-Nom-Real,AK,HYD500,2040-Hlow,1747.0788498746808,5313.208333333333,0.8854499878317846,173.37712436510682,0.09923829389700602,3.0411954982538156,3,HYD500,500,566.7412205237513,0.0,0.0,8.5,0.0,0.0
Mod-Nom-Real,AK,HYD500,2045-Hhigh,1747.0788498746808,5313.208333333333,0.8854499878317846,104.49813307055592,0.059813060571394155,3.0411954982538156,3,HYD500,500,566.7412205237513,0.0,0.0,8.5,0.0,0.0
Mod-Nom-Real,AK,HYD500,2045-Hlow,1747.0788498746808,5313.208333333333,0.8854499878317846,162.28967911611576,0.09289201751126282,3.0411954982538156,3,HYD500,500,566.7412205237513,0.0,0.0,8.5,0.0,0.0
Mod-Nom-Real,AK,HYD1000,2024-Hhigh,1886.5884682404328,6091.299999999999,0.9857593990050957,161.53939530449307,0.08562513660181346,3.2287380647890744,4,HYD1000,1000,868.9750492516317,0.0,0.0,6,0.0,0.0
Mod-Nom-Real,AK,HYD1000,2024-Hlow,1886.5884682404328,6091.299999999999,0.9857593990050957,261.7095173982821,0.13872104160711377,3.2287380647890744,4,HYD1000,1000,868.9750492516317,0.0,0.0,6,0.0,0.0
Mod-Nom-Real,AK,HYD1000,2025-Hhigh,1886.5884682404328,6091.299999999999,0.9768837139947084,128.65804790264477,0.06819613819787654,3.2287380647890744,4,HYD1000,1000,868.9750492516317,0.0,0.0,6,0.0,0.0
Mod-Nom-Real,AK,HYD1000,2025-Hlow,1886.5884682404328,6091.299999999999,0.9768837139947084,183.38319972443952,0.09720360471379103,3.2287380647890744,4,HYD1000,1000,868.9750492516317,0.0,0.0,6,0.0,0.0
Mod-Nom-Real,AK,HYD1000,2030-Hhigh,1886.5884682404328,6091.299999999999,0.9653803541606056,123.45766723953673,0.06543963843618857,3.2287380647890744,4,HYD1000,1000,868.9750492516317,0.0,0.0,6,0.0,0.0
Mod-Nom-Real,AK,HYD1000,2030-Hlow,1886.5884682404328,6091.299999999999,0.9653803541606056,170.34407092413883,0.0902921192362709,3.2287380647890744,4,HYD1000,1000,868.9750492516317,0.0,0.0,6,0.0,0.0
Mod-Nom-Real,AK,HYD1000,2035-Hhigh,1886.5884682404328,6091.299999999999,0.9653803541606056,106.74578400331106,0.05658138263872131,3.2287380647890744,4,HYD1000,1000,868.9750492516317,0.0,0.0,6,0.0,0.0
Mod-Nom-Real,AK,HYD1000,2035-Hlow,1886.5884682404328,6091.299999999999,0.9653803541606056,151.2559746496068,0.08017433435850423,3.2287380647890744,4,HYD1000,1000,868.9750492516317,0.0,0.0,6,0.0,0.0
Mod-Nom-Real,AK,HYD1000,2040-Hhigh,1886.5884682404328,6091.299999999999,0.9653803541606056,116.34002886676103,0.06166688221902896,3.2287380647890744,4,HYD1000,1000,868.9750492516317,0.0,0.0,6,0.0,0.0
Mod-Nom-Real,AK,HYD1000,2040-Hlow,1886.5884682404328,6091.299999999999,0.9653803541606056,179.23421068344751,0.09500440276231209,3.2287380647890744,4,HYD1000,1000,868.9750492516317,0.0,0.0,6,0.0,0.0
Mod-Nom-Real,AK,HYD1000,2045-Hhigh,1886.5884682404328,6091.299999999999,0.9653803541606056,109.52982847367419,0.05805708574898135,3.2287380647890744,4,HYD1000,1000,868.9750492516317,0.0,0.0,6,0.0,0.0
Mod-Nom-Real,AK,HYD1000,2045-Hlow,1886.5884682404328,6091.299999999999,0.9653803541606056,167.18714011089506,0.08861876499585823,3.2287380647890744,4,HYD1000,1000,868.9750492516317,0.0,0.0,6,0.0,0.0
Mod-Nom-Real,AK,HYD200,2024-Hhigh,1504.8334029991204,5552.499999999999,0.6956365571705444,128.89818714889034,0.08565611774166983,3.6897772131678583,4,HYD200,200,325.0457647638569,646.12993678009,112.0,11.2,-535.5485827534537,117.0
Mod-Nom-Real,AK,HYD200,2024-Hlow,1504.8334029991204,5552.499999999999,0.6956365571705444,214.91161743490457,0.14281422581834474,3.6897772131678583,4,HYD200,200,325.0457647638569,646.12993678009,112.0,11.2,-535.5485827534537,117.0
Mod-Nom-Real,AK,HYD200,2025-Hhigh,1504.8334029991204,5552.499999999999,0.709059243223214,102.73510658748137,0.06827008649776857,3.6897772131678583,4,HYD200,200,325.0457647638569,646.12993678009,112.0,11.2,-535.5485827534537,117.0
Mod-Nom-Real,AK,HYD200,2025-Hlow,1504.8334029991204,5552.499999999999,0.709059243223214,149.8991185841657,0.09961176983805517,3.6897772131678583,4,HYD200,200,325.0457647638569,646.12993678009,112.0,11.2,-535.5485827534537,117.0
Mod-Nom-Real,AK,HYD200,2030-Hhigh,1504.8334029991204,5552.499999999999,0.6924039166665593,98.15434301500478,0.06522605281048653,3.6897772131678583,4,HYD200,200,325.0457647638569,646.12993678009,112.0,11.2,-535.5485827534537,117.0
Mod-Nom-Real,AK,HYD200,2030-Hlow,1504.8334029991204,5552.499999999999,0.6924039166665593,138.21088634471602,0.09184464278189391,3.6897772131678583,4,HYD200,200,325.0457647638569,646.12993678009,112.0,11.2,-535.5485827534537,117.0
Mod-Nom-Real,AK,HYD200,2035-Hhigh,1504.8334029991204,5552.499999999999,0.6924039166665593,84.77333618052747,0.056334034060896654,3.6897772131678583,4,HYD200,200,325.0457647638569,646.12993678009,112.0,11.2,-535.5485827534537,117.0
Mod-Nom-Real,AK,HYD200,2035-Hlow,1504.8334029991204,5552.499999999999,0.6924039166665593,121.61264961353375,0.08081469308905607,3.6897772131678583,4,HYD200,200,325.0457647638569,646.12993678009,112.0,11.2,-535.5485827534537,117.0
Mod-Nom-Real,AK,HYD200,2040-Hhigh,1504.8334029991204,5552.499999999999,0.6924039166665593,92.41871164265754,0.06141458015117675,3.6897772131678583,4,HYD200,200,325.0457647638569,646.12993678009,112.0,11.2,-535.5485827534537,117.0
Mod-Nom-Real,AK,HYD200,2040-Hlow,1504.8334029991204,5552.499999999999,0.6924039166665593,145.15759600240412,0.09646090770786071,3.6897772131678583,4,HYD200,200,325.0457647638569,646.12993678009,112.0,11.2,-535.5485827534537,117.0
Mod-Nom-Real,AK,HYD200,2045-Hhigh,1504.8334029991204,5552.499999999999,0.6924039166665593,86.80313822527215,0.05768288905089043,3.6897772131678583,4,HYD200,200,325.0457647638569,646.12993678009,112.0,11.2,-535.5485827534537,117.0
Mod-Nom-Real,AK,HYD200,2045-Hlow,1504.8334029991204,5552.499999999999,0.6924039166665593,134.98711418280226,0.08970236433732404,3.6897772131678583,4,HYD200,200,325.0457647638569,646.12993678009,112.0,11.2,-535.5485827534537,117.0
Mod-Nom-Real,AK,HYD500,2024-Hhigh,1888.3594702850246,5787.933333333333,0.9249116664414849,161.3026692400813,0.08541947218118097,3.0650590760983216,4,HYD500,500,562.1872507368138,0.0,0.0,8.5,0.0,0.0
Mod-Nom-Real,AK,HYD500,2024-Hlow,1888.3594702850246,5787.933333333333,0.9249116664414849,264.20102679737715,0.13991034596686153,3.0650590760983216,4,HYD500,500,562.1872507368138,0.0,0.0,8.5,0.0,0.0
Mod-Nom-Real,AK,HYD500,2025-Hhigh,1888.3594702850246,5787.933333333333,0.9424903402838392,128.55080436733454,0.0680753883941024,3.0650590760983216,4,HYD500,500,562.1872507368138,0.0,0.0,8.5,0.0,0.0
Mod-Nom-Real,AK,HYD500,2025-Hlow,1888.3594702850246,5787.933333333333,0.9424903402838392,184.86097629501998,0.09789501374286406,3.0650590760983216,4,HYD500,500,562.1872507368138,0.0,0.0,8.5,0.0,0.0
Mod-Nom-Real,AK,HYD500,2030-Hhigh,1888.3594702850246,5787.933333333333,0.9266144606566544,123.10889500273365,0.06519356983665398,3.0650590760983216,4,HYD500,500,562.1872507368138,0.0,0.0,8.5,0.0,0.0
Mod-Nom-Real,AK,HYD500,2030-Hlow,1888.3594702850246,5787.933333333333,0.9266144606566544,171.09761583913735,0.09060648596387862,3.0650590760983216,4,HYD500,500,562.1872507368138,0.0,0.0,8.5,0.0,0.0
Mod-Nom-Real,AK,HYD500,2035-Hhigh,1888.3594702850246,5787.933333333333,0.9266144606566544,106.37229736997821,0.05633053401316786,3.0650590760983216,4,HYD500,500,562.1872507368138,0.0,0.0,8.5,0.0,0.0
Mod-Nom-Real,AK,HYD500,2035-Hlow,1888.3594702850246,5787.933333333333,0.9266144606566544,151.29541182876952,0.08012002704439178,3.0650590760983216,4,HYD500,500,562.1872507368138,0.0,0.0,8.5,0.0,0.0
Mod-Nom-Real,AK,HYD500,2040-Hhigh,1888.3594702850246,5787.933333333333,0.9266144606566544,115.92416720946211,0.06138882402086547,3.0650590760983216,4,HYD500,500,562.1872507368138,0.0,0.0,8.5,0.0,0.0
Mod-Nom-Real,AK,HYD500,2040-Hlow,1888.3594702850246,5787.933333333333,0.9266144606566544,179.7172725805916,0.0951711130262002,3.0650590760983216,4,HYD500,500,562.1872507368138,0.0,0.0,8.5,0.0,0.0
Mod-Nom-Real,AK,HYD500,2045-Hhigh,1888.3594702850246,5787.933333333333,0.9266144606566544,109.08763721919388,0.0577684698998165,3.0650590760983216,4,HYD500,500,562.1872507368138,0.0,0.0,8.5,0.0,0.0
Mod-Nom-Real,AK,HYD500,2045-Hlow,1888.3594702850246,5787.933333333333,0.9266144606566544,167.4400214350944,0.08866956957608362,3.0650590760983216,4,HYD500,500,562.1872507368138,0.0,0.0,8.5,0.0,0.0
Mod-Nom-Real,AK,HYD1000,2024-Hhigh,2026.8950351086194,6565.6,1.0012105741008006,173.44914424449365,0.08557381671971913,3.23924025974446,5,HYD1000,1000,864.9125418855425,0.0,0.0,6,0.0,0.0
Mod-Nom-Real,AK,HYD1000,2024-Hlow,2026.8950351086194,6565.6,1.0012105741008006,276.50712737052606,0.13641906590180597,3.23924025974446,5,HYD1000,1000,864.9125418855425,0.0,0.0,6,0.0,0.0
Mod-Nom-Real,AK,HYD1000,2025-Hhigh,2026.8950351086194,6565.6,1.0405656397984226,137.79711259982795,0.0679843357514779,3.23924025974446,5,HYD1000,1000,864.9125418855425,0.0,0.0,6,0.0,0.0
Mod-Nom-Real,AK,HYD1000,2025-Hlow,2026.8950351086194,6565.6,1.0405656397984226,193.18991656282057,0.09531323192198145,3.23924025974446,5,HYD1000,1000,864.9125418855425,0.0,0.0,6,0.0,0.0
Mod-Nom-Real,AK,HYD1000,2030-Hhigh,2026.8950351086194,6565.6,1.0125558756018305,131.44327111093745,0.06484956982683296,3.23924025974446,5,HYD1000,1000,864.9125418855425,0.0,0.0,6,0.0,0.0
Mod-Nom-Real,AK,HYD1000,2030-Hlow,2026.8950351086194,6565.6,1.0125558756018305,179.47079204446212,0.08854468975244416,3.23924025974446,5,HYD1000,1000,864.9125418855425,0.0,0.0,6,0.0,0.0
Mod-Nom-Real,AK,HYD1000,2035-Hhigh,2026.8950351086194,6565.6,1.0125558756018305,113.46704745272697,0.05598072198477036,3.23924025974446,5,HYD1000,1000,864.9125418855425,0.0,0.0,6,0.0,0.0
Mod-Nom-Real,AK,HYD1000,2035-Hlow,2026.8950351086194,6565.6,1.0125558756018305,159.4140766953627,0.07864939917168422,3.23924025974446,5,HYD1000,1000,864.9125418855425,0.0,0.0,6,0.0,0.0
Mod-Nom-Real,AK,HYD1000,2040-Hhigh,2026.8950351086194,6565.6,1.0125558756018305,123.45008237988522,0.060906006597065666,3.23924025974446,5,HYD1000,1000,864.9125418855425,0.0,0.0,6,0.0,0.0
Mod-Nom-Real,AK,HYD1000,2040-Hlow,2026.8950351086194,6565.6,1.0125558756018305,188.52614430280948,0.09301228777873372,3.23924025974446,5,HYD1000,1000,864.9125418855425,0.0,0.0,6,0.0,0.0
Mod-Nom-Real,AK,HYD1000,2045-Hhigh,2026.8950351086194,6565.6,1.0125558756018305,116.020869956119,0.05724068979719098,3.23924025974446,5,HYD1000,1000,864.9125418855425,0.0,0.0,6,0.0,0.0
Mod-Nom-Real,AK,HYD1000,2045-Hlow,2026.8950351086194,6565.6,1.0125558756018305,175.39084811228813,0.08653178634032674,3.23924025974446,5,HYD1000,1000,864.9125418855425,0.0,0.0,6,0.0,0.0
Mod-Nom-Real,AK,HYD200,2024-Hhigh,1625.220018566491,6030.666666666666,0.779695810225503,138.80642692854127,0.08540777577362976,3.7106770761942465,5,HYD200,200,323.9034872805716,733.2834933529473,136.0,11.2,-781.2545804521584,188.0
Mod-Nom-Real,AK,HYD200,2024-Hlow,1625.220018566491,6030.666666666666,0.779695810225503,227.82281387395707,0.1401796749186648,3.7106770761942465,5,HYD200,200,323.9034872805716,733.2834933529473,136.0,11.2,-781.2545804521584,188.0
Mod-Nom-Real,AK,HYD200,2025-Hhigh,1625.220018566491,6030.666666666666,0.8011153283249303,110.21889753740128,0.06781783160326732,3.7106770761942465,5,HYD200,200,323.9034872805716,733.2834933529473,136.0,11.2,-781.2545804521584,188.0
Mod-Nom-Real,AK,HYD200,2025-Hlow,1625.220018566491,6030.666666666666,0.8011153283249303,158.32745278659428,0.09741908847901432,3.7106770761942465,5,HYD200,200,323.9034872805716,733.2834933529473,136.0,11.2,-781.2545804521584,188.0
Mod-Nom-Real,AK,HYD200,2030-Hhigh,1625.220018566491,6030.666666666666,0.7797476329782941,104.62188157574417,0.0643739803722236,3.7106770761942465,5,HYD200,200,323.9034872805716,733.2834933529473,136.0,11.2,-781.2545804521584,188.0
Mod-Nom-Real,AK,HYD200,2030-Hlow,1625.220018566491,6030.666666666666,0.7797476329782941,145.80371518438983,0.08971321637607844,3.7106770761942465,5,HYD200,200,323.9034872805716,733.2834933529473,136.0,11.2,-781.2545804521584,188.0
Mod-Nom-Real,AK,HYD200,2035-Hhigh,1625.220018566491,6030.666666666666,0.7797476329782941,90.08959261068905,0.05543224399250981,3.7106770761942465,5,HYD200,200,323.9034872805716,733.2834933529473,136.0,11.2,-781.2545804521584,188.0
Mod-Nom-Real,AK,HYD200,2035-Hlow,1625.220018566491,6030.666666666666,0.7797476329782941,128.42915539098993,0.07902262704361074,3.7106770761942465,5,HYD200,200,323.9034872805716,733.2834933529473,136.0,11.2,-781.2545804521584,188.0
Mod-Nom-Real,AK,HYD200,2040-Hhigh,1625.220018566491,6030.666666666666,0.7797476329782941,98.16332195288172,0.0604000202012437,3.7106770761942465,5,HYD200,200,323.9034872805716,733.2834933529473,136.0,11.2,-781.2545804521584,188.0
Mod-Nom-Real,AK,HYD200,2040-Hlow,1625.220018566491,6030.666666666666,0.7797476329782941,152.77588616867016,0.09400320228852743,3.7106770761942465,5,HYD200,200,323.9034872805716,733.2834933529473,136.0,11.2,-781.2545804521584,188.0
Mod-Nom-Real,AK,HYD200,2045-Hhigh,1625.220018566491,6030.666666666666,0.7797476329782941,91.97731607954617,0.05659376270830939,3.7106770761942465,5,HYD200,200,323.9034872805716,733.2834933529473,136.0,11.2,-781.2545804521584,188.0
Mod-Nom-Real,AK,HYD200,2045-Hlow,1625.220018566491,6030.666666666666,0.7797476329782941,141.52926895626584,0.0870831440293852,3.7106770761942465,5,HYD200,200,323.9034872805716,733.2834933529473,136.0,11.2,-781.2545804521584,188.0
Mod-Nom-Real,AK,HYD500,2024-Hhigh,2036.0327424062093,6264.641666666666,0.9972175417829103,173.48764655187253,0.08520867220771834,3.0768865039287303,5,HYD500,500,560.1341997550497,0.0,0.0,8.5,0.0,0.0
Mod-Nom-Real,AK,HYD500,2024-Hlow,2036.0327424062093,6264.641666666666,0.9972175417829103,279.75319639207464,0.13740112846194152,3.0768865039287303,5,HYD500,500,560.1341997550497,0.0,0.0,8.5,0.0,0.0
Mod-Nom-Real,AK,HYD500,2025-Hhigh,2036.0327424062093,6264.641666666666,1.0230586572525162,137.8022156487452,0.06768172867686244,3.0768865039287303,5,HYD500,500,560.1341997550497,0.0,0.0,8.5,0.0,0.0
Mod-Nom-Real,AK,HYD500,2025-Hlow,2036.0327424062093,6264.641666666666,1.0230586572525162,195.115892397222,0.09583141190874543,3.0768865039287303,5,HYD500,500,560.1341997550497,0.0,0.0,8.5,0.0,0.0
Mod-Nom-Real,AK,HYD500,2030-Hhigh,2036.0327424062093,6264.641666666666,1.0006091090348999,131.11547155705497,0.06439752604474379,3.0768865039287303,5,HYD500,500,560.1341997550497,0.0,0.0,8.5,0.0,0.0
Mod-Nom-Real,AK,HYD500,2030-Hlow,2036.0327424062093,6264.641666666666,1.0006091090348999,180.36437190780669,0.08858618437277672,3.0768865039287303,5,HYD500,500,560.1341997550497,0.0,0.0,8.5,0.0,0.0
Mod-Nom-Real,AK,HYD500,2035-Hhigh,2036.0327424062093,6264.641666666666,1.0006091090348999,112.9840480506252,0.05549225496103723,3.0768865039287303,5,HYD500,500,560.1341997550497,0.0,0.0,8.5,0.0,0.0
Mod-Nom-Real,AK,HYD500,2035-Hlow,2036.0327424062093,6264.641666666666,1.0006091090348999,159.54901212429758,0.07836269466656048,3.0768865039287303,5,HYD500,500,560.1341997550497,0.0,0.0,8.5,0.0,0.0
Mod-Nom-Real,AK,HYD500,2040-Hhigh,2036.0327424062093,6264.641666666666,1.0006091090348999,122.99146896593145,0.060407412122743455,3.0768865039287303,5,HYD500,500,560.1341997550497,0.0,0.0,8.5,0.0,0.0
Mod-Nom-Real,AK,HYD500,2040-Hlow,2036.0327424062093,6264.641666666666,1.0006091090348999,188.78759653220152,0.09272326156655514,3.0768865039287303,5,HYD500,500,560.1341997550497,0.0,0.0,8.5,0.0,0.0
Mod-Nom-Real,AK,HYD500,2045-Hhigh,2036.0327424062093,6264.641666666666,1.0006091090348999,115.38462679250017,0.05667130217961876,3.0768865039287303,5,HYD500,500,560.1341997550497,0.0,0.0,8.5,0.0,0.0
Mod-Nom-Real,AK,HYD500,2045-Hlow,2036.0327424062093,6264.641666666666,1.0006091090348999,175.2483591051898,0.08607344835627695,3.0768865039287303,5,HYD500,500,560.1341997550497,0.0,0.0,8.5,0.0,0.0
Mod-Nom-Real,CH,HYD1000,2024-Hhigh,3964.1071876554593,11581.5,2.0998167009648423,373.7199462981336,0.09427594376406542,2.921591029643623,3,HYD1000,1000,989.1624750525001,0.0,0.0,14,0.0,0.0
Mod-Nom-Real,CH,HYD1000,2024-Hlow,3964.1071876554593,11581.5,2.0998167009648423,584.3287060154399,0.14740487034131805,2.921591029643623,3,HYD1000,1000,989.1624750525001,0.0,0.0,14,0.0,0.0
Mod-Nom-Real,CH,HYD1000,2025-Hhigh,3964.1071876554593,11581.5,2.164736999415721,298.29163522619507,0.07524812551867886,2.921591029643623,3,HYD1000,1000,989.1624750525001,0.0,0.0,14,0.0,0.0
Mod-Nom-Real,CH,HYD1000,2025-Hlow,3964.1071876554593,11581.5,2.164736999415721,406.0781160373703,0.10243873256049418,2.921591029643623,3,HYD1000,1000,989.1624750525001,0.0,0.0,14,0.0,0.0
Mod-Nom-Real,CH,HYD1000,2030-Hhigh,3964.1071876554593,11581.5,2.091788442570059,285.68041100956935,0.07206677253813937,2.921591029643623,3,HYD1000,1000,989.1624750525001,0.0,0.0,14,0.0,0.0
Mod-Nom-Real,CH,HYD1000,2030-Hlow,3964.1071876554593,11581.5,2.091788442570059,378.4495556492439,0.09546905210529259,2.921591029643623,3,HYD1000,1000,989.1624750525001,0.0,0.0,14,0.0,0.0
Mod-Nom-Real,CH,HYD1000,2035-Hhigh,3964.1071876554593,11581.5,2.091788442570059,245.44627885681214,0.06191716501035873,2.921591029643623,3,HYD1000,1000,989.1624750525001,0.0,0.0,14,0.0,0.0
Mod-Nom-Real,CH,HYD1000,2035-Hlow,3964.1071876554593,11581.5,2.091788442570059,330.9924185402667,0.08349734325323066,2.921591029643623,3,HYD1000,1000,989.1624750525001,0.0,0.0,14,0.0,0.0
Mod-Nom-Real,CH,HYD1000,2040-Hhigh,3964.1071876554593,11581.5,2.091788442570059,263.74963378263044,0.0665344354471462,2.921591029643623,3,HYD1000,1000,989.1624750525001,0.0,0.0,14,0.0,0.0
Mod-Nom-Real,CH,HYD1000,2040-Hlow,3964.1071876554593,11581.5,2.091788442570059,390.5045947765028,0.09851009982589895,2.921591029643623,3,HYD1000,1000,989.1624750525001,0.0,0.0,14,0.0,0.0
Mod-Nom-Real,CH,HYD1000,2045-Hhigh,3964.1071876554593,11581.5,2.091788442570059,247.96178256164063,0.06255173506251624,2.921591029643623,3,HYD1000,1000,989.1624750525001,0.0,0.0,14,0.0,0.0
Mod-Nom-Real,CH,HYD1000,2045-Hlow,3964.1071876554593,11581.5,2.091788442570059,361.8528912256988,0.09128231758024533,2.921591029643623,3,HYD1000,1000,989.1624750525001,0.0,0.0,14,0.0,0.0
Mod-Nom-Real,CH,HYD200,2024-Hhigh,3754.976634960388,10969.233333333334,1.9432597222961203,353.7022545023142,0.09419559397765613,2.9212520874844405,3,HYD200,200,370.133769179482,26.816891140530107,12.0,14,-696.6650431838294,131.0
Mod-Nom-Real,CH,HYD200,2024-Hlow,3754.976634960388,10969.233333333334,1.9432597222961203,559.1113612337771,0.14889875905703878,2.9212520874844405,3,HYD200,200,370.133769179482,26.816891140530107,12.0,14,-696.6650431838294,131.0
Mod-Nom-Real,CH,HYD200,2025-Hhigh,3754.976634960388,10969.233333333334,2.0081800207469986,281.96237656819943,0.07509031452899412,2.9212520874844405,3,HYD200,200,370.133769179482,26.816891140530107,12.0,14,-696.6650431838294,131.0
Mod-Nom-Real,CH,HYD200,2025-Hlow,3754.976634960388,10969.233333333334,2.0081800207469986,387.9055917781448,0.10330439560304665,2.9212520874844405,3,HYD200,200,370.133769179482,26.816891140530107,12.0,14,-696.6650431838294,131.0
Mod-Nom-Real,CH,HYD200,2030-Hhigh,3754.976634960388,10969.233333333334,1.9321209057783644,269.2335334206512,0.07170045504783584,2.9212520874844405,3,HYD200,200,370.133769179482,26.816891140530107,12.0,14,-696.6650431838294,131.0
Mod-Nom-Real,CH,HYD200,2030-Hlow,3754.976634960388,10969.233333333334,1.9321209057783644,360.0110151417766,0.0958757004743851,2.9212520874844405,3,HYD200,200,370.133769179482,26.816891140530107,12.0,14,-696.6650431838294,131.0
Mod-Nom-Real,CH,HYD200,2035-Hhigh,3754.976634960388,10969.233333333334,1.9321209057783644,231.0170507930363,0.0615228996745737,2.9212520874844405,3,HYD200,200,370.133769179482,26.816891140530107,12.0,14,-696.6650431838294,131.0
Mod-Nom-Real,CH,HYD200,2035-Hlow,3754.976634960388,10969.233333333334,1.9321209057783644,313.83904697307304,0.08357949395772574,2.9212520874844405,3,HYD200,200,370.133769179482,26.816891140530107,12.0,14,-696.6650431838294,131.0
Mod-Nom-Real,CH,HYD200,2040-Hhigh,3754.976634960388,10969.233333333334,1.9321209057783644,248.79565540977805,0.06625757750218401,2.9212520874844405,3,HYD200,200,370.133769179482,26.816891140530107,12.0,14,-696.6650431838294,131.0
Mod-Nom-Real,CH,HYD200,2040-Hlow,3754.976634960388,10969.233333333334,1.9321209057783644,371.3424848374549,0.0988934209017714,2.9212520874844405,3,HYD200,200,370.133769179482,26.816891140530107,12.0,14,-696.6650431838294,131.0
Mod-Nom-Real,CH,HYD200,2045-Hhigh,3754.976634960388,10969.233333333334,1.9321209057783644,233.6816918155788,0.062232528863137376,2.9212520874844405,3,HYD200,200,370.133769179482,26.816891140530107,12.0,14,-696.6650431838294,131.0
Mod-Nom-Real,CH,HYD200,2045-Hlow,3754.976634960388,10969.233333333334,1.9321209057783644,343.9943117844735,0.09161024028265422,2.9212520874844405,3,HYD200,200,370.133769179482,26.816891140530107,12.0,14,-696.6650431838294,131.0
Mod-Nom-Real,CH,HYD500,2024-Hhigh,3846.5090033130023,11237.1,2.0076187195606456,362.64071067285266,0.09427787907437883,2.921376237601803,3,HYD500,500,641.0984821868343,0.0,0.0,14,0.0,0.0
Mod-Nom-Real,CH,HYD500,2024-Hlow,3846.5090033130023,11237.1,2.0076187195606456,570.2321268548433,0.14824666375763107,2.921376237601803,3,HYD500,500,641.0984821868343,0.0,0.0,14,0.0,0.0
Mod-Nom-Real,CH,HYD500,2025-Hhigh,3846.5090033130023,11237.1,2.0725390180115237,289.36426272608884,0.07522776171246684,2.921376237601803,3,HYD500,500,641.0984821868343,0.0,0.0,14,0.0,0.0
Mod-Nom-Real,CH,HYD500,2025-Hlow,3846.5090033130023,11237.1,2.0725390180115237,395.96804698014734,0.10294218644466961,2.921376237601803,3,HYD500,500,641.0984821868343,0.0,0.0,14,0.0,0.0
Mod-Nom-Real,CH,HYD500,2030-Hhigh,3846.5090033130023,11237.1,1.9964799030428892,276.7438603126544,0.07194676005549308,2.921376237601803,3,HYD500,500,641.0984821868343,0.0,0.0,14,0.0,0.0
Mod-Nom-Real,CH,HYD500,2030-Hlow,3846.5090033130023,11237.1,1.9964799030428892,368.3069061712654,0.0957509538789698,2.921376237601803,3,HYD500,500,641.0984821868343,0.0,0.0,14,0.0,0.0
Mod-Nom-Real,CH,HYD500,2035-Hhigh,3846.5090033130023,11237.1,1.9964799030428892,237.67015281967804,0.06178853412665159,2.921376237601803,3,HYD500,500,641.0984821868343,0.0,0.0,14,0.0,0.0
Mod-Nom-Real,CH,HYD500,2035-Hlow,3846.5090033130023,11237.1,1.9964799030428892,321.6563790114686,0.0836229367289731,2.921376237601803,3,HYD500,500,641.0984821868343,0.0,0.0,14,0.0,0.0
Mod-Nom-Real,CH,HYD500,2040-Hhigh,3846.5090033130023,11237.1,1.9964799030428892,255.6329851183447,0.06645843930123853,2.921376237601803,3,HYD500,500,641.0984821868343,0.0,0.0,14,0.0,0.0
Mod-Nom-Real,CH,HYD500,2040-Hlow,3846.5090033130023,11237.1,1.9964799030428892,380.05856293969885,0.098806102523705,2.921376237601803,3,HYD500,500,641.0984821868343,0.0,0.0,14,0.0,0.0
Mod-Nom-Real,CH,HYD500,2045-Hhigh,3846.5090033130023,11237.1,1.9964799030428892,240.23789280323706,0.06245608488016534,2.921376237601803,3,HYD500,500,641.0984821868343,0.0,0.0,14,0.0,0.0
Mod-Nom-Real,CH,HYD500,2045-Hlow,3846.5090033130023,11237.1,1.9964799030428892,352.1264363346836,0.0915444201564059,2.921376237601803,3,HYD500,500,641.0984821868343,0.0,0.0,14,0.0,0.0
Mod-Nom-Real,CH,HYD1000,2024-Hhigh,4103.227554739729,12056.8,2.128816343529578,385.7963026828974,0.09402264376911183,2.9383698172120436,4,HYD1000,1000,985.0636284127856,0.0,0.0,14,0.0,0.0
Mod-Nom-Real,CH,HYD1000,2024-Hlow,4103.227554739729,12056.8,2.128816343529578,597.7785713044105,0.14568496709715825,2.9383698172120436,4,HYD1000,1000,985.0636284127856,0.0,0.0,14,0.0,0.0
Mod-Nom-Real,CH,HYD1000,2025-Hhigh,4103.227554739729,12056.8,2.166700961374718,307.6172599080902,0.0749695832863948,2.9383698172120436,4,HYD1000,1000,985.0636284127856,0.0,0.0,14,0.0,0.0
Mod-Nom-Real,CH,HYD1000,2025-Hlow,4103.227554739729,12056.8,2.166700961374718,416.47474294575017,0.10149930448402038,2.9383698172120436,4,HYD1000,1000,985.0636284127856,0.0,0.0,14,0.0,0.0
Mod-Nom-Real,CH,HYD1000,2030-Hhigh,4103.227554739729,12056.8,2.1147041705703375,293.82397994368506,0.07160801491603419,2.9383698172120436,4,HYD1000,1000,985.0636284127856,0.0,0.0,14,0.0,0.0
Mod-Nom-Real,CH,HYD1000,2030-Hlow,4103.227554739729,12056.8,2.1147041705703375,387.1156707080955,0.09434418772630086,2.9383698172120436,4,HYD1000,1000,985.0636284127856,0.0,0.0,14,0.0,0.0
Mod-Nom-Real,CH,HYD1000,2035-Hhigh,4103.227554739729,12056.8,2.1147041705703375,251.09880456632303,0.06119543730307456,2.9383698172120436,4,HYD1000,1000,985.0636284127856,0.0,0.0,14,0.0,0.0
Mod-Nom-Real,CH,HYD1000,2035-Hlow,4103.227554739729,12056.8,2.1147041705703375,337.90704168731304,0.0823515238137327,2.9383698172120436,4,HYD1000,1000,985.0636284127856,0.0,0.0,14,0.0,0.0
Mod-Nom-Real,CH,HYD1000,2040-Hhigh,4103.227554739729,12056.8,2.1147041705703375,270.0507981751698,0.06581423880896592,2.9383698172120436,4,HYD1000,1000,985.0636284127856,0.0,0.0,14,0.0,0.0
Mod-Nom-Real,CH,HYD1000,2040-Hlow,4103.227554739729,12056.8,2.1147041705703375,397.94275894727815,0.09698286376723261,2.9383698172120436,4,HYD1000,1000,985.0636284127856,0.0,0.0,14,0.0,0.0
Mod-Nom-Real,CH,HYD1000,2045-Hhigh,4103.227554739729,12056.8,2.1147041705703375,253.33420264623717,0.06174022748350995,2.9383698172120436,4,HYD1000,1000,985.0636284127856,0.0,0.0,14,0.0,0.0
Mod-Nom-Real,CH,HYD1000,2045-Hlow,4103.227554739729,12056.8,2.1147041705703375,368.05023435674417,0.08969773902293114,2.9383698172120436,4,HYD1000,1000,985.0636284127856,0.0,0.0,14,0.0,0.0
Mod-Nom-Real,CH,HYD200,2024-Hhigh,3893.7970333558014,11447.8,1.9768413640393678,365.4726807865274,0.09386022888603188,2.9400094308803535,4,HYD200,200,369.3520018520153,26.690453939116345,17.0,14,-513.3892771929239,115.0
Mod-Nom-Real,CH,HYD200,2024-Hlow,3893.7970333558014,11447.8,1.9768413640393678,572.1056458538458,0.14692744407398822,2.9400094308803535,4,HYD200,200,369.3520018520153,26.690453939116345,17.0,14,-513.3892771929239,115.0
Mod-Nom-Real,CH,HYD200,2025-Hhigh,3893.7970333558014,11447.8,2.0117328724500387,290.55671162827434,0.07462040500294466,2.9400094308803535,4,HYD200,200,369.3520018520153,26.690453939116345,17.0,14,-513.3892771929239,115.0
Mod-Nom-Real,CH,HYD200,2025-Hlow,3893.7970333558014,11447.8,2.0117328724500387,398.189204606552,0.1022624449080181,2.9400094308803535,4,HYD200,200,369.3520018520153,26.690453939116345,17.0,14,-513.3892771929239,115.0
Mod-Nom-Real,CH,HYD200,2030-Hhigh,3893.7970333558014,11447.8,1.9596186329571545,276.5209849906501,0.07101576754562763,2.9400094308803535,4,HYD200,200,369.3520018520153,26.690453939116345,17.0,14,-513.3892771929239,115.0
Mod-Nom-Real,CH,HYD200,2030-Hlow,3893.7970333558014,11447.8,1.9596186329571545,368.1017783092366,0.09453543036679404,2.9400094308803535,4,HYD200,200,369.3520018520153,26.690453939116345,17.0,14,-513.3892771929239,115.0
Mod-Nom-Real,CH,HYD200,2035-Hhigh,3893.7970333558014,11447.8,1.9596186329571545,235.77386943388552,0.06055114517119242,2.9400094308803535,4,HYD200,200,369.3520018520153,26.690453939116345,17.0,14,-513.3892771929239,115.0
Mod-Nom-Real,CH,HYD200,2035-Hlow,3893.7970333558014,11447.8,1.9596186329571545,319.795408738822,0.08212944999426738,2.9400094308803535,4,HYD200,200,369.3520018520153,26.690453939116345,17.0,14,-513.3892771929239,115.0
Mod-Nom-Real,CH,HYD200,2040-Hhigh,3893.7970333558014,11447.8,1.9596186329571545,254.12163779047106,0.06526319569653088,2.9400094308803535,4,HYD200,200,369.3520018520153,26.690453939116345,17.0,14,-513.3892771929239,115.0
Mod-Nom-Real,CH,HYD200,2040-Hlow,3893.7970333558014,11447.8,1.9596186329571545,377.46040155301074,0.09693890008121533,2.9400094308803535,4,HYD200,200,369.3520018520153,26.690453939116345,17.0,14,-513.3892771929239,115.0
Mod-Nom-Real,CH,HYD200,2045-Hhigh,3893.7970333558014,11447.8,1.9596186329571545,238.02006602067445,0.06112801052075922,2.9400094308803535,4,HYD200,200,369.3520018520153,26.690453939116345,17.0,14,-513.3892771929239,115.0
Mod-Nom-Real,CH,HYD200,2045-Hlow,3893.7970333558014,11447.8,1.9596186329571545,348.81022978838826,0.08958099942044802,2.9400094308803535,4,HYD200,200,369.3520018520153,26.690453939116345,17.0,14,-513.3892771929239,115.0
Mod-Nom-Real,CH,HYD500,2024-Hhigh,3984.8168372371224,11714.266666666666,2.036750476101062,374.4566808821219,0.09397086395111497,2.939725248397808,4,HYD500,500,638.9079775950355,0.0,0.0,14,0.0,0.0
Mod-Nom-Real,CH,HYD500,2024-Hlow,3984.8168372371224,11714.266666666666,2.036750476101062,583.3693464917709,0.1463980329134151,2.939725248397808,4,HYD500,500,638.9079775950355,0.0,0.0,14,0.0,0.0
Mod-Nom-Real,CH,HYD500,2025-Hhigh,3984.8168372371224,11714.266666666666,2.0746839417939618,298.1932509049598,0.07483236070436615,2.939725248397808,4,HYD500,500,638.9079775950355,0.0,0.0,14,0.0,0.0
Mod-Nom-Real,CH,HYD500,2025-Hlow,3984.8168372371224,11714.266666666666,2.0746839417939618,406.22371825313155,0.10194288341111991,2.939725248397808,4,HYD500,500,638.9079775950355,0.0,0.0,14,0.0,0.0
Mod-Nom-Real,CH,HYD500,2030-Hhigh,3984.8168372371224,11714.266666666666,2.0225697023010776,284.3022773052265,0.07134638527133604,2.939725248397808,4,HYD500,500,638.9079775950355,0.0,0.0,14,0.0,0.0
Mod-Nom-Real,CH,HYD500,2030-Hlow,3984.8168372371224,11714.266666666666,2.0225697023010776,376.5715525118872,0.09450159640787494,2.939725248397808,4,HYD500,500,638.9079775950355,0.0,0.0,14,0.0,0.0
Mod-Nom-Real,CH,HYD500,2035-Hhigh,3984.8168372371224,11714.266666666666,2.0225697023010776,242.73908675966413,0.06091599606067906,2.939725248397808,4,HYD500,500,638.9079775950355,0.0,0.0,14,0.0,0.0
Mod-Nom-Real,CH,HYD500,2035-Hlow,3984.8168372371224,11714.266666666666,2.0225697023010776,327.9803368685493,0.08230750628326367,2.939725248397808,4,HYD500,500,638.9079775950355,0.0,0.0,14,0.0,0.0
Mod-Nom-Real,CH,HYD500,2040-Hhigh,3984.8168372371224,11714.266666666666,2.0225697023010776,261.28947325866625,0.06557126310473824,2.939725248397808,4,HYD500,500,638.9079775950355,0.0,0.0,14,0.0,0.0
Mod-Nom-Real,CH,HYD500,2040-Hlow,3984.8168372371224,11714.266666666666,2.0225697023010776,386.67632862219546,0.0970374158753801,2.939725248397808,4,HYD500,500,638.9079775950355,0.0,0.0,14,0.0,0.0
Mod-Nom-Real,CH,HYD500,2045-Hhigh,3984.8168372371224,11714.266666666666,2.0225697023010776,244.98614474331453,0.06147990102179351,2.939725248397808,4,HYD500,500,638.9079775950355,0.0,0.0,14,0.0,0.0
Mod-Nom-Real,CH,HYD500,2045-Hlow,3984.8168372371224,11714.266666666666,2.0225697023010776,357.47787321617915,0.08970998864380347,2.939725248397808,4,HYD500,500,638.9079775950355,0.0,0.0,14,0.0,0.0
Mod-Nom-Real,CH,HYD1000,2024-Hhigh,4248.825945979613,12532.8,2.2202873554291167,398.58979440151165,0.09381174928539288,2.949708968864439,5,HYD1000,1000,982.2784022313972,0.0,0.0,14,0.0,0.0
Mod-Nom-Real,CH,HYD1000,2024-Hlow,4248.825945979613,12532.8,2.2202873554291167,613.6877541404879,0.1444370190596253,2.949708968864439,5,HYD1000,1000,982.2784022313972,0.0,0.0,14,0.0,0.0
Mod-Nom-Real,CH,HYD1000,2025-Hhigh,4248.825945979613,12532.8,2.2641581921431944,317.2195109496617,0.07466050974618668,2.949708968864439,5,HYD1000,1000,982.2784022313972,0.0,0.0,14,0.0,0.0
Mod-Nom-Real,CH,HYD1000,2025-Hlow,4248.825945979613,12532.8,2.2641581921431944,426.87781256892475,0.10046959277605887,2.949708968864439,5,HYD1000,1000,982.2784022313972,0.0,0.0,14,0.0,0.0
Mod-Nom-Real,CH,HYD1000,2030-Hhigh,4248.825945979613,12532.8,2.2061751824698757,302.2881589042185,0.07114627964232192,2.949708968864439,5,HYD1000,1000,982.2784022313972,0.0,0.0,14,0.0,0.0
Mod-Nom-Real,CH,HYD1000,2030-Hlow,4248.825945979613,12532.8,2.2061751824698757,396.77329835124766,0.09338422034602015,2.949708968864439,5,HYD1000,1000,982.2784022313972,0.0,0.0,14,0.0,0.0
Mod-Nom-Real,CH,HYD1000,2035-Hhigh,4248.825945979613,12532.8,2.2061751824698757,258.2924637582274,0.06079149088294209,2.949708968864439,5,HYD1000,1000,982.2784022313972,0.0,0.0,14,0.0,0.0
Mod-Nom-Real,CH,HYD1000,2035-Hlow,4248.825945979613,12532.8,2.2061751824698757,346.7086579885112,0.08160104988922388,2.949708968864439,5,HYD1000,1000,982.2784022313972,0.0,0.0,14,0.0,0.0
Mod-Nom-Real,CH,HYD1000,2040-Hhigh,4248.825945979613,12532.8,2.2061751824698757,277.4679006021305,0.06530460511442704,2.949708968864439,5,HYD1000,1000,982.2784022313972,0.0,0.0,14,0.0,0.0
Mod-Nom-Real,CH,HYD1000,2040-Hlow,4248.825945979613,12532.8,2.2061751824698757,407.4781381645496,0.09590370218627563,2.949708968864439,5,HYD1000,1000,982.2784022313972,0.0,0.0,14,0.0,0.0
Mod-Nom-Real,CH,HYD1000,2045-Hhigh,4248.825945979613,12532.8,2.2061751824698757,260.1104321346427,0.06121936634772442,2.949708968864439,5,HYD1000,1000,982.2784022313972,0.0,0.0,14,0.0,0.0
Mod-Nom-Real,CH,HYD1000,2045-Hlow,4248.825945979613,12532.8,2.2061751824698757,376.32370559617095,0.0885712218812497,2.949708968864439,5,HYD1000,1000,982.2784022313972,0.0,0.0,14,0.0,0.0
Mod-Nom-Real,CH,HYD200,2024-Hhigh,4039.2796426251252,11926.366666666665,2.0812697536882037,377.72151216416324,0.09351209759735335,2.9525974237613632,5,HYD200,200,368.40524558176855,65.07152986193043,17.0,14,-622.2293333304136,158.0
Mod-Nom-Real,CH,HYD200,2024-Hlow,4039.2796426251252,11926.366666666665,2.0812697536882037,587.7753776858071,0.14551490109355547,2.9525974237613632,5,HYD200,200,368.40524558176855,65.07152986193043,17.0,14,-622.2293333304136,158.0
Mod-Nom-Real,CH,HYD200,2025-Hhigh,4039.2796426251252,11926.366666666665,2.12818254768451,299.7780749733088,0.07421572693552933,2.9525974237613632,5,HYD200,200,368.40524558176855,65.07152986193043,17.0,14,-622.2293333304136,158.0
Mod-Nom-Real,CH,HYD200,2025-Hlow,4039.2796426251252,11926.366666666665,2.12818254768451,408.4235106732294,0.10111295745985915,2.9525974237613632,5,HYD200,200,368.40524558176855,65.07152986193043,17.0,14,-622.2293333304136,158.0
Mod-Nom-Real,CH,HYD200,2030-Hhigh,4039.2796426251252,11926.366666666665,2.0670889798882195,284.44801881249765,0.07042048186285886,2.9525974237613632,5,HYD200,200,368.40524558176855,65.07152986193043,17.0,14,-622.2293333304136,158.0
Mod-Nom-Real,CH,HYD200,2030-Hlow,4039.2796426251252,11926.366666666665,2.0670889798882195,377.2407072597429,0.09339306525818411,2.9525974237613632,5,HYD200,200,368.40524558176855,65.07152986193043,17.0,14,-622.2293333304136,158.0
Mod-Nom-Real,CH,HYD200,2035-Hhigh,4039.2796426251252,11926.366666666665,2.0670889798882195,242.20886179568086,0.05996338041063913,2.9525974237613632,5,HYD200,200,368.40524558176855,65.07152986193043,17.0,14,-622.2293333304136,158.0
Mod-Nom-Real,CH,HYD200,2035-Hlow,4039.2796426251252,11926.366666666665,2.0670889798882195,327.8949256800695,0.08117658461174795,2.9525974237613632,5,HYD200,200,368.40524558176855,65.07152986193043,17.0,14,-622.2293333304136,158.0
Mod-Nom-Real,CH,HYD200,2040-Hhigh,4039.2796426251252,11926.366666666665,2.0670889798882195,261.03943988298784,0.06462524583055074,2.9525974237613632,5,HYD200,200,368.40524558176855,65.07152986193043,17.0,14,-622.2293333304136,158.0
Mod-Nom-Real,CH,HYD200,2040-Hlow,4039.2796426251252,11926.366666666665,2.0670889798882195,386.6463316261095,0.09572160529465801,2.9525974237613632,5,HYD200,200,368.40524558176855,65.07152986193043,17.0,14,-622.2293333304136,158.0
Mod-Nom-Real,CH,HYD200,2045-Hhigh,4039.2796426251252,11926.366666666665,2.0670889798882195,244.2450638409088,0.060467480702121955,2.9525974237613632,5,HYD200,200,368.40524558176855,65.07152986193043,17.0,14,-622.2293333304136,158.0
Mod-Nom-Real,CH,HYD200,2045-Hlow,4039.2796426251252,11926.366666666665,2.0670889798882195,356.6706764891395,0.08830056545858248,2.9525974237613632,5,HYD200,200,368.40524558176855,65.07152986193043,17.0,14,-622.2293333304136,158.0
Mod-Nom-Real,CH,HYD500,2024-Hhigh,4129.837917126445,12192.133333333333,2.159820080113867,386.69266155230315,0.09363385907923602,2.952206255546382,5,HYD500,500,637.3679076132009,0.0,0.0,14,0.0,0.0
Mod-Nom-Real,CH,HYD500,2024-Hlow,4129.837917126445,12192.133333333333,2.159820080113867,598.9547140688005,0.14503104627543234,2.952206255546382,5,HYD500,500,637.3679076132009,0.0,0.0,14,0.0,0.0
Mod-Nom-Real,CH,HYD500,2025-Hhigh,4129.837917126445,12192.133333333333,2.206732874110173,307.3726331728494,0.07442728730301365,2.952206255546382,5,HYD500,500,637.3679076132009,0.0,0.0,14,0.0,0.0
Mod-Nom-Real,CH,HYD500,2025-Hlow,4129.837917126445,12192.133333333333,2.206732874110173,416.4012975298551,0.10082751572477898,2.952206255546382,5,HYD500,500,637.3679076132009,0.0,0.0,14,0.0,0.0
Mod-Nom-Real,CH,HYD500,2030-Hhigh,4129.837917126445,12192.133333333333,2.1456393063138823,292.2461345926266,0.07076455310284246,2.952206255546382,5,HYD500,500,637.3679076132009,0.0,0.0,14,0.0,0.0
Mod-Nom-Real,CH,HYD500,2030-Hlow,4129.837917126445,12192.133333333333,2.1456393063138823,385.74519367677374,0.09340443896771052,2.952206255546382,5,HYD500,500,637.3679076132009,0.0,0.0,14,0.0,0.0
Mod-Nom-Real,CH,HYD500,2035-Hhigh,4129.837917126445,12192.133333333333,2.1456393063138823,249.2883782057247,0.060362751083262944,2.952206255546382,5,HYD500,500,637.3679076132009,0.0,0.0,14,0.0,0.0
Mod-Nom-Real,CH,HYD500,2035-Hlow,4129.837917126445,12192.133333333333,2.1456393063138823,336.1402386126861,0.08139308257564104,2.952206255546382,5,HYD500,500,637.3679076132009,0.0,0.0,14,0.0,0.0
Mod-Nom-Real,CH,HYD500,2040-Hhigh,4129.837917126445,12192.133333333333,2.1456393063138823,268.2418383235327,0.0649521467201251,2.952206255546382,5,HYD500,500,637.3679076132009,0.0,0.0,14,0.0,0.0
Mod-Nom-Real,CH,HYD500,2040-Hlow,4129.837917126445,12192.133333333333,2.1456393063138823,395.60891798638875,0.09579284367209616,2.952206255546382,5,HYD500,500,637.3679076132009,0.0,0.0,14,0.0,0.0
Mod-Nom-Real,CH,HYD500,2045-Hhigh,4129.837917126445,12192.133333333333,2.1456393063138823,251.24280414273153,0.06083599627501776,2.952206255546382,5,HYD500,500,637.3679076132009,0.0,0.0,14,0.0,0.0
Mod-Nom-Real,CH,HYD500,2045-Hlow,4129.837917126445,12192.133333333333,2.1456393063138823,365.13217088991513,0.08841319640553237,2.952206255546382,5,HYD500,500,637.3679076132009,0.0,0.0,14,0.0,0.0
Mod-H1-Ideal,AK,HYD1000,2024-Hhigh,1456.4387268468633,4806.848133330027,0.7129619065173926,121.09072007601851,0.08314165082534952,3.3004121936091866,3,HYD1000,1000,876.100433354256,0.0,0.0,5,0.0,0.0
Mod-H1-Ideal,AK,HYD1000,2024-Hlow,1456.4387268468633,4806.848133330027,0.7129619065173926,201.38692807273986,0.1382735328033574,3.3004121936091866,3,HYD1000,1000,876.100433354256,0.0,0.0,5,0.0,0.0
Mod-H1-Ideal,AK,HYD1000,2025-Hhigh,1456.4387268468633,4806.848133330027,0.7411514159694815,96.78324024850625,0.06645198212906521,3.3004121936091866,3,HYD1000,1000,876.100433354256,0.0,0.0,5,0.0,0.0
Mod-H1-Ideal,AK,HYD1000,2025-Hlow,1456.4387268468633,4806.848133330027,0.7411514159694815,141.34149045616292,0.09704595727288994,3.3004121936091866,3,HYD1000,1000,876.100433354256,0.0,0.0,5,0.0,0.0
Mod-H1-Ideal,AK,HYD1000,2030-Hhigh,1456.4387268468633,4806.848133330027,0.709405830697405,92.44642627608046,0.06347429834979985,3.3004121936091866,3,HYD1000,1000,876.100433354256,0.0,0.0,5,0.0,0.0
Mod-H1-Ideal,AK,HYD1000,2030-Hlow,1456.4387268468633,4806.848133330027,0.709405830697405,130.4032436920805,0.08953568817439973,3.3004121936091866,3,HYD1000,1000,876.100433354256,0.0,0.0,5,0.0,0.0
Mod-H1-Ideal,AK,HYD1000,2035-Hhigh,1456.4387268468633,4806.848133330027,0.709405830697405,80.05054094014082,0.054963205430170976,3.3004121936091866,3,HYD1000,1000,876.100433354256,0.0,0.0,5,0.0,0.0
Mod-H1-Ideal,AK,HYD1000,2035-Hlow,1456.4387268468633,4806.848133330027,0.709405830697405,114.56564546425888,0.07866149351321447,3.3004121936091866,3,HYD1000,1000,876.100433354256,0.0,0.0,5,0.0,0.0
Mod-H1-Ideal,AK,HYD1000,2040-Hhigh,1456.4387268468633,4806.848133330027,0.709405830697405,87.12719919916927,0.059822083547446225,3.3004121936091866,3,HYD1000,1000,876.100433354256,0.0,0.0,5,0.0,0.0
Mod-H1-Ideal,AK,HYD1000,2040-Hlow,1456.4387268468633,4806.848133330027,0.709405830697405,136.55481259236822,0.09375939411334139,3.3004121936091866,3,HYD1000,1000,876.100433354256,0.0,0.0,5,0.0,0.0
Mod-H1-Ideal,AK,HYD1000,2045-Hhigh,1456.4387268468633,4806.848133330027,0.709405830697405,82.06931484515236,0.05634930830411893,3.3004121936091866,3,HYD1000,1000,876.100433354256,0.0,0.0,5,0.0,0.0
Mod-H1-Ideal,AK,HYD1000,2045-Hlow,1456.4387268468633,4806.848133330027,0.709405830697405,127.7110167073148,0.08768718817564299,3.3004121936091866,3,HYD1000,1000,876.100433354256,0.0,0.0,5,0.0,0.0
Mod-H1-Ideal,AK,HYD200,2024-Hhigh,1391.705638588127,4261.758333333333,0.6537955687179869,115.37461127679123,0.08290159073713156,3.0622555626467456,3,HYD200,200,326.0503188622573,437.7886419279535,96.0,8.5,-1000.0417846416026,176.0
Mod-H1-Ideal,AK,HYD200,2024-Hlow,1391.705638588127,4261.758333333333,0.6537955687179869,199.5953086431934,0.1434177624268887,3.0622555626467456,3,HYD200,200,326.0503188622573,437.7886419279535,96.0,8.5,-1000.0417846416026,176.0
Mod-H1-Ideal,AK,HYD200,2025-Hhigh,1391.705638588127,4261.758333333333,0.6912766718884836,92.38461671952058,0.06638229677163912,3.0622555626467456,3,HYD200,200,326.0503188622573,437.7886419279535,96.0,8.5,-1000.0417846416026,176.0
Mod-H1-Ideal,AK,HYD200,2025-Hlow,1391.705638588127,4261.758333333333,0.6912766718884836,139.33204580424473,0.10011603168152416,3.0622555626467456,3,HYD200,200,326.0503188622573,437.7886419279535,96.0,8.5,-1000.0417846416026,176.0
Mod-H1-Ideal,AK,HYD200,2030-Hhigh,1391.705638588127,4261.758333333333,0.6554936892070399,88.23057911855149,0.0633974431605096,3.0622555626467456,3,HYD200,200,326.0503188622573,437.7886419279535,96.0,8.5,-1000.0417846416026,176.0
Mod-H1-Ideal,AK,HYD200,2030-Hlow,1391.705638588127,4261.758333333333,0.6554936892070399,127.8723453402039,0.09188174696908555,3.0622555626467456,3,HYD200,200,326.0503188622573,437.7886419279535,96.0,8.5,-1000.0417846416026,176.0
Mod-H1-Ideal,AK,HYD200,2035-Hhigh,1391.705638588127,4261.758333333333,0.6554936892070399,76.61706513791873,0.055052636860511726,3.0622555626467456,3,HYD200,200,326.0503188622573,437.7886419279535,96.0,8.5,-1000.0417846416026,176.0
Mod-H1-Ideal,AK,HYD200,2035-Hlow,1391.705638588127,4261.758333333333,0.6554936892070399,111.77034816504467,0.08031177360065501,3.0622555626467456,3,HYD200,200,326.0503188622573,437.7886419279535,96.0,8.5,-1000.0417846416026,176.0
Mod-H1-Ideal,AK,HYD200,2040-Hhigh,1391.705638588127,4261.758333333333,0.6554936892070399,83.80999400981841,0.060221063769521625,3.0622555626467456,3,HYD200,200,326.0503188622573,437.7886419279535,96.0,8.5,-1000.0417846416026,176.0
Mod-H1-Ideal,AK,HYD200,2040-Hlow,1391.705638588127,4261.758333333333,0.6554936892070399,134.0561225716177,0.09632505528081099,3.0622555626467456,3,HYD200,200,326.0503188622573,437.7886419279535,96.0,8.5,-1000.0417846416026,176.0
Mod-H1-Ideal,AK,HYD200,2045-Hhigh,1391.705638588127,4261.758333333333,0.6554936892070399,78.88364707563922,0.05668127288444845,3.0622555626467456,3,HYD200,200,326.0503188622573,437.7886419279535,96.0,8.5,-1000.0417846416026,176.0
Mod-H1-Ideal,AK,HYD200,2045-Hlow,1391.705638588127,4261.758333333333,0.6554936892070399,125.0539160280941,0.08985658501388281,3.0622555626467456,3,HYD200,200,326.0503188622573,437.7886419279535,96.0,8.5,-1000.0417846416026,176.0
Mod-H1-Ideal,AK,HYD500,2024-Hhigh,1395.0773867800785,4499.6,0.6754624507824103,116.0541409262013,0.0831883177420438,3.2253407894348745,3,HYD500,500,565.6551714701208,0.0,0.0,6,0.0,0.0
Mod-H1-Ideal,AK,HYD500,2024-Hlow,1395.0773867800785,4499.6,0.6754624507824103,198.13585961626862,0.14202499552628972,3.2253407894348745,3,HYD500,500,565.6551714701208,0.0,0.0,6,0.0,0.0
Mod-H1-Ideal,AK,HYD500,2025-Hhigh,1395.0773867800785,4499.6,0.709353125914837,93.00229292291039,0.0666646121600216,3.2253407894348745,3,HYD500,500,565.6551714701208,0.0,0.0,6,0.0,0.0
Mod-H1-Ideal,AK,HYD500,2025-Hlow,1395.0773867800785,4499.6,0.709353125914837,138.70634725592367,0.0994255577291423,3.2253407894348745,3,HYD500,500,565.6551714701208,0.0,0.0,6,0.0,0.0
Mod-H1-Ideal,AK,HYD500,2030-Hhigh,1395.0773867800785,4499.6,0.6754702724739496,89.04994273582943,0.0638315433822363,3.2253407894348745,3,HYD500,500,565.6551714701208,0.0,0.0,6,0.0,0.0
Mod-H1-Ideal,AK,HYD500,2030-Hlow,1395.0773867800785,4499.6,0.6754702724739496,127.76656745001343,0.09158385668117397,3.2253407894348745,3,HYD500,500,565.6551714701208,0.0,0.0,6,0.0,0.0
Mod-H1-Ideal,AK,HYD500,2035-Hhigh,1395.0773867800785,4499.6,0.6754702724739496,77.39968449716243,0.055480567049979564,3.2253407894348745,3,HYD500,500,565.6551714701208,0.0,0.0,6,0.0,0.0
Mod-H1-Ideal,AK,HYD500,2035-Hlow,1395.0773867800785,4499.6,0.6754702724739496,112.15368170356801,0.08039244472482303,3.2253407894348745,3,HYD500,500,565.6551714701208,0.0,0.0,6,0.0,0.0
Mod-H1-Ideal,AK,HYD500,2040-Hhigh,1395.0773867800785,4499.6,0.6754702724739496,84.560844852606,0.0606137305743142,3.2253407894348745,3,HYD500,500,565.6551714701208,0.0,0.0,6,0.0,0.0
Mod-H1-Ideal,AK,HYD500,2040-Hlow,1395.0773867800785,4499.6,0.6754702724739496,134.13442402620453,0.09614837520647851,3.2253407894348745,3,HYD500,500,565.6551714701208,0.0,0.0,6,0.0,0.0
Mod-H1-Ideal,AK,HYD500,2045-Hhigh,1395.0773867800785,4499.6,0.6754702724739496,79.70110174276793,0.057130237001922025,3.2253407894348745,3,HYD500,500,565.6551714701208,0.0,0.0,6,0.0,0.0
Mod-H1-Ideal,AK,HYD500,2045-Hlow,1395.0773867800785,4499.6,0.6754702724739496,125.32557592843928,0.08983413903489479,3.2253407894348745,3,HYD500,500,565.6551714701208,0.0,0.0,6,0.0,0.0
Mod-H1-Ideal,AK,HYD1000,2024-Hhigh,1594.2718366654121,5277.732155551999,0.7558860557556144,132.6426314276868,0.08319950737204446,3.3104342899206785,4,HYD1000,1000,867.7591510995517,0.0,0.0,5,0.0,0.0
Mod-H1-Ideal,AK,HYD1000,2024-Hlow,1594.2718366654121,5277.732155551999,0.7558860557556144,213.87362763034423,0.1341512925911578,3.3104342899206785,4,HYD1000,1000,867.7591510995517,0.0,0.0,5,0.0,0.0
Mod-H1-Ideal,AK,HYD1000,2025-Hhigh,1594.2718366654121,5277.732155551999,0.7425867204060043,105.36838161839225,0.06609185409608774,3.3104342899206785,4,HYD1000,1000,867.7591510995517,0.0,0.0,5,0.0,0.0
Mod-H1-Ideal,AK,HYD1000,2025-Hlow,1594.2718366654121,5277.732155551999,0.7425867204060043,150.949112372361,0.09468216705633274,3.3104342899206785,4,HYD1000,1000,867.7591510995517,0.0,0.0,5,0.0,0.0
Mod-H1-Ideal,AK,HYD1000,2030-Hhigh,1594.2718366654121,5277.732155551999,0.7308892310724063,99.82774102321699,0.06261651164334511,3.3104342899206785,4,HYD1000,1000,867.7591510995517,0.0,0.0,5,0.0,0.0
Mod-H1-Ideal,AK,HYD1000,2030-Hlow,1594.2718366654121,5277.732155551999,0.7308892310724063,138.31767603029306,0.08675915414751294,3.3104342899206785,4,HYD1000,1000,867.7591510995517,0.0,0.0,5,0.0,0.0
Mod-H1-Ideal,AK,HYD1000,2035-Hhigh,1594.2718366654121,5277.732155551999,0.7308892310724063,85.05411821232339,0.05334982169052365,3.3104342899206785,4,HYD1000,1000,867.7591510995517,0.0,0.0,5,0.0,0.0
Mod-H1-Ideal,AK,HYD1000,2035-Hlow,1594.2718366654121,5277.732155551999,0.7308892310724063,120.68712250549991,0.07570046696548925,3.3104342899206785,4,HYD1000,1000,867.7591510995517,0.0,0.0,5,0.0,0.0
Mod-H1-Ideal,AK,HYD1000,2040-Hhigh,1594.2718366654121,5277.732155551999,0.7308892310724063,92.69247670802244,0.058140948473315905,3.3104342899206785,4,HYD1000,1000,867.7591510995517,0.0,0.0,5,0.0,0.0
Mod-H1-Ideal,AK,HYD1000,2040-Hlow,1594.2718366654121,5277.732155551999,0.7308892310724063,142.9624091200405,0.08967254255652,3.3104342899206785,4,HYD1000,1000,867.7591510995517,0.0,0.0,5,0.0,0.0
Mod-H1-Ideal,AK,HYD1000,2045-Hhigh,1594.2718366654121,5277.732155551999,0.7308892310724063,86.76157559684711,0.05442081682777393,3.3104342899206785,4,HYD1000,1000,867.7591510995517,0.0,0.0,5,0.0,0.0
Mod-H1-Ideal,AK,HYD1000,2045-Hlow,1594.2718366654121,5277.732155551999,0.7308892310724063,133.11936765877877,0.0834985380769267,3.3104342899206785,4,HYD1000,1000,867.7591510995517,0.0,0.0,5,0.0,0.0
Mod-H1-Ideal,AK,HYD200,2024-Hhigh,1533.3306016583285,4738.466666666666,0.6780833589896135,127.05246317126966,0.08286044968636236,3.0903098532970756,4,HYD200,200,324.21114919309895,1081.6685679602508,166.0,8.5,-646.8441378100058,130.0
Mod-H1-Ideal,AK,HYD200,2024-Hlow,1533.3306016583285,4738.466666666666,0.6780833589896135,212.46933786820577,0.13856720634050856,3.0903098532970756,4,HYD200,200,324.21114919309895,1081.6685679602508,166.0,8.5,-646.8441378100058,130.0
Mod-H1-Ideal,AK,HYD200,2025-Hhigh,1533.3306016583285,4738.466666666666,0.6907771372783561,100.91220354619661,0.06581242390718478,3.0903098532970756,4,HYD200,200,324.21114919309895,1081.6685679602508,166.0,8.5,-646.8441378100058,130.0
Mod-H1-Ideal,AK,HYD200,2025-Hlow,1533.3306016583285,4738.466666666666,0.6907771372783561,149.47786999820406,0.09748574106363016,3.0903098532970756,4,HYD200,200,324.21114919309895,1081.6685679602508,166.0,8.5,-646.8441378100058,130.0
Mod-H1-Ideal,AK,HYD200,2030-Hhigh,1533.3306016583285,4738.466666666666,0.6730252188998577,95.39576914566216,0.062214742888774065,3.0903098532970756,4,HYD200,200,324.21114919309895,1081.6685679602508,166.0,8.5,-646.8441378100058,130.0
Mod-H1-Ideal,AK,HYD200,2030-Hlow,1533.3306016583285,4738.466666666666,0.6730252188998577,135.82062016939776,0.08857882313344882,3.0903098532970756,4,HYD200,200,324.21114919309895,1081.6685679602508,166.0,8.5,-646.8441378100058,130.0
Mod-H1-Ideal,AK,HYD200,2035-Hhigh,1533.3306016583285,4738.466666666666,0.6730252188998577,81.26624365608748,0.05299981854415243,3.0903098532970756,4,HYD200,200,324.21114919309895,1081.6685679602508,166.0,8.5,-646.8441378100058,130.0
Mod-H1-Ideal,AK,HYD200,2035-Hlow,1533.3306016583285,4738.466666666666,0.6730252188998577,117.4709837655281,0.07661164763716372,3.0903098532970756,4,HYD200,200,324.21114919309895,1081.6685679602508,166.0,8.5,-646.8441378100058,130.0
Mod-H1-Ideal,AK,HYD200,2040-Hhigh,1533.3306016583285,4738.466666666666,0.6730252188998577,88.96881033977837,0.058023240548096267,3.0903098532970756,4,HYD200,200,324.21114919309895,1081.6685679602508,166.0,8.5,-646.8441378100058,130.0
Mod-H1-Ideal,AK,HYD200,2040-Hlow,1533.3306016583285,4738.466666666666,0.6730252188998577,139.93088835213433,0.09125943759342975,3.0903098532970756,4,HYD200,200,324.21114919309895,1081.6685679602508,166.0,8.5,-646.8441378100058,130.0
Mod-H1-Ideal,AK,HYD200,2045-Hhigh,1533.3306016583285,4738.466666666666,0.6730252188998577,83.0649383007758,0.05417288235879422,3.0903098532970756,4,HYD200,200,324.21114919309895,1081.6685679602508,166.0,8.5,-646.8441378100058,130.0
Mod-H1-Ideal,AK,HYD200,2045-Hlow,1533.3306016583285,4738.466666666666,0.6730252188998577,129.69742743654882,0.08458542945420798,3.0903098532970756,4,HYD200,200,324.21114919309895,1081.6685679602508,166.0,8.5,-646.8441378100058,130.0
Mod-H1-Ideal,AK,HYD500,2024-Hhigh,1528.6103447711398,4973.8,0.719955519473778,127.14166043786408,0.08317466964211828,3.2538050112075267,4,HYD500,500,560.516451018305,0.0,0.0,6,0.0,0.0
Mod-H1-Ideal,AK,HYD500,2024-Hlow,1528.6103447711398,4973.8,0.719955519473778,210.42413612079332,0.13765714515840044,3.2538050112075267,4,HYD500,500,560.516451018305,0.0,0.0,6,0.0,0.0
Mod-H1-Ideal,AK,HYD500,2025-Hhigh,1528.6103447711398,4973.8,0.7214483311927868,101.20167298687477,0.066205016427536,3.2538050112075267,4,HYD500,500,560.516451018305,0.0,0.0,6,0.0,0.0
Mod-H1-Ideal,AK,HYD500,2025-Hlow,1528.6103447711398,4973.8,0.7214483311927868,148.31700227967679,0.09702734433730559,3.2538050112075267,4,HYD500,500,560.516451018305,0.0,0.0,6,0.0,0.0
Mod-H1-Ideal,AK,HYD500,2030-Hhigh,1528.6103447711398,4973.8,0.7052347856119808,96.10770875515591,0.06287260130347014,3.2538050112075267,4,HYD500,500,560.516451018305,0.0,0.0,6,0.0,0.0
Mod-H1-Ideal,AK,HYD500,2030-Hlow,1528.6103447711398,4973.8,0.7052347856119808,135.51944407999378,0.08865532314599339,3.2538050112075267,4,HYD500,500,560.516451018305,0.0,0.0,6,0.0,0.0
Mod-H1-Ideal,AK,HYD500,2035-Hhigh,1528.6103447711398,4973.8,0.7052347856119808,82.0996224381846,0.05370866599131669,3.2538050112075267,4,HYD500,500,560.516451018305,0.0,0.0,6,0.0,0.0
Mod-H1-Ideal,AK,HYD500,2035-Hlow,1528.6103447711398,4973.8,0.7052347856119808,117.95330087069833,0.07716374632304221,3.2538050112075267,4,HYD500,500,560.516451018305,0.0,0.0,6,0.0,0.0
Mod-H1-Ideal,AK,HYD500,2040-Hhigh,1528.6103447711398,4973.8,0.7052347856119808,89.7798117018088,0.05873296095955077,3.2538050112075267,4,HYD500,500,560.516451018305,0.0,0.0,6,0.0,0.0
Mod-H1-Ideal,AK,HYD500,2040-Hlow,1528.6103447711398,4973.8,0.7052347856119808,140.21015681694118,0.0917239355971604,3.2538050112075267,4,HYD500,500,560.516451018305,0.0,0.0,6,0.0,0.0
Mod-H1-Ideal,AK,HYD500,2045-Hhigh,1528.6103447711398,4973.8,0.7052347856119808,84.04125947500181,0.05497886349027965,3.2538050112075267,4,HYD500,500,560.516451018305,0.0,0.0,6,0.0,0.0
Mod-H1-Ideal,AK,HYD500,2045-Hlow,1528.6103447711398,4973.8,0.7052347856119808,130.27633900891684,0.08522534173247501,3.2538050112075267,4,HYD500,500,560.516451018305,0.0,0.0,6,0.0,0.0
Mod-H1-Ideal,AK,HYD1000,2024-Hhigh,1734.6270990451815,5750.801622217173,0.7862782085171846,144.54837539967025,0.08333109489597869,3.315295619088782,5,HYD1000,1000,862.5129576488948,0.0,0.0,5,0.0,0.0
Mod-H1-Ideal,AK,HYD1000,2024-Hlow,1734.6270990451815,5750.801622217173,0.7862782085171846,228.34765291792343,0.13164077342249322,3.315295619088782,5,HYD1000,1000,862.5129576488948,0.0,0.0,5,0.0,0.0
Mod-H1-Ideal,AK,HYD1000,2025-Hhigh,1734.6270990451815,5750.801622217173,0.8120030950128925,114.46517943814,0.06598834960041089,3.315295619088782,5,HYD1000,1000,862.5129576488948,0.0,0.0,5,0.0,0.0
Mod-H1-Ideal,AK,HYD1000,2025-Hlow,1734.6270990451815,5750.801622217173,0.8120030950128925,160.4645884104485,0.09250667679455463,3.315295619088782,5,HYD1000,1000,862.5129576488948,0.0,0.0,5,0.0,0.0
Mod-H1-Ideal,AK,HYD1000,2030-Hhigh,1734.6270990451815,5750.801622217173,0.7907663245437782,107.76197573221245,0.06212400105563299,3.315295619088782,5,HYD1000,1000,862.5129576488948,0.0,0.0,5,0.0,0.0
Mod-H1-Ideal,AK,HYD1000,2030-Hlow,1734.6270990451815,5750.801622217173,0.7907663245437782,147.21805575029933,0.08487014634519138,3.315295619088782,5,HYD1000,1000,862.5129576488948,0.0,0.0,5,0.0,0.0
Mod-H1-Ideal,AK,HYD1000,2035-Hhigh,1734.6270990451815,5750.801622217173,0.7907663245437782,91.68720020156816,0.05285700900904697,3.315295619088782,5,HYD1000,1000,862.5129576488948,0.0,0.0,5,0.0,0.0
Mod-H1-Ideal,AK,HYD1000,2035-Hlow,1734.6270990451815,5750.801622217173,0.7907663245437782,128.62718003174092,0.07415264070447374,3.315295619088782,5,HYD1000,1000,862.5129576488948,0.0,0.0,5,0.0,0.0
Mod-H1-Ideal,AK,HYD1000,2040-Hhigh,1734.6270990451815,5750.801622217173,0.7907663245437782,99.70244902827753,0.05747774209405488,3.315295619088782,5,HYD1000,1000,862.5129576488948,0.0,0.0,5,0.0,0.0
Mod-H1-Ideal,AK,HYD1000,2040-Hlow,1734.6270990451815,5750.801622217173,0.7907663245437782,152.04580130116267,0.08765330680286021,3.315295619088782,5,HYD1000,1000,862.5129576488948,0.0,0.0,5,0.0,0.0
Mod-H1-Ideal,AK,HYD1000,2045-Hhigh,1734.6270990451815,5750.801622217173,0.7907663245437782,93.14074063398216,0.05369496457495165,3.315295619088782,5,HYD1000,1000,862.5129576488948,0.0,0.0,5,0.0,0.0
Mod-H1-Ideal,AK,HYD1000,2045-Hlow,1734.6270990451815,5750.801622217173,0.7907663245437782,141.0856876098384,0.08133488038293558,3.315295619088782,5,HYD1000,1000,862.5129576488948,0.0,0.0,5,0.0,0.0
Mod-H1-Ideal,AK,HYD200,2024-Hhigh,1681.1537787846055,5216.45,0.7857517656466512,139.19560314936354,0.0827976624779652,3.102898774537595,5,HYD200,200,323.0321681106048,1397.7345321755793,220.0,8.5,-1349.6369069159127,278.0
Mod-H1-Ideal,AK,HYD200,2024-Hlow,1681.1537787846055,5216.45,0.7857517656466512,228.04550341909663,0.13564821154193446,3.102898774537595,5,HYD200,200,323.0321681106048,1397.7345321755793,220.0,8.5,-1349.6369069159127,278.0
Mod-H1-Ideal,AK,HYD200,2025-Hhigh,1681.1537787846055,5216.45,0.8050192125258253,110.07808479327693,0.06547770119688763,3.102898774537595,5,HYD200,200,323.0321681106048,1397.7345321755793,220.0,8.5,-1349.6369069159127,278.0
Mod-H1-Ideal,AK,HYD200,2025-Hlow,1681.1537787846055,5216.45,0.8050192125258253,159.63222415489298,0.09495396921410694,3.102898774537595,5,HYD200,200,323.0321681106048,1397.7345321755793,220.0,8.5,-1349.6369069159127,278.0
Mod-H1-Ideal,AK,HYD200,2030-Hhigh,1681.1537787846055,5216.45,0.7806936255568955,103.25503158670593,0.06141914730807935,3.102898774537595,5,HYD200,200,323.0321681106048,1397.7345321755793,220.0,8.5,-1349.6369069159127,278.0
Mod-H1-Ideal,AK,HYD200,2030-Hlow,1681.1537787846055,5216.45,0.7806936255568955,145.00029787988728,0.08625046661984463,3.102898774537595,5,HYD200,200,323.0321681106048,1397.7345321755793,220.0,8.5,-1349.6369069159127,278.0
Mod-H1-Ideal,AK,HYD200,2035-Hhigh,1681.1537787846055,5216.45,0.7806936255568955,87.69827848421235,0.05216553035833168,3.102898774537595,5,HYD200,200,323.0321681106048,1397.7345321755793,220.0,8.5,-1349.6369069159127,278.0
Mod-H1-Ideal,AK,HYD200,2035-Hlow,1681.1537787846055,5216.45,0.7806936255568955,125.6313170679534,0.07472922385409554,3.102898774537595,5,HYD200,200,323.0321681106048,1397.7345321755793,220.0,8.5,-1349.6369069159127,278.0
Mod-H1-Ideal,AK,HYD200,2040-Hhigh,1681.1537787846055,5216.45,0.7806936255568955,95.8957681471167,0.057041639710345114,3.102898774537595,5,HYD200,200,323.0321681106048,1397.7345321755793,220.0,8.5,-1349.6369069159127,278.0
Mod-H1-Ideal,AK,HYD200,2040-Hlow,1681.1537787846055,5216.45,0.7806936255568955,149.058728061827,0.08866454094972168,3.102898774537595,5,HYD200,200,323.0321681106048,1397.7345321755793,220.0,8.5,-1349.6369069159127,278.0
Mod-H1-Ideal,AK,HYD200,2045-Hhigh,1681.1537787846055,5216.45,0.7806936255568955,89.31009783827386,0.053124288191435304,3.102898774537595,5,HYD200,200,323.0321681106048,1397.7345321755793,220.0,8.5,-1349.6369069159127,278.0
Mod-H1-Ideal,AK,HYD200,2045-Hlow,1681.1537787846055,5216.45,0.7806936255568955,137.54694030260558,0.08181698904549083,3.102898774537595,5,HYD200,200,323.0321681106048,1397.7345321755793,220.0,8.5,-1349.6369069159127,278.0
Mod-H1-Ideal,AK,HYD500,2024-Hhigh,1668.6800604010562,5449.8,0.7735327378121892,138.6946167032532,0.08311636244393,3.2659346326042735,5,HYD500,500,557.8658070968511,0.0,0.0,6,0.0,0.0
Mod-H1-Ideal,AK,HYD500,2024-Hlow,1668.6800604010562,5449.8,0.7735327378121892,225.19561261993417,0.13495433784101782,3.2659346326042735,5,HYD500,500,557.8658070968511,0.0,0.0,6,0.0,0.0
Mod-H1-Ideal,AK,HYD500,2025-Hhigh,1668.6800604010562,5449.8,0.79303846623776,109.98106696392315,0.06590901969397893,3.2659346326042735,5,HYD500,500,557.8658070968511,0.0,0.0,6,0.0,0.0
Mod-H1-Ideal,AK,HYD500,2025-Hlow,1668.6800604010562,5449.8,0.79303846623776,158.0035211328616,0.09468772647459245,3.2659346326042735,5,HYD500,500,557.8658070968511,0.0,0.0,6,0.0,0.0
Mod-H1-Ideal,AK,HYD500,2030-Hhigh,1668.6800604010562,5449.8,0.7735412113113568,103.660451278974,0.06212122607497323,3.2659346326042735,5,HYD500,500,557.8658070968511,0.0,0.0,6,0.0,0.0
Mod-H1-Ideal,AK,HYD500,2030-Hlow,1668.6800604010562,5449.8,0.7735412113113568,144.34244189443436,0.08650096883146229,3.2659346326042735,5,HYD500,500,557.8658070968511,0.0,0.0,6,0.0,0.0
Mod-H1-Ideal,AK,HYD500,2035-Hhigh,1668.6800604010562,5449.8,0.7735412113113568,88.34793666951923,0.05294480276122278,3.2659346326042735,5,HYD500,500,557.8658070968511,0.0,0.0,6,0.0,0.0
Mod-H1-Ideal,AK,HYD500,2035-Hlow,1668.6800604010562,5449.8,0.7735412113113568,125.74117765282277,0.07535367661947234,3.2659346326042735,5,HYD500,500,557.8658070968511,0.0,0.0,6,0.0,0.0
Mod-H1-Ideal,AK,HYD500,2040-Hhigh,1668.6800604010562,5449.8,0.7735412113113568,96.4822561869699,0.05781950565393646,3.2659346326042735,5,HYD500,500,557.8658070968511,0.0,0.0,6,0.0,0.0
Mod-H1-Ideal,AK,HYD500,2040-Hlow,1668.6800604010562,5449.8,0.7735412113113568,148.83954005992024,0.08919597206917403,3.2659346326042735,5,HYD500,500,557.8658070968511,0.0,0.0,6,0.0,0.0
Mod-H1-Ideal,AK,HYD500,2045-Hhigh,1668.6800604010562,5449.8,0.7735412113113568,90.06572844914606,0.05397423423846712,3.2659346326042735,5,HYD500,500,557.8658070968511,0.0,0.0,6,0.0,0.0
Mod-H1-Ideal,AK,HYD500,2045-Hlow,1668.6800604010562,5449.8,0.7735412113113568,137.78223956968387,0.08256959667665043,3.2659346326042735,5,HYD500,500,557.8658070968511,0.0,0.0,6,0.0,0.0
Mod-H1-Ideal,CH,HYD1000,2024-Hhigh,4061.001338375248,11121.093899228623,1.7663362915203709,365.73657429107436,0.09006068794781551,2.7385102767974026,3,HYD1000,1000,989.9083118792829,0.0,0.0,8.5,0.0,0.0
Mod-H1-Ideal,CH,HYD1000,2024-Hlow,4061.001338375248,11121.093899228623,1.7663362915203709,603.0127120301273,0.14848867601491228,2.7385102767974026,3,HYD1000,1000,989.9083118792829,0.0,0.0,8.5,0.0,0.0
Mod-H1-Ideal,CH,HYD1000,2025-Hhigh,4061.001338375248,11121.093899228623,1.8134329844582164,294.3954015410994,0.07249330325482804,2.7385102767974026,3,HYD1000,1000,989.9083118792829,0.0,0.0,8.5,0.0,0.0
Mod-H1-Ideal,CH,HYD1000,2025-Hlow,4061.001338375248,11121.093899228623,1.8134329844582164,434.4041595435238,0.10696971592659535,2.7385102767974026,3,HYD1000,1000,989.9083118792829,0.0,0.0,8.5,0.0,0.0
Mod-H1-Ideal,CH,HYD1000,2030-Hhigh,4061.001338375248,11121.093899228623,1.7586475259037946,279.5405158657574,0.06883536659399325,2.7385102767974026,3,HYD1000,1000,989.9083118792829,0.0,0.0,8.5,0.0,0.0
Mod-H1-Ideal,CH,HYD1000,2030-Hlow,4061.001338375248,11121.093899228623,1.7586475259037946,392.312955725914,0.09660498065309013,2.7385102767974026,3,HYD1000,1000,989.9083118792829,0.0,0.0,8.5,0.0,0.0
Mod-H1-Ideal,CH,HYD1000,2035-Hhigh,4061.001338375248,11121.093899228623,1.7586475259037946,236.7461851712164,0.05829749006335846,2.7385102767974026,3,HYD1000,1000,989.9083118792829,0.0,0.0,8.5,0.0,0.0
Mod-H1-Ideal,CH,HYD1000,2035-Hlow,4061.001338375248,11121.093899228623,1.7586475259037946,331.03319487230596,0.08151516517469258,2.7385102767974026,3,HYD1000,1000,989.9083118792829,0.0,0.0,8.5,0.0,0.0
Mod-H1-Ideal,CH,HYD1000,2040-Hhigh,4061.001338375248,11121.093899228623,1.7586475259037946,258.8799367174318,0.0637478087660533,2.7385102767974026,3,HYD1000,1000,989.9083118792829,0.0,0.0,8.5,0.0,0.0
Mod-H1-Ideal,CH,HYD1000,2040-Hlow,4061.001338375248,11121.093899228623,1.7586475259037946,390.0018205585814,0.09603587589917316,2.7385102767974026,3,HYD1000,1000,989.9083118792829,0.0,0.0,8.5,0.0,0.0
Mod-H1-Ideal,CH,HYD1000,2045-Hhigh,4061.001338375248,11121.093899228623,1.7586475259037946,242.70735406867786,0.05976539622756731,2.7385102767974026,3,HYD1000,1000,989.9083118792829,0.0,0.0,8.5,0.0,0.0
Mod-H1-Ideal,CH,HYD1000,2045-Hlow,4061.001338375248,11121.093899228623,1.7586475259037946,362.4143981778122,0.08924261973348901,2.7385102767974026,3,HYD1000,1000,989.9083118792829,0.0,0.0,8.5,0.0,0.0
Mod-H1-Ideal,CH,HYD200,2024-Hhigh,3652.650684572037,10507.7824,1.5849783190680866,336.53000811761996,0.09213309379378815,2.8767553504041534,3,HYD200,200,370.4514428838455,204.91842418743096,50.0,11.2,-1325.4079978301681,209.0
Mod-H1-Ideal,CH,HYD200,2024-Hlow,3652.650684572037,10507.7824,1.5849783190680866,565.465139720131,0.15480953109163345,2.8767553504041534,3,HYD200,200,370.4514428838455,204.91842418743096,50.0,11.2,-1325.4079978301681,209.0
Mod-H1-Ideal,CH,HYD200,2025-Hhigh,3652.650684572037,10507.7824,1.6380433187450365,271.7709874435292,0.0744037716476497,2.8767553504041534,3,HYD200,200,370.4514428838455,204.91842418743096,50.0,11.2,-1325.4079978301681,209.0
Mod-H1-Ideal,CH,HYD200,2025-Hlow,3652.650684572037,10507.7824,1.6380433187450365,404.8216425836449,0.11082955298559459,2.8767553504041534,3,HYD200,200,370.4514428838455,204.91842418743096,50.0,11.2,-1325.4079978301681,209.0
Mod-H1-Ideal,CH,HYD200,2030-Hhigh,3652.650684572037,10507.7824,1.5812431793586408,257.6916261314343,0.0705492116231823,2.8767553504041534,3,HYD200,200,370.4514428838455,204.91842418743096,50.0,11.2,-1325.4079978301681,209.0
Mod-H1-Ideal,CH,HYD200,2030-Hlow,3652.650684572037,10507.7824,1.5812431793586408,364.6606247725574,0.09983451916516427,2.8767553504041534,3,HYD200,200,370.4514428838455,204.91842418743096,50.0,11.2,-1325.4079978301681,209.0
Mod-H1-Ideal,CH,HYD200,2035-Hhigh,3652.650684572037,10507.7824,1.5812431793586408,217.62872892329085,0.05958104065152054,2.8767553504041534,3,HYD200,200,370.4514428838455,204.91842418743096,50.0,11.2,-1325.4079978301681,209.0
Mod-H1-Ideal,CH,HYD200,2035-Hlow,3652.650684572037,10507.7824,1.5812431793586408,306.3281954485492,0.0838646292519593,2.8767553504041534,3,HYD200,200,370.4514428838455,204.91842418743096,50.0,11.2,-1325.4079978301681,209.0
Mod-H1-Ideal,CH,HYD200,2040-Hhigh,3652.650684572037,10507.7824,1.5812431793586408,238.3858421405169,0.06526379408449987,2.8767553504041534,3,HYD200,200,370.4514428838455,204.91842418743096,50.0,11.2,-1325.4079978301681,209.0
Mod-H1-Ideal,CH,HYD200,2040-Hlow,3652.650684572037,10507.7824,1.5812431793586408,364.1716281517928,0.09970064470987348,2.8767553504041534,3,HYD200,200,370.4514428838455,204.91842418743096,50.0,11.2,-1325.4079978301681,209.0
Mod-H1-Ideal,CH,HYD200,2045-Hhigh,3652.650684572037,10507.7824,1.5812431793586408,223.54033143732178,0.06119948244202632,2.8767553504041534,3,HYD200,200,370.4514428838455,204.91842418743096,50.0,11.2,-1325.4079978301681,209.0
Mod-H1-Ideal,CH,HYD200,2045-Hlow,3652.650684572037,10507.7824,1.5812431793586408,338.1146278413564,0.0925669211319537,2.8767553504041534,3,HYD200,200,370.4514428838455,204.91842418743096,50.0,11.2,-1325.4079978301681,209.0
Mod-H1-Ideal,CH,HYD500,2024-Hhigh,3937.640371867837,10775.987061080468,1.6785882005524657,354.5039508019474,0.09002953985708625,2.736661056725409,3,HYD500,500,641.1009503885581,0.0,0.0,8.5,0.0,0.0
Mod-H1-Ideal,CH,HYD500,2024-Hlow,3937.640371867837,10775.987061080468,1.6785882005524657,588.5162563641514,0.14945911784345764,2.736661056725409,3,HYD500,500,641.1009503885581,0.0,0.0,8.5,0.0,0.0
Mod-H1-Ideal,CH,HYD500,2025-Hhigh,3937.640371867837,10775.987061080468,1.7293523540543236,285.5615739998066,0.07252098897603217,2.736661056725409,3,HYD500,500,641.1009503885581,0.0,0.0,8.5,0.0,0.0
Mod-H1-Ideal,CH,HYD500,2025-Hlow,3937.640371867837,10775.987061080468,1.7293523540543236,423.6227281679337,0.10758288928427112,2.736661056725409,3,HYD500,500,641.1009503885581,0.0,0.0,8.5,0.0,0.0
Mod-H1-Ideal,CH,HYD500,2030-Hhigh,3937.640371867837,10775.987061080468,1.668880718929701,270.9350274047318,0.06880644289925658,2.736661056725409,3,HYD500,500,641.1009503885581,0.0,0.0,8.5,0.0,0.0
Mod-H1-Ideal,CH,HYD500,2030-Hlow,3937.640371867837,10775.987061080468,1.668880718929701,381.9321751196958,0.09699518977110766,2.736661056725409,3,HYD500,500,641.1009503885581,0.0,0.0,8.5,0.0,0.0
Mod-H1-Ideal,CH,HYD500,2035-Hhigh,3937.640371867837,10775.987061080468,1.668880718929701,229.360817241456,0.05824828973212139,2.736661056725409,3,HYD500,500,641.1009503885581,0.0,0.0,8.5,0.0,0.0
Mod-H1-Ideal,CH,HYD500,2035-Hlow,3937.640371867837,10775.987061080468,1.668880718929701,321.83915056744877,0.08173401331081512,2.736661056725409,3,HYD500,500,641.1009503885581,0.0,0.0,8.5,0.0,0.0
Mod-H1-Ideal,CH,HYD500,2040-Hhigh,3937.640371867837,10775.987061080468,1.668880718929701,251.0086936576844,0.06374596711548275,2.736661056725409,3,HYD500,500,641.1009503885581,0.0,0.0,8.5,0.0,0.0
Mod-H1-Ideal,CH,HYD500,2040-Hlow,3937.640371867837,10775.987061080468,1.668880718929701,379.7522831308057,0.09644158614481814,2.736661056725409,3,HYD500,500,641.1009503885581,0.0,0.0,8.5,0.0,0.0
Mod-H1-Ideal,CH,HYD500,2045-Hhigh,3937.640371867837,10775.987061080468,1.668880718929701,235.16913115578157,0.059723364489029776,2.736661056725409,3,HYD500,500,641.1009503885581,0.0,0.0,8.5,0.0,0.0
Mod-H1-Ideal,CH,HYD500,2045-Hlow,3937.640371867837,10775.987061080468,1.668880718929701,352.87607138251616,0.08961612490150486,2.736661056725409,3,HYD500,500,641.1009503885581,0.0,0.0,8.5,0.0,0.0
Mod-H1-Ideal,CH,HYD1000,2024-Hhigh,4217.796239209456,11595.676942839767,1.8074394119259287,379.16821822897623,0.0898972346516303,2.749226440823313,4,HYD1000,1000,985.0078228894689,0.0,0.0,8.5,0.0,0.0
Mod-H1-Ideal,CH,HYD1000,2024-Hlow,4217.796239209456,11595.676942839767,1.8074394119259287,617.765181473927,0.14646634081823617,2.749226440823313,4,HYD1000,1000,985.0078228894689,0.0,0.0,8.5,0.0,0.0
Mod-H1-Ideal,CH,HYD1000,2025-Hhigh,4217.796239209456,11595.676942839767,1.8257568189372504,304.6086010168589,0.07221984746089866,2.749226440823313,4,HYD1000,1000,985.0078228894689,0.0,0.0,8.5,0.0,0.0
Mod-H1-Ideal,CH,HYD1000,2025-Hlow,4217.796239209456,11595.676942839767,1.8257568189372504,446.09140302923925,0.10576409521215999,2.749226440823313,4,HYD1000,1000,985.0078228894689,0.0,0.0,8.5,0.0,0.0
Mod-H1-Ideal,CH,HYD1000,2030-Hhigh,4217.796239209456,11595.676942839767,1.7923540632732673,288.47181650986033,0.06839396693187075,2.749226440823313,4,HYD1000,1000,985.0078228894689,0.0,0.0,8.5,0.0,0.0
Mod-H1-Ideal,CH,HYD1000,2030-Hlow,4217.796239209456,11595.676942839767,1.7923540632732673,401.98982328301344,0.09530802354699776,2.749226440823313,4,HYD1000,1000,985.0078228894689,0.0,0.0,8.5,0.0,0.0
Mod-H1-Ideal,CH,HYD1000,2035-Hhigh,4217.796239209456,11595.676942839767,1.7923540632732673,242.90612035187795,0.05759076697299298,2.749226440823313,4,HYD1000,1000,985.0078228894689,0.0,0.0,8.5,0.0,0.0
Mod-H1-Ideal,CH,HYD1000,2035-Hlow,4217.796239209456,11595.676942839767,1.7923540632732673,338.58217068345544,0.0802746627577524,2.749226440823313,4,HYD1000,1000,985.0078228894689,0.0,0.0,8.5,0.0,0.0
Mod-H1-Ideal,CH,HYD1000,2040-Hhigh,4217.796239209456,11595.676942839767,1.7923540632732673,265.71545950944557,0.06299864773914464,2.749226440823313,4,HYD1000,1000,985.0078228894689,0.0,0.0,8.5,0.0,0.0
Mod-H1-Ideal,CH,HYD1000,2040-Hlow,4217.796239209456,11595.676942839767,1.7923540632732673,397.77373305051776,0.09430842802521744,2.749226440823313,4,HYD1000,1000,985.0078228894689,0.0,0.0,8.5,0.0,0.0
Mod-H1-Ideal,CH,HYD1000,2045-Hhigh,4217.796239209456,11595.676942839767,1.7923540632732673,248.47043152517278,0.058910013057374186,2.749226440823313,4,HYD1000,1000,985.0078228894689,0.0,0.0,8.5,0.0,0.0
Mod-H1-Ideal,CH,HYD1000,2045-Hlow,4217.796239209456,11595.676942839767,1.7923540632732673,368.95539783269425,0.08747587055126393,2.749226440823313,4,HYD1000,1000,985.0078228894689,0.0,0.0,8.5,0.0,0.0
Mod-H1-Ideal,CH,HYD200,2024-Hhigh,3787.2077007201033,10985.8006,1.6178849705453333,348.084136274746,0.09191049548419564,2.900765278310759,4,HYD200,200,369.4872277381491,608.267438901266,105.0,11.2,-1340.8687389930565,236.0
Mod-H1-Ideal,CH,HYD200,2024-Hlow,3787.2077007201033,10985.8006,1.6178849705453333,578.3726329841379,0.15271743159852721,2.900765278310759,4,HYD200,200,369.4872277381491,608.267438901266,105.0,11.2,-1340.8687389930565,236.0
Mod-H1-Ideal,CH,HYD200,2025-Hhigh,3787.2077007201033,10985.8006,1.6377860090399208,280.3036036433325,0.07401326407052757,2.900765278310759,4,HYD200,200,369.4872277381491,608.267438901266,105.0,11.2,-1340.8687389930565,236.0
Mod-H1-Ideal,CH,HYD200,2025-Hlow,3787.2077007201033,10985.8006,1.6377860090399208,415.0746755702379,0.10959913170099311,2.900765278310759,4,HYD200,200,369.4872277381491,608.267438901266,105.0,11.2,-1340.8687389930565,236.0
Mod-H1-Ideal,CH,HYD200,2030-Hhigh,3787.2077007201033,10985.8006,1.6034475469685106,264.9705868994697,0.06996463036582017,2.900765278310759,4,HYD200,200,369.4872277381491,608.267438901266,105.0,11.2,-1340.8687389930565,236.0
Mod-H1-Ideal,CH,HYD200,2030-Hlow,3787.2077007201033,10985.8006,1.6034475469685106,372.7937996593651,0.09843500254514209,2.900765278310759,4,HYD200,200,369.4872277381491,608.267438901266,105.0,11.2,-1340.8687389930565,236.0
Mod-H1-Ideal,CH,HYD200,2035-Hhigh,3787.2077007201033,10985.8006,1.6034475469685106,222.42427793880677,0.058730414467766,2.900765278310759,4,HYD200,200,369.4872277381491,608.267438901266,105.0,11.2,-1340.8687389930565,236.0
Mod-H1-Ideal,CH,HYD200,2035-Hlow,3787.2077007201033,10985.8006,1.6034475469685106,312.3203440965038,0.08246718130540316,2.900765278310759,4,HYD200,200,369.4872277381491,608.267438901266,105.0,11.2,-1340.8687389930565,236.0
Mod-H1-Ideal,CH,HYD200,2040-Hhigh,3787.2077007201033,10985.8006,1.6034475469685106,243.80979136988802,0.06437719043598528,2.900765278310759,4,HYD200,200,369.4872277381491,608.267438901266,105.0,11.2,-1340.8687389930565,236.0
Mod-H1-Ideal,CH,HYD200,2040-Hlow,3787.2077007201033,10985.8006,1.6034475469685106,370.5057612134744,0.0978308533601223,2.900765278310759,4,HYD200,200,369.4872277381491,608.267438901266,105.0,11.2,-1340.8687389930565,236.0
Mod-H1-Ideal,CH,HYD200,2045-Hhigh,3787.2077007201033,10985.8006,1.6034475469685106,228.00606039162975,0.060204266153207404,2.900765278310759,4,HYD200,200,369.4872277381491,608.267438901266,105.0,11.2,-1340.8687389930565,236.0
Mod-H1-Ideal,CH,HYD200,2045-Hlow,3787.2077007201033,10985.8006,1.6034475469685106,343.18227996093333,0.09061617610665512,2.900765278310759,4,HYD200,200,369.4872277381491,608.267438901266,105.0,11.2,-1340.8687389930565,236.0
Mod-H1-Ideal,CH,HYD500,2024-Hhigh,4094.096434484272,11252.83441571013,1.7242817117967295,367.8026642944061,0.08983732312615586,2.748551382651453,4,HYD500,500,638.5486694469961,0.0,0.0,8.5,0.0,0.0
Mod-H1-Ideal,CH,HYD500,2024-Hlow,4094.096434484272,11252.83441571013,1.7242817117967295,603.0016092807656,0.14728563895118044,2.748551382651453,4,HYD500,500,638.5486694469961,0.0,0.0,8.5,0.0,0.0
Mod-H1-Ideal,CH,HYD500,2025-Hhigh,4094.096434484272,11252.83441571013,1.7444328490900576,295.42335791458447,0.07215837795765027,2.748551382651453,4,HYD500,500,638.5486694469961,0.0,0.0,8.5,0.0,0.0
Mod-H1-Ideal,CH,HYD500,2025-Hlow,4094.096434484272,11252.83441571013,1.7444328490900576,435.10508819366055,0.10627621873505531,2.748551382651453,4,HYD500,500,638.5486694469961,0.0,0.0,8.5,0.0,0.0
Mod-H1-Ideal,CH,HYD500,2030-Hhigh,4094.096434484272,11252.83441571013,1.7072393090459406,279.39195424981983,0.06824264125693817,2.748551382651453,4,HYD500,500,638.5486694469961,0.0,0.0,8.5,0.0,0.0
Mod-H1-Ideal,CH,HYD500,2030-Hlow,4094.096434484272,11252.83441571013,1.7072393090459406,391.2008029403249,0.09555241533767242,2.748551382651453,4,HYD500,500,638.5486694469961,0.0,0.0,8.5,0.0,0.0
Mod-H1-Ideal,CH,HYD500,2035-Hhigh,4094.096434484272,11252.83441571013,1.7072393090459406,234.98431325857356,0.05739589113713054,2.748551382651453,4,HYD500,500,638.5486694469961,0.0,0.0,8.5,0.0,0.0
Mod-H1-Ideal,CH,HYD500,2035-Hlow,4094.096434484272,11252.83441571013,1.7072393090459406,328.7787553306974,0.080305571837883,2.748551382651453,4,HYD500,500,638.5486694469961,0.0,0.0,8.5,0.0,0.0
Mod-H1-Ideal,CH,HYD500,2040-Hhigh,4094.096434484272,11252.83441571013,1.7072393090459406,257.2517537676441,0.06283480564864853,2.748551382651453,4,HYD500,500,638.5486694469961,0.0,0.0,8.5,0.0,0.0
Mod-H1-Ideal,CH,HYD500,2040-Hlow,4094.096434484272,11252.83441571013,1.7072393090459406,386.8090575530292,0.09447971334894925,2.748551382651453,4,HYD500,500,638.5486694469961,0.0,0.0,8.5,0.0,0.0
Mod-H1-Ideal,CH,HYD500,2045-Hhigh,4094.096434484272,11252.83441571013,1.7072393090459406,240.32317730819136,0.05869993077934535,2.748551382651453,4,HYD500,500,638.5486694469961,0.0,0.0,8.5,0.0,0.0
Mod-H1-Ideal,CH,HYD500,2045-Hlow,4094.096434484272,11252.83441571013,1.7072393090459406,358.6030537971353,0.08759028018408367,2.748551382651453,4,HYD500,500,638.5486694469961,0.0,0.0,8.5,0.0,0.0
Mod-H1-Ideal,CH,HYD1000,2024-Hhigh,4379.2678423776815,12070.98012854964,1.87030314211266,393.22773882504646,0.08979303230093075,2.756392292734444,5,HYD1000,1000,981.8424491188609,0.0,0.0,8.5,0.0,0.0
Mod-H1-Ideal,CH,HYD1000,2024-Hlow,4379.2678423776815,12070.98012854964,1.87030314211266,634.7060902482607,0.14493429337805772,2.756392292734444,5,HYD1000,1000,981.8424491188609,0.0,0.0,8.5,0.0,0.0
Mod-H1-Ideal,CH,HYD1000,2025-Hhigh,4379.2678423776815,12070.98012854964,1.9012842307640017,315.2478252860739,0.07198642253288466,2.756392292734444,5,HYD1000,1000,981.8424491188609,0.0,0.0,8.5,0.0,0.0
Mod-H1-Ideal,CH,HYD1000,2025-Hlow,4379.2678423776815,12070.98012854964,1.9012842307640017,457.00924019094634,0.10435745349222977,2.756392292734444,5,HYD1000,1000,981.8424491188609,0.0,0.0,8.5,0.0,0.0
Mod-H1-Ideal,CH,HYD1000,2030-Hhigh,4379.2678423776815,12070.98012854964,1.86450976868615,297.84994899418723,0.06801364057067413,2.756392292734444,5,HYD1000,1000,981.8424491188609,0.0,0.0,8.5,0.0,0.0
Mod-H1-Ideal,CH,HYD1000,2030-Hlow,4379.2678423776815,12070.98012854964,1.86450976868615,412.3677093329863,0.09416361916541172,2.756392292734444,5,HYD1000,1000,981.8424491188609,0.0,0.0,8.5,0.0,0.0
Mod-H1-Ideal,CH,HYD1000,2035-Hhigh,4379.2678423776815,12070.98012854964,1.86450976868615,250.84584096074178,0.05728031488125363,2.756392292734444,5,HYD1000,1000,981.8424491188609,0.0,0.0,8.5,0.0,0.0
Mod-H1-Ideal,CH,HYD1000,2035-Hlow,4379.2678423776815,12070.98012854964,1.86450976868615,348.01410725981395,0.0794685595368524,2.756392292734444,5,HYD1000,1000,981.8424491188609,0.0,0.0,8.5,0.0,0.0
Mod-H1-Ideal,CH,HYD1000,2040-Hhigh,4379.2678423776815,12070.98012854964,1.86450976868615,274.0434012391211,0.06257744698491241,2.756392292734444,5,HYD1000,1000,981.8424491188609,0.0,0.0,8.5,0.0,0.0
Mod-H1-Ideal,CH,HYD1000,2040-Hlow,4379.2678423776815,12070.98012854964,1.86450976868615,408.5420386466515,0.09329003234130515,2.756392292734444,5,HYD1000,1000,981.8424491188609,0.0,0.0,8.5,0.0,0.0
Mod-H1-Ideal,CH,HYD1000,2045-Hhigh,4379.2678423776815,12070.98012854964,1.86450976868615,256.16846457164354,0.058495728919051304,2.756392292734444,5,HYD1000,1000,981.8424491188609,0.0,0.0,8.5,0.0,0.0
Mod-H1-Ideal,CH,HYD1000,2045-Hlow,4379.2678423776815,12070.98012854964,1.86450976868615,378.372991880527,0.08640097055015777,2.756392292734444,5,HYD1000,1000,981.8424491188609,0.0,0.0,8.5,0.0,0.0
Mod-H1-Ideal,CH,HYD200,2024-Hhigh,3927.594697320117,11464.465666666667,1.7002226222445729,360.0308559819264,0.09166700836712689,2.918953341720601,5,HYD200,200,368.62985613881006,535.7301260037076,100.0,11.2,-1791.957390611499,328.0
Mod-H1-Ideal,CH,HYD200,2024-Hlow,3927.594697320117,11464.465666666667,1.7002226222445729,593.5546692710991,0.1511242159676237,2.918953341720601,5,HYD200,200,368.62985613881006,535.7301260037076,100.0,11.2,-1791.957390611499,328.0
Mod-H1-Ideal,CH,HYD200,2025-Hhigh,3927.594697320117,11464.465666666667,1.7263480588426332,289.28660690839746,0.0736549031155847,2.918953341720601,5,HYD200,200,368.62985613881006,535.7301260037076,100.0,11.2,-1791.957390611499,328.0
Mod-H1-Ideal,CH,HYD200,2025-Hlow,3927.594697320117,11464.465666666667,1.7263480588426332,424.86721238877624,0.10817491241615952,2.918953341720601,5,HYD200,200,368.62985613881006,535.7301260037076,100.0,11.2,-1791.957390611499,328.0
Mod-H1-Ideal,CH,HYD200,2030-Hhigh,3927.594697320117,11464.465666666667,1.6879256554412254,272.6357088087462,0.06941543866396689,2.918953341720601,5,HYD200,200,368.62985613881006,535.7301260037076,100.0,11.2,-1791.957390611499,328.0
Mod-H1-Ideal,CH,HYD200,2030-Hlow,3927.594697320117,11464.465666666667,1.6879256554412254,381.55939000471767,0.09714836163340985,2.918953341720601,5,HYD200,200,368.62985613881006,535.7301260037076,100.0,11.2,-1791.957390611499,328.0
Mod-H1-Ideal,CH,HYD200,2035-Hhigh,3927.594697320117,11464.465666666667,1.6879256554412254,228.6708841010405,0.05822160933689711,2.918953341720601,5,HYD200,200,368.62985613881006,535.7301260037076,100.0,11.2,-1791.957390611499,328.0
Mod-H1-Ideal,CH,HYD200,2035-Hlow,3927.594697320117,11464.465666666667,1.6879256554412254,320.05690945681863,0.08148929156951973,2.918953341720601,5,HYD200,200,368.62985613881006,535.7301260037076,100.0,11.2,-1791.957390611499,328.0
Mod-H1-Ideal,CH,HYD200,2040-Hhigh,3927.594697320117,11464.465666666667,1.6879256554412254,250.47443700891512,0.06377298481939067,2.918953341720601,5,HYD200,200,368.62985613881006,535.7301260037076,100.0,11.2,-1791.957390611499,328.0
Mod-H1-Ideal,CH,HYD200,2040-Hlow,3927.594697320117,11464.465666666667,1.6879256554412254,379.30119463680836,0.09657340531995671,2.918953341720601,5,HYD200,200,368.62985613881006,535.7301260037076,100.0,11.2,-1791.957390611499,328.0
Mod-H1-Ideal,CH,HYD200,2045-Hhigh,3927.594697320117,11464.465666666667,1.6879256554412254,234.01418832224792,0.059582061377646954,2.918953341720601,5,HYD200,200,368.62985613881006,535.7301260037076,100.0,11.2,-1791.957390611499,328.0
Mod-H1-Ideal,CH,HYD200,2045-Hlow,3927.594697320117,11464.465666666667,1.6879256554412254,350.65299511182235,0.08927932287694565,2.918953341720601,5,HYD200,200,368.62985613881006,535.7301260037076,100.0,11.2,-1791.957390611499,328.0
Mod-H1-Ideal,CH,HYD500,2024-Hhigh,4255.337401849149,11729.827965370625,1.792281676479565,381.2739106773458,0.08959898468019574,2.75649774804542,5,HYD500,500,636.7432464080225,0.0,0.0,8.5,0.0,0.0
Mod-H1-Ideal,CH,HYD500,2024-Hlow,4255.337401849149,11729.827965370625,1.792281676479565,619.77336526793,0.1456461160984811,2.75649774804542,5,HYD500,500,636.7432464080225,0.0,0.0,8.5,0.0,0.0
Mod-H1-Ideal,CH,HYD500,2025-Hhigh,4255.337401849149,11729.827965370625,1.823262765130907,305.56167455551514,0.07180668551046832,2.75649774804542,5,HYD500,500,636.7432464080225,0.0,0.0,8.5,0.0,0.0
Mod-H1-Ideal,CH,HYD500,2025-Hlow,4255.337401849149,11729.827965370625,1.823262765130907,445.97679007297717,0.10480409611683877,2.75649774804542,5,HYD500,500,636.7432464080225,0.0,0.0,8.5,0.0,0.0
Mod-H1-Ideal,CH,HYD500,2030-Hhigh,4255.337401849149,11729.827965370625,1.7808021264828549,288.1606303723123,0.06771745766789083,2.75649774804542,5,HYD500,500,636.7432464080225,0.0,0.0,8.5,0.0,0.0
Mod-H1-Ideal,CH,HYD500,2030-Hlow,4255.337401849149,11729.827965370625,1.7808021264828549,401.1152318694969,0.0942616751600456,2.75649774804542,5,HYD500,500,636.7432464080225,0.0,0.0,8.5,0.0,0.0
Mod-H1-Ideal,CH,HYD500,2035-Hhigh,4255.337401849149,11729.827965370625,1.7808021264828549,242.19666696281178,0.056915972598921456,2.75649774804542,5,HYD500,500,636.7432464080225,0.0,0.0,8.5,0.0,0.0
Mod-H1-Ideal,CH,HYD500,2035-Hlow,4255.337401849149,11729.827965370625,1.7808021264828549,337.5122374187067,0.07931503557674215,2.75649774804542,5,HYD500,500,636.7432464080225,0.0,0.0,8.5,0.0,0.0
Mod-H1-Ideal,CH,HYD500,2040-Hhigh,4255.337401849149,11729.827965370625,1.7808021264828549,264.99253089971194,0.062272977645570465,2.75649774804542,5,HYD500,500,636.7432464080225,0.0,0.0,8.5,0.0,0.0
Mod-H1-Ideal,CH,HYD500,2040-Hlow,4255.337401849149,11729.827965370625,1.7808021264828549,396.72270133630184,0.09322943491247175,2.75649774804542,5,HYD500,500,636.7432464080225,0.0,0.0,8.5,0.0,0.0
Mod-H1-Ideal,CH,HYD500,2045-Hhigh,4255.337401849149,11729.827965370625,1.7808021264828549,247.29362277172834,0.05811375207622018,2.75649774804542,5,HYD500,500,636.7432464080225,0.0,0.0,8.5,0.0,0.0
Mod-H1-Ideal,CH,HYD500,2045-Hlow,4255.337401849149,11729.827965370625,1.7808021264828549,367.1393421672196,0.08627737532814199,2.75649774804542,5,HYD500,500,636.7432464080225,0.0,0.0,8.5,0.0,0.0
Mod-H1-Real,AK,HYD1000,2024-Hhigh,1430.150195507733,4729.227522218799,0.7410160520693648,119.63223025418577,0.08365011635139052,3.3068047937019824,3,HYD1000,1000,875.4210304050822,0.0,0.0,5,0.0,0.0
Mod-H1-Real,AK,HYD1000,2024-Hlow,1430.150195507733,4729.227522218799,0.7410160520693648,195.85194932212735,0.13694502153502544,3.3068047937019824,3,HYD1000,1000,875.4210304050822,0.0,0.0,5,0.0,0.0
Mod-H1-Real,AK,HYD1000,2025-Hhigh,1430.150195507733,4729.227522218799,0.7654879348068526,95.28824396282127,0.06662813756354588,3.3068047937019824,3,HYD1000,1000,875.4210304050822,0.0,0.0,5,0.0,0.0
Mod-H1-Real,AK,HYD1000,2025-Hlow,1430.150195507733,4729.227522218799,0.7654879348068526,136.07951301207007,0.09515050477880682,3.3068047937019824,3,HYD1000,1000,875.4210304050822,0.0,0.0,5,0.0,0.0
Mod-H1-Real,AK,HYD1000,2030-Hhigh,1430.150195507733,4729.227522218799,0.7303144505475476,91.08876606589423,0.06369174814786206,3.3068047937019824,3,HYD1000,1000,875.4210304050822,0.0,0.0,5,0.0,0.0
Mod-H1-Real,AK,HYD1000,2030-Hlow,1430.150195507733,4729.227522218799,0.7303144505475476,126.48328327881646,0.08844055937349452,3.3068047937019824,3,HYD1000,1000,875.4210304050822,0.0,0.0,5,0.0,0.0
Mod-H1-Real,AK,HYD1000,2035-Hhigh,1430.150195507733,4729.227522218799,0.7303144505475476,79.18182483173862,0.055366090275313654,3.3068047937019824,3,HYD1000,1000,875.4210304050822,0.0,0.0,5,0.0,0.0
Mod-H1-Real,AK,HYD1000,2035-Hlow,1430.150195507733,4729.227522218799,0.7303144505475476,112.27215008029279,0.07850374767136527,3.3068047937019824,3,HYD1000,1000,875.4210304050822,0.0,0.0,5,0.0,0.0
Mod-H1-Real,AK,HYD1000,2040-Hhigh,1430.150195507733,4729.227522218799,0.7303144505475476,85.57300729253332,0.059834979263945855,3.3068047937019824,3,HYD1000,1000,875.4210304050822,0.0,0.0,5,0.0,0.0
Mod-H1-Real,AK,HYD1000,2040-Hlow,1430.150195507733,4729.227522218799,0.7303144505475476,133.80394444184154,0.09355936520663016,3.3068047937019824,3,HYD1000,1000,875.4210304050822,0.0,0.0,5,0.0,0.0
Mod-H1-Real,AK,HYD1000,2045-Hhigh,1430.150195507733,4729.227522218799,0.7303144505475476,80.66366037478264,0.05640223007915987,3.3068047937019824,3,HYD1000,1000,875.4210304050822,0.0,0.0,5,0.0,0.0
Mod-H1-Real,AK,HYD1000,2045-Hlow,1430.150195507733,4729.227522218799,0.7303144505475476,125.05728394947307,0.08744346177226171,3.3068047937019824,3,HYD1000,1000,875.4210304050822,0.0,0.0,5,0.0,0.0
Mod-H1-Real,AK,HYD200,2024-Hhigh,1363.9730043665668,4184.266666666666,0.6817415167189003,113.76852367968927,0.08340965936677296,3.0677048983164097,3,HYD200,200,325.4811097979043,439.62594022261715,96.0,8.5,-945.2269675704079,165.0
Mod-H1-Real,AK,HYD200,2024-Hlow,1363.9730043665668,4184.266666666666,0.6817415167189003,193.82759190692911,0.14210515258470474,3.0677048983164097,3,HYD200,200,325.4811097979043,439.62594022261715,96.0,8.5,-945.2269675704079,165.0
Mod-H1-Real,AK,HYD200,2025-Hhigh,1363.9730043665668,4184.266666666666,0.7208660370370049,90.8261117415942,0.06658937636656095,3.0677048983164097,3,HYD200,200,325.4811097979043,439.62594022261715,96.0,8.5,-945.2269675704079,165.0
Mod-H1-Real,AK,HYD200,2025-Hlow,1363.9730043665668,4184.266666666666,0.7208660370370049,133.9135335696621,0.09817902050917199,3.0677048983164097,3,HYD200,200,325.4811097979043,439.62594022261715,96.0,8.5,-945.2269675704079,165.0
Mod-H1-Real,AK,HYD200,2030-Hhigh,1363.9730043665668,4184.266666666666,0.6817496957396043,86.88804847934978,0.06370217607034008,3.0677048983164097,3,HYD200,200,325.4811097979043,439.62594022261715,96.0,8.5,-945.2269675704079,165.0
Mod-H1-Real,AK,HYD200,2030-Hlow,1363.9730043665668,4184.266666666666,0.6817496957396043,123.89820297646392,0.09083625744778037,3.0677048983164097,3,HYD200,200,325.4811097979043,439.62594022261715,96.0,8.5,-945.2269675704079,165.0
Mod-H1-Real,AK,HYD200,2035-Hhigh,1363.9730043665668,4184.266666666666,0.6817496957396043,75.84647110106616,0.05560701777693136,3.0677048983164097,3,HYD200,200,325.4811097979043,439.62594022261715,96.0,8.5,-945.2269675704079,165.0
Mod-H1-Real,AK,HYD200,2035-Hlow,1363.9730043665668,4184.266666666666,0.6817496957396043,109.50905848365682,0.0802868224906791,3.0677048983164097,3,HYD200,200,325.4811097979043,439.62594022261715,96.0,8.5,-945.2269675704079,165.0
Mod-H1-Real,AK,HYD200,2040-Hhigh,1363.9730043665668,4184.266666666666,0.6817496957396043,82.37471587156556,0.060393215707242404,3.0677048983164097,3,HYD200,200,325.4811097979043,439.62594022261715,96.0,8.5,-945.2269675704079,165.0
Mod-H1-Real,AK,HYD200,2040-Hlow,1363.9730043665668,4184.266666666666,0.6817496957396043,131.42650105400182,0.09635564680038275,3.0677048983164097,3,HYD200,200,325.4811097979043,439.62594022261715,96.0,8.5,-945.2269675704079,165.0
Mod-H1-Real,AK,HYD200,2045-Hhigh,1363.9730043665668,4184.266666666666,0.6817496957396043,77.63118249031335,0.056915483108381244,3.0677048983164097,3,HYD200,200,325.4811097979043,439.62594022261715,96.0,8.5,-945.2269675704079,165.0
Mod-H1-Real,AK,HYD200,2045-Hlow,1363.9730043665668,4184.266666666666,0.6817496957396043,122.58869391945125,0.08987618781823457,3.0677048983164097,3,HYD200,200,325.4811097979043,439.62594022261715,96.0,8.5,-945.2269675704079,165.0
Mod-H1-Real,AK,HYD500,2024-Hhigh,1368.8451114638142,4422.2,0.6988172148407212,114.57578126506338,0.08370251703827795,3.2306065623969626,3,HYD500,500,565.1044901157969,0.0,0.0,6,0.0,0.0
Mod-H1-Real,AK,HYD500,2024-Hlow,1368.8451114638142,4422.2,0.6988172148407212,192.66626453842483,0.14075096073681526,3.2306065623969626,3,HYD500,500,565.1044901157969,0.0,0.0,6,0.0,0.0
Mod-H1-Real,AK,HYD500,2025-Hhigh,1368.8451114638142,4422.2,0.733812221714403,91.57992254965605,0.06690305702426946,3.2306065623969626,3,HYD500,500,565.1044901157969,0.0,0.0,6,0.0,0.0
Mod-H1-Real,AK,HYD500,2025-Hlow,1368.8451114638142,4422.2,0.733812221714403,133.48227437274963,0.09751452027322981,3.2306065623969626,3,HYD500,500,565.1044901157969,0.0,0.0,6,0.0,0.0
Mod-H1-Real,AK,HYD500,2030-Hhigh,1368.8451114638142,4422.2,0.6999586541516837,87.83549303258917,0.0641675908376951,3.2306065623969626,3,HYD500,500,565.1044901157969,0.0,0.0,6,0.0,0.0
Mod-H1-Real,AK,HYD500,2030-Hlow,1368.8451114638142,4422.2,0.6999586541516837,123.9489717332938,0.09055003425533323,3.2306065623969626,3,HYD500,500,565.1044901157969,0.0,0.0,6,0.0,0.0
Mod-H1-Real,AK,HYD500,2035-Hhigh,1368.8451114638142,4422.2,0.6999586541516837,76.74109603392859,0.056062658507698704,3.2306065623969626,3,HYD500,500,565.1044901157969,0.0,0.0,6,0.0,0.0
Mod-H1-Real,AK,HYD500,2035-Hlow,1368.8451114638142,4422.2,0.6999586541516837,110.05683687431036,0.08040123455357041,3.2306065623969626,3,HYD500,500,565.1044901157969,0.0,0.0,6,0.0,0.0
Mod-H1-Real,AK,HYD500,2040-Hhigh,1368.8451114638142,4422.2,0.6999586541516837,83.23575976402854,0.06080728861647317,3.2306065623969626,3,HYD500,500,565.1044901157969,0.0,0.0,6,0.0,0.0
Mod-H1-Real,AK,HYD500,2040-Hlow,1368.8451114638142,4422.2,0.6999586541516837,131.7685359416309,0.09626256092679498,3.2306065623969626,3,HYD500,500,565.1044901157969,0.0,0.0,6,0.0,0.0
Mod-H1-Real,AK,HYD500,2045-Hhigh,1368.8451114638142,4422.2,0.6999586541516837,78.56772772969211,0.05739709122069584,3.2306065623969626,3,HYD500,500,565.1044901157969,0.0,0.0,6,0.0,0.0
Mod-H1-Real,AK,HYD500,2045-Hlow,1368.8451114638142,4422.2,0.6999586541516837,123.09808154201967,0.08992842251551833,3.2306065623969626,3,HYD500,500,565.1044901157969,0.0,0.0,6,0.0,0.0
Mod-H1-Real,AK,HYD1000,2024-Hhigh,1567.8893483122024,5200.1416111075605,0.790809649266715,131.23648679288956,0.08370264581117455,3.3166508954891465,4,HYD1000,1000,867.0387605643928,0.0,0.0,5,0.0,0.0
Mod-H1-Real,AK,HYD1000,2024-Hlow,1567.8893483122024,5200.1416111075605,0.790809649266715,208.3015207403876,0.1328547329979756,3.3166508954891465,4,HYD1000,1000,867.0387605643928,0.0,0.0,5,0.0,0.0
Mod-H1-Real,AK,HYD1000,2025-Hhigh,1567.8893483122024,5200.1416111075605,0.776544952007391,103.84665264840132,0.0662334065603481,3.3166508954891465,4,HYD1000,1000,867.0387605643928,0.0,0.0,5,0.0,0.0
Mod-H1-Real,AK,HYD1000,2025-Hlow,1567.8893483122024,5200.1416111075605,0.776544952007391,145.61185389540177,0.09287125654125379,3.3166508954891465,4,HYD1000,1000,867.0387605643928,0.0,0.0,5,0.0,0.0
Mod-H1-Real,AK,HYD1000,2030-Hhigh,1567.8893483122024,5200.1416111075605,0.7622390187931591,98.4361335698344,0.06278257689281369,3.3166508954891465,4,HYD1000,1000,867.0387605643928,0.0,0.0,5,0.0,0.0
Mod-H1-Real,AK,HYD1000,2030-Hlow,1567.8893483122024,5200.1416111075605,0.7622390187931591,134.35723864067265,0.0856930616853193,3.3166508954891465,4,HYD1000,1000,867.0387605643928,0.0,0.0,5,0.0,0.0
Mod-H1-Real,AK,HYD1000,2035-Hhigh,1567.8893483122024,5200.1416111075605,0.7622390187931591,84.15822860960925,0.053676127527879244,3.3166508954891465,4,HYD1000,1000,867.0387605643928,0.0,0.0,5,0.0,0.0
Mod-H1-Real,AK,HYD1000,2035-Hlow,1567.8893483122024,5200.1416111075605,0.7622390187931591,118.37729196988052,0.07550104992888115,3.3166508954891465,4,HYD1000,1000,867.0387605643928,0.0,0.0,5,0.0,0.0
Mod-H1-Real,AK,HYD1000,2040-Hhigh,1567.8893483122024,5200.1416111075605,0.7622390187931591,91.07997592339439,0.05809081873120698,3.3166508954891465,4,HYD1000,1000,867.0387605643928,0.0,0.0,5,0.0,0.0
Mod-H1-Real,AK,HYD1000,2040-Hlow,1567.8893483122024,5200.1416111075605,0.7622390187931591,140.11088414387453,0.08936273742448773,3.3166508954891465,4,HYD1000,1000,867.0387605643928,0.0,0.0,5,0.0,0.0
Mod-H1-Real,AK,HYD1000,2045-Hhigh,1567.8893483122024,5200.1416111075605,0.7622390187931591,85.31092194065792,0.05441131546208488,3.3166508954891465,4,HYD1000,1000,867.0387605643928,0.0,0.0,5,0.0,0.0
Mod-H1-Real,AK,HYD1000,2045-Hlow,1567.8893483122024,5200.1416111075605,0.7622390187931591,130.37415145350272,0.08315264823620848,3.3166508954891465,4,HYD1000,1000,867.0387605643928,0.0,0.0,5,0.0,0.0
Mod-H1-Real,AK,HYD200,2024-Hhigh,1505.5706115671505,4660.975,0.709725127052428,125.4513686859048,0.08332479906427125,3.095819594371854,4,HYD200,200,323.69925853097027,1092.4944895324074,169.0,8.5,-626.9904669667043,117.0
Mod-H1-Real,AK,HYD200,2024-Hlow,1505.5706115671505,4660.975,0.709725127052428,206.70820137580785,0.1372955873259541,3.095819594371854,4,HYD200,200,323.69925853097027,1092.4944895324074,169.0,8.5,-626.9904669667043,117.0
Mod-H1-Real,AK,HYD200,2025-Hhigh,1505.5706115671505,4660.975,0.7240623224887786,99.37018848241512,0.06600167917662829,3.095819594371854,4,HYD200,200,323.69925853097027,1092.4944895324074,169.0,8.5,-626.9904669667043,117.0
Mod-H1-Real,AK,HYD200,2025-Hlow,1505.5706115671505,4660.975,0.7240623224887786,144.09046376715514,0.09570488601472579,3.095819594371854,4,HYD200,200,323.69925853097027,1092.4944895324074,169.0,8.5,-626.9904669667043,117.0
Mod-H1-Real,AK,HYD200,2030-Hhigh,1505.5706115671505,4660.975,0.7029770454943232,94.02869790010372,0.062453861132576914,3.095819594371854,4,HYD200,200,323.69925853097027,1092.4944895324074,169.0,8.5,-626.9904669667043,117.0
Mod-H1-Real,AK,HYD200,2030-Hlow,1505.5706115671505,4660.975,0.7029770454943232,131.84539615402247,0.0875717121077333,3.095819594371854,4,HYD200,200,323.69925853097027,1092.4944895324074,169.0,8.5,-626.9904669667043,117.0
Mod-H1-Real,AK,HYD200,2035-Hhigh,1505.5706115671505,4660.975,0.7029770454943232,80.45732867810582,0.05343975769715489,3.095819594371854,4,HYD200,200,323.69925853097027,1092.4944895324074,169.0,8.5,-626.9904669667043,117.0
Mod-H1-Real,AK,HYD200,2035-Hlow,1505.5706115671505,4660.975,0.7029770454943232,115.18741678476216,0.07650748221291555,3.095819594371854,4,HYD200,200,323.69925853097027,1092.4944895324074,169.0,8.5,-626.9904669667043,117.0
Mod-H1-Real,AK,HYD200,2040-Hhigh,1505.5706115671505,4660.975,0.7029770454943232,87.51117651476584,0.05812492342931384,3.095819594371854,4,HYD200,200,323.69925853097027,1092.4944895324074,169.0,8.5,-626.9904669667043,117.0
Mod-H1-Real,AK,HYD200,2040-Hlow,1505.5706115671505,4660.975,0.7029770454943232,137.23776991899848,0.09115332676170365,3.095819594371854,4,HYD200,200,323.69925853097027,1092.4944895324074,169.0,8.5,-626.9904669667043,117.0
Mod-H1-Real,AK,HYD200,2045-Hhigh,1505.5706115671505,4660.975,0.7029770454943232,81.78326986091271,0.05432044783059653,3.095819594371854,4,HYD200,200,323.69925853097027,1092.4944895324074,169.0,8.5,-626.9904669667043,117.0
Mod-H1-Real,AK,HYD200,2045-Hlow,1505.5706115671505,4660.975,0.7029770454943232,127.15313423577672,0.08445511174226683,3.095819594371854,4,HYD200,200,323.69925853097027,1092.4944895324074,169.0,8.5,-626.9904669667043,117.0
Mod-H1-Real,AK,HYD500,2024-Hhigh,1502.297467543318,4896.3,0.7490327622139404,125.69007713435319,0.08366523930835887,3.259208050191843,4,HYD500,500,559.9876762036095,0.0,0.0,6,0.0,0.0
Mod-H1-Real,AK,HYD500,2024-Hlow,1502.297467543318,4896.3,0.7490327622139404,204.9350054636664,0.13641439854038576,3.259208050191843,4,HYD500,500,559.9876762036095,0.0,0.0,6,0.0,0.0
Mod-H1-Real,AK,HYD500,2025-Hhigh,1502.297467543318,4896.3,0.7471266764975641,99.78123085912807,0.06641909010357228,3.259208050191843,4,HYD500,500,559.9876762036095,0.0,0.0,6,0.0,0.0
Mod-H1-Real,AK,HYD500,2025-Hlow,1502.297467543318,4896.3,0.7471266764975641,143.0650110184488,0.09523081420911975,3.259208050191843,4,HYD500,500,559.9876762036095,0.0,0.0,6,0.0,0.0
Mod-H1-Real,AK,HYD500,2030-Hhigh,1502.297467543318,4896.3,0.7309131309167578,94.87749171466352,0.06315493020820644,3.259208050191843,4,HYD500,500,559.9876762036095,0.0,0.0,6,0.0,0.0
Mod-H1-Real,AK,HYD500,2030-Hlow,1502.297467543318,4896.3,0.7309131309167578,131.7110143511465,0.08767305889593979,3.259208050191843,4,HYD500,500,559.9876762036095,0.0,0.0,6,0.0,0.0
Mod-H1-Real,AK,HYD500,2035-Hhigh,1502.297467543318,4896.3,0.7309131309167578,81.42168495902835,0.05419811103867191,3.259208050191843,4,HYD500,500,559.9876762036095,0.0,0.0,6,0.0,0.0
Mod-H1-Real,AK,HYD500,2035-Hlow,1502.297467543318,4896.3,0.7309131309167578,115.88864931298428,0.07714094699400317,3.259208050191843,4,HYD500,500,559.9876762036095,0.0,0.0,6,0.0,0.0
Mod-H1-Real,AK,HYD500,2040-Hhigh,1502.297467543318,4896.3,0.7309131309167578,88.42950324973029,0.05886284518227777,3.259208050191843,4,HYD500,500,559.9876762036095,0.0,0.0,6,0.0,0.0
Mod-H1-Real,AK,HYD500,2040-Hlow,1502.297467543318,4896.3,0.7309131309167578,137.74832183507576,0.0916917753048824,3.259208050191843,4,HYD500,500,559.9876762036095,0.0,0.0,6,0.0,0.0
Mod-H1-Real,AK,HYD500,2045-Hhigh,1502.297467543318,4896.3,0.7309131309167578,82.87219243902506,0.05516363718201867,3.259208050191843,4,HYD500,500,559.9876762036095,0.0,0.0,6,0.0,0.0
Mod-H1-Real,AK,HYD500,2045-Hlow,1502.297467543318,4896.3,0.7309131309167578,127.94305948239432,0.08516493054575767,3.259208050191843,4,HYD500,500,559.9876762036095,0.0,0.0,6,0.0,0.0
Mod-H1-Real,AK,HYD1000,2024-Hhigh,1708.2148514846456,5673.294855550453,0.8167597061356184,143.06604556369098,0.08375178651523212,3.3211834276113876,5,HYD1000,1000,861.858702590786,0.0,0.0,5,0.0,0.0
Mod-H1-Real,AK,HYD1000,2024-Hlow,1708.2148514846456,5673.294855550453,0.8167597061356184,222.7959030151177,0.13042615969617702,3.3211834276113876,5,HYD1000,1000,861.858702590786,0.0,0.0,5,0.0,0.0
Mod-H1-Real,AK,HYD1000,2025-Hhigh,1708.2148514846456,5673.294855550453,0.850309924273229,112.90495882769306,0.06609529166051037,3.3211834276113876,5,HYD1000,1000,861.858702590786,0.0,0.0,5,0.0,0.0
Mod-H1-Real,AK,HYD1000,2025-Hlow,1708.2148514846456,5673.294855550453,0.850309924273229,155.18232196177433,0.09084473292507796,3.3211834276113876,5,HYD1000,1000,861.858702590786,0.0,0.0,5,0.0,0.0
Mod-H1-Real,AK,HYD1000,2030-Hhigh,1708.2148514846456,5673.294855550453,0.8212478221622121,106.32163524627502,0.06224137154285285,3.3211834276113876,5,HYD1000,1000,861.858702590786,0.0,0.0,5,0.0,0.0
Mod-H1-Real,AK,HYD1000,2030-Hlow,1708.2148514846456,5673.294855550453,0.8212478221622121,143.26471774646353,0.08386809049338796,3.3211834276113876,5,HYD1000,1000,861.858702590786,0.0,0.0,5,0.0,0.0
Mod-H1-Real,AK,HYD1000,2035-Hhigh,1708.2148514846456,5673.294855550453,0.8212478221622121,90.72844616388794,0.05311301800533694,3.3211834276113876,5,HYD1000,1000,861.858702590786,0.0,0.0,5,0.0,0.0
Mod-H1-Real,AK,HYD1000,2035-Hlow,1708.2148514846456,5673.294855550453,0.8212478221622121,126.23007248320694,0.07389589920348585,3.3211834276113876,5,HYD1000,1000,861.858702590786,0.0,0.0,5,0.0,0.0
Mod-H1-Real,AK,HYD1000,2040-Hhigh,1708.2148514846456,5673.294855550453,0.8212478221622121,98.06959000049557,0.05741057099185223,3.3211834276113876,5,HYD1000,1000,861.858702590786,0.0,0.0,5,0.0,0.0
Mod-H1-Real,AK,HYD1000,2040-Hlow,1708.2148514846456,5673.294855550453,0.8212478221622121,149.1305298273514,0.08730197474734452,3.3211834276113876,5,HYD1000,1000,861.858702590786,0.0,0.0,5,0.0,0.0
Mod-H1-Real,AK,HYD1000,2045-Hhigh,1708.2148514846456,5673.294855550453,0.8212478221622121,91.65438254528671,0.053655067139609484,3.3211834276113876,5,HYD1000,1000,861.858702590786,0.0,0.0,5,0.0,0.0
Mod-H1-Real,AK,HYD1000,2045-Hlow,1708.2148514846456,5673.294855550453,0.8212478221622121,138.23700299752684,0.0809248338271864,3.3211834276113876,5,HYD1000,1000,861.858702590786,0.0,0.0,5,0.0,0.0
Mod-H1-Real,AK,HYD200,2024-Hhigh,1653.3850149843292,5138.958333333333,0.8159476654240887,137.5824818722789,0.08321260966162977,3.108143769757125,5,HYD200,200,322.46773134728716,1412.984720251819,223.0,8.5,-1228.4286187292216,254.0
Mod-H1-Real,AK,HYD200,2024-Hlow,1653.3850149843292,5138.958333333333,0.8159476654240887,222.26994359307497,0.13443326362503755,3.108143769757125,5,HYD200,200,322.46773134728716,1412.984720251819,223.0,8.5,-1228.4286187292216,254.0
Mod-H1-Real,AK,HYD200,2025-Hhigh,1653.3850149843292,5138.958333333333,0.835215112303263,108.54041361306511,0.06564739164162188,3.108143769757125,5,HYD200,200,322.46773134728716,1412.984720251819,223.0,8.5,-1228.4286187292216,254.0
Mod-H1-Real,AK,HYD200,2025-Hlow,1653.3850149843292,5138.958333333333,0.835215112303263,154.2547845706845,0.09329634850485598,3.108143769757125,5,HYD200,200,322.46773134728716,1412.984720251819,223.0,8.5,-1228.4286187292216,254.0
Mod-H1-Real,AK,HYD200,2030-Hhigh,1653.3850149843292,5138.958333333333,0.8108895253343329,101.92163720505289,0.06164422459460775,3.108143769757125,5,HYD200,200,322.46773134728716,1412.984720251819,223.0,8.5,-1228.4286187292216,254.0
Mod-H1-Real,AK,HYD200,2030-Hlow,1653.3850149843292,5138.958333333333,0.8108895253343329,141.01779696695866,0.08529035626241914,3.108143769757125,5,HYD200,200,322.46773134728716,1412.984720251819,223.0,8.5,-1228.4286187292216,254.0
Mod-H1-Real,AK,HYD200,2035-Hhigh,1653.3850149843292,5138.958333333333,0.8108895253343329,86.91216400748009,0.052566197963457316,3.108143769757125,5,HYD200,200,322.46773134728716,1412.984720251819,223.0,8.5,-1228.4286187292216,254.0
Mod-H1-Real,AK,HYD200,2035-Hlow,1653.3850149843292,5138.958333333333,0.8108895253343329,123.3886799412111,0.07462791716567031,3.108143769757125,5,HYD200,200,322.46773134728716,1412.984720251819,223.0,8.5,-1228.4286187292216,254.0
Mod-H1-Real,AK,HYD200,2040-Hhigh,1653.3850149843292,5138.958333333333,0.8108895253343329,94.47816625739983,0.05714226595811702,3.108143769757125,5,HYD200,200,322.46773134728716,1412.984720251819,223.0,8.5,-1228.4286187292216,254.0
Mod-H1-Real,AK,HYD200,2040-Hlow,1653.3850149843292,5138.958333333333,0.8108895253343329,146.40036289985326,0.08854583873269278,3.108143769757125,5,HYD200,200,322.46773134728716,1412.984720251819,223.0,8.5,-1228.4286187292216,254.0
Mod-H1-Real,AK,HYD200,2045-Hhigh,1653.3850149843292,5138.958333333333,0.8108895253343329,88.08297664103543,0.053274328630509744,3.108143769757125,5,HYD200,200,322.46773134728716,1412.984720251819,223.0,8.5,-1228.4286187292216,254.0
Mod-H1-Real,AK,HYD200,2045-Hlow,1653.3850149843292,5138.958333333333,0.8108895253343329,135.01395225115797,0.08165911208070169,3.108143769757125,5,HYD200,200,322.46773134728716,1412.984720251819,223.0,8.5,-1228.4286187292216,254.0
Mod-H1-Real,AK,HYD500,2024-Hhigh,1642.3426477474002,5372.4,0.7980161262314205,137.22906706144843,0.08355690406607215,3.2711809605435636,5,HYD500,500,557.3520999328903,0.0,0.0,6,0.0,0.0
Mod-H1-Real,AK,HYD500,2024-Hlow,1642.3426477474002,5372.4,0.7980161262314205,219.70496641474188,0.13377535237003327,3.2711809605435636,5,HYD500,500,557.3520999328903,0.0,0.0,6,0.0,0.0
Mod-H1-Real,AK,HYD500,2025-Hhigh,1642.3426477474002,5372.4,0.8208348498807565,108.56905841707115,0.0661062163647653,3.2711809605435636,5,HYD500,500,557.3520999328903,0.0,0.0,6,0.0,0.0
Mod-H1-Real,AK,HYD500,2025-Hlow,1642.3426477474002,5372.4,0.8208348498807565,152.77268877532137,0.09302120296569107,3.2711809605435636,5,HYD500,500,557.3520999328903,0.0,0.0,6,0.0,0.0
Mod-H1-Real,AK,HYD500,2030-Hhigh,1642.3426477474002,5372.4,0.7980245997305879,102.43117253852785,0.06236894151109095,3.2711809605435636,5,HYD500,500,557.3520999328903,0.0,0.0,6,0.0,0.0
Mod-H1-Real,AK,HYD500,2030-Hlow,1642.3426477474002,5372.4,0.7980245997305879,140.50669216490633,0.08555260521159949,3.2711809605435636,5,HYD500,500,557.3520999328903,0.0,0.0,6,0.0,0.0
Mod-H1-Real,AK,HYD500,2035-Hhigh,1642.3426477474002,5372.4,0.7980245997305879,87.6645824831671,0.05337776657228371,3.2711809605435636,5,HYD500,500,557.3520999328903,0.0,0.0,6,0.0,0.0
Mod-H1-Real,AK,HYD500,2035-Hlow,1642.3426477474002,5372.4,0.7980245997305879,123.65477674452379,0.07529170414841621,3.2711809605435636,5,HYD500,500,557.3520999328903,0.0,0.0,6,0.0,0.0
Mod-H1-Real,AK,HYD500,2040-Hhigh,1642.3426477474002,5372.4,0.7980245997305879,95.12574824909439,0.05792076847031081,3.2711809605435636,5,HYD500,500,557.3520999328903,0.0,0.0,6,0.0,0.0
Mod-H1-Real,AK,HYD500,2040-Hlow,1642.3426477474002,5372.4,0.7980245997305879,146.36061600499133,0.08911697945963726,3.2711809605435636,5,HYD500,500,557.3520999328903,0.0,0.0,6,0.0,0.0
Mod-H1-Real,AK,HYD500,2045-Hhigh,1642.3426477474002,5372.4,0.7980245997305879,88.8970926318497,0.05412822516286655,3.2711809605435636,5,HYD500,500,557.3520999328903,0.0,0.0,6,0.0,0.0
Mod-H1-Real,AK,HYD500,2045-Hlow,1642.3426477474002,5372.4,0.7980245997305879,135.42110595003098,0.08245606124627616,3.2711809605435636,5,HYD500,500,557.3520999328903,0.0,0.0,6,0.0,0.0
Mod-H1-Real,CH,HYD1000,2024-Hhigh,3614.9203014131203,10019.495600586622,1.9403454263597872,331.6031569979372,0.09173180301328059,2.7717058095775635,3,HYD1000,1000,987.162892515825,0.0,0.0,8.5,0.0,0.0
Mod-H1-Real,CH,HYD1000,2024-Hlow,3614.9203014131203,10019.495600586622,1.9403454263597872,525.2404561267558,0.14529793531587193,2.7717058095775635,3,HYD1000,1000,987.162892515825,0.0,0.0,8.5,0.0,0.0
Mod-H1-Real,CH,HYD1000,2025-Hhigh,3614.9203014131203,10019.495600586622,1.9946046100916346,263.5015681529252,0.07289277388768957,2.7717058095775635,3,HYD1000,1000,987.162892515825,0.0,0.0,8.5,0.0,0.0
Mod-H1-Real,CH,HYD1000,2025-Hlow,3614.9203014131203,10019.495600586622,1.9946046100916346,365.66501307193073,0.10115437757479395,2.7717058095775635,3,HYD1000,1000,987.162892515825,0.0,0.0,8.5,0.0,0.0
Mod-H1-Real,CH,HYD1000,2030-Hhigh,3614.9203014131203,10019.495600586622,1.9326566607432107,252.38329370911268,0.06981711148941588,2.7717058095775635,3,HYD1000,1000,987.162892515825,0.0,0.0,8.5,0.0,0.0
Mod-H1-Real,CH,HYD1000,2030-Hlow,3614.9203014131203,10019.495600586622,1.9326566607432107,339.375612809573,0.09388190734852621,2.7717058095775635,3,HYD1000,1000,987.162892515825,0.0,0.0,8.5,0.0,0.0
Mod-H1-Real,CH,HYD1000,2035-Hhigh,3614.9203014131203,10019.495600586622,1.9326566607432107,217.75895030901881,0.06023893534357976,2.7717058095775635,3,HYD1000,1000,987.162892515825,0.0,0.0,8.5,0.0,0.0
Mod-H1-Real,CH,HYD1000,2035-Hlow,3614.9203014131203,10019.495600586622,1.9326566607432107,297.3188597129645,0.08224769425670012,2.7717058095775635,3,HYD1000,1000,987.162892515825,0.0,0.0,8.5,0.0,0.0
Mod-H1-Real,CH,HYD1000,2040-Hhigh,3614.9203014131203,10019.495600586622,1.9326566607432107,233.79956202879674,0.06467627016213923,2.7717058095775635,3,HYD1000,1000,987.162892515825,0.0,0.0,8.5,0.0,0.0
Mod-H1-Real,CH,HYD1000,2040-Hlow,3614.9203014131203,10019.495600586622,1.9326566607432107,350.79355897063004,0.09704046831502763,2.7717058095775635,3,HYD1000,1000,987.162892515825,0.0,0.0,8.5,0.0,0.0
Mod-H1-Real,CH,HYD1000,2045-Hhigh,3614.9203014131203,10019.495600586622,1.9326566607432107,219.85059337584903,0.06081754922505664,2.7717058095775635,3,HYD1000,1000,987.162892515825,0.0,0.0,8.5,0.0,0.0
Mod-H1-Real,CH,HYD1000,2045-Hlow,3614.9203014131203,10019.495600586622,1.9326566607432107,325.63108174741217,0.09007974024216209,2.7717058095775635,3,HYD1000,1000,987.162892515825,0.0,0.0,8.5,0.0,0.0
Mod-H1-Real,CH,HYD200,2024-Hhigh,3186.0416994769116,9406.346,1.7060976928950833,299.66360348865186,0.09405514169442634,2.9523612329193134,3,HYD200,200,368.06228859511555,289.31933831740156,59.0,11.2,-1649.1015743626529,222.0
Mod-H1-Real,CH,HYD200,2024-Hlow,3186.0416994769116,9406.346,1.7060976928950833,483.49764082873185,0.15175496319088136,2.9523612329193134,3,HYD200,200,368.06228859511555,289.31933831740156,59.0,11.2,-1649.1015743626529,222.0
Mod-H1-Real,CH,HYD200,2025-Hhigh,3186.0416994769116,9406.346,1.7631481477935542,238.77290623259296,0.0749434341276183,2.9523612329193134,3,HYD200,200,368.06228859511555,289.31933831740156,59.0,11.2,-1649.1015743626529,222.0
Mod-H1-Real,CH,HYD200,2025-Hlow,3186.0416994769116,9406.346,1.7631481477935542,333.6063537053042,0.1047087217220277,2.9523612329193134,3,HYD200,200,368.06228859511555,289.31933831740156,59.0,11.2,-1649.1015743626529,222.0
Mod-H1-Real,CH,HYD200,2030-Hhigh,3186.0416994769116,9406.346,1.7002220964121628,228.33953067879193,0.07166872006611873,2.9523612329193134,3,HYD200,200,368.06228859511555,289.31933831740156,59.0,11.2,-1649.1015743626529,222.0
Mod-H1-Real,CH,HYD200,2030-Hlow,3186.0416994769116,9406.346,1.7002220964121628,309.1237569806039,0.09702439143572925,2.9523612329193134,3,HYD200,200,368.06228859511555,289.31933831740156,59.0,11.2,-1649.1015743626529,222.0
Mod-H1-Real,CH,HYD200,2035-Hhigh,3186.0416994769116,9406.346,1.7002220964121628,196.75330426712765,0.06175478001415702,2.9523612329193134,3,HYD200,200,368.06228859511555,289.31933831740156,59.0,11.2,-1649.1015743626529,222.0
Mod-H1-Real,CH,HYD200,2035-Hlow,3186.0416994769116,9406.346,1.7002220964121628,270.2422914380564,0.08482070133684223,2.9523612329193134,3,HYD200,200,368.06228859511555,289.31933831740156,59.0,11.2,-1649.1015743626529,222.0
Mod-H1-Real,CH,HYD200,2040-Hhigh,3186.0416994769116,9406.346,1.7002220964121628,211.3847237796838,0.06634713030102186,2.9523612329193134,3,HYD200,200,368.06228859511555,289.31933831740156,59.0,11.2,-1649.1015743626529,222.0
Mod-H1-Real,CH,HYD200,2040-Hlow,3186.0416994769116,9406.346,1.7002220964121628,321.96365769217755,0.1010544393518258,2.9523612329193134,3,HYD200,200,368.06228859511555,289.31933831740156,59.0,11.2,-1649.1015743626529,222.0
Mod-H1-Real,CH,HYD200,2045-Hhigh,3186.0416994769116,9406.346,1.7002220964121628,198.9082269029047,0.06243114361483771,2.9523612329193134,3,HYD200,200,368.06228859511555,289.31933831740156,59.0,11.2,-1649.1015743626529,222.0
Mod-H1-Real,CH,HYD200,2045-Hlow,3186.0416994769116,9406.346,1.7002220964121628,298.6872470598388,0.0937486935933317,2.9523612329193134,3,HYD200,200,368.06228859511555,289.31933831740156,59.0,11.2,-1649.1015743626529,222.0
Mod-H1-Real,CH,HYD500,2024-Hhigh,3492.198415528671,9674.326928580444,1.8305763310122025,320.13943830327906,0.0916727517198688,2.7702684032962894,3,HYD500,500,638.3880734458602,0.0,0.0,8.5,-21.270390587321963,20.0
Mod-H1-Real,CH,HYD500,2024-Hlow,3492.198415528671,9674.326928580444,1.8305763310122025,510.83509228911225,0.1462789428050808,2.7702684032962894,3,HYD500,500,638.3880734458602,0.0,0.0,8.5,-21.270390587321963,20.0
Mod-H1-Real,CH,HYD500,2025-Hhigh,3492.198415528671,9674.326928580444,1.8866692450260563,254.62748071957964,0.07291323413564763,2.7702684032962894,3,HYD500,500,638.3880734458602,0.0,0.0,8.5,-21.270390587321963,20.0
Mod-H1-Real,CH,HYD500,2025-Hlow,3492.198415528671,9674.326928580444,1.8866692450260563,355.43035509941217,0.10177839653065786,2.7702684032962894,3,HYD500,500,638.3880734458602,0.0,0.0,8.5,-21.270390587321963,20.0
Mod-H1-Real,CH,HYD500,2030-Hhigh,3492.198415528671,9674.326928580444,1.820930511297499,243.66528812630912,0.06977418208622076,2.7702684032962894,3,HYD500,500,638.3880734458602,0.0,0.0,8.5,-21.270390587321963,20.0
Mod-H1-Real,CH,HYD500,2030-Hlow,3492.198415528671,9674.326928580444,1.820930511297499,329.2074258675326,0.09426939328637635,2.7702684032962894,3,HYD500,500,638.3880734458602,0.0,0.0,8.5,-21.270390587321963,20.0
Mod-H1-Real,CH,HYD500,2035-Hhigh,3492.198415528671,9674.326928580444,1.820930511297499,210.1691859879594,0.060182487069865606,2.7702684032962894,3,HYD500,500,638.3880734458602,0.0,0.0,8.5,-21.270390587321963,20.0
Mod-H1-Real,CH,HYD500,2035-Hlow,3492.198415528671,9674.326928580444,1.820930511297499,287.9676902436072,0.08246028890085641,2.7702684032962894,3,HYD500,500,638.3880734458602,0.0,0.0,8.5,-21.270390587321963,20.0
Mod-H1-Real,CH,HYD500,2040-Hhigh,3492.198415528671,9674.326928580444,1.820930511297499,225.85657875689463,0.06467461234521608,2.7702684032962894,3,HYD500,500,638.3880734458602,0.0,0.0,8.5,-21.270390587321963,20.0
Mod-H1-Real,CH,HYD500,2040-Hlow,3492.198415528671,9674.326928580444,1.820930511297499,340.29513046913723,0.09744438602227051,2.7702684032962894,3,HYD500,500,638.3880734458602,0.0,0.0,8.5,-21.270390587321963,20.0
Mod-H1-Real,CH,HYD500,2045-Hhigh,3492.198415528671,9674.326928580444,1.820930511297499,212.20909050458,0.06076661897587352,2.7702684032962894,3,HYD500,500,638.3880734458602,0.0,0.0,8.5,-21.270390587321963,20.0
Mod-H1-Real,CH,HYD500,2045-Hlow,3492.198415528671,9674.326928580444,1.820930511297499,315.85464644711465,0.09044579054918865,2.7702684032962894,3,HYD500,500,638.3880734458602,0.0,0.0,8.5,-21.270390587321963,20.0
Mod-H1-Real,CH,HYD1000,2024-Hhigh,3771.3379543103397,10493.712283827383,2.003813101694435,345.07409130632976,0.09149911662303759,2.7824905672624496,4,HYD1000,1000,982.074595050652,0.0,0.0,8.5,0.0,0.0
Mod-H1-Real,CH,HYD1000,2024-Hlow,3771.3379543103397,10493.712283827383,2.003813101694435,539.9823841696754,0.1431805875558085,2.7824905672624496,4,HYD1000,1000,982.074595050652,0.0,0.0,8.5,0.0,0.0
Mod-H1-Real,CH,HYD1000,2025-Hhigh,3771.3379543103397,10493.712283827383,2.0144507269096867,273.6760785984251,0.07256737049662576,2.7824905672624496,4,HYD1000,1000,982.074595050652,0.0,0.0,8.5,0.0,0.0
Mod-H1-Real,CH,HYD1000,2025-Hlow,3771.3379543103397,10493.712283827383,2.0144507269096867,377.10964018542404,0.09999359504613414,2.7824905672624496,4,HYD1000,1000,982.074595050652,0.0,0.0,8.5,0.0,0.0
Mod-H1-Real,CH,HYD1000,2030-Hhigh,3771.3379543103397,10493.712283827383,1.9667229896577,261.3176294476118,0.06929043024344889,2.7824905672624496,4,HYD1000,1000,982.074595050652,0.0,0.0,8.5,0.0,0.0
Mod-H1-Real,CH,HYD1000,2030-Hlow,3771.3379543103397,10493.712283827383,1.9667229896577,348.93669655509353,0.09252331686591136,2.7824905672624496,4,HYD1000,1000,982.074595050652,0.0,0.0,8.5,0.0,0.0
Mod-H1-Real,CH,HYD1000,2035-Hhigh,3771.3379543103397,10493.712283827383,1.9667229896577,223.90876320547127,0.05937117434664304,2.7824905672624496,4,HYD1000,1000,982.074595050652,0.0,0.0,8.5,0.0,0.0
Mod-H1-Real,CH,HYD1000,2035-Hlow,3771.3379543103397,10493.712283827383,1.9667229896577,304.8780510698523,0.0808408195615036,2.7824905672624496,4,HYD1000,1000,982.074595050652,0.0,0.0,8.5,0.0,0.0
Mod-H1-Real,CH,HYD1000,2040-Hhigh,3771.3379543103397,10493.712283827383,1.9667229896577,240.6601380596077,0.06381293349341771,2.7824905672624496,4,HYD1000,1000,982.074595050652,0.0,0.0,8.5,0.0,0.0
Mod-H1-Real,CH,HYD1000,2040-Hlow,3771.3379543103397,10493.712283827383,1.9667229896577,358.6065867911285,0.09508736452040042,2.7824905672624496,4,HYD1000,1000,982.074595050652,0.0,0.0,8.5,0.0,0.0
Mod-H1-Real,CH,HYD1000,2045-Hhigh,3771.3379543103397,10493.712283827383,1.9667229896577,225.67732075590095,0.05984012132828608,2.7824905672624496,4,HYD1000,1000,982.074595050652,0.0,0.0,8.5,0.0,0.0
Mod-H1-Real,CH,HYD1000,2045-Hlow,3771.3379543103397,10493.712283827383,1.9667229896577,332.12204371812874,0.08806477906296879,2.7824905672624496,4,HYD1000,1000,982.074595050652,0.0,0.0,8.5,0.0,0.0
Mod-H1-Real,CH,HYD200,2024-Hhigh,3320.6691304306773,9884.366399999999,1.7492438236571972,311.25390991507624,0.09373228638250625,2.9766188716061683,4,HYD200,200,367.0712480812885,560.7831884930656,101.0,11.2,-1401.5548993519835,226.0
Mod-H1-Real,CH,HYD200,2024-Hlow,3320.6691304306773,9884.366399999999,1.7492438236571972,496.4948180916184,0.14951649760638003,2.9766188716061683,4,HYD200,200,367.0712480812885,560.7831884930656,101.0,11.2,-1401.5548993519835,226.0
Mod-H1-Real,CH,HYD200,2025-Hhigh,3320.6691304306773,9884.366399999999,1.7774112309202563,247.245965375621,0.07445666992530334,2.9766188716061683,4,HYD200,200,367.0712480812885,560.7831884930656,101.0,11.2,-1401.5548993519835,226.0
Mod-H1-Real,CH,HYD200,2025-Hlow,3320.6691304306773,9884.366399999999,1.7774112309202563,343.839421935788,0.10354522189062342,2.9766188716061683,4,HYD200,200,367.0712480812885,560.7831884930656,101.0,11.2,-1401.5548993519835,226.0
Mod-H1-Real,CH,HYD200,2030-Hhigh,3320.6691304306773,9884.366399999999,1.734657165046431,235.65618198092102,0.07096647474491305,2.9766188716061683,4,HYD200,200,367.0712480812885,560.7831884930656,101.0,11.2,-1401.5548993519835,226.0
Mod-H1-Real,CH,HYD200,2030-Hlow,3320.6691304306773,9884.366399999999,1.734657165046431,317.2715903215422,0.09554447548358826,2.9766188716061683,4,HYD200,200,367.0712480812885,560.7831884930656,101.0,11.2,-1401.5548993519835,226.0
Mod-H1-Real,CH,HYD200,2035-Hhigh,3320.6691304306773,9884.366399999999,1.734657165046431,201.55037747795578,0.06069571208734533,2.9766188716061683,4,HYD200,200,367.0712480812885,560.7831884930656,101.0,11.2,-1401.5548993519835,226.0
Mod-H1-Real,CH,HYD200,2035-Hlow,3320.6691304306773,9884.366399999999,1.734657165046431,276.33271913485305,0.08321597493786255,2.9766188716061683,4,HYD200,200,367.0712480812885,560.7831884930656,101.0,11.2,-1401.5548993519835,226.0
Mod-H1-Real,CH,HYD200,2040-Hhigh,3320.6691304306773,9884.366399999999,1.734657165046431,216.83076784256252,0.06529731187474268,2.9766188716061683,4,HYD200,200,367.0712480812885,560.7831884930656,101.0,11.2,-1401.5548993519835,226.0
Mod-H1-Real,CH,HYD200,2040-Hlow,3320.6691304306773,9884.366399999999,1.734657165046431,328.31979725143555,0.09887157809331452,2.9766188716061683,4,HYD200,200,367.0712480812885,560.7831884930656,101.0,11.2,-1401.5548993519835,226.0
Mod-H1-Real,CH,HYD200,2045-Hhigh,3320.6691304306773,9884.366399999999,1.734657165046431,203.3705922736763,0.06124385907948015,2.9766188716061683,4,HYD200,200,367.0712480812885,560.7831884930656,101.0,11.2,-1401.5548993519835,226.0
Mod-H1-Real,CH,HYD200,2045-Hlow,3320.6691304306773,9884.366399999999,1.734657165046431,303.7219065522581,0.09146406781962844,2.9766188716061683,4,HYD200,200,367.0712480812885,560.7831884930656,101.0,11.2,-1401.5548993519835,226.0
Mod-H1-Real,CH,HYD500,2024-Hhigh,3648.3692146179856,10151.06827907429,1.8899693549126932,333.4742558639328,0.09140364810880312,2.782357728050611,4,HYD500,500,635.7681849323255,0.0,0.0,8.5,0.0,0.0
Mod-H1-Real,CH,HYD500,2024-Hlow,3648.3692146179856,10151.06827907429,1.8899693549126932,525.3015295571097,0.14398255731694445,2.782357728050611,4,HYD500,500,635.7681849323255,0.0,0.0,8.5,0.0,0.0
Mod-H1-Real,CH,HYD500,2025-Hhigh,3648.3692146179856,10151.06827907429,1.9007363028784616,264.43676141286767,0.07248081152350047,2.782357728050611,4,HYD500,500,635.7681849323255,0.0,0.0,8.5,0.0,0.0
Mod-H1-Real,CH,HYD500,2025-Hlow,3648.3692146179856,10151.06827907429,1.9007363028784616,366.73526639040193,0.10052032697814609,2.782357728050611,4,HYD500,500,635.7681849323255,0.0,0.0,8.5,0.0,0.0
Mod-H1-Real,CH,HYD500,2030-Hhigh,3648.3692146179856,10151.06827907429,1.8545896493418428,252.13083469381903,0.06910781772952199,2.782357728050611,4,HYD500,500,635.7681849323255,0.0,0.0,8.5,0.0,0.0
Mod-H1-Real,CH,HYD500,2030-Hlow,3648.3692146179856,10151.06827907429,1.8545896493418428,338.3772225396235,0.09274752708246783,2.782357728050611,4,HYD500,500,635.7681849323255,0.0,0.0,8.5,0.0,0.0
Mod-H1-Real,CH,HYD500,2035-Hhigh,3648.3692146179856,10151.06827907429,1.8545896493418428,215.78837293313742,0.05914652828133028,2.782357728050611,4,HYD500,500,635.7681849323255,0.0,0.0,8.5,0.0,0.0
Mod-H1-Real,CH,HYD500,2035-Hlow,3648.3692146179856,10151.06827907429,1.8545896493418428,294.96257972318847,0.08084778770234018,2.782357728050611,4,HYD500,500,635.7681849323255,0.0,0.0,8.5,0.0,0.0
Mod-H1-Real,CH,HYD500,2040-Hhigh,3648.3692146179856,10151.06827907429,1.8545896493418428,232.10670254101245,0.06361930190919998,2.782357728050611,4,HYD500,500,635.7681849323255,0.0,0.0,8.5,0.0,0.0
Mod-H1-Real,CH,HYD500,2040-Hlow,3648.3692146179856,10151.06827907429,1.8545896493418428,347.45564865198673,0.09523587888523728,2.782357728050611,4,HYD500,500,635.7681849323255,0.0,0.0,8.5,0.0,0.0
Mod-H1-Real,CH,HYD500,2045-Hhigh,3648.3692146179856,10151.06827907429,1.8545896493418428,217.43009039610394,0.059596514937392556,2.782357728050611,4,HYD500,500,635.7681849323255,0.0,0.0,8.5,0.0,0.0
Mod-H1-Real,CH,HYD500,2045-Hlow,3648.3692146179856,10151.06827907429,1.8545896493418428,321.6290378594889,0.088156932300276,2.782357728050611,4,HYD500,500,635.7681849323255,0.0,0.0,8.5,0.0,0.0
Mod-H1-Real,CH,HYD1000,2024-Hhigh,3932.755046807232,10969.008585555786,2.0216386167251335,359.0708271456112,0.09130261683526902,2.789141061419746,5,HYD1000,1000,978.9016700852898,0.0,0.0,8.5,0.0,0.0
Mod-H1-Real,CH,HYD1000,2024-Hlow,3932.755046807232,10969.008585555786,2.0216386167251335,556.8750463120666,0.1415992198049965,2.789141061419746,5,HYD1000,1000,978.9016700852898,0.0,0.0,8.5,0.0,0.0
Mod-H1-Real,CH,HYD1000,2025-Hhigh,3932.755046807232,10969.008585555786,2.075897800456981,284.28330051375684,0.07228604302333791,2.789141061419746,5,HYD1000,1000,978.9016700852898,0.0,0.0,8.5,0.0,0.0
Mod-H1-Real,CH,HYD1000,2025-Hlow,3932.755046807232,10969.008585555786,2.075897800456981,388.2133040814452,0.09871281060248395,2.789141061419746,5,HYD1000,1000,978.9016700852898,0.0,0.0,8.5,0.0,0.0
Mod-H1-Real,CH,HYD1000,2030-Hhigh,3932.755046807232,10969.008585555786,2.0158452432986236,270.62597746767693,0.06881333168395065,2.789141061419746,5,HYD1000,1000,978.9016700852898,0.0,0.0,8.5,0.0,0.0
Mod-H1-Real,CH,HYD1000,2030-Hlow,3932.755046807232,10969.008585555786,2.0158452432986236,359.3628703417761,0.09137687602321463,2.789141061419746,5,HYD1000,1000,978.9016700852898,0.0,0.0,8.5,0.0,0.0
Mod-H1-Real,CH,HYD1000,2035-Hhigh,3932.755046807232,10969.008585555786,2.0158452432986236,231.7523950145799,0.058928764252105095,2.789141061419746,5,HYD1000,1000,978.9016700852898,0.0,0.0,8.5,0.0,0.0
Mod-H1-Real,CH,HYD1000,2035-Hlow,3932.755046807232,10969.008585555786,2.0158452432986236,314.2583337677729,0.07990793477536834,2.789141061419746,5,HYD1000,1000,978.9016700852898,0.0,0.0,8.5,0.0,0.0
Mod-H1-Real,CH,HYD1000,2040-Hhigh,3932.755046807232,10969.008585555786,2.0158452432986236,248.889968154939,0.06328641504306196,2.789141061419746,5,HYD1000,1000,978.9016700852898,0.0,0.0,8.5,0.0,0.0
Mod-H1-Real,CH,HYD1000,2040-Hlow,3932.755046807232,10969.008585555786,2.0158452432986236,369.19895215438095,0.09387794250092221,2.789141061419746,5,HYD1000,1000,978.9016700852898,0.0,0.0,8.5,0.0,0.0
Mod-H1-Real,CH,HYD1000,2045-Hhigh,3932.755046807232,10969.008585555786,2.0158452432986236,233.2199888989773,0.05930193620584497,2.789141061419746,5,HYD1000,1000,978.9016700852898,0.0,0.0,8.5,0.0,0.0
Mod-H1-Real,CH,HYD1000,2045-Hlow,3932.755046807232,10969.008585555786,2.0158452432986236,341.42678565823053,0.08681618397144121,2.789141061419746,5,HYD1000,1000,978.9016700852898,0.0,0.0,8.5,0.0,0.0
Mod-H1-Real,CH,HYD200,2024-Hhigh,3460.8012735103475,10362.8616,1.8284455919281934,323.18154507597853,0.09338344491192647,2.9943532670654562,5,HYD200,200,366.03505771150833,557.6925882298304,110.0,11.2,-1831.156333089349,313.0
Mod-H1-Real,CH,HYD200,2024-Hlow,3460.8012735103475,10362.8616,1.8284455919281934,511.5896169791469,0.1478240374259436,2.9943532670654562,5,HYD200,200,366.03505771150833,557.6925882298304,110.0,11.2,-1831.156333089349,313.0
Mod-H1-Real,CH,HYD200,2025-Hhigh,3460.8012735103475,10362.8616,1.8627389111862485,256.24100269033147,0.07404094671706533,2.9943532670654562,5,HYD200,200,366.03505771150833,557.6925882298304,110.0,11.2,-1831.156333089349,313.0
Mod-H1-Real,CH,HYD200,2025-Hlow,3460.8012735103475,10362.8616,1.8627389111862485,353.6292380709079,0.10218131875345039,2.9943532670654562,5,HYD200,200,366.03505771150833,557.6925882298304,110.0,11.2,-1831.156333089349,313.0
Mod-H1-Real,CH,HYD200,2030-Hhigh,3460.8012735103475,10362.8616,1.8161486251248464,243.30494844286866,0.07030306834003226,2.9943532670654562,5,HYD200,200,366.03505771150833,557.6925882298304,110.0,11.2,-1831.156333089349,313.0
Mod-H1-Real,CH,HYD200,2030-Hlow,3460.8012735103475,10362.8616,1.8161486251248464,326.00006623223345,0.09419785779885773,2.9943532670654562,5,HYD200,200,366.03505771150833,557.6925882298304,110.0,11.2,-1831.156333089349,313.0
Mod-H1-Real,CH,HYD200,2035-Hhigh,3460.8012735103475,10362.8616,1.8161486251248464,207.7840210292227,0.06003928125536777,2.9943532670654562,5,HYD200,200,366.03505771150833,557.6925882298304,110.0,11.2,-1831.156333089349,313.0
Mod-H1-Real,CH,HYD200,2035-Hlow,3460.8012735103475,10362.8616,1.8161486251248464,283.9896005739388,0.08205891587813809,2.9943532670654562,5,HYD200,200,366.03505771150833,557.6925882298304,110.0,11.2,-1831.156333089349,313.0
Mod-H1-Real,CH,HYD200,2040-Hhigh,3460.8012735103475,10362.8616,1.8161486251248464,223.46569606177735,0.06457050792607702,2.9943532670654562,5,HYD200,200,366.03505771150833,557.6925882298304,110.0,11.2,-1831.156333089349,313.0
Mod-H1-Real,CH,HYD200,2040-Hlow,3460.8012735103475,10362.8616,1.8161486251248464,337.0681069654074,0.09739597287639509,2.9943532670654562,5,HYD200,200,366.03505771150833,557.6925882298304,110.0,11.2,-1831.156333089349,313.0
Mod-H1-Real,CH,HYD200,2045-Hhigh,3460.8012735103475,10362.8616,1.8161486251248464,209.3729122403987,0.06049839204665697,2.9943532670654562,5,HYD200,200,366.03505771150833,557.6925882298304,110.0,11.2,-1831.156333089349,313.0
Mod-H1-Real,CH,HYD200,2045-Hlow,3460.8012735103475,10362.8616,1.8161486251248464,311.18920700226306,0.08991825372469849,2.9943532670654562,5,HYD200,200,366.03505771150833,557.6925882298304,110.0,11.2,-1831.156333089349,313.0
Mod-H1-Real,CH,HYD500,2024-Hhigh,3809.555975966814,10628.057818796517,1.934588001679268,346.87777569603185,0.09105464728287631,2.7898416208726946,5,HYD500,500,633.8810214528671,0.0,0.0,8.5,0.0,0.0
Mod-H1-Real,CH,HYD500,2024-Hlow,3809.555975966814,10628.057818796517,1.934588001679268,542.0948932678237,0.14229870795644298,2.7898416208726946,5,HYD500,500,633.8810214528671,0.0,0.0,8.5,0.0,0.0
Mod-H1-Real,CH,HYD500,2025-Hhigh,3809.555975966814,10628.057818796517,1.9888471854111154,274.56584937184533,0.0720729268985644,2.7898416208726946,5,HYD500,500,633.8810214528671,0.0,0.0,8.5,0.0,0.0
Mod-H1-Real,CH,HYD500,2025-Hlow,3809.555975966814,10628.057818796517,1.9888471854111154,377.7572445525294,0.0991604394149005,2.7898416208726946,5,HYD500,500,633.8810214528671,0.0,0.0,8.5,0.0,0.0
Mod-H1-Real,CH,HYD500,2030-Hhigh,3809.555975966814,10628.057818796517,1.9231084516825576,260.82533106354083,0.06846607129780968,2.7898416208726946,5,HYD500,500,633.8810214528671,0.0,0.0,8.5,0.0,0.0
Mod-H1-Real,CH,HYD500,2030-Hlow,3809.555975966814,10628.057818796517,1.9231084516825576,348.39465644490446,0.09145282511736465,2.7898416208726946,5,HYD500,500,633.8810214528671,0.0,0.0,8.5,0.0,0.0
Mod-H1-Real,CH,HYD500,2035-Hhigh,3809.555975966814,10628.057818796517,1.9231084516825576,222.92666433286033,0.05851775528151533,2.7898416208726946,5,HYD500,500,633.8810214528671,0.0,0.0,8.5,0.0,0.0
Mod-H1-Real,CH,HYD500,2035-Hlow,3809.555975966814,10628.057818796517,1.9231084516825576,303.69999139506285,0.07972057460528267,2.7898416208726946,5,HYD500,500,633.8810214528671,0.0,0.0,8.5,0.0,0.0
Mod-H1-Real,CH,HYD500,2040-Hhigh,3809.555975966814,10628.057818796517,1.9231084516825576,239.8160721604928,0.06295118740173669,2.7898416208726946,5,HYD500,500,633.8810214528671,0.0,0.0,8.5,0.0,0.0
Mod-H1-Real,CH,HYD500,2040-Hlow,3809.555975966814,10628.057818796517,1.9231084516825576,357.21823738395284,0.0937689955568367,2.7898416208726946,5,HYD500,500,633.8810214528671,0.0,0.0,8.5,0.0,0.0
Mod-H1-Real,CH,HYD500,2045-Hhigh,3809.555975966814,10628.057818796517,1.9231084516825576,224.3549145080367,0.058892667786853675,2.7898416208726946,5,HYD500,500,633.8810214528671,0.0,0.0,8.5,0.0,0.0
Mod-H1-Real,CH,HYD500,2045-Hlow,3809.555975966814,10628.057818796517,1.9231084516825576,330.053248947053,0.08663824630199585,2.7898416208726946,5,HYD500,500,633.8810214528671,0.0,0.0,8.5,0.0,0.0
