Hshld_code,Loc_code,SH_code,Grid_code,P_annual (kWh),Q_annual (kWh),P_avg_peak (kW),kgCO2,kgCO2_kWh_dispatched,sCOP_annual,Occ_code,DW_code,Tank_Volume (L),Q_standing_losses_annual (kWh),unmet_demand_DW (L.K),unmet_demand_DW (min),HP_cap,unmet_demand_SH (L.K),unmet_demand_SH (min)
Mod-Nom-Ideal,AK,Rl,2024-Hhigh,2233.508469594546,2233.508469594546,1.6587943387876367,208.855606539575,0.09351010277453259,,,,,,,,,,
Mod-Nom-Ideal,AK,Rl,2024-Hlow,2233.508469594546,2233.508469594546,1.6967578115907596,372.9369486741541,0.1669735994965151,,,,,,,,,,
Mod-Nom-Ideal,AK,Rl,2025-Hhigh,2233.508469594546,2233.508469594546,1.6967578115907596,170.3731165942599,0.07628048826033246,,,,,,,,,,
Mod-Nom-Ideal,AK,Rl,2025-Hlow,2233.508469594546,2233.508469594546,1.6967578115907596,268.89509268188345,0.12039134677232569,,,,,,,,,,
Mod-Nom-Ideal,AK,Rl,2030-Hhigh,2233.508469594546,2233.508469594546,1.6967578115907596,172.93417534622114,0.07742714106547098,,,,,,,,,,
Mod-Nom-Ideal,AK,Rl,2030-Hlow,2233.508469594546,2233.508469594546,1.6967578115907596,257.4151746014879,0.11525148800900542,,,,,,,,,,
Mod-Nom-Ideal,AK,Rl,2035-Hhigh,2233.508469594546,2233.508469594546,1.6967578115907596,153.76814685809114,0.06884601019041806,,,,,,,,,,
Mod-Nom-Ideal,AK,Rl,2035-Hlow,2233.508469594546,2233.508469594546,1.6967578115907596,231.1486206225791,0.10349126666376154,,,,,,,,,,
Mod-Nom-Ideal,AK,Rl,2040-Hhigh,2233.508469594546,2233.508469594546,1.6967578115907596,161.39555464048846,0.07226099960560568,,,,,,,,,,
Mod-Nom-Ideal,AK,Rl,2040-Hlow,2233.508469594546,2233.508469594546,1.6967578115907596,273.71842472372396,0.1225508783377986,,,,,,,,,,
Mod-Nom-Ideal,AK,Rl,2045-Hhigh,2233.508469594546,2233.508469594546,1.6967578115907596,155.4987306244201,0.06962083768262949,,,,,,,,,,
Mod-Nom-Ideal,AK,Rl,2045-Hlow,2233.508469594546,2233.508469594546,1.6967578115907596,260.11840509413486,0.11646179481081384,,,,,,,,,,
Mod-Nom-Ideal,AK,Rb,2024-Hhigh,1157.0023147021138,1157.0023147021138,0.5240228392983182,103.26450226852597,0.08925176808752784,,,,,,,,,,
Mod-Nom-Ideal,AK,Rb,2024-Hlow,1157.0023147021138,1157.0023147021138,0.5240228392983183,214.7448328243468,0.18560449715231192,,,,,,,,,,
Mod-Nom-Ideal,AK,Rb,2025-Hhigh,1157.0023147021138,1157.0023147021138,0.5240228392983183,88.26189429552298,0.07628497642050718,,,,,,,,,,
Mod-Nom-Ideal,AK,Rb,2025-Hlow,1157.0023147021138,1157.0023147021138,0.5240228392983183,159.66581188607523,0.13799956132947183,,,,,,,,,,
Mod-Nom-Ideal,AK,Rb,2030-Hhigh,1157.0023147021138,1157.0023147021138,0.5240228392983183,88.85546710798432,0.07679800288978798,,,,,,,,,,
Mod-Nom-Ideal,AK,Rb,2030-Hlow,1157.0023147021138,1157.0023147021138,0.5240228392983183,145.84323224330848,0.12605267110537963,,,,,,,,,,
Mod-Nom-Ideal,AK,Rb,2035-Hhigh,1157.0023147021138,1157.0023147021138,0.5240228392983183,77.4551958813968,0.0669447199000105,,,,,,,,,,
Mod-Nom-Ideal,AK,Rb,2035-Hlow,1157.0023147021138,1157.0023147021138,0.5240228392983183,124.96750109391674,0.10800972435918708,,,,,,,,,,
Mod-Nom-Ideal,AK,Rb,2040-Hhigh,1157.0023147021138,1157.0023147021138,0.5240228392983183,85.54098647711415,0.07393328897456687,,,,,,,,,,
Mod-Nom-Ideal,AK,Rb,2040-Hlow,1157.0023147021138,1157.0023147021138,0.5240228392983183,152.07668439413246,0.1314402594201263,,,,,,,,,,
Mod-Nom-Ideal,AK,Rb,2045-Hhigh,1157.0023147021138,1157.0023147021138,0.5240228392983183,82.29247199925408,0.07112558977070102,,,,,,,,,,
Mod-Nom-Ideal,AK,Rb,2045-Hlow,1157.0023147021138,1157.0023147021138,0.5240228392983183,146.33333759452174,0.12647627038861825,,,,,,,,,,
Mod-Nom-Ideal,AK,R,2024-Hhigh,3390.510784296661,3390.510784296661,2.1828171780859553,312.120108808101,0.09205695798217267,,,,,,,,,,
Mod-Nom-Ideal,AK,R,2024-Hlow,3390.510784296661,3390.510784296661,2.2207806508890777,587.6817814985006,0.1733313411714782,,,,,,,,,,
Mod-Nom-Ideal,AK,R,2025-Hhigh,3390.510784296661,3390.510784296661,2.2207806508890777,258.63501088978285,0.07628201983242916,,,,,,,,,,
Mod-Nom-Ideal,AK,R,2025-Hlow,3390.510784296661,3390.510784296661,2.2207806508890777,428.56090456795846,0.12640010070248475,,,,,,,,,,
Mod-Nom-Ideal,AK,R,2030-Hhigh,3390.510784296661,3390.510784296661,2.2207806508890777,261.7896424542054,0.077212449424051,,,,,,,,,,
Mod-Nom-Ideal,AK,R,2030-Hlow,3390.510784296661,3390.510784296661,2.2207806508890777,403.25840684479647,0.11893736150685914,,,,,,,,,,
Mod-Nom-Ideal,AK,R,2035-Hhigh,3390.510784296661,3390.510784296661,2.2207806508890777,231.22334273948803,0.068197200200752,,,,,,,,,,
Mod-Nom-Ideal,AK,R,2035-Hlow,3390.510784296661,3390.510784296661,2.2207806508890777,356.11612171649574,0.10503317770463004,,,,,,,,,,
Mod-Nom-Ideal,AK,R,2040-Hhigh,3390.510784296661,3390.510784296661,2.2207806508890777,246.93654111760262,0.07283166367182872,,,,,,,,,,
Mod-Nom-Ideal,AK,R,2040-Hlow,3390.510784296661,3390.510784296661,2.2207806508890777,425.7951091178564,0.12558435474971796,,,,,,,,,,
Mod-Nom-Ideal,AK,R,2045-Hhigh,3390.510784296661,3390.510784296661,2.2207806508890777,237.79120262367414,0.0701343301207055,,,,,,,,,,
Mod-Nom-Ideal,AK,R,2045-Hlow,3390.510784296661,3390.510784296661,2.2207806508890777,406.45174268865685,0.11987920657004268,,,,,,,,,,
Mod-H1-Ideal,AK,Rl,2024-Hhigh,1684.7373555181127,1684.7373555181127,1.4026926386915177,153.96436798279277,0.09138775695719266,,,,,,,,,,
Mod-H1-Ideal,AK,Rl,2024-Hlow,1684.7373555181127,1684.7373555181127,1.433913603870927,285.4360080584152,0.16942463293967513,,,,,,,,,,
Mod-H1-Ideal,AK,Rl,2025-Hhigh,1684.7373555181127,1684.7373555181127,1.433913603870927,125.9250821162466,0.07474463702238053,,,,,,,,,,
Mod-H1-Ideal,AK,Rl,2025-Hlow,1684.7373555181127,1684.7373555181127,1.433913603870927,205.1070089638618,0.12174420439605234,,,,,,,,,,
Mod-H1-Ideal,AK,Rl,2030-Hhigh,1684.7373555181127,1684.7373555181127,1.433913603870927,128.10028276933986,0.07603575854109601,,,,,,,,,,
Mod-H1-Ideal,AK,Rl,2030-Hlow,1684.7373555181127,1684.7373555181127,1.433913603870927,195.9356762284438,0.11630042842386377,,,,,,,,,,
Mod-H1-Ideal,AK,Rl,2035-Hhigh,1684.7373555181127,1684.7373555181127,1.433913603870927,114.00704503159521,0.0676705153228672,,,,,,,,,,
Mod-H1-Ideal,AK,Rl,2035-Hlow,1684.7373555181127,1684.7373555181127,1.433913603870927,176.24233528793908,0.10461116369900797,,,,,,,,,,
Mod-H1-Ideal,AK,Rl,2040-Hhigh,1684.7373555181127,1684.7373555181127,1.433913603870927,120.1541790694229,0.07131923482071274,,,,,,,,,,
Mod-H1-Ideal,AK,Rl,2040-Hlow,1684.7373555181127,1684.7373555181127,1.433913603870927,209.22242981140246,0.12418697141493584,,,,,,,,,,
Mod-H1-Ideal,AK,Rl,2045-Hhigh,1684.7373555181127,1684.7373555181127,1.433913603870927,115.55881716871266,0.06859159191206661,,,,,,,,,,
Mod-H1-Ideal,AK,Rl,2045-Hlow,1684.7373555181127,1684.7373555181127,1.433913603870927,198.52319038861415,0.11783628453324207,,,,,,,,,,
Mod-H1-Ideal,AK,Rb,2024-Hhigh,577.4506731790643,577.4506731790643,0.41529643806980104,53.165563114431315,0.09206944520773805,,,,,,,,,,
Mod-H1-Ideal,AK,Rb,2024-Hlow,577.4506731790643,577.4506731790643,0.41529643806980104,111.9475494366153,0.1938651293283729,,,,,,,,,,
Mod-H1-Ideal,AK,Rb,2025-Hhigh,577.4506731790643,577.4506731790643,0.41529643806980104,45.31160854368538,0.07846836214464763,,,,,,,,,,
Mod-H1-Ideal,AK,Rb,2025-Hlow,577.4506731790643,577.4506731790643,0.41529643806980104,80.05601658946384,0.13863697854697782,,,,,,,,,,
Mod-H1-Ideal,AK,Rb,2030-Hhigh,577.4506731790643,577.4506731790643,0.41529643806980104,46.0242058864308,0.07970240234209397,,,,,,,,,,
Mod-H1-Ideal,AK,Rb,2030-Hlow,577.4506731790643,577.4506731790643,0.41529643806980104,75.81771958020741,0.13129730919319016,,,,,,,,,,
Mod-H1-Ideal,AK,Rb,2035-Hhigh,577.4506731790643,577.4506731790643,0.41529643806980104,41.143318616199444,0.07124992753007169,,,,,,,,,,
Mod-H1-Ideal,AK,Rb,2035-Hlow,577.4506731790643,577.4506731790643,0.41529643806980104,67.93489270119046,0.11764622652041523,,,,,,,,,,
Mod-H1-Ideal,AK,Rb,2040-Hhigh,577.4506731790643,577.4506731790643,0.41529643806980104,44.5137404002677,0.07708665426815466,,,,,,,,,,
Mod-H1-Ideal,AK,Rb,2040-Hlow,577.4506731790643,577.4506731790643,0.41529643806980104,83.55480118388667,0.14469599753670523,,,,,,,,,,
Mod-H1-Ideal,AK,Rb,2045-Hhigh,577.4506731790643,577.4506731790643,0.41529643806980104,43.03121836964267,0.07451929726350656,,,,,,,,,,
Mod-H1-Ideal,AK,Rb,2045-Hlow,577.4506731790643,577.4506731790643,0.41529643806980104,80.11751607277724,0.13874348025555636,,,,,,,,,,
Mod-H1-Ideal,AK,R,2024-Hhigh,2262.1880286971764,2262.1880286971764,1.8179890767613187,207.12993109722402,0.09156176607322639,,,,,,,,,,
Mod-H1-Ideal,AK,R,2024-Hlow,2262.1880286971764,2262.1880286971764,1.8492100419407282,397.38355749503063,0.17566336328103063,,,,,,,,,,
Mod-H1-Ideal,AK,R,2025-Hhigh,2262.1880286971764,2262.1880286971764,1.8492100419407282,171.23669065993204,0.075695162598199,,,,,,,,,,
Mod-H1-Ideal,AK,R,2025-Hlow,2262.1880286971764,2262.1880286971764,1.8492100419407282,285.1630255533255,0.12605628795478802,,,,,,,,,,
Mod-H1-Ideal,AK,R,2030-Hhigh,2262.1880286971764,2262.1880286971764,1.8492100419407282,174.1244886557706,0.0769717134238621,,,,,,,,,,
Mod-H1-Ideal,AK,R,2030-Hlow,2262.1880286971764,2262.1880286971764,1.8492100419407282,271.75339580865113,0.12012856241890621,,,,,,,,,,
Mod-H1-Ideal,AK,R,2035-Hhigh,2262.1880286971764,2262.1880286971764,1.8492100419407282,155.1503636477946,0.06858420329328138,,,,,,,,,,
Mod-H1-Ideal,AK,R,2035-Hlow,2262.1880286971764,2262.1880286971764,1.8492100419407282,244.17722798912956,0.10793852009275923,,,,,,,,,,
Mod-H1-Ideal,AK,R,2040-Hhigh,2262.1880286971764,2262.1880286971764,1.8492100419407282,164.66791946969064,0.0727914379268133,,,,,,,,,,
Mod-H1-Ideal,AK,R,2040-Hlow,2262.1880286971764,2262.1880286971764,1.8492100419407282,292.77723099528924,0.1294221467363628,,,,,,,,,,
Mod-H1-Ideal,AK,R,2045-Hhigh,2262.1880286971764,2262.1880286971764,1.8492100419407282,158.59003553835527,0.07010470992090315,,,,,,,,,,
Mod-H1-Ideal,AK,R,2045-Hlow,2262.1880286971764,2262.1880286971764,1.8492100419407282,278.64070646139146,0.12317309742898086,,,,,,,,,,
Mod-Nom-Real,AK,Rl,2024-Hhigh,2238.2603680441844,2238.2603680441844,1.6652637410565334,209.2340635338398,0.09348066316193175,,,,,,,,,,
Mod-Nom-Real,AK,Rl,2024-Hlow,2238.2603680441844,2238.2603680441844,1.7032405625015363,373.7814084736586,0.16699639318560278,,,,,,,,,,
Mod-Nom-Real,AK,Rl,2025-Hhigh,2238.2603680441844,2238.2603680441844,1.7032405625015363,170.68289561831952,0.07625694403348796,,,,,,,,,,
Mod-Nom-Real,AK,Rl,2025-Hlow,2238.2603680441844,2238.2603680441844,1.7032405625015363,269.4942728172251,0.12040345111981413,,,,,,,,,,
Mod-Nom-Real,AK,Rl,2030-Hhigh,2238.2603680441844,2238.2603680441844,1.7032405625015363,173.2454875962407,0.07740184746586228,,,,,,,,,,
Mod-Nom-Real,AK,Rl,2030-Hlow,2238.2603680441844,2238.2603680441844,1.7032405625015363,257.96290366653443,0.11525151736120189,,,,,,,,,,
Mod-Nom-Real,AK,Rl,2035-Hhigh,2238.2603680441844,2238.2603680441844,1.7032405625015363,154.0483016459611,0.06882501421430703,,,,,,,,,,
Mod-Nom-Real,AK,Rl,2035-Hlow,2238.2603680441844,2238.2603680441844,1.7032405625015363,231.6350147572682,0.10348886039548354,,,,,,,,,,
Mod-Nom-Real,AK,Rl,2040-Hhigh,2238.2603680441844,2238.2603680441844,1.7032405625015363,161.68647913563757,0.07223756513944843,,,,,,,,,,
Mod-Nom-Real,AK,Rl,2040-Hlow,2238.2603680441844,2238.2603680441844,1.7032405625015363,274.3204843942597,0.12255968443651793,,,,,,,,,,
Mod-Nom-Real,AK,Rl,2045-Hhigh,2238.2603680441844,2238.2603680441844,1.7032405625015363,155.77308837340286,0.06959560674771677,,,,,,,,,,
Mod-Nom-Real,AK,Rl,2045-Hlow,2238.2603680441844,2238.2603680441844,1.7032405625015363,260.67597951722007,0.11646365330812765,,,,,,,,,,
Mod-Nom-Real,AK,Rb,2024-Hhigh,836.5585200238972,836.5585200238972,0.6069161310129655,79.3587767093901,0.09486338948185373,,,,,,,,,,
Mod-Nom-Real,AK,Rb,2024-Hlow,836.5585200238972,836.5585200238972,0.6069161310129655,151.97079186281303,0.18166187806977546,,,,,,,,,,
Mod-Nom-Real,AK,Rb,2025-Hhigh,836.5585200238972,836.5585200238972,0.6069161310129655,66.06374504268345,0.07897085913463205,,,,,,,,,,
Mod-Nom-Real,AK,Rb,2025-Hlow,836.5585200238972,836.5585200238972,0.6069161310129655,108.05185725455085,0.12916234150775754,,,,,,,,,,
Mod-Nom-Real,AK,Rb,2030-Hhigh,836.5585200238972,836.5585200238972,0.6069161310129655,68.22337819464204,0.08155242766841124,,,,,,,,,,
Mod-Nom-Real,AK,Rb,2030-Hlow,836.5585200238972,836.5585200238972,0.6069161310129655,104.92669134796337,0.12542660057417862,,,,,,,,,,
Mod-Nom-Real,AK,Rb,2035-Hhigh,836.5585200238972,836.5585200238972,0.6069161310129655,61.92424320040241,0.07402260776524452,,,,,,,,,,
Mod-Nom-Real,AK,Rb,2035-Hlow,836.5585200238972,836.5585200238972,0.6069161310129655,96.23357967187836,0.115035084059785,,,,,,,,,,
Mod-Nom-Real,AK,Rb,2040-Hhigh,836.5585200238972,836.5585200238972,0.6069161310129655,64.72831667666932,0.07737452327282529,,,,,,,,,,
Mod-Nom-Real,AK,Rb,2040-Hlow,836.5585200238972,836.5585200238972,0.6069161310129655,116.78263059542304,0.1395988777833343,,,,,,,,,,
Mod-Nom-Real,AK,Rb,2045-Hhigh,836.5585200238972,836.5585200238972,0.6069161310129655,62.943532271973105,0.0752410390490973,,,,,,,,,,
Mod-Nom-Real,AK,Rb,2045-Hlow,836.5585200238972,836.5585200238972,0.6069161310129655,111.95702840627663,0.1338304801474958,,,,,,,,,,
Mod-Nom-Real,AK,R,2024-Hhigh,3074.818888068081,3074.818888068081,2.272179872069499,288.5928402432298,0.09385685815939346,,,,,,,,,,
Mod-Nom-Real,AK,R,2024-Hlow,3074.818888068081,3074.818888068081,2.310156693514502,525.7522003364714,0.17098639610178903,,,,,,,,,,
Mod-Nom-Real,AK,R,2025-Hhigh,3074.818888068081,3074.818888068081,2.310156693514502,236.74664066100306,0.07699531233520937,,,,,,,,,,
Mod-Nom-Real,AK,R,2025-Hlow,3074.818888068081,3074.818888068081,2.310156693514502,377.54613007177596,0.1227864611918621,,,,,,,,,,
Mod-Nom-Real,AK,R,2030-Hhigh,3074.818888068081,3074.818888068081,2.310156693514502,241.46886579088272,0.07853108575854964,,,,,,,,,,
Mod-Nom-Real,AK,R,2030-Hlow,3074.818888068081,3074.818888068081,2.310156693514502,362.88959501449773,0.11801982758161815,,,,,,,,,,
Mod-Nom-Real,AK,R,2035-Hhigh,3074.818888068081,3074.818888068081,2.310156693514502,215.97254484636352,0.07023911089022215,,,,,,,,,,
Mod-Nom-Real,AK,R,2035-Hlow,3074.818888068081,3074.818888068081,2.310156693514502,327.8685944291465,0.10663021347418204,,,,,,,,,,
Mod-Nom-Real,AK,R,2040-Hhigh,3074.818888068081,3074.818888068081,2.310156693514502,226.4147958123068,0.07363516488431746,,,,,,,,,,
Mod-Nom-Real,AK,R,2040-Hlow,3074.818888068081,3074.818888068081,2.310156693514502,391.103114989683,0.12719549645911482,,,,,,,,,,
Mod-Nom-Real,AK,R,2045-Hhigh,3074.818888068081,3074.818888068081,2.310156693514502,218.716620645376,0.07113154582668653,,,,,,,,,,
Mod-Nom-Real,AK,R,2045-Hlow,3074.818888068081,3074.818888068081,2.310156693514502,372.63300792349685,0.12118860378070054,,,,,,,,,,
Mod-H1-Real,AK,Rl,2024-Hhigh,1686.91804868813,1686.91804868813,1.4062520017405746,154.1608211776908,0.09138607610344643,,,,,,,,,,
Mod-H1-Real,AK,Rl,2024-Hlow,1686.91804868813,1686.91804868813,1.4374948280006468,285.88093574700264,0.16946936809960889,,,,,,,,,,
Mod-H1-Real,AK,Rl,2025-Hhigh,1686.91804868813,1686.91804868813,1.4374948280006468,126.08370828497961,0.07474204712139482,,,,,,,,,,
Mod-H1-Real,AK,Rl,2025-Hlow,1686.91804868813,1686.91804868813,1.4374948280006468,205.41044487178434,0.12176670054098147,,,,,,,,,,
Mod-H1-Real,AK,Rl,2030-Hhigh,1686.91804868813,1686.91804868813,1.4374948280006468,128.26123589844428,0.0760328790116328,,,,,,,,,,
Mod-H1-Real,AK,Rl,2030-Hlow,1686.91804868813,1686.91804868813,1.4374948280006468,196.23306867617308,0.11632637923862285,,,,,,,,,,
Mod-H1-Real,AK,Rl,2035-Hhigh,1686.91804868813,1686.91804868813,1.4374948280006468,114.15773569119773,0.06767236605238475,,,,,,,,,,
Mod-H1-Real,AK,Rl,2035-Hlow,1686.91804868813,1686.91804868813,1.4374948280006468,176.52252877194388,0.10464202983021055,,,,,,,,,,
Mod-H1-Real,AK,Rl,2040-Hhigh,1686.91804868813,1686.91804868813,1.4374948280006468,120.3072704015673,0.07131779193134305,,,,,,,,,,
Mod-H1-Real,AK,Rl,2040-Hlow,1686.91804868813,1686.91804868813,1.4374948280006468,209.58618090211203,0.124242064435259,,,,,,,,,,
Mod-H1-Real,AK,Rl,2045-Hhigh,1686.91804868813,1686.91804868813,1.4374948280006468,115.70661876225317,0.06859053932835388,,,,,,,,,,
Mod-H1-Real,AK,Rl,2045-Hlow,1686.91804868813,1686.91804868813,1.4374948280006468,198.8694662208709,0.11788922785877252,,,,,,,,,,
Mod-H1-Real,AK,Rb,2024-Hhigh,498.34919189280527,498.34919189280527,0.4591488387056553,47.31878869902603,0.09495106938831815,,,,,,,,,,
Mod-H1-Real,AK,Rb,2024-Hlow,498.34919189280527,498.34919189280527,0.4591488387056553,94.54324538256458,0.18971284978606084,,,,,,,,,,
Mod-H1-Real,AK,Rb,2025-Hhigh,498.34919189280527,498.34919189280527,0.4591488387056553,39.74310776612265,0.07974951783341384,,,,,,,,,,
Mod-H1-Real,AK,Rb,2025-Hlow,498.34919189280527,498.34919189280527,0.4591488387056553,66.00236417017375,0.13244200099830972,,,,,,,,,,
Mod-H1-Real,AK,Rb,2030-Hhigh,498.34919189280527,498.34919189280527,0.4591488387056553,40.99229684121021,0.08225617199360813,,,,,,,,,,
Mod-H1-Real,AK,Rb,2030-Hlow,498.34919189280527,498.34919189280527,0.4591488387056553,64.76076400901731,0.12995057494333678,,,,,,,,,,
Mod-H1-Real,AK,Rb,2035-Hhigh,498.34919189280527,498.34919189280527,0.4591488387056553,37.34677622490572,0.07494097880054151,,,,,,,,,,
Mod-H1-Real,AK,Rb,2035-Hlow,498.34919189280527,498.34919189280527,0.4591488387056553,60.3510460867026,0.1211019242501031,,,,,,,,,,
Mod-H1-Real,AK,Rb,2040-Hhigh,498.34919189280527,498.34919189280527,0.4591488387056553,39.098725830828336,0.07845648486420835,,,,,,,,,,
Mod-H1-Real,AK,Rb,2040-Hlow,498.34919189280527,498.34919189280527,0.4591488387056553,74.1018156081036,0.14869456359837518,,,,,,,,,,
Mod-H1-Real,AK,Rb,2045-Hhigh,498.34919189280527,498.34919189280527,0.4591488387056553,38.01727870217878,0.07628642590506353,,,,,,,,,,
Mod-H1-Real,AK,Rb,2045-Hlow,498.34919189280527,498.34919189280527,0.4591488387056553,70.87404620039383,0.14221764046853078,,,,,,,,,,
Mod-H1-Real,AK,R,2024-Hhigh,2185.267240580935,2185.267240580935,1.8654008404462294,201.47960987671698,0.09219907118689764,,,,,,,,,,
Mod-H1-Real,AK,R,2024-Hlow,2185.267240580935,2185.267240580935,1.8966436667063018,380.4241811295673,0.17408588481307885,,,,,,,,,,
Mod-H1-Real,AK,R,2025-Hhigh,2185.267240580935,2185.267240580935,1.8966436667063018,165.82681605110236,0.07588399852048242,,,,,,,,,,
Mod-H1-Real,AK,R,2025-Hlow,2185.267240580935,2185.267240580935,1.8966436667063018,271.41280904195804,0.12420119791380996,,,,,,,,,,
Mod-H1-Real,AK,R,2030-Hhigh,2185.267240580935,2185.267240580935,1.8966436667063018,169.2535327396545,0.07745209812171983,,,,,,,,,,
Mod-H1-Real,AK,R,2030-Hlow,2185.267240580935,2185.267240580935,1.8966436667063018,260.9938326851905,0.11943337082004099,,,,,,,,,,
Mod-H1-Real,AK,R,2035-Hhigh,2185.267240580935,2185.267240580935,1.8966436667063018,151.50451191610347,0.06932996985569018,,,,,,,,,,
Mod-H1-Real,AK,R,2035-Hlow,2185.267240580935,2185.267240580935,1.8966436667063018,236.87357485864644,0.10839570120296847,,,,,,,,,,
Mod-H1-Real,AK,R,2040-Hhigh,2185.267240580935,2185.267240580935,1.8966436667063018,159.40599623239564,0.07294576758036189,,,,,,,,,,
Mod-H1-Real,AK,R,2040-Hlow,2185.267240580935,2185.267240580935,1.8966436667063018,283.68799651021567,0.12981844565372225,,,,,,,,,,
Mod-H1-Real,AK,R,2045-Hhigh,2185.267240580935,2185.267240580935,1.8966436667063018,153.72389746443196,0.0703455827322821,,,,,,,,,,
Mod-H1-Real,AK,R,2045-Hlow,2185.267240580935,2185.267240580935,1.8966436667063018,269.74351242126494,0.12343731119565765,,,,,,,,,,
Mod-Nom-Ideal,CH,Rl,2024-Hhigh,5867.6054458022645,5867.6054458022645,3.3558054717643944,567.4923409159276,0.09671617257801758,,,,,,,,,,
Mod-Nom-Ideal,CH,Rl,2024-Hlow,5867.6054458022645,5867.6054458022645,3.4719875433186624,890.6545355502675,0.1517918244123673,,,,,,,,,,
Mod-Nom-Ideal,CH,Rl,2025-Hhigh,5867.6054458022645,5867.6054458022645,3.4719875433186624,452.83687807232275,0.07717575461661046,,,,,,,,,,
Mod-Nom-Ideal,CH,Rl,2025-Hlow,5867.6054458022645,5867.6054458022645,3.4719875433186624,644.1440575695786,0.10977971568119067,,,,,,,,,,
Mod-Nom-Ideal,CH,Rl,2030-Hhigh,5867.6054458022645,5867.6054458022645,3.4719875433186624,442.1333921948243,0.07535158869810006,,,,,,,,,,
Mod-Nom-Ideal,CH,Rl,2030-Hlow,5867.6054458022645,5867.6054458022645,3.4719875433186624,607.7897312297251,0.1035839469513996,,,,,,,,,,
Mod-Nom-Ideal,CH,Rl,2035-Hhigh,5867.6054458022645,5867.6054458022645,3.4719875433186624,380.6408171087537,0.0648715767657942,,,,,,,,,,
Mod-Nom-Ideal,CH,Rl,2035-Hlow,5867.6054458022645,5867.6054458022645,3.4719875433186624,530.5305847423101,0.09041688123761904,,,,,,,,,,
Mod-Nom-Ideal,CH,Rl,2040-Hhigh,5867.6054458022645,5867.6054458022645,3.4719875433186624,394.2909808724651,0.06719793696328787,,,,,,,,,,
Mod-Nom-Ideal,CH,Rl,2040-Hlow,5867.6054458022645,5867.6054458022645,3.4719875433186624,611.0990228394223,0.10414794049872726,,,,,,,,,,
Mod-Nom-Ideal,CH,Rl,2045-Hhigh,5867.6054458022645,5867.6054458022645,3.4719875433186624,372.9028344108342,0.06355281346969437,,,,,,,,,,
Mod-Nom-Ideal,CH,Rl,2045-Hlow,5867.6054458022645,5867.6054458022645,3.4719875433186624,570.8594296306161,0.09729001632838381,,,,,,,,,,
Mod-Nom-Ideal,CH,Rb,2024-Hhigh,5056.106238557996,5056.106238557996,1.4077210375154532,488.4154336588421,0.09659912403227873,,,,,,,,,,
Mod-Nom-Ideal,CH,Rb,2024-Hlow,5056.106238557996,5056.106238557996,1.4077210375154536,849.0963412713942,0.16793482992824868,,,,,,,,,,
Mod-Nom-Ideal,CH,Rb,2025-Hhigh,5056.106238557996,5056.106238557996,1.4077210375154536,415.0603739468241,0.08209091232726935,,,,,,,,,,
Mod-Nom-Ideal,CH,Rb,2025-Hlow,5056.106238557996,5056.106238557996,1.4077210375154536,647.3307831876235,0.1280295058381215,,,,,,,,,,
Mod-Nom-Ideal,CH,Rb,2030-Hhigh,5056.106238557996,5056.106238557996,1.4077210375154536,396.59705144837477,0.0784392243232382,,,,,,,,,,
Mod-Nom-Ideal,CH,Rb,2030-Hlow,5056.106238557996,5056.106238557996,1.4077210375154536,578.2761496535664,0.11437183523629658,,,,,,,,,,
Mod-Nom-Ideal,CH,Rb,2035-Hhigh,5056.106238557996,5056.106238557996,1.4077210375154536,327.4224005344955,0.0647578166055064,,,,,,,,,,
Mod-Nom-Ideal,CH,Rb,2035-Hlow,5056.106238557996,5056.106238557996,1.4077210375154536,473.7860242858176,0.09370570987466861,,,,,,,,,,
Mod-Nom-Ideal,CH,Rb,2040-Hhigh,5056.106238557996,5056.106238557996,1.4077210375154536,363.63845669573146,0.07192065188872324,,,,,,,,,,
Mod-Nom-Ideal,CH,Rb,2040-Hlow,5056.106238557996,5056.106238557996,1.4077210375154536,555.3306675776739,0.10983366277842581,,,,,,,,,,
Mod-Nom-Ideal,CH,Rb,2045-Hhigh,5056.106238557996,5056.106238557996,1.4077210375154536,343.99001844132243,0.06803457091507407,,,,,,,,,,
Mod-Nom-Ideal,CH,Rb,2045-Hlow,5056.106238557996,5056.106238557996,1.4077210375154536,526.1660007423955,0.10406545588972003,,,,,,,,,,
Mod-Nom-Ideal,CH,R,2024-Hhigh,10923.711684360258,10923.711684360258,4.763526509279848,1055.9077745747702,0.09666199594836788,,,,,,,,,,
Mod-Nom-Ideal,CH,R,2024-Hlow,10923.711684360258,10923.711684360258,4.879708580834114,1739.7508768216626,0.1592637124716964,,,,,,,,,,
Mod-Nom-Ideal,CH,R,2025-Hhigh,10923.711684360258,10923.711684360258,4.879708580834114,867.8972520191472,0.07945076518833216,,,,,,,,,,
Mod-Nom-Ideal,CH,R,2025-Hlow,10923.711684360258,10923.711684360258,4.879708580834114,1291.4748407572029,0.11822674179566993,,,,,,,,,,
Mod-Nom-Ideal,CH,R,2030-Hhigh,10923.711684360258,10923.711684360258,4.879708580834114,838.7304436431991,0.07678071958307264,,,,,,,,,,
Mod-Nom-Ideal,CH,R,2030-Hlow,10923.711684360258,10923.711684360258,4.879708580834114,1186.0658808832911,0.10857718650533503,,,,,,,,,,
Mod-Nom-Ideal,CH,R,2035-Hhigh,10923.711684360258,10923.711684360258,4.879708580834114,708.0632176432488,0.06481892218530447,,,,,,,,,,
Mod-Nom-Ideal,CH,R,2035-Hlow,10923.711684360258,10923.711684360258,4.879708580834114,1004.3166090281276,0.09193913552900082,,,,,,,,,,
Mod-Nom-Ideal,CH,R,2040-Hhigh,10923.711684360258,10923.711684360258,4.879708580834114,757.9294375681965,0.06938387422411949,,,,,,,,,,
Mod-Nom-Ideal,CH,R,2040-Hlow,10923.711684360258,10923.711684360258,4.879708580834114,1166.4296904170965,0.10677961155704083,,,,,,,,,,
Mod-Nom-Ideal,CH,R,2045-Hhigh,10923.711684360258,10923.711684360258,4.879708580834114,716.8928528521565,0.06562722209874408,,,,,,,,,,
Mod-Nom-Ideal,CH,R,2045-Hlow,10923.711684360258,10923.711684360258,4.879708580834114,1097.025430373012,0.10042606964294469,,,,,,,,,,
Mod-H1-Ideal,CH,Rl,2024-Hhigh,4986.386754278528,4986.386754278528,2.9230211677745195,473.0823578494509,0.09487478231477461,,,,,,,,,,
Mod-H1-Ideal,CH,Rl,2024-Hlow,4986.386754278528,4986.386754278528,3.021341313326011,763.4767587532908,0.15311222261253518,,,,,,,,,,
Mod-H1-Ideal,CH,Rl,2025-Hhigh,4986.386754278528,4986.386754278528,3.021341313326011,376.94091003054797,0.07559399793991449,,,,,,,,,,
Mod-H1-Ideal,CH,Rl,2025-Hlow,4986.386754278528,4986.386754278528,3.021341313326011,552.3821176039827,0.11077803323819913,,,,,,,,,,
Mod-H1-Ideal,CH,Rl,2030-Hhigh,4986.386754278528,4986.386754278528,3.021341313326011,369.7661668523422,0.07415513177654488,,,,,,,,,,
Mod-H1-Ideal,CH,Rl,2030-Hlow,4986.386754278528,4986.386754278528,3.021341313326011,519.2658938232167,0.1041367064794292,,,,,,,,,,
Mod-H1-Ideal,CH,Rl,2035-Hhigh,4986.386754278528,4986.386754278528,3.021341313326011,319.3550732873489,0.06404538777769873,,,,,,,,,,
Mod-H1-Ideal,CH,Rl,2035-Hlow,4986.386754278528,4986.386754278528,3.021341313326011,453.6563221467685,0.09097896823937943,,,,,,,,,,
Mod-H1-Ideal,CH,Rl,2040-Hhigh,4986.386754278528,4986.386754278528,3.021341313326011,330.90743311169797,0.06636216752095404,,,,,,,,,,
Mod-H1-Ideal,CH,Rl,2040-Hlow,4986.386754278528,4986.386754278528,3.021341313326011,523.3300600143517,0.10495175881921165,,,,,,,,,,
Mod-H1-Ideal,CH,Rl,2045-Hhigh,4986.386754278528,4986.386754278528,3.021341313326011,313.0684286688797,0.06278462624269043,,,,,,,,,,
Mod-H1-Ideal,CH,Rl,2045-Hlow,4986.386754278528,4986.386754278528,3.021341313326011,489.9737198933272,0.0982622776849207,,,,,,,,,,
Mod-H1-Ideal,CH,Rb,2024-Hhigh,3477.17992782906,3477.17992782906,1.136431768200824,336.6146351520715,0.09680679232559393,,,,,,,,,,
Mod-H1-Ideal,CH,Rb,2024-Hlow,3477.17992782906,3477.17992782906,1.136431768200824,610.511877076678,0.1755767287710776,,,,,,,,,,
Mod-H1-Ideal,CH,Rb,2025-Hhigh,3477.17992782906,3477.17992782906,1.136431768200824,285.2807453355504,0.08204371106952248,,,,,,,,,,
Mod-H1-Ideal,CH,Rb,2025-Hlow,3477.17992782906,3477.17992782906,1.136431768200824,460.73650589925495,0.13250292347882925,,,,,,,,,,
Mod-H1-Ideal,CH,Rb,2030-Hhigh,3477.17992782906,3477.17992782906,1.136431768200824,276.8435191923496,0.07961725448162066,,,,,,,,,,
Mod-H1-Ideal,CH,Rb,2030-Hlow,3477.17992782906,3477.17992782906,1.136431768200824,414.9525258415348,0.11933593729807533,,,,,,,,,,
Mod-H1-Ideal,CH,Rb,2035-Hhigh,3477.17992782906,3477.17992782906,1.136431768200824,232.08592521245765,0.06674544603084662,,,,,,,,,,
Mod-H1-Ideal,CH,Rb,2035-Hlow,3477.17992782906,3477.17992782906,1.136431768200824,345.54302794602927,0.09937450322329605,,,,,,,,,,
Mod-H1-Ideal,CH,Rb,2040-Hhigh,3477.17992782906,3477.17992782906,1.136431768200824,256.60869331411567,0.07379793356690821,,,,,,,,,,
Mod-H1-Ideal,CH,Rb,2040-Hlow,3477.17992782906,3477.17992782906,1.136431768200824,408.2345340449835,0.1174039142403138,,,,,,,,,,
Mod-H1-Ideal,CH,Rb,2045-Hhigh,3477.17992782906,3477.17992782906,1.136431768200824,244.30852405948107,0.07026053558638033,,,,,,,,,,
Mod-H1-Ideal,CH,Rb,2045-Hlow,3477.17992782906,3477.17992782906,1.136431768200824,388.4604819452777,0.11171710696829222,,,,,,,,,,
Mod-H1-Ideal,CH,R,2024-Hhigh,8463.566682107588,8463.566682107588,4.059452935975345,809.6969930015223,0.09566853117767277,,,,,,,,,,
Mod-H1-Ideal,CH,R,2024-Hlow,8463.566682107588,8463.566682107588,4.157773081526835,1373.9886358299698,0.16234156206681183,,,,,,,,,,
Mod-H1-Ideal,CH,R,2025-Hhigh,8463.566682107588,8463.566682107588,4.157773081526835,662.221655366098,0.07824380432496247,,,,,,,,,,
Mod-H1-Ideal,CH,R,2025-Hlow,8463.566682107588,8463.566682107588,4.157773081526835,1013.1186235032371,0.11970350817286306,,,,,,,,,,
Mod-H1-Ideal,CH,R,2030-Hhigh,8463.566682107588,8463.566682107588,4.157773081526835,646.6096860446917,0.07639919555565829,,,,,,,,,,
Mod-H1-Ideal,CH,R,2030-Hlow,8463.566682107588,8463.566682107588,4.157773081526835,934.2184196647515,0.11038117318077459,,,,,,,,,,
Mod-H1-Ideal,CH,R,2035-Hhigh,8463.566682107588,8463.566682107588,4.157773081526835,551.4409984998066,0.06515468232389318,,,,,,,,,,
Mod-H1-Ideal,CH,R,2035-Hlow,8463.566682107588,8463.566682107588,4.157773081526835,799.1993500927979,0.09442819795847371,,,,,,,,,,
Mod-H1-Ideal,CH,R,2040-Hhigh,8463.566682107588,8463.566682107588,4.157773081526835,587.5161264258139,0.06941708484058536,,,,,,,,,,
Mod-H1-Ideal,CH,R,2040-Hlow,8463.566682107588,8463.566682107588,4.157773081526835,931.5645940593354,0.11006761440524955,,,,,,,,,,
Mod-H1-Ideal,CH,R,2045-Hhigh,8463.566682107588,8463.566682107588,4.157773081526835,557.3769527283606,0.0658560360736194,,,,,,,,,,
Mod-H1-Ideal,CH,R,2045-Hlow,8463.566682107588,8463.566682107588,4.157773081526835,878.4342018386051,0.10379007277105287,,,,,,,,,,
Mod-Nom-Real,CH,Rl,2024-Hhigh,5901.745137045861,5901.745137045861,3.3889276412632348,570.828899669147,0.09672205193782349,,,,,,,,,,
Mod-Nom-Real,CH,Rl,2024-Hlow,5901.745137045861,5901.745137045861,3.5051893375907763,896.1705402006551,0.15184839727749347,,,,,,,,,,
Mod-Nom-Real,CH,Rl,2025-Hhigh,5901.745137045861,5901.745137045861,3.5051893375907763,455.49968074499446,0.07718050681073571,,,,,,,,,,
Mod-Nom-Real,CH,Rl,2025-Hlow,5901.745137045861,5901.745137045861,3.5051893375907763,648.0548672873294,0.10980732855090987,,,,,,,,,,
Mod-Nom-Real,CH,Rl,2030-Hhigh,5901.745137045861,5901.745137045861,3.5051893375907763,444.68603166334395,0.075348226895127,,,,,,,,,,
Mod-Nom-Real,CH,Rl,2030-Hlow,5901.745137045861,5901.745137045861,3.5051893375907763,611.4133005016569,0.10359872991867315,,,,,,,,,,
Mod-Nom-Real,CH,Rl,2035-Hhigh,5901.745137045861,5901.745137045861,3.5051893375907763,382.824705158293,0.06486635669088164,,,,,,,,,,
Mod-Nom-Real,CH,Rl,2035-Hlow,5901.745137045861,5901.745137045861,3.5051893375907763,533.716840472409,0.09043373240945521,,,,,,,,,,
Mod-Nom-Real,CH,Rl,2040-Hhigh,5901.745137045861,5901.745137045861,3.5051893375907763,396.5203670304386,0.067186968908813,,,,,,,,,,
Mod-Nom-Real,CH,Rl,2040-Hlow,5901.745137045861,5901.745137045861,3.5051893375907763,614.8347520736314,0.10417846548714048,,,,,,,,,,
Mod-Nom-Real,CH,Rl,2045-Hhigh,5901.745137045861,5901.745137045861,3.5051893375907763,374.9846989355903,0.06353793500532119,,,,,,,,,,
Mod-Nom-Real,CH,Rl,2045-Hlow,5901.745137045861,5901.745137045861,3.5051893375907763,574.3338605142258,0.0973159374350263,,,,,,,,,,
Mod-Nom-Real,CH,Rb,2024-Hhigh,3023.420563786557,3023.420563786557,1.8389954060103588,311.20761568214493,0.10293229443818624,,,,,,,,,,
Mod-Nom-Real,CH,Rb,2024-Hlow,3023.420563786557,3023.420563786557,1.8389954060103588,502.95776562460645,0.16635388792708944,,,,,,,,,,
Mod-Nom-Real,CH,Rb,2025-Hhigh,3023.420563786557,3023.420563786557,1.8389954060103588,253.99101394756397,0.08400783436805878,,,,,,,,,,
Mod-Nom-Real,CH,Rb,2025-Hlow,3023.420563786557,3023.420563786557,1.8389954060103588,360.4147251500871,0.11920760527562885,,,,,,,,,,
Mod-Nom-Real,CH,Rb,2030-Hhigh,3023.420563786557,3023.420563786557,1.8389954060103588,252.21283345215923,0.08341969902337562,,,,,,,,,,
Mod-Nom-Real,CH,Rb,2030-Hlow,3023.420563786557,3023.420563786557,1.8389954060103588,347.84021547965466,0.11504857102778208,,,,,,,,,,
Mod-Nom-Real,CH,Rb,2035-Hhigh,3023.420563786557,3023.420563786557,1.8389954060103588,222.18369450440917,0.07348752507859656,,,,,,,,,,
Mod-Nom-Real,CH,Rb,2035-Hlow,3023.420563786557,3023.420563786557,1.8389954060103588,312.9446914523419,0.10350683434540359,,,,,,,,,,
Mod-Nom-Real,CH,Rb,2040-Hhigh,3023.420563786557,3023.420563786557,1.8389954060103588,230.81664650881888,0.07634288437191225,,,,,,,,,,
Mod-Nom-Real,CH,Rb,2040-Hlow,3023.420563786557,3023.420563786557,1.8389954060103588,367.67043971571405,0.1216074416240791,,,,,,,,,,
Mod-Nom-Real,CH,Rb,2045-Hhigh,3023.420563786557,3023.420563786557,1.8389954060103588,222.47310414446198,0.07358324766629053,,,,,,,,,,
Mod-Nom-Real,CH,Rb,2045-Hlow,3023.420563786557,3023.420563786557,1.8389954060103588,347.7010381298041,0.11500253795136606,,,,,,,,,,
Mod-Nom-Real,CH,R,2024-Hhigh,8925.16570083242,8925.16570083242,5.2279230472735945,882.0365153512917,0.098825785976055,,,,,,,,,,
Mod-Nom-Real,CH,R,2024-Hlow,8925.16570083242,8925.16570083242,5.344184743601135,1399.1283058252616,0.15676216584917518,,,,,,,,,,
Mod-Nom-Real,CH,R,2025-Hhigh,8925.16570083242,8925.16570083242,5.344184743601135,709.4906946925585,0.07949327984200749,,,,,,,,,,
Mod-Nom-Real,CH,R,2025-Hlow,8925.16570083242,8925.16570083242,5.344184743601135,1008.4695924374167,0.11299169407503103,,,,,,,,,,
Mod-Nom-Real,CH,R,2030-Hhigh,8925.16570083242,8925.16570083242,5.344184743601135,696.8988651155031,0.07808245678290383,,,,,,,,,,
Mod-Nom-Real,CH,R,2030-Hlow,8925.16570083242,8925.16570083242,5.344184743601135,959.2535159813115,0.10747739012754073,,,,,,,,,,
Mod-Nom-Real,CH,R,2035-Hhigh,8925.16570083242,8925.16570083242,5.344184743601135,605.0083996627026,0.06778679746038502,,,,,,,,,,
Mod-Nom-Real,CH,R,2035-Hlow,8925.16570083242,8925.16570083242,5.344184743601135,846.661531924751,0.09486227598505939,,,,,,,,,,
Mod-Nom-Real,CH,R,2040-Hhigh,8925.16570083242,8925.16570083242,5.344184743601135,627.3370135392573,0.0702885564892927,,,,,,,,,,
Mod-Nom-Real,CH,R,2040-Hlow,8925.16570083242,8925.16570083242,5.344184743601135,982.5051917893458,0.11008257154236485,,,,,,,,,,
Mod-Nom-Real,CH,R,2045-Hhigh,8925.16570083242,8925.16570083242,5.344184743601135,597.4578030800526,0.06694080794761376,,,,,,,,,,
Mod-Nom-Real,CH,R,2045-Hlow,8925.16570083242,8925.16570083242,5.344184743601135,922.0348986440299,0.10330731434577566,,,,,,,,,,
Mod-H1-Real,CH,Rl,2024-Hhigh,5012.66436812263,5012.66436812263,2.944176801638607,475.51358498081345,0.09486244241780452,,,,,,,,,,
Mod-H1-Real,CH,Rl,2024-Hlow,5012.66436812263,5012.66436812263,3.0428076257219336,767.8504436461186,0.15318209783387077,,,,,,,,,,
Mod-H1-Real,CH,Rl,2025-Hhigh,5012.66436812263,5012.66436812263,3.0428076257219336,378.86919897258906,0.07558239912928486,,,,,,,,,,
Mod-H1-Real,CH,Rl,2025-Hlow,5012.66436812263,5012.66436812263,3.0428076257219336,555.4846045488925,0.110816237384937,,,,,,,,,,
Mod-H1-Real,CH,Rl,2030-Hhigh,5012.66436812263,5012.66436812263,3.0428076257219336,371.6381368961029,0.07413984053260897,,,,,,,,,,
Mod-H1-Real,CH,Rl,2030-Hlow,5012.66436812263,5012.66436812263,3.0428076257219336,522.1092469132325,0.10415803025503095,,,,,,,,,,
Mod-H1-Real,CH,Rl,2035-Hhigh,5012.66436812263,5012.66436812263,3.0428076257219336,320.9561138971431,0.06402904529938623,,,,,,,,,,
Mod-H1-Real,CH,Rl,2035-Hlow,5012.66436812263,5012.66436812263,3.0428076257219336,456.1241962725439,0.09099436203492994,,,,,,,,,,
Mod-H1-Real,CH,Rl,2040-Hhigh,5012.66436812263,5012.66436812263,3.0428076257219336,332.5471083627751,0.06634138732239167,,,,,,,,,,
Mod-H1-Real,CH,Rl,2040-Hlow,5012.66436812263,5012.66436812263,3.0428076257219336,526.1920785777726,0.10497253355401588,,,,,,,,,,
Mod-H1-Real,CH,Rl,2045-Hhigh,5012.66436812263,5012.66436812263,3.0428076257219336,314.58669313177063,0.06275837958199292,,,,,,,,,,
Mod-H1-Real,CH,Rl,2045-Hlow,5012.66436812263,5012.66436812263,3.0428076257219336,492.62432912350033,0.0982759452749877,,,,,,,,,,
Mod-H1-Real,CH,Rb,2024-Hhigh,2351.9308081423637,2351.9308081423637,1.548446660268762,240.66706115130057,0.10232744106166446,,,,,,,,,,
Mod-H1-Real,CH,Rb,2024-Hlow,2351.9308081423637,2351.9308081423637,1.548446660268762,405.1502074588399,0.1722628089466805,,,,,,,,,,
Mod-H1-Real,CH,Rb,2025-Hhigh,2351.9308081423637,2351.9308081423637,1.548446660268762,196.70125117473816,0.08363394471204687,,,,,,,,,,
Mod-H1-Real,CH,Rb,2025-Hlow,2351.9308081423637,2351.9308081423637,1.548446660268762,289.6787089371384,0.12316633973000961,,,,,,,,,,
Mod-H1-Real,CH,Rb,2030-Hhigh,2351.9308081423637,2351.9308081423637,1.548446660268762,197.42745236812286,0.08394271280627422,,,,,,,,,,
Mod-H1-Real,CH,Rb,2030-Hlow,2351.9308081423637,2351.9308081423637,1.548446660268762,279.76925849000486,0.11895301406038228,,,,,,,,,,
Mod-H1-Real,CH,Rb,2035-Hhigh,2351.9308081423637,2351.9308081423637,1.548446660268762,175.25553092652333,0.07451559812890338,,,,,,,,,,
Mod-H1-Real,CH,Rb,2035-Hlow,2351.9308081423637,2351.9308081423637,1.548446660268762,253.39092316602563,0.10773740549202744,,,,,,,,,,
Mod-H1-Real,CH,Rb,2040-Hhigh,2351.9308081423637,2351.9308081423637,1.548446660268762,182.2887930768707,0.07750601864892814,,,,,,,,,,
Mod-H1-Real,CH,Rb,2040-Hlow,2351.9308081423637,2351.9308081423637,1.548446660268762,299.97605770788283,0.1275445930081652,,,,,,,,,,
Mod-H1-Real,CH,Rb,2045-Hhigh,2351.9308081423637,2351.9308081423637,1.548446660268762,176.36787569132724,0.07498854774160159,,,,,,,,,,
Mod-H1-Real,CH,Rb,2045-Hlow,2351.9308081423637,2351.9308081423637,1.548446660268762,284.7649485772555,0.12107709444146986,,,,,,,,,,
Mod-H1-Real,CH,R,2024-Hhigh,7364.595176264991,7364.595176264991,4.49262346190737,716.1806461321141,0.09724643771870302,,,,,,,,,,
Mod-H1-Real,CH,R,2024-Hlow,7364.595176264991,7364.595176264991,4.591254285990696,1173.000651104958,0.15927564557592613,,,,,,,,,,
Mod-H1-Real,CH,R,2025-Hhigh,7364.595176264991,7364.595176264991,4.591254285990696,575.570450147328,0.07815371196536464,,,,,,,,,,
Mod-H1-Real,CH,R,2025-Hlow,7364.595176264991,7364.595176264991,4.591254285990696,845.1633134860311,0.11476032195359066,,,,,,,,,,
Mod-H1-Real,CH,R,2030-Hhigh,7364.595176264991,7364.595176264991,4.591254285990696,569.0655892642259,0.07727045080471506,,,,,,,,,,
Mod-H1-Real,CH,R,2030-Hlow,7364.595176264991,7364.595176264991,4.591254285990696,801.8785054032373,0.10888290343338546,,,,,,,,,,
Mod-H1-Real,CH,R,2035-Hhigh,7364.595176264991,7364.595176264991,4.591254285990696,496.21164482366635,0.06737799335160792,,,,,,,,,,
Mod-H1-Real,CH,R,2035-Hlow,7364.595176264991,7364.595176264991,4.591254285990696,709.5151194385694,0.09634136058492834,,,,,,,,,,
Mod-H1-Real,CH,R,2040-Hhigh,7364.595176264991,7364.595176264991,4.591254285990696,514.8359014396459,0.06990688410123158,,,,,,,,,,
Mod-H1-Real,CH,R,2040-Hlow,7364.595176264991,7364.595176264991,4.591254285990696,826.1681362856555,0.11218106583078376,,,,,,,,,,
Mod-H1-Real,CH,R,2045-Hhigh,7364.595176264991,7364.595176264991,4.591254285990696,490.9545688230976,0.06666416239759819,,,,,,,,,,
Mod-H1-Real,CH,R,2045-Hlow,7364.595176264991,7364.595176264991,4.591254285990696,777.3892777007558,0.10555763882394613,,,,,,,,,,
Mass-Nom-Ideal,AK,Rl,2024-Hhigh,1563.8815104525415,1563.8815104525415,1.1219227503669171,157.38166229477264,0.10063528550141308,,,,,,,,,,
Mass-Nom-Ideal,AK,Rl,2024-Hlow,1563.8815104525415,1563.8815104525415,1.125882724149474,256.10235016410775,0.16376071233811007,,,,,,,,,,
Mass-Nom-Ideal,AK,Rl,2025-Hhigh,1563.8815104525415,1563.8815104525415,1.125882724149474,127.04714146417,0.08123834230088588,,,,,,,,,,
Mass-Nom-Ideal,AK,Rl,2025-Hlow,1563.8815104525415,1563.8815104525415,1.125882724149474,181.53946199522306,0.11608261929172042,,,,,,,,,,
Mass-Nom-Ideal,AK,Rl,2030-Hhigh,1563.8815104525415,1563.8815104525415,1.125882724149474,123.92329692408336,0.0792408479132307,,,,,,,,,,
Mass-Nom-Ideal,AK,Rl,2030-Hlow,1563.8815104525415,1563.8815104525415,1.125882724149474,171.9121437967815,0.10992657861082784,,,,,,,,,,
Mass-Nom-Ideal,AK,Rl,2035-Hhigh,1563.8815104525415,1563.8815104525415,1.125882724149474,108.61364038934909,0.0694513233025688,,,,,,,,,,
Mass-Nom-Ideal,AK,Rl,2035-Hlow,1563.8815104525415,1563.8815104525415,1.125882724149474,152.62288506307576,0.09759235852779612,,,,,,,,,,
Mass-Nom-Ideal,AK,Rl,2040-Hhigh,1563.8815104525415,1563.8815104525415,1.125882724149474,110.06865112637792,0.07038170755949871,,,,,,,,,,
Mass-Nom-Ideal,AK,Rl,2040-Hlow,1563.8815104525415,1563.8815104525415,1.125882724149474,179.4251991185835,0.11473068638471408,,,,,,,,,,
Mass-Nom-Ideal,AK,Rl,2045-Hhigh,1563.8815104525415,1563.8815104525415,1.125882724149474,104.67815324199191,0.06693483652204643,,,,,,,,,,
Mass-Nom-Ideal,AK,Rl,2045-Hlow,1563.8815104525415,1563.8815104525415,1.125882724149474,169.18269910123524,0.10818127714309937,,,,,,,,,,
Mass-Nom-Ideal,AK,Rb,2024-Hhigh,887.9253731783978,887.9253731783978,0.3811873061602845,85.18510948476309,0.09593723983788906,,,,,,,,,,
Mass-Nom-Ideal,AK,Rb,2024-Hlow,887.9253731783978,887.9253731783978,0.38118730616028446,156.27909378184287,0.17600476177680308,,,,,,,,,,
Mass-Nom-Ideal,AK,Rb,2025-Hhigh,887.9253731783978,887.9253731783978,0.38118730616028446,72.67859144610158,0.08185213942692382,,,,,,,,,,
Mass-Nom-Ideal,AK,Rb,2025-Hlow,887.9253731783978,887.9253731783978,0.38118730616028446,118.16663032786121,0.13308171373104768,,,,,,,,,,
Mass-Nom-Ideal,AK,Rb,2030-Hhigh,887.9253731783978,887.9253731783978,0.38118730616028446,69.90505382009577,0.07872852373827906,,,,,,,,,,
Mass-Nom-Ideal,AK,Rb,2030-Hlow,887.9253731783978,887.9253731783978,0.38118730616028446,104.71700161580668,0.11793446248862564,,,,,,,,,,
Mass-Nom-Ideal,AK,Rb,2035-Hhigh,887.9253731783978,887.9253731783978,0.38118730616028446,58.969346659086256,0.06641250316791929,,,,,,,,,,
Mass-Nom-Ideal,AK,Rb,2035-Hlow,887.9253731783978,887.9253731783978,0.38118730616028446,85.88945979966408,0.09673049379388281,,,,,,,,,,
Mass-Nom-Ideal,AK,Rb,2040-Hhigh,887.9253731783978,887.9253731783978,0.38118730616028446,64.18482807654335,0.07228628668058981,,,,,,,,,,
Mass-Nom-Ideal,AK,Rb,2040-Hlow,887.9253731783978,887.9253731783978,0.38118730616028446,102.84460096070121,0.11582572597577766,,,,,,,,,,
Mass-Nom-Ideal,AK,Rb,2045-Hhigh,887.9253731783978,887.9253731783978,0.38118730616028446,60.90711112578107,0.06859485376317082,,,,,,,,,,
Mass-Nom-Ideal,AK,Rb,2045-Hlow,887.9253731783978,887.9253731783978,0.38118730616028446,98.347410372858,0.11076089651635453,,,,,,,,,,
Mass-Nom-Ideal,AK,R,2024-Hhigh,2451.80688363094,2451.80688363094,1.503110056527202,242.56677177953574,0.09893388153813842,,,,,,,,,,
Mass-Nom-Ideal,AK,R,2024-Hlow,2451.80688363094,2451.80688363094,1.5070700303097588,412.3814439459506,0.16819491237223586,,,,,,,,,,
Mass-Nom-Ideal,AK,R,2025-Hhigh,2451.80688363094,2451.80688363094,1.5070700303097588,199.7257329102717,0.08146062980885878,,,,,,,,,,
Mass-Nom-Ideal,AK,R,2025-Hlow,2451.80688363094,2451.80688363094,1.5070700303097588,299.7060923230843,0.12223886568066174,,,,,,,,,,
Mass-Nom-Ideal,AK,R,2030-Hhigh,2451.80688363094,2451.80688363094,1.5070700303097588,193.82835074417912,0.07905530897977334,,,,,,,,,,
Mass-Nom-Ideal,AK,R,2030-Hlow,2451.80688363094,2451.80688363094,1.5070700303097588,276.6291454125881,0.11282664522212343,,,,,,,,,,
Mass-Nom-Ideal,AK,R,2035-Hhigh,2451.80688363094,2451.80688363094,1.5070700303097588,167.5829870484353,0.06835081024010245,,,,,,,,,,
Mass-Nom-Ideal,AK,R,2035-Hlow,2451.80688363094,2451.80688363094,1.5070700303097588,238.51234486273984,0.09728023298047078,,,,,,,,,,
Mass-Nom-Ideal,AK,R,2040-Hhigh,2451.80688363094,2451.80688363094,1.5070700303097588,174.25347920292128,0.07107145361500296,,,,,,,,,,
Mass-Nom-Ideal,AK,R,2040-Hlow,2451.80688363094,2451.80688363094,1.5070700303097588,282.2698000792846,0.11512725654039459,,,,,,,,,,
Mass-Nom-Ideal,AK,R,2045-Hhigh,2451.80688363094,2451.80688363094,1.5070700303097588,165.58526436777296,0.06753601414257952,,,,,,,,,,
Mass-Nom-Ideal,AK,R,2045-Hlow,2451.80688363094,2451.80688363094,1.5070700303097588,267.53010947409336,0.10911548999238536,,,,,,,,,,
Mass-H1-Ideal,AK,Rl,2024-Hhigh,452.53689337432246,452.53689337432246,0.48330095041263366,47.523563471234716,0.10501588747135565,,,,,,,,,,
Mass-H1-Ideal,AK,Rl,2024-Hlow,452.53689337432246,452.53689337432246,0.4833009504126336,78.27078476872505,0.1729600081555831,,,,,,,,,,
Mass-H1-Ideal,AK,Rl,2025-Hhigh,452.53689337432246,452.53689337432246,0.4833009504126336,38.75785007275963,0.08564572444859321,,,,,,,,,,
Mass-H1-Ideal,AK,Rl,2025-Hlow,452.53689337432246,452.53689337432246,0.4833009504126336,54.74130475849299,0.12096539654549872,,,,,,,,,,
Mass-H1-Ideal,AK,Rl,2030-Hhigh,452.53689337432246,452.53689337432246,0.4833009504126336,37.86980533334888,0.0836833546343023,,,,,,,,,,
Mass-H1-Ideal,AK,Rl,2030-Hlow,452.53689337432246,452.53689337432246,0.4833009504126336,51.645782740684915,0.11412502162108881,,,,,,,,,,
Mass-H1-Ideal,AK,Rl,2035-Hhigh,452.53689337432246,452.53689337432246,0.4833009504126336,33.739479984185444,0.07455630795670254,,,,,,,,,,
Mass-H1-Ideal,AK,Rl,2035-Hlow,452.53689337432246,452.53689337432246,0.4833009504126336,46.40537573385823,0.10254495581086988,,,,,,,,,,
Mass-H1-Ideal,AK,Rl,2040-Hhigh,452.53689337432246,452.53689337432246,0.4833009504126336,33.52768652343016,0.07408829426797088,,,,,,,,,,
Mass-H1-Ideal,AK,Rl,2040-Hlow,452.53689337432246,452.53689337432246,0.4833009504126336,55.57940172843481,0.12281739354775988,,,,,,,,,,
Mass-H1-Ideal,AK,Rl,2045-Hhigh,452.53689337432246,452.53689337432246,0.4833009504126336,32.053435242902225,0.07083054600012194,,,,,,,,,,
Mass-H1-Ideal,AK,Rl,2045-Hlow,452.53689337432246,452.53689337432246,0.4833009504126336,52.713278335271546,0.11648393557974288,,,,,,,,,,
Mass-H1-Ideal,AK,Rb,2024-Hhigh,86.39709664817063,86.39709664817063,0.07220971782945446,9.98735666488665,0.11559829036336168,,,,,,,,,,
Mass-H1-Ideal,AK,Rb,2024-Hlow,86.39709664817063,86.39709664817063,0.07220971782945447,17.35836844913743,0.20091379366397927,,,,,,,,,,
Mass-H1-Ideal,AK,Rb,2025-Hhigh,86.39709664817063,86.39709664817063,0.07220971782945447,8.393096040607414,0.09714557972689848,,,,,,,,,,
Mass-H1-Ideal,AK,Rb,2025-Hlow,86.39709664817063,86.39709664817063,0.07220971782945447,11.823452228104532,0.13685011055698343,,,,,,,,,,
Mass-H1-Ideal,AK,Rb,2030-Hhigh,86.39709664817063,86.39709664817063,0.07220971782945447,8.012541279773377,0.09274086272137519,,,,,,,,,,
Mass-H1-Ideal,AK,Rb,2030-Hlow,86.39709664817063,86.39709664817063,0.07220971782945447,10.962772608682286,0.1268882061318019,,,,,,,,,,
Mass-H1-Ideal,AK,Rb,2035-Hhigh,86.39709664817063,86.39709664817063,0.07220971782945447,7.201994608147932,0.08335922024644131,,,,,,,,,,
Mass-H1-Ideal,AK,Rb,2035-Hlow,86.39709664817063,86.39709664817063,0.07220971782945447,9.702827716063984,0.11230502056771871,,,,,,,,,,
Mass-H1-Ideal,AK,Rb,2040-Hhigh,86.39709664817063,86.39709664817063,0.07220971782945447,7.117916669923282,0.08238606325984679,,,,,,,,,,
Mass-H1-Ideal,AK,Rb,2040-Hlow,86.39709664817063,86.39709664817063,0.07220971782945447,12.204809984255482,0.1412641218021058,,,,,,,,,,
Mass-H1-Ideal,AK,Rb,2045-Hhigh,86.39709664817063,86.39709664817063,0.07220971782945447,6.88723780731609,0.07971607929561045,,,,,,,,,,
Mass-H1-Ideal,AK,Rb,2045-Hlow,86.39709664817063,86.39709664817063,0.07220971782945447,11.75622286693014,0.13607196680235972,,,,,,,,,,
Mass-H1-Ideal,AK,R,2024-Hhigh,538.9339900224929,538.9339900224929,0.5555106682420881,57.510920136121364,0.10671236403872224,,,,,,,,,,
Mass-H1-Ideal,AK,R,2024-Hlow,538.9339900224929,538.9339900224929,0.5555106682420881,95.62915321786248,0.1774413100459136,,,,,,,,,,
Mass-H1-Ideal,AK,R,2025-Hhigh,538.9339900224929,538.9339900224929,0.5555106682420881,47.150946113367034,0.08748927881019185,,,,,,,,,,
Mass-H1-Ideal,AK,R,2025-Hlow,538.9339900224929,538.9339900224929,0.5555106682420881,66.5647569865975,0.12351189240043917,,,,,,,,,,
Mass-H1-Ideal,AK,R,2030-Hhigh,538.9339900224929,538.9339900224929,0.5555106682420881,45.88234661312222,0.08513537364976234,,,,,,,,,,
Mass-H1-Ideal,AK,R,2030-Hlow,538.9339900224929,538.9339900224929,0.5555106682420881,62.608555349367165,0.11617110167193971,,,,,,,,,,
Mass-H1-Ideal,AK,R,2035-Hhigh,538.9339900224929,538.9339900224929,0.5555106682420881,40.941474592333385,0.0759675124417828,,,,,,,,,,
Mass-H1-Ideal,AK,R,2035-Hlow,538.9339900224929,538.9339900224929,0.5555106682420881,56.10820344992221,0.10410960245350359,,,,,,,,,,
Mass-H1-Ideal,AK,R,2040-Hhigh,538.9339900224929,538.9339900224929,0.5555106682420881,40.64560319335344,0.07541851867917453,,,,,,,,,,
Mass-H1-Ideal,AK,R,2040-Hlow,538.9339900224929,538.9339900224929,0.5555106682420881,67.78421171269034,0.1257746087046046,,,,,,,,,,
Mass-H1-Ideal,AK,R,2045-Hhigh,538.9339900224929,538.9339900224929,0.5555106682420881,38.94067305021831,0.07225499554888545,,,,,,,,,,
Mass-H1-Ideal,AK,R,2045-Hlow,538.9339900224929,538.9339900224929,0.5555106682420881,64.46950120220168,0.11962411426213994,,,,,,,,,,
Mass-Nom-Real,AK,Rl,2024-Hhigh,1564.6934843278088,1564.6934843278088,1.1219197032080588,157.49750010267482,0.10065709461961211,,,,,,,,,,
Mass-Nom-Real,AK,Rl,2024-Hlow,1564.6934843278088,1564.6934843278088,1.125934149762479,256.38613679206577,0.16385710003912304,,,,,,,,,,
Mass-Nom-Real,AK,Rl,2025-Hhigh,1564.6934843278088,1564.6934843278088,1.125934149762479,127.14492775915885,0.08125868039501692,,,,,,,,,,
Mass-Nom-Real,AK,Rl,2025-Hlow,1564.6934843278088,1564.6934843278088,1.125934149762479,181.71106575416817,0.11613205242701648,,,,,,,,,,
Mass-Nom-Real,AK,Rl,2030-Hhigh,1564.6934843278088,1564.6934843278088,1.125934149762479,124.02172031965587,0.0792626297494525,,,,,,,,,,
Mass-Nom-Real,AK,Rl,2030-Hlow,1564.6934843278088,1564.6934843278088,1.125934149762479,172.07644013881418,0.10997453613909441,,,,,,,,,,
Mass-Nom-Real,AK,Rl,2035-Hhigh,1564.6934843278088,1564.6934843278088,1.125934149762479,108.706486046515,0.06947462051534983,,,,,,,,,,
Mass-Nom-Real,AK,Rl,2035-Hlow,1564.6934843278088,1564.6934843278088,1.125934149762479,152.79606619820498,0.09765239500811627,,,,,,,,,,
Mass-Nom-Real,AK,Rl,2040-Hhigh,1564.6934843278088,1564.6934843278088,1.125934149762479,110.15899556100791,0.07040292342517943,,,,,,,,,,
Mass-Nom-Real,AK,Rl,2040-Hlow,1564.6934843278088,1564.6934843278088,1.125934149762479,179.67200444649473,0.11482888261893778,,,,,,,,,,
Mass-Nom-Real,AK,Rl,2045-Hhigh,1564.6934843278088,1564.6934843278088,1.125934149762479,104.76799656488696,0.06695752082708724,,,,,,,,,,
Mass-Nom-Real,AK,Rl,2045-Hlow,1564.6934843278088,1564.6934843278088,1.125934149762479,169.42791402931422,0.10828185566459383,,,,,,,,,,
Mass-Nom-Real,AK,Rb,2024-Hhigh,589.3476177212862,589.3476177212862,0.4738695797021196,60.521221927505856,0.10269189203056643,,,,,,,,,,
Mass-Nom-Real,AK,Rb,2024-Hlow,589.3476177212862,589.3476177212862,0.4738695797021196,100.98382601397957,0.17134849276974046,,,,,,,,,,
Mass-Nom-Real,AK,Rb,2025-Hhigh,589.3476177212862,589.3476177212862,0.4738695797021196,49.48893853087167,0.08397240786722912,,,,,,,,,,
Mass-Nom-Real,AK,Rb,2025-Hlow,589.3476177212862,589.3476177212862,0.4738695797021196,71.12351057011517,0.1206817647708739,,,,,,,,,,
Mass-Nom-Real,AK,Rb,2030-Hhigh,589.3476177212862,589.3476177212862,0.4738695797021196,49.005874475917025,0.08315274890801858,,,,,,,,,,
Mass-Nom-Real,AK,Rb,2030-Hlow,589.3476177212862,589.3476177212862,0.4738695797021196,68.06363683758305,0.11548979717734544,,,,,,,,,,
Mass-Nom-Real,AK,Rb,2035-Hhigh,589.3476177212862,589.3476177212862,0.4738695797021196,43.89661140764758,0.07448339500781208,,,,,,,,,,
Mass-Nom-Real,AK,Rb,2035-Hlow,589.3476177212862,589.3476177212862,0.4738695797021196,61.23320460443627,0.10389997815074672,,,,,,,,,,
Mass-Nom-Real,AK,Rb,2040-Hhigh,589.3476177212862,589.3476177212862,0.4738695797021196,44.000149972869394,0.07465907836023172,,,,,,,,,,
Mass-Nom-Real,AK,Rb,2040-Hlow,589.3476177212862,589.3476177212862,0.4738695797021196,72.61884138957035,0.12321902932322228,,,,,,,,,,
Mass-Nom-Real,AK,Rb,2045-Hhigh,589.3476177212862,589.3476177212862,0.4738695797021196,42.31781536140478,0.07180450737211208,,,,,,,,,,
Mass-Nom-Real,AK,Rb,2045-Hlow,589.3476177212862,589.3476177212862,0.4738695797021196,69.2082945214331,0.1174320425507566,,,,,,,,,,
Mass-Nom-Real,AK,R,2024-Hhigh,2154.041102049094,2154.041102049094,1.5957892829101783,218.0187220301807,0.10121381705427257,,,,,,,,,,
Mass-Nom-Real,AK,R,2024-Hlow,2154.041102049094,2154.041102049094,1.599803729464599,357.3699628060453,0.16590675194920224,,,,,,,,,,
Mass-Nom-Real,AK,R,2025-Hhigh,2154.041102049094,2154.041102049094,1.599803729464599,176.6338662900305,0.08200115871605347,,,,,,,,,,
Mass-Nom-Real,AK,R,2025-Hlow,2154.041102049094,2154.041102049094,1.599803729464599,252.83457632428332,0.11737685788992934,,,,,,,,,,
Mass-Nom-Real,AK,R,2030-Hhigh,2154.041102049094,2154.041102049094,1.599803729464599,173.02759479557295,0.08032696991295822,,,,,,,,,,
Mass-Nom-Real,AK,R,2030-Hlow,2154.041102049094,2154.041102049094,1.599803729464599,240.14007697639735,0.11148351660883217,,,,,,,,,,
Mass-Nom-Real,AK,R,2035-Hhigh,2154.041102049094,2154.041102049094,1.599803729464599,152.6030974541626,0.07084502580242989,,,,,,,,,,
Mass-Nom-Real,AK,R,2035-Hlow,2154.041102049094,2154.041102049094,1.599803729464599,214.0292708026413,0.09936173947611293,,,,,,,,,,
Mass-Nom-Real,AK,R,2040-Hhigh,2154.041102049094,2154.041102049094,1.599803729464599,154.15914553387725,0.07156741131226739,,,,,,,,,,
Mass-Nom-Real,AK,R,2040-Hlow,2154.041102049094,2154.041102049094,1.599803729464599,252.29084583606502,0.11712443443909497,,,,,,,,,,
Mass-Nom-Real,AK,R,2045-Hhigh,2154.041102049094,2154.041102049094,1.599803729464599,147.08581192629177,0.06828366078361835,,,,,,,,,,
Mass-Nom-Real,AK,R,2045-Hlow,2154.041102049094,2154.041102049094,1.599803729464599,238.63620855074734,0.11078535517439185,,,,,,,,,,
Mass-H1-Real,AK,Rl,2024-Hhigh,451.76431108953096,451.76431108953096,0.48315491208987,47.44282293670017,0.10501675712780667,,,,,,,,,,
Mass-H1-Real,AK,Rl,2024-Hlow,451.76431108953096,451.76431108953096,0.48315491208987,78.11785995677776,0.17291728903591128,,,,,,,,,,
Mass-H1-Real,AK,Rl,2025-Hhigh,451.76431108953096,451.76431108953096,0.48315491208987,38.69028008110396,0.08564262189678877,,,,,,,,,,
Mass-H1-Real,AK,Rl,2025-Hlow,451.76431108953096,451.76431108953096,0.48315491208987,54.63803562333705,0.12094367412858527,,,,,,,,,,
Mass-H1-Real,AK,Rl,2030-Hhigh,451.76431108953096,451.76431108953096,0.48315491208987,37.80571974010422,0.0836846090142164,,,,,,,,,,
Mass-H1-Real,AK,Rl,2030-Hlow,451.76431108953096,451.76431108953096,0.48315491208987,51.55113963998508,0.11411069527749534,,,,,,,,,,
Mass-H1-Real,AK,Rl,2035-Hhigh,451.76431108953096,451.76431108953096,0.48315491208987,33.68199529762122,0.07455656516201896,,,,,,,,,,
Mass-H1-Real,AK,Rl,2035-Hlow,451.76431108953096,451.76431108953096,0.48315491208987,46.31847696942321,0.10252796830656191,,,,,,,,,,
Mass-H1-Real,AK,Rl,2040-Hhigh,451.76431108953096,451.76431108953096,0.48315491208987,33.47147659063315,0.07409057282526187,,,,,,,,,,
Mass-H1-Real,AK,Rl,2040-Hlow,451.76431108953096,451.76431108953096,0.48315491208987,55.469728179062436,0.12278466186336133,,,,,,,,,,
Mass-H1-Real,AK,Rl,2045-Hhigh,451.76431108953096,451.76431108953096,0.48315491208987,32.000203081591614,0.07083384476391229,,,,,,,,,,
Mass-H1-Real,AK,Rl,2045-Hlow,451.76431108953096,451.76431108953096,0.48315491208987,52.60792680509072,0.11644993974449842,,,,,,,,,,
Mass-H1-Real,AK,Rb,2024-Hhigh,78.51358347710293,78.51358347710293,0.07269609462048329,9.273226956013296,0.11810984221243279,,,,,,,,,,
Mass-H1-Real,AK,Rb,2024-Hlow,78.51358347710293,78.51358347710293,0.07269609462048329,15.642410830125533,0.199231905326132,,,,,,,,,,
Mass-H1-Real,AK,Rb,2025-Hhigh,78.51358347710293,78.51358347710293,0.07269609462048329,7.678014918708542,0.0977921854878487,,,,,,,,,,
Mass-H1-Real,AK,Rb,2025-Hlow,78.51358347710293,78.51358347710293,0.07269609462048329,10.418354095015355,0.13269492530618832,,,,,,,,,,
Mass-H1-Real,AK,Rb,2030-Hhigh,78.51358347710293,78.51358347710293,0.07269609462048329,7.3918537956205,0.09414745153972244,,,,,,,,,,
Mass-H1-Real,AK,Rb,2030-Hlow,78.51358347710293,78.51358347710293,0.07269609462048329,9.844297902144234,0.12538337273849112,,,,,,,,,,
Mass-H1-Real,AK,Rb,2035-Hhigh,78.51358347710293,78.51358347710293,0.07269609462048329,6.737153819283901,0.08580876736123846,,,,,,,,,,
Mass-H1-Real,AK,Rb,2035-Hlow,78.51358347710293,78.51358347710293,0.07269609462048329,8.965817737337744,0.11419447871657092,,,,,,,,,,
Mass-H1-Real,AK,Rb,2040-Hhigh,78.51358347710293,78.51358347710293,0.07269609462048329,6.471141236190132,0.08242065830656327,,,,,,,,,,
Mass-H1-Real,AK,Rb,2040-Hlow,78.51358347710293,78.51358347710293,0.07269609462048329,11.248658173723333,0.14327021740134688,,,,,,,,,,
Mass-H1-Real,AK,Rb,2045-Hhigh,78.51358347710293,78.51358347710293,0.07269609462048329,6.286552291066888,0.08006961359622884,,,,,,,,,,
Mass-H1-Real,AK,Rb,2045-Hlow,78.51358347710293,78.51358347710293,0.07269609462048329,10.824727883395115,0.13787076584718555,,,,,,,,,,
Mass-H1-Real,AK,R,2024-Hhigh,530.277894566634,530.277894566634,0.5558510067103534,56.71604989271347,0.10695533506834992,,,,,,,,,,
Mass-H1-Real,AK,R,2024-Hlow,530.277894566634,530.277894566634,0.5558510067103534,93.76027078690328,0.17681346280430607,,,,,,,,,,
Mass-H1-Real,AK,R,2025-Hhigh,530.277894566634,530.277894566634,0.5558510067103534,46.36829499981252,0.08744150090907842,,,,,,,,,,
Mass-H1-Real,AK,R,2025-Hlow,530.277894566634,530.277894566634,0.5558510067103534,65.0563897183524,0.12268357852540562,,,,,,,,,,
Mass-H1-Real,AK,R,2030-Hhigh,530.277894566634,530.277894566634,0.5558510067103534,45.19757353572471,0.08523375007487746,,,,,,,,,,
Mass-H1-Real,AK,R,2030-Hlow,530.277894566634,530.277894566634,0.5558510067103534,61.39543754212932,0.11577974147367452,,,,,,,,,,
Mass-H1-Real,AK,R,2035-Hhigh,530.277894566634,530.277894566634,0.5558510067103534,40.4191491169051,0.0762225797662891,,,,,,,,,,
Mass-H1-Real,AK,R,2035-Hlow,530.277894566634,530.277894566634,0.5558510067103534,55.28429470676094,0.1042553258833119,,,,,,,,,,
Mass-H1-Real,AK,R,2040-Hhigh,530.277894566634,530.277894566634,0.5558510067103534,39.942617826823295,0.07532393531030768,,,,,,,,,,
Mass-H1-Real,AK,R,2040-Hlow,530.277894566634,530.277894566634,0.5558510067103534,66.71838635278577,0.12581777787910792,,,,,,,,,,
Mass-H1-Real,AK,R,2045-Hhigh,530.277894566634,530.277894566634,0.5558510067103534,38.28675537265851,0.07220130381627185,,,,,,,,,,
Mass-H1-Real,AK,R,2045-Hlow,530.277894566634,530.277894566634,0.5558510067103534,63.43265468848584,0.11962153304603758,,,,,,,,,,
Mass-Nom-Ideal,CH,Rl,2024-Hhigh,3452.1915523232456,3452.1915523232456,1.8482603404115474,354.0877189859152,0.10256896629841479,,,,,,,,,,
Mass-Nom-Ideal,CH,Rl,2024-Hlow,3452.1915523232456,3452.1915523232456,1.9076567819207944,511.91866841045294,0.14828802534608587,,,,,,,,,,
Mass-Nom-Ideal,CH,Rl,2025-Hhigh,3452.1915523232456,3452.1915523232456,1.9076567819207944,279.569642927781,0.08098323592143578,,,,,,,,,,
Mass-Nom-Ideal,CH,Rl,2025-Hlow,3452.1915523232456,3452.1915523232456,1.9076567819207944,362.53828598688256,0.10501685103275994,,,,,,,,,,
Mass-Nom-Ideal,CH,Rl,2030-Hhigh,3452.1915523232456,3452.1915523232456,1.9076567819207944,261.11004691539614,0.07563602510401692,,,,,,,,,,
Mass-Nom-Ideal,CH,Rl,2030-Hlow,3452.1915523232456,3452.1915523232456,1.9076567819207944,338.49397705018237,0.09805191048057102,,,,,,,,,,
Mass-Nom-Ideal,CH,Rl,2035-Hhigh,3452.1915523232456,3452.1915523232456,1.9076567819207944,219.71242310393524,0.06364433136859797,,,,,,,,,,
Mass-Nom-Ideal,CH,Rl,2035-Hlow,3452.1915523232456,3452.1915523232456,1.9076567819207944,292.48336078916117,0.08472396631418862,,,,,,,,,,
Mass-Nom-Ideal,CH,Rl,2040-Hhigh,3452.1915523232456,3452.1915523232456,1.9076567819207944,222.92551228224244,0.06457507032951827,,,,,,,,,,
Mass-Nom-Ideal,CH,Rl,2040-Hlow,3452.1915523232456,3452.1915523232456,1.9076567819207944,334.3355526003981,0.09684733524575076,,,,,,,,,,
Mass-Nom-Ideal,CH,Rl,2045-Hhigh,3452.1915523232456,3452.1915523232456,1.9076567819207944,207.586772175975,0.0601318811629308,,,,,,,,,,
Mass-Nom-Ideal,CH,Rl,2045-Hlow,3452.1915523232456,3452.1915523232456,1.9076567819207944,308.1392860895421,0.08925903485343142,,,,,,,,,,
Mass-Nom-Ideal,CH,Rb,2024-Hhigh,3304.6358897040245,3304.6358897040245,0.9061384428596196,335.1072788868668,0.10140520470982366,,,,,,,,,,
Mass-Nom-Ideal,CH,Rb,2024-Hlow,3304.6358897040245,3304.6358897040245,0.9061384428596198,527.3506503373885,0.1595790483243284,,,,,,,,,,
Mass-Nom-Ideal,CH,Rb,2025-Hhigh,3304.6358897040245,3304.6358897040245,0.9061384428596198,284.9785016270533,0.08623597610706123,,,,,,,,,,
Mass-Nom-Ideal,CH,Rb,2025-Hlow,3304.6358897040245,3304.6358897040245,0.9061384428596198,400.5055765641661,0.12119506957241116,,,,,,,,,,
Mass-Nom-Ideal,CH,Rb,2030-Hhigh,3304.6358897040245,3304.6358897040245,0.9061384428596198,262.50515874819996,0.07943542571999086,,,,,,,,,,
Mass-Nom-Ideal,CH,Rb,2030-Hlow,3304.6358897040245,3304.6358897040245,0.9061384428596198,355.46140295973635,0.10756446846904298,,,,,,,,,,
Mass-Nom-Ideal,CH,Rb,2035-Hhigh,3304.6358897040245,3304.6358897040245,0.9061384428596198,212.21955890835036,0.06421874178923764,,,,,,,,,,
Mass-Nom-Ideal,CH,Rb,2035-Hlow,3304.6358897040245,3304.6358897040245,0.9061384428596198,286.53123428920844,0.08670584108280421,,,,,,,,,,
Mass-Nom-Ideal,CH,Rb,2040-Hhigh,3304.6358897040245,3304.6358897040245,0.9061384428596198,232.06005730590533,0.07022257974892644,,,,,,,,,,
Mass-Nom-Ideal,CH,Rb,2040-Hlow,3304.6358897040245,3304.6358897040245,0.9061384428596198,333.2654125366085,0.10084784637694441,,,,,,,,,,
Mass-Nom-Ideal,CH,Rb,2045-Hhigh,3304.6358897040245,3304.6358897040245,0.9061384428596198,217.10855033675415,0.06569817601182053,,,,,,,,,,
Mass-Nom-Ideal,CH,Rb,2045-Hlow,3304.6358897040245,3304.6358897040245,0.9061384428596198,312.1967332763055,0.09447235450325725,,,,,,,,,,
Mass-Nom-Ideal,CH,R,2024-Hhigh,6756.82744202727,6756.82744202727,2.754398783271167,689.1949978727821,0.10199979262249755,,,,,,,,,,
Mass-Nom-Ideal,CH,R,2024-Hlow,6756.82744202727,6756.82744202727,2.813795224780414,1039.269318747841,0.15381025010104832,,,,,,,,,,
Mass-Nom-Ideal,CH,R,2025-Hhigh,6756.82744202727,6756.82744202727,2.813795224780414,564.5481445548339,0.08355225131891943,,,,,,,,,,
Mass-Nom-Ideal,CH,R,2025-Hlow,6756.82744202727,6756.82744202727,2.813795224780414,763.0438625510486,0.11292931025660623,,,,,,,,,,
Mass-Nom-Ideal,CH,R,2030-Hhigh,6756.82744202727,6756.82744202727,2.813795224780414,523.6152056635964,0.07749423973842,,,,,,,,,,
Mass-Nom-Ideal,CH,R,2030-Hlow,6756.82744202727,6756.82744202727,2.813795224780414,693.9553800099185,0.10270432180841799,,,,,,,,,,
Mass-Nom-Ideal,CH,R,2035-Hhigh,6756.82744202727,6756.82744202727,2.813795224780414,431.9319820122854,0.06392526458877447,,,,,,,,,,
Mass-Nom-Ideal,CH,R,2035-Hlow,6756.82744202727,6756.82744202727,2.813795224780414,579.0145950783696,0.08569326359837394,,,,,,,,,,
Mass-Nom-Ideal,CH,R,2040-Hhigh,6756.82744202727,6756.82744202727,2.813795224780414,454.9855695881477,0.06733715985673257,,,,,,,,,,
Mass-Nom-Ideal,CH,R,2040-Hlow,6756.82744202727,6756.82744202727,2.813795224780414,667.6009651370068,0.09880390921108155,,,,,,,,,,
Mass-Nom-Ideal,CH,R,2045-Hhigh,6756.82744202727,6756.82744202727,2.813795224780414,424.69532251272915,0.06285425018717165,,,,,,,,,,
Mass-Nom-Ideal,CH,R,2045-Hlow,6756.82744202727,6756.82744202727,2.813795224780414,620.3360193658474,0.09180877041603511,,,,,,,,,,
Mass-H1-Ideal,CH,Rl,2024-Hhigh,1250.165598278432,1250.165598278432,0.9974346421636952,137.1690649968581,0.10972071634809803,,,,,,,,,,
Mass-H1-Ideal,CH,Rl,2024-Hlow,1250.165598278432,1250.165598278432,1.0179754328047714,206.05997649141548,0.16482614525241687,,,,,,,,,,
Mass-H1-Ideal,CH,Rl,2025-Hhigh,1250.165598278432,1250.165598278432,1.0179754328047714,109.15448306002604,0.08731201947193205,,,,,,,,,,
Mass-H1-Ideal,CH,Rl,2025-Hlow,1250.165598278432,1250.165598278432,1.0179754328047714,142.65797635243473,0.11411126377888259,,,,,,,,,,
Mass-H1-Ideal,CH,Rl,2030-Hhigh,1250.165598278432,1250.165598278432,1.0179754328047714,101.98060170580347,0.08157367459657991,,,,,,,,,,
Mass-H1-Ideal,CH,Rl,2030-Hlow,1250.165598278432,1250.165598278432,1.0179754328047714,133.45464826971707,0.1067495765788898,,,,,,,,,,
Mass-H1-Ideal,CH,Rl,2035-Hhigh,1250.165598278432,1250.165598278432,1.0179754328047714,86.75542950542257,0.0693951502304103,,,,,,,,,,
Mass-H1-Ideal,CH,Rl,2035-Hlow,1250.165598278432,1250.165598278432,1.0179754328047714,117.93337632966977,0.0943342037983388,,,,,,,,,,
Mass-H1-Ideal,CH,Rl,2040-Hhigh,1250.165598278432,1250.165598278432,1.0179754328047714,86.8817376428317,0.06949618335560832,,,,,,,,,,
Mass-H1-Ideal,CH,Rl,2040-Hlow,1250.165598278432,1250.165598278432,1.0179754328047714,137.29120106780388,0.10981841226223449,,,,,,,,,,
Mass-H1-Ideal,CH,Rl,2045-Hhigh,1250.165598278432,1250.165598278432,1.0179754328047714,81.41798386288201,0.06512575931940572,,,,,,,,,,
Mass-H1-Ideal,CH,Rl,2045-Hlow,1250.165598278432,1250.165598278432,1.0179754328047714,127.41800603529146,0.10192090248744264,,,,,,,,,,
Mass-H1-Ideal,CH,Rb,2024-Hhigh,668.4851097503869,668.4851097503869,0.3821599422348701,76.8905020169077,0.11502201155328458,,,,,,,,,,
Mass-H1-Ideal,CH,Rb,2024-Hlow,668.4851097503869,668.4851097503869,0.3821599422348701,125.41438805426233,0.18760984534284122,,,,,,,,,,
Mass-H1-Ideal,CH,Rb,2025-Hhigh,668.4851097503869,668.4851097503869,0.3821599422348701,65.25059818592317,0.09760965088704492,,,,,,,,,,
Mass-H1-Ideal,CH,Rb,2025-Hlow,668.4851097503869,668.4851097503869,0.3821599422348701,90.0085910356887,0.13464561846306197,,,,,,,,,,
Mass-H1-Ideal,CH,Rb,2030-Hhigh,668.4851097503869,668.4851097503869,0.3821599422348701,60.619053573667635,0.0906812323707597,,,,,,,,,,
Mass-H1-Ideal,CH,Rb,2030-Hlow,668.4851097503869,668.4851097503869,0.3821599422348701,81.94178314352635,0.12257832216206507,,,,,,,,,,
Mass-H1-Ideal,CH,Rb,2035-Hhigh,668.4851097503869,668.4851097503869,0.3821599422348701,50.672307288557576,0.07580169931904493,,,,,,,,,,
Mass-H1-Ideal,CH,Rb,2035-Hlow,668.4851097503869,668.4851097503869,0.3821599422348701,70.12928018455295,0.1049077670716395,,,,,,,,,,
Mass-H1-Ideal,CH,Rb,2040-Hhigh,668.4851097503869,668.4851097503869,0.3821599422348701,53.27552536291814,0.07969590434529092,,,,,,,,,,
Mass-H1-Ideal,CH,Rb,2040-Hlow,668.4851097503869,668.4851097503869,0.3821599422348701,83.9322276087651,0.1255558671158816,,,,,,,,,,
Mass-H1-Ideal,CH,Rb,2045-Hhigh,668.4851097503869,668.4851097503869,0.3821599422348701,50.7682164674241,0.07594517174268998,,,,,,,,,,
Mass-H1-Ideal,CH,Rb,2045-Hlow,668.4851097503869,668.4851097503869,0.3821599422348701,79.45757289842062,0.11886214328407431,,,,,,,,,,
Mass-H1-Ideal,CH,R,2024-Hhigh,1918.6507080288188,1918.6507080288188,1.3795945843985653,214.05956701376581,0.11156776276057359,,,,,,,,,,
Mass-H1-Ideal,CH,R,2024-Hlow,1918.6507080288188,1918.6507080288188,1.4001353750396415,331.47436454567793,0.17276430939648607,,,,,,,,,,
Mass-H1-Ideal,CH,R,2025-Hhigh,1918.6507080288188,1918.6507080288188,1.4001353750396415,174.40508124594913,0.09089986025915536,,,,,,,,,,
Mass-H1-Ideal,CH,R,2025-Hlow,1918.6507080288188,1918.6507080288188,1.4001353750396415,232.66656738812338,0.12126572409167695,,,,,,,,,,
Mass-H1-Ideal,CH,R,2030-Hhigh,1918.6507080288188,1918.6507080288188,1.4001353750396415,162.59965527947114,0.08474687685416309,,,,,,,,,,
Mass-H1-Ideal,CH,R,2030-Hlow,1918.6507080288188,1918.6507080288188,1.4001353750396415,215.3964314132434,0.11226453596368102,,,,,,,,,,
Mass-H1-Ideal,CH,R,2035-Hhigh,1918.6507080288188,1918.6507080288188,1.4001353750396415,137.42773679398005,0.07162728276642412,,,,,,,,,,
Mass-H1-Ideal,CH,R,2035-Hlow,1918.6507080288188,1918.6507080288188,1.4001353750396415,188.0626565142227,0.09801818315718044,,,,,,,,,,
Mass-H1-Ideal,CH,R,2040-Hhigh,1918.6507080288188,1918.6507080288188,1.4001353750396415,140.15726300574977,0.0730499107624151,,,,,,,,,,
Mass-H1-Ideal,CH,R,2040-Hlow,1918.6507080288188,1918.6507080288188,1.4001353750396415,221.223428676569,0.11530156466251706,,,,,,,,,,
Mass-H1-Ideal,CH,R,2045-Hhigh,1918.6507080288188,1918.6507080288188,1.4001353750396415,132.18620033030618,0.06889539600780774,,,,,,,,,,
Mass-H1-Ideal,CH,R,2045-Hlow,1918.6507080288188,1918.6507080288188,1.4001353750396415,206.87557893371215,0.10782347097781636,,,,,,,,,,
Mass-Nom-Real,CH,Rl,2024-Hhigh,3460.5966624348066,3460.5966624348066,1.853215234209619,355.09863944912223,0.10261196957847203,,,,,,,,,,
Mass-Nom-Real,CH,Rl,2024-Hlow,3460.5966624348066,3460.5966624348066,1.9130758211934473,513.5985121503485,0.14841328309812066,,,,,,,,,,
Mass-Nom-Real,CH,Rl,2025-Hhigh,3460.5966624348066,3460.5966624348066,1.9130758211934473,280.35856962549656,0.081014517718526,,,,,,,,,,
Mass-Nom-Real,CH,Rl,2025-Hlow,3460.5966624348066,3460.5966624348066,1.9130758211934473,363.70158782319413,0.10509794214715013,,,,,,,,,,
Mass-Nom-Real,CH,Rl,2030-Hhigh,3460.5966624348066,3460.5966624348066,1.9130758211934473,261.8612293373836,0.07566938735736492,,,,,,,,,,
Mass-Nom-Real,CH,Rl,2030-Hlow,3460.5966624348066,3460.5966624348066,1.9130758211934473,339.56827416248893,0.09812419859515656,,,,,,,,,,
Mass-Nom-Real,CH,Rl,2035-Hhigh,3460.5966624348066,3460.5966624348066,1.9130758211934473,220.36300078687566,0.0636777475916054,,,,,,,,,,
Mass-Nom-Real,CH,Rl,2035-Hlow,3460.5966624348066,3460.5966624348066,1.9130758211934473,293.4327465378579,0.08479253006370424,,,,,,,,,,
Mass-Nom-Real,CH,Rl,2040-Hhigh,3460.5966624348066,3460.5966624348066,1.9130758211934473,223.58614304919428,0.06460913098491043,,,,,,,,,,
Mass-Nom-Real,CH,Rl,2040-Hlow,3460.5966624348066,3460.5966624348066,1.9130758211934473,335.41812241589935,0.09692493957961165,,,,,,,,,,
Mass-Nom-Real,CH,Rl,2045-Hhigh,3460.5966624348066,3460.5966624348066,1.9130758211934473,208.21350323629323,0.06016693753897294,,,,,,,,,,
Mass-Nom-Real,CH,Rl,2045-Hlow,3460.5966624348066,3460.5966624348066,1.9130758211934473,309.15506896756375,0.0893357704246436,,,,,,,,,,
Mass-Nom-Real,CH,Rb,2024-Hhigh,2073.64123011684,2073.64123011684,1.3750292982184207,223.6525791452506,0.10785500205966142,,,,,,,,,,
Mass-Nom-Real,CH,Rb,2024-Hlow,2073.64123011684,2073.64123011684,1.375029298218421,329.00819646154577,0.15866206346746284,,,,,,,,,,
Mass-Nom-Real,CH,Rb,2025-Hhigh,2073.64123011684,2073.64123011684,1.375029298218421,181.61356090864513,0.08758195886103792,,,,,,,,,,
Mass-Nom-Real,CH,Rb,2025-Hlow,2073.64123011684,2073.64123011684,1.375029298218421,231.83022162362812,0.11179861697221635,,,,,,,,,,
Mass-Nom-Real,CH,Rb,2030-Hhigh,2073.64123011684,2073.64123011684,1.375029298218421,173.22501533731955,0.08353663730324225,,,,,,,,,,
Mass-Nom-Real,CH,Rb,2030-Hlow,2073.64123011684,2073.64123011684,1.375029298218421,221.8769105576937,0.10699869742905911,,,,,,,,,,
Mass-Nom-Real,CH,Rb,2035-Hhigh,2073.64123011684,2073.64123011684,1.375029298218421,149.87502065494792,0.07227625419393459,,,,,,,,,,
Mass-Nom-Real,CH,Rb,2035-Hlow,2073.64123011684,2073.64123011684,1.375029298218421,198.02548195339958,0.0954965010713265,,,,,,,,,,
Mass-Nom-Real,CH,Rb,2040-Hhigh,2073.64123011684,2073.64123011684,1.375029298218421,152.09992316406317,0.07334919896220093,,,,,,,,,,
Mass-Nom-Real,CH,Rb,2040-Hlow,2073.64123011684,2073.64123011684,1.375029298218421,231.460947068289,0.11162053671899998,,,,,,,,,,
Mass-Nom-Real,CH,Rb,2045-Hhigh,2073.64123011684,2073.64123011684,1.375029298218421,144.89508586551645,0.06987471302224846,,,,,,,,,,
Mass-Nom-Real,CH,Rb,2045-Hlow,2073.64123011684,2073.64123011684,1.375029298218421,216.95378062490983,0.10462455003013492,,,,,,,,,,
Mass-Nom-Real,CH,R,2024-Hhigh,5534.237892551646,5534.237892551646,3.2282445324280395,578.7512185943729,0.10457649812511595,,,,,,,,,,
Mass-Nom-Real,CH,R,2024-Hlow,5534.237892551646,5534.237892551646,3.288105119411868,842.6067086118942,0.15225343127116592,,,,,,,,,,
Mass-Nom-Real,CH,R,2025-Hhigh,5534.237892551646,5534.237892551646,3.288105119411868,461.97213053414157,0.08347529316654333,,,,,,,,,,
Mass-Nom-Real,CH,R,2025-Hlow,5534.237892551646,5534.237892551646,3.288105119411868,595.5318094468222,0.10760863934821621,,,,,,,,,,
Mass-Nom-Real,CH,R,2030-Hhigh,5534.237892551646,5534.237892551646,3.288105119411868,435.0862446747031,0.07861719230759338,,,,,,,,,,
Mass-Nom-Real,CH,R,2030-Hlow,5534.237892551646,5534.237892551646,3.288105119411868,561.4451847201826,0.10144941284071178,,,,,,,,,,
Mass-Nom-Real,CH,R,2035-Hhigh,5534.237892551646,5534.237892551646,3.288105119411868,370.23802144182366,0.06689954942849768,,,,,,,,,,
Mass-Nom-Real,CH,R,2035-Hlow,5534.237892551646,5534.237892551646,3.288105119411868,491.45822849125756,0.08880323506741471,,,,,,,,,,
Mass-Nom-Real,CH,R,2040-Hhigh,5534.237892551646,5534.237892551646,3.288105119411868,375.68606621325745,0.06788397490445457,,,,,,,,,,
Mass-Nom-Real,CH,R,2040-Hlow,5534.237892551646,5534.237892551646,3.288105119411868,566.8790694841884,0.10243127969745082,,,,,,,,,,
Mass-Nom-Real,CH,R,2045-Hhigh,5534.237892551646,5534.237892551646,3.288105119411868,353.10858910180974,0.06380437486741351,,,,,,,,,,
Mass-Nom-Real,CH,R,2045-Hlow,5534.237892551646,5534.237892551646,3.288105119411868,526.1088495924735,0.09506437197080858,,,,,,,,,,
Mass-H1-Real,CH,Rl,2024-Hhigh,1250.5978533516566,1250.5978533516566,0.9983294048769772,137.30535509145122,0.10979177256978884,,,,,,,,,,
Mass-H1-Real,CH,Rl,2024-Hlow,1250.5978533516566,1250.5978533516566,1.019110280870332,206.2838841518214,0.16494821544669347,,,,,,,,,,
Mass-H1-Real,CH,Rl,2025-Hhigh,1250.5978533516566,1250.5978533516566,1.019110280870332,109.27380731682051,0.08737725482573151,,,,,,,,,,
Mass-H1-Real,CH,Rl,2025-Hlow,1250.5978533516566,1250.5978533516566,1.019110280870332,142.78914588947802,0.11417670796954985,,,,,,,,,,
Mass-H1-Real,CH,Rl,2030-Hhigh,1250.5978533516566,1250.5978533516566,1.019110280870332,102.09560753599663,0.08163744025497563,,,,,,,,,,
Mass-H1-Real,CH,Rl,2030-Hlow,1250.5978533516566,1250.5978533516566,1.019110280870332,133.58839023716445,0.10681962221440071,,,,,,,,,,
Mass-H1-Real,CH,Rl,2035-Hhigh,1250.5978533516566,1250.5978533516566,1.019110280870332,86.85796306914311,0.06945315221544639,,,,,,,,,,
Mass-H1-Real,CH,Rl,2035-Hlow,1250.5978533516566,1250.5978533516566,1.019110280870332,118.06262326841718,0.09440494636385648,,,,,,,,,,
Mass-H1-Real,CH,Rl,2040-Hhigh,1250.5978533516566,1250.5978533516566,1.019110280870332,86.98096454169422,0.06955150635240694,,,,,,,,,,
Mass-H1-Real,CH,Rl,2040-Hlow,1250.5978533516566,1250.5978533516566,1.019110280870332,137.48230677571274,0.10993326624322454,,,,,,,,,,
Mass-H1-Real,CH,Rl,2045-Hhigh,1250.5978533516566,1250.5978533516566,1.019110280870332,81.52268907112806,0.06518697345645022,,,,,,,,,,
Mass-H1-Real,CH,Rl,2045-Hlow,1250.5978533516566,1250.5978533516566,1.019110280870332,127.61293299172571,0.10204154169121393,,,,,,,,,,
Mass-H1-Real,CH,Rb,2024-Hhigh,547.3526862592631,547.3526862592631,0.5438763597392638,65.82512884891568,0.12026090398638596,,,,,,,,,,
Mass-H1-Real,CH,Rb,2024-Hlow,547.3526862592631,547.3526862592631,0.5438763597392638,101.84691785000824,0.18607183340243383,,,,,,,,,,
Mass-H1-Real,CH,Rb,2025-Hhigh,547.3526862592631,547.3526862592631,0.5438763597392638,54.01562218914488,0.09868522352251587,,,,,,,,,,
Mass-H1-Real,CH,Rb,2025-Hlow,547.3526862592631,547.3526862592631,0.5438763597392638,68.93194255329662,0.125936976804469,,,,,,,,,,
Mass-H1-Real,CH,Rb,2030-Hhigh,547.3526862592631,547.3526862592631,0.5438763597392638,51.46187594019144,0.09401959144823786,,,,,,,,,,
Mass-H1-Real,CH,Rb,2030-Hlow,547.3526862592631,547.3526862592631,0.5438763597392638,66.19860905737374,0.12094324321269088,,,,,,,,,,
Mass-H1-Real,CH,Rb,2035-Hhigh,547.3526862592631,547.3526862592631,0.5438763597392638,45.11810663138811,0.0824296797367267,,,,,,,,,,
Mass-H1-Real,CH,Rb,2035-Hlow,547.3526862592631,547.3526862592631,0.5438763597392638,61.16936822973339,0.11175494295602936,,,,,,,,,,
Mass-H1-Real,CH,Rb,2040-Hhigh,547.3526862592631,547.3526862592631,0.5438763597392638,44.78353107874923,0.08181841836715995,,,,,,,,,,
Mass-H1-Real,CH,Rb,2040-Hlow,547.3526862592631,547.3526862592631,0.5438763597392638,73.53517914054184,0.1343469777102923,,,,,,,,,,
Mass-H1-Real,CH,Rb,2045-Hhigh,547.3526862592631,547.3526862592631,0.5438763597392638,43.22768414197511,0.07897592398313281,,,,,,,,,,
Mass-H1-Real,CH,Rb,2045-Hlow,547.3526862592631,547.3526862592631,0.5438763597392638,69.72082885410452,0.12737825282377446,,,,,,,,,,
Mass-H1-Real,CH,R,2024-Hhigh,1797.9505396109193,1797.9505396109193,1.5422057646162406,203.1304839403669,0.11297890540655518,,,,,,,,,,
Mass-H1-Real,CH,R,2024-Hlow,1797.9505396109193,1797.9505396109193,1.5629866406095956,308.1308020018297,0.17137890904858258,,,,,,,,,,
Mass-H1-Real,CH,R,2025-Hhigh,1797.9505396109193,1797.9505396109193,1.5629866406095956,163.2894295059655,0.09081975611036648,,,,,,,,,,
Mass-H1-Real,CH,R,2025-Hlow,1797.9505396109193,1797.9505396109193,1.5629866406095956,211.72108844277463,0.1177569036401811,,,,,,,,,,
Mass-H1-Real,CH,R,2030-Hhigh,1797.9505396109193,1797.9505396109193,1.5629866406095956,153.55748347618808,0.0854069564724613,,,,,,,,,,
Mass-H1-Real,CH,R,2030-Hlow,1797.9505396109193,1797.9505396109193,1.5629866406095956,199.7869992945382,0.11111929660633076,,,,,,,,,,
Mass-H1-Real,CH,R,2035-Hhigh,1797.9505396109193,1797.9505396109193,1.5629866406095956,131.97606970053127,0.0734036152791451,,,,,,,,,,
Mass-H1-Real,CH,R,2035-Hlow,1797.9505396109193,1797.9505396109193,1.5629866406095956,179.23199149815065,0.09968683094971949,,,,,,,,,,
Mass-H1-Real,CH,R,2040-Hhigh,1797.9505396109193,1797.9505396109193,1.5629866406095956,131.76449562044343,0.07328594013990929,,,,,,,,,,
Mass-H1-Real,CH,R,2040-Hlow,1797.9505396109193,1797.9505396109193,1.5629866406095956,211.01748591625454,0.11736556777691962,,,,,,,,,,
Mass-H1-Real,CH,R,2045-Hhigh,1797.9505396109193,1797.9505396109193,1.5629866406095956,124.75037321310316,0.06938476363209603,,,,,,,,,,
Mass-H1-Real,CH,R,2045-Hlow,1797.9505396109193,1797.9505396109193,1.5629866406095956,197.33376184583028,0.1097548333496058,,,,,,,,,,
Mod-Nom-Ideal,AK,HPl,2024-Hhigh,545.7219822506701,2233.508469594546,0.3956775639801617,51.11140040566136,0.09365831333175804,4.092758844683324,,,,,,,,,
Mod-Nom-Ideal,AK,HPl,2024-Hlow,545.7219822506701,2233.508469594546,0.4048220044273812,91.34232474236768,0.1673788627052425,4.092758844683324,,,,,,,,,
Mod-Nom-Ideal,AK,HPl,2025-Hhigh,545.7219822506701,2233.508469594546,0.4048220044273812,41.71761642277649,0.07644481582128033,4.092758844683324,,,,,,,,,
Mod-Nom-Ideal,AK,HPl,2025-Hlow,545.7219822506701,2233.508469594546,0.4048220044273812,65.80179145854417,0.12057749843091166,4.092758844683324,,,,,,,,,
Mod-Nom-Ideal,AK,HPl,2030-Hhigh,545.7219822506701,2233.508469594546,0.4048220044273812,42.33796883784729,0.07758157123016517,4.092758844683324,,,,,,,,,
Mod-Nom-Ideal,AK,HPl,2030-Hlow,545.7219822506701,2233.508469594546,0.4048220044273812,62.973049001481584,0.11539401206044099,4.092758844683324,,,,,,,,,
Mod-Nom-Ideal,AK,HPl,2035-Hhigh,545.7219822506701,2233.508469594546,0.4048220044273812,37.66109378336359,0.0690115022085815,4.092758844683324,,,,,,,,,
Mod-Nom-Ideal,AK,HPl,2035-Hlow,545.7219822506701,2233.508469594546,0.4048220044273812,56.54849309197852,0.10362143166518759,4.092758844683324,,,,,,,,,
Mod-Nom-Ideal,AK,HPl,2040-Hhigh,545.7219822506701,2233.508469594546,0.4048220044273812,39.486188493043315,0.07235586943042706,4.092758844683324,,,,,,,,,
Mod-Nom-Ideal,AK,HPl,2040-Hlow,545.7219822506701,2233.508469594546,0.4048220044273812,67.07321396672063,0.12290729739362313,4.092758844683324,,,,,,,,,
Mod-Nom-Ideal,AK,HPl,2045-Hhigh,545.7219822506701,2233.508469594546,0.4048220044273812,38.04124102098376,0.06970809726977431,4.092758844683324,,,,,,,,,
Mod-Nom-Ideal,AK,HPl,2045-Hlow,545.7219822506701,2233.508469594546,0.4048220044273812,63.783996002381365,0.1168800196380637,4.092758844683324,,,,,,,,,
Mod-H1-Ideal,AK,HPl,2024-Hhigh,436.7886286976347,1684.7373555181127,0.3555278907585138,40.00873767497136,0.09159747998537585,3.8570998529459564,,,,,,,,,
Mod-H1-Ideal,AK,HPl,2024-Hlow,436.7886286976347,1684.7373555181127,0.36345162157964817,74.26435108130077,0.17002354503305991,3.8570998529459564,,,,,,,,,
Mod-H1-Ideal,AK,HPl,2025-Hhigh,436.7886286976347,1684.7373555181127,0.36345162157964817,32.747306575735855,0.07497289174715456,3.8570998529459564,,,,,,,,,
Mod-H1-Ideal,AK,HPl,2025-Hlow,436.7886286976347,1684.7373555181127,0.36345162157964817,53.301452522747034,0.12203031173607948,3.8570998529459564,,,,,,,,,
Mod-H1-Ideal,AK,HPl,2030-Hhigh,436.7886286976347,1684.7373555181127,0.36345162157964817,33.308600193188894,0.07625793806149347,3.8570998529459564,,,,,,,,,
Mod-H1-Ideal,AK,HPl,2030-Hlow,436.7886286976347,1684.7373555181127,0.36345162157964817,50.918118842178465,0.11657381968482139,3.8570998529459564,,,,,,,,,
Mod-H1-Ideal,AK,HPl,2035-Hhigh,436.7886286976347,1684.7373555181127,0.36345162157964817,29.66664949916557,0.06791992178830782,3.8570998529459564,,,,,,,,,
Mod-H1-Ideal,AK,HPl,2035-Hlow,436.7886286976347,1684.7373555181127,0.36345162157964817,45.8129307205567,0.1048858136649673,3.8570998529459564,,,,,,,,,
Mod-H1-Ideal,AK,HPl,2040-Hhigh,436.7886286976347,1684.7373555181127,0.36345162157964817,31.224431905784026,0.07148636629777975,3.8570998529459564,,,,,,,,,
Mod-H1-Ideal,AK,HPl,2040-Hlow,436.7886286976347,1684.7373555181127,0.36345162157964817,54.52000213458237,0.12482010417062309,3.8570998529459564,,,,,,,,,
Mod-H1-Ideal,AK,HPl,2045-Hhigh,436.7886286976347,1684.7373555181127,0.36345162157964817,30.031408731114354,0.0687550150301726,3.8570998529459564,,,,,,,,,
Mod-H1-Ideal,AK,HPl,2045-Hlow,436.7886286976347,1684.7373555181127,0.36345162157964817,51.77781762980871,0.11854204580415419,3.8570998529459564,,,,,,,,,
Mod-Nom-Real,AK,HPl,2024-Hhigh,546.828648113696,2238.2603680441844,0.3971315212194847,51.199165341328474,0.09362926671443007,4.093165886178677,,,,,,,,,
Mod-Nom-Real,AK,HPl,2024-Hlow,546.828648113696,2238.2603680441844,0.4062791770169267,91.53843184686316,0.16739874943024308,4.093165886178677,,,,,,,,,
Mod-Nom-Real,AK,HPl,2025-Hhigh,546.828648113696,2238.2603680441844,0.4062791770169267,41.789358395505,0.07642130407698794,4.093165886178677,,,,,,,,,
Mod-Nom-Real,AK,HPl,2025-Hlow,546.828648113696,2238.2603680441844,0.4062791770169267,65.94111575058156,0.12058826101750098,4.093165886178677,,,,,,,,,
Mod-Nom-Real,AK,HPl,2030-Hhigh,546.828648113696,2238.2603680441844,0.4062791770169267,42.41003906084439,0.0775563592125966,4.093165886178677,,,,,,,,,
Mod-Nom-Real,AK,HPl,2030-Hlow,546.828648113696,2238.2603680441844,0.4062791770169267,63.10015499888805,0.11539292101201022,4.093165886178677,,,,,,,,,
Mod-Nom-Real,AK,HPl,2035-Hhigh,546.828648113696,2238.2603680441844,0.4062791770169267,37.72585921874258,0.06899027574520686,4.093165886178677,,,,,,,,,
Mod-Nom-Real,AK,HPl,2035-Hlow,546.828648113696,2238.2603680441844,0.4062791770169267,56.661025525417536,0.10361751477518903,4.093165886178677,,,,,,,,,
Mod-Nom-Real,AK,HPl,2040-Hhigh,546.828648113696,2238.2603680441844,0.4062791770169267,39.55334710140956,0.07233225113177624,4.093165886178677,,,,,,,,,
Mod-Nom-Real,AK,HPl,2040-Hlow,546.828648113696,2238.2603680441844,0.4062791770169267,67.2127375391628,0.12291370938778615,4.093165886178677,,,,,,,,,
Mod-Nom-Real,AK,HPl,2045-Hhigh,546.828648113696,2238.2603680441844,0.4062791770169267,38.10445739568089,0.06968262823669445,4.093165886178677,,,,,,,,,
Mod-Nom-Real,AK,HPl,2045-Hlow,546.828648113696,2238.2603680441844,0.4062791770169267,63.91316291317143,0.11687969007044906,4.093165886178677,,,,,,,,,
Mod-H1-Real,AK,HPl,2024-Hhigh,437.34409625642905,1686.91804868813,0.35639013552058485,40.05885790359622,0.0915957440525467,3.857187196826901,,,,,,,,,
Mod-H1-Real,AK,HPl,2024-Hlow,437.34409625642905,1686.91804868813,0.36431941457886163,74.37774832050252,0.17006688545051818,3.857187196826901,,,,,,,,,
Mod-H1-Real,AK,HPl,2025-Hhigh,437.34409625642905,1686.91804868813,0.36431941457886163,32.78781119027117,0.07497028420167952,3.857187196826901,,,,,,,,,
Mod-H1-Real,AK,HPl,2025-Hlow,437.34409625642905,1686.91804868813,0.36431941457886163,53.3786898615844,0.12205192734621194,3.857187196826901,,,,,,,,,
Mod-H1-Real,AK,HPl,2030-Hhigh,437.34409625642905,1686.91804868813,0.36431941457886163,33.34971882433226,0.07625510235487032,3.857187196826901,,,,,,,,,
Mod-H1-Real,AK,HPl,2030-Hlow,437.34409625642905,1686.91804868813,0.36431941457886163,50.99365735345449,0.11659848112721578,3.857187196826901,,,,,,,,,
Mod-H1-Real,AK,HPl,2035-Hhigh,437.34409625642905,1686.91804868813,0.36431941457886163,29.70512117300785,0.06792162379068854,3.857187196826901,,,,,,,,,
Mod-H1-Real,AK,HPl,2035-Hlow,437.34409625642905,1686.91804868813,0.36431941457886163,45.88394295171442,0.10491497048770305,3.857187196826901,,,,,,,,,
Mod-H1-Real,AK,HPl,2040-Hhigh,437.34409625642905,1686.91804868813,0.36431941457886163,31.2634076930377,0.07148469125488537,3.857187196826901,,,,,,,,,
Mod-H1-Real,AK,HPl,2040-Hlow,437.34409625642905,1686.91804868813,0.36431941457886163,54.61283497602827,0.12487383605609938,3.857187196826901,,,,,,,,,
Mod-H1-Real,AK,HPl,2045-Hhigh,437.34409625642905,1686.91804868813,0.36431941457886163,30.069000645019052,0.06875364479000219,3.857187196826901,,,,,,,,,
Mod-H1-Real,AK,HPl,2045-Hlow,437.34409625642905,1686.91804868813,0.36431941457886163,51.86627553118508,0.11859374797819199,3.857187196826901,,,,,,,,,
Mod-Nom-Ideal,CH,HPl,2024-Hhigh,1434.4276418795885,5867.6054458022645,0.9246062181286179,141.790191646751,0.09884792199135091,4.090555197412192,,,,,,,,,
Mod-Nom-Ideal,CH,HPl,2024-Hlow,1434.4276418795885,5867.6054458022645,0.9491050946379576,220.38424982965964,0.1536391543186391,4.090555197412192,,,,,,,,,
Mod-Nom-Ideal,CH,HPl,2025-Hhigh,1434.4276418795885,5867.6054458022645,0.9491050946379576,113.42812400369246,0.07907552858857558,4.090555197412192,,,,,,,,,
Mod-Nom-Ideal,CH,HPl,2025-Hlow,1434.4276418795885,5867.6054458022645,0.9491050946379576,158.2900171565204,0.11035064616372466,4.090555197412192,,,,,,,,,
Mod-Nom-Ideal,CH,HPl,2030-Hhigh,1434.4276418795885,5867.6054458022645,0.9491050946379576,110.23474636854846,0.07684929037208417,4.090555197412192,,,,,,,,,
Mod-Nom-Ideal,CH,HPl,2030-Hlow,1434.4276418795885,5867.6054458022645,0.9491050946379576,149.6149857713201,0.10430291595278626,4.090555197412192,,,,,,,,,
Mod-Nom-Ideal,CH,HPl,2035-Hhigh,1434.4276418795885,5867.6054458022645,0.9491050946379576,94.77566765324592,0.06607211467917443,4.090555197412192,,,,,,,,,
Mod-Nom-Ideal,CH,HPl,2035-Hlow,1434.4276418795885,5867.6054458022645,0.9491050946379576,131.53420721448538,0.09169804274137579,4.090555197412192,,,,,,,,,
Mod-Nom-Ideal,CH,HPl,2040-Hhigh,1434.4276418795885,5867.6054458022645,0.9491050946379576,97.8586635377084,0.0682214011223879,4.090555197412192,,,,,,,,,
Mod-Nom-Ideal,CH,HPl,2040-Hlow,1434.4276418795885,5867.6054458022645,0.9491050946379576,152.50214976563316,0.10631567972700487,4.090555197412192,,,,,,,,,
Mod-Nom-Ideal,CH,HPl,2045-Hhigh,1434.4276418795885,5867.6054458022645,0.9491050946379576,92.6653897294203,0.06460095094653719,4.090555197412192,,,,,,,,,
Mod-Nom-Ideal,CH,HPl,2045-Hlow,1434.4276418795885,5867.6054458022645,0.9491050946379576,142.59748353295663,0.09941071920930455,4.090555197412192,,,,,,,,,
Mod-H1-Ideal,CH,HPl,2024-Hhigh,1310.2433655150664,4986.386754278528,0.7989028545343502,127.50034440773281,0.09731042931677923,3.80569509872568,,,,,,,,,
Mod-H1-Ideal,CH,HPl,2024-Hlow,1310.2433655150664,4986.386754278528,0.822835006526313,204.29908328186033,0.15592453177700225,3.80569509872568,,,,,,,,,
Mod-H1-Ideal,CH,HPl,2025-Hhigh,1310.2433655150664,4986.386754278528,0.822835006526313,101.8867230292493,0.07776167825829583,3.80569509872568,,,,,,,,,
Mod-H1-Ideal,CH,HPl,2025-Hlow,1310.2433655150664,4986.386754278528,0.822835006526313,146.92575773242854,0.11213623483960243,3.80569509872568,,,,,,,,,
Mod-H1-Ideal,CH,HPl,2030-Hhigh,1310.2433655150664,4986.386754278528,0.822835006526313,99.50783568658902,0.07594607101671662,3.80569509872568,,,,,,,,,
Mod-H1-Ideal,CH,HPl,2030-Hlow,1310.2433655150664,4986.386754278528,0.822835006526313,138.34332129042122,0.10558597351571967,3.80569509872568,,,,,,,,,
Mod-H1-Ideal,CH,HPl,2035-Hhigh,1310.2433655150664,4986.386754278528,0.822835006526313,85.89706512752632,0.06555809965407422,3.80569509872568,,,,,,,,,
Mod-H1-Ideal,CH,HPl,2035-Hlow,1310.2433655150664,4986.386754278528,0.822835006526313,121.49871851220625,0.09272988645467722,3.80569509872568,,,,,,,,,
Mod-H1-Ideal,CH,HPl,2040-Hhigh,1310.2433655150664,4986.386754278528,0.822835006526313,88.8252075119009,0.06779290767634076,3.80569509872568,,,,,,,,,
Mod-H1-Ideal,CH,HPl,2040-Hlow,1310.2433655150664,4986.386754278528,0.822835006526313,141.0730421978346,0.10766934289522447,3.80569509872568,,,,,,,,,
Mod-H1-Ideal,CH,HPl,2045-Hhigh,1310.2433655150664,4986.386754278528,0.822835006526313,84.14308000192575,0.06421942840279025,3.80569509872568,,,,,,,,,
Mod-H1-Ideal,CH,HPl,2045-Hlow,1310.2433655150664,4986.386754278528,0.822835006526313,132.20606808809387,0.1009019175885105,3.80569509872568,,,,,,,,,
Mod-Nom-Real,CH,HPl,2024-Hhigh,1446.9003977584027,5901.549834381867,0.9385105738881908,143.06163043262694,0.09887455325485008,4.078753343025401,,,,,,,,,
Mod-Nom-Real,CH,HPl,2024-Hlow,1446.9003977584027,5901.549834381867,0.9630450674325156,222.49156307584448,0.15377116726247192,4.078753343025401,,,,,,,,,
Mod-Nom-Real,CH,HPl,2025-Hhigh,1446.9003977584027,5901.549834381867,0.9630450674325156,114.45558362792755,0.07910398242010772,4.078753343025401,,,,,,,,,
Mod-Nom-Real,CH,HPl,2025-Hlow,1446.9003977584027,5901.549834381867,0.9630450674325156,159.76861487990644,0.11042129446327233,4.078753343025401,,,,,,,,,
Mod-Nom-Real,CH,HPl,2030-Hhigh,1446.9003977584027,5901.549834381867,0.9630450674325156,111.22772863296596,0.07687310668051824,4.078753343025401,,,,,,,,,
Mod-Nom-Real,CH,HPl,2030-Hlow,1446.9003977584027,5901.549834381867,0.9630450674325156,151.00492780056243,0.10436442483152637,4.078753343025401,,,,,,,,,
Mod-Nom-Real,CH,HPl,2035-Hhigh,1446.9003977584027,5901.549834381867,0.9630450674325156,95.63609916594567,0.0660972236334367,4.078753343025401,,,,,,,,,
Mod-Nom-Real,CH,HPl,2035-Hlow,1446.9003977584027,5901.549834381867,0.9630450674325156,132.78692355919827,0.0917733686195105,4.078753343025401,,,,,,,,,
Mod-Nom-Real,CH,HPl,2040-Hhigh,1446.9003977584027,5901.549834381867,0.9630450674325156,98.73701910768114,0.06824037042262796,4.078753343025401,,,,,,,,,
Mod-Nom-Real,CH,HPl,2040-Hlow,1446.9003977584027,5901.549834381867,0.9630450674325156,153.9924471822253,0.1064291967994457,4.078753343025401,,,,,,,,,
Mod-Nom-Real,CH,HPl,2045-Hhigh,1446.9003977584027,5901.549834381867,0.9630450674325156,93.4953871493475,0.0646177078216264,4.078753343025401,,,,,,,,,
Mod-Nom-Real,CH,HPl,2045-Hlow,1446.9003977584027,5901.549834381867,0.9630450674325156,143.99582890195248,0.09952020825001963,4.078753343025401,,,,,,,,,
Mod-H1-Real,CH,HPl,2024-Hhigh,1316.9208443964596,5012.66436812263,0.8044713712058065,128.14031922038671,0.0973029774459322,3.806352059390416,,,,,,,,,
Mod-H1-Real,CH,HPl,2024-Hlow,1316.9208443964596,5012.66436812263,0.8284756476306951,205.43091742958808,0.1559933676376247,3.806352059390416,,,,,,,,,
Mod-H1-Real,CH,HPl,2025-Hhigh,1316.9208443964596,5012.66436812263,0.8284756476306951,102.3964533728646,0.07775444804337693,3.806352059390416,,,,,,,,,
Mod-H1-Real,CH,HPl,2025-Hlow,1316.9208443964596,5012.66436812263,0.8284756476306951,147.7233012967126,0.11217325773624132,3.806352059390416,,,,,,,,,
Mod-H1-Real,CH,HPl,2030-Hhigh,1316.9208443964596,5012.66436812263,0.8284756476306951,100.00013934234545,0.07593481397750612,3.806352059390416,,,,,,,,,
Mod-H1-Real,CH,HPl,2030-Hlow,1316.9208443964596,5012.66436812263,0.8284756476306951,139.07744075357863,0.1056080487641741,3.806352059390416,,,,,,,,,
Mod-H1-Real,CH,HPl,2035-Hhigh,1316.9208443964596,5012.66436812263,0.8284756476306951,86.31843335042252,0.06554565046009425,3.806352059390416,,,,,,,,,
Mod-H1-Real,CH,HPl,2035-Hlow,1316.9208443964596,5012.66436812263,0.8284756476306951,122.14131240049122,0.09274764912424799,3.806352059390416,,,,,,,,,
Mod-H1-Real,CH,HPl,2040-Hhigh,1316.9208443964596,5012.66436812263,0.8284756476306951,89.25604607978704,0.06777631811325212,3.806352059390416,,,,,,,,,
Mod-H1-Real,CH,HPl,2040-Hlow,1316.9208443964596,5012.66436812263,0.8284756476306951,141.82506424181574,0.10769444864153067,3.806352059390416,,,,,,,,,
Mod-H1-Real,CH,HPl,2045-Hhigh,1316.9208443964596,5012.66436812263,0.8284756476306951,84.54356571136194,0.06419790989799995,3.806352059390416,,,,,,,,,
Mod-H1-Real,CH,HPl,2045-Hlow,1316.9208443964596,5012.66436812263,0.8284756476306951,132.904465694767,0.10092061816796337,3.806352059390416,,,,,,,,,
Mass-Nom-Ideal,AK,HPl,2024-Hhigh,383.78245787604624,1563.8815104525415,0.26869410347921757,38.68767702675653,0.10080626728189815,4.074916605379714,,,,,,,,,
Mass-Nom-Ideal,AK,HPl,2024-Hlow,383.78245787604624,1563.8815104525415,0.2696479610099797,63.161919669262254,0.16457740152798292,4.074916605379714,,,,,,,,,
Mass-Nom-Ideal,AK,HPl,2025-Hhigh,383.78245787604624,1563.8815104525415,0.2696479610099797,31.257502065232615,0.08144588535447897,4.074916605379714,,,,,,,,,
Mass-Nom-Ideal,AK,HPl,2025-Hlow,383.78245787604624,1563.8815104525415,0.2696479610099797,44.69545353551794,0.11646038691521864,4.074916605379714,,,,,,,,,
Mass-Nom-Ideal,AK,HPl,2030-Hhigh,383.78245787604624,1563.8815104525415,0.2696479610099797,30.492568379944537,0.07945274140120548,4.074916605379714,,,,,,,,,
Mass-Nom-Ideal,AK,HPl,2030-Hlow,383.78245787604624,1563.8815104525415,0.2696479610099797,42.338789393564056,0.11031976195024162,4.074916605379714,,,,,,,,,
Mass-Nom-Ideal,AK,HPl,2035-Hhigh,383.78245787604624,1563.8815104525415,0.2696479610099797,26.745330913521546,0.06968877905868155,4.074916605379714,,,,,,,,,
Mass-Nom-Ideal,AK,HPl,2035-Hlow,383.78245787604624,1563.8815104525415,0.2696479610099797,37.59874705913656,0.09796890474676195,4.074916605379714,,,,,,,,,
Mass-Nom-Ideal,AK,HPl,2040-Hhigh,383.78245787604624,1563.8815104525415,0.2696479610099797,27.08157116679884,0.07056490105534116,4.074916605379714,,,,,,,,,
Mass-Nom-Ideal,AK,HPl,2040-Hlow,383.78245787604624,1563.8815104525415,0.2696479610099797,44.34359246224596,0.1155435626413337,4.074916605379714,,,,,,,,,
Mass-Nom-Ideal,AK,HPl,2045-Hhigh,383.78245787604624,1563.8815104525415,0.2696479610099797,25.758874411527295,0.06711842577194312,4.074916605379714,,,,,,,,,
Mass-Nom-Ideal,AK,HPl,2045-Hlow,383.78245787604624,1563.8815104525415,0.2696479610099797,41.858939814500545,0.10906944534713495,4.074916605379714,,,,,,,,,
Mass-H1-Ideal,AK,HPl,2024-Hhigh,120.44872220910057,452.53689337432246,0.12500115217285673,12.672474875298018,0.10521053808523129,3.7570916907587653,,,,,,,,,
Mass-H1-Ideal,AK,HPl,2024-Hlow,120.44872220910057,452.53689337432246,0.12500115217285668,20.93766791610135,0.17383055238853662,3.7570916907587653,,,,,,,,,
Mass-H1-Ideal,AK,HPl,2025-Hhigh,120.44872220910057,452.53689337432246,0.12500115217285668,10.34532167322782,0.08588984161465994,3.7570916907587653,,,,,,,,,
Mass-H1-Ideal,AK,HPl,2025-Hlow,120.44872220910057,452.53689337432246,0.12500115217285668,14.602840645241487,0.12123699095695481,3.7570916907587653,,,,,,,,,
Mass-H1-Ideal,AK,HPl,2030-Hhigh,120.44872220910057,452.53689337432246,0.12500115217285668,10.105803946984645,0.08390129643252534,3.7570916907587653,,,,,,,,,
Mass-H1-Ideal,AK,HPl,2030-Hlow,120.44872220910057,452.53689337432246,0.12500115217285668,13.77759977005903,0.1143856034117235,3.7570916907587653,,,,,,,,,
Mass-H1-Ideal,AK,HPl,2035-Hhigh,120.44872220910057,452.53689337432246,0.12500115217285668,9.012146386236811,0.07482143621741048,3.7570916907587653,,,,,,,,,
Mass-H1-Ideal,AK,HPl,2035-Hlow,120.44872220910057,452.53689337432246,0.12500115217285668,12.379306469918973,0.10277656950505738,3.7570916907587653,,,,,,,,,
Mass-H1-Ideal,AK,HPl,2040-Hhigh,120.44872220910057,452.53689337432246,0.12500115217285668,8.939577748923941,0.07421895047923147,3.7570916907587653,,,,,,,,,
Mass-H1-Ideal,AK,HPl,2040-Hlow,120.44872220910057,452.53689337432246,0.12500115217285668,14.891969906333744,0.12363742539734948,3.7570916907587653,,,,,,,,,
Mass-H1-Ideal,AK,HPl,2045-Hhigh,120.44872220910057,452.53689337432246,0.12500115217285668,8.545220873808212,0.07094488606507254,3.7570916907587653,,,,,,,,,
Mass-H1-Ideal,AK,HPl,2045-Hlow,120.44872220910057,452.53689337432246,0.12500115217285668,14.144723758884744,0.11743357255653836,3.7570916907587653,,,,,,,,,
Mass-Nom-Real,AK,HPl,2024-Hhigh,384.01130034328605,1564.6934843278088,0.2687455293549637,38.7184589697006,0.10082635311796376,4.074602708120971,,,,,,,,,
Mass-Nom-Real,AK,HPl,2024-Hlow,384.01130034328605,1564.6934843278088,0.2697125079987727,63.23510708202456,0.16466991212366844,4.074602708120971,,,,,,,,,
Mass-Nom-Real,AK,HPl,2025-Hhigh,384.01130034328605,1564.6934843278088,0.2697125079987727,31.283350321372616,0.08146466078838548,4.074602708120971,,,,,,,,,
Mass-Nom-Real,AK,HPl,2025-Hlow,384.01130034328605,1564.6934843278088,0.2697125079987727,44.74047619769945,0.1165082281633478,4.074602708120971,,,,,,,,,
Mass-Nom-Real,AK,HPl,2030-Hhigh,384.01130034328605,1564.6934843278088,0.2697125079987727,30.518649281670427,0.07947331043224079,4.074602708120971,,,,,,,,,
Mass-Nom-Real,AK,HPl,2030-Hlow,384.01130034328605,1564.6934843278088,0.2697125079987727,42.3818238989445,0.11036608521951663,4.074602708120971,,,,,,,,,
Mass-Nom-Real,AK,HPl,2035-Hhigh,384.01130034328605,1564.6934843278088,0.2697125079987727,26.76984208897633,0.0697110789839921,4.074602708120971,,,,,,,,,
Mass-Nom-Real,AK,HPl,2035-Hlow,384.01130034328605,1564.6934843278088,0.2697125079987727,37.64354790046106,0.09802718791558918,4.074602708120971,,,,,,,,,
Mass-Nom-Real,AK,HPl,2040-Hhigh,384.01130034328605,1564.6934843278088,0.2697125079987727,27.105523341546228,0.07058522318826374,4.074602708120971,,,,,,,,,
Mass-Nom-Real,AK,HPl,2040-Hlow,384.01130034328605,1564.6934843278088,0.2697125079987727,44.406545762830994,0.11563864324600308,4.074602708120971,,,,,,,,,
Mass-Nom-Real,AK,HPl,2045-Hhigh,384.01130034328605,1564.6934843278088,0.2697125079987727,25.782615431828933,0.06714025188524562,4.074602708120971,,,,,,,,,
Mass-Nom-Real,AK,HPl,2045-Hlow,384.01130034328605,1564.6934843278088,0.2697125079987727,41.92132688694718,0.10916690954008827,4.074602708120971,,,,,,,,,
Mass-H1-Real,AK,HPl,2024-Hhigh,120.24438838465511,451.76431108953096,0.12496476733492029,12.651077320284763,0.10521137402116987,3.7570510953439427,,,,,,,,,
Mass-H1-Real,AK,HPl,2024-Hlow,120.24438838465511,451.76431108953096,0.12496476733492028,20.897169548293853,0.1737891458306143,3.7570510953439427,,,,,,,,,
Mass-H1-Real,AK,HPl,2025-Hhigh,120.24438838465511,451.76431108953096,0.12496476733492028,10.327405119799922,0.08588679487281459,3.7570510953439427,,,,,,,,,
Mass-H1-Real,AK,HPl,2025-Hlow,120.24438838465511,451.76431108953096,0.12496476733492028,14.575561813480363,0.12121614995332632,3.7570510953439427,,,,,,,,,
Mass-H1-Real,AK,HPl,2030-Hhigh,120.24438838465511,451.76431108953096,0.12496476733492028,10.088785835391187,0.08390234231237238,3.7570510953439427,,,,,,,,,
Mass-H1-Real,AK,HPl,2030-Hlow,120.24438838465511,451.76431108953096,0.12496476733492028,13.752577134256121,0.11437188312075232,3.7570510953439427,,,,,,,,,
Mass-H1-Real,AK,HPl,2035-Hhigh,120.24438838465511,451.76431108953096,0.12496476733492028,8.996869569693738,0.07482153379925932,3.7570510953439427,,,,,,,,,
Mass-H1-Real,AK,HPl,2035-Hlow,120.24438838465511,451.76431108953096,0.12496476733492028,12.356358588922944,0.10276037622143032,3.7570510953439427,,,,,,,,,
Mass-H1-Real,AK,HPl,2040-Hhigh,120.24438838465511,451.76431108953096,0.12496476733492028,8.9246995114459,0.07422133898586836,3.7570510953439427,,,,,,,,,
Mass-H1-Real,AK,HPl,2040-Hlow,120.24438838465511,451.76431108953096,0.12496476733492028,14.862893022279668,0.12360571018694111,3.7570510953439427,,,,,,,,,
Mass-H1-Real,AK,HPl,2045-Hhigh,120.24438838465511,451.76431108953096,0.12496476733492028,8.531146365577332,0.07094839501604573,3.7570510953439427,,,,,,,,,
Mass-H1-Real,AK,HPl,2045-Hlow,120.24438838465511,451.76431108953096,0.12496476733492028,14.116769367832633,0.11740065010496684,3.7570510953439427,,,,,,,,,
Mass-Nom-Ideal,CH,HPl,2024-Hhigh,964.1722574668731,3452.1915523232456,0.5575829041917532,100.94158613644902,0.10469248140539571,3.5804717731591187,,,,,,,,,
Mass-Nom-Ideal,CH,HPl,2024-Hlow,964.1722574668731,3452.1915523232456,0.572982104518846,147.3008814942141,0.1527744449743982,3.5804717731591187,,,,,,,,,
Mass-Nom-Ideal,CH,HPl,2025-Hhigh,964.1722574668731,3452.1915523232456,0.572982104518846,80.06981978577188,0.08304513966844032,3.5804717731591187,,,,,,,,,
Mass-Nom-Ideal,CH,HPl,2025-Hlow,964.1722574668731,3452.1915523232456,0.572982104518846,103.7596326327139,0.10761524388320087,3.5804717731591187,,,,,,,,,
Mass-Nom-Ideal,CH,HPl,2030-Hhigh,964.1722574668731,3452.1915523232456,0.572982104518846,74.92978550040343,0.07771410649925058,3.5804717731591187,,,,,,,,,
Mass-Nom-Ideal,CH,HPl,2030-Hlow,964.1722574668731,3452.1915523232456,0.572982104518846,97.13306809080655,0.10074244237850188,3.5804717731591187,,,,,,,,,
Mass-Nom-Ideal,CH,HPl,2035-Hhigh,964.1722574668731,3452.1915523232456,0.572982104518846,63.25887536795227,0.06560951622290968,3.5804717731591187,,,,,,,,,
Mass-Nom-Ideal,CH,HPl,2035-Hlow,964.1722574668731,3452.1915523232456,0.572982104518846,84.60758771297492,0.08775152682287361,3.5804717731591187,,,,,,,,,
Mass-Nom-Ideal,CH,HPl,2040-Hhigh,964.1722574668731,3452.1915523232456,0.572982104518846,64.16874392616369,0.06655319464879789,3.5804717731591187,,,,,,,,,
Mass-Nom-Ideal,CH,HPl,2040-Hlow,964.1722574668731,3452.1915523232456,0.572982104518846,97.73088459621329,0.10136247318811815,3.5804717731591187,,,,,,,,,
Mass-Nom-Ideal,CH,HPl,2045-Hhigh,964.1722574668731,3452.1915523232456,0.572982104518846,59.97058544527809,0.06219903651121029,3.5804717731591187,,,,,,,,,
Mass-Nom-Ideal,CH,HPl,2045-Hlow,964.1722574668731,3452.1915523232456,0.572982104518846,90.4236012221486,0.09378365797385055,3.5804717731591187,,,,,,,,,
Mass-H1-Ideal,CH,HPl,2024-Hhigh,379.1447510833203,1250.165598278432,0.3150337858102465,42.34893252369665,0.11169594832236016,3.297330622951701,,,,,,,,,
Mass-H1-Ideal,CH,HPl,2024-Hlow,379.1447510833203,1250.165598278432,0.3206756145518955,63.88072691963592,0.1684863808271411,3.297330622951701,,,,,,,,,
Mass-H1-Ideal,CH,HPl,2025-Hhigh,379.1447510833203,1250.165598278432,0.3206756145518955,33.83360456853524,0.08923664239545287,3.297330622951701,,,,,,,,,
Mass-H1-Ideal,CH,HPl,2025-Hlow,379.1447510833203,1250.165598278432,0.3206756145518955,44.037838917672794,0.11615046441192879,3.297330622951701,,,,,,,,,
Mass-H1-Ideal,CH,HPl,2030-Hhigh,379.1447510833203,1250.165598278432,0.3206756145518955,31.64883122827017,0.08347426975539236,3.297330622951701,,,,,,,,,
Mass-H1-Ideal,CH,HPl,2030-Hlow,379.1447510833203,1250.165598278432,0.3206756145518955,41.28110797854782,0.10887954497746943,3.297330622951701,,,,,,,,,
Mass-H1-Ideal,CH,HPl,2035-Hhigh,379.1447510833203,1250.165598278432,0.3206756145518955,26.986791721331702,0.07117807023365892,3.297330622951701,,,,,,,,,
Mass-H1-Ideal,CH,HPl,2035-Hlow,379.1447510833203,1250.165598278432,0.3206756145518955,36.717908483768895,0.09684403747870908,3.297330622951701,,,,,,,,,
Mass-H1-Ideal,CH,HPl,2040-Hhigh,379.1447510833203,1250.165598278432,0.3206756145518955,27.029067504258137,0.07128957324881512,3.297330622951701,,,,,,,,,
Mass-H1-Ideal,CH,HPl,2040-Hlow,379.1447510833203,1250.165598278432,0.3206756145518955,43.16572683742423,0.11385025564533846,3.297330622951701,,,,,,,,,
Mass-H1-Ideal,CH,HPl,2045-Hhigh,379.1447510833203,1250.165598278432,0.3206756145518955,25.407222836963275,0.06701193347492716,3.297330622951701,,,,,,,,,
Mass-H1-Ideal,CH,HPl,2045-Hlow,379.1447510833203,1250.165598278432,0.3206756145518955,40.18752350285426,0.10599519942720428,3.297330622951701,,,,,,,,,
Mass-Nom-Real,CH,HPl,2024-Hhigh,966.4374279657854,3460.5966624348066,0.5589968642672664,101.21534822192787,0.10473036876786934,3.580776739699408,,,,,,,,,
Mass-Nom-Real,CH,HPl,2024-Hlow,966.4374279657854,3460.5966624348066,0.5745151575664859,147.75424422402617,0.15288547395668234,3.580776739699408,,,,,,,,,
Mass-Nom-Real,CH,HPl,2025-Hhigh,966.4374279657854,3460.5966624348066,0.5745151575664859,80.28392932303976,0.08307204067212723,3.580776739699408,,,,,,,,,
Mass-Nom-Real,CH,HPl,2025-Hlow,966.4374279657854,3460.5966624348066,0.5745151575664859,104.07259690653149,0.10768684437810902,3.580776739699408,,,,,,,,,
Mass-Nom-Real,CH,HPl,2030-Hhigh,966.4374279657854,3460.5966624348066,0.5745151575664859,75.13386027865191,0.07774311932102847,3.580776739699408,,,,,,,,,
Mass-Nom-Real,CH,HPl,2030-Hlow,966.4374279657854,3460.5966624348066,0.5745151575664859,97.42309807647004,0.10080642083733442,3.580776739699408,,,,,,,,,
Mass-Nom-Real,CH,HPl,2035-Hhigh,966.4374279657854,3460.5966624348066,0.5745151575664859,63.435911737236744,0.06563892281237534,3.580776739699408,,,,,,,,,
Mass-Nom-Real,CH,HPl,2035-Hlow,966.4374279657854,3460.5966624348066,0.5745151575664859,84.86552812570069,0.0878127498686911,3.580776739699408,,,,,,,,,
Mass-Nom-Real,CH,HPl,2040-Hhigh,966.4374279657854,3460.5966624348066,0.5745151575664859,64.34855458208578,0.06658326004357097,3.580776739699408,,,,,,,,,
Mass-Nom-Real,CH,HPl,2040-Hlow,966.4374279657854,3460.5966624348066,0.5745151575664859,98.02679018472568,0.10143107804822735,3.580776739699408,,,,,,,,,
Mass-Nom-Real,CH,HPl,2045-Hhigh,966.4374279657854,3460.5966624348066,0.5745151575664859,60.141619976780376,0.062230226434183133,3.580776739699408,,,,,,,,,
Mass-Nom-Real,CH,HPl,2045-Hlow,966.4374279657854,3460.5966624348066,0.5745151575664859,90.70214947946914,0.09385206621227862,3.580776739699408,,,,,,,,,
Mass-H1-Real,CH,HPl,2024-Hhigh,379.307631542679,1250.5978533516566,0.3153073962388035,42.39136632095127,0.11175985610556183,3.2970542887981455,,,,,,,,,
Mass-H1-Real,CH,HPl,2024-Hlow,379.307631542679,1250.5978533516566,0.3210151679358433,63.95091920051252,0.16859908391618236,3.2970542887981455,,,,,,,,,
Mass-H1-Real,CH,HPl,2025-Hhigh,379.307631542679,1250.5978533516566,0.3210151679358433,33.870664140582775,0.08929602603255746,3.2970542887981455,,,,,,,,,
Mass-H1-Real,CH,HPl,2025-Hlow,379.307631542679,1250.5978533516566,0.3210151679358433,44.07930380070404,0.11620990492975176,3.2970542887981455,,,,,,,,,
Mass-H1-Real,CH,HPl,2030-Hhigh,379.307631542679,1250.5978533516566,0.3210151679358433,31.684402479059294,0.08353220405873701,3.2970542887981455,,,,,,,,,
Mass-H1-Real,CH,HPl,2030-Hlow,379.307631542679,1250.5978533516566,0.3210151679358433,41.32340606741888,0.10894430438784684,3.2970542887981455,,,,,,,,,
Mass-H1-Real,CH,HPl,2035-Hhigh,379.307631542679,1250.5978533516566,0.3210151679358433,27.018442223480367,0.07123094811879707,3.2970542887981455,,,,,,,,,
Mass-H1-Real,CH,HPl,2035-Hlow,379.307631542679,1250.5978533516566,0.3210151679358433,36.75873458271716,0.09691008439038257,3.2970542887981455,,,,,,,,,
Mass-H1-Real,CH,HPl,2040-Hhigh,379.307631542679,1250.5978533516566,0.3210151679358433,27.060097949889084,0.07134076854671544,3.2970542887981455,,,,,,,,,
Mass-H1-Real,CH,HPl,2040-Hlow,379.307631542679,1250.5978533516566,0.3210151679358433,43.225112483163876,0.11395792989285074,3.2970542887981455,,,,,,,,,
Mass-H1-Real,CH,HPl,2045-Hhigh,379.307631542679,1250.5978533516566,0.3210151679358433,25.439684180386553,0.06706873805022329,3.2970542887981455,,,,,,,,,
Mass-H1-Real,CH,HPl,2045-Hlow,379.307631542679,1250.5978533516566,0.3210151679358433,40.247875187602126,0.10610879360351996,3.2970542887981455,,,,,,,,,
Mod-Nom-Ideal,AK,HP,2024-Hhigh,852.3424616186181,3390.510784296661,0.5300393837297165,78.49478207049368,0.09209300909569877,3.977873844109564,,,,,,,,,
Mod-Nom-Ideal,AK,HP,2024-Hlow,852.3424616186181,3390.510784296661,0.5393239688581193,148.187833940054,0.17385949968823783,3.977873844109564,,,,,,,,,
Mod-Nom-Ideal,AK,HP,2025-Hhigh,852.3424616186181,3390.510784296661,0.5393239688581193,65.12863068175005,0.07641134123257132,3.977873844109564,,,,,,,,,
Mod-Nom-Ideal,AK,HP,2025-Hlow,852.3424616186181,3390.510784296661,0.5393239688581193,108.06955888996133,0.12679124149785373,3.977873844109564,,,,,,,,,
Mod-Nom-Ideal,AK,HP,2030-Hhigh,852.3424616186181,3390.510784296661,0.5393239688581193,65.87463256354708,0.0772865784938716,3.977873844109564,,,,,,,,,
Mod-Nom-Ideal,AK,HP,2030-Hlow,852.3424616186181,3390.510784296661,0.5393239688581193,101.52126968286598,0.11910854410570457,3.977873844109564,,,,,,,,,
Mod-Nom-Ideal,AK,HP,2035-Hhigh,852.3424616186181,3390.510784296661,0.5393239688581193,58.16082299470386,0.068236449096124,3.977873844109564,,,,,,,,,
Mod-Nom-Ideal,AK,HP,2035-Hlow,852.3424616186181,3390.510784296661,0.5393239688581193,89.47368487744085,0.10497386778963029,3.977873844109564,,,,,,,,,
Mod-Nom-Ideal,AK,HP,2040-Hhigh,852.3424616186181,3390.510784296661,0.5393239688581193,62.14400077974009,0.07290966199399146,3.977873844109564,,,,,,,,,
Mod-Nom-Ideal,AK,HP,2040-Hlow,852.3424616186181,3390.510784296661,0.5393239688581193,107.30039979186647,0.1258888353257686,3.977873844109564,,,,,,,,,
Mod-Nom-Ideal,AK,HP,2045-Hhigh,852.3424616186181,3390.510784296661,0.5393239688581193,59.82864439709668,0.07019319943709093,3.977873844109564,,,,,,,,,
Mod-Nom-Ideal,AK,HP,2045-Hlow,852.3424616186181,3390.510784296661,0.5393239688581193,102.5272779276621,0.12028883053996912,3.977873844109564,,,,,,,,,
Mod-H1-Ideal,AK,HP,2024-Hhigh,551.4008394872418,2262.1880286971764,0.42693272359264817,50.525853305422906,0.0916318033763022,4.102619848748922,,,,,,,,,
Mod-H1-Ideal,AK,HP,2024-Hlow,551.4008394872418,2262.1880286971764,0.43445306448107024,97.09197377784442,0.17608238295054485,4.102619848748922,,,,,,,,,
Mod-H1-Ideal,AK,HP,2025-Hhigh,551.4008394872418,2262.1880286971764,0.43445306448107024,41.81370658983063,0.07583177898081185,4.102619848748922,,,,,,,,,
Mod-H1-Ideal,AK,HP,2025-Hlow,551.4008394872418,2262.1880286971764,0.43445306448107024,69.66237329095904,0.1263370823949768,4.102619848748922,,,,,,,,,
Mod-H1-Ideal,AK,HP,2030-Hhigh,551.4008394872418,2262.1880286971764,0.43445306448107024,42.49432307248598,0.07706611965263287,4.102619848748922,,,,,,,,,
Mod-H1-Ideal,AK,HP,2030-Hlow,551.4008394872418,2262.1880286971764,0.43445306448107024,66.29469297780571,0.12022958296446269,4.102619848748922,,,,,,,,,
Mod-H1-Ideal,AK,HP,2035-Hhigh,551.4008394872418,2262.1880286971764,0.43445306448107024,37.86303987426699,0.06866699715124945,4.102619848748922,,,,,,,,,
Mod-H1-Ideal,AK,HP,2035-Hlow,551.4008394872418,2262.1880286971764,0.43445306448107024,59.4674362770597,0.10784792480976199,4.102619848748922,,,,,,,,,
Mod-H1-Ideal,AK,HP,2040-Hhigh,551.4008394872418,2262.1880286971764,0.43445306448107024,40.17647030682586,0.07286254831274239,4.102619848748922,,,,,,,,,
Mod-H1-Ideal,AK,HP,2040-Hlow,551.4008394872418,2262.1880286971764,0.43445306448107024,71.47405303981459,0.129622677227477,4.102619848748922,,,,,,,,,
Mod-H1-Ideal,AK,HP,2045-Hhigh,551.4008394872418,2262.1880286971764,0.43445306448107024,38.685504733565594,0.07015858874923003,4.102619848748922,,,,,,,,,
Mod-H1-Ideal,AK,HP,2045-Hlow,551.4008394872418,2262.1880286971764,0.43445306448107024,68.09525157861577,0.12349500889759046,4.102619848748922,,,,,,,,,
Mod-Nom-Real,AK,HP,2024-Hhigh,764.5449404258283,3074.818888068081,0.5489041681056945,71.89273209181533,0.09403336323404779,4.021763437941922,,,,,,,,,
Mod-Nom-Real,AK,HP,2024-Hlow,764.5449404258283,3074.818888068081,0.558192017861718,130.9713371642163,0.17130626368578053,4.021763437941922,,,,,,,,,
Mod-Nom-Real,AK,HP,2025-Hhigh,764.5449404258283,3074.818888068081,0.558192017861718,58.9988898660854,0.07716863554577291,4.021763437941922,,,,,,,,,
Mod-Nom-Real,AK,HP,2025-Hlow,764.5449404258283,3074.818888068081,0.558192017861718,93.96643768492083,0.12290505464935049,4.021763437941922,,,,,,,,,
Mod-Nom-Real,AK,HP,2030-Hhigh,764.5449404258283,3074.818888068081,0.558192017861718,60.15406672915059,0.07867956943858213,4.021763437941922,,,,,,,,,
Mod-Nom-Real,AK,HP,2030-Hlow,764.5449404258283,3074.818888068081,0.558192017861718,90.29174569130112,0.11809867663372589,4.021763437941922,,,,,,,,,
Mod-Nom-Real,AK,HP,2035-Hhigh,764.5449404258283,3074.818888068081,0.558192017861718,53.81800349994398,0.07039220411290537,4.021763437941922,,,,,,,,,
Mod-Nom-Real,AK,HP,2035-Hlow,764.5449404258283,3074.818888068081,0.558192017861718,81.54791365320486,0.10666202775180901,4.021763437941922,,,,,,,,,
Mod-Nom-Real,AK,HP,2040-Hhigh,764.5449404258283,3074.818888068081,0.558192017861718,56.35548060592309,0.07371114191735388,4.021763437941922,,,,,,,,,
Mod-Nom-Real,AK,HP,2040-Hlow,764.5449404258283,3074.818888068081,0.558192017861718,97.43372232717137,0.1274401505723179,4.021763437941922,,,,,,,,,
Mod-Nom-Real,AK,HP,2045-Hhigh,764.5449404258283,3074.818888068081,0.558192017861718,54.431716621117616,0.07119492098240923,4.021763437941922,,,,,,,,,
Mod-Nom-Real,AK,HP,2045-Hlow,764.5449404258283,3074.818888068081,0.558192017861718,92.89597035068252,0.12150491807445915,4.021763437941922,,,,,,,,,
Mod-H1-Real,AK,HP,2024-Hhigh,529.7986599032018,2185.267240580935,0.437287761196181,48.92167889579923,0.09234013333430777,4.124712661561279,,,,,,,,,
Mod-H1-Real,AK,HP,2024-Hlow,529.7986599032018,2185.267240580935,0.4448133678660364,92.35235084974967,0.17431593893918707,4.124712661561279,,,,,,,,,
Mod-H1-Real,AK,HP,2025-Hhigh,529.7986599032018,2185.267240580935,0.4448133678660364,40.284931584709376,0.07603819079510268,4.124712661561279,,,,,,,,,
Mod-H1-Real,AK,HP,2025-Hlow,529.7986599032018,2185.267240580935,0.4448133678660364,65.84508331550273,0.12428321983210211,4.124712661561279,,,,,,,,,
Mod-H1-Real,AK,HP,2030-Hhigh,529.7986599032018,2185.267240580935,0.4448133678660364,41.10406141639418,0.07758430612849078,4.124712661561279,,,,,,,,,
Mod-H1-Real,AK,HP,2030-Hlow,529.7986599032018,2185.267240580935,0.4448133678660364,63.279034260515715,0.11943977788104874,4.124712661561279,,,,,,,,,
Mod-H1-Real,AK,HP,2035-Hhigh,529.7986599032018,2185.267240580935,0.4448133678660364,36.8060527711691,0.06947177400919406,4.124712661561279,,,,,,,,,
Mod-H1-Real,AK,HP,2035-Hlow,529.7986599032018,2185.267240580935,0.4448133678660364,57.391387248115805,0.10832678825311041,4.124712661561279,,,,,,,,,
Mod-H1-Real,AK,HP,2040-Hhigh,529.7986599032018,2185.267240580935,0.4448133678660364,38.675926850272575,0.07300117908440719,4.124712661561279,,,,,,,,,
Mod-H1-Real,AK,HP,2040-Hlow,529.7986599032018,2185.267240580935,0.4448133678660364,68.8473795664551,0.12995008250687917,4.124712661561279,,,,,,,,,
Mod-H1-Real,AK,HP,2045-Hhigh,529.7986599032018,2185.267240580935,0.4448133678660364,37.29163858934494,0.07038832185071665,4.124712661561279,,,,,,,,,
Mod-H1-Real,AK,HP,2045-Hlow,529.7986599032018,2185.267240580935,0.4448133678660364,65.5220838679048,0.1236735553084943,4.124712661561279,,,,,,,,,
Mod-Nom-Ideal,CH,HP,2024-Hhigh,3135.3836952043225,10923.711684360258,1.383315404454077,310.1949289417369,0.0989336422895197,3.4840111279102626,,,,,,,,,
Mod-Nom-Ideal,CH,HP,2024-Hlow,3135.3836952043225,10923.711684360258,1.41308414312438,512.3253514859994,0.16340116594648962,3.4840111279102626,,,,,,,,,
Mod-Nom-Ideal,CH,HP,2025-Hhigh,3135.3836952043225,10923.711684360258,1.41308414312438,256.39901228975424,0.08177596020605879,3.4840111279102626,,,,,,,,,
Mod-Nom-Ideal,CH,HP,2025-Hlow,3135.3836952043225,10923.711684360258,1.41308414312438,379.06625622502077,0.12089947932204141,3.4840111279102626,,,,,,,,,
Mod-Nom-Ideal,CH,HP,2030-Hhigh,3135.3836952043225,10923.711684360258,1.41308414312438,246.19878394115625,0.07852269702037609,3.4840111279102626,,,,,,,,,
Mod-Nom-Ideal,CH,HP,2030-Hlow,3135.3836952043225,10923.711684360258,1.41308414312438,347.11239155018205,0.11070810634153085,3.4840111279102626,,,,,,,,,
Mod-Nom-Ideal,CH,HP,2035-Hhigh,3135.3836952043225,10923.711684360258,1.41308414312438,207.03431950544646,0.06603157368653559,3.4840111279102626,,,,,,,,,
Mod-Nom-Ideal,CH,HP,2035-Hlow,3135.3836952043225,10923.711684360258,1.41308414312438,293.6804032654377,0.0936664956555818,3.4840111279102626,,,,,,,,,
Mod-Nom-Ideal,CH,HP,2040-Hhigh,3135.3836952043225,10923.711684360258,1.41308414312438,222.0022375304525,0.07080544491891458,3.4840111279102626,,,,,,,,,
Mod-Nom-Ideal,CH,HP,2040-Hlow,3135.3836952043225,10923.711684360258,1.41308414312438,343.2499902153748,0.10947623116761993,3.4840111279102626,,,,,,,,,
Mod-Nom-Ideal,CH,HP,2045-Hhigh,3135.3836952043225,10923.711684360258,1.41308414312438,210.01689479390362,0.06698283693798998,3.4840111279102626,,,,,,,,,
Mod-Nom-Ideal,CH,HP,2045-Hlow,3135.3836952043225,10923.711684360258,1.41308414312438,323.2499098001145,0.10309740090009921,3.4840111279102626,,,,,,,,,
Mod-H1-Ideal,CH,HP,2024-Hhigh,2439.432564620969,8463.566682107588,1.200326943552522,239.80593426027067,0.09830398172844386,3.469481716713341,,,,,,,,,
Mod-H1-Ideal,CH,HP,2024-Hlow,2439.432564620969,8463.566682107588,1.2257133997173715,406.8528299157026,0.16678174909045623,3.469481716713341,,,,,,,,,
Mod-H1-Ideal,CH,HP,2025-Hhigh,2439.432564620969,8463.566682107588,1.2257133997173715,197.24733992614253,0.08085787768303822,3.469481716713341,,,,,,,,,
Mod-H1-Ideal,CH,HP,2025-Hlow,2439.432564620969,8463.566682107588,1.2257133997173715,298.492909282299,0.12236161540652297,3.469481716713341,,,,,,,,,
Mod-H1-Ideal,CH,HP,2030-Hhigh,2439.432564620969,8463.566682107588,1.2257133997173715,191.2878115190578,0.07841487987546787,3.469481716713341,,,,,,,,,
Mod-H1-Ideal,CH,HP,2030-Hlow,2439.432564620969,8463.566682107588,1.2257133997173715,274.8858595881245,0.11268434453765495,3.469481716713341,,,,,,,,,
Mod-H1-Ideal,CH,HP,2035-Hhigh,2439.432564620969,8463.566682107588,1.2257133997173715,162.63458035108812,0.06666902078367463,3.469481716713341,,,,,,,,,
Mod-H1-Ideal,CH,HP,2035-Hlow,2439.432564620969,8463.566682107588,1.2257133997173715,235.4679219968578,0.09652569429950363,3.469481716713341,,,,,,,,,
Mod-H1-Ideal,CH,HP,2040-Hhigh,2439.432564620969,8463.566682107588,1.2257133997173715,173.3735768366469,0.07107127261932945,3.469481716713341,,,,,,,,,
Mod-H1-Ideal,CH,HP,2040-Hlow,2439.432564620969,8463.566682107588,1.2257133997173715,276.33230642135265,0.11327728850921864,3.469481716713341,,,,,,,,,
Mod-H1-Ideal,CH,HP,2045-Hhigh,2439.432564620969,8463.566682107588,1.2257133997173715,164.56927869956493,0.06746211438115124,3.469481716713341,,,,,,,,,
Mod-H1-Ideal,CH,HP,2045-Hlow,2439.432564620969,8463.566682107588,1.2257133997173715,260.8921244882459,0.10694787315376453,3.469481716713341,,,,,,,,,
Mod-Nom-Real,CH,HP,2024-Hhigh,2482.5706613987118,8925.16570083242,1.5244378301287786,251.89537269829012,0.10146553998038835,3.595130579608102,,,,,,,,,
Mod-Nom-Real,CH,HP,2024-Hlow,2482.5706613987118,8925.16570083242,1.5542260074640606,398.8704532089279,0.16066831829237813,3.595130579608102,,,,,,,,,
Mod-Nom-Real,CH,HP,2025-Hhigh,2482.5706613987118,8925.16570083242,1.5542260074640606,203.2532897932319,0.08187210658435656,3.595130579608102,,,,,,,,,
Mod-Nom-Real,CH,HP,2025-Hlow,2482.5706613987118,8925.16570083242,1.5542260074640606,285.3460672270412,0.11493975646448412,3.595130579608102,,,,,,,,,
Mod-Nom-Real,CH,HP,2030-Hhigh,2482.5706613987118,8925.16570083242,1.5542260074640606,198.77117290203668,0.08006667282132726,3.595130579608102,,,,,,,,,
Mod-Nom-Real,CH,HP,2030-Hlow,2482.5706613987118,8925.16570083242,1.5542260074640606,271.68905362614015,0.10943859840552014,3.595130579608102,,,,,,,,,
Mod-Nom-Real,CH,HP,2035-Hhigh,2482.5706613987118,8925.16570083242,1.5542260074640606,172.59983672972945,0.06952464210323202,3.595130579608102,,,,,,,,,
Mod-Nom-Real,CH,HP,2035-Hlow,2482.5706613987118,8925.16570083242,1.5542260074640606,241.23762438271362,0.09717251079040679,3.595130579608102,,,,,,,,,
Mod-Nom-Real,CH,HP,2040-Hhigh,2482.5706613987118,8925.16570083242,1.5542260074640606,178.45528585237676,0.07188326545027032,3.595130579608102,,,,,,,,,
Mod-Nom-Real,CH,HP,2040-Hlow,2482.5706613987118,8925.16570083242,1.5542260074640606,281.89474628144416,0.1135495358358183,3.595130579608102,,,,,,,,,
Mod-Nom-Real,CH,HP,2045-Hhigh,2482.5706613987118,8925.16570083242,1.5542260074640606,170.1645624004212,0.06854369345706693,3.595130579608102,,,,,,,,,
Mod-Nom-Real,CH,HP,2045-Hlow,2482.5706613987118,8925.16570083242,1.5542260074640606,264.8978387452798,0.10670304086975434,3.595130579608102,,,,,,,,,
Mod-H1-Real,CH,HP,2024-Hhigh,2080.3460924693813,7364.595176264991,1.3375750470956225,208.4467180159929,0.10019809625453503,3.540081721461634,,,,,,,,,
Mod-H1-Real,CH,HP,2024-Hlow,2080.3460924693813,7364.595176264991,1.3630412188491372,340.28991300312185,0.16357370258484058,3.540081721461634,,,,,,,,,
Mod-H1-Real,CH,HP,2025-Hhigh,2080.3460924693813,7364.595176264991,1.3630412188491372,168.167586178356,0.08083635063757119,3.540081721461634,,,,,,,,,
Mod-H1-Real,CH,HP,2025-Hlow,2080.3460924693813,7364.595176264991,1.3630412188491372,243.09016301588233,0.11685082780016333,3.540081721461634,,,,,,,,,
Mod-H1-Real,CH,HP,2030-Hhigh,2080.3460924693813,7364.595176264991,1.3630412188491372,165.39544109915107,0.0795038103024607,3.540081721461634,,,,,,,,,
Mod-H1-Real,CH,HP,2030-Hlow,2080.3460924693813,7364.595176264991,1.3630412188491372,231.05810177451048,0.11106714532303774,3.540081721461634,,,,,,,,,
Mod-H1-Real,CH,HP,2035-Hhigh,2080.3460924693813,7364.595176264991,1.3630412188491372,144.25984452114795,0.0693441562648409,3.540081721461634,,,,,,,,,
Mod-H1-Real,CH,HP,2035-Hlow,2080.3460924693813,7364.595176264991,1.3630412188491372,205.83038202659748,0.09894045167372885,3.540081721461634,,,,,,,,,
Mod-H1-Real,CH,HP,2040-Hhigh,2080.3460924693813,7364.595176264991,1.3630412188491372,149.21085890565797,0.07172405564909824,3.540081721461634,,,,,,,,,
Mod-H1-Real,CH,HP,2040-Hlow,2080.3460924693813,7364.595176264991,1.3630412188491372,241.45250891306276,0.1160636250800257,3.540081721461634,,,,,,,,,
Mod-H1-Real,CH,HP,2045-Hhigh,2080.3460924693813,7364.595176264991,1.3630412188491372,142.48920619700957,0.06849302945928298,3.540081721461634,,,,,,,,,
Mod-H1-Real,CH,HP,2045-Hlow,2080.3460924693813,7364.595176264991,1.3630412188491372,227.50390468570856,0.10935868099507437,3.540081721461634,,,,,,,,,
Mass-Nom-Ideal,AK,HP,2024-Hhigh,622.8780313643073,2451.8068836309394,0.3691914919840523,61.59289339475307,0.09888435663695574,3.9362551898975755,,,,,,,,,
Mass-Nom-Ideal,AK,HP,2024-Hlow,622.8780313643073,2451.8068836309394,0.37015996802103296,105.36452697622592,0.16915755841547828,3.9362551898975755,,,,,,,,,
Mass-Nom-Ideal,AK,HP,2025-Hhigh,622.8780313643073,2451.8068836309394,0.37015996802103296,50.81716665083428,0.08158445809932967,3.9362551898975755,,,,,,,,,
Mass-Nom-Ideal,AK,HP,2025-Hlow,622.8780313643073,2451.8068836309394,0.37015996802103296,76.55703244386582,0.12290854483369851,3.9362551898975755,,,,,,,,,
Mass-Nom-Ideal,AK,HP,2030-Hhigh,622.8780313643073,2451.8068836309394,0.37015996802103296,49.31375767889796,0.07917080904408307,3.9362551898975755,,,,,,,,,
Mass-Nom-Ideal,AK,HP,2030-Hlow,622.8780313643073,2451.8068836309394,0.37015996802103296,70.56493828726168,0.11328853280103861,3.9362551898975755,,,,,,,,,
Mass-Nom-Ideal,AK,HP,2035-Hhigh,622.8780313643073,2451.8068836309394,0.37015996802103296,42.62813986080555,0.06843737893185273,3.9362551898975755,,,,,,,,,
Mass-Nom-Ideal,AK,HP,2035-Hlow,622.8780313643073,2451.8068836309394,0.37015996802103296,60.717001572372794,0.09747815545746996,3.9362551898975755,,,,,,,,,
Mass-Nom-Ideal,AK,HP,2040-Hhigh,622.8780313643073,2451.8068836309394,0.37015996802103296,44.391691087813236,0.07126867356451931,3.9362551898975755,,,,,,,,,
Mass-Nom-Ideal,AK,HP,2040-Hlow,622.8780313643073,2451.8068836309394,0.37015996802103296,72.20942385162257,0.11592867337680901,3.9362551898975755,,,,,,,,,
Mass-Nom-Ideal,AK,HP,2045-Hhigh,622.8780313643073,2451.8068836309394,0.37015996802103296,42.18372750027274,0.06772389677618992,3.9362551898975755,,,,,,,,,
Mass-Nom-Ideal,AK,HP,2045-Hlow,622.8780313643073,2451.8068836309394,0.37015996802103296,68.53934670474865,0.11003654528419471,3.9362551898975755,,,,,,,,,
Mass-H1-Ideal,AK,HP,2024-Hhigh,135.95499194893856,538.9339900224929,0.13584818858014883,14.519684646991777,0.10679773091704513,3.964061799399787,,,,,,,,,
Mass-H1-Ideal,AK,HP,2024-Hlow,135.95499194893856,538.9339900224929,0.13584818858014883,24.225191307722866,0.1781853756191701,3.964061799399787,,,,,,,,,
Mass-H1-Ideal,AK,HP,2025-Hhigh,135.95499194893856,538.9339900224929,0.13584818858014883,11.918601005684057,0.08766578435134179,3.964061799399787,,,,,,,,,
Mass-H1-Ideal,AK,HP,2025-Hlow,135.95499194893856,538.9339900224929,0.13584818858014883,16.826124397056144,0.12376246106046355,3.964061799399787,,,,,,,,,
Mass-H1-Ideal,AK,HP,2030-Hhigh,135.95499194893856,538.9339900224929,0.13584818858014883,11.598499751928657,0.08531131947170263,3.964061799399787,,,,,,,,,
Mass-H1-Ideal,AK,HP,2030-Hlow,135.95499194893856,538.9339900224929,0.13584818858014883,15.823983919612818,0.116391341669572,3.964061799399787,,,,,,,,,
Mass-H1-Ideal,AK,HP,2035-Hhigh,135.95499194893856,538.9339900224929,0.13584818858014883,10.354847662124126,0.07616379151427671,3.964061799399787,,,,,,,,,
Mass-H1-Ideal,AK,HP,2035-Hlow,135.95499194893856,538.9339900224929,0.13584818858014883,14.170771766510294,0.10423134570764785,3.964061799399787,,,,,,,,,
Mass-H1-Ideal,AK,HP,2040-Hhigh,135.95499194893856,538.9339900224929,0.13584818858014883,10.268489987432453,0.07552859840033717,3.964061799399787,,,,,,,,,
Mass-H1-Ideal,AK,HP,2040-Hlow,135.95499194893856,538.9339900224929,0.13584818858014883,17.19672886102209,0.12648839600888484,3.964061799399787,,,,,,,,,
Mass-H1-Ideal,AK,HP,2045-Hhigh,135.95499194893856,538.9339900224929,0.13584818858014883,9.834532831396933,0.07233668062067591,3.964061799399787,,,,,,,,,
Mass-H1-Ideal,AK,HP,2045-Hlow,135.95499194893856,538.9339900224929,0.13584818858014883,16.37910080186984,0.12047443471602307,3.964061799399787,,,,,,,,,
Mass-Nom-Real,AK,HP,2024-Hhigh,537.7658421230735,2154.041102049094,0.3896577579473896,54.53701883559462,0.10141406270856682,4.005537230749064,,,,,,,,,
Mass-Nom-Real,AK,HP,2024-Hlow,537.7658421230735,2154.041102049094,0.3906395561872723,89.61676066259425,0.1666464353868063,4.005537230749064,,,,,,,,,
Mass-Nom-Real,AK,HP,2025-Hhigh,537.7658421230735,2154.041102049094,0.3906395561872723,44.21887164057641,0.08222699951711779,4.005537230749064,,,,,,,,,
Mass-Nom-Real,AK,HP,2025-Hlow,537.7658421230735,2154.041102049094,0.3906395561872723,63.27904752811463,0.11767026198297016,4.005537230749064,,,,,,,,,
Mass-Nom-Real,AK,HP,2030-Hhigh,537.7658421230735,2154.041102049094,0.3906395561872723,43.31048550838066,0.0805378142601861,4.005537230749064,,,,,,,,,
Mass-Nom-Real,AK,HP,2030-Hlow,537.7658421230735,2154.041102049094,0.3906395561872723,60.121841368752435,0.11179929378071748,4.005537230749064,,,,,,,,,
Mass-Nom-Real,AK,HP,2035-Hhigh,537.7658421230735,2154.041102049094,0.3906395561872723,38.222811658886535,0.07107705373770994,4.005537230749064,,,,,,,,,
Mass-Nom-Real,AK,HP,2035-Hlow,537.7658421230735,2154.041102049094,0.3906395561872723,53.59329972306651,0.09965917417045819,4.005537230749064,,,,,,,,,
Mass-Nom-Real,AK,HP,2040-Hhigh,537.7658421230735,2154.041102049094,0.3906395561872723,38.57311853042281,0.07172846527056832,4.005537230749064,,,,,,,,,
Mass-Nom-Real,AK,HP,2040-Hlow,537.7658421230735,2154.041102049094,0.3906395561872723,63.371992984217876,0.11784309827866403,4.005537230749064,,,,,,,,,
Mass-Nom-Real,AK,HP,2045-Hhigh,537.7658421230735,2154.041102049094,0.3906395561872723,36.80083756830366,0.06843282835335122,4.005537230749064,,,,,,,,,
Mass-Nom-Real,AK,HP,2045-Hlow,537.7658421230735,2154.041102049094,0.3906395561872723,59.99899307819241,0.11157085180665119,4.005537230749064,,,,,,,,,
Mass-H1-Real,AK,HP,2024-Hhigh,133.31067684186016,530.277894566634,0.13592193958282436,14.276762445988032,0.10709391613789379,3.977760124912398,,,,,,,,,
Mass-H1-Real,AK,HP,2024-Hlow,133.31067684186016,530.277894566634,0.13592193958282436,23.65910440363814,0.17747343996838125,3.977760124912398,,,,,,,,,
Mass-H1-Real,AK,HP,2025-Hhigh,133.31067684186016,530.277894566634,0.13592193958282436,11.681931923066465,0.08762937973020841,3.977760124912398,,,,,,,,,
Mass-H1-Real,AK,HP,2025-Hlow,133.31067684186016,530.277894566634,0.13592193958282436,16.373524620689732,0.12282230507398018,3.977760124912398,,,,,,,,,
Mass-H1-Real,AK,HP,2030-Hhigh,133.31067684186016,530.277894566634,0.13592193958282436,11.386092772843002,0.08541020901386435,3.977760124912398,,,,,,,,,
Mass-H1-Real,AK,HP,2030-Hlow,133.31067684186016,530.277894566634,0.13592193958282436,15.454384851298695,0.11592758522733677,3.977760124912398,,,,,,,,,
Mass-H1-Real,AK,HP,2035-Hhigh,133.31067684186016,530.277894566634,0.13592193958282436,10.189769444266224,0.07643625916290142,3.977760124912398,,,,,,,,,
Mass-H1-Real,AK,HP,2035-Hlow,133.31067684186016,530.277894566634,0.13592193958282436,13.91521861172291,0.1043818765411404,3.977760124912398,,,,,,,,,
Mass-H1-Real,AK,HP,2040-Hhigh,133.31067684186016,530.277894566634,0.13592193958282436,10.049454951132404,0.07538372161333765,3.977760124912398,,,,,,,,,
Mass-H1-Real,AK,HP,2040-Hlow,133.31067684186016,530.277894566634,0.13592193958282436,16.858333929072145,0.12645899284623954,3.977760124912398,,,,,,,,,
Mass-H1-Real,AK,HP,2045-Hhigh,133.31067684186016,530.277894566634,0.13592193958282436,9.629423359056137,0.07223294928191719,3.977760124912398,,,,,,,,,
Mass-H1-Real,AK,HP,2045-Hlow,133.31067684186016,530.277894566634,0.13592193958282436,16.048780397855495,0.12038630946937107,3.977760124912398,,,,,,,,,
Mass-Nom-Ideal,CH,HP,2024-Hhigh,1990.511485093362,6756.82744202727,0.8348495856790726,206.7320099517899,0.10385873756568326,3.3945181892333323,,,,,,,,,
Mass-Nom-Ideal,CH,HP,2024-Hlow,1990.511485093362,6756.82744202727,0.8503331514469272,316.00273356777353,0.15875453918968566,3.3945181892333323,,,,,,,,,
Mass-Nom-Ideal,CH,HP,2025-Hhigh,1990.511485093362,6756.82744202727,0.8503331514469272,170.51724131973998,0.08566503765324526,3.3945181892333323,,,,,,,,,
Mass-Nom-Ideal,CH,HP,2025-Hlow,1990.511485093362,6756.82744202727,0.8503331514469272,231.7535603434701,0.11642915003457016,3.3945181892333323,,,,,,,,,
Mass-Nom-Ideal,CH,HP,2030-Hhigh,1990.511485093362,6756.82744202727,0.8503331514469272,157.98997330137504,0.07937154569794645,3.3945181892333323,,,,,,,,,
Mass-Nom-Ideal,CH,HP,2030-Hlow,1990.511485093362,6756.82744202727,0.8503331514469272,210.23596700900856,0.105619067552955,3.3945181892333323,,,,,,,,,
Mass-Nom-Ideal,CH,HP,2035-Hhigh,1990.511485093362,6756.82744202727,0.8503331514469272,130.1870902212753,0.0654038377553843,3.3945181892333323,,,,,,,,,
Mass-Nom-Ideal,CH,HP,2035-Hlow,1990.511485093362,6756.82744202727,0.8503331514469272,175.43272521946344,0.0881344953461723,3.3945181892333323,,,,,,,,,
Mass-Nom-Ideal,CH,HP,2040-Hhigh,1990.511485093362,6756.82744202727,0.8503331514469272,137.66982534021813,0.06916303993782831,3.3945181892333323,,,,,,,,,
Mass-Nom-Ideal,CH,HP,2040-Hlow,1990.511485093362,6756.82744202727,0.8503331514469272,203.9640993943955,0.10246818514831572,3.3945181892333323,,,,,,,,,
Mass-Nom-Ideal,CH,HP,2045-Hhigh,1990.511485093362,6756.82744202727,0.8503331514469272,128.76768634664168,0.06469075275925978,3.3945181892333323,,,,,,,,,
Mass-Nom-Ideal,CH,HP,2045-Hlow,1990.511485093362,6756.82744202727,0.8503331514469272,190.21989332241228,0.09556332367180001,3.3945181892333323,,,,,,,,,
Mass-H1-Ideal,CH,HP,2024-Hhigh,584.3428323936963,1918.6507080288188,0.4295144949068596,66.2425853284777,0.11336253592282841,3.2834332889295084,,,,,,,,,
Mass-H1-Ideal,CH,HP,2024-Hlow,584.3428323936963,1918.6507080288188,0.4348691032762066,103.26169913791139,0.1767142393360267,3.2834332889295084,,,,,,,,,
Mass-H1-Ideal,CH,HP,2025-Hhigh,584.3428323936963,1918.6507080288188,0.4348691032762066,54.27149824434127,0.09287612551355175,3.2834332889295084,,,,,,,,,
Mass-H1-Ideal,CH,HP,2025-Hlow,584.3428323936963,1918.6507080288188,0.4348691032762066,72.38030804037138,0.12386616901566737,3.2834332889295084,,,,,,,,,
Mass-H1-Ideal,CH,HP,2030-Hhigh,584.3428323936963,1918.6507080288188,0.4348691032762066,50.553735733357954,0.08651382875061567,3.2834332889295084,,,,,,,,,
Mass-H1-Ideal,CH,HP,2030-Hlow,584.3428323936963,1918.6507080288188,0.4348691032762066,66.89295562113885,0.1144755303100394,3.2834332889295084,,,,,,,,,
Mass-H1-Ideal,CH,HP,2035-Hhigh,584.3428323936963,1918.6507080288188,0.4348691032762066,42.73607771825155,0.07313528180569598,3.2834332889295084,,,,,,,,,
Mass-H1-Ideal,CH,HP,2035-Hlow,584.3428323936963,1918.6507080288188,0.4348691032762066,58.49357443317697,0.10010146645174794,3.2834332889295084,,,,,,,,,
Mass-H1-Ideal,CH,HP,2040-Hhigh,584.3428323936963,1918.6507080288188,0.4348691032762066,43.6774529327114,0.07474627994287446,3.2834332889295084,,,,,,,,,
Mass-H1-Ideal,CH,HP,2040-Hlow,584.3428323936963,1918.6507080288188,0.4348691032762066,69.3769619842494,0.11872647038392563,3.2834332889295084,,,,,,,,,
Mass-H1-Ideal,CH,HP,2045-Hhigh,584.3428323936963,1918.6507080288188,0.4348691032762066,41.27550100848454,0.07063576161173053,3.2834332889295084,,,,,,,,,
Mass-H1-Ideal,CH,HP,2045-Hlow,584.3428323936963,1918.6507080288188,0.4348691032762066,65.08362431721818,0.11137917795724515,3.2834332889295084,,,,,,,,,
Mass-Nom-Real,CH,HP,2024-Hhigh,1576.4882790668553,5534.237892551646,0.9828903175963857,168.60885376113538,0.10695217719026572,3.510484642377066,,,,,,,,,
Mass-Nom-Real,CH,HP,2024-Hlow,1576.4882790668553,5534.237892551646,0.9984948775988937,247.8533856597422,0.1572186669262457,3.510484642377066,,,,,,,,,
Mass-Nom-Real,CH,HP,2025-Hhigh,1576.4882790668553,5534.237892551646,0.9984948775988937,135.1779854986908,0.08574626738024621,3.510484642377066,,,,,,,,,
Mass-Nom-Real,CH,HP,2025-Hlow,1576.4882790668553,5534.237892551646,0.9984948775988937,174.13995752045307,0.11046067378536355,3.510484642377066,,,,,,,,,
Mass-Nom-Real,CH,HP,2030-Hhigh,1576.4882790668553,5534.237892551646,0.9984948775988937,127.45189601295974,0.0808454447174198,3.510484642377066,,,,,,,,,
Mass-Nom-Real,CH,HP,2030-Hlow,1576.4882790668553,5534.237892551646,0.9984948775988937,164.4312057423829,0.10430220631878846,3.510484642377066,,,,,,,,,
Mass-Nom-Real,CH,HP,2035-Hhigh,1576.4882790668553,5534.237892551646,0.9984948775988937,108.82178252507478,0.06902796802871751,3.510484642377066,,,,,,,,,
Mass-Nom-Real,CH,HP,2035-Hlow,1576.4882790668553,5534.237892551646,0.9984948775988937,145.0117718995089,0.09198404696376386,3.510484642377066,,,,,,,,,
Mass-Nom-Real,CH,HP,2040-Hhigh,1576.4882790668553,5534.237892551646,0.9984948775988937,110.28775160770222,0.06995786335498988,3.510484642377066,,,,,,,,,
Mass-Nom-Real,CH,HP,2040-Hlow,1576.4882790668553,5534.237892551646,0.9984948775988937,168.85686181158954,0.10710949396435614,3.510484642377066,,,,,,,,,
Mass-Nom-Real,CH,HP,2045-Hhigh,1576.4882790668553,5534.237892551646,0.9984948775988937,103.99722934260076,0.06596765147163551,3.510484642377066,,,,,,,,,
Mass-Nom-Real,CH,HP,2045-Hlow,1576.4882790668553,5534.237892551646,0.9984948775988937,157.32837071887116,0.09979672719926339,3.510484642377066,,,,,,,,,
Mass-H1-Real,CH,HP,2024-Hhigh,540.1156813347023,1797.9505396109193,0.4836241052351403,62.172515719527944,0.11510962904444998,3.328824919817045,,,,,,,,,
Mass-H1-Real,CH,HP,2024-Hlow,540.1156813347023,1797.9505396109193,0.48904129946396724,94.67335662441081,0.17528348073594074,3.328824919817045,,,,,,,,,
Mass-H1-Real,CH,HP,2025-Hhigh,540.1156813347023,1797.9505396109193,0.48904129946396724,50.1706563646125,0.09288872383900001,3.328824919817045,,,,,,,,,
Mass-H1-Real,CH,HP,2025-Hlow,540.1156813347023,1797.9505396109193,0.48904129946396724,64.73077935413346,0.1198461396161921,3.328824919817045,,,,,,,,,
Mass-H1-Real,CH,HP,2030-Hhigh,540.1156813347023,1797.9505396109193,0.48904129946396724,47.20259393664781,0.08739348915033075,3.328824919817045,,,,,,,,,
Mass-H1-Real,CH,HP,2030-Hlow,540.1156813347023,1797.9505396109193,0.48904129946396724,61.16160081490852,0.11323796536284512,3.328824919817045,,,,,,,,,
Mass-H1-Real,CH,HP,2035-Hhigh,540.1156813347023,1797.9505396109193,0.48904129946396724,40.6809721403918,0.07531899840394073,3.328824919817045,,,,,,,,,
Mass-H1-Real,CH,HP,2035-Hlow,540.1156813347023,1797.9505396109193,0.48904129946396724,55.20199164752689,0.10220401583437635,3.328824919817045,,,,,,,,,
Mass-H1-Real,CH,HP,2040-Hhigh,540.1156813347023,1797.9505396109193,0.48904129946396724,40.573333377353045,0.07511971005376217,3.328824919817045,,,,,,,,,
Mass-H1-Real,CH,HP,2040-Hlow,540.1156813347023,1797.9505396109193,0.48904129946396724,65.57333148467397,0.12140608716013018,3.328824919817045,,,,,,,,,
Mass-H1-Real,CH,HP,2045-Hhigh,540.1156813347023,1797.9505396109193,0.48904129946396724,38.51722585271978,0.07131291903530418,3.328824919817045,,,,,,,,,
Mass-H1-Real,CH,HP,2045-Hlow,540.1156813347023,1797.9505396109193,0.48904129946396724,61.530705153831576,0.11392134551950146,3.328824919817045,,,,,,,,,
,,,2024-Hhigh,1009.8000000000001,1009.7747841269363,0.16379310344827588,79.77860639419798,0.07900436363061791,,1,R,135,288.6630761683829,941.0404560935588,96.0,,,
,,,2024-Hlow,1009.8000000000001,1009.7747841269363,0.16551724137931034,105.40525315119781,0.10438230654703684,,1,R,135,288.6630761683829,941.0404560935588,96.0,,,
,,,2025-Hhigh,1009.8000000000001,1009.7747841269363,0.16551724137931034,61.38889443865567,0.060793121844578794,,1,R,135,288.6630761683829,941.0404560935588,96.0,,,
,,,2025-Hlow,1009.8000000000001,1009.7747841269363,0.16551724137931034,78.14875349685776,0.07739032827971654,,1,R,135,288.6630761683829,941.0404560935588,96.0,,,
,,,2030-Hhigh,1009.8000000000001,1009.7747841269363,0.16551724137931034,55.17102522925807,0.05463559638468812,,1,R,135,288.6630761683829,941.0404560935588,96.0,,,
,,,2030-Hlow,1009.8000000000001,1009.7747841269363,0.16551724137931034,69.09702737718514,0.06842644818497241,,1,R,135,288.6630761683829,941.0404560935588,96.0,,,
,,,2035-Hhigh,1009.8000000000001,1009.7747841269363,0.16551724137931034,42.94835553358473,0.04253154637906984,,1,R,135,288.6630761683829,941.0404560935588,96.0,,,
,,,2035-Hlow,1009.8000000000001,1009.7747841269363,0.16551724137931034,55.0098200537353,0.05447595568799296,,1,R,135,288.6630761683829,941.0404560935588,96.0,,,
,,,2040-Hhigh,1009.8000000000001,1009.7747841269363,0.16551724137931034,44.48058460974053,0.04404890533743368,,1,R,135,288.6630761683829,941.0404560935588,96.0,,,
,,,2040-Hlow,1009.8000000000001,1009.7747841269363,0.16551724137931034,61.54061816287186,0.060943373106428854,,1,R,135,288.6630761683829,941.0404560935588,96.0,,,
,,,2045-Hhigh,1009.8000000000001,1009.7747841269363,0.16551724137931034,40.247822777147384,0.03985722200153236,,1,R,135,288.6630761683829,941.0404560935588,96.0,,,
,,,2045-Hlow,1009.8000000000001,1009.7747841269363,0.16551724137931034,54.59787790105844,0.0540680113894419,,1,R,135,288.6630761683829,941.0404560935588,96.0,,,
,,,2024-Hhigh,1049.3,1049.3890715157713,0.16551724137931034,82.95196627138739,0.07905457568987648,,1,Ro,162,327.69131686034484,437.0346967187187,97.0,,,
,,,2024-Hlow,1049.3,1049.3890715157713,0.17068965517241377,109.52156062908693,0.10437583210624887,,1,Ro,162,327.69131686034484,437.0346967187187,97.0,,,
,,,2025-Hhigh,1049.3,1049.3890715157713,0.17068965517241377,63.916750282231206,0.06091370464331574,,1,Ro,162,327.69131686034484,437.0346967187187,97.0,,,
,,,2025-Hlow,1049.3,1049.3890715157713,0.17068965517241377,81.4357569546104,0.0776096035019636,,1,Ro,162,327.69131686034484,437.0346967187187,97.0,,,
,,,2030-Hhigh,1049.3,1049.3890715157713,0.17068965517241377,57.5488685216846,0.054845009550828744,,1,Ro,162,327.69131686034484,437.0346967187187,97.0,,,
,,,2030-Hlow,1049.3,1049.3890715157713,0.17068965517241377,71.8405223676801,0.0684651885711237,,1,Ro,162,327.69131686034484,437.0346967187187,97.0,,,
,,,2035-Hhigh,1049.3,1049.3890715157713,0.17068965517241377,44.6530131695253,0.04255504924189965,,1,Ro,162,327.69131686034484,437.0346967187187,97.0,,,
,,,2035-Hlow,1049.3,1049.3890715157713,0.17068965517241377,57.14332034173048,0.05445851552628465,,1,Ro,162,327.69131686034484,437.0346967187187,97.0,,,
,,,2040-Hhigh,1049.3,1049.3890715157713,0.17068965517241377,46.538423342251974,0.04435187586224338,,1,Ro,162,327.69131686034484,437.0346967187187,97.0,,,
,,,2040-Hlow,1049.3,1049.3890715157713,0.17068965517241377,63.836784944730944,0.06083749637351658,,1,Ro,162,327.69131686034484,437.0346967187187,97.0,,,
,,,2045-Hhigh,1049.3,1049.3890715157713,0.17068965517241377,42.09545796216474,0.04011765744988539,,1,Ro,162,327.69131686034484,437.0346967187187,97.0,,,
,,,2045-Hlow,1049.3,1049.3890715157713,0.17068965517241377,56.65331677611655,0.053991534142872916,,1,Ro,162,327.69131686034484,437.0346967187187,97.0,,,
,,,2024-Hhigh,1486.3000000000002,1486.2790963901361,0.15172413793103448,118.3005859587774,0.07959401598518293,,2,R,135,284.91228772596924,229.06469397973515,144.0,,,
,,,2024-Hlow,1486.3000000000002,1486.2790963901361,0.15862068965517243,156.47459663080318,0.10527793623817745,,2,R,135,284.91228772596924,229.06469397973515,144.0,,,
,,,2025-Hhigh,1486.3000000000002,1486.2790963901361,0.15862068965517243,90.02644620109875,0.06057084451395999,,2,R,135,284.91228772596924,229.06469397973515,144.0,,,
,,,2025-Hlow,1486.3000000000002,1486.2790963901361,0.15862068965517243,116.2067995197559,0.07818529201356111,,2,R,135,284.91228772596924,229.06469397973515,144.0,,,
,,,2030-Hhigh,1486.3000000000002,1486.2790963901361,0.15862068965517243,80.49260358728351,0.05415636384800074,,2,R,135,284.91228772596924,229.06469397973515,144.0,,,
,,,2030-Hlow,1486.3000000000002,1486.2790963901361,0.15862068965517243,101.97765282872597,0.06861175592324965,,2,R,135,284.91228772596924,229.06469397973515,144.0,,,
,,,2035-Hhigh,1486.3000000000002,1486.2790963901361,0.15862068965517243,63.903051473741726,0.042994719419862555,,2,R,135,284.91228772596924,229.06469397973515,144.0,,,
,,,2035-Hlow,1486.3000000000002,1486.2790963901361,0.15862068965517243,80.74344295549676,0.054325131504741137,,2,R,135,284.91228772596924,229.06469397973515,144.0,,,
,,,2040-Hhigh,1486.3000000000002,1486.2790963901361,0.15862068965517243,65.67675394782202,0.04418808716128777,,2,R,135,284.91228772596924,229.06469397973515,144.0,,,
,,,2040-Hlow,1486.3000000000002,1486.2790963901361,0.15862068965517243,90.2175801503441,0.06069944166745885,,2,R,135,284.91228772596924,229.06469397973515,144.0,,,
,,,2045-Hhigh,1486.3000000000002,1486.2790963901361,0.15862068965517243,59.06194812096142,0.03973756853997269,,2,R,135,284.91228772596924,229.06469397973515,144.0,,,
,,,2045-Hlow,1486.3000000000002,1486.2790963901361,0.15862068965517243,79.92537516669516,0.05377472594139484,,2,R,135,284.91228772596924,229.06469397973515,144.0,,,
,,,2024-Hhigh,1525.1,1525.1150595859226,0.16206896551724137,121.51011365666206,0.07967353855921715,,2,Ro,162,323.4818995859226,0.0,5.0,,,
,,,2024-Hlow,1525.1,1525.1150595859226,0.17068965517241377,160.6013114512773,0.10530543010378159,,2,Ro,162,323.4818995859226,0.0,5.0,,,
,,,2025-Hhigh,1525.1,1525.1150595859226,0.17068965517241377,92.5648192273726,0.06069426216469254,,2,Ro,162,323.4818995859226,0.0,5.0,,,
,,,2025-Hlow,1525.1,1525.1150595859226,0.17068965517241377,119.3183191371619,0.0782363904905658,,2,Ro,162,323.4818995859226,0.0,5.0,,,
,,,2030-Hhigh,1525.1,1525.1150595859226,0.17068965517241377,82.69713535754154,0.05422407406566228,,2,Ro,162,323.4818995859226,0.0,5.0,,,
,,,2030-Hlow,1525.1,1525.1150595859226,0.17068965517241377,104.5939316911961,0.06858168755569871,,2,Ro,162,323.4818995859226,0.0,5.0,,,
,,,2035-Hhigh,1525.1,1525.1150595859226,0.17068965517241377,65.59742245300819,0.043011882796543305,,2,Ro,162,323.4818995859226,0.0,5.0,,,
,,,2035-Hlow,1525.1,1525.1150595859226,0.17068965517241377,82.7530567302689,0.054260741413854105,,2,Ro,162,323.4818995859226,0.0,5.0,,,
,,,2040-Hhigh,1525.1,1525.1150595859226,0.17068965517241377,67.4545334371296,0.0442295806420101,,2,Ro,162,323.4818995859226,0.0,5.0,,,
,,,2040-Hlow,1525.1,1525.1150595859226,0.17068965517241377,92.54690688913756,0.060682517139294186,,2,Ro,162,323.4818995859226,0.0,5.0,,,
,,,2045-Hhigh,1525.1,1525.1150595859226,0.17068965517241377,60.672143780943905,0.0397824036331676,,2,Ro,162,323.4818995859226,0.0,5.0,,,
,,,2045-Hlow,1525.1,1525.1150595859226,0.17068965517241377,82.02885383645294,0.053785885408466946,,2,Ro,162,323.4818995859226,0.0,5.0,,,
,,,2024-Hhigh,2028.5,2028.6080195478958,0.4620689655172414,163.67991599751502,0.08069012373552627,,3,R,180,352.72565547961256,37.152736306333914,48.0,,,
,,,2024-Hlow,2028.5,2028.6080195478958,0.41206896551724137,218.18119773965265,0.10755789881175876,,3,R,180,352.72565547961256,37.152736306333914,48.0,,,
,,,2025-Hhigh,2028.5,2028.6080195478958,0.41206896551724137,125.00678882178141,0.06162523481478009,,3,R,180,352.72565547961256,37.152736306333914,48.0,,,
,,,2025-Hlow,2028.5,2028.6080195478958,0.41206896551724137,159.60597958226694,0.07868177450444512,,3,R,180,352.72565547961256,37.152736306333914,48.0,,,
,,,2030-Hhigh,2028.5,2028.6080195478958,0.41206896551724137,112.69624966317528,0.0555564454834485,,3,R,180,352.72565547961256,37.152736306333914,48.0,,,
,,,2030-Hlow,2028.5,2028.6080195478958,0.41206896551724137,141.3503522742681,0.06968220471987581,,3,R,180,352.72565547961256,37.152736306333914,48.0,,,
,,,2035-Hhigh,2028.5,2028.6080195478958,0.41206896551724137,90.2583342449755,0.044495111779628053,,3,R,180,352.72565547961256,37.152736306333914,48.0,,,
,,,2035-Hlow,2028.5,2028.6080195478958,0.41206896551724137,115.51451919572322,0.05694578220149037,,3,R,180,352.72565547961256,37.152736306333914,48.0,,,
,,,2040-Hhigh,2028.5,2028.6080195478958,0.41206896551724137,92.13387589972561,0.045419707123354996,,3,R,180,352.72565547961256,37.152736306333914,48.0,,,
,,,2040-Hlow,2028.5,2028.6080195478958,0.41206896551724137,129.03651454537606,0.06361178927551199,,3,R,180,352.72565547961256,37.152736306333914,48.0,,,
,,,2045-Hhigh,2028.5,2028.6080195478958,0.41206896551724137,83.82454014702735,0.041323411460205746,,3,R,180,352.72565547961256,37.152736306333914,48.0,,,
,,,2045-Hlow,2028.5,2028.6080195478958,0.41206896551724137,115.74073071075449,0.0570572988468102,,3,R,180,352.72565547961256,37.152736306333914,48.0,,,
,,,2024-Hhigh,2092.9,2092.9852925285027,0.4948275862068966,168.8450300377162,0.08067515411042869,,3,Ro,216,417.05972808405903,0.0,0.0,,,
,,,2024-Hlow,2092.9,2092.9852925285027,0.4482758620689655,224.91776362882882,0.10746703790378366,,3,Ro,216,417.05972808405903,0.0,0.0,,,
,,,2025-Hhigh,2092.9,2092.9852925285027,0.4482758620689655,129.29022268340344,0.061775633180468935,,3,Ro,216,417.05972808405903,0.0,0.0,,,
,,,2025-Hlow,2092.9,2092.9852925285027,0.4482758620689655,164.57765589086154,0.07863617750053109,,3,Ro,216,417.05972808405903,0.0,0.0,,,
,,,2030-Hhigh,2092.9,2092.9852925285027,0.4482758620689655,116.29924905982445,0.05556846913843205,,3,Ro,216,417.05972808405903,0.0,0.0,,,
,,,2030-Hlow,2092.9,2092.9852925285027,0.4482758620689655,145.78690620995903,0.06965784615125377,,3,Ro,216,417.05972808405903,0.0,0.0,,,
,,,2035-Hhigh,2092.9,2092.9852925285027,0.4482758620689655,93.02721319530527,0.04444895274275181,,3,Ro,216,417.05972808405903,0.0,0.0,,,
,,,2035-Hlow,2092.9,2092.9852925285027,0.4482758620689655,118.80216076612139,0.05676437515701724,,3,Ro,216,417.05972808405903,0.0,0.0,,,
,,,2040-Hhigh,2092.9,2092.9852925285027,0.4482758620689655,95.10580457912187,0.04544211600130052,,3,Ro,216,417.05972808405903,0.0,0.0,,,
,,,2040-Hlow,2092.9,2092.9852925285027,0.4482758620689655,132.75404374374517,0.0634306673724235,,3,Ro,216,417.05972808405903,0.0,0.0,,,
,,,2045-Hhigh,2092.9,2092.9852925285027,0.4482758620689655,86.5477779978008,0.041353040277987856,,3,Ro,216,417.05972808405903,0.0,0.0,,,
,,,2045-Hlow,2092.9,2092.9852925285027,0.4482758620689655,119.02859343284392,0.056872566024580205,,3,Ro,216,417.05972808405903,0.0,0.0,,,
,,,2024-Hhigh,2731.2,2731.3125786529554,0.4931034482758621,225.7484519324327,0.08265540858686024,,4,R,300,575.9721860603626,0.0,0.0,,,
,,,2024-Hlow,2731.2,2731.3125786529554,0.4810344827586207,286.1424756929917,0.10476804177394249,,4,R,300,575.9721860603626,0.0,0.0,,,
,,,2025-Hhigh,2731.2,2731.3125786529554,0.4810344827586207,169.33580398623872,0.06200051405471541,,4,R,300,575.9721860603626,0.0,0.0,,,
,,,2025-Hlow,2731.2,2731.3125786529554,0.4810344827586207,210.76158678856956,0.0771681263871447,,4,R,300,575.9721860603626,0.0,0.0,,,
,,,2030-Hhigh,2731.2,2731.3125786529554,0.4810344827586207,150.65019728817933,0.05515897674581845,,4,R,300,575.9721860603626,0.0,0.0,,,
,,,2030-Hlow,2731.2,2731.3125786529554,0.4810344827586207,185.24147855411522,0.06782420860944464,,4,R,300,575.9721860603626,0.0,0.0,,,
,,,2035-Hhigh,2731.2,2731.3125786529554,0.4810344827586207,118.27213117894382,0.04330409020904505,,4,R,300,575.9721860603626,0.0,0.0,,,
,,,2035-Hlow,2731.2,2731.3125786529554,0.4810344827586207,148.23494348622262,0.05427465710538321,,4,R,300,575.9721860603626,0.0,0.0,,,
,,,2040-Hhigh,2731.2,2731.3125786529554,0.4810344827586207,120.91741258405364,0.04427263202403839,,4,R,300,575.9721860603626,0.0,0.0,,,
,,,2040-Hlow,2731.2,2731.3125786529554,0.4810344827586207,164.59483409749356,0.06026465806147246,,4,R,300,575.9721860603626,0.0,0.0,,,
,,,2045-Hhigh,2731.2,2731.3125786529554,0.4810344827586207,108.74271987745702,0.03981499702601678,,4,R,300,575.9721860603626,0.0,0.0,,,
,,,2045-Hlow,2731.2,2731.3125786529554,0.4810344827586207,145.74012987335328,0.053361207481456244,,4,R,300,575.9721860603626,0.0,0.0,,,
,,,2024-Hhigh,2847.2,2847.2279246596777,0.49137931034482757,235.3019398511215,0.08264327755377968,,4,Ro,360,691.8875320670849,0.0,0.0,,,
,,,2024-Hlow,2847.2,2847.2279246596777,0.4827586206896552,298.2484246068225,0.1047514837759281,,4,Ro,360,691.8875320670849,0.0,0.0,,,
,,,2025-Hhigh,2847.2,2847.2279246596777,0.4827586206896552,176.72802192544444,0.06207081410699791,,4,Ro,360,691.8875320670849,0.0,0.0,,,
,,,2025-Hlow,2847.2,2847.2279246596777,0.4827586206896552,219.78506720430963,0.07719340657639423,,4,Ro,360,691.8875320670849,0.0,0.0,,,
,,,2030-Hhigh,2847.2,2847.2279246596777,0.4827586206896552,157.1710583638232,0.05520197329440264,,4,Ro,360,691.8875320670849,0.0,0.0,,,
,,,2030-Hlow,2847.2,2847.2279246596777,0.4827586206896552,193.3218223418364,0.06789892608240952,,4,Ro,360,691.8875320670849,0.0,0.0,,,
,,,2035-Hhigh,2847.2,2847.2279246596777,0.4827586206896552,123.51065486173059,0.04337969052463143,,4,Ro,360,691.8875320670849,0.0,0.0,,,
,,,2035-Hlow,2847.2,2847.2279246596777,0.4827586206896552,154.70552346411557,0.05433602257098749,,4,Ro,360,691.8875320670849,0.0,0.0,,,
,,,2040-Hhigh,2847.2,2847.2279246596777,0.4827586206896552,126.26474530881572,0.04434698837763969,,4,Ro,360,691.8875320670849,0.0,0.0,,,
,,,2040-Hlow,2847.2,2847.2279246596777,0.4827586206896552,171.55187950734614,0.06025283770277682,,4,Ro,360,691.8875320670849,0.0,0.0,,,
,,,2045-Hhigh,2847.2,2847.2279246596777,0.4827586206896552,113.49614292741576,0.03986237107593979,,4,Ro,360,691.8875320670849,0.0,0.0,,,
,,,2045-Hlow,2847.2,2847.2279246596777,0.4827586206896552,151.78358874381038,0.05330977407411155,,4,Ro,360,691.8875320670849,0.0,0.0,,,
,,,2024-Hhigh,3208.65,3208.894841460051,0.6482758620689655,267.6574640339382,0.0834174696629231,,5,R,300,574.1272177563471,0.0,0.0,,,
,,,2024-Hlow,3208.65,3208.894841460051,0.6862068965517242,336.9219519526537,0.10500427031700364,,5,R,300,574.1272177563471,0.0,0.0,,,
,,,2025-Hhigh,3208.65,3208.894841460051,0.6862068965517242,201.8501894277093,0.06290813564200187,,5,R,300,574.1272177563471,0.0,0.0,,,
,,,2025-Hlow,3208.65,3208.894841460051,0.6862068965517242,247.03241495477988,0.07698951738418958,,5,R,300,574.1272177563471,0.0,0.0,,,
,,,2030-Hhigh,3208.65,3208.894841460051,0.6862068965517242,178.8021063572357,0.05572502652431262,,5,R,300,574.1272177563471,0.0,0.0,,,
,,,2030-Hlow,3208.65,3208.894841460051,0.6862068965517242,218.92323577505397,0.06822907944931793,,5,R,300,574.1272177563471,0.0,0.0,,,
,,,2035-Hhigh,3208.65,3208.894841460051,0.6862068965517242,141.35116923155834,0.04405315918892941,,5,R,300,574.1272177563471,0.0,0.0,,,
,,,2035-Hlow,3208.65,3208.894841460051,0.6862068965517242,175.4041479099319,0.054666027117302264,,5,R,300,574.1272177563471,0.0,0.0,,,
,,,2040-Hhigh,3208.65,3208.894841460051,0.6862068965517242,144.8557868784333,0.04514539974083596,,5,R,300,574.1272177563471,0.0,0.0,,,
,,,2040-Hlow,3208.65,3208.894841460051,0.6862068965517242,195.5994992449293,0.06096006084955644,,5,R,300,574.1272177563471,0.0,0.0,,,
,,,2045-Hhigh,3208.65,3208.894841460051,0.6862068965517242,130.49153295203755,0.04066867154474235,,5,R,300,574.1272177563471,0.0,0.0,,,
,,,2045-Hlow,3208.65,3208.894841460051,0.6862068965517242,172.94854329882295,0.05390071939875741,,5,R,300,574.1272177563471,0.0,0.0,,,
,,,2024-Hhigh,3324.15,3324.3940525519356,0.7,276.73028608631455,0.08324843526504958,,5,Ro,360,689.6264288482317,0.0,0.0,,,
,,,2024-Hlow,3324.15,3324.3940525519356,0.743103448275862,348.72415807107416,0.10490626417913576,,5,Ro,360,689.6264288482317,0.0,0.0,,,
,,,2025-Hhigh,3324.15,3324.3940525519356,0.743103448275862,209.1756546505862,0.06292605768409555,,5,Ro,360,689.6264288482317,0.0,0.0,,,
,,,2025-Hlow,3324.15,3324.3940525519356,0.743103448275862,255.97381359040162,0.07700429089854598,,5,Ro,360,689.6264288482317,0.0,0.0,,,
,,,2030-Hhigh,3324.15,3324.3940525519356,0.743103448275862,185.34500038940715,0.055757110957510084,,5,Ro,360,689.6264288482317,0.0,0.0,,,
,,,2030-Hlow,3324.15,3324.3940525519356,0.743103448275862,226.98797609230442,0.06828451667112026,,5,Ro,360,689.6264288482317,0.0,0.0,,,
,,,2035-Hhigh,3324.15,3324.3940525519356,0.743103448275862,146.59771876560194,0.044100813370516356,,5,Ro,360,689.6264288482317,0.0,0.0,,,
,,,2035-Hlow,3324.15,3324.3940525519356,0.743103448275862,181.88257381961648,0.05471551338526134,,5,Ro,360,689.6264288482317,0.0,0.0,,,
,,,2040-Hhigh,3324.15,3324.3940525519356,0.743103448275862,150.21947919021906,0.04519034315245072,,5,Ro,360,689.6264288482317,0.0,0.0,,,
,,,2040-Hlow,3324.15,3324.3940525519356,0.743103448275862,202.47431951189535,0.06091010318785113,,5,Ro,360,689.6264288482317,0.0,0.0,,,
,,,2045-Hhigh,3324.15,3324.3940525519356,0.743103448275862,135.7206796127635,0.040828686916283406,,5,Ro,360,689.6264288482317,0.0,0.0,,,
,,,2045-Hlow,3324.15,3324.3940525519356,0.743103448275862,179.20060262869288,0.05390869925505554,,5,Ro,360,689.6264288482317,0.0,0.0,,,
,AK,,2024-Hhigh,246.0223328758283,1045.1411360470563,0.041866810945905934,19.567956789171156,0.07953731907357954,4.248155538686632,1,HP,135,323.51266410046316,496.6184883574883,78.0,,,
,AK,,2024-Hlow,246.0223328758283,1045.1411360470563,0.04191527961026113,26.432426606498137,0.10743913488471404,4.248155538686632,1,HP,135,323.51266410046316,496.6184883574883,78.0,,,
,AK,,2025-Hhigh,246.0223328758283,1045.1411360470563,0.04191527961026113,15.121154839521978,0.061462529286533854,4.248155538686632,1,HP,135,323.51266410046316,496.6184883574883,78.0,,,
,AK,,2025-Hlow,246.0223328758283,1045.1411360470563,0.04191527961026113,19.640217403906767,0.07983103474520552,4.248155538686632,1,HP,135,323.51266410046316,496.6184883574883,78.0,,,
,AK,,2030-Hhigh,246.0223328758283,1045.1411360470563,0.04191527961026113,13.687899074709213,0.05563681522204624,4.248155538686632,1,HP,135,323.51266410046316,496.6184883574883,78.0,,,
,AK,,2030-Hlow,246.0223328758283,1045.1411360470563,0.04191527961026113,17.404308153931233,0.07074279782037302,4.248155538686632,1,HP,135,323.51266410046316,496.6184883574883,78.0,,,
,AK,,2035-Hhigh,246.0223328758283,1045.1411360470563,0.04191527961026113,10.717485242750785,0.04356305835112979,4.248155538686632,1,HP,135,323.51266410046316,496.6184883574883,78.0,,,
,AK,,2035-Hlow,246.0223328758283,1045.1411360470563,0.04191527961026113,13.904555402328137,0.05651745205320854,4.248155538686632,1,HP,135,323.51266410046316,496.6184883574883,78.0,,,
,AK,,2040-Hhigh,246.0223328758283,1045.1411360470563,0.04191527961026113,11.167955066374565,0.04539407026926789,4.248155538686632,1,HP,135,323.51266410046316,496.6184883574883,78.0,,,
,AK,,2040-Hlow,246.0223328758283,1045.1411360470563,0.04191527961026113,15.649905798371861,0.06361172831521208,4.248155538686632,1,HP,135,323.51266410046316,496.6184883574883,78.0,,,
,AK,,2045-Hhigh,246.0223328758283,1045.1411360470563,0.04191527961026113,10.123990779029445,0.04115069823412818,4.248155538686632,1,HP,135,323.51266410046316,496.6184883574883,78.0,,,
,AK,,2045-Hlow,246.0223328758283,1045.1411360470563,0.04191527961026113,13.939092573956968,0.05665783431535976,4.248155538686632,1,HP,135,323.51266410046316,496.6184883574883,78.0,,,
,AK,,2024-Hhigh,256.4695082823454,1089.1765010282277,0.040398453426779106,20.43440421661636,0.07967576478573148,4.246806992077832,1,HPo,162,367.13115285725956,138.10095186691794,75.0,,,
,AK,,2024-Hlow,256.4695082823454,1089.1765010282277,0.04194279148844499,27.608064810036772,0.1076465775402948,4.246806992077832,1,HPo,162,367.13115285725956,138.10095186691794,75.0,,,
,AK,,2025-Hhigh,256.4695082823454,1089.1765010282277,0.04194279148844499,15.82521399840227,0.06170407587392576,4.246806992077832,1,HPo,162,367.13115285725956,138.10095186691794,75.0,,,
,AK,,2025-Hlow,256.4695082823454,1089.1765010282277,0.04194279148844499,20.556873436460165,0.08015328439679174,4.246806992077832,1,HPo,162,367.13115285725956,138.10095186691794,75.0,,,
,AK,,2030-Hhigh,256.4695082823454,1089.1765010282277,0.04194279148844499,14.338509287587142,0.055907267041671024,4.246806992077832,1,HPo,162,367.13115285725956,138.10095186691794,75.0,,,
,AK,,2030-Hlow,256.4695082823454,1089.1765010282277,0.04194279148844499,18.18069542207353,0.07088833110741,4.246806992077832,1,HPo,162,367.13115285725956,138.10095186691794,75.0,,,
,AK,,2035-Hhigh,256.4695082823454,1089.1765010282277,0.04194279148844499,11.202399980745415,0.04367926641951049,4.246806992077832,1,HPo,162,367.13115285725956,138.10095186691794,75.0,,,
,AK,,2035-Hlow,256.4695082823454,1089.1765010282277,0.04194279148844499,14.48980362678658,0.05649717864641774,4.246806992077832,1,HPo,162,367.13115285725956,138.10095186691794,75.0,,,
,AK,,2040-Hhigh,256.4695082823454,1089.1765010282277,0.04194279148844499,11.679540274491172,0.04553968365562293,4.246806992077832,1,HPo,162,367.13115285725956,138.10095186691794,75.0,,,
,AK,,2040-Hlow,256.4695082823454,1089.1765010282277,0.04194279148844499,16.269218547641813,0.06343529356219278,4.246806992077832,1,HPo,162,367.13115285725956,138.10095186691794,75.0,,,
,AK,,2045-Hhigh,256.4695082823454,1089.1765010282277,0.04194279148844499,10.585609837589208,0.04127434059699444,4.246806992077832,1,HPo,162,367.13115285725956,138.10095186691794,75.0,,,
,AK,,2045-Hlow,256.4695082823454,1089.1765010282277,0.04194279148844499,14.484349718675123,0.05647591331882389,4.246806992077832,1,HPo,162,367.13115285725956,138.10095186691794,75.0,,,
,CH,,2024-Hhigh,267.29049419911405,1073.2995674180138,0.047518308876118395,21.68155408937233,0.08111606869648338,4.015479752222222,1,HP,135,352.0080596481094,786.4109002255259,90.0,,,
,CH,,2024-Hlow,267.29049419911405,1073.2995674180138,0.047526383364033385,29.364585878745682,0.10986019524087891,4.015479752222222,1,HP,135,352.0080596481094,786.4109002255259,90.0,,,
,CH,,2025-Hhigh,267.29049419911405,1073.2995674180138,0.047526383364033385,16.848925168356,0.06303600589628394,4.015479752222222,1,HP,135,352.0080596481094,786.4109002255259,90.0,,,
,CH,,2025-Hlow,267.29049419911405,1073.2995674180138,0.047526383364033385,21.788692506985075,0.08151690007634134,4.015479752222222,1,HP,135,352.0080596481094,786.4109002255259,90.0,,,
,CH,,2030-Hhigh,267.29049419911405,1073.2995674180138,0.047526383364033385,15.204080228258158,0.056882233219008926,4.015479752222222,1,HP,135,352.0080596481094,786.4109002255259,90.0,,,
,CH,,2030-Hlow,267.29049419911405,1073.2995674180138,0.047526383364033385,19.302343087785818,0.07221485053414144,4.015479752222222,1,HP,135,352.0080596481094,786.4109002255259,90.0,,,
,CH,,2035-Hhigh,267.29049419911405,1073.2995674180138,0.047526383364033385,11.896617788181345,0.044508196312133486,4.015479752222222,1,HP,135,352.0080596481094,786.4109002255259,90.0,,,
,CH,,2035-Hlow,267.29049419911405,1073.2995674180138,0.047526383364033385,15.416337443222623,0.057676340078665324,4.015479752222222,1,HP,135,352.0080596481094,786.4109002255259,90.0,,,
,CH,,2040-Hhigh,267.29049419911405,1073.2995674180138,0.047526383364033385,12.43273275426369,0.04651393530292219,4.015479752222222,1,HP,135,352.0080596481094,786.4109002255259,90.0,,,
,CH,,2040-Hlow,267.29049419911405,1073.2995674180138,0.047526383364033385,17.38862119117503,0.06505514250806704,4.015479752222222,1,HP,135,352.0080596481094,786.4109002255259,90.0,,,
,CH,,2045-Hhigh,267.29049419911405,1073.2995674180138,0.047526383364033385,11.277624033207776,0.04219238722648579,4.015479752222222,1,HP,135,352.0080596481094,786.4109002255259,90.0,,,
,CH,,2045-Hlow,267.29049419911405,1073.2995674180138,0.047526383364033385,15.468606648460595,0.05787189213297458,4.015479752222222,1,HP,135,352.0080596481094,786.4109002255259,90.0,,,
,CH,,2024-Hhigh,279.470783836782,1121.3468291753002,0.05146319898616694,22.731385637029593,0.08133725223422744,4.012393760022497,1,HPo,162,399.5504565930812,352.2223373176528,90.0,,,
,CH,,2024-Hlow,279.470783836782,1121.3468291753002,0.05291938803457049,30.766489977574437,0.11008839476953285,4.012393760022497,1,HPo,162,399.5504565930812,352.2223373176528,90.0,,,
,CH,,2025-Hhigh,279.470783836782,1121.3468291753002,0.05291938803457049,17.686862898492887,0.06328698354681132,4.012393760022497,1,HPo,162,399.5504565930812,352.2223373176528,90.0,,,
,CH,,2025-Hlow,279.470783836782,1121.3468291753002,0.05291938803457049,22.862105730007606,0.08180499376764783,4.012393760022497,1,HPo,162,399.5504565930812,352.2223373176528,90.0,,,
,CH,,2030-Hhigh,279.470783836782,1121.3468291753002,0.05291938803457049,15.950341589894611,0.05707337765657112,4.012393760022497,1,HPo,162,399.5504565930812,352.2223373176528,90.0,,,
,CH,,2030-Hlow,279.470783836782,1121.3468291753002,0.05291938803457049,20.210619613869465,0.07231746852534317,4.012393760022497,1,HPo,162,399.5504565930812,352.2223373176528,90.0,,,
,CH,,2035-Hhigh,279.470783836782,1121.3468291753002,0.05291938803457049,12.483165043438829,0.044667155800905876,4.012393760022497,1,HPo,162,399.5504565930812,352.2223373176528,90.0,,,
,CH,,2035-Hlow,279.470783836782,1121.3468291753002,0.05291938803457049,16.10028453674197,0.0576099022434665,4.012393760022497,1,HPo,162,399.5504565930812,352.2223373176528,90.0,,,
,CH,,2040-Hhigh,279.470783836782,1121.3468291753002,0.05291938803457049,13.012727271336521,0.04656203089528057,4.012393760022497,1,HPo,162,399.5504565930812,352.2223373176528,90.0,,,
,CH,,2040-Hlow,279.470783836782,1121.3468291753002,0.05291938803457049,18.1074205891215,0.06479181952592472,4.012393760022497,1,HPo,162,399.5504565930812,352.2223373176528,90.0,,,
,CH,,2045-Hhigh,279.470783836782,1121.3468291753002,0.05291938803457049,11.814081752817296,0.042273047617446186,4.012393760022497,1,HPo,162,399.5504565930812,352.2223373176528,90.0,,,
,CH,,2045-Hlow,279.470783836782,1121.3468291753002,0.05291938803457049,16.157206157756573,0.057813578707364234,4.012393760022497,1,HPo,162,399.5504565930812,352.2223373176528,90.0,,,
,AK,,2024-Hhigh,357.83452212095375,1521.4076238337868,0.03887094080005635,28.72905061305195,0.08028585515664996,4.251707227173366,2,HP,135,320.0034508209422,196.93099707585716,92.0,,,
,AK,,2024-Hlow,357.83452212095375,1521.4076238337868,0.04093005821561086,38.73960124610038,0.10826121810853614,4.251707227173366,2,HP,135,320.0034508209422,196.93099707585716,92.0,,,
,AK,,2025-Hhigh,357.83452212095375,1521.4076238337868,0.04093005821561086,21.94894909038338,0.06133826596798921,4.251707227173366,2,HP,135,320.0034508209422,196.93099707585716,92.0,,,
,AK,,2025-Hlow,357.83452212095375,1521.4076238337868,0.04093005821561086,28.725662307910582,0.08027638624034394,4.251707227173366,2,HP,135,320.0034508209422,196.93099707585716,92.0,,,
,AK,,2030-Hhigh,357.83452212095375,1521.4076238337868,0.04093005821561086,19.71571000731196,0.05509728320915816,4.251707227173366,2,HP,135,320.0034508209422,196.93099707585716,92.0,,,
,AK,,2030-Hlow,357.83452212095375,1521.4076238337868,0.04093005821561086,25.27186487584122,0.0706244459758942,4.251707227173366,2,HP,135,320.0034508209422,196.93099707585716,92.0,,,
,AK,,2035-Hhigh,357.83452212095375,1521.4076238337868,0.04093005821561086,15.71825919615591,0.043926055828797,4.251707227173366,2,HP,135,320.0034508209422,196.93099707585716,92.0,,,
,AK,,2035-Hlow,357.83452212095375,1521.4076238337868,0.04093005821561086,20.085171029580085,0.05612977448495307,4.251707227173366,2,HP,135,320.0034508209422,196.93099707585716,92.0,,,
,AK,,2040-Hhigh,357.83452212095375,1521.4076238337868,0.04093005821561086,16.210782270366696,0.04530245481705422,4.251707227173366,2,HP,135,320.0034508209422,196.93099707585716,92.0,,,
,AK,,2040-Hlow,357.83452212095375,1521.4076238337868,0.04093005821561086,22.51135112901453,0.06290994785965713,4.251707227173366,2,HP,135,320.0034508209422,196.93099707585716,92.0,,,
,AK,,2045-Hhigh,357.83452212095375,1521.4076238337868,0.04093005821561086,14.599462583725693,0.04079948043355874,4.251707227173366,2,HP,135,320.0034508209422,196.93099707585716,92.0,,,
,AK,,2045-Hlow,357.83452212095375,1521.4076238337868,0.04093005821561086,19.999570399297458,0.055890556005485925,4.251707227173366,2,HP,135,320.0034508209422,196.93099707585716,92.0,,,
,AK,,2024-Hhigh,368.08616746885303,1564.8170593602943,0.04088625007757677,29.58832390656833,0.0803842320672701,4.25122484259805,2,HPo,162,363.1838993602941,0.0,1.0,,,
,AK,,2024-Hlow,368.08616746885303,1564.8170593602943,0.0429453674931313,39.86055521343443,0.10829136962015118,4.25122484259805,2,HPo,162,363.1838993602941,0.0,1.0,,,
,AK,,2025-Hhigh,368.08616746885303,1564.8170593602943,0.0429453674931313,22.618162501484004,0.06144801000542332,4.25122484259805,2,HPo,162,363.1838993602941,0.0,1.0,,,
,AK,,2025-Hlow,368.08616746885303,1564.8170593602943,0.0429453674931313,29.584577003660055,0.08037405264940706,4.25122484259805,2,HPo,162,363.1838993602941,0.0,1.0,,,
,AK,,2030-Hhigh,368.08616746885303,1564.8170593602943,0.0429453674931313,20.291667907356555,0.05512749377922116,4.25122484259805,2,HPo,162,363.1838993602941,0.0,1.0,,,
,AK,,2030-Hlow,368.08616746885303,1564.8170593602943,0.0429453674931313,25.997022203744272,0.07062754458422865,4.25122484259805,2,HPo,162,363.1838993602941,0.0,1.0,,,
,AK,,2035-Hhigh,368.08616746885303,1564.8170593602943,0.0429453674931313,16.185907291184034,0.04397314738145835,4.25122484259805,2,HPo,162,363.1838993602941,0.0,1.0,,,
,AK,,2035-Hlow,368.08616746885303,1564.8170593602943,0.0429453674931313,20.636625357435904,0.056064658716582026,4.25122484259805,2,HPo,162,363.1838993602941,0.0,1.0,,,
,AK,,2040-Hhigh,368.08616746885303,1564.8170593602943,0.0429453674931313,16.666748148721233,0.045279474269109964,4.25122484259805,2,HPo,162,363.1838993602941,0.0,1.0,,,
,AK,,2040-Hlow,368.08616746885303,1564.8170593602943,0.0429453674931313,23.122642932565622,0.06281855982681618,4.25122484259805,2,HPo,162,363.1838993602941,0.0,1.0,,,
,AK,,2045-Hhigh,368.08616746885303,1564.8170593602943,0.0429453674931313,15.009909274240426,0.0407782486841496,4.25122484259805,2,HPo,162,363.1838993602941,0.0,1.0,,,
,AK,,2045-Hlow,368.08616746885303,1564.8170593602943,0.0429453674931313,20.563879926328045,0.05586702719022478,4.25122484259805,2,HPo,162,363.1838993602941,0.0,1.0,,,
,CH,,2024-Hhigh,385.42940165811876,1549.901321452792,0.04266700910234623,31.509816048195173,0.0817524971178634,4.02123272066197,2,HP,135,348.49320773054177,193.5419493310941,98.0,,,
,CH,,2024-Hlow,385.42940165811876,1549.901321452792,0.04460859450021762,42.53467473307929,0.11035659072736786,4.02123272066197,2,HP,135,348.49320773054177,193.5419493310941,98.0,,,
,CH,,2025-Hhigh,385.42940165811876,1549.901321452792,0.04460859450021762,24.138069715255583,0.06262643589568807,4.02123272066197,2,HP,135,348.49320773054177,193.5419493310941,98.0,,,
,CH,,2025-Hlow,385.42940165811876,1549.901321452792,0.04460859450021762,31.472287847822134,0.08165512986925291,4.02123272066197,2,HP,135,348.49320773054177,193.5419493310941,98.0,,,
,CH,,2030-Hhigh,385.42940165811876,1549.901321452792,0.04460859450021762,21.641574945337588,0.056149258080041245,4.02123272066197,2,HP,135,348.49320773054177,193.5419493310941,98.0,,,
,CH,,2030-Hlow,385.42940165811876,1549.901321452792,0.04460859450021762,27.693274020570367,0.0718504449879376,4.02123272066197,2,HP,135,348.49320773054177,193.5419493310941,98.0,,,
,CH,,2035-Hhigh,385.42940165811876,1549.901321452792,0.04460859450021762,17.251461483774843,0.04475906977920986,4.02123272066197,2,HP,135,348.49320773054177,193.5419493310941,98.0,,,
,CH,,2035-Hlow,385.42940165811876,1549.901321452792,0.04460859450021762,21.996129207502467,0.057069152256872556,4.02123272066197,2,HP,135,348.49320773054177,193.5419493310941,98.0,,,
,CH,,2040-Hhigh,385.42940165811876,1549.901321452792,0.04460859450021762,17.791096531900088,0.04615915769622847,4.02123272066197,2,HP,135,348.49320773054177,193.5419493310941,98.0,,,
,CH,,2040-Hlow,385.42940165811876,1549.901321452792,0.04460859450021762,24.702065316219915,0.06408972748303979,4.02123272066197,2,HP,135,348.49320773054177,193.5419493310941,98.0,,,
,CH,,2045-Hhigh,385.42940165811876,1549.901321452792,0.04460859450021762,16.0248327511882,0.041576570656647646,4.02123272066197,2,HP,135,348.49320773054177,193.5419493310941,98.0,,,
,CH,,2045-Hlow,385.42940165811876,1549.901321452792,0.04460859450021762,21.949864097651275,0.056949117019155455,4.02123272066197,2,HP,135,348.49320773054177,193.5419493310941,98.0,,,
,CH,,2024-Hhigh,397.3706803290595,1597.273410363638,0.047933559738189864,32.54453875484512,0.08189969810529364,4.019605596066999,2,HPo,162,395.640250363638,0.0,3.0,,,
,CH,,2024-Hlow,397.3706803290595,1597.273410363638,0.049875145136061255,43.85592000085253,0.11036526390053687,4.019605596066999,2,HPo,162,395.640250363638,0.0,3.0,,,
,CH,,2025-Hhigh,397.3706803290595,1597.273410363638,0.049875145136061255,24.968005737721167,0.06283303467947197,4.019605596066999,2,HPo,162,395.640250363638,0.0,3.0,,,
,CH,,2025-Hlow,397.3706803290595,1597.273410363638,0.049875145136061255,32.516855845767736,0.08183003290237918,4.019605596066999,2,HPo,162,395.640250363638,0.0,3.0,,,
,CH,,2030-Hhigh,397.3706803290595,1597.273410363638,0.049875145136061255,22.371914111192222,0.056299861108691306,4.019605596066999,2,HPo,162,395.640250363638,0.0,3.0,,,
,CH,,2030-Hlow,397.3706803290595,1597.273410363638,0.049875145136061255,28.591998307410602,0.07195296412843996,4.019605596066999,2,HPo,162,395.640250363638,0.0,3.0,,,
,CH,,2035-Hhigh,397.3706803290595,1597.273410363638,0.049875145136061255,17.793194048572687,0.04477731984110726,4.019605596066999,2,HPo,162,395.640250363638,0.0,3.0,,,
,CH,,2035-Hlow,397.3706803290595,1597.273410363638,0.049875145136061255,22.662712342638468,0.0570316670668094,4.019605596066999,2,HPo,162,395.640250363638,0.0,3.0,,,
,CH,,2040-Hhigh,397.3706803290595,1597.273410363638,0.049875145136061255,18.378758856610485,0.04625091826450603,4.019605596066999,2,HPo,162,395.640250363638,0.0,3.0,,,
,CH,,2040-Hlow,397.3706803290595,1597.273410363638,0.049875145136061255,25.44927342149255,0.06404416501091174,4.019605596066999,2,HPo,162,395.640250363638,0.0,3.0,,,
,CH,,2045-Hhigh,397.3706803290595,1597.273410363638,0.049875145136061255,16.577012967945663,0.041716749092354705,4.019605596066999,2,HPo,162,395.640250363638,0.0,3.0,,,
,CH,,2045-Hlow,397.3706803290595,1597.273410363638,0.049875145136061255,22.661317987385484,0.057028158113275565,4.019605596066999,2,HPo,162,395.640250363638,0.0,3.0,,,
,AK,,2024-Hhigh,487.7820823802187,2072.3464791558054,0.11451895541624883,39.592628378614705,0.08116868127959004,4.248508819847226,3,HP,180,396.42387077384495,2.5422419830372163,6.0,,,
,AK,,2024-Hlow,487.7820823802187,2072.3464791558054,0.10354924650263707,53.82374120755481,0.11034382596612072,4.248508819847226,3,HP,180,396.42387077384495,2.5422419830372163,6.0,,,
,AK,,2025-Hhigh,487.7820823802187,2072.3464791558054,0.10354924650263707,30.384918711498653,0.06229199433326883,4.248508819847226,3,HP,180,396.42387077384495,2.5422419830372163,6.0,,,
,AK,,2025-Hlow,487.7820823802187,2072.3464791558054,0.10354924650263707,39.36678069558525,0.08070567189243216,4.248508819847226,3,HP,180,396.42387077384495,2.5422419830372163,6.0,,,
,AK,,2030-Hhigh,487.7820823802187,2072.3464791558054,0.10354924650263707,27.476569436494113,0.05632959969012668,4.248508819847226,3,HP,180,396.42387077384495,2.5422419830372163,6.0,,,
,AK,,2030-Hlow,487.7820823802187,2072.3464791558054,0.10354924650263707,34.92466526270017,0.07159890968581524,4.248508819847226,3,HP,180,396.42387077384495,2.5422419830372163,6.0,,,
,AK,,2035-Hhigh,487.7820823802187,2072.3464791558054,0.10354924650263707,22.125371156265384,0.04535913055334204,4.248508819847226,3,HP,180,396.42387077384495,2.5422419830372163,6.0,,,
,AK,,2035-Hlow,487.7820823802187,2072.3464791558054,0.10354924650263707,28.592114213543656,0.05861657335592032,4.248508819847226,3,HP,180,396.42387077384495,2.5422419830372163,6.0,,,
,AK,,2040-Hhigh,487.7820823802187,2072.3464791558054,0.10354924650263707,22.655729955777925,0.04644641690245221,4.248508819847226,3,HP,180,396.42387077384495,2.5422419830372163,6.0,,,
,AK,,2040-Hlow,487.7820823802187,2072.3464791558054,0.10354924650263707,32.066992372692226,0.06574040648687972,4.248508819847226,3,HP,180,396.42387077384495,2.5422419830372163,6.0,,,
,AK,,2045-Hhigh,487.7820823802187,2072.3464791558054,0.10354924650263707,20.643837971447518,0.042321845588735585,4.248508819847226,3,HP,180,396.42387077384495,2.5422419830372163,6.0,,,
,AK,,2045-Hlow,487.7820823802187,2072.3464791558054,0.10354924650263707,28.81514373918159,0.059073805250436866,4.248508819847226,3,HP,180,396.42387077384495,2.5422419830372163,6.0,,,
,AK,,2024-Hhigh,504.89281957598774,2144.518205237764,0.1266265798897023,41.00310073704098,0.08121149508815682,4.247472180409981,3,HPo,216,468.59264079332024,0.0,0.0,,,
,AK,,2024-Hlow,504.89281957598774,2144.518205237764,0.11565687097609056,55.72403000740841,0.11036803821889526,4.247472180409981,3,HPo,216,468.59264079332024,0.0,0.0,,,
,AK,,2025-Hhigh,504.89281957598774,2144.518205237764,0.11565687097609056,31.5266529025202,0.06244226829962939,4.247472180409981,3,HPo,216,468.59264079332024,0.0,0.0,,,
,AK,,2025-Hlow,504.89281957598774,2144.518205237764,0.11565687097609056,40.8106018673946,0.08083022828818918,4.247472180409981,3,HPo,216,468.59264079332024,0.0,0.0,,,
,AK,,2030-Hhigh,504.89281957598774,2144.518205237764,0.11565687097609056,28.47828525072907,0.05640461528972687,4.247472180409981,3,HPo,216,468.59264079332024,0.0,0.0,,,
,AK,,2030-Hlow,504.89281957598774,2144.518205237764,0.11565687097609056,36.21228040534062,0.07172270826856268,4.247472180409981,3,HPo,216,468.59264079332024,0.0,0.0,,,
,AK,,2035-Hhigh,504.89281957598774,2144.518205237764,0.11565687097609056,22.9062407547997,0.04536852152905741,4.247472180409981,3,HPo,216,468.59264079332024,0.0,0.0,,,
,AK,,2035-Hlow,504.89281957598774,2144.518205237764,0.11565687097609056,29.592518189259476,0.05861148553095182,4.247472180409981,3,HPo,216,468.59264079332024,0.0,0.0,,,
,AK,,2040-Hhigh,504.89281957598774,2144.518205237764,0.11565687097609056,23.509368098817912,0.046563086634033,4.247472180409981,3,HPo,216,468.59264079332024,0.0,0.0,,,
,AK,,2040-Hlow,504.89281957598774,2144.518205237764,0.11565687097609056,33.194651120389544,0.06574593623309324,4.247472180409981,3,HPo,216,468.59264079332024,0.0,0.0,,,
,AK,,2045-Hhigh,504.89281957598774,2144.518205237764,0.11565687097609056,21.427916964508192,0.04244052625367795,4.247472180409981,3,HPo,216,468.59264079332024,0.0,0.0,,,
,AK,,2045-Hlow,504.89281957598774,2144.518205237764,0.11565687097609056,29.82371301477053,0.0590693942524607,4.247472180409981,3,HPo,216,468.59264079332024,0.0,0.0,,,
,CH,,2024-Hhigh,525.1599993573593,2108.024474349978,0.1296301899713085,43.42357168186862,0.08268636555527124,4.014061384967586,3,HP,180,432.104234975263,4.579610851406408,8.0,,,
,CH,,2024-Hlow,525.1599993573593,2108.024474349978,0.11707986378040774,59.02377062772963,0.11239197711165605,4.014061384967586,3,HP,180,432.104234975263,4.579610851406408,8.0,,,
,CH,,2025-Hhigh,525.1599993573593,2108.024474349978,0.11707986378040774,33.4121891767904,0.06362287534785027,4.014061384967586,3,HP,180,432.104234975263,4.579610851406408,8.0,,,
,CH,,2025-Hlow,525.1599993573593,2108.024474349978,0.11707986378040774,43.095665997731324,0.082061973589892,4.014061384967586,3,HP,180,432.104234975263,4.579610851406408,8.0,,,
,CH,,2030-Hhigh,525.1599993573593,2108.024474349978,0.11707986378040774,30.168240165169152,0.057445807376963524,4.014061384967586,3,HP,180,432.104234975263,4.579610851406408,8.0,,,
,CH,,2030-Hlow,525.1599993573593,2108.024474349978,0.11707986378040774,38.26108938967247,0.07285606184113935,4.014061384967586,3,HP,180,432.104234975263,4.579610851406408,8.0,,,
,CH,,2035-Hhigh,525.1599993573593,2108.024474349978,0.11707986378040774,24.255318729014288,0.046186531264177835,4.014061384967586,3,HP,180,432.104234975263,4.579610851406408,8.0,,,
,CH,,2035-Hlow,525.1599993573593,2108.024474349978,0.11707986378040774,31.348680716874657,0.05969358053780977,4.014061384967586,3,HP,180,432.104234975263,4.579610851406408,8.0,,,
,CH,,2040-Hhigh,525.1599993573593,2108.024474349978,0.11707986378040774,24.88214632599089,0.04738012483136432,4.014061384967586,3,HP,180,432.104234975263,4.579610851406408,8.0,,,
,CH,,2040-Hlow,525.1599993573593,2108.024474349978,0.11707986378040774,35.26729229453658,0.06715532854309797,4.014061384967586,3,HP,180,432.104234975263,4.579610851406408,8.0,,,
,CH,,2045-Hhigh,525.1599993573593,2108.024474349978,0.11707986378040774,22.662778624353255,0.043154045723371545,4.014061384967586,3,HP,180,432.104234975263,4.579610851406408,8.0,,,
,CH,,2045-Hlow,525.1599993573593,2108.024474349978,0.11707986378040774,31.720392861069467,0.06040138795773832,4.014061384967586,3,HP,180,432.104234975263,4.579610851406408,8.0,,,
,CH,,2024-Hhigh,545.1663988449028,2186.8109812089406,0.13843912348456058,45.100856306170805,0.08272860616819082,4.011272495594648,3,HPo,216,510.8854167644968,0.0,0.0,,,
,CH,,2024-Hlow,545.1663988449028,2186.8109812089406,0.1258887972936598,61.29650218118174,0.11243631726213613,4.011272495594648,3,HPo,216,510.8854167644968,0.0,0.0,,,
,CH,,2025-Hhigh,545.1663988449028,2186.8109812089406,0.1258887972936598,34.75564621312414,0.06375236310741879,4.011272495594648,3,HPo,216,510.8854167644968,0.0,0.0,,,
,CH,,2025-Hlow,545.1663988449028,2186.8109812089406,0.1258887972936598,44.819444694174955,0.08221241219036661,4.011272495594648,3,HPo,216,510.8854167644968,0.0,0.0,,,
,CH,,2030-Hhigh,545.1663988449028,2186.8109812089406,0.1258887972936598,31.378681231290084,0.05755798834589798,4.011272495594648,3,HPo,216,510.8854167644968,0.0,0.0,,,
,CH,,2030-Hlow,545.1663988449028,2186.8109812089406,0.1258887972936598,39.788567386646214,0.07298426218297777,4.011272495594648,3,HPo,216,510.8854167644968,0.0,0.0,,,
,CH,,2035-Hhigh,545.1663988449028,2186.8109812089406,0.1258887972936598,25.190879967727017,0.04620769002106768,4.011272495594648,3,HPo,216,510.8854167644968,0.0,0.0,,,
,CH,,2035-Hlow,545.1663988449028,2186.8109812089406,0.1258887972936598,32.56977533346619,0.05974281504229708,4.011272495594648,3,HPo,216,510.8854167644968,0.0,0.0,,,
,CH,,2040-Hhigh,545.1663988449028,2186.8109812089406,0.1258887972936598,25.885325891653725,0.047481513802940696,4.011272495594648,3,HPo,216,510.8854167644968,0.0,0.0,,,
,CH,,2040-Hlow,545.1663988449028,2186.8109812089406,0.1258887972936598,36.597854293155336,0.06713152969570167,4.011272495594648,3,HPo,216,510.8854167644968,0.0,0.0,,,
,CH,,2045-Hhigh,545.1663988449028,2186.8109812089406,0.1258887972936598,23.57597233843011,0.04324546118099505,4.011272495594648,3,HPo,216,510.8854167644968,0.0,0.0,,,
,CH,,2045-Hlow,545.1663988449028,2186.8109812089406,0.1258887972936598,32.927107717057986,0.060398270668962466,4.011272495594648,3,HPo,216,510.8854167644968,0.0,0.0,,,
,AK,,2024-Hhigh,658.1091448908267,2802.744823491569,0.12418341313318497,54.71712771034688,0.0831429378168326,4.258784192941909,4,HP,300,647.4044308989766,0.0,0.0,,,
,AK,,2024-Hlow,658.1091448908267,2802.744823491569,0.11969580494125287,70.84910945881667,0.10765556140474204,4.258784192941909,4,HP,300,647.4044308989766,0.0,0.0,,,
,AK,,2025-Hhigh,658.1091448908267,2802.744823491569,0.11969580494125287,41.25582774401084,0.06268842799753944,4.258784192941909,4,HP,300,647.4044308989766,0.0,0.0,,,
,AK,,2025-Hlow,658.1091448908267,2802.744823491569,0.11969580494125287,52.243299177178855,0.07938394350354372,4.258784192941909,4,HP,300,647.4044308989766,0.0,0.0,,,
,AK,,2030-Hhigh,658.1091448908267,2802.744823491569,0.11969580494125287,36.85515048046941,0.056001577802999976,4.258784192941909,4,HP,300,647.4044308989766,0.0,0.0,,,
,AK,,2030-Hlow,658.1091448908267,2802.744823491569,0.11969580494125287,46.04178946821612,0.06996071977673851,4.258784192941909,4,HP,300,647.4044308989766,0.0,0.0,,,
,AK,,2035-Hhigh,658.1091448908267,2802.744823491569,0.11969580494125287,29.151788333637498,0.04429628209842529,4.258784192941909,4,HP,300,647.4044308989766,0.0,0.0,,,
,AK,,2035-Hlow,658.1091448908267,2802.744823491569,0.11969580494125287,36.9479276344812,0.056142553133204785,4.258784192941909,4,HP,300,647.4044308989766,0.0,0.0,,,
,AK,,2040-Hhigh,658.1091448908267,2802.744823491569,0.11969580494125287,29.856371323486446,0.04536689932858979,4.258784192941909,4,HP,300,647.4044308989766,0.0,0.0,,,
,AK,,2040-Hlow,658.1091448908267,2802.744823491569,0.11969580494125287,41.18562008370313,0.0625817471211943,4.258784192941909,4,HP,300,647.4044308989766,0.0,0.0,,,
,AK,,2045-Hhigh,658.1091448908267,2802.744823491569,0.11969580494125287,26.913415438578852,0.040895063755790086,4.258784192941909,4,HP,300,647.4044308989766,0.0,0.0,,,
,AK,,2045-Hlow,658.1091448908267,2802.744823491569,0.11969580494125287,36.58091960134619,0.055584882667774775,4.258784192941909,4,HP,300,647.4044308989766,0.0,0.0,,,
,AK,,2024-Hhigh,689.0074520446115,2932.8425077657357,0.13073665741907042,57.20883956860292,0.0830307994475781,4.256619429967851,4,HPo,360,777.5021151731429,0.0,0.0,,,
,AK,,2024-Hlow,689.0074520446115,2932.8425077657357,0.1262490492271383,74.32791941665411,0.10787680045562348,4.256619429967851,4,HPo,360,777.5021151731429,0.0,0.0,,,
,AK,,2025-Hhigh,689.0074520446115,2932.8425077657357,0.1262490492271383,43.241836668425535,0.06275960664882002,4.256619429967851,4,HPo,360,777.5021151731429,0.0,0.0,,,
,AK,,2025-Hlow,689.0074520446115,2932.8425077657357,0.1262490492271383,54.837652495194014,0.07958934599686074,4.256619429967851,4,HPo,360,777.5021151731429,0.0,0.0,,,
,AK,,2030-Hhigh,689.0074520446115,2932.8425077657357,0.1262490492271383,38.67728690930955,0.05613478750416374,4.256619429967851,4,HPo,360,777.5021151731429,0.0,0.0,,,
,AK,,2030-Hlow,689.0074520446115,2932.8425077657357,0.1262490492271383,48.25136235151436,0.0700302474353938,4.256619429967851,4,HPo,360,777.5021151731429,0.0,0.0,,,
,AK,,2035-Hhigh,689.0074520446115,2932.8425077657357,0.1262490492271383,30.60369942977588,0.0444170804524105,4.256619429967851,4,HPo,360,777.5021151731429,0.0,0.0,,,
,AK,,2035-Hlow,689.0074520446115,2932.8425077657357,0.1262490492271383,38.72701926153837,0.05620696720567675,4.256619429967851,4,HPo,360,777.5021151731429,0.0,0.0,,,
,AK,,2040-Hhigh,689.0074520446115,2932.8425077657357,0.1262490492271383,31.4100894289166,0.045587445151294065,4.256619429967851,4,HPo,360,777.5021151731429,0.0,0.0,,,
,AK,,2040-Hlow,689.0074520446115,2932.8425077657357,0.1262490492271383,43.3131213680853,0.06286306663237785,4.256619429967851,4,HPo,360,777.5021151731429,0.0,0.0,,,
,AK,,2045-Hhigh,689.0074520446115,2932.8425077657357,0.1262490492271383,28.33029979968702,0.041117552089774356,4.256619429967851,4,HPo,360,777.5021151731429,0.0,0.0,,,
,AK,,2045-Hlow,689.0074520446115,2932.8425077657357,0.1262490492271383,38.4697833064339,0.05583362442927987,4.256619429967851,4,HPo,360,777.5021151731429,0.0,0.0,,,
,CH,,2024-Hhigh,711.5567065675885,2861.6860144892566,0.13936908686290178,60.155568686834975,0.08454079363121143,4.021725869598608,4,HP,300,706.3456218966638,0.0,0.0,,,
,CH,,2024-Hlow,711.5567065675885,2861.6860144892566,0.1359901528884285,78.1746424381312,0.10986424794621148,4.021725869598608,4,HP,300,706.3456218966638,0.0,0.0,,,
,CH,,2025-Hhigh,711.5567065675885,2861.6860144892566,0.1359901528884285,45.584956798560754,0.06406370199004059,4.021725869598608,4,HP,300,706.3456218966638,0.0,0.0,,,
,CH,,2025-Hlow,711.5567065675885,2861.6860144892566,0.1359901528884285,57.5674703013683,0.08090355943528746,4.021725869598608,4,HP,300,706.3456218966638,0.0,0.0,,,
,CH,,2030-Hhigh,711.5567065675885,2861.6860144892566,0.1359901528884285,40.67049179221159,0.05715706340313782,4.021725869598608,4,HP,300,706.3456218966638,0.0,0.0,,,
,CH,,2030-Hlow,711.5567065675885,2861.6860144892566,0.1359901528884285,50.756402294917265,0.07133149308613265,4.021725869598608,4,HP,300,706.3456218966638,0.0,0.0,,,
,CH,,2035-Hhigh,711.5567065675885,2861.6860144892566,0.1359901528884285,32.113883035315425,0.04513186755027096,4.021725869598608,4,HP,300,706.3456218966638,0.0,0.0,,,
,CH,,2035-Hlow,711.5567065675885,2861.6860144892566,0.1359901528884285,40.7891928967438,0.057323882299561126,4.021725869598608,4,HP,300,706.3456218966638,0.0,0.0,,,
,CH,,2040-Hhigh,711.5567065675885,2861.6860144892566,0.1359901528884285,32.991038446126765,0.04636459489682717,4.021725869598608,4,HP,300,706.3456218966638,0.0,0.0,,,
,CH,,2040-Hlow,711.5567065675885,2861.6860144892566,0.1359901528884285,45.617204916741244,0.0641090225075522,4.021725869598608,4,HP,300,706.3456218966638,0.0,0.0,,,
,CH,,2045-Hhigh,711.5567065675885,2861.6860144892566,0.1359901528884285,29.745840915765218,0.04180389369001015,4.021725869598608,4,HP,300,706.3456218966638,0.0,0.0,,,
,CH,,2045-Hlow,711.5567065675885,2861.6860144892566,0.1359901528884285,40.555855050825116,0.056995956438185634,4.021725869598608,4,HP,300,706.3456218966638,0.0,0.0,,,
,CH,,2024-Hhigh,747.5442541466115,3003.7385515235687,0.13783574836675677,63.174817685662426,0.08450980304541585,4.018141447629217,4,HPo,360,848.3981589309759,0.0,0.0,,,
,CH,,2024-Hlow,747.5442541466115,3003.7385515235687,0.1344568143922835,82.29626751636658,0.11008882358451824,4.018141447629217,4,HPo,360,848.3981589309759,0.0,0.0,,,
,CH,,2025-Hhigh,747.5442541466115,3003.7385515235687,0.1344568143922835,48.0107522108521,0.06422462876884882,4.018141447629217,4,HPo,360,848.3981589309759,0.0,0.0,,,
,CH,,2025-Hlow,747.5442541466115,3003.7385515235687,0.1344568143922835,60.69152924627277,0.08118787471058496,4.018141447629217,4,HPo,360,848.3981589309759,0.0,0.0,,,
,CH,,2030-Hhigh,747.5442541466115,3003.7385515235687,0.1344568143922835,42.85018020783092,0.05732126221309563,4.018141447629217,4,HPo,360,848.3981589309759,0.0,0.0,,,
,CH,,2030-Hlow,747.5442541466115,3003.7385515235687,0.1344568143922835,53.463835390766704,0.07151929145893904,4.018141447629217,4,HPo,360,848.3981589309759,0.0,0.0,,,
,CH,,2035-Hhigh,747.5442541466115,3003.7385515235687,0.1344568143922835,33.8515756415946,0.04528370789263734,4.018141447629217,4,HPo,360,848.3981589309759,0.0,0.0,,,
,CH,,2035-Hlow,747.5442541466115,3003.7385515235687,0.1344568143922835,42.91238622456815,0.05740447603808616,4.018141447629217,4,HPo,360,848.3981589309759,0.0,0.0,,,
,CH,,2040-Hhigh,747.5442541466115,3003.7385515235687,0.1344568143922835,34.85522743933374,0.04662630639723677,4.018141447629217,4,HPo,360,848.3981589309759,0.0,0.0,,,
,CH,,2040-Hlow,747.5442541466115,3003.7385515235687,0.1344568143922835,48.00432946159437,0.06421603697080863,4.018141447629217,4,HPo,360,848.3981589309759,0.0,0.0,,,
,CH,,2045-Hhigh,747.5442541466115,3003.7385515235687,0.1344568143922835,31.437679433682057,0.04205460647887793,4.018141447629217,4,HPo,360,848.3981589309759,0.0,0.0,,,
,CH,,2045-Hlow,747.5442541466115,3003.7385515235687,0.1344568143922835,42.67139039992868,0.057082092683117314,4.018141447629217,4,HPo,360,848.3981589309759,0.0,0.0,,,
,AK,,2024-Hhigh,770.6443053146912,3280.56704057369,0.15964032416391155,64.50584537216471,0.08370378516691156,4.256914659525157,5,HP,300,645.799416869986,0.0,0.0,,,
,AK,,2024-Hlow,770.6443053146912,3280.56704057369,0.16848851050872868,83.04481107886137,0.10776023452862624,4.256914659525157,5,HP,300,645.799416869986,0.0,0.0,,,
,AK,,2025-Hhigh,770.6443053146912,3280.56704057369,0.16848851050872868,48.91061881045885,0.06346717736464202,4.256914659525157,5,HP,300,645.799416869986,0.0,0.0,,,
,AK,,2025-Hlow,770.6443053146912,3280.56704057369,0.16848851050872868,60.89439321611003,0.07901750885091394,4.256914659525157,5,HP,300,645.799416869986,0.0,0.0,,,
,AK,,2030-Hhigh,770.6443053146912,3280.56704057369,0.16848851050872868,43.50802419273463,0.05645668681736149,4.256914659525157,5,HP,300,645.799416869986,0.0,0.0,,,
,AK,,2030-Hlow,770.6443053146912,3280.56704057369,0.16848851050872868,54.114059028916124,0.07021924207539397,4.256914659525157,5,HP,300,645.799416869986,0.0,0.0,,,
,AK,,2035-Hhigh,770.6443053146912,3280.56704057369,0.16848851050872868,34.597771543691216,0.044894604819746615,4.256914659525157,5,HP,300,645.799416869986,0.0,0.0,,,
,AK,,2035-Hlow,770.6443053146912,3280.56704057369,0.16848851050872868,43.43729797657897,0.056364911382614354,4.256914659525157,5,HP,300,645.799416869986,0.0,0.0,,,
,AK,,2040-Hhigh,770.6443053146912,3280.56704057369,0.16848851050872868,35.525633374763885,0.04609861271894698,4.256914659525157,5,HP,300,645.799416869986,0.0,0.0,,,
,AK,,2040-Hlow,770.6443053146912,3280.56704057369,0.16848851050872868,48.676843473845686,0.06316382686298913,4.256914659525157,5,HP,300,645.799416869986,0.0,0.0,,,
,AK,,2045-Hhigh,770.6443053146912,3280.56704057369,0.16848851050872868,32.052715660614844,0.04159210084284756,4.256914659525157,5,HP,300,645.799416869986,0.0,0.0,,,
,AK,,2045-Hlow,770.6443053146912,3280.56704057369,0.16848851050872868,43.11112510537333,0.0559416644073805,4.256914659525157,5,HP,300,645.799416869986,0.0,0.0,,,
,AK,,2024-Hhigh,801.3942873763864,3410.2406622039807,0.16318557626299254,66.97539067587155,0.0835735813579809,4.2553842920049565,5,HPo,360,775.4730385002765,0.0,0.0,,,
,AK,,2024-Hlow,801.3942873763864,3410.2406622039807,0.17304716509413523,86.48043341988156,0.10791246553928177,4.2553842920049565,5,HPo,360,775.4730385002765,0.0,0.0,,,
,AK,,2025-Hhigh,801.3942873763864,3410.2406622039807,0.17304716509413523,50.91844910501115,0.06353732476894555,4.2553842920049565,5,HPo,360,775.4730385002765,0.0,0.0,,,
,AK,,2025-Hlow,801.3942873763864,3410.2406622039807,0.17304716509413523,63.51843093451868,0.07925989982093089,4.2553842920049565,5,HPo,360,775.4730385002765,0.0,0.0,,,
,AK,,2030-Hhigh,801.3942873763864,3410.2406622039807,0.17304716509413523,45.29953081409333,0.05652589683711802,4.2553842920049565,5,HPo,360,775.4730385002765,0.0,0.0,,,
,AK,,2030-Hlow,801.3942873763864,3410.2406622039807,0.17304716509413523,56.39341648941459,0.07036912712971288,4.2553842920049565,5,HPo,360,775.4730385002765,0.0,0.0,,,
,AK,,2035-Hhigh,801.3942873763864,3410.2406622039807,0.17304716509413523,36.00948802824173,0.044933547188276066,4.2553842920049565,5,HPo,360,775.4730385002765,0.0,0.0,,,
,AK,,2035-Hlow,801.3942873763864,3410.2406622039807,0.17304716509413523,45.224196827581814,0.05643189318910333,4.2553842920049565,5,HPo,360,775.4730385002765,0.0,0.0,,,
,AK,,2040-Hhigh,801.3942873763864,3410.2406622039807,0.17304716509413523,37.0058048861892,0.04617677648706384,4.2553842920049565,5,HPo,360,775.4730385002765,0.0,0.0,,,
,AK,,2040-Hlow,801.3942873763864,3410.2406622039807,0.17304716509413523,50.565449328384595,0.06309684274631697,4.2553842920049565,5,HPo,360,775.4730385002765,0.0,0.0,,,
,AK,,2045-Hhigh,801.3942873763864,3410.2406622039807,0.17304716509413523,33.492626320561456,0.04179294368345199,4.2553842920049565,5,HPo,360,775.4730385002765,0.0,0.0,,,
,AK,,2045-Hlow,801.3942873763864,3410.2406622039807,0.17304716509413523,44.884999734903396,0.05600863450355806,4.2553842920049565,5,HPo,360,775.4730385002765,0.0,0.0,,,
,CH,,2024-Hhigh,829.487123946229,3339.4791632348247,0.17074659701935774,70.55015396170722,0.0850527415375294,4.025956602373136,5,HP,300,704.7115395311207,0.0,0.0,,,
,CH,,2024-Hlow,829.487123946229,3339.4791632348247,0.1814414656834804,91.00515431787153,0.10971255814667823,4.025956602373136,5,HP,300,704.7115395311207,0.0,0.0,,,
,CH,,2025-Hhigh,829.487123946229,3339.4791632348247,0.1814414656834804,53.66185010719328,0.06469280662477393,4.025956602373136,5,HP,300,704.7115395311207,0.0,0.0,,,
,CH,,2025-Hlow,829.487123946229,3339.4791632348247,0.1814414656834804,66.65769985267104,0.08036013812432861,4.025956602373136,5,HP,300,704.7115395311207,0.0,0.0,,,
,CH,,2030-Hhigh,829.487123946229,3339.4791632348247,0.1814414656834804,47.6487349340824,0.057443610103791315,4.025956602373136,5,HP,300,704.7115395311207,0.0,0.0,,,
,CH,,2030-Hlow,829.487123946229,3339.4791632348247,0.1814414656834804,59.140822234534596,0.07129805939985678,4.025956602373136,5,HP,300,704.7115395311207,0.0,0.0,,,
,CH,,2035-Hhigh,829.487123946229,3339.4791632348247,0.1814414656834804,37.86511186354116,0.04564882415944017,4.025956602373136,5,HP,300,704.7115395311207,0.0,0.0,,,
,CH,,2035-Hlow,829.487123946229,3339.4791632348247,0.1814414656834804,47.583803456922624,0.057365331037986335,4.025956602373136,5,HP,300,704.7115395311207,0.0,0.0,,,
,CH,,2040-Hhigh,829.487123946229,3339.4791632348247,0.1814414656834804,38.972422962824815,0.04698375880437558,4.025956602373136,5,HP,300,704.7115395311207,0.0,0.0,,,
,CH,,2040-Hlow,829.487123946229,3339.4791632348247,0.1814414656834804,53.409036880454536,0.06438802404353747,4.025956602373136,5,HP,300,704.7115395311207,0.0,0.0,,,
,CH,,2045-Hhigh,829.487123946229,3339.4791632348247,0.1814414656834804,35.185741690210854,0.04241867133852189,4.025956602373136,5,HP,300,704.7115395311207,0.0,0.0,,,
,CH,,2045-Hlow,829.487123946229,3339.4791632348247,0.1814414656834804,47.36525879479979,0.05710186141222153,4.025956602373136,5,HP,300,704.7115395311207,0.0,0.0,,,
,CH,,2024-Hhigh,865.3280660882153,3481.1073301970373,0.1798833553338109,73.60412458900683,0.08505921334753437,4.022875793147056,5,HPo,360,846.3397064933334,0.0,0.0,,,
,CH,,2024-Hlow,865.3280660882153,3481.1073301970373,0.19057822399793353,95.09004720869699,0.1098890131214155,4.022875793147056,5,HPo,360,846.3397064933334,0.0,0.0,,,
,CH,,2025-Hhigh,865.3280660882153,3481.1073301970373,0.19057822399793353,56.09806273885166,0.06482866433819422,4.022875793147056,5,HPo,360,846.3397064933334,0.0,0.0,,,
,CH,,2025-Hlow,865.3280660882153,3481.1073301970373,0.19057822399793353,69.7608881866988,0.08061784994685134,4.022875793147056,5,HPo,360,846.3397064933334,0.0,0.0,,,
,CH,,2030-Hhigh,865.3280660882153,3481.1073301970373,0.19057822399793353,49.83630584365547,0.05759238350946418,4.022875793147056,5,HPo,360,846.3397064933334,0.0,0.0,,,
,CH,,2030-Hlow,865.3280660882153,3481.1073301970373,0.19057822399793353,61.85873815453759,0.0714858798399721,4.022875793147056,5,HPo,360,846.3397064933334,0.0,0.0,,,
,CH,,2035-Hhigh,865.3280660882153,3481.1073301970373,0.19057822399793353,39.53131749284928,0.04568361878235819,4.022875793147056,5,HPo,360,846.3397064933334,0.0,0.0,,,
,CH,,2035-Hlow,865.3280660882153,3481.1073301970373,0.19057822399793353,49.67407537566962,0.0574049049399556,4.022875793147056,5,HPo,360,846.3397064933334,0.0,0.0,,,
,CH,,2040-Hhigh,865.3280660882153,3481.1073301970373,0.19057822399793353,40.73713992098031,0.0470771046467218,4.022875793147056,5,HPo,360,846.3397064933334,0.0,0.0,,,
,CH,,2040-Hlow,865.3280660882153,3481.1073301970373,0.19057822399793353,55.650347487059086,0.06431127068214824,4.022875793147056,5,HPo,360,846.3397064933334,0.0,0.0,,,
,CH,,2045-Hhigh,865.3280660882153,3481.1073301970373,0.19057822399793353,36.824204173132834,0.04255519451668729,4.022875793147056,5,HPo,360,846.3397064933334,0.0,0.0,,,
,CH,,2045-Hlow,865.3280660882153,3481.1073301970373,0.19057822399793353,49.436177951471315,0.05712998328478066,4.022875793147056,5,HPo,360,846.3397064933334,0.0,0.0,,,
Mass-Nom-Ideal,AK,HYD1000,2024-Hhigh,1562.8617570396486,4990.1,0.8244515606650769,143.9226326949376,0.09208916402660838,3.1929247596743164,3,HYD1000,1000,870.1546917812933,0.0,0.0,6,0.0,0.0
Mass-Nom-Ideal,AK,HYD1000,2024-Hlow,1562.8617570396486,4990.1,0.822982468420289,224.04515903962505,0.1433557114251796,3.1929247596743164,3,HYD1000,1000,870.1546917812933,0.0,0.0,6,0.0,0.0
Mass-Nom-Ideal,AK,HYD1000,2025-Hhigh,1562.8617570396486,4990.1,0.822982468420289,116.24133321834478,0.07437723310763424,3.1929247596743164,3,HYD1000,1000,870.1546917812933,0.0,0.0,6,0.0,0.0
Mass-Nom-Ideal,AK,HYD1000,2025-Hlow,1562.8617570396486,4990.1,0.822982468420289,164.33769356554689,0.10515177866840449,3.1929247596743164,3,HYD1000,1000,870.1546917812933,0.0,0.0,6,0.0,0.0
Mass-Nom-Ideal,AK,HYD1000,2030-Hhigh,1562.8617570396486,4990.1,0.822982468420289,111.6864153327372,0.07146276043268988,3.1929247596743164,3,HYD1000,1000,870.1546917812933,0.0,0.0,6,0.0,0.0
Mass-Nom-Ideal,AK,HYD1000,2030-Hlow,1562.8617570396486,4990.1,0.822982468420289,151.86045585283324,0.09716819492754449,3.1929247596743164,3,HYD1000,1000,870.1546917812933,0.0,0.0,6,0.0,0.0
Mass-Nom-Ideal,AK,HYD1000,2035-Hhigh,1562.8617570396486,4990.1,0.822982468420289,95.49459767442141,0.06110239580966264,3.1929247596743164,3,HYD1000,1000,870.1546917812933,0.0,0.0,6,0.0,0.0
Mass-Nom-Ideal,AK,HYD1000,2035-Hlow,1562.8617570396486,4990.1,0.822982468420289,130.81878526455137,0.08370464289326941,3.1929247596743164,3,HYD1000,1000,870.1546917812933,0.0,0.0,6,0.0,0.0
Mass-Nom-Ideal,AK,HYD1000,2040-Hhigh,1562.8617570396486,4990.1,0.822982468420289,98.93533193661135,0.0633039560223249,3.1929247596743164,3,HYD1000,1000,870.1546917812933,0.0,0.0,6,0.0,0.0
Mass-Nom-Ideal,AK,HYD1000,2040-Hlow,1562.8617570396486,4990.1,0.822982468420289,152.32491011152152,0.09746537684820779,3.1929247596743164,3,HYD1000,1000,870.1546917812933,0.0,0.0,6,0.0,0.0
Mass-Nom-Ideal,AK,HYD1000,2045-Hhigh,1562.8617570396486,4990.1,0.822982468420289,93.8519580187615,0.060051349772954066,3.1929247596743164,3,HYD1000,1000,870.1546917812933,0.0,0.0,6,0.0,0.0
Mass-Nom-Ideal,AK,HYD1000,2045-Hlow,1562.8617570396486,4990.1,0.822982468420289,143.40484098693977,0.09175785403987059,3.1929247596743164,3,HYD1000,1000,870.1546917812933,0.0,0.0,6,0.0,0.0
Mass-Nom-Ideal,AK,HYD200,2024-Hhigh,1234.4830383235394,4451.166666666667,0.6344965683573791,114.27329652798961,0.09256773319718979,3.605692851569244,3,HYD200,200,325.63872606977804,233.85808467085883,68.0,11.2,-619.6592306542215,120.0
Mass-Nom-Ideal,AK,HYD200,2024-Hlow,1234.4830383235394,4451.166666666667,0.6340162619190206,183.10970980566907,0.1483290609276713,3.605692851569244,3,HYD200,200,325.63872606977804,233.85808467085883,68.0,11.2,-619.6592306542215,120.0
Mass-Nom-Ideal,AK,HYD200,2025-Hhigh,1234.4830383235394,4451.166666666667,0.6340162619190206,92.31943652488565,0.07478388415142413,3.605692851569244,3,HYD200,200,325.63872606977804,233.85808467085883,68.0,11.2,-619.6592306542215,120.0
Mass-Nom-Ideal,AK,HYD200,2025-Hlow,1234.4830383235394,4451.166666666667,0.6340162619190206,133.36139936159128,0.10803015936346892,3.605692851569244,3,HYD200,200,325.63872606977804,233.85808467085883,68.0,11.2,-619.6592306542215,120.0
Mass-Nom-Ideal,AK,HYD200,2030-Hhigh,1234.4830383235394,4451.166666666667,0.6340162619190206,88.42276123836334,0.07162736019317348,3.605692851569244,3,HYD200,200,325.63872606977804,233.85808467085883,68.0,11.2,-619.6592306542215,120.0
Mass-Nom-Ideal,AK,HYD200,2030-Hlow,1234.4830383235394,4451.166666666667,0.6340162619190206,122.4030671177556,0.09915330005990378,3.605692851569244,3,HYD200,200,325.63872606977804,233.85808467085883,68.0,11.2,-619.6592306542215,120.0
Mass-Nom-Ideal,AK,HYD200,2035-Hhigh,1234.4830383235394,4451.166666666667,0.6340162619190206,75.44394019372443,0.06111379245532551,3.605692851569244,3,HYD200,200,325.63872606977804,233.85808467085883,68.0,11.2,-619.6592306542215,120.0
Mass-Nom-Ideal,AK,HYD200,2035-Hlow,1234.4830383235394,4451.166666666667,0.6340162619190206,104.7805055777087,0.08487804394623631,3.605692851569244,3,HYD200,200,325.63872606977804,233.85808467085883,68.0,11.2,-619.6592306542215,120.0
Mass-Nom-Ideal,AK,HYD200,2040-Hhigh,1234.4830383235394,4451.166666666667,0.6340162619190206,78.15376940172554,0.06330890500355552,3.605692851569244,3,HYD200,200,325.63872606977804,233.85808467085883,68.0,11.2,-619.6592306542215,120.0
Mass-Nom-Ideal,AK,HYD200,2040-Hlow,1234.4830383235394,4451.166666666667,0.6340162619190206,123.02065972994227,0.09965358446480364,3.605692851569244,3,HYD200,200,325.63872606977804,233.85808467085883,68.0,11.2,-619.6592306542215,120.0
Mass-Nom-Ideal,AK,HYD200,2045-Hhigh,1234.4830383235394,4451.166666666667,0.6340162619190206,73.83969868421617,0.0598142675046329,3.605692851569244,3,HYD200,200,325.63872606977804,233.85808467085883,68.0,11.2,-619.6592306542215,120.0
Mass-Nom-Ideal,AK,HYD200,2045-Hlow,1234.4830383235394,4451.166666666667,0.6340162619190206,115.54852240401705,0.09360073716438826,3.605692851569244,3,HYD200,200,325.63872606977804,233.85808467085883,68.0,11.2,-619.6592306542215,120.0
Mass-Nom-Ideal,AK,HYD500,2024-Hhigh,1546.7045424260887,4686.333333333333,0.8431623947279782,142.72054341441373,0.09227395375108224,3.0298826988524707,3,HYD500,500,562.9883907885064,0.0,0.0,8.5,0.0,0.0
Mass-Nom-Ideal,AK,HYD500,2024-Hlow,1546.7045424260887,4686.333333333333,0.8426422989665967,224.0740082046403,0.14487188862403433,3.0298826988524707,3,HYD500,500,562.9883907885064,0.0,0.0,8.5,0.0,0.0
Mass-Nom-Ideal,AK,HYD500,2025-Hhigh,1546.7045424260887,4686.333333333333,0.8426422989665967,115.07936650382287,0.07440294079909712,3.0298826988524707,3,HYD500,500,562.9883907885064,0.0,0.0,8.5,0.0,0.0
Mass-Nom-Ideal,AK,HYD500,2025-Hlow,1546.7045424260887,4686.333333333333,0.8426422989665967,163.85821049679717,0.10594021417935245,3.0298826988524707,3,HYD500,500,562.9883907885064,0.0,0.0,8.5,0.0,0.0
Mass-Nom-Ideal,AK,HYD500,2030-Hhigh,1546.7045424260887,4686.333333333333,0.8426422989665967,110.48838132786027,0.07143470410615937,3.0298826988524707,3,HYD500,500,562.9883907885064,0.0,0.0,8.5,0.0,0.0
Mass-Nom-Ideal,AK,HYD500,2030-Hlow,1546.7045424260887,4686.333333333333,0.8426422989665967,151.15557935801934,0.09772750723349125,3.0298826988524707,3,HYD500,500,562.9883907885064,0.0,0.0,8.5,0.0,0.0
Mass-Nom-Ideal,AK,HYD500,2035-Hhigh,1546.7045424260887,4686.333333333333,0.8426422989665967,94.40876800210651,0.06103865697195233,3.0298826988524707,3,HYD500,500,562.9883907885064,0.0,0.0,8.5,0.0,0.0
Mass-Nom-Ideal,AK,HYD500,2035-Hlow,1546.7045424260887,4686.333333333333,0.8426422989665967,130.0284171843428,0.08406803860573545,3.0298826988524707,3,HYD500,500,562.9883907885064,0.0,0.0,8.5,0.0,0.0
Mass-Nom-Ideal,AK,HYD500,2040-Hhigh,1546.7045424260887,4686.333333333333,0.8426422989665967,97.7894552663881,0.06322439262575652,3.0298826988524707,3,HYD500,500,562.9883907885064,0.0,0.0,8.5,0.0,0.0
Mass-Nom-Ideal,AK,HYD500,2040-Hlow,1546.7045424260887,4686.333333333333,0.8426422989665967,151.5042606761871,0.0979529422203316,3.0298826988524707,3,HYD500,500,562.9883907885064,0.0,0.0,8.5,0.0,0.0
Mass-Nom-Ideal,AK,HYD500,2045-Hhigh,1546.7045424260887,4686.333333333333,0.8426422989665967,92.65104266208763,0.05990222445248627,3.0298826988524707,3,HYD500,500,562.9883907885064,0.0,0.0,8.5,0.0,0.0
Mass-Nom-Ideal,AK,HYD500,2045-Hlow,1546.7045424260887,4686.333333333333,0.8426422989665967,142.3856873086821,0.09205745726028744,3.0298826988524707,3,HYD500,500,562.9883907885064,0.0,0.0,8.5,0.0,0.0
Mass-Nom-Ideal,AK,HYD1000,2024-Hhigh,1696.857223014947,5461.8,0.8141134065777224,156.46019243430752,0.09220586759580851,3.2187740523599073,4,HYD1000,1000,862.5389031910364,0.0,0.0,6,0.0,0.0
Mass-Nom-Ideal,AK,HYD1000,2024-Hlow,1696.857223014947,5461.8,0.8150270046453544,237.31330203625527,0.1398546081647347,3.2187740523599073,4,HYD1000,1000,862.5389031910364,0.0,0.0,6,0.0,0.0
Mass-Nom-Ideal,AK,HYD1000,2025-Hhigh,1696.857223014947,5461.8,0.8150270046453544,125.21824235860615,0.0737942124182496,3.2187740523599073,4,HYD1000,1000,862.5389031910364,0.0,0.0,6,0.0,0.0
Mass-Nom-Ideal,AK,HYD1000,2025-Hlow,1696.857223014947,5461.8,0.8150270046453544,174.38547219003257,0.10276967904240489,3.2187740523599073,4,HYD1000,1000,862.5389031910364,0.0,0.0,6,0.0,0.0
Mass-Nom-Ideal,AK,HYD1000,2030-Hhigh,1696.857223014947,5461.8,0.8150270046453544,119.74902186040833,0.07057106528246396,3.2187740523599073,4,HYD1000,1000,862.5389031910364,0.0,0.0,6,0.0,0.0
Mass-Nom-Ideal,AK,HYD1000,2030-Hlow,1696.857223014947,5461.8,0.8150270046453544,161.10130433768018,0.09494098982083957,3.2187740523599073,4,HYD1000,1000,862.5389031910364,0.0,0.0,6,0.0,0.0
Mass-Nom-Ideal,AK,HYD1000,2035-Hhigh,1696.857223014947,5461.8,0.8150270046453544,101.55642923138343,0.05984971973713834,3.2187740523599073,4,HYD1000,1000,862.5389031910364,0.0,0.0,6,0.0,0.0
Mass-Nom-Ideal,AK,HYD1000,2035-Hlow,1696.857223014947,5461.8,0.8150270046453544,138.00719969117281,0.08133106181200324,3.2187740523599073,4,HYD1000,1000,862.5389031910364,0.0,0.0,6,0.0,0.0
Mass-Nom-Ideal,AK,HYD1000,2040-Hhigh,1696.857223014947,5461.8,0.8150270046453544,105.15943973448665,0.06197306308873834,3.2187740523599073,4,HYD1000,1000,862.5389031910364,0.0,0.0,6,0.0,0.0
Mass-Nom-Ideal,AK,HYD1000,2040-Hlow,1696.857223014947,5461.8,0.8150270046453544,160.37933431410428,0.09451551499963268,3.2187740523599073,4,HYD1000,1000,862.5389031910364,0.0,0.0,6,0.0,0.0
Mass-Nom-Ideal,AK,HYD1000,2045-Hhigh,1696.857223014947,5461.8,0.8150270046453544,99.37709065347198,0.05856538152155221,3.2187740523599073,4,HYD1000,1000,862.5389031910364,0.0,0.0,6,0.0,0.0
Mass-Nom-Ideal,AK,HYD1000,2045-Hlow,1696.857223014947,5461.8,0.8150270046453544,150.2689199404655,0.08855719733064532,3.2187740523599073,4,HYD1000,1000,862.5389031910364,0.0,0.0,6,0.0,0.0
Mass-Nom-Ideal,AK,HYD200,2024-Hhigh,1348.8804456713083,4928.666666666666,0.6047274568165676,124.92294461133088,0.09261231787607349,3.653894370315211,4,HYD200,200,324.2596470734102,671.8547741904111,112.0,11.2,-366.855405150261,103.0
Mass-Nom-Ideal,AK,HYD200,2024-Hlow,1348.8804456713083,4928.666666666666,0.6042471503782092,194.27583277700552,0.14402746618535098,3.653894370315211,4,HYD200,200,324.2596470734102,671.8547741904111,112.0,11.2,-366.855405150261,103.0
Mass-Nom-Ideal,AK,HYD200,2025-Hhigh,1348.8804456713083,4928.666666666666,0.6042471503782092,99.70199981160435,0.07391463056014935,3.653894370315211,4,HYD200,200,324.2596470734102,671.8547741904111,112.0,11.2,-366.855405150261,103.0
Mass-Nom-Ideal,AK,HYD200,2025-Hlow,1348.8804456713083,4928.666666666666,0.6042471503782092,141.7390266630532,0.10507901357596804,3.653894370315211,4,HYD200,200,324.2596470734102,671.8547741904111,112.0,11.2,-366.855405150261,103.0
Mass-Nom-Ideal,AK,HYD200,2030-Hhigh,1348.8804456713083,4928.666666666666,0.6042471503782092,94.72658557668497,0.07022607962082335,3.653894370315211,4,HYD200,200,324.2596470734102,671.8547741904111,112.0,11.2,-366.855405150261,103.0
Mass-Nom-Ideal,AK,HYD200,2030-Hlow,1348.8804456713083,4928.666666666666,0.6042471503782092,129.60743080006762,0.09608518769472178,3.653894370315211,4,HYD200,200,324.2596470734102,671.8547741904111,112.0,11.2,-366.855405150261,103.0
Mass-Nom-Ideal,AK,HYD200,2035-Hhigh,1348.8804456713083,4928.666666666666,0.6042471503782092,80.08296696231642,0.05936995173983776,3.653894370315211,4,HYD200,200,324.2596470734102,671.8547741904111,112.0,11.2,-366.855405150261,103.0
Mass-Nom-Ideal,AK,HYD200,2035-Hlow,1348.8804456713083,4928.666666666666,0.6042471503782092,110.10752243690894,0.08162882247292927,3.653894370315211,4,HYD200,200,324.2596470734102,671.8547741904111,112.0,11.2,-366.855405150261,103.0
Mass-Nom-Ideal,AK,HYD200,2040-Hhigh,1348.8804456713083,4928.666666666666,0.6042471503782092,82.7633825530189,0.06135709270500202,3.653894370315211,4,HYD200,200,324.2596470734102,671.8547741904111,112.0,11.2,-366.855405150261,103.0
Mass-Nom-Ideal,AK,HYD200,2040-Hlow,1348.8804456713083,4928.666666666666,0.6042471503782092,129.04724504489343,0.09566989087803808,3.653894370315211,4,HYD200,200,324.2596470734102,671.8547741904111,112.0,11.2,-366.855405150261,103.0
Mass-Nom-Ideal,AK,HYD200,2045-Hhigh,1348.8804456713083,4928.666666666666,0.6042471503782092,77.7445411574971,0.0576363467992935,3.653894370315211,4,HYD200,200,324.2596470734102,671.8547741904111,112.0,11.2,-366.855405150261,103.0
Mass-Nom-Ideal,AK,HYD200,2045-Hlow,1348.8804456713083,4928.666666666666,0.6042471503782092,120.37025751605816,0.08923715804639196,3.653894370315211,4,HYD200,200,324.2596470734102,671.8547741904111,112.0,11.2,-366.855405150261,103.0
Mass-Nom-Ideal,AK,HYD500,2024-Hhigh,1688.292445324438,5161.625,0.817735129758686,155.91934000515076,0.09235327708594221,3.057305038765422,4,HYD500,500,558.9316704024922,0.0,0.0,8.5,0.0,0.0
Mass-Nom-Ideal,AK,HYD500,2024-Hlow,1688.292445324438,5161.625,0.8173883992510984,237.87238555075172,0.14089524964085232,3.057305038765422,4,HYD500,500,558.9316704024922,0.0,0.0,8.5,0.0,0.0
Mass-Nom-Ideal,AK,HYD500,2025-Hhigh,1688.292445324438,5161.625,0.8173883992510984,124.38006115869479,0.07367210669167731,3.057305038765422,4,HYD500,500,558.9316704024922,0.0,0.0,8.5,0.0,0.0
Mass-Nom-Ideal,AK,HYD500,2025-Hlow,1688.292445324438,5161.625,0.8173883992510984,174.22088048484653,0.10319354384800711,3.057305038765422,4,HYD500,500,558.9316704024922,0.0,0.0,8.5,0.0,0.0
Mass-Nom-Ideal,AK,HYD500,2030-Hhigh,1688.292445324438,5161.625,0.8173883992510984,118.60679029866998,0.07025251497579106,3.057305038765422,4,HYD500,500,558.9316704024922,0.0,0.0,8.5,0.0,0.0
Mass-Nom-Ideal,AK,HYD500,2030-Hlow,1688.292445324438,5161.625,0.8173883992510984,160.3836305767725,0.09499754087091926,3.057305038765422,4,HYD500,500,558.9316704024922,0.0,0.0,8.5,0.0,0.0
Mass-Nom-Ideal,AK,HYD500,2035-Hhigh,1688.292445324438,5161.625,0.8173883992510984,100.44679750090583,0.05949608895015996,3.057305038765422,4,HYD500,500,558.9316704024922,0.0,0.0,8.5,0.0,0.0
Mass-Nom-Ideal,AK,HYD500,2035-Hlow,1688.292445324438,5161.625,0.8173883992510984,136.96763115873483,0.08112790620964597,3.057305038765422,4,HYD500,500,558.9316704024922,0.0,0.0,8.5,0.0,0.0
Mass-Nom-Ideal,AK,HYD500,2040-Hhigh,1688.292445324438,5161.625,0.8173883992510984,103.84757966800798,0.061510421346493475,3.057305038765422,4,HYD500,500,558.9316704024922,0.0,0.0,8.5,0.0,0.0
Mass-Nom-Ideal,AK,HYD500,2040-Hlow,1688.292445324438,5161.625,0.8173883992510984,159.37609321678298,0.09440076194036146,3.057305038765422,4,HYD500,500,558.9316704024922,0.0,0.0,8.5,0.0,0.0
Mass-Nom-Ideal,AK,HYD500,2045-Hhigh,1688.292445324438,5161.625,0.8173883992510984,97.91171337570472,0.05799452200764252,3.057305038765422,4,HYD500,500,558.9316704024922,0.0,0.0,8.5,0.0,0.0
Mass-Nom-Ideal,AK,HYD500,2045-Hlow,1688.292445324438,5161.625,0.8173883992510984,148.7348653414734,0.0880978089746123,3.057305038765422,4,HYD500,500,558.9316704024922,0.0,0.0,8.5,0.0,0.0
Mass-Nom-Ideal,AK,HYD1000,2024-Hhigh,1837.4673096845715,5936.299999999999,0.9021032348590006,169.12763280728043,0.09204388666719393,3.2306969319737466,5,HYD1000,1000,858.6643721586316,0.0,0.0,6,0.0,0.0
Mass-Nom-Ideal,AK,HYD1000,2024-Hlow,1837.4673096845715,5936.299999999999,0.913263801957265,252.9309710597178,0.13765195697720312,3.2306969319737466,5,HYD1000,1000,858.6643721586316,0.0,0.0,6,0.0,0.0
Mass-Nom-Ideal,AK,HYD1000,2025-Hhigh,1837.4673096845715,5936.299999999999,0.913263801957265,135.0470971134638,0.07349632638452035,3.2306969319737466,5,HYD1000,1000,858.6643721586316,0.0,0.0,6,0.0,0.0
Mass-Nom-Ideal,AK,HYD1000,2025-Hlow,1837.4673096845715,5936.299999999999,0.913263801957265,185.92777444421685,0.10118698355299399,3.2306969319737466,5,HYD1000,1000,858.6643721586316,0.0,0.0,6,0.0,0.0
Mass-Nom-Ideal,AK,HYD1000,2030-Hhigh,1837.4673096845715,5936.299999999999,0.913263801957265,128.6046725776438,0.06999018262791337,3.2306969319737466,5,HYD1000,1000,858.6643721586316,0.0,0.0,6,0.0,0.0
Mass-Nom-Ideal,AK,HYD1000,2030-Hlow,1837.4673096845715,5936.299999999999,0.913263801957265,171.75590309893687,0.09347426329365353,3.2306969319737466,5,HYD1000,1000,858.6643721586316,0.0,0.0,6,0.0,0.0
Mass-Nom-Ideal,AK,HYD1000,2035-Hhigh,1837.4673096845715,5936.299999999999,0.913263801957265,108.88374824362914,0.059257515858783166,3.2306969319737466,5,HYD1000,1000,858.6643721586316,0.0,0.0,6,0.0,0.0
Mass-Nom-Ideal,AK,HYD1000,2035-Hlow,1837.4673096845715,5936.299999999999,0.913263801957265,146.81271321080533,0.07989949668057382,3.2306969319737466,5,HYD1000,1000,858.6643721586316,0.0,0.0,6,0.0,0.0
Mass-Nom-Ideal,AK,HYD1000,2040-Hhigh,1837.4673096845715,5936.299999999999,0.913263801957265,112.71994646609532,0.061345279925249595,3.2306969319737466,5,HYD1000,1000,858.6643721586316,0.0,0.0,6,0.0,0.0
Mass-Nom-Ideal,AK,HYD1000,2040-Hlow,1837.4673096845715,5936.299999999999,0.913263801957265,170.26056696073104,0.09266046044103979,3.2306969319737466,5,HYD1000,1000,858.6643721586316,0.0,0.0,6,0.0,0.0
Mass-Nom-Ideal,AK,HYD1000,2045-Hhigh,1837.4673096845715,5936.299999999999,0.913263801957265,106.31127535416836,0.05785750570573049,3.2306969319737466,5,HYD1000,1000,858.6643721586316,0.0,0.0,6,0.0,0.0
Mass-Nom-Ideal,AK,HYD1000,2045-Hlow,1837.4673096845715,5936.299999999999,0.913263801957265,159.0623088372349,0.08656606188250517,3.2306969319737466,5,HYD1000,1000,858.6643721586316,0.0,0.0,6,0.0,0.0
Mass-Nom-Ideal,AK,HYD200,2024-Hhigh,1469.4371049643453,5407.166666666667,0.6632888762423915,135.4131188818717,0.09215305536003693,3.6797537290974205,5,HYD200,200,323.3005820915793,715.2944487895585,130.0,11.2,-600.1602284036373,162.0
Mass-Nom-Ideal,AK,HYD200,2024-Hlow,1469.4371049643453,5407.166666666667,0.6756832774392781,207.76849348966803,0.14139325377570983,3.6797537290974205,5,HYD200,200,323.3005820915793,715.2944487895585,130.0,11.2,-600.1602284036373,162.0
Mass-Nom-Ideal,AK,HYD200,2025-Hhigh,1469.4371049643453,5407.166666666667,0.6756832774392781,107.76801261508372,0.07333965656032528,3.6797537290974205,5,HYD200,200,323.3005820915793,715.2944487895585,130.0,11.2,-600.1602284036373,162.0
Mass-Nom-Ideal,AK,HYD200,2025-Hlow,1469.4371049643453,5407.166666666667,0.6756832774392781,151.443687926335,0.10306238178871198,3.6797537290974205,5,HYD200,200,323.3005820915793,715.2944487895585,130.0,11.2,-600.1602284036373,162.0
Mass-Nom-Ideal,AK,HYD200,2030-Hhigh,1469.4371049643453,5407.166666666667,0.6756832774392781,101.79578450168479,0.06927536003941781,3.6797537290974205,5,HYD200,200,323.3005820915793,715.2944487895585,130.0,11.2,-600.1602284036373,162.0
Mass-Nom-Ideal,AK,HYD200,2030-Hlow,1469.4371049643453,5407.166666666667,0.6756832774392781,138.54187470306366,0.09428227600556287,3.6797537290974205,5,HYD200,200,323.3005820915793,715.2944487895585,130.0,11.2,-600.1602284036373,162.0
Mass-Nom-Ideal,AK,HYD200,2035-Hhigh,1469.4371049643453,5407.166666666667,0.6756832774392781,85.85105256587833,0.05842444857002671,3.6797537290974205,5,HYD200,200,323.3005820915793,715.2944487895585,130.0,11.2,-600.1602284036373,162.0
Mass-Nom-Ideal,AK,HYD200,2035-Hlow,1469.4371049643453,5407.166666666667,0.6756832774392781,117.23826180585475,0.07978447080843208,3.6797537290974205,5,HYD200,200,323.3005820915793,715.2944487895585,130.0,11.2,-600.1602284036373,162.0
Mass-Nom-Ideal,AK,HYD200,2040-Hhigh,1469.4371049643453,5407.166666666667,0.6756832774392781,88.87229478221457,0.060480502691791616,3.6797537290974205,5,HYD200,200,323.3005820915793,715.2944487895585,130.0,11.2,-600.1602284036373,162.0
Mass-Nom-Ideal,AK,HYD200,2040-Hlow,1469.4371049643453,5407.166666666667,0.6756832774392781,137.1832764498745,0.093357705468587,3.6797537290974205,5,HYD200,200,323.3005820915793,715.2944487895585,130.0,11.2,-600.1602284036373,162.0
Mass-Nom-Ideal,AK,HYD200,2045-Hhigh,1469.4371049643453,5407.166666666667,0.6756832774392781,83.26756537532879,0.05666630105774361,3.6797537290974205,5,HYD200,200,323.3005820915793,715.2944487895585,130.0,11.2,-600.1602284036373,162.0
Mass-Nom-Ideal,AK,HYD200,2045-Hlow,1469.4371049643453,5407.166666666667,0.6756832774392781,127.53368280322859,0.08679084145375728,3.6797537290974205,5,HYD200,200,323.3005820915793,715.2944487895585,130.0,11.2,-600.1602284036373,162.0
Mass-Nom-Ideal,AK,HYD500,2024-Hhigh,1836.2289937668324,5638.475,0.8936403048744127,168.8820291832223,0.09197220485925256,3.070681826253738,5,HYD500,500,556.965916420662,0.0,0.0,8.5,0.0,0.0
Mass-Nom-Ideal,AK,HYD500,2024-Hlow,1836.2289937668324,5638.475,0.9084984012715515,254.18569075011425,0.13842809998805147,3.070681826253738,5,HYD500,500,556.965916420662,0.0,0.0,8.5,0.0,0.0
Mass-Nom-Ideal,AK,HYD500,2025-Hhigh,1836.2289937668324,5638.475,0.9084984012715515,134.35101842434523,0.07316681028368804,3.070681826253738,5,HYD500,500,556.965916420662,0.0,0.0,8.5,0.0,0.0
Mass-Nom-Ideal,AK,HYD500,2025-Hlow,1836.2289937668324,5638.475,0.9084984012715515,186.0876019935935,0.10134226320642839,3.070681826253738,5,HYD500,500,556.965916420662,0.0,0.0,8.5,0.0,0.0
Mass-Nom-Ideal,AK,HYD500,2030-Hhigh,1836.2289937668324,5638.475,0.9084984012715515,127.40948890976429,0.06938649228514632,3.070681826253738,5,HYD500,500,556.965916420662,0.0,0.0,8.5,0.0,0.0
Mass-Nom-Ideal,AK,HYD500,2030-Hlow,1836.2289937668324,5638.475,0.9084984012715515,171.29101899962825,0.09328412718734093,3.070681826253738,5,HYD500,500,556.965916420662,0.0,0.0,8.5,0.0,0.0
Mass-Nom-Ideal,AK,HYD500,2035-Hhigh,1836.2289937668324,5638.475,0.9084984012715515,107.6124431461044,0.05860513231813679,3.070681826253738,5,HYD500,500,556.965916420662,0.0,0.0,8.5,0.0,0.0
Mass-Nom-Ideal,AK,HYD500,2035-Hlow,1836.2289937668324,5638.475,0.9084984012715515,145.71785648600778,0.07935712646987605,3.070681826253738,5,HYD500,500,556.965916420662,0.0,0.0,8.5,0.0,0.0
Mass-Nom-Ideal,AK,HYD500,2040-Hhigh,1836.2289937668324,5638.475,0.9084984012715515,111.37086225150614,0.06065194626027575,3.070681826253738,5,HYD500,500,556.965916420662,0.0,0.0,8.5,0.0,0.0
Mass-Nom-Ideal,AK,HYD500,2040-Hlow,1836.2289937668324,5638.475,0.9084984012715515,169.09789492949153,0.09208976413263403,3.070681826253738,5,HYD500,500,556.965916420662,0.0,0.0,8.5,0.0,0.0
Mass-Nom-Ideal,AK,HYD500,2045-Hhigh,1836.2289937668324,5638.475,0.9084984012715515,104.68461643431539,0.057010654329973195,3.070681826253738,5,HYD500,500,556.965916420662,0.0,0.0,8.5,0.0,0.0
Mass-Nom-Ideal,AK,HYD500,2045-Hlow,1836.2289937668324,5638.475,0.9084984012715515,157.3734345729557,0.08570468885262533,3.070681826253738,5,HYD500,500,556.965916420662,0.0,0.0,8.5,0.0,0.0
Mass-Nom-Ideal,CH,HYD1000,2024-Hhigh,3363.2895194157263,9409.754133333332,1.6078157382165874,338.4836712053644,0.10064065827558195,2.7977829678391775,3,HYD1000,1000,984.7122305193888,0.0,0.0,11.2,0.0,0.0
Mass-Nom-Ideal,CH,HYD1000,2024-Hlow,3363.2895194157263,9409.754133333332,1.6261299180087863,508.11969614653674,0.151078190923869,2.7977829678391775,3,HYD1000,1000,984.7122305193888,0.0,0.0,11.2,0.0,0.0
Mass-Nom-Ideal,CH,HYD1000,2025-Hhigh,3363.2895194157263,9409.754133333332,1.6261299180087863,277.64688960246997,0.08255218232021341,2.7977829678391775,3,HYD1000,1000,984.7122305193888,0.0,0.0,11.2,0.0,0.0
Mass-Nom-Ideal,CH,HYD1000,2025-Hlow,3363.2895194157263,9409.754133333332,1.6261299180087863,373.3636657844487,0.11101145578728226,2.7977829678391775,3,HYD1000,1000,984.7122305193888,0.0,0.0,11.2,0.0,0.0
Mass-Nom-Ideal,CH,HYD1000,2030-Hhigh,3363.2895194157263,9409.754133333332,1.6261299180087863,258.20883320763375,0.07677270473357584,2.7977829678391775,3,HYD1000,1000,984.7122305193888,0.0,0.0,11.2,0.0,0.0
Mass-Nom-Ideal,CH,HYD1000,2030-Hlow,3363.2895194157263,9409.754133333332,1.6261299180087863,339.8500471895109,0.10104692005478909,2.7977829678391775,3,HYD1000,1000,984.7122305193888,0.0,0.0,11.2,0.0,0.0
Mass-Nom-Ideal,CH,HYD1000,2035-Hhigh,3363.2895194157263,9409.754133333332,1.6261299180087863,213.52310641919289,0.06348638890186484,2.7977829678391775,3,HYD1000,1000,984.7122305193888,0.0,0.0,11.2,0.0,0.0
Mass-Nom-Ideal,CH,HYD1000,2035-Hlow,3363.2895194157263,9409.754133333332,1.6261299180087863,285.6994183031252,0.0849464242236146,2.7977829678391775,3,HYD1000,1000,984.7122305193888,0.0,0.0,11.2,0.0,0.0
Mass-Nom-Ideal,CH,HYD1000,2040-Hhigh,3363.2895194157263,9409.754133333332,1.6261299180087863,224.98464192105234,0.06689422383123796,2.7977829678391775,3,HYD1000,1000,984.7122305193888,0.0,0.0,11.2,0.0,0.0
Mass-Nom-Ideal,CH,HYD1000,2040-Hlow,3363.2895194157263,9409.754133333332,1.6261299180087863,329.83219598129733,0.09806833282630871,2.7977829678391775,3,HYD1000,1000,984.7122305193888,0.0,0.0,11.2,0.0,0.0
Mass-Nom-Ideal,CH,HYD1000,2045-Hhigh,3363.2895194157263,9409.754133333332,1.6261299180087863,210.6503144146709,0.06263222752564734,2.7977829678391775,3,HYD1000,1000,984.7122305193888,0.0,0.0,11.2,0.0,0.0
Mass-Nom-Ideal,CH,HYD1000,2045-Hlow,3363.2895194157263,9409.754133333332,1.6261299180087863,307.2462073855048,0.09135288699109076,2.7977829678391775,3,HYD1000,1000,984.7122305193888,0.0,0.0,11.2,0.0,0.0
Mass-Nom-Ideal,CH,HYD200,2024-Hhigh,3088.9024495713707,8801.8,1.3138056756679515,308.7186192392124,0.09994443796114426,2.84949108743184,3,HYD200,200,371.0684792356438,16.50821799855913,11.0,14,-253.32409547442234,74.0
Mass-Nom-Ideal,CH,HYD200,2024-Hlow,3088.9024495713707,8801.8,1.3303792653244133,464.6171188550148,0.15041495367375135,2.84949108743184,3,HYD200,200,371.0684792356438,16.50821799855913,11.0,14,-253.32409547442234,74.0
Mass-Nom-Ideal,CH,HYD200,2025-Hhigh,3088.9024495713707,8801.8,1.3303792653244133,252.08016232996417,0.08160832737367407,2.84949108743184,3,HYD200,200,371.0684792356438,16.50821799855913,11.0,14,-253.32409547442234,74.0
Mass-Nom-Ideal,CH,HYD200,2025-Hlow,3088.9024495713707,8801.8,1.3303792653244133,340.17188764094806,0.1101271060496429,2.84949108743184,3,HYD200,200,371.0684792356438,16.50821799855913,11.0,14,-253.32409547442234,74.0
Mass-Nom-Ideal,CH,HYD200,2030-Hhigh,3088.9024495713707,8801.8,1.3303792653244133,233.65549677356577,0.07564353377556123,2.84949108743184,3,HYD200,200,371.0684792356438,16.50821799855913,11.0,14,-253.32409547442234,74.0
Mass-Nom-Ideal,CH,HYD200,2030-Hlow,3088.9024495713707,8801.8,1.3303792653244133,309.0001265207893,0.10003557301191804,2.84949108743184,3,HYD200,200,371.0684792356438,16.50821799855913,11.0,14,-253.32409547442234,74.0
Mass-Nom-Ideal,CH,HYD200,2035-Hhigh,3088.9024495713707,8801.8,1.3303792653244133,192.82857580653985,0.06242624328693111,2.84949108743184,3,HYD200,200,371.0684792356438,16.50821799855913,11.0,14,-253.32409547442234,74.0
Mass-Nom-Ideal,CH,HYD200,2035-Hlow,3088.9024495713707,8801.8,1.3303792653244133,258.89438839235595,0.08381436209754091,2.84949108743184,3,HYD200,200,371.0684792356438,16.50821799855913,11.0,14,-253.32409547442234,74.0
Mass-Nom-Ideal,CH,HYD200,2040-Hhigh,3088.9024495713707,8801.8,1.3303792653244133,202.8484657987929,0.06567007832407948,2.84949108743184,3,HYD200,200,371.0684792356438,16.50821799855913,11.0,14,-253.32409547442234,74.0
Mass-Nom-Ideal,CH,HYD200,2040-Hlow,3088.9024495713707,8801.8,1.3303792653244133,298.7403357057412,0.09671407258173391,2.84949108743184,3,HYD200,200,371.0684792356438,16.50821799855913,11.0,14,-253.32409547442234,74.0
Mass-Nom-Ideal,CH,HYD200,2045-Hhigh,3088.9024495713707,8801.8,1.3303792653244133,189.50944994442213,0.06135171085468215,2.84949108743184,3,HYD200,200,371.0684792356438,16.50821799855913,11.0,14,-253.32409547442234,74.0
Mass-Nom-Ideal,CH,HYD200,2045-Hlow,3088.9024495713707,8801.8,1.3303792653244133,277.34590966940544,0.08978784995553717,2.84949108743184,3,HYD200,200,371.0684792356438,16.50821799855913,11.0,14,-253.32409547442234,74.0
Mass-Nom-Ideal,CH,HYD500,2024-Hhigh,3185.777836914883,9068.266666666666,1.4552157373110284,317.85886738741897,0.09977433570673416,2.846484322161147,3,HYD500,500,639.6661564973243,0.0,0.0,14,0.0,0.0
Mass-Nom-Ideal,CH,HYD500,2024-Hlow,3185.777836914883,9068.266666666666,1.47162226224402,476.7129413994455,0.14963784852652995,2.846484322161147,3,HYD500,500,639.6661564973243,0.0,0.0,14,0.0,0.0
Mass-Nom-Ideal,CH,HYD500,2025-Hhigh,3185.777836914883,9068.266666666666,1.47162226224402,259.9369532266271,0.08159293162713155,2.846484322161147,3,HYD500,500,639.6661564973243,0.0,0.0,14,0.0,0.0
Mass-Nom-Ideal,CH,HYD500,2025-Hlow,3185.777836914883,9068.266666666666,1.47162226224402,349.78232988520887,0.10979495363177588,2.846484322161147,3,HYD500,500,639.6661564973243,0.0,0.0,14,0.0,0.0
Mass-Nom-Ideal,CH,HYD500,2030-Hhigh,3185.777836914883,9068.266666666666,1.47162226224402,241.51301085806745,0.07580974669971004,2.846484322161147,3,HYD500,500,639.6661564973243,0.0,0.0,14,0.0,0.0
Mass-Nom-Ideal,CH,HYD500,2030-Hlow,3185.777836914883,9068.266666666666,1.47162226224402,318.39150575711375,0.09994152827224294,2.846484322161147,3,HYD500,500,639.6661564973243,0.0,0.0,14,0.0,0.0
Mass-Nom-Ideal,CH,HYD500,2035-Hhigh,3185.777836914883,9068.266666666666,1.47162226224402,199.66223738484163,0.06267299466751114,2.846484322161147,3,HYD500,500,639.6661564973243,0.0,0.0,14,0.0,0.0
Mass-Nom-Ideal,CH,HYD500,2035-Hlow,3185.777836914883,9068.266666666666,1.47162226224402,267.2711080032533,0.08389508675284132,2.846484322161147,3,HYD500,500,639.6661564973243,0.0,0.0,14,0.0,0.0
Mass-Nom-Ideal,CH,HYD500,2040-Hhigh,3185.777836914883,9068.266666666666,1.47162226224402,209.95458869517364,0.0659037131410564,2.846484322161147,3,HYD500,500,639.6661564973243,0.0,0.0,14,0.0,0.0
Mass-Nom-Ideal,CH,HYD500,2040-Hlow,3185.777836914883,9068.266666666666,1.47162226224402,308.07011387630723,0.09670169410640488,2.846484322161147,3,HYD500,500,639.6661564973243,0.0,0.0,14,0.0,0.0
Mass-Nom-Ideal,CH,HYD500,2045-Hhigh,3185.777836914883,9068.266666666666,1.47162226224402,196.40576264661698,0.061650803257774216,2.846484322161147,3,HYD500,500,639.6661564973243,0.0,0.0,14,0.0,0.0
Mass-Nom-Ideal,CH,HYD500,2045-Hlow,3185.777836914883,9068.266666666666,1.47162226224402,286.2755995973918,0.08986050322787792,2.846484322161147,3,HYD500,500,639.6661564973243,0.0,0.0,14,0.0,0.0
Mass-Nom-Ideal,CH,HYD1000,2024-Hhigh,3500.145909548877,9885.106866666667,1.5499745022336988,351.8498092557092,0.10052432622760518,2.824198511181703,4,HYD1000,1000,980.6926152532367,0.0,0.0,11.2,0.0,0.0
Mass-Nom-Ideal,CH,HYD1000,2024-Hlow,3500.145909548877,9885.106866666667,1.5684068856231628,522.5025493641552,0.149280219415624,2.824198511181703,4,HYD1000,1000,980.6926152532367,0.0,0.0,11.2,0.0,0.0
Mass-Nom-Ideal,CH,HYD1000,2025-Hhigh,3500.145909548877,9885.106866666667,1.5684068856231628,287.3703391039229,0.08210238845184634,2.824198511181703,4,HYD1000,1000,980.6926152532367,0.0,0.0,11.2,0.0,0.0
Mass-Nom-Ideal,CH,HYD1000,2025-Hlow,3500.145909548877,9885.106866666667,1.5684068856231628,384.21010111379104,0.10976973847450568,2.824198511181703,4,HYD1000,1000,980.6926152532367,0.0,0.0,11.2,0.0,0.0
Mass-Nom-Ideal,CH,HYD1000,2030-Hhigh,3500.145909548877,9885.106866666667,1.5684068856231628,266.8559693673936,0.07624138429183022,2.824198511181703,4,HYD1000,1000,980.6926152532367,0.0,0.0,11.2,0.0,0.0
Mass-Nom-Ideal,CH,HYD1000,2030-Hlow,3500.145909548877,9885.106866666667,1.5684068856231628,349.8909174084945,0.09996466617404268,2.824198511181703,4,HYD1000,1000,980.6926152532367,0.0,0.0,11.2,0.0,0.0
Mass-Nom-Ideal,CH,HYD1000,2035-Hhigh,3500.145909548877,9885.106866666667,1.5684068856231628,220.12507749840725,0.06289025748837382,2.824198511181703,4,HYD1000,1000,980.6926152532367,0.0,0.0,11.2,0.0,0.0
Mass-Nom-Ideal,CH,HYD1000,2035-Hlow,3500.145909548877,9885.106866666667,1.5684068856231628,293.4201041241868,0.08383082068770237,2.824198511181703,4,HYD1000,1000,980.6926152532367,0.0,0.0,11.2,0.0,0.0
Mass-Nom-Ideal,CH,HYD1000,2040-Hhigh,3500.145909548877,9885.106866666667,1.5684068856231628,231.7150249274316,0.06620153299760484,2.824198511181703,4,HYD1000,1000,980.6926152532367,0.0,0.0,11.2,0.0,0.0
Mass-Nom-Ideal,CH,HYD1000,2040-Hlow,3500.145909548877,9885.106866666667,1.5684068856231628,338.5876514051233,0.0967352962290543,2.824198511181703,4,HYD1000,1000,980.6926152532367,0.0,0.0,11.2,0.0,0.0
Mass-Nom-Ideal,CH,HYD1000,2045-Hhigh,3500.145909548877,9885.106866666667,1.5684068856231628,216.58206620353974,0.06187801074597325,2.824198511181703,4,HYD1000,1000,980.6926152532367,0.0,0.0,11.2,0.0,0.0
Mass-Nom-Ideal,CH,HYD1000,2045-Hlow,3500.145909548877,9885.106866666667,1.5684068856231628,314.5690974325709,0.08987313830957257,2.824198511181703,4,HYD1000,1000,980.6926152532367,0.0,0.0,11.2,0.0,0.0
Mass-Nom-Ideal,CH,HYD200,2024-Hhigh,3228.0673812292894,9280.366666666667,1.2986603920849282,321.9207208564912,0.09972552702227042,2.8748986841571393,4,HYD200,200,370.35019874798763,34.46732806080165,22.0,14,-220.88427196417825,86.0
Mass-Nom-Ideal,CH,HYD200,2024-Hlow,3228.0673812292894,9280.366666666667,1.3152339817413896,478.50777674567087,0.1482335156719836,2.8748986841571393,4,HYD200,200,370.35019874798763,34.46732806080165,22.0,14,-220.88427196417825,86.0
Mass-Nom-Ideal,CH,HYD200,2025-Hhigh,3228.0673812292894,9280.366666666667,1.3152339817413896,261.15498158588707,0.08090134149753588,2.8748986841571393,4,HYD200,200,370.35019874798763,34.46732806080165,22.0,14,-220.88427196417825,86.0
Mass-Nom-Ideal,CH,HYD200,2025-Hlow,3228.0673812292894,9280.366666666667,1.3152339817413896,350.6787381946029,0.10863426836556922,2.8748986841571393,4,HYD200,200,370.35019874798763,34.46732806080165,22.0,14,-220.88427196417825,86.0
Mass-Nom-Ideal,CH,HYD200,2030-Hhigh,3228.0673812292894,9280.366666666667,1.3152339817413896,241.44970033243106,0.07479698278184141,2.8748986841571393,4,HYD200,200,370.35019874798763,34.46732806080165,22.0,14,-220.88427196417825,86.0
Mass-Nom-Ideal,CH,HYD200,2030-Hlow,3228.0673812292894,9280.366666666667,1.3152339817413896,318.0947655973029,0.09854031159540677,2.8748986841571393,4,HYD200,200,370.35019874798763,34.46732806080165,22.0,14,-220.88427196417825,86.0
Mass-Nom-Ideal,CH,HYD200,2035-Hhigh,3228.0673812292894,9280.366666666667,1.3152339817413896,198.60860979615356,0.06152554650842538,2.8748986841571393,4,HYD200,200,370.35019874798763,34.46732806080165,22.0,14,-220.88427196417825,86.0
Mass-Nom-Ideal,CH,HYD200,2035-Hlow,3228.0673812292894,9280.366666666667,1.3152339817413896,265.55055940596884,0.08226301624002774,2.8748986841571393,4,HYD200,200,370.35019874798763,34.46732806080165,22.0,14,-220.88427196417825,86.0
Mass-Nom-Ideal,CH,HYD200,2040-Hhigh,3228.0673812292894,9280.366666666667,1.3152339817413896,208.637563946272,0.0646323447767748,2.8748986841571393,4,HYD200,200,370.35019874798763,34.46732806080165,22.0,14,-220.88427196417825,86.0
Mass-Nom-Ideal,CH,HYD200,2040-Hlow,3228.0673812292894,9280.366666666667,1.3152339817413896,306.28664479081715,0.09488235796186487,2.8748986841571393,4,HYD200,200,370.35019874798763,34.46732806080165,22.0,14,-220.88427196417825,86.0
Mass-Nom-Ideal,CH,HYD200,2045-Hhigh,3228.0673812292894,9280.366666666667,1.3152339817413896,194.37403186838944,0.060213746775747076,2.8748986841571393,4,HYD200,200,370.35019874798763,34.46732806080165,22.0,14,-220.88427196417825,86.0
Mass-Nom-Ideal,CH,HYD200,2045-Hlow,3228.0673812292894,9280.366666666667,1.3152339817413896,283.3808829203429,0.0877865451533505,2.8748986841571393,4,HYD200,200,370.35019874798763,34.46732806080165,22.0,14,-220.88427196417825,86.0
Mass-Nom-Ideal,CH,HYD500,2024-Hhigh,3324.832389781782,9545.666666666666,1.4438642527070598,331.1099385168265,0.0995869564837096,2.871021918579533,4,HYD500,500,637.8538728585099,0.0,0.0,14,0.0,0.0
Mass-Nom-Ideal,CH,HYD500,2024-Hlow,3324.832389781782,9545.666666666666,1.4604378423635216,490.7016515508755,0.14758688379569163,2.871021918579533,4,HYD500,500,637.8538728585099,0.0,0.0,14,0.0,0.0
Mass-Nom-Ideal,CH,HYD500,2025-Hhigh,3324.832389781782,9545.666666666666,1.4604378423635216,269.15914380189827,0.08095419926403086,2.871021918579533,4,HYD500,500,637.8538728585099,0.0,0.0,14,0.0,0.0
Mass-Nom-Ideal,CH,HYD500,2025-Hlow,3324.832389781782,9545.666666666666,1.4604378423635216,360.2473579625316,0.1083505319154376,2.871021918579533,4,HYD500,500,637.8538728585099,0.0,0.0,14,0.0,0.0
Mass-Nom-Ideal,CH,HYD500,2030-Hhigh,3324.832389781782,9545.666666666666,1.4604378423635216,249.58401237949238,0.07506664490713569,2.871021918579533,4,HYD500,500,637.8538728585099,0.0,0.0,14,0.0,0.0
Mass-Nom-Ideal,CH,HYD500,2030-Hlow,3324.832389781782,9545.666666666666,1.4604378423635216,327.6992320222838,0.09856112838331428,2.871021918579533,4,HYD500,500,637.8538728585099,0.0,0.0,14,0.0,0.0
Mass-Nom-Ideal,CH,HYD500,2035-Hhigh,3324.832389781782,9545.666666666666,1.4604378423635216,205.65680374948448,0.0618547883440772,2.871021918579533,4,HYD500,500,637.8538728585099,0.0,0.0,14,0.0,0.0
Mass-Nom-Ideal,CH,HYD500,2035-Hlow,3324.832389781782,9545.666666666666,1.4604378423635216,274.23750016042266,0.08248160147959267,2.871021918579533,4,HYD500,500,637.8538728585099,0.0,0.0,14,0.0,0.0
Mass-Nom-Ideal,CH,HYD500,2040-Hhigh,3324.832389781782,9545.666666666666,1.4604378423635216,216.0254256793732,0.06497332808212673,2.871021918579533,4,HYD500,500,637.8538728585099,0.0,0.0,14,0.0,0.0
Mass-Nom-Ideal,CH,HYD500,2040-Hlow,3324.832389781782,9545.666666666666,1.4604378423635216,315.94029790009967,0.09502442856099454,2.871021918579533,4,HYD500,500,637.8538728585099,0.0,0.0,14,0.0,0.0
Mass-Nom-Ideal,CH,HYD500,2045-Hhigh,3324.832389781782,9545.666666666666,1.4604378423635216,201.60926361853933,0.06063742167519354,2.871021918579533,4,HYD500,500,637.8538728585099,0.0,0.0,14,0.0,0.0
Mass-Nom-Ideal,CH,HYD500,2045-Hlow,3324.832389781782,9545.666666666666,1.4604378423635216,292.64426265786807,0.08801774897202416,2.871021918579533,4,HYD500,500,637.8538728585099,0.0,0.0,14,0.0,0.0
Mass-Nom-Ideal,CH,HYD1000,2024-Hhigh,3641.6311267618926,10360.4334,1.6924100649203235,364.97844310807494,0.10022389154845858,2.8449980350460176,5,HYD1000,1000,977.6190741254082,0.0,0.0,11.2,0.0,0.0
Mass-Nom-Ideal,CH,HYD1000,2024-Hlow,3641.6311267618926,10360.4334,1.7313662975924549,538.4756384902167,0.1478666069534134,2.8449980350460176,5,HYD1000,1000,977.6190741254082,0.0,0.0,11.2,0.0,0.0
Mass-Nom-Ideal,CH,HYD1000,2025-Hhigh,3641.6311267618926,10360.4334,1.7313662975924549,297.70050249744787,0.08174921954881263,2.8449980350460176,5,HYD1000,1000,977.6190741254082,0.0,0.0,11.2,0.0,0.0
Mass-Nom-Ideal,CH,HYD1000,2025-Hlow,3641.6311267618926,10360.4334,1.7313662975924549,395.865848853192,0.10870564180540508,2.8449980350460176,5,HYD1000,1000,977.6190741254082,0.0,0.0,11.2,0.0,0.0
Mass-Nom-Ideal,CH,HYD1000,2030-Hhigh,3641.6311267618926,10360.4334,1.7313662975924549,275.9877552793441,0.07578685091170947,2.8449980350460176,5,HYD1000,1000,977.6190741254082,0.0,0.0,11.2,0.0,0.0
Mass-Nom-Ideal,CH,HYD1000,2030-Hlow,3641.6311267618926,10360.4334,1.7313662975924549,360.655072899046,0.09903668448147779,2.8449980350460176,5,HYD1000,1000,977.6190741254082,0.0,0.0,11.2,0.0,0.0
Mass-Nom-Ideal,CH,HYD1000,2035-Hhigh,3641.6311267618926,10360.4334,1.7313662975924549,227.77772126014185,0.06254826843560068,2.8449980350460176,5,HYD1000,1000,977.6190741254082,0.0,0.0,11.2,0.0,0.0
Mass-Nom-Ideal,CH,HYD1000,2035-Hlow,3641.6311267618926,10360.4334,1.7313662975924549,302.5577529966231,0.08308303132987961,2.8449980350460176,5,HYD1000,1000,977.6190741254082,0.0,0.0,11.2,0.0,0.0
Mass-Nom-Ideal,CH,HYD1000,2040-Hhigh,3641.6311267618926,10360.4334,1.7313662975924549,239.44168292934924,0.0657512182301283,2.8449980350460176,5,HYD1000,1000,977.6190741254082,0.0,0.0,11.2,0.0,0.0
Mass-Nom-Ideal,CH,HYD1000,2040-Hlow,3641.6311267618926,10360.4334,1.7313662975924549,348.8923984972826,0.09580662795122656,2.8449980350460176,5,HYD1000,1000,977.6190741254082,0.0,0.0,11.2,0.0,0.0
Mass-Nom-Ideal,CH,HYD1000,2045-Hhigh,3641.6311267618926,10360.4334,1.7313662975924549,223.77515867052847,0.061449155853824065,2.8449980350460176,5,HYD1000,1000,977.6190741254082,0.0,0.0,11.2,0.0,0.0
Mass-Nom-Ideal,CH,HYD1000,2045-Hlow,3641.6311267618926,10360.4334,1.7313662975924549,323.5603124782406,0.08885038083633354,2.8449980350460176,5,HYD1000,1000,977.6190741254082,0.0,0.0,11.2,0.0,0.0
Mass-Nom-Ideal,CH,HYD200,2024-Hhigh,3373.517889895162,9759.166666666666,1.3625738550488746,334.8829611361625,0.09926817407408786,2.892875326346631,5,HYD200,200,369.62933828121675,64.20254969202843,18.0,14,-341.84475581688713,125.0
Mass-Nom-Ideal,CH,HYD200,2024-Hlow,3373.517889895162,9759.166666666666,1.39867820814859,494.86617520441933,0.1466914334993487,2.892875326346631,5,HYD200,200,369.62933828121675,64.20254969202843,18.0,14,-341.84475581688713,125.0
Mass-Nom-Ideal,CH,HYD200,2025-Hhigh,3373.517889895162,9759.166666666666,1.39867820814859,271.16047320369387,0.08037914190878076,2.892875326346631,5,HYD200,200,369.62933828121675,64.20254969202843,18.0,14,-341.84475581688713,125.0
Mass-Nom-Ideal,CH,HYD200,2025-Hlow,3373.517889895162,9759.166666666666,1.39867820814859,362.3141828076545,0.10739951428534267,2.892875326346631,5,HYD200,200,369.62933828121675,64.20254969202843,18.0,14,-341.84475581688713,125.0
Mass-Nom-Ideal,CH,HYD200,2030-Hhigh,3373.517889895162,9759.166666666666,1.39867820814859,250.03095355951885,0.07411579298525343,2.892875326346631,5,HYD200,200,369.62933828121675,64.20254969202843,18.0,14,-341.84475581688713,125.0
Mass-Nom-Ideal,CH,HYD200,2030-Hlow,3373.517889895162,9759.166666666666,1.39867820814859,328.7185918075686,0.09744089183347537,2.892875326346631,5,HYD200,200,369.62933828121675,64.20254969202843,18.0,14,-341.84475581688713,125.0
Mass-Nom-Ideal,CH,HYD200,2035-Hhigh,3373.517889895162,9759.166666666666,1.39867820814859,205.56004351152416,0.06093343809654802,2.892875326346631,5,HYD200,200,369.62933828121675,64.20254969202843,18.0,14,-341.84475581688713,125.0
Mass-Nom-Ideal,CH,HYD200,2035-Hlow,3373.517889895162,9759.166666666666,1.39867820814859,274.07136217397834,0.08124200645116353,2.892875326346631,5,HYD200,200,369.62933828121675,64.20254969202843,18.0,14,-341.84475581688713,125.0
Mass-Nom-Ideal,CH,HYD200,2040-Hhigh,3373.517889895162,9759.166666666666,1.39867820814859,215.94272306063615,0.06401113914571444,2.892875326346631,5,HYD200,200,369.62933828121675,64.20254969202843,18.0,14,-341.84475581688713,125.0
Mass-Nom-Ideal,CH,HYD200,2040-Hlow,3373.517889895162,9759.166666666666,1.39867820814859,316.12908705648624,0.09370902937950938,2.892875326346631,5,HYD200,200,369.62933828121675,64.20254969202843,18.0,14,-341.84475581688713,125.0
Mass-Nom-Ideal,CH,HYD200,2045-Hhigh,3373.517889895162,9759.166666666666,1.39867820814859,200.99602947195135,0.05958054352520349,2.892875326346631,5,HYD200,200,369.62933828121675,64.20254969202843,18.0,14,-341.84475581688713,125.0
Mass-Nom-Ideal,CH,HYD200,2045-Hlow,3373.517889895162,9759.166666666666,1.39867820814859,291.9299882532605,0.08653577594110008,2.892875326346631,5,HYD200,200,369.62933828121675,64.20254969202843,18.0,14,-341.84475581688713,125.0
Mass-Nom-Ideal,CH,HYD500,2024-Hhigh,3470.2893865115257,10022.833333333332,1.514289332995731,344.2162986763324,0.09918950852175255,2.8881837267780965,5,HYD500,500,636.2272902146506,0.0,0.0,14,0.0,0.0
Mass-Nom-Ideal,CH,HYD500,2024-Hlow,3470.2893865115257,10022.833333333332,1.5561409689455608,506.99952896187347,0.14609719031862348,2.8881837267780965,5,HYD500,500,636.2272902146506,0.0,0.0,14,0.0,0.0
Mass-Nom-Ideal,CH,HYD500,2025-Hhigh,3470.2893865115257,10022.833333333332,1.5561409689455608,279.3225542494346,0.0804897007538097,2.8881837267780965,5,HYD500,500,636.2272902146506,0.0,0.0,14,0.0,0.0
Mass-Nom-Ideal,CH,HYD500,2025-Hlow,3470.2893865115257,10022.833333333332,1.5561409689455608,372.0756305163064,0.10721746490725137,2.8881837267780965,5,HYD500,500,636.2272902146506,0.0,0.0,14,0.0,0.0
Mass-Nom-Ideal,CH,HYD500,2030-Hhigh,3470.2893865115257,10022.833333333332,1.5561409689455608,258.39906318526806,0.07446037906510765,2.8881837267780965,5,HYD500,500,636.2272902146506,0.0,0.0,14,0.0,0.0
Mass-Nom-Ideal,CH,HYD500,2030-Hlow,3470.2893865115257,10022.833333333332,1.5561409689455608,338.52986528292865,0.09755090356404901,2.8881837267780965,5,HYD500,500,636.2272902146506,0.0,0.0,14,0.0,0.0
Mass-Nom-Ideal,CH,HYD500,2035-Hhigh,3470.2893865115257,10022.833333333332,1.5561409689455608,212.86357320107126,0.061338853764887395,2.8881837267780965,5,HYD500,500,636.2272902146506,0.0,0.0,14,0.0,0.0
Mass-Nom-Ideal,CH,HYD500,2035-Hlow,3470.2893865115257,10022.833333333332,1.5561409689455608,282.91337921548245,0.08152443433539655,2.8881837267780965,5,HYD500,500,636.2272902146506,0.0,0.0,14,0.0,0.0
Mass-Nom-Ideal,CH,HYD500,2040-Hhigh,3470.2893865115257,10022.833333333332,1.5561409689455608,223.49300142740665,0.06440183412256313,2.8881837267780965,5,HYD500,500,636.2272902146506,0.0,0.0,14,0.0,0.0
Mass-Nom-Ideal,CH,HYD500,2040-Hlow,3470.2893865115257,10022.833333333332,1.5561409689455608,325.8022847832109,0.09388331879455172,2.8881837267780965,5,HYD500,500,636.2272902146506,0.0,0.0,14,0.0,0.0
Mass-Nom-Ideal,CH,HYD500,2045-Hhigh,3470.2893865115257,10022.833333333332,1.5561409689455608,208.44258663596898,0.06006490047952567,2.8881837267780965,5,HYD500,500,636.2272902146506,0.0,0.0,14,0.0,0.0
Mass-Nom-Ideal,CH,HYD500,2045-Hlow,3470.2893865115257,10022.833333333332,1.5561409689455608,301.24986342620826,0.08680828307780888,2.8881837267780965,5,HYD500,500,636.2272902146506,0.0,0.0,14,0.0,0.0
Mass-Nom-Real,AK,HYD1000,2024-Hhigh,1460.3564473961076,4689.9,0.8994944532787149,135.98022922035577,0.09311441015843473,3.2114762175784812,3,HYD1000,1000,867.7767729454678,0.0,0.0,6,0.0,0.0
Mass-Nom-Real,AK,HYD1000,2024-Hlow,1460.3564473961076,4689.9,0.8991611567724214,204.84340626979997,0.14026945725137624,3.2114762175784812,3,HYD1000,1000,867.7767729454678,0.0,0.0,6,0.0,0.0
Mass-Nom-Real,AK,HYD1000,2025-Hhigh,1460.3564473961076,4689.9,0.8991611567724214,108.28710651388397,0.07415114762355833,3.2114762175784812,3,HYD1000,1000,867.7767729454678,0.0,0.0,6,0.0,0.0
Mass-Nom-Real,AK,HYD1000,2025-Hlow,1460.3564473961076,4689.9,0.8991611567724214,147.17751639586587,0.10078191297630872,3.2114762175784812,3,HYD1000,1000,867.7767729454678,0.0,0.0,6,0.0,0.0
Mass-Nom-Real,AK,HYD1000,2030-Hhigh,1460.3564473961076,4689.9,0.8991611567724214,104.68371277581491,0.07168367213530058,3.2114762175784812,3,HYD1000,1000,867.7767729454678,0.0,0.0,6,0.0,0.0
Mass-Nom-Real,AK,HYD1000,2030-Hlow,1460.3564473961076,4689.9,0.8991611567724214,139.09704568546798,0.09524869488780313,3.2114762175784812,3,HYD1000,1000,867.7767729454678,0.0,0.0,6,0.0,0.0
Mass-Nom-Real,AK,HYD1000,2035-Hhigh,1460.3564473961076,4689.9,0.8991611567724214,90.85085746947836,0.06221142627984436,3.2114762175784812,3,HYD1000,1000,867.7767729454678,0.0,0.0,6,0.0,0.0
Mass-Nom-Real,AK,HYD1000,2035-Hlow,1460.3564473961076,4689.9,0.8991611567724214,123.0837727764454,0.08428337683988744,3.2114762175784812,3,HYD1000,1000,867.7767729454678,0.0,0.0,6,0.0,0.0
Mass-Nom-Real,AK,HYD1000,2040-Hhigh,1460.3564473961076,4689.9,0.8991611567724214,91.95928067628643,0.06297043495117556,3.2114762175784812,3,HYD1000,1000,867.7767729454678,0.0,0.0,6,0.0,0.0
Mass-Nom-Real,AK,HYD1000,2040-Hlow,1460.3564473961076,4689.9,0.8991611567724214,142.73322663737156,0.09773862189047915,3.2114762175784812,3,HYD1000,1000,867.7767729454678,0.0,0.0,6,0.0,0.0
Mass-Nom-Real,AK,HYD1000,2045-Hhigh,1460.3564473961076,4689.9,0.8991611567724214,87.4413765581251,0.05987673537788509,3.2114762175784812,3,HYD1000,1000,867.7767729454678,0.0,0.0,6,0.0,0.0
Mass-Nom-Real,AK,HYD1000,2045-Hlow,1460.3564473961076,4689.9,0.8991611567724214,133.96583478960466,0.09173502471158516,3.2114762175784812,3,HYD1000,1000,867.7767729454678,0.0,0.0,6,0.0,0.0
Mass-Nom-Real,AK,HYD200,2024-Hhigh,1137.1566827394781,4152.0,0.6813697712629254,106.59135675523237,0.09373497810209183,3.6512118892865186,3,HYD200,200,324.3365717464816,240.8136601972812,70.0,11.2,-547.2774772996811,105.0
Mass-Nom-Real,AK,HYD200,2024-Hlow,1137.1566827394781,4152.0,0.6806493116053874,165.0238859369179,0.1451197433403509,3.6512118892865186,3,HYD200,200,324.3365717464816,240.8136601972812,70.0,11.2,-547.2774772996811,105.0
Mass-Nom-Real,AK,HYD200,2025-Hhigh,1137.1566827394781,4152.0,0.6806493116053874,84.9646976378726,0.07471679050699293,3.6512118892865186,3,HYD200,200,324.3365717464816,240.8136601972812,70.0,11.2,-547.2774772996811,105.0
Mass-Nom-Real,AK,HYD200,2025-Hlow,1137.1566827394781,4152.0,0.6806493116053874,117.59973571806168,0.10341559567214337,3.6512118892865186,3,HYD200,200,324.3365717464816,240.8136601972812,70.0,11.2,-547.2774772996811,105.0
Mass-Nom-Real,AK,HYD200,2030-Hhigh,1137.1566827394781,4152.0,0.6806493116053874,81.94033137568532,0.07205720427046709,3.6512118892865186,3,HYD200,200,324.3365717464816,240.8136601972812,70.0,11.2,-547.2774772996811,105.0
Mass-Nom-Real,AK,HYD200,2030-Hlow,1137.1566827394781,4152.0,0.6806493116053874,110.42724381884724,0.09710820460802415,3.6512118892865186,3,HYD200,200,324.3365717464816,240.8136601972812,70.0,11.2,-547.2774772996811,105.0
Mass-Nom-Real,AK,HYD200,2035-Hhigh,1137.1566827394781,4152.0,0.6806493116053874,71.08543082144878,0.06251155350923124,3.6512118892865186,3,HYD200,200,324.3365717464816,240.8136601972812,70.0,11.2,-547.2774772996811,105.0
Mass-Nom-Real,AK,HYD200,2035-Hlow,1137.1566827394781,4152.0,0.6806493116053874,97.27745971830815,0.08554446471172378,3.6512118892865186,3,HYD200,200,324.3365717464816,240.8136601972812,70.0,11.2,-547.2774772996811,105.0
Mass-Nom-Real,AK,HYD200,2040-Hhigh,1137.1566827394781,4152.0,0.6806493116053874,71.78613358083214,0.06312774191142691,3.6512118892865186,3,HYD200,200,324.3365717464816,240.8136601972812,70.0,11.2,-547.2774772996811,105.0
Mass-Nom-Real,AK,HYD200,2040-Hlow,1137.1566827394781,4152.0,0.6806493116053874,113.75312049369838,0.10003293496869783,3.6512118892865186,3,HYD200,200,324.3365717464816,240.8136601972812,70.0,11.2,-547.2774772996811,105.0
Mass-Nom-Real,AK,HYD200,2045-Hhigh,1137.1566827394781,4152.0,0.6806493116053874,68.0389240335307,0.05983249719785394,3.6512118892865186,3,HYD200,200,324.3365717464816,240.8136601972812,70.0,11.2,-547.2774772996811,105.0
Mass-Nom-Real,AK,HYD200,2045-Hlow,1137.1566827394781,4152.0,0.6806493116053874,106.62531538146727,0.09376484085253806,3.6512118892865186,3,HYD200,200,324.3365717464816,240.8136601972812,70.0,11.2,-547.2774772996811,105.0
Mass-Nom-Real,AK,HYD500,2024-Hhigh,1439.8772305440561,4387.133333333333,0.920201062004926,134.4191959974879,0.09335462298177861,3.046880136909769,3,HYD500,500,561.5294237076946,0.0,0.0,8.5,0.0,0.0
Mass-Nom-Real,AK,HYD500,2024-Hlow,1439.8772305440561,4387.133333333333,0.918160483553072,204.13614061041127,0.1417732958616747,3.046880136909769,3,HYD500,500,561.5294237076946,0.0,0.0,8.5,0.0,0.0
Mass-Nom-Real,AK,HYD500,2025-Hhigh,1439.8772305440561,4387.133333333333,0.918160483553072,107.05632996191027,0.07435101249671067,3.046880136909769,3,HYD500,500,561.5294237076946,0.0,0.0,8.5,0.0,0.0
Mass-Nom-Real,AK,HYD500,2025-Hlow,1439.8772305440561,4387.133333333333,0.918160483553072,146.36483486766622,0.10165091284370294,3.046880136909769,3,HYD500,500,561.5294237076946,0.0,0.0,8.5,0.0,0.0
Mass-Nom-Real,AK,HYD500,2030-Hhigh,1439.8772305440561,4387.133333333333,0.918160483553072,103.55335238791582,0.07191818176664151,3.046880136909769,3,HYD500,500,561.5294237076946,0.0,0.0,8.5,0.0,0.0
Mass-Nom-Real,AK,HYD500,2030-Hlow,1439.8772305440561,4387.133333333333,0.918160483553072,138.0604653264829,0.0958834978412131,3.046880136909769,3,HYD500,500,561.5294237076946,0.0,0.0,8.5,0.0,0.0
Mass-Nom-Real,AK,HYD500,2035-Hhigh,1439.8772305440561,4387.133333333333,0.918160483553072,89.96028806566802,0.06247774890618738,3.046880136909769,3,HYD500,500,561.5294237076946,0.0,0.0,8.5,0.0,0.0
Mass-Nom-Real,AK,HYD500,2035-Hlow,1439.8772305440561,4387.133333333333,0.918160483553072,122.16903099073363,0.0848468386048248,3.046880136909769,3,HYD500,500,561.5294237076946,0.0,0.0,8.5,0.0,0.0
Mass-Nom-Real,AK,HYD500,2040-Hhigh,1439.8772305440561,4387.133333333333,0.918160483553072,90.95771309302896,0.06317046423371851,3.046880136909769,3,HYD500,500,561.5294237076946,0.0,0.0,8.5,0.0,0.0
Mass-Nom-Real,AK,HYD500,2040-Hlow,1439.8772305440561,4387.133333333333,0.918160483553072,141.87322822154601,0.0985314756091666,3.046880136909769,3,HYD500,500,561.5294237076946,0.0,0.0,8.5,0.0,0.0
Mass-Nom-Real,AK,HYD500,2045-Hhigh,1439.8772305440561,4387.133333333333,0.918160483553072,86.50852653302165,0.06008048790405172,3.046880136909769,3,HYD500,500,561.5294237076946,0.0,0.0,8.5,0.0,0.0
Mass-Nom-Real,AK,HYD500,2045-Hlow,1439.8772305440561,4387.133333333333,0.918160483553072,133.07664468256425,0.09242221618594619,3.046880136909769,3,HYD500,500,561.5294237076946,0.0,0.0,8.5,0.0,0.0
Mass-Nom-Real,AK,HYD1000,2024-Hhigh,1594.0816590973072,5161.400000000001,0.9139030881434107,148.57118941009523,0.09320174318687524,3.237851693822753,4,HYD1000,1000,859.9534723508367,0.0,0.0,6,0.0,0.0
Mass-Nom-Real,AK,HYD1000,2024-Hlow,1594.0816590973072,5161.400000000001,0.9148166862110428,218.02755332364222,0.13677313961889903,3.237851693822753,4,HYD1000,1000,859.9534723508367,0.0,0.0,6,0.0,0.0
Mass-Nom-Real,AK,HYD1000,2025-Hhigh,1594.0816590973072,5161.400000000001,0.9148166862110428,117.22393130566057,0.07353696759301645,3.237851693822753,4,HYD1000,1000,859.9534723508367,0.0,0.0,6,0.0,0.0
Mass-Nom-Real,AK,HYD1000,2025-Hlow,1594.0816590973072,5161.400000000001,0.9148166862110428,157.01978554554407,0.09850172019070896,3.237851693822753,4,HYD1000,1000,859.9534723508367,0.0,0.0,6,0.0,0.0
Mass-Nom-Real,AK,HYD1000,2030-Hhigh,1594.0816590973072,5161.400000000001,0.9148166862110428,112.69391129810518,0.07069519347077942,3.237851693822753,4,HYD1000,1000,859.9534723508367,0.0,0.0,6,0.0,0.0
Mass-Nom-Real,AK,HYD1000,2030-Hlow,1594.0816590973072,5161.400000000001,0.9148166862110428,148.25065166071298,0.09300066330646073,3.237851693822753,4,HYD1000,1000,859.9534723508367,0.0,0.0,6,0.0,0.0
Mass-Nom-Real,AK,HYD1000,2035-Hhigh,1594.0816590973072,5161.400000000001,0.9148166862110428,96.85060400787549,0.0607563630477499,3.237851693822753,4,HYD1000,1000,859.9534723508367,0.0,0.0,6,0.0,0.0
Mass-Nom-Real,AK,HYD1000,2035-Hlow,1594.0816590973072,5161.400000000001,0.9148166862110428,130.20223978682134,0.08167852571652569,3.237851693822753,4,HYD1000,1000,859.9534723508367,0.0,0.0,6,0.0,0.0
Mass-Nom-Real,AK,HYD1000,2040-Hhigh,1594.0816590973072,5161.400000000001,0.9148166862110428,98.13229930734448,0.06156039670070265,3.237851693822753,4,HYD1000,1000,859.9534723508367,0.0,0.0,6,0.0,0.0
Mass-Nom-Real,AK,HYD1000,2040-Hlow,1594.0816590973072,5161.400000000001,0.9148166862110428,150.57674061085206,0.09445986643878726,3.237851693822753,4,HYD1000,1000,859.9534723508367,0.0,0.0,6,0.0,0.0
Mass-Nom-Real,AK,HYD1000,2045-Hhigh,1594.0816590973072,5161.400000000001,0.9148166862110428,92.90542945324793,0.058281474429520884,3.237851693822753,4,HYD1000,1000,859.9534723508367,0.0,0.0,6,0.0,0.0
Mass-Nom-Real,AK,HYD1000,2045-Hlow,1594.0816590973072,5161.400000000001,0.9148166862110428,140.67207430934786,0.08824646686482003,3.237851693822753,4,HYD1000,1000,859.9534723508367,0.0,0.0,6,0.0,0.0
Mass-Nom-Real,AK,HYD200,2024-Hhigh,1251.6256660754598,4629.5,0.67133761402758,117.2587267973073,0.09368514083366347,3.6987896025782603,4,HYD200,200,322.97000324677055,687.3473361680017,115.0,11.2,-373.3272563297804,100.0
Mass-Nom-Real,AK,HYD200,2024-Hlow,1251.6256660754598,4629.5,0.6708573075892214,176.18853721227913,0.14076775667658514,3.6987896025782603,4,HYD200,200,322.97000324677055,687.3473361680017,115.0,11.2,-373.3272563297804,100.0
Mass-Nom-Real,AK,HYD200,2025-Hhigh,1251.6256660754598,4629.5,0.6708573075892214,92.34813240667411,0.07378254929545884,3.6987896025782603,4,HYD200,200,322.97000324677055,687.3473361680017,115.0,11.2,-373.3272563297804,100.0
Mass-Nom-Real,AK,HYD200,2025-Hlow,1251.6256660754598,4629.5,0.6708573075892214,125.96437699155972,0.10064061516613658,3.6987896025782603,4,HYD200,200,322.97000324677055,687.3473361680017,115.0,11.2,-373.3272563297804,100.0
Mass-Nom-Real,AK,HYD200,2030-Hhigh,1251.6256660754598,4629.5,0.6708573075892214,88.2534532706447,0.0705110606651014,3.6987896025782603,4,HYD200,200,322.97000324677055,687.3473361680017,115.0,11.2,-373.3272563297804,100.0
Mass-Nom-Real,AK,HYD200,2030-Hlow,1251.6256660754598,4629.5,0.6708573075892214,117.7057699641217,0.09404231085576452,3.6987896025782603,4,HYD200,200,322.97000324677055,687.3473361680017,115.0,11.2,-373.3272563297804,100.0
Mass-Nom-Real,AK,HYD200,2035-Hhigh,1251.6256660754598,4629.5,0.6708573075892214,75.70149830678137,0.06048253911582648,3.6987896025782603,4,HYD200,200,322.97000324677055,687.3473361680017,115.0,11.2,-373.3272563297804,100.0
Mass-Nom-Real,AK,HYD200,2035-Hlow,1251.6256660754598,4629.5,0.6708573075892214,102.61920174338826,0.0819887323541042,3.6987896025782603,4,HYD200,200,322.97000324677055,687.3473361680017,115.0,11.2,-373.3272563297804,100.0
Mass-Nom-Real,AK,HYD200,2040-Hhigh,1251.6256660754598,4629.5,0.6708573075892214,76.4028507393552,0.06104289230415072,3.6987896025782603,4,HYD200,200,322.97000324677055,687.3473361680017,115.0,11.2,-373.3272563297804,100.0
Mass-Nom-Real,AK,HYD200,2040-Hlow,1251.6256660754598,4629.5,0.6708573075892214,119.74348851300925,0.09567036835260136,3.6987896025782603,4,HYD200,200,322.97000324677055,687.3473361680017,115.0,11.2,-373.3272563297804,100.0
Mass-Nom-Real,AK,HYD200,2045-Hhigh,1251.6256660754598,4629.5,0.6708573075892214,71.95926745872484,0.057492642895664664,3.6987896025782603,4,HYD200,200,322.97000324677055,687.3473361680017,115.0,11.2,-373.3272563297804,100.0
Mass-Nom-Real,AK,HYD200,2045-Hlow,1251.6256660754598,4629.5,0.6708573075892214,111.38743697538989,0.0889942096862325,3.6987896025782603,4,HYD200,200,322.97000324677055,687.3473361680017,115.0,11.2,-373.3272563297804,100.0
Mass-Nom-Real,AK,HYD500,2024-Hhigh,1581.474580023444,4862.283333333333,0.9217760546473112,147.64505891665732,0.09335910977112803,3.07452512658234,4,HYD500,500,557.4205736275474,0.0,0.0,8.5,0.0,0.0
Mass-Nom-Real,AK,HYD500,2024-Hlow,1581.474580023444,4862.283333333333,0.9214293241397236,217.9227984151709,0.1377972186008455,3.07452512658234,4,HYD500,500,557.4205736275474,0.0,0.0,8.5,0.0,0.0
Mass-Nom-Real,AK,HYD500,2025-Hhigh,1581.474580023444,4862.283333333333,0.9214293241397236,116.33501913535176,0.0735611059481128,3.07452512658234,4,HYD500,500,557.4205736275474,0.0,0.0,8.5,0.0,0.0
Mass-Nom-Real,AK,HYD500,2025-Hlow,1581.474580023444,4862.283333333333,0.9214293241397236,156.60185551544205,0.09902268268714161,3.07452512658234,4,HYD500,500,557.4205736275474,0.0,0.0,8.5,0.0,0.0
Mass-Nom-Real,AK,HYD500,2030-Hhigh,1581.474580023444,4862.283333333333,0.9214293241397236,111.66479858208669,0.07060802620073182,3.07452512658234,4,HYD500,500,557.4205736275474,0.0,0.0,8.5,0.0,0.0
Mass-Nom-Real,AK,HYD500,2030-Hlow,1581.474580023444,4862.283333333333,0.9214293241397236,147.29157963096057,0.09313559730361085,3.07452512658234,4,HYD500,500,557.4205736275474,0.0,0.0,8.5,0.0,0.0
Mass-Nom-Real,AK,HYD500,2035-Hhigh,1581.474580023444,4862.283333333333,0.9214293241397236,95.99892574399185,0.06070216173981673,3.07452512658234,4,HYD500,500,557.4205736275474,0.0,0.0,8.5,0.0,0.0
Mass-Nom-Real,AK,HYD500,2035-Hlow,1581.474580023444,4862.283333333333,0.9214293241397236,129.15491242575334,0.08166739703387374,3.07452512658234,4,HYD500,500,557.4205736275474,0.0,0.0,8.5,0.0,0.0
Mass-Nom-Real,AK,HYD500,2040-Hhigh,1581.474580023444,4862.283333333333,0.9214293241397236,97.04018308653376,0.06136057089523071,3.07452512658234,4,HYD500,500,557.4205736275474,0.0,0.0,8.5,0.0,0.0
Mass-Nom-Real,AK,HYD500,2040-Hlow,1581.474580023444,4862.283333333333,0.9214293241397236,149.68676470468398,0.09465012374872633,3.07452512658234,4,HYD500,500,557.4205736275474,0.0,0.0,8.5,0.0,0.0
Mass-Nom-Real,AK,HYD500,2045-Hhigh,1581.474580023444,4862.283333333333,0.9214293241397236,91.7667509157633,0.058026067617478194,3.07452512658234,4,HYD500,500,557.4205736275474,0.0,0.0,8.5,0.0,0.0
Mass-Nom-Real,AK,HYD500,2045-Hlow,1581.474580023444,4862.283333333333,0.9214293241397236,139.38413655868032,0.08813555293226026,3.07452512658234,4,HYD500,500,557.4205736275474,0.0,0.0,8.5,0.0,0.0
Mass-Nom-Real,AK,HYD1000,2024-Hhigh,1734.5633611237395,5636.0,0.9826308350319435,161.14948247086923,0.0929049270165999,3.2492327039288487,5,HYD1000,1000,856.0742082720665,0.0,0.0,6,0.0,0.0
Mass-Nom-Real,AK,HYD1000,2024-Hlow,1734.5633611237395,5636.0,0.9937914021302079,233.67565483813044,0.13471727817814813,3.2492327039288487,5,HYD1000,1000,856.0742082720665,0.0,0.0,6,0.0,0.0
Mass-Nom-Real,AK,HYD1000,2025-Hhigh,1734.5633611237395,5636.0,0.9937914021302079,126.94939250259098,0.07318809756268957,3.2492327039288487,5,HYD1000,1000,856.0742082720665,0.0,0.0,6,0.0,0.0
Mass-Nom-Real,AK,HYD1000,2025-Hlow,1734.5633611237395,5636.0,0.9937914021302079,168.55904660842208,0.09717664421276652,3.2492327039288487,5,HYD1000,1000,856.0742082720665,0.0,0.0,6,0.0,0.0
Mass-Nom-Real,AK,HYD1000,2030-Hhigh,1734.5633611237395,5636.0,0.9937914021302079,121.44752278277655,0.07001619283835016,3.2492327039288487,5,HYD1000,1000,856.0742082720665,0.0,0.0,6,0.0,0.0
Mass-Nom-Real,AK,HYD1000,2030-Hlow,1734.5633611237395,5636.0,0.9937914021302079,158.92971790687312,0.09162520174755119,3.2492327039288487,5,HYD1000,1000,856.0742082720665,0.0,0.0,6,0.0,0.0
Mass-Nom-Real,AK,HYD1000,2035-Hhigh,1734.5633611237395,5636.0,0.9937914021302079,104.08507576963426,0.060006499677361214,3.2492327039288487,5,HYD1000,1000,856.0742082720665,0.0,0.0,6,0.0,0.0
Mass-Nom-Real,AK,HYD1000,2035-Hlow,1734.5633611237395,5636.0,0.9937914021302079,138.8388297625476,0.08004252417311562,3.2492327039288487,5,HYD1000,1000,856.0742082720665,0.0,0.0,6,0.0,0.0
Mass-Nom-Real,AK,HYD1000,2040-Hhigh,1734.5633611237395,5636.0,0.9937914021302079,105.64661638222208,0.06090674964665387,3.2492327039288487,5,HYD1000,1000,856.0742082720665,0.0,0.0,6,0.0,0.0
Mass-Nom-Real,AK,HYD1000,2040-Hlow,1734.5633611237395,5636.0,0.9937914021302079,160.33097332744623,0.09243304506534461,3.2492327039288487,5,HYD1000,1000,856.0742082720665,0.0,0.0,6,0.0,0.0
Mass-Nom-Real,AK,HYD1000,2045-Hhigh,1734.5633611237395,5636.0,0.9937914021302079,99.74657403831634,0.05750529284424374,3.2492327039288487,5,HYD1000,1000,856.0742082720665,0.0,0.0,6,0.0,0.0
Mass-Nom-Real,AK,HYD1000,2045-Hlow,1734.5633611237395,5636.0,0.9937914021302079,149.2590760882372,0.08604994169341816,3.2492327039288487,5,HYD1000,1000,856.0742082720665,0.0,0.0,6,0.0,0.0
Mass-Nom-Real,AK,HYD200,2024-Hhigh,1371.9916211324792,5107.999999999999,0.7234946430997604,127.71575668281159,0.09308785470380025,3.72305480683892,5,HYD200,200,321.89182143137,692.4884631546855,129.0,11.2,-553.1329991606106,136.0
Mass-Nom-Real,AK,HYD200,2024-Hlow,1371.9916211324792,5107.999999999999,0.735889044296647,189.70256108125082,0.13826801720892812,3.72305480683892,5,HYD200,200,321.89182143137,692.4884631546855,129.0,11.2,-553.1329991606106,136.0
Mass-Nom-Real,AK,HYD200,2025-Hhigh,1371.9916211324792,5107.999999999999,0.735889044296647,100.39284348141686,0.07317307331552789,3.72305480683892,5,HYD200,200,321.89182143137,692.4884631546855,129.0,11.2,-553.1329991606106,136.0
Mass-Nom-Real,AK,HYD200,2025-Hlow,1371.9916211324792,5107.999999999999,0.735889044296647,135.67556772488234,0.09888950168142575,3.72305480683892,5,HYD200,200,321.89182143137,692.4884631546855,129.0,11.2,-553.1329991606106,136.0
Mass-Nom-Real,AK,HYD200,2030-Hhigh,1371.9916211324792,5107.999999999999,0.735889044296647,95.29482822828493,0.06945729606542786,3.72305480683892,5,HYD200,200,321.89182143137,692.4884631546855,129.0,11.2,-553.1329991606106,136.0
Mass-Nom-Real,AK,HYD200,2030-Hlow,1371.9916211324792,5107.999999999999,0.735889044296647,126.66154563495493,0.09231947461195503,3.72305480683892,5,HYD200,200,321.89182143137,692.4884631546855,129.0,11.2,-553.1329991606106,136.0
Mass-Nom-Real,AK,HYD200,2035-Hhigh,1371.9916211324792,5107.999999999999,0.735889044296647,81.48253436777608,0.059389965006140626,3.72305480683892,5,HYD200,200,321.89182143137,692.4884631546855,129.0,11.2,-553.1329991606106,136.0
Mass-Nom-Real,AK,HYD200,2035-Hlow,1371.9916211324792,5107.999999999999,0.735889044296647,109.74972043038794,0.0799929961232544,3.72305480683892,5,HYD200,200,321.89182143137,692.4884631546855,129.0,11.2,-553.1329991606106,136.0
Mass-Nom-Real,AK,HYD200,2040-Hhigh,1371.9916211324792,5107.999999999999,0.735889044296647,82.52652764181373,0.060150897695493276,3.72305480683892,5,HYD200,200,321.89182143137,692.4884631546855,129.0,11.2,-553.1329991606106,136.0
Mass-Nom-Real,AK,HYD200,2040-Hlow,1371.9916211324792,5107.999999999999,0.735889044296647,127.82271542470748,0.09316581344658588,3.72305480683892,5,HYD200,200,321.89182143137,692.4884631546855,129.0,11.2,-553.1329991606106,136.0
Mass-Nom-Real,AK,HYD200,2045-Hhigh,1371.9916211324792,5107.999999999999,0.735889044296647,77.4565405179622,0.05645554923580908,3.72305480683892,5,HYD200,200,321.89182143137,692.4884631546855,129.0,11.2,-553.1329991606106,136.0
Mass-Nom-Real,AK,HYD200,2045-Hlow,1371.9916211324792,5107.999999999999,0.735889044296647,118.51922022884078,0.0863847988597859,3.72305480683892,5,HYD200,200,321.89182143137,692.4884631546855,129.0,11.2,-553.1329991606106,136.0
Mass-Nom-Real,AK,HYD500,2024-Hhigh,1729.3362806198993,5339.133333333333,0.9973883948799421,160.58556871328182,0.09285965402617828,3.0873887243141995,5,HYD500,500,555.3700639715402,0.0,0.0,8.5,0.0,0.0
Mass-Nom-Real,AK,HYD500,2024-Hlow,1729.3362806198993,5339.133333333333,1.0137669739675534,234.3306002746249,0.13550320021657475,3.0873887243141995,5,HYD500,500,555.3700639715402,0.0,0.0,8.5,0.0,0.0
Mass-Nom-Real,AK,HYD500,2025-Hhigh,1729.3362806198993,5339.133333333333,1.0137669739675534,126.2745588770039,0.07301908847464844,3.0873887243141995,5,HYD500,500,555.3700639715402,0.0,0.0,8.5,0.0,0.0
Mass-Nom-Real,AK,HYD500,2025-Hlow,1729.3362806198993,5339.133333333333,1.0137669739675534,168.47225551817507,0.0974201821856096,3.0873887243141995,5,HYD500,500,555.3700639715402,0.0,0.0,8.5,0.0,0.0
Mass-Nom-Real,AK,HYD500,2030-Hhigh,1729.3362806198993,5339.133333333333,1.0137669739675534,120.47514859841124,0.06966554160028703,3.0873887243141995,5,HYD500,500,555.3700639715402,0.0,0.0,8.5,0.0,0.0
Mass-Nom-Real,AK,HYD500,2030-Hlow,1729.3362806198993,5339.133333333333,1.0137669739675534,158.3062182221089,0.09154160471632639,3.0873887243141995,5,HYD500,500,555.3700639715402,0.0,0.0,8.5,0.0,0.0
Mass-Nom-Real,AK,HYD500,2035-Hhigh,1729.3362806198993,5339.133333333333,1.0137669739675534,103.18335635675523,0.05966644978949267,3.0873887243141995,5,HYD500,500,555.3700639715402,0.0,0.0,8.5,0.0,0.0
Mass-Nom-Real,AK,HYD500,2035-Hlow,1729.3362806198993,5339.133333333333,1.0137669739675534,137.89352523985,0.0797378316670836,3.0873887243141995,5,HYD500,500,555.3700639715402,0.0,0.0,8.5,0.0,0.0
Mass-Nom-Real,AK,HYD500,2040-Hhigh,1729.3362806198993,5339.133333333333,1.0137669739675534,104.563393144438,0.060464465076136675,3.0873887243141995,5,HYD500,500,555.3700639715402,0.0,0.0,8.5,0.0,0.0
Mass-Nom-Real,AK,HYD500,2040-Hlow,1729.3362806198993,5339.133333333333,1.0137669739675534,159.3066503597178,0.09212011113455192,3.0873887243141995,5,HYD500,500,555.3700639715402,0.0,0.0,8.5,0.0,0.0
Mass-Nom-Real,AK,HYD500,2045-Hhigh,1729.3362806198993,5339.133333333333,1.0137669739675534,98.53233125385019,0.05697696414402999,3.0873887243141995,5,HYD500,500,555.3700639715402,0.0,0.0,8.5,0.0,0.0
Mass-Nom-Real,AK,HYD500,2045-Hlow,1729.3362806198993,5339.133333333333,1.0137669739675534,147.99779303985272,0.08558069052180026,3.0873887243141995,5,HYD500,500,555.3700639715402,0.0,0.0,8.5,0.0,0.0
Mass-Nom-Real,CH,HYD1000,2024-Hhigh,2829.1320690742946,8183.0598666666665,1.9226491300947226,291.01627642277884,0.1028641538526693,2.8924276657555272,3,HYD1000,1000,980.5127215756835,0.0,0.0,11.2,0.0,0.0
Mass-Nom-Real,CH,HYD1000,2024-Hlow,2829.1320690742946,8183.0598666666665,1.9391082511882485,420.2169888816625,0.148532121732712,2.8924276657555272,3,HYD1000,1000,980.5127215756835,0.0,0.0,11.2,0.0,0.0
Mass-Nom-Real,CH,HYD1000,2025-Hhigh,2829.1320690742946,8183.0598666666665,1.9391082511882485,232.6749526357629,0.08224252065825094,2.8924276657555272,3,HYD1000,1000,980.5127215756835,0.0,0.0,11.2,0.0,0.0
Mass-Nom-Real,CH,HYD1000,2025-Hlow,2829.1320690742946,8183.0598666666665,1.9391082511882485,297.33381049239716,0.10509718289315712,2.8924276657555272,3,HYD1000,1000,980.5127215756835,0.0,0.0,11.2,0.0,0.0
Mass-Nom-Real,CH,HYD1000,2030-Hhigh,2829.1320690742946,8183.0598666666665,1.9391082511882485,220.19877344656936,0.07783262430679648,2.8924276657555272,3,HYD1000,1000,980.5127215756835,0.0,0.0,11.2,0.0,0.0
Mass-Nom-Real,CH,HYD1000,2030-Hlow,2829.1320690742946,8183.0598666666665,1.9391082511882485,281.0033494857848,0.0993249316839883,2.8924276657555272,3,HYD1000,1000,980.5127215756835,0.0,0.0,11.2,0.0,0.0
Mass-Nom-Real,CH,HYD1000,2035-Hhigh,2829.1320690742946,8183.0598666666665,1.9391082511882485,188.5015914692482,0.06662877054407956,2.8924276657555272,3,HYD1000,1000,980.5127215756835,0.0,0.0,11.2,0.0,0.0
Mass-Nom-Real,CH,HYD1000,2035-Hlow,2829.1320690742946,8183.0598666666665,1.9391082511882485,249.01748302218286,0.08801903797430799,2.8924276657555272,3,HYD1000,1000,980.5127215756835,0.0,0.0,11.2,0.0,0.0
Mass-Nom-Real,CH,HYD1000,2040-Hhigh,2829.1320690742946,8183.0598666666665,1.9391082511882485,190.82980380291426,0.06745171280227814,2.8924276657555272,3,HYD1000,1000,980.5127215756835,0.0,0.0,11.2,0.0,0.0
Mass-Nom-Real,CH,HYD1000,2040-Hlow,2829.1320690742946,8183.0598666666665,1.9391082511882485,287.63811952621865,0.10167009263032928,2.8924276657555272,3,HYD1000,1000,980.5127215756835,0.0,0.0,11.2,0.0,0.0
Mass-Nom-Real,CH,HYD1000,2045-Hhigh,2829.1320690742946,8183.0598666666665,1.9391082511882485,180.1674825802355,0.0636829522911552,2.8924276657555272,3,HYD1000,1000,980.5127215756835,0.0,0.0,11.2,0.0,0.0
Mass-Nom-Real,CH,HYD1000,2045-Hlow,2829.1320690742946,8183.0598666666665,1.9391082511882485,267.7506202746296,0.09464055185032026,2.8924276657555272,3,HYD1000,1000,980.5127215756835,0.0,0.0,11.2,0.0,0.0
Mass-Nom-Real,CH,HYD200,2024-Hhigh,2601.3685734951478,7576.333333333333,1.5441748598771425,264.83836193768855,0.10180731966860694,2.91244132435794,3,HYD200,200,368.10928314615364,24.960872345539567,10.0,14,-448.29801830579277,95.0
Mass-Nom-Real,CH,HYD200,2024-Hlow,2601.3685734951478,7576.333333333333,1.5635385585969266,384.9432832339521,0.14797721751391418,2.91244132435794,3,HYD200,200,368.10928314615364,24.960872345539567,10.0,14,-448.29801830579277,95.0
Mass-Nom-Real,CH,HYD200,2025-Hhigh,2601.3685734951478,7576.333333333333,1.5635385585969266,210.92169256233132,0.08108104891839339,2.91244132435794,3,HYD200,200,368.10928314615364,24.960872345539567,10.0,14,-448.29801830579277,95.0
Mass-Nom-Real,CH,HYD200,2025-Hlow,2601.3685734951478,7576.333333333333,1.5635385585969266,271.93343039485126,0.104534756499148,2.91244132435794,3,HYD200,200,368.10928314615364,24.960872345539567,10.0,14,-448.29801830579277,95.0
Mass-Nom-Real,CH,HYD200,2030-Hhigh,2601.3685734951478,7576.333333333333,1.5635385585969266,198.57567718472524,0.07633507962230929,2.91244132435794,3,HYD200,200,368.10928314615364,24.960872345539567,10.0,14,-448.29801830579277,95.0
Mass-Nom-Real,CH,HYD200,2030-Hlow,2601.3685734951478,7576.333333333333,1.5635385585969266,255.56204160883306,0.09824138117631863,2.91244132435794,3,HYD200,200,368.10928314615364,24.960872345539567,10.0,14,-448.29801830579277,95.0
Mass-Nom-Real,CH,HYD200,2035-Hhigh,2601.3685734951478,7576.333333333333,1.5635385585969266,168.9538927641077,0.06494807944000976,2.91244132435794,3,HYD200,200,368.10928314615364,24.960872345539567,10.0,14,-448.29801830579277,95.0
Mass-Nom-Real,CH,HYD200,2035-Hlow,2601.3685734951478,7576.333333333333,1.5635385585969266,224.44032171597163,0.08627778624019357,2.91244132435794,3,HYD200,200,368.10928314615364,24.960872345539567,10.0,14,-448.29801830579277,95.0
Mass-Nom-Real,CH,HYD200,2040-Hhigh,2601.3685734951478,7576.333333333333,1.5635385585969266,171.42053108963987,0.06589628737588792,2.91244132435794,3,HYD200,200,368.10928314615364,24.960872345539567,10.0,14,-448.29801830579277,95.0
Mass-Nom-Real,CH,HYD200,2040-Hlow,2601.3685734951478,7576.333333333333,1.5635385585969266,259.09590324398465,0.09959984366839202,2.91244132435794,3,HYD200,200,368.10928314615364,24.960872345539567,10.0,14,-448.29801830579277,95.0
Mass-Nom-Real,CH,HYD200,2045-Hhigh,2601.3685734951478,7576.333333333333,1.5635385585969266,161.24721126669854,0.061985530581716054,2.91244132435794,3,HYD200,200,368.10928314615364,24.960872345539567,10.0,14,-448.29801830579277,95.0
Mass-Nom-Real,CH,HYD200,2045-Hlow,2601.3685734951478,7576.333333333333,1.5635385585969266,240.28884199460884,0.09237016409088139,2.91244132435794,3,HYD200,200,368.10928314615364,24.960872345539567,10.0,14,-448.29801830579277,95.0
Mass-Nom-Real,CH,HYD500,2024-Hhigh,2696.8341504309096,7841.866666666666,1.7328287858606128,274.2796587098771,0.10170431083648644,2.9078045698188983,3,HYD500,500,636.0195277705851,0.0,0.0,14,0.0,0.0
Mass-Nom-Real,CH,HYD500,2024-Hlow,2696.8341504309096,7841.866666666666,1.7492353107936045,396.78399374276466,0.14712954954214189,2.9078045698188983,3,HYD500,500,636.0195277705851,0.0,0.0,14,0.0,0.0
Mass-Nom-Real,CH,HYD500,2025-Hhigh,2696.8341504309096,7841.866666666666,1.7492353107936045,218.79070710463952,0.08112872164188531,2.9078045698188983,3,HYD500,500,636.0195277705851,0.0,0.0,14,0.0,0.0
Mass-Nom-Real,CH,HYD500,2025-Hlow,2696.8341504309096,7841.866666666666,1.7492353107936045,280.928486059248,0.10416973027961703,2.9078045698188983,3,HYD500,500,636.0195277705851,0.0,0.0,14,0.0,0.0
Mass-Nom-Real,CH,HYD500,2030-Hhigh,2696.8341504309096,7841.866666666666,1.7492353107936045,206.69107183303583,0.07664211453270495,2.9078045698188983,3,HYD500,500,636.0195277705851,0.0,0.0,14,0.0,0.0
Mass-Nom-Real,CH,HYD500,2030-Hlow,2696.8341504309096,7841.866666666666,1.7492353107936045,264.8726612231597,0.09821614769333792,2.9078045698188983,3,HYD500,500,636.0195277705851,0.0,0.0,14,0.0,0.0
Mass-Nom-Real,CH,HYD500,2035-Hhigh,2696.8341504309096,7841.866666666666,1.7492353107936045,176.3326889451898,0.06538506971851225,2.9078045698188983,3,HYD500,500,636.0195277705851,0.0,0.0,14,0.0,0.0
Mass-Nom-Real,CH,HYD500,2035-Hlow,2696.8341504309096,7841.866666666666,1.7492353107936045,233.37708071469893,0.08653742414134333,2.9078045698188983,3,HYD500,500,636.0195277705851,0.0,0.0,14,0.0,0.0
Mass-Nom-Real,CH,HYD500,2040-Hhigh,2696.8341504309096,7841.866666666666,1.7492353107936045,178.75848235987127,0.06628456641699995,2.9078045698188983,3,HYD500,500,636.0195277705851,0.0,0.0,14,0.0,0.0
Mass-Nom-Real,CH,HYD500,2040-Hlow,2696.8341504309096,7841.866666666666,1.7492353107936045,269.1141763557709,0.09978892336140541,2.9078045698188983,3,HYD500,500,636.0195277705851,0.0,0.0,14,0.0,0.0
Mass-Nom-Real,CH,HYD500,2045-Hhigh,2696.8341504309096,7841.866666666666,1.7492353107936045,168.47730699924062,0.06247225361349,2.9078045698188983,3,HYD500,500,636.0195277705851,0.0,0.0,14,0.0,0.0
Mass-Nom-Real,CH,HYD500,2045-Hlow,2696.8341504309096,7841.866666666666,1.7492353107936045,249.79043166821563,0.09262357925432799,2.9078045698188983,3,HYD500,500,636.0195277705851,0.0,0.0,14,0.0,0.0
Mass-Nom-Real,CH,HYD1000,2024-Hhigh,2965.1210987596705,8657.914999999999,1.8998722819741163,304.33436373552104,0.10263808917039716,2.919919528285594,4,HYD1000,1000,976.0706668782007,0.0,0.0,11.2,0.0,0.0
Mass-Nom-Real,CH,HYD1000,2024-Hlow,2965.1210987596705,8657.914999999999,1.9183046653635807,434.3725634717333,0.14649403818732198,2.919919528285594,4,HYD1000,1000,976.0706668782007,0.0,0.0,11.2,0.0,0.0
Mass-Nom-Real,CH,HYD1000,2025-Hhigh,2965.1210987596705,8657.914999999999,1.9183046653635807,242.23148905580692,0.08169362430328189,2.919919528285594,4,HYD1000,1000,976.0706668782007,0.0,0.0,11.2,0.0,0.0
Mass-Nom-Real,CH,HYD1000,2025-Hlow,2965.1210987596705,8657.914999999999,1.9183046653635807,307.8287717378748,0.10381659348302555,2.919919528285594,4,HYD1000,1000,976.0706668782007,0.0,0.0,11.2,0.0,0.0
Mass-Nom-Real,CH,HYD1000,2030-Hhigh,2965.1210987596705,8657.914999999999,1.9183046653635807,228.83553531989196,0.07717578058299722,2.919919528285594,4,HYD1000,1000,976.0706668782007,0.0,0.0,11.2,0.0,0.0
Mass-Nom-Real,CH,HYD1000,2030-Hlow,2965.1210987596705,8657.914999999999,1.9183046653635807,291.03473128234174,0.09815273022207541,2.919919528285594,4,HYD1000,1000,976.0706668782007,0.0,0.0,11.2,0.0,0.0
Mass-Nom-Real,CH,HYD1000,2035-Hhigh,2965.1210987596705,8657.914999999999,1.9183046653635807,195.14114572418165,0.06581220099435753,2.919919528285594,4,HYD1000,1000,976.0706668782007,0.0,0.0,11.2,0.0,0.0
Mass-Nom-Real,CH,HYD1000,2035-Hlow,2965.1210987596705,8657.914999999999,1.9183046653635807,256.991344566777,0.08667144983531302,2.919919528285594,4,HYD1000,1000,976.0706668782007,0.0,0.0,11.2,0.0,0.0
Mass-Nom-Real,CH,HYD1000,2040-Hhigh,2965.1210987596705,8657.914999999999,1.9183046653635807,197.62654507847773,0.06665041274744098,2.919919528285594,4,HYD1000,1000,976.0706668782007,0.0,0.0,11.2,0.0,0.0
Mass-Nom-Real,CH,HYD1000,2040-Hlow,2965.1210987596705,8657.914999999999,1.9183046653635807,296.5285787439751,0.10000555419743731,2.919919528285594,4,HYD1000,1000,976.0706668782007,0.0,0.0,11.2,0.0,0.0
Mass-Nom-Real,CH,HYD1000,2045-Hhigh,2965.1210987596705,8657.914999999999,1.9183046653635807,186.1514180753075,0.0627803762056045,2.919919528285594,4,HYD1000,1000,976.0706668782007,0.0,0.0,11.2,0.0,0.0
Mass-Nom-Real,CH,HYD1000,2045-Hlow,2965.1210987596705,8657.914999999999,1.9183046653635807,275.1705847553871,0.09280247773707885,2.919919528285594,4,HYD1000,1000,976.0706668782007,0.0,0.0,11.2,0.0,0.0
Mass-Nom-Real,CH,HYD200,2024-Hhigh,2740.1093100467688,8054.9,1.5308321550501836,277.97411631033606,0.10144636029341163,2.939627251535639,4,HYD200,200,367.34837897034475,40.9818815430795,20.0,14,-281.1634443596565,86.0
Mass-Nom-Real,CH,HYD200,2024-Hlow,2740.1093100467688,8054.9,1.5444485709198532,398.73461040638114,0.14551777512831246,2.939627251535639,4,HYD200,200,367.34837897034475,40.9818815430795,20.0,14,-281.1634443596565,86.0
Mass-Nom-Real,CH,HYD200,2025-Hhigh,2740.1093100467688,8054.9,1.5444485709198532,220.00770126391595,0.0802915783166916,2.939627251535639,4,HYD200,200,367.34837897034475,40.9818815430795,20.0,14,-281.1634443596565,86.0
Mass-Nom-Real,CH,HYD200,2025-Hlow,2740.1093100467688,8054.9,1.5444485709198532,282.25367359827453,0.10300818020776586,2.939627251535639,4,HYD200,200,367.34837897034475,40.9818815430795,20.0,14,-281.1634443596565,86.0
Mass-Nom-Real,CH,HYD200,2030-Hhigh,2740.1093100467688,8054.9,1.5444485709198532,206.33199308740703,0.07530064305496094,2.939627251535639,4,HYD200,200,367.34837897034475,40.9818815430795,20.0,14,-281.1634443596565,86.0
Mass-Nom-Real,CH,HYD200,2030-Hlow,2740.1093100467688,8054.9,1.5444485709198532,264.59505830110487,0.09656368719705884,2.939627251535639,4,HYD200,200,367.34837897034475,40.9818815430795,20.0,14,-281.1634443596565,86.0
Mass-Nom-Real,CH,HYD200,2035-Hhigh,2740.1093100467688,8054.9,1.5444485709198532,174.66277327285414,0.06374299471646734,2.939627251535639,4,HYD200,200,367.34837897034475,40.9818815430795,20.0,14,-281.1634443596565,86.0
Mass-Nom-Real,CH,HYD200,2035-Hlow,2740.1093100467688,8054.9,1.5444485709198532,231.05290998803568,0.08432251558026056,2.939627251535639,4,HYD200,200,367.34837897034475,40.9818815430795,20.0,14,-281.1634443596565,86.0
Mass-Nom-Real,CH,HYD200,2040-Hhigh,2740.1093100467688,8054.9,1.5444485709198532,177.18339984070005,0.06466289472140652,2.939627251535639,4,HYD200,200,367.34837897034475,40.9818815430795,20.0,14,-281.1634443596565,86.0
Mass-Nom-Real,CH,HYD200,2040-Hlow,2740.1093100467688,8054.9,1.5444485709198532,266.587134407896,0.09729069326922064,2.939627251535639,4,HYD200,200,367.34837897034475,40.9818815430795,20.0,14,-281.1634443596565,86.0
Mass-Nom-Real,CH,HYD200,2045-Hhigh,2740.1093100467688,8054.9,1.5444485709198532,166.1051699872733,0.06061990643155699,2.939627251535639,4,HYD200,200,367.34837897034475,40.9818815430795,20.0,14,-281.1634443596565,86.0
Mass-Nom-Real,CH,HYD200,2045-Hlow,2740.1093100467688,8054.9,1.5444485709198532,246.2541424957133,0.08987018933617294,2.939627251535639,4,HYD200,200,367.34837897034475,40.9818815430795,20.0,14,-281.1634443596565,86.0
Mass-Nom-Real,CH,HYD500,2024-Hhigh,2835.4747096796973,8319.266666666666,1.7152061788763917,287.5973803173142,0.10142830028972538,2.9339943108173347,4,HYD500,500,633.9753098307597,0.0,0.0,14,0.0,0.0
Mass-Nom-Real,CH,HYD500,2024-Hlow,2835.4747096796973,8319.266666666666,1.7345698775961755,410.71459967311876,0.14484862032838028,2.9339943108173347,4,HYD500,500,633.9753098307597,0.0,0.0,14,0.0,0.0
Mass-Nom-Real,CH,HYD500,2025-Hhigh,2835.4747096796973,8319.266666666666,1.7345698775961755,228.1423430252536,0.08046001688762203,2.9339943108173347,4,HYD500,500,633.9753098307597,0.0,0.0,14,0.0,0.0
Mass-Nom-Real,CH,HYD500,2025-Hlow,2835.4747096796973,8319.266666666666,1.7345698775961755,291.18574353660716,0.10269382496784825,2.9339943108173347,4,HYD500,500,633.9753098307597,0.0,0.0,14,0.0,0.0
Mass-Nom-Real,CH,HYD500,2030-Hhigh,2835.4747096796973,8319.266666666666,1.7345698775961755,214.83147171385437,0.07576561024524965,2.9339943108173347,4,HYD500,500,633.9753098307597,0.0,0.0,14,0.0,0.0
Mass-Nom-Real,CH,HYD500,2030-Hlow,2835.4747096796973,8319.266666666666,1.7345698775961755,274.2776566523854,0.09673077164682896,2.9339943108173347,4,HYD500,500,633.9753098307597,0.0,0.0,14,0.0,0.0
Mass-Nom-Real,CH,HYD500,2035-Hhigh,2835.4747096796973,8319.266666666666,1.7345698775961755,182.49357864527508,0.06436085570514224,2.9339943108173347,4,HYD500,500,633.9753098307597,0.0,0.0,14,0.0,0.0
Mass-Nom-Real,CH,HYD500,2035-Hlow,2835.4747096796973,8319.266666666666,1.7345698775961755,240.5043221076247,0.08481977331224114,2.9339943108173347,4,HYD500,500,633.9753098307597,0.0,0.0,14,0.0,0.0
Mass-Nom-Real,CH,HYD500,2040-Hhigh,2835.4747096796973,8319.266666666666,1.7345698775961755,184.98599539221624,0.06523986786435233,2.9339943108173347,4,HYD500,500,633.9753098307597,0.0,0.0,14,0.0,0.0
Mass-Nom-Real,CH,HYD500,2040-Hlow,2835.4747096796973,8319.266666666666,1.7345698775961755,277.1397695988949,0.09774016627720207,2.9339943108173347,4,HYD500,500,633.9753098307597,0.0,0.0,14,0.0,0.0
Mass-Nom-Real,CH,HYD500,2045-Hhigh,2835.4747096796973,8319.266666666666,1.7345698775961755,173.82362858930847,0.061303184259028025,2.9339943108173347,4,HYD500,500,633.9753098307597,0.0,0.0,14,0.0,0.0
Mass-Nom-Real,CH,HYD500,2045-Hlow,2835.4747096796973,8319.266666666666,1.7345698775961755,256.3382675630954,0.09040400420007699,2.9339943108173347,4,HYD500,500,633.9753098307597,0.0,0.0,14,0.0,0.0
Mass-Nom-Real,CH,HYD1000,2024-Hhigh,3106.6394127268054,9133.244133333334,2.029712228726693,317.4546767679534,0.10218587824111598,2.9399112416837485,5,HYD1000,1000,972.9518100150833,0.0,0.0,11.2,0.0,0.0
Mass-Nom-Real,CH,HYD1000,2024-Hlow,3106.6394127268054,9133.244133333334,2.0686684613988247,450.5322817065604,0.14502239296291955,2.9399112416837485,5,HYD1000,1000,972.9518100150833,0.0,0.0,11.2,0.0,0.0
Mass-Nom-Real,CH,HYD1000,2025-Hhigh,3106.6394127268054,9133.244133333334,2.0686684613988247,252.520209342461,0.08128404227023413,2.9399112416837485,5,HYD1000,1000,972.9518100150833,0.0,0.0,11.2,0.0,0.0
Mass-Nom-Real,CH,HYD1000,2025-Hlow,3106.6394127268054,9133.244133333334,2.0686684613988247,319.71249829245085,0.10291265120203573,2.9399112416837485,5,HYD1000,1000,972.9518100150833,0.0,0.0,11.2,0.0,0.0
Mass-Nom-Real,CH,HYD1000,2030-Hhigh,3106.6394127268054,9133.244133333334,2.0686684613988247,237.96065012556133,0.07659744776002021,2.9399112416837485,5,HYD1000,1000,972.9518100150833,0.0,0.0,11.2,0.0,0.0
Mass-Nom-Real,CH,HYD1000,2030-Hlow,3106.6394127268054,9133.244133333334,2.0686684613988247,302.0066748864445,0.09721330182358137,2.9399112416837485,5,HYD1000,1000,972.9518100150833,0.0,0.0,11.2,0.0,0.0
Mass-Nom-Real,CH,HYD1000,2035-Hhigh,3106.6394127268054,9133.244133333334,2.0686684613988247,202.74745998163147,0.06526263046526953,2.9399112416837485,5,HYD1000,1000,972.9518100150833,0.0,0.0,11.2,0.0,0.0
Mass-Nom-Real,CH,HYD1000,2035-Hlow,3106.6394127268054,9133.244133333334,2.0686684613988247,265.90450250990284,0.08559232893929881,2.9399112416837485,5,HYD1000,1000,972.9518100150833,0.0,0.0,11.2,0.0,0.0
Mass-Nom-Real,CH,HYD1000,2040-Hhigh,3106.6394127268054,9133.244133333334,2.0686684613988247,205.33973737969475,0.06609706184067914,2.9399112416837485,5,HYD1000,1000,972.9518100150833,0.0,0.0,11.2,0.0,0.0
Mass-Nom-Real,CH,HYD1000,2040-Hlow,3106.6394127268054,9133.244133333334,2.0686684613988247,306.4440779156841,0.09864166296876646,2.9399112416837485,5,HYD1000,1000,972.9518100150833,0.0,0.0,11.2,0.0,0.0
Mass-Nom-Real,CH,HYD1000,2045-Hhigh,3106.6394127268054,9133.244133333334,2.0686684613988247,193.2842210232286,0.06221649678150974,2.9399112416837485,5,HYD1000,1000,972.9518100150833,0.0,0.0,11.2,0.0,0.0
Mass-Nom-Real,CH,HYD1000,2045-Hlow,3106.6394127268054,9133.244133333334,2.0686684613988247,283.9103053979344,0.09138823908396129,2.9399112416837485,5,HYD1000,1000,972.9518100150833,0.0,0.0,11.2,0.0,0.0
Mass-Nom-Real,CH,HYD200,2024-Hhigh,2885.461722367403,8533.466666666667,1.6100046508397285,290.95662322361267,0.10083537791133639,2.957400751677727,5,HYD200,200,366.4181974858912,59.80251660033547,23.0,14,-365.59991316622813,118.0
Mass-Nom-Real,CH,HYD200,2024-Hlow,2885.461722367403,8533.466666666667,1.6461090039394441,415.05795865645075,0.14384455542730704,2.957400751677727,5,HYD200,200,366.4181974858912,59.80251660033547,23.0,14,-365.59991316622813,118.0
Mass-Nom-Real,CH,HYD200,2025-Hhigh,2885.461722367403,8533.466666666667,1.6461090039394441,229.93653181355768,0.07968795081603237,2.957400751677727,5,HYD200,200,366.4181974858912,59.80251660033547,23.0,14,-365.59991316622813,118.0
Mass-Nom-Real,CH,HYD200,2025-Hlow,2885.461722367403,8533.466666666667,1.6461090039394441,293.85654695699367,0.10184038993797374,2.957400751677727,5,HYD200,200,366.4181974858912,59.80251660033547,23.0,14,-365.59991316622813,118.0
Mass-Nom-Real,CH,HYD200,2030-Hhigh,2885.461722367403,8533.466666666667,1.6461090039394441,214.90451329273736,0.07447837953518822,2.957400751677727,5,HYD200,200,366.4181974858912,59.80251660033547,23.0,14,-365.59991316622813,118.0
Mass-Nom-Real,CH,HYD200,2030-Hlow,2885.461722367403,8533.466666666667,1.6461090039394441,275.3369519717767,0.09542214677028328,2.957400751677727,5,HYD200,200,366.4181974858912,59.80251660033547,23.0,14,-365.59991316622813,118.0
Mass-Nom-Real,CH,HYD200,2035-Hhigh,2885.461722367403,8533.466666666667,1.6461090039394441,181.60237895447474,0.06293702583081831,2.957400751677727,5,HYD200,200,366.4181974858912,59.80251660033547,23.0,14,-365.59991316622813,118.0
Mass-Nom-Real,CH,HYD200,2035-Hlow,2885.461722367403,8533.466666666667,1.6461090039394441,239.5589790388702,0.08302275409923715,2.957400751677727,5,HYD200,200,366.4181974858912,59.80251660033547,23.0,14,-365.59991316622813,118.0
Mass-Nom-Real,CH,HYD200,2040-Hhigh,2885.461722367403,8533.466666666667,1.6461090039394441,184.45963310843507,0.06392725007528206,2.957400751677727,5,HYD200,200,366.4181974858912,59.80251660033547,23.0,14,-365.59991316622813,118.0
Mass-Nom-Real,CH,HYD200,2040-Hlow,2885.461722367403,8533.466666666667,1.6461090039394441,276.2490497799429,0.09573824793395348,2.957400751677727,5,HYD200,200,366.4181974858912,59.80251660033547,23.0,14,-365.59991316622813,118.0
Mass-Nom-Real,CH,HYD200,2045-Hhigh,2885.461722367403,8533.466666666667,1.6461090039394441,172.68341047007314,0.059846023647263456,2.957400751677727,5,HYD200,200,366.4181974858912,59.80251660033547,23.0,14,-365.59991316622813,118.0
Mass-Nom-Real,CH,HYD200,2045-Hlow,2885.461722367403,8533.466666666667,1.6461090039394441,254.65805795259948,0.08825556616417804,2.957400751677727,5,HYD200,200,366.4181974858912,59.80251660033547,23.0,14,-365.59991316622813,118.0
Mass-Nom-Real,CH,HYD500,2024-Hhigh,2980.8804416383778,8796.2,1.812826708537824,300.6684903276889,0.10086566577035637,2.950873130344455,5,HYD500,500,632.2800840440239,0.0,0.0,14,0.0,0.0
Mass-Nom-Real,CH,HYD500,2024-Hlow,2980.8804416383778,8796.2,1.8518882354243318,427.06953959520223,0.14326959700553185,2.950873130344455,5,HYD500,500,632.2800840440239,0.0,0.0,14,0.0,0.0
Mass-Nom-Real,CH,HYD500,2025-Hhigh,2980.8804416383778,8796.2,1.8518882354243318,238.15833889877524,0.07989530058705627,2.950873130344455,5,HYD500,500,632.2800840440239,0.0,0.0,14,0.0,0.0
Mass-Nom-Real,CH,HYD500,2025-Hlow,2980.8804416383778,8796.2,1.8518882354243318,303.1229980152512,0.10168908278946139,2.950873130344455,5,HYD500,500,632.2800840440239,0.0,0.0,14,0.0,0.0
Mass-Nom-Real,CH,HYD500,2030-Hhigh,2980.8804416383778,8796.2,1.8518882354243318,223.59128245765783,0.07500847042854412,2.950873130344455,5,HYD500,500,632.2800840440239,0.0,0.0,14,0.0,0.0
Mass-Nom-Real,CH,HYD500,2030-Hlow,2980.8804416383778,8796.2,1.8518882354243318,285.2169445403087,0.09568211477262244,2.950873130344455,5,HYD500,500,632.2800840440239,0.0,0.0,14,0.0,0.0
Mass-Nom-Real,CH,HYD500,2035-Hhigh,2980.8804416383778,8796.2,1.8518882354243318,189.54981800948866,0.06358853423363288,2.950873130344455,5,HYD500,500,632.2800840440239,0.0,0.0,14,0.0,0.0
Mass-Nom-Real,CH,HYD500,2035-Hlow,2980.8804416383778,8796.2,1.8518882354243318,249.0607629406408,0.08355275155005876,2.950873130344455,5,HYD500,500,632.2800840440239,0.0,0.0,14,0.0,0.0
Mass-Nom-Real,CH,HYD500,2040-Hhigh,2980.8804416383778,8796.2,1.8518882354243318,192.3342542673489,0.06452263283717494,2.950873130344455,5,HYD500,500,632.2800840440239,0.0,0.0,14,0.0,0.0
Mass-Nom-Real,CH,HYD500,2040-Hlow,2980.8804416383778,8796.2,1.8518882354243318,286.6609542310289,0.09616653865978998,2.950873130344455,5,HYD500,500,632.2800840440239,0.0,0.0,14,0.0,0.0
Mass-Nom-Real,CH,HYD500,2045-Hhigh,2980.8804416383778,8796.2,1.8518882354243318,180.477055257993,0.06054488222238044,2.950873130344455,5,HYD500,500,632.2800840440239,0.0,0.0,14,0.0,0.0
Mass-Nom-Real,CH,HYD500,2045-Hlow,2980.8804416383778,8796.2,1.8518882354243318,264.7039313111299,0.08880058643534224,2.950873130344455,5,HYD500,500,632.2800840440239,0.0,0.0,14,0.0,0.0
Mass-H1-Ideal,AK,HYD1000,2024-Hhigh,927.2784077653965,3069.426833331161,0.49103577487600003,81.013458601925,0.08736692014338543,3.3101459147830528,3,HYD1000,1000,861.6763056383284,0.0,0.0,5,0.0,0.0
Mass-H1-Ideal,AK,HYD1000,2024-Hlow,927.2784077653965,3069.426833331161,0.48654583234726434,115.55893308014194,0.12462161537722186,3.3101459147830528,3,HYD1000,1000,861.6763056383284,0.0,0.0,5,0.0,0.0
Mass-H1-Ideal,AK,HYD1000,2025-Hhigh,927.2784077653965,3069.426833331161,0.48654583234726434,64.43451132358366,0.06948777280262708,3.3101459147830528,3,HYD1000,1000,861.6763056383284,0.0,0.0,5,0.0,0.0
Mass-H1-Ideal,AK,HYD1000,2025-Hlow,927.2784077653965,3069.426833331161,0.48654583234726434,83.75641368231912,0.09032499083437051,3.3101459147830528,3,HYD1000,1000,861.6763056383284,0.0,0.0,5,0.0,0.0
Mass-H1-Ideal,AK,HYD1000,2030-Hhigh,927.2784077653965,3069.426833331161,0.48654583234726434,60.381911046831505,0.06511734829709122,3.3101459147830528,3,HYD1000,1000,861.6763056383284,0.0,0.0,5,0.0,0.0
Mass-H1-Ideal,AK,HYD1000,2030-Hlow,927.2784077653965,3069.426833331161,0.48654583234726434,76.83709372179118,0.08286302482439678,3.3101459147830528,3,HYD1000,1000,861.6763056383284,0.0,0.0,5,0.0,0.0
Mass-H1-Ideal,AK,HYD1000,2035-Hhigh,927.2784077653965,3069.426833331161,0.48654583234726434,50.964147188009626,0.05496099851049661,3.3101459147830528,3,HYD1000,1000,861.6763056383284,0.0,0.0,5,0.0,0.0
Mass-H1-Ideal,AK,HYD1000,2035-Hlow,927.2784077653965,3069.426833331161,0.48654583234726434,66.22393324854482,0.07141752972349985,3.3101459147830528,3,HYD1000,1000,861.6763056383284,0.0,0.0,5,0.0,0.0
Mass-H1-Ideal,AK,HYD1000,2040-Hhigh,927.2784077653965,3069.426833331161,0.48654583234726434,51.629415788016544,0.05567844064484989,3.3101459147830528,3,HYD1000,1000,861.6763056383284,0.0,0.0,5,0.0,0.0
Mass-H1-Ideal,AK,HYD1000,2040-Hlow,927.2784077653965,3069.426833331161,0.48654583234726434,76.61361245506771,0.08262201709160376,3.3101459147830528,3,HYD1000,1000,861.6763056383284,0.0,0.0,5,0.0,0.0
Mass-H1-Ideal,AK,HYD1000,2045-Hhigh,927.2784077653965,3069.426833331161,0.48654583234726434,48.580012941038305,0.05238988909286579,3.3101459147830528,3,HYD1000,1000,861.6763056383284,0.0,0.0,5,0.0,0.0
Mass-H1-Ideal,AK,HYD1000,2045-Hlow,927.2784077653965,3069.426833331161,0.48654583234726434,71.54191131611258,0.07715256897711872,3.3101459147830528,3,HYD1000,1000,861.6763056383284,0.0,0.0,5,0.0,0.0
Mass-H1-Ideal,AK,HYD200,2024-Hhigh,808.8276840672446,2532.575,0.43086867090149567,71.40811098776253,0.08828593827140291,3.1311675526049942,3,HYD200,200,320.22305682422194,627.4657308303191,129.0,8.5,-534.5544531223122,89.0
Mass-H1-Ideal,AK,HYD200,2024-Hlow,808.8276840672446,2532.575,0.42578712706869637,104.36227424487035,0.12902905810552578,3.1311675526049942,3,HYD200,200,320.22305682422194,627.4657308303191,129.0,8.5,-534.5544531223122,89.0
Mass-H1-Ideal,AK,HYD200,2025-Hhigh,808.8276840672446,2532.575,0.42578712706869637,56.256760623029315,0.0695534558611278,3.1311675526049942,3,HYD200,200,320.22305682422194,627.4657308303191,129.0,8.5,-534.5544531223122,89.0
Mass-H1-Ideal,AK,HYD200,2025-Hlow,808.8276840672446,2532.575,0.42578712706869637,75.13298751989767,0.09289121650990774,3.1311675526049942,3,HYD200,200,320.22305682422194,627.4657308303191,129.0,8.5,-534.5544531223122,89.0
Mass-H1-Ideal,AK,HYD200,2030-Hhigh,808.8276840672446,2532.575,0.42578712706869637,52.983644944284556,0.06550671544506578,3.1311675526049942,3,HYD200,200,320.22305682422194,627.4657308303191,129.0,8.5,-534.5544531223122,89.0
Mass-H1-Ideal,AK,HYD200,2030-Hlow,808.8276840672446,2532.575,0.42578712706869637,69.0470475102074,0.08536682023913879,3.1311675526049942,3,HYD200,200,320.22305682422194,627.4657308303191,129.0,8.5,-534.5544531223122,89.0
Mass-H1-Ideal,AK,HYD200,2035-Hhigh,808.8276840672446,2532.575,0.42578712706869637,44.9074040382563,0.05552159616055226,3.1311675526049942,3,HYD200,200,320.22305682422194,627.4657308303191,129.0,8.5,-534.5544531223122,89.0
Mass-H1-Ideal,AK,HYD200,2035-Hlow,808.8276840672446,2532.575,0.42578712706869637,59.60459492479417,0.0736925751911315,3.1311675526049942,3,HYD200,200,320.22305682422194,627.4657308303191,129.0,8.5,-534.5544531223122,89.0
Mass-H1-Ideal,AK,HYD200,2040-Hhigh,808.8276840672446,2532.575,0.42578712706869637,45.47992498476349,0.05622943660393104,3.1311675526049942,3,HYD200,200,320.22305682422194,627.4657308303191,129.0,8.5,-534.5544531223122,89.0
Mass-H1-Ideal,AK,HYD200,2040-Hlow,808.8276840672446,2532.575,0.42578712706869637,68.91485874072146,0.08520338769090895,3.1311675526049942,3,HYD200,200,320.22305682422194,627.4657308303191,129.0,8.5,-534.5544531223122,89.0
Mass-H1-Ideal,AK,HYD200,2045-Hhigh,808.8276840672446,2532.575,0.42578712706869637,42.74858017223685,0.0528525185454493,3.1311675526049942,3,HYD200,200,320.22305682422194,627.4657308303191,129.0,8.5,-534.5544531223122,89.0
Mass-H1-Ideal,AK,HYD200,2045-Hlow,808.8276840672446,2532.575,0.42578712706869637,63.875058253190176,0.07897239364012633,3.1311675526049942,3,HYD200,200,320.22305682422194,627.4657308303191,129.0,8.5,-534.5544531223122,89.0
Mass-H1-Ideal,AK,HYD500,2024-Hhigh,834.5999310476572,2765.215655553599,0.45079079527734167,73.2303320013081,0.08774303624658042,3.3132229619076017,3,HYD500,500,554.3755519846553,0.0,0.0,5,0.0,0.0
Mass-H1-Ideal,AK,HYD500,2024-Hlow,834.5999310476572,2765.215655553599,0.44181091021987046,104.94598498197912,0.12574406140944974,3.3132229619076017,3,HYD500,500,554.3755519846553,0.0,0.0,5,0.0,0.0
Mass-H1-Ideal,AK,HYD500,2025-Hhigh,834.5999310476572,2765.215655553599,0.44181091021987046,58.03821553818216,0.06954016335147298,3.3132229619076017,3,HYD500,500,554.3755519846553,0.0,0.0,5,0.0,0.0
Mass-H1-Ideal,AK,HYD500,2025-Hlow,834.5999310476572,2765.215655553599,0.44181091021987046,75.85120284832634,0.09088330830930191,3.3132229619076017,3,HYD500,500,554.3755519846553,0.0,0.0,5,0.0,0.0
Mass-H1-Ideal,AK,HYD500,2030-Hhigh,834.5999310476572,2765.215655553599,0.44181091021987046,54.5167831920217,0.06532085753180908,3.3132229619076017,3,HYD500,500,554.3755519846553,0.0,0.0,5,0.0,0.0
Mass-H1-Ideal,AK,HYD500,2030-Hlow,834.5999310476572,2765.215655553599,0.44181091021987046,69.7347018589292,0.0835546460822164,3.3132229619076017,3,HYD500,500,554.3755519846553,0.0,0.0,5,0.0,0.0
Mass-H1-Ideal,AK,HYD500,2035-Hhigh,834.5999310476572,2765.215655553599,0.44181091021987046,46.16924675844581,0.0553190157833951,3.3132229619076017,3,HYD500,500,554.3755519846553,0.0,0.0,5,0.0,0.0
Mass-H1-Ideal,AK,HYD500,2035-Hlow,834.5999310476572,2765.215655553599,0.44181091021987046,60.32545626013177,0.07228068684885511,3.3132229619076017,3,HYD500,500,554.3755519846553,0.0,0.0,5,0.0,0.0
Mass-H1-Ideal,AK,HYD500,2040-Hhigh,834.5999310476572,2765.215655553599,0.44181091021987046,46.651140693988054,0.055896410913223754,3.3132229619076017,3,HYD500,500,554.3755519846553,0.0,0.0,5,0.0,0.0
Mass-H1-Ideal,AK,HYD500,2040-Hlow,834.5999310476572,2765.215655553599,0.44181091021987046,69.8261148180968,0.08366417515808494,3.3132229619076017,3,HYD500,500,554.3755519846553,0.0,0.0,5,0.0,0.0
Mass-H1-Ideal,AK,HYD500,2045-Hhigh,834.5999310476572,2765.215655553599,0.44181091021987046,43.92906097142523,0.052634872514645346,3.3132229619076017,3,HYD500,500,554.3755519846553,0.0,0.0,5,0.0,0.0
Mass-H1-Ideal,AK,HYD500,2045-Hlow,834.5999310476572,2765.215655553599,0.44181091021987046,65.09464447374638,0.07799502738040529,3.3132229619076017,3,HYD500,500,554.3755519846553,0.0,0.0,5,0.0,0.0
Mass-H1-Ideal,AK,HYD1000,2024-Hhigh,1065.3880246970411,3539.51066666424,0.5210836600422503,93.84697082625603,0.08808712755424748,3.3222737487318317,4,HYD1000,1000,852.3934212838758,0.0,0.0,5,0.0,0.0
Mass-H1-Ideal,AK,HYD1000,2024-Hlow,1065.3880246970411,3539.51066666424,0.5192876830307558,128.93042869610332,0.12101734364131472,3.3222737487318317,4,HYD1000,1000,852.3934212838758,0.0,0.0,5,0.0,0.0
Mass-H1-Ideal,AK,HYD1000,2025-Hhigh,1065.3880246970411,3539.51066666424,0.5192876830307558,73.42009049962994,0.0689139438379815,3.3222737487318317,4,HYD1000,1000,852.3934212838758,0.0,0.0,5,0.0,0.0
Mass-H1-Ideal,AK,HYD1000,2025-Hlow,1065.3880246970411,3539.51066666424,0.5192876830307558,93.5050621928774,0.08776620351018771,3.3222737487318317,4,HYD1000,1000,852.3934212838758,0.0,0.0,5,0.0,0.0
Mass-H1-Ideal,AK,HYD1000,2030-Hhigh,1065.3880246970411,3539.51066666424,0.5192876830307558,68.24295551360154,0.06405455470837251,3.3222737487318317,4,HYD1000,1000,852.3934212838758,0.0,0.0,5,0.0,0.0
Mass-H1-Ideal,AK,HYD1000,2030-Hlow,1065.3880246970411,3539.51066666424,0.5192876830307558,85.60869959408038,0.08035447894059489,3.3222737487318317,4,HYD1000,1000,852.3934212838758,0.0,0.0,5,0.0,0.0
Mass-H1-Ideal,AK,HYD1000,2035-Hhigh,1065.3880246970411,3539.51066666424,0.5192876830307558,56.77076662991465,0.05328646963725564,3.3222737487318317,4,HYD1000,1000,852.3934212838758,0.0,0.0,5,0.0,0.0
Mass-H1-Ideal,AK,HYD1000,2035-Hlow,1065.3880246970411,3539.51066666424,0.5192876830307558,72.94900290448062,0.06847176917088471,3.3222737487318317,4,HYD1000,1000,852.3934212838758,0.0,0.0,5,0.0,0.0
Mass-H1-Ideal,AK,HYD1000,2040-Hhigh,1065.3880246970411,3539.51066666424,0.5192876830307558,57.47143198095084,0.05394413176109586,3.3222737487318317,4,HYD1000,1000,852.3934212838758,0.0,0.0,5,0.0,0.0
Mass-H1-Ideal,AK,HYD1000,2040-Hlow,1065.3880246970411,3539.51066666424,0.5192876830307558,83.95903246662853,0.0788060598771077,3.3222737487318317,4,HYD1000,1000,852.3934212838758,0.0,0.0,5,0.0,0.0
Mass-H1-Ideal,AK,HYD1000,2045-Hhigh,1065.3880246970411,3539.51066666424,0.5192876830307558,53.59183607044302,0.050302645447589535,3.3222737487318317,4,HYD1000,1000,852.3934212838758,0.0,0.0,5,0.0,0.0
Mass-H1-Ideal,AK,HYD1000,2045-Hlow,1065.3880246970411,3539.51066666424,0.5192876830307558,77.6905287669481,0.07292228461929685,3.3222737487318317,4,HYD1000,1000,852.3934212838758,0.0,0.0,5,0.0,0.0
Mass-H1-Ideal,AK,HYD200,2024-Hhigh,950.2083311285494,3008.858333333333,0.42051032240460573,84.48671901637154,0.0889138899845551,3.1665248922410028,4,HYD200,200,318.01778936877133,1234.5362306686873,182.0,8.5,-458.6164410294224,97.0
Mass-H1-Ideal,AK,HYD200,2024-Hlow,950.2083311285494,3008.858333333333,0.41542877857180643,118.03514170480744,0.12422027658357691,3.1665248922410028,4,HYD200,200,318.01778936877133,1234.5362306686873,182.0,8.5,-458.6164410294224,97.0
Mass-H1-Ideal,AK,HYD200,2025-Hhigh,950.2083311285494,3008.858333333333,0.41542877857180643,65.24096399140461,0.06865964215859781,3.1665248922410028,4,HYD200,200,318.01778936877133,1234.5362306686873,182.0,8.5,-458.6164410294224,97.0
Mass-H1-Ideal,AK,HYD200,2025-Hlow,950.2083311285494,3008.858333333333,0.41542877857180643,85.36923173897156,0.08984264707254219,3.1665248922410028,4,HYD200,200,318.01778936877133,1234.5362306686873,182.0,8.5,-458.6164410294224,97.0
Mass-H1-Ideal,AK,HYD200,2030-Hhigh,950.2083311285494,3008.858333333333,0.41542877857180643,60.64448716011198,0.06382230630211941,3.1665248922410028,4,HYD200,200,318.01778936877133,1234.5362306686873,182.0,8.5,-458.6164410294224,97.0
Mass-H1-Ideal,AK,HYD200,2030-Hlow,950.2083311285494,3008.858333333333,0.41542877857180643,77.82292776284017,0.08190091079333196,3.1665248922410028,4,HYD200,200,318.01778936877133,1234.5362306686873,182.0,8.5,-458.6164410294224,97.0
Mass-H1-Ideal,AK,HYD200,2035-Hhigh,950.2083311285494,3008.858333333333,0.41542877857180643,50.47282253770745,0.05311763840016175,3.1665248922410028,4,HYD200,200,318.01778936877133,1234.5362306686873,182.0,8.5,-458.6164410294224,97.0
Mass-H1-Ideal,AK,HYD200,2035-Hlow,950.2083311285494,3008.858333333333,0.41542877857180643,65.97265206180413,0.0694296712631948,3.1665248922410028,4,HYD200,200,318.01778936877133,1234.5362306686873,182.0,8.5,-458.6164410294224,97.0
Mass-H1-Ideal,AK,HYD200,2040-Hhigh,950.2083311285494,3008.858333333333,0.41542877857180643,51.007296244118805,0.05368011895195461,3.1665248922410028,4,HYD200,200,318.01778936877133,1234.5362306686873,182.0,8.5,-458.6164410294224,97.0
Mass-H1-Ideal,AK,HYD200,2040-Hlow,950.2083311285494,3008.858333333333,0.41542877857180643,75.98414388939834,0.07996577318907845,3.1665248922410028,4,HYD200,200,318.01778936877133,1234.5362306686873,182.0,8.5,-458.6164410294224,97.0
Mass-H1-Ideal,AK,HYD200,2045-Hhigh,950.2083311285494,3008.858333333333,0.41542877857180643,47.38650073131784,0.0498695908875452,3.1665248922410028,4,HYD200,200,318.01778936877133,1234.5362306686873,182.0,8.5,-458.6164410294224,97.0
Mass-H1-Ideal,AK,HYD200,2045-Hlow,950.2083311285494,3008.858333333333,0.41542877857180643,69.46715067753385,0.07310728437313181,3.1665248922410028,4,HYD200,200,318.01778936877133,1234.5362306686873,182.0,8.5,-458.6164410294224,97.0
Mass-H1-Ideal,AK,HYD500,2024-Hhigh,973.448063575543,3239.093111108693,0.47277066157583664,86.04848346229421,0.08839555666301509,3.327443170631289,4,HYD500,500,548.8548898114417,0.0,0.0,5,0.0,0.0
Mass-H1-Ideal,AK,HYD500,2024-Hlow,973.448063575543,3239.093111108693,0.4700766960585953,118.16791535283653,0.12139108368945488,3.327443170631289,4,HYD500,500,548.8548898114417,0.0,0.0,5,0.0,0.0
Mass-H1-Ideal,AK,HYD500,2025-Hhigh,973.448063575543,3239.093111108693,0.4700766960585953,66.85745898861181,0.06868107451263468,3.327443170631289,4,HYD500,500,548.8548898114417,0.0,0.0,5,0.0,0.0
Mass-H1-Ideal,AK,HYD500,2025-Hlow,973.448063575543,3239.093111108693,0.4700766960585953,85.62911900064687,0.08796475354434946,3.327443170631289,4,HYD500,500,548.8548898114417,0.0,0.0,5,0.0,0.0
Mass-H1-Ideal,AK,HYD500,2030-Hhigh,973.448063575543,3239.093111108693,0.4700766960585953,62.11253105317377,0.06380672310860643,3.327443170631289,4,HYD500,500,548.8548898114417,0.0,0.0,5,0.0,0.0
Mass-H1-Ideal,AK,HYD500,2030-Hlow,973.448063575543,3239.093111108693,0.4700766960585953,78.27558834319005,0.08041064672282394,3.327443170631289,4,HYD500,500,548.8548898114417,0.0,0.0,5,0.0,0.0
Mass-H1-Ideal,AK,HYD500,2035-Hhigh,973.448063575543,3239.093111108693,0.4700766960585953,51.74242756247271,0.05315376289559728,3.327443170631289,4,HYD500,500,548.8548898114417,0.0,0.0,5,0.0,0.0
Mass-H1-Ideal,AK,HYD500,2035-Hlow,973.448063575543,3239.093111108693,0.4700766960585953,66.72523924907777,0.06854524832479639,3.327443170631289,4,HYD500,500,548.8548898114417,0.0,0.0,5,0.0,0.0
Mass-H1-Ideal,AK,HYD500,2040-Hhigh,973.448063575543,3239.093111108693,0.4700766960585953,52.269211617431345,0.05369491560283439,3.327443170631289,4,HYD500,500,548.8548898114417,0.0,0.0,5,0.0,0.0
Mass-H1-Ideal,AK,HYD500,2040-Hlow,973.448063575543,3239.093111108693,0.4700766960585953,76.78993420224619,0.07888446962459546,3.327443170631289,4,HYD500,500,548.8548898114417,0.0,0.0,5,0.0,0.0
Mass-H1-Ideal,AK,HYD500,2045-Hhigh,973.448063575543,3239.093111108693,0.4700766960585953,48.681485575890036,0.05000933013013507,3.327443170631289,4,HYD500,500,548.8548898114417,0.0,0.0,5,0.0,0.0
Mass-H1-Ideal,AK,HYD500,2045-Hlow,973.448063575543,3239.093111108693,0.4700766960585953,70.74993705543467,0.07267972447915218,3.327443170631289,4,HYD500,500,548.8548898114417,0.0,0.0,5,0.0,0.0
Mass-H1-Ideal,AK,HYD1000,2024-Hhigh,1205.195896351576,4011.1351555516258,0.5555800325031506,106.18105375646257,0.0881027342342425,3.3282018032871807,5,HYD1000,1000,845.8121611033579,0.0,0.0,5,0.0,0.0
Mass-H1-Ideal,AK,HYD1000,2024-Hlow,1205.195896351576,4011.1351555516258,0.5668442487516059,143.95529109508334,0.11944555364888924,3.3282018032871807,5,HYD1000,1000,845.8121611033579,0.0,0.0,5,0.0,0.0
Mass-H1-Ideal,AK,HYD1000,2025-Hhigh,1205.195896351576,4011.1351555516258,0.5668442487516059,83.06446550845705,0.06892196178224103,3.3282018032871807,5,HYD1000,1000,845.8121611033579,0.0,0.0,5,0.0,0.0
Mass-H1-Ideal,AK,HYD1000,2025-Hlow,1205.195896351576,4011.1351555516258,0.5668442487516059,104.76364720047386,0.08692665442822958,3.3282018032871807,5,HYD1000,1000,845.8121611033579,0.0,0.0,5,0.0,0.0
Mass-H1-Ideal,AK,HYD1000,2030-Hhigh,1205.195896351576,4011.1351555516258,0.5668442487516059,76.70187732302661,0.06364266386503806,3.3282018032871807,5,HYD1000,1000,845.8121611033579,0.0,0.0,5,0.0,0.0
Mass-H1-Ideal,AK,HYD1000,2030-Hlow,1205.195896351576,4011.1351555516258,0.5668442487516059,95.84363062135931,0.07952535426937772,3.3282018032871807,5,HYD1000,1000,845.8121611033579,0.0,0.0,5,0.0,0.0
Mass-H1-Ideal,AK,HYD1000,2035-Hhigh,1205.195896351576,4011.1351555516258,0.5668442487516059,63.74586936857797,0.052892537687484975,3.3282018032871807,5,HYD1000,1000,845.8121611033579,0.0,0.0,5,0.0,0.0
Mass-H1-Ideal,AK,HYD1000,2035-Hlow,1205.195896351576,4011.1351555516258,0.5668442487516059,81.26359617947134,0.06742770733411572,3.3282018032871807,5,HYD1000,1000,845.8121611033579,0.0,0.0,5,0.0,0.0
Mass-H1-Ideal,AK,HYD1000,2040-Hhigh,1205.195896351576,4011.1351555516258,0.5668442487516059,64.70831846374863,0.05369112080420834,3.3282018032871807,5,HYD1000,1000,845.8121611033579,0.0,0.0,5,0.0,0.0
Mass-H1-Ideal,AK,HYD1000,2040-Hlow,1205.195896351576,4011.1351555516258,0.5668442487516059,93.3124762215022,0.07742515262786903,3.3282018032871807,5,HYD1000,1000,845.8121611033579,0.0,0.0,5,0.0,0.0
Mass-H1-Ideal,AK,HYD1000,2045-Hhigh,1205.195896351576,4011.1351555516258,0.5668442487516059,60.25057552498106,0.04999235037836948,3.3282018032871807,5,HYD1000,1000,845.8121611033579,0.0,0.0,5,0.0,0.0
Mass-H1-Ideal,AK,HYD1000,2045-Hlow,1205.195896351576,4011.1351555516258,0.5668442487516059,85.961271639423,0.07132555952077906,3.3282018032871807,5,HYD1000,1000,845.8121611033579,0.0,0.0,5,0.0,0.0
Mass-H1-Ideal,AK,HYD200,2024-Hhigh,1097.8573861346918,3486.4166666666665,0.4794017767009894,97.34423257696095,0.08866746610840597,3.1756553362013196,5,HYD200,200,316.83333573398926,1877.035863945541,264.0,8.5,-597.7100087609194,121.0
Mass-H1-Ideal,AK,HYD200,2024-Hlow,1097.8573861346918,3486.4166666666665,0.49273939040765574,134.3325592931471,0.12235884276927968,3.1756553362013196,5,HYD200,200,316.83333573398926,1877.035863945541,264.0,8.5,-597.7100087609194,121.0
Mass-H1-Ideal,AK,HYD200,2025-Hhigh,1097.8573861346918,3486.4166666666665,0.49273939040765574,75.13515131408428,0.06843798863404126,3.1756553362013196,5,HYD200,200,316.83333573398926,1877.035863945541,264.0,8.5,-597.7100087609194,121.0
Mass-H1-Ideal,AK,HYD200,2025-Hlow,1097.8573861346918,3486.4166666666665,0.49273939040765574,97.07170454030641,0.08841922982553681,3.1756553362013196,5,HYD200,200,316.83333573398926,1877.035863945541,264.0,8.5,-597.7100087609194,121.0
Mass-H1-Ideal,AK,HYD200,2030-Hhigh,1097.8573861346918,3486.4166666666665,0.49273939040765574,69.25173452582621,0.06307898949393231,3.1756553362013196,5,HYD200,200,316.83333573398926,1877.035863945541,264.0,8.5,-597.7100087609194,121.0
Mass-H1-Ideal,AK,HYD200,2030-Hlow,1097.8573861346918,3486.4166666666665,0.49273939040765574,88.65297546477734,0.08075090315410134,3.1756553362013196,5,HYD200,200,316.83333573398926,1877.035863945541,264.0,8.5,-597.7100087609194,121.0
Mass-H1-Ideal,AK,HYD200,2035-Hhigh,1097.8573861346918,3486.4166666666665,0.49273939040765574,57.49809888413899,0.052373012752208944,3.1756553362013196,5,HYD200,200,316.83333573398926,1877.035863945541,264.0,8.5,-597.7100087609194,121.0
Mass-H1-Ideal,AK,HYD200,2035-Hlow,1097.8573861346918,3486.4166666666665,0.49273939040765574,74.62274938292539,0.06797125958741805,3.1756553362013196,5,HYD200,200,316.83333573398926,1877.035863945541,264.0,8.5,-597.7100087609194,121.0
Mass-H1-Ideal,AK,HYD200,2040-Hhigh,1097.8573861346918,3486.4166666666665,0.49273939040765574,58.46693786625561,0.05325549438812314,3.1756553362013196,5,HYD200,200,316.83333573398926,1877.035863945541,264.0,8.5,-597.7100087609194,121.0
Mass-H1-Ideal,AK,HYD200,2040-Hlow,1097.8573861346918,3486.4166666666665,0.49273939040765574,85.84104931110248,0.07818961770009988,3.1756553362013196,5,HYD200,200,316.83333573398926,1877.035863945541,264.0,8.5,-597.7100087609194,121.0
Mass-H1-Ideal,AK,HYD200,2045-Hhigh,1097.8573861346918,3486.4166666666665,0.49273939040765574,54.10455774607808,0.049281954495536094,3.1756553362013196,5,HYD200,200,316.83333573398926,1877.035863945541,264.0,8.5,-597.7100087609194,121.0
Mass-H1-Ideal,AK,HYD200,2045-Hlow,1097.8573861346918,3486.4166666666665,0.49273939040765574,78.10999662477516,0.07114767146558339,3.1756553362013196,5,HYD200,200,316.83333573398926,1877.035863945541,264.0,8.5,-597.7100087609194,121.0
Mass-H1-Ideal,AK,HYD500,2024-Hhigh,1114.0492566357589,3714.36462221792,0.4982554338774647,98.35643389527368,0.08828732958567159,3.334111665254978,5,HYD500,500,545.5916776985082,0.0,0.0,5,0.0,0.0
Mass-H1-Ideal,AK,HYD500,2024-Hlow,1114.0492566357589,3714.36462221792,0.510156114065266,133.28698867954716,0.11964191698493783,3.334111665254978,5,HYD500,500,545.5916776985082,0.0,0.0,5,0.0,0.0
Mass-H1-Ideal,AK,HYD500,2025-Hhigh,1114.0492566357589,3714.36462221792,0.510156114065266,76.37534883977975,0.0685565278059791,3.334111665254978,5,HYD500,500,545.5916776985082,0.0,0.0,5,0.0,0.0
Mass-H1-Ideal,AK,HYD500,2025-Hlow,1114.0492566357589,3714.36462221792,0.510156114065266,96.67424447166115,0.08677735198495719,3.334111665254978,5,HYD500,500,545.5916776985082,0.0,0.0,5,0.0,0.0
Mass-H1-Ideal,AK,HYD500,2030-Hhigh,1114.0492566357589,3714.36462221792,0.510156114065266,70.39405708550512,0.06318756254825152,3.334111665254978,5,HYD500,500,545.5916776985082,0.0,0.0,5,0.0,0.0
Mass-H1-Ideal,AK,HYD500,2030-Hlow,1114.0492566357589,3714.36462221792,0.510156114065266,88.43471232172416,0.07938133057848995,3.334111665254978,5,HYD500,500,545.5916776985082,0.0,0.0,5,0.0,0.0
Mass-H1-Ideal,AK,HYD500,2035-Hhigh,1114.0492566357589,3714.36462221792,0.510156114065266,58.478313783672505,0.052491677037932026,3.334111665254978,5,HYD500,500,545.5916776985082,0.0,0.0,5,0.0,0.0
Mass-H1-Ideal,AK,HYD500,2035-Hlow,1114.0492566357589,3714.36462221792,0.510156114065266,74.78770017713629,0.06713141248617907,3.334111665254978,5,HYD500,500,545.5916776985082,0.0,0.0,5,0.0,0.0
Mass-H1-Ideal,AK,HYD500,2040-Hhigh,1114.0492566357589,3714.36462221792,0.510156114065266,59.32938569613415,0.05325562163678373,3.334111665254978,5,HYD500,500,545.5916776985082,0.0,0.0,5,0.0,0.0
Mass-H1-Ideal,AK,HYD500,2040-Hlow,1114.0492566357589,3714.36462221792,0.510156114065266,85.8491120740926,0.07706042759127407,3.334111665254978,5,HYD500,500,545.5916776985082,0.0,0.0,5,0.0,0.0
Mass-H1-Ideal,AK,HYD500,2045-Hhigh,1114.0492566357589,3714.36462221792,0.510156114065266,55.094983810681754,0.04945471080610863,3.334111665254978,5,HYD500,500,545.5916776985082,0.0,0.0,5,0.0,0.0
Mass-H1-Ideal,AK,HYD500,2045-Hlow,1114.0492566357589,3714.36462221792,0.510156114065266,78.74876224441009,0.07068696628569017,3.334111665254978,5,HYD500,500,545.5916776985082,0.0,0.0,5,0.0,0.0
Mass-H1-Ideal,CH,HYD1000,2024-Hhigh,1617.2365700087062,4561.500325556299,1.0040955396312299,160.65168833651273,0.09933716026199425,2.8205522989946625,3,HYD1000,1000,974.1031087309327,0.0,0.0,5,0.0,0.0
Mass-H1-Ideal,CH,HYD1000,2024-Hlow,1617.2365700087062,4561.500325556299,1.0094985827839158,234.67303783378355,0.145107427191385,2.8205522989946625,3,HYD1000,1000,974.1031087309327,0.0,0.0,5,0.0,0.0
Mass-H1-Ideal,CH,HYD1000,2025-Hhigh,1617.2365700087062,4561.500325556299,1.0094985827839158,129.24854816659456,0.07991938258352566,2.8205522989946625,3,HYD1000,1000,974.1031087309327,0.0,0.0,5,0.0,0.0
Mass-H1-Ideal,CH,HYD1000,2025-Hlow,1617.2365700087062,4561.500325556299,1.0094985827839158,168.48942854574636,0.10418353855604398,2.8205522989946625,3,HYD1000,1000,974.1031087309327,0.0,0.0,5,0.0,0.0
Mass-H1-Ideal,CH,HYD1000,2030-Hhigh,1617.2365700087062,4561.500325556299,1.0094985827839158,120.38429601102906,0.07443827220057297,2.8205522989946625,3,HYD1000,1000,974.1031087309327,0.0,0.0,5,0.0,0.0
Mass-H1-Ideal,CH,HYD1000,2030-Hlow,1617.2365700087062,4561.500325556299,1.0094985827839158,154.96053535340548,0.09581809997814436,2.8205522989946625,3,HYD1000,1000,974.1031087309327,0.0,0.0,5,0.0,0.0
Mass-H1-Ideal,CH,HYD1000,2035-Hhigh,1617.2365700087062,4561.500325556299,1.0094985827839158,101.22382054989332,0.06259060821840579,2.8205522989946625,3,HYD1000,1000,974.1031087309327,0.0,0.0,5,0.0,0.0
Mass-H1-Ideal,CH,HYD1000,2035-Hlow,1617.2365700087062,4561.500325556299,1.0094985827839158,134.69436718797638,0.08328674337808925,2.8205522989946625,3,HYD1000,1000,974.1031087309327,0.0,0.0,5,0.0,0.0
Mass-H1-Ideal,CH,HYD1000,2040-Hhigh,1617.2365700087062,4561.500325556299,1.0094985827839158,103.66555807173813,0.06410042908637668,2.8205522989946625,3,HYD1000,1000,974.1031087309327,0.0,0.0,5,0.0,0.0
Mass-H1-Ideal,CH,HYD1000,2040-Hlow,1617.2365700087062,4561.500325556299,1.0094985827839158,155.81516020637545,0.0963465476207582,2.8205522989946625,3,HYD1000,1000,974.1031087309327,0.0,0.0,5,0.0,0.0
Mass-H1-Ideal,CH,HYD1000,2045-Hhigh,1617.2365700087062,4561.500325556299,1.0094985827839158,97.78825835708915,0.06046626706973533,2.8205522989946625,3,HYD1000,1000,974.1031087309327,0.0,0.0,5,0.0,0.0
Mass-H1-Ideal,CH,HYD1000,2045-Hlow,1617.2365700087062,4561.500325556299,1.0094985827839158,145.53085322640996,0.08998736234713423,2.8205522989946625,3,HYD1000,1000,974.1031087309327,0.0,0.0,5,0.0,0.0
Mass-H1-Ideal,CH,HYD200,2024-Hhigh,1360.5167985966402,3957.1882666666666,0.8224082653294629,138.06133373153096,0.10147712536437616,2.9085919929459654,3,HYD200,200,364.78329361299205,218.40922026309576,65.0,11.2,-447.7885426567067,101.0
Mass-H1-Ideal,CH,HYD200,2024-Hlow,1360.5167985966402,3957.1882666666666,0.8239087132363403,206.41312450999237,0.15171670406635587,2.9085919929459654,3,HYD200,200,364.78329361299205,218.40922026309576,65.0,11.2,-447.7885426567067,101.0
Mass-H1-Ideal,CH,HYD200,2025-Hhigh,1360.5167985966402,3957.1882666666666,0.8239087132363403,111.07987629577259,0.081645354478791,2.9085919929459654,3,HYD200,200,364.78329361299205,218.40922026309576,65.0,11.2,-447.7885426567067,101.0
Mass-H1-Ideal,CH,HYD200,2025-Hlow,1360.5167985966402,3957.1882666666666,0.8239087132363403,146.76685723883608,0.10787581409522078,2.9085919929459654,3,HYD200,200,364.78329361299205,218.40922026309576,65.0,11.2,-447.7885426567067,101.0
Mass-H1-Ideal,CH,HYD200,2030-Hhigh,1360.5167985966402,3957.1882666666666,0.8239087132363403,103.19467583369828,0.07584961533745307,2.9085919929459654,3,HYD200,200,364.78329361299205,218.40922026309576,65.0,11.2,-447.7885426567067,101.0
Mass-H1-Ideal,CH,HYD200,2030-Hlow,1360.5167985966402,3957.1882666666666,0.8239087132363403,134.7735169095906,0.09906053129855373,2.9085919929459654,3,HYD200,200,364.78329361299205,218.40922026309576,65.0,11.2,-447.7885426567067,101.0
Mass-H1-Ideal,CH,HYD200,2035-Hhigh,1360.5167985966402,3957.1882666666666,0.8239087132363403,86.55526983383186,0.06361940545174655,2.9085919929459654,3,HYD200,200,364.78329361299205,218.40922026309576,65.0,11.2,-447.7885426567067,101.0
Mass-H1-Ideal,CH,HYD200,2035-Hlow,1360.5167985966402,3957.1882666666666,0.8239087132363403,116.78615425930651,0.08583955330780942,2.9085919929459654,3,HYD200,200,364.78329361299205,218.40922026309576,65.0,11.2,-447.7885426567067,101.0
Mass-H1-Ideal,CH,HYD200,2040-Hhigh,1360.5167985966402,3957.1882666666666,0.8239087132363403,88.7513665623904,0.06523356907752743,2.9085919929459654,3,HYD200,200,364.78329361299205,218.40922026309576,65.0,11.2,-447.7885426567067,101.0
Mass-H1-Ideal,CH,HYD200,2040-Hlow,1360.5167985966402,3957.1882666666666,0.8239087132363403,135.94671711039643,0.09992285082449856,2.9085919929459654,3,HYD200,200,364.78329361299205,218.40922026309576,65.0,11.2,-447.7885426567067,101.0
Mass-H1-Ideal,CH,HYD200,2045-Hhigh,1360.5167985966402,3957.1882666666666,0.8239087132363403,83.38991548040092,0.06129282311428774,2.9085919929459654,3,HYD200,200,364.78329361299205,218.40922026309576,65.0,11.2,-447.7885426567067,101.0
Mass-H1-Ideal,CH,HYD200,2045-Hlow,1360.5167985966402,3957.1882666666666,0.8239087132363403,126.4157818424448,0.0929174722229387,2.9085919929459654,3,HYD200,200,364.78329361299205,218.40922026309576,65.0,11.2,-447.7885426567067,101.0
Mass-H1-Ideal,CH,HYD500,2024-Hhigh,1448.5170688483859,4220.4,0.8860273908318688,143.03713324463132,0.09874728874154731,2.91360046130167,3,HYD500,500,629.9121467584868,0.0,0.0,6,0.0,0.0
Mass-H1-Ideal,CH,HYD500,2024-Hlow,1448.5170688483859,4220.4,0.8870462927966823,209.28704683746437,0.1444836594185623,2.91360046130167,3,HYD500,500,629.9121467584868,0.0,0.0,6,0.0,0.0
Mass-H1-Ideal,CH,HYD500,2025-Hhigh,1448.5170688483859,4220.4,0.8870462927966823,114.68345083587708,0.0791730061745519,2.91360046130167,3,HYD500,500,629.9121467584868,0.0,0.0,6,0.0,0.0
Mass-H1-Ideal,CH,HYD500,2025-Hlow,1448.5170688483859,4220.4,0.8870462927966823,150.11155879998742,0.10363119774579568,2.91360046130167,3,HYD500,500,629.9121467584868,0.0,0.0,6,0.0,0.0
Mass-H1-Ideal,CH,HYD500,2030-Hhigh,1448.5170688483859,4220.4,0.8870462927966823,106.74823713578346,0.07369484242298331,2.91360046130167,3,HYD500,500,629.9121467584868,0.0,0.0,6,0.0,0.0
Mass-H1-Ideal,CH,HYD500,2030-Hlow,1448.5170688483859,4220.4,0.8870462927966823,138.0077158700479,0.09527517406458187,2.91360046130167,3,HYD500,500,629.9121467584868,0.0,0.0,6,0.0,0.0
Mass-H1-Ideal,CH,HYD500,2035-Hhigh,1448.5170688483859,4220.4,0.8870462927966823,89.59423093669676,0.06185238190387832,2.91360046130167,3,HYD500,500,629.9121467584868,0.0,0.0,6,0.0,0.0
Mass-H1-Ideal,CH,HYD500,2035-Hlow,1448.5170688483859,4220.4,0.8870462927966823,119.45957943232088,0.08247026010352422,2.91360046130167,3,HYD500,500,629.9121467584868,0.0,0.0,6,0.0,0.0
Mass-H1-Ideal,CH,HYD500,2040-Hhigh,1448.5170688483859,4220.4,0.8870462927966823,91.68049228568727,0.06329265581839225,2.91360046130167,3,HYD500,500,629.9121467584868,0.0,0.0,6,0.0,0.0
Mass-H1-Ideal,CH,HYD500,2040-Hlow,1448.5170688483859,4220.4,0.8870462927966823,137.81160137389702,0.09513978422322723,2.91360046130167,3,HYD500,500,629.9121467584868,0.0,0.0,6,0.0,0.0
Mass-H1-Ideal,CH,HYD500,2045-Hhigh,1448.5170688483859,4220.4,0.8870462927966823,86.25131509649277,0.059544562471096824,2.91360046130167,3,HYD500,500,629.9121467584868,0.0,0.0,6,0.0,0.0
Mass-H1-Ideal,CH,HYD500,2045-Hlow,1448.5170688483859,4220.4,0.8870462927966823,128.20858137183382,0.08851023169078943,2.91360046130167,3,HYD500,500,629.9121467584868,0.0,0.0,6,0.0,0.0
Mass-H1-Ideal,CH,HYD1000,2024-Hhigh,1767.1927497242839,5033.442435278716,0.9826759806822273,174.94415640397435,0.09899551502306073,2.84827019353946,4,HYD1000,1000,966.6977832369798,0.0,0.0,5,0.0,0.0
Mass-H1-Ideal,CH,HYD1000,2024-Hlow,1767.1927497242839,5033.442435278716,0.9890772698206612,249.7784409779825,0.1413419339893471,2.84827019353946,4,HYD1000,1000,966.6977832369798,0.0,0.0,5,0.0,0.0
Mass-H1-Ideal,CH,HYD1000,2025-Hhigh,1767.1927497242839,5033.442435278716,0.9890772698206612,139.57331940924416,0.07898024673936688,2.84827019353946,4,HYD1000,1000,966.6977832369798,0.0,0.0,5,0.0,0.0
Mass-H1-Ideal,CH,HYD1000,2025-Hlow,1767.1927497242839,5033.442435278716,0.9890772698206612,179.90889174827197,0.10180490598795248,2.84827019353946,4,HYD1000,1000,966.6977832369798,0.0,0.0,5,0.0,0.0
Mass-H1-Ideal,CH,HYD1000,2030-Hhigh,1767.1927497242839,5033.442435278716,0.9890772698206612,129.4409478644326,0.07324664945837282,2.84827019353946,4,HYD1000,1000,966.6977832369798,0.0,0.0,5,0.0,0.0
Mass-H1-Ideal,CH,HYD1000,2030-Hlow,1767.1927497242839,5033.442435278716,0.9890772698206612,165.57395145945668,0.09369320436907033,2.84827019353946,4,HYD1000,1000,966.6977832369798,0.0,0.0,5,0.0,0.0
Mass-H1-Ideal,CH,HYD1000,2035-Hhigh,1767.1927497242839,5033.442435278716,0.9890772698206612,107.98991988559787,0.061108172779933814,2.84827019353946,4,HYD1000,1000,966.6977832369798,0.0,0.0,5,0.0,0.0
Mass-H1-Ideal,CH,HYD1000,2035-Hlow,1767.1927497242839,5033.442435278716,0.9890772698206612,142.80115342977456,0.08080677869013117,2.84827019353946,4,HYD1000,1000,966.6977832369798,0.0,0.0,5,0.0,0.0
Mass-H1-Ideal,CH,HYD1000,2040-Hhigh,1767.1927497242839,5033.442435278716,0.9890772698206612,110.72155916260304,0.06265392339340331,2.84827019353946,4,HYD1000,1000,966.6977832369798,0.0,0.0,5,0.0,0.0
Mass-H1-Ideal,CH,HYD1000,2040-Hlow,1767.1927497242839,5033.442435278716,0.9890772698206612,164.8318721647483,0.09327328453020489,2.84827019353946,4,HYD1000,1000,966.6977832369798,0.0,0.0,5,0.0,0.0
Mass-H1-Ideal,CH,HYD1000,2045-Hhigh,1767.1927497242839,5033.442435278716,0.9890772698206612,103.87837424793484,0.058781575617114695,2.84827019353946,4,HYD1000,1000,966.6977832369798,0.0,0.0,5,0.0,0.0
Mass-H1-Ideal,CH,HYD1000,2045-Hlow,1767.1927497242839,5033.442435278716,0.9890772698206612,153.1153580096362,0.08664326969060118,2.84827019353946,4,HYD1000,1000,966.6977832369798,0.0,0.0,5,0.0,0.0
Mass-H1-Ideal,CH,HYD200,2024-Hhigh,1494.5774338692925,4434.5396,0.8001919140110381,151.01271022398728,0.10104040567040572,2.9670858795984074,4,HYD200,200,363.1925187873685,625.351350672807,106.0,11.2,-375.0605195768318,110.0
Mass-H1-Ideal,CH,HYD200,2024-Hlow,1494.5774338692925,4434.5396,0.8036656242138535,220.10645961866257,0.14727002738749492,2.9670858795984074,4,HYD200,200,363.1925187873685,625.351350672807,106.0,11.2,-375.0605195768318,110.0
Mass-H1-Ideal,CH,HYD200,2025-Hhigh,1494.5774338692925,4434.5396,0.8036656242138535,120.12332354898503,0.08037276679469145,2.9670858795984074,4,HYD200,200,363.1925187873685,625.351350672807,106.0,11.2,-375.0605195768318,110.0
Mass-H1-Ideal,CH,HYD200,2025-Hlow,1494.5774338692925,4434.5396,0.8036656242138535,157.16616270919047,0.10515759113417429,2.9670858795984074,4,HYD200,200,363.1925187873685,625.351350672807,106.0,11.2,-375.0605195768318,110.0
Mass-H1-Ideal,CH,HYD200,2030-Hhigh,1494.5774338692925,4434.5396,0.8036656242138535,110.95553417094226,0.07423873240457732,2.9670858795984074,4,HYD200,200,363.1925187873685,625.351350672807,106.0,11.2,-375.0605195768318,110.0
Mass-H1-Ideal,CH,HYD200,2030-Hlow,1494.5774338692925,4434.5396,0.8036656242138535,143.83845892829936,0.09624021858534142,2.9670858795984074,4,HYD200,200,363.1925187873685,625.351350672807,106.0,11.2,-375.0605195768318,110.0
Mass-H1-Ideal,CH,HYD200,2035-Hhigh,1494.5774338692925,4434.5396,0.8036656242138535,92.34813425707202,0.061788792045383095,2.9670858795984074,4,HYD200,200,363.1925187873685,625.351350672807,106.0,11.2,-375.0605195768318,110.0
Mass-H1-Ideal,CH,HYD200,2035-Hlow,1494.5774338692925,4434.5396,0.8036656242138535,123.56309340832098,0.08267426672462869,2.9670858795984074,4,HYD200,200,363.1925187873685,625.351350672807,106.0,11.2,-375.0605195768318,110.0
Mass-H1-Ideal,CH,HYD200,2040-Hhigh,1494.5774338692925,4434.5396,0.8036656242138535,94.56954574383758,0.0632751061274943,2.9670858795984074,4,HYD200,200,363.1925187873685,625.351350672807,106.0,11.2,-375.0605195768318,110.0
Mass-H1-Ideal,CH,HYD200,2040-Hlow,1494.5774338692925,4434.5396,0.8036656242138535,143.68990166102188,0.09614082108079534,2.9670858795984074,4,HYD200,200,363.1925187873685,625.351350672807,106.0,11.2,-375.0605195768318,110.0
Mass-H1-Ideal,CH,HYD200,2045-Hhigh,1494.5774338692925,4434.5396,0.8036656242138535,88.34764590717721,0.05911212353745708,2.9670858795984074,4,HYD200,200,363.1925187873685,625.351350672807,106.0,11.2,-375.0605195768318,110.0
Mass-H1-Ideal,CH,HYD200,2045-Hlow,1494.5774338692925,4434.5396,0.8036656242138535,132.64763947251447,0.08875260422546638,2.9670858795984074,4,HYD200,200,363.1925187873685,625.351350672807,106.0,11.2,-375.0605195768318,110.0
Mass-H1-Ideal,CH,HYD500,2024-Hhigh,1596.211127699795,4695.6,0.8775622418352877,157.008961910119,0.09836353047881284,2.941716116693504,4,HYD500,500,625.7135285713999,0.0,0.0,6,0.0,0.0
Mass-H1-Ideal,CH,HYD500,2024-Hlow,1596.211127699795,4695.6,0.88095247399336,223.87955883127898,0.140256858849179,2.941716116693504,4,HYD500,500,625.7135285713999,0.0,0.0,6,0.0,0.0
Mass-H1-Ideal,CH,HYD500,2025-Hhigh,1596.211127699795,4695.6,0.88095247399336,124.51124348924584,0.07800424475719048,2.941716116693504,4,HYD500,500,625.7135285713999,0.0,0.0,6,0.0,0.0
Mass-H1-Ideal,CH,HYD500,2025-Hlow,1596.211127699795,4695.6,0.88095247399336,161.08857795354336,0.10091934278498518,2.941716116693504,4,HYD500,500,625.7135285713999,0.0,0.0,6,0.0,0.0
Mass-H1-Ideal,CH,HYD500,2030-Hhigh,1596.211127699795,4695.6,0.88095247399336,115.27577784337272,0.07221837753348442,2.941716116693504,4,HYD500,500,625.7135285713999,0.0,0.0,6,0.0,0.0
Mass-H1-Ideal,CH,HYD500,2030-Hlow,1596.211127699795,4695.6,0.88095247399336,147.90229517656445,0.09265835365381625,2.941716116693504,4,HYD500,500,625.7135285713999,0.0,0.0,6,0.0,0.0
Mass-H1-Ideal,CH,HYD500,2035-Hhigh,1596.211127699795,4695.6,0.88095247399336,95.89854176681636,0.060078858054955456,2.941716116693504,4,HYD500,500,625.7135285713999,0.0,0.0,6,0.0,0.0
Mass-H1-Ideal,CH,HYD500,2035-Hlow,1596.211127699795,4695.6,0.88095247399336,126.7680681912741,0.07941810828868986,2.941716116693504,4,HYD500,500,625.7135285713999,0.0,0.0,6,0.0,0.0
Mass-H1-Ideal,CH,HYD500,2040-Hhigh,1596.211127699795,4695.6,0.88095247399336,98.10259308248769,0.06145965992848171,2.941716116693504,4,HYD500,500,625.7135285713999,0.0,0.0,6,0.0,0.0
Mass-H1-Ideal,CH,HYD500,2040-Hlow,1596.211127699795,4695.6,0.88095247399336,145.99243502400984,0.09146185770198886,2.941716116693504,4,HYD500,500,625.7135285713999,0.0,0.0,6,0.0,0.0
Mass-H1-Ideal,CH,HYD500,2045-Hhigh,1596.211127699795,4695.6,0.88095247399336,91.73754163725161,0.05747205995828956,2.941716116693504,4,HYD500,500,625.7135285713999,0.0,0.0,6,0.0,0.0
Mass-H1-Ideal,CH,HYD500,2045-Hlow,1596.211127699795,4695.6,0.88095247399336,134.75820282225385,0.08442379612805098,2.941716116693504,4,HYD500,500,625.7135285713999,0.0,0.0,6,0.0,0.0
Mass-H1-Ideal,CH,HYD1000,2024-Hhigh,1917.284448064167,5506.922866666166,1.081421887416713,188.64761242131652,0.0983931271188212,2.872251361672685,5,HYD1000,1000,961.9934129506041,0.0,0.0,5,0.0,0.0
Mass-H1-Ideal,CH,HYD1000,2024-Hlow,1917.284448064167,5506.922866666166,1.1026588988511234,266.24681850373133,0.13886662397567243,2.872251361672685,5,HYD1000,1000,961.9934129506041,0.0,0.0,5,0.0,0.0
Mass-H1-Ideal,CH,HYD1000,2025-Hhigh,1917.284448064167,5506.922866666166,1.1026588988511234,150.10965842040832,0.07829284724651588,2.872251361672685,5,HYD1000,1000,961.9934129506041,0.0,0.0,5,0.0,0.0
Mass-H1-Ideal,CH,HYD1000,2025-Hlow,1917.284448064167,5506.922866666166,1.1026588988511234,192.00201666474794,0.10014268715245016,2.872251361672685,5,HYD1000,1000,961.9934129506041,0.0,0.0,5,0.0,0.0
Mass-H1-Ideal,CH,HYD1000,2030-Hhigh,1917.284448064167,5506.922866666166,1.1026588988511234,138.7754668255282,0.07238126140628025,2.872251361672685,5,HYD1000,1000,961.9934129506041,0.0,0.0,5,0.0,0.0
Mass-H1-Ideal,CH,HYD1000,2030-Hlow,1917.284448064167,5506.922866666166,1.1026588988511234,176.50921482455516,0.09206209073607831,2.872251361672685,5,HYD1000,1000,961.9934129506041,0.0,0.0,5,0.0,0.0
Mass-H1-Ideal,CH,HYD1000,2035-Hhigh,1917.284448064167,5506.922866666166,1.1026588988511234,115.76773024723897,0.06038109283373507,2.872251361672685,5,HYD1000,1000,961.9934129506041,0.0,0.0,5,0.0,0.0
Mass-H1-Ideal,CH,HYD1000,2035-Hlow,1917.284448064167,5506.922866666166,1.1026588988511234,151.9007150755142,0.07922701048813308,2.872251361672685,5,HYD1000,1000,961.9934129506041,0.0,0.0,5,0.0,0.0
Mass-H1-Ideal,CH,HYD1000,2040-Hhigh,1917.284448064167,5506.922866666166,1.1026588988511234,118.59923727651241,0.06185792483544057,2.872251361672685,5,HYD1000,1000,961.9934129506041,0.0,0.0,5,0.0,0.0
Mass-H1-Ideal,CH,HYD1000,2040-Hlow,1917.284448064167,5506.922866666166,1.1026588988511234,174.99567162186088,0.09127267046814547,2.872251361672685,5,HYD1000,1000,961.9934129506041,0.0,0.0,5,0.0,0.0
Mass-H1-Ideal,CH,HYD1000,2045-Hhigh,1917.284448064167,5506.922866666166,1.1026588988511234,111.15540795775317,0.057975439205165374,2.872251361672685,5,HYD1000,1000,961.9934129506041,0.0,0.0,5,0.0,0.0
Mass-H1-Ideal,CH,HYD1000,2045-Hlow,1917.284448064167,5506.922866666166,1.1026588988511234,162.02569583203183,0.0845079070012929,2.872251361672685,5,HYD1000,1000,961.9934129506041,0.0,0.0,5,0.0,0.0
Mass-H1-Ideal,CH,HYD200,2024-Hhigh,1634.9273540150357,4913.038799999999,0.8520154094083227,163.55188089734514,0.10003617622256814,3.0050502170231694,5,HYD200,200,362.2269961546847,673.9339137267946,129.0,11.2,-783.1027702615744,194.0
Mass-H1-Ideal,CH,HYD200,2024-Hlow,1634.9273540150357,4913.038799999999,0.8721846478991944,235.9386918458993,0.14431142231884725,3.0050502170231694,5,HYD200,200,362.2269961546847,673.9339137267946,129.0,11.2,-783.1027702615744,194.0
Mass-H1-Ideal,CH,HYD200,2025-Hhigh,1634.9273540150357,4913.038799999999,0.8721846478991944,129.74829007234484,0.07936027845745591,3.0050502170231694,5,HYD200,200,362.2269961546847,673.9339137267946,129.0,11.2,-783.1027702615744,194.0
Mass-H1-Ideal,CH,HYD200,2025-Hlow,1634.9273540150357,4913.038799999999,0.8721846478991944,168.36021842790103,0.10297718612049885,3.0050502170231694,5,HYD200,200,362.2269961546847,673.9339137267946,129.0,11.2,-783.1027702615744,194.0
Mass-H1-Ideal,CH,HYD200,2030-Hhigh,1634.9273540150357,4913.038799999999,0.8721846478991944,119.23711353863494,0.07293113865017538,3.0050502170231694,5,HYD200,200,362.2269961546847,673.9339137267946,129.0,11.2,-783.1027702615744,194.0
Mass-H1-Ideal,CH,HYD200,2030-Hlow,1634.9273540150357,4913.038799999999,0.8721846478991944,154.01932330120806,0.09420560670354508,3.0050502170231694,5,HYD200,200,362.2269961546847,673.9339137267946,129.0,11.2,-783.1027702615744,194.0
Mass-H1-Ideal,CH,HYD200,2035-Hhigh,1634.9273540150357,4913.038799999999,0.8721846478991944,99.03370748828381,0.060573766317554095,3.0050502170231694,5,HYD200,200,362.2269961546847,673.9339137267946,129.0,11.2,-783.1027702615744,194.0
Mass-H1-Ideal,CH,HYD200,2035-Hlow,1634.9273540150357,4913.038799999999,0.8721846478991944,131.6863873654532,0.08054571173579014,3.0050502170231694,5,HYD200,200,362.2269961546847,673.9339137267946,129.0,11.2,-783.1027702615744,194.0
Mass-H1-Ideal,CH,HYD200,2040-Hhigh,1634.9273540150357,4913.038799999999,0.8721846478991944,101.5855350680976,0.062134586480937525,3.0050502170231694,5,HYD200,200,362.2269961546847,673.9339137267946,129.0,11.2,-783.1027702615744,194.0
Mass-H1-Ideal,CH,HYD200,2040-Hlow,1634.9273540150357,4913.038799999999,0.8721846478991944,153.1053747980059,0.09364659195530094,3.0050502170231694,5,HYD200,200,362.2269961546847,673.9339137267946,129.0,11.2,-783.1027702615744,194.0
Mass-H1-Ideal,CH,HYD200,2045-Hhigh,1634.9273540150357,4913.038799999999,0.8721846478991944,94.64914597730792,0.057891958162464924,3.0050502170231694,5,HYD200,200,362.2269961546847,673.9339137267946,129.0,11.2,-783.1027702615744,194.0
Mass-H1-Ideal,CH,HYD200,2045-Hlow,1634.9273540150357,4913.038799999999,0.8721846478991944,140.7092271462026,0.08606451338687955,3.0050502170231694,5,HYD200,200,362.2269961546847,673.9339137267946,129.0,11.2,-783.1027702615744,194.0
Mass-H1-Ideal,CH,HYD500,2024-Hhigh,1749.3599444098772,5171.8,0.9427882586164135,170.59979204670958,0.09752126347231478,2.956395575722775,5,HYD500,500,623.3202958199718,0.0,0.0,6,0.0,0.0
Mass-H1-Ideal,CH,HYD500,2024-Hlow,1749.3599444098772,5171.8,0.9669645854077604,240.48283682093947,0.1374690426572349,2.956395575722775,5,HYD500,500,623.3202958199718,0.0,0.0,6,0.0,0.0
Mass-H1-Ideal,CH,HYD500,2025-Hhigh,1749.3599444098772,5171.8,0.9669645854077604,134.91400616382566,0.0771219248473973,2.956395575722775,5,HYD500,500,623.3202958199718,0.0,0.0,6,0.0,0.0
Mass-H1-Ideal,CH,HYD500,2025-Hlow,1749.3599444098772,5171.8,0.9669645854077604,173.12016031670237,0.0989620008563201,2.956395575722775,5,HYD500,500,623.3202958199718,0.0,0.0,6,0.0,0.0
Mass-H1-Ideal,CH,HYD500,2030-Hhigh,1749.3599444098772,5171.8,0.9669645854077604,124.40361558473417,0.0711137899220049,2.956395575722775,5,HYD500,500,623.3202958199718,0.0,0.0,6,0.0,0.0
Mass-H1-Ideal,CH,HYD500,2030-Hlow,1749.3599444098772,5171.8,0.9669645854077604,158.82537522424818,0.09079056356113478,2.956395575722775,5,HYD500,500,623.3202958199718,0.0,0.0,6,0.0,0.0
Mass-H1-Ideal,CH,HYD500,2035-Hhigh,1749.3599444098772,5171.8,0.9669645854077604,103.352068428624,0.05907993306859922,2.956395575722775,5,HYD500,500,623.3202958199718,0.0,0.0,6,0.0,0.0
Mass-H1-Ideal,CH,HYD500,2035-Hlow,1749.3599444098772,5171.8,0.9669645854077604,135.6343445976166,0.07753369741375381,2.956395575722775,5,HYD500,500,623.3202958199718,0.0,0.0,6,0.0,0.0
Mass-H1-Ideal,CH,HYD500,2040-Hhigh,1749.3599444098772,5171.8,0.9669645854077604,105.80844001009442,0.060484087536248836,2.956395575722775,5,HYD500,500,623.3202958199718,0.0,0.0,6,0.0,0.0
Mass-H1-Ideal,CH,HYD500,2040-Hlow,1749.3599444098772,5171.8,0.9669645854077604,155.9064787238907,0.08912201243780257,2.956395575722775,5,HYD500,500,623.3202958199718,0.0,0.0,6,0.0,0.0
Mass-H1-Ideal,CH,HYD500,2045-Hhigh,1749.3599444098772,5171.8,0.9669645854077604,98.6731101461306,0.05640526437194526,2.956395575722775,5,HYD500,500,623.3202958199718,0.0,0.0,6,0.0,0.0
Mass-H1-Ideal,CH,HYD500,2045-Hlow,1749.3599444098772,5171.8,0.9669645854077604,143.43422068432017,0.08199240021624352,2.956395575722775,5,HYD500,500,623.3202958199718,0.0,0.0,6,0.0,0.0
Mass-H1-Real,AK,HYD1000,2024-Hhigh,923.9190574968112,3060.524044442293,0.4936246272454541,80.80607566110565,0.087460124353355,3.3125456387210153,3,HYD1000,1000,861.4321648252535,0.0,0.0,5,0.0,0.0
Mass-H1-Real,AK,HYD1000,2024-Hlow,923.9190574968112,3060.524044442293,0.49084348687274576,114.76152891648576,0.1242116698268039,3.3125456387210153,3,HYD1000,1000,861.4321648252535,0.0,0.0,5,0.0,0.0
Mass-H1-Real,AK,HYD1000,2025-Hhigh,923.9190574968112,3060.524044442293,0.49084348687274576,64.14441863774667,0.0694264482556883,3.3125456387210153,3,HYD1000,1000,861.4321648252535,0.0,0.0,5,0.0,0.0
Mass-H1-Real,AK,HYD1000,2025-Hlow,923.9190574968112,3060.524044442293,0.49084348687274576,82.95837269636165,0.08978965421616272,3.3125456387210153,3,HYD1000,1000,861.4321648252535,0.0,0.0,5,0.0,0.0
Mass-H1-Real,AK,HYD1000,2030-Hhigh,923.9190574968112,3060.524044442293,0.49084348687274576,60.127661091537334,0.065078927210834,3.3125456387210153,3,HYD1000,1000,861.4321648252535,0.0,0.0,5,0.0,0.0
Mass-H1-Real,AK,HYD1000,2030-Hlow,923.9190574968112,3060.524044442293,0.49084348687274576,76.26882101311875,0.08254924540657825,3.3125456387210153,3,HYD1000,1000,861.4321648252535,0.0,0.0,5,0.0,0.0
Mass-H1-Real,AK,HYD1000,2035-Hhigh,923.9190574968112,3060.524044442293,0.49084348687274576,50.81436845083859,0.05499872314411479,3.3125456387210153,3,HYD1000,1000,861.4321648252535,0.0,0.0,5,0.0,0.0
Mass-H1-Real,AK,HYD1000,2035-Hlow,923.9190574968112,3060.524044442293,0.49084348687274576,65.94618477646948,0.07137658244125686,3.3125456387210153,3,HYD1000,1000,861.4321648252535,0.0,0.0,5,0.0,0.0
Mass-H1-Real,AK,HYD1000,2040-Hhigh,923.9190574968112,3060.524044442293,0.49084348687274576,51.292320649474696,0.05551603274473178,3.3125456387210153,3,HYD1000,1000,861.4321648252535,0.0,0.0,5,0.0,0.0
Mass-H1-Real,AK,HYD1000,2040-Hlow,923.9190574968112,3060.524044442293,0.49084348687274576,76.2601689014882,0.0825398808290643,3.3125456387210153,3,HYD1000,1000,861.4321648252535,0.0,0.0,5,0.0,0.0
Mass-H1-Real,AK,HYD1000,2045-Hhigh,923.9190574968112,3060.524044442293,0.49084348687274576,48.262423349425106,0.05223663583710814,3.3125456387210153,3,HYD1000,1000,861.4321648252535,0.0,0.0,5,0.0,0.0
Mass-H1-Real,AK,HYD1000,2045-Hlow,923.9190574968112,3060.524044442293,0.49084348687274576,71.1685952792348,0.07702903701548598,3.3125456387210153,3,HYD1000,1000,861.4321648252535,0.0,0.0,5,0.0,0.0
Mass-H1-Real,AK,HYD200,2024-Hhigh,805.5686841846001,2523.65,0.4292904718185067,71.20127012398466,0.08838634311617373,3.132755840123613,3,HYD200,200,320.0831017930943,654.3796786328927,128.0,8.5,-556.6827523194318,90.0
Mass-H1-Real,AK,HYD200,2024-Hlow,805.5686841846001,2523.65,0.4242089279857074,103.64346423669217,0.12865875532587331,3.132755840123613,3,HYD200,200,320.0831017930943,654.3796786328927,128.0,8.5,-556.6827523194318,90.0
Mass-H1-Real,AK,HYD200,2025-Hhigh,805.5686841846001,2523.65,0.4242089279857074,56.013151305678235,0.0695324339256993,3.132755840123613,3,HYD200,200,320.0831017930943,654.3796786328927,128.0,8.5,-556.6827523194318,90.0
Mass-H1-Real,AK,HYD200,2025-Hlow,805.5686841846001,2523.65,0.4242089279857074,74.41548340488195,0.09237633595477412,3.132755840123613,3,HYD200,200,320.0831017930943,654.3796786328927,128.0,8.5,-556.6827523194318,90.0
Mass-H1-Real,AK,HYD200,2030-Hhigh,805.5686841846001,2523.65,0.4242089279857074,52.81030569241573,0.06555655244452624,3.132755840123613,3,HYD200,200,320.0831017930943,654.3796786328927,128.0,8.5,-556.6827523194318,90.0
Mass-H1-Real,AK,HYD200,2030-Hlow,805.5686841846001,2523.65,0.4242089279857074,68.53414837507933,0.08507548731794344,3.132755840123613,3,HYD200,200,320.0831017930943,654.3796786328927,128.0,8.5,-556.6827523194318,90.0
Mass-H1-Real,AK,HYD200,2035-Hhigh,805.5686841846001,2523.65,0.4242089279857074,44.87221407074264,0.055702530338753775,3.132755840123613,3,HYD200,200,320.0831017930943,654.3796786328927,128.0,8.5,-556.6827523194318,90.0
Mass-H1-Real,AK,HYD200,2035-Hlow,805.5686841846001,2523.65,0.4242089279857074,59.452965053542385,0.07380247795223187,3.132755840123613,3,HYD200,200,320.0831017930943,654.3796786328927,128.0,8.5,-556.6827523194318,90.0
Mass-H1-Real,AK,HYD200,2040-Hhigh,805.5686841846001,2523.65,0.4242089279857074,45.262027300055074,0.056186428530137666,3.132755840123613,3,HYD200,200,320.0831017930943,654.3796786328927,128.0,8.5,-556.6827523194318,90.0
Mass-H1-Real,AK,HYD200,2040-Hlow,805.5686841846001,2523.65,0.4242089279857074,68.74364614819905,0.08533554928066953,3.132755840123613,3,HYD200,200,320.0831017930943,654.3796786328927,128.0,8.5,-556.6827523194318,90.0
Mass-H1-Real,AK,HYD200,2045-Hhigh,805.5686841846001,2523.65,0.4242089279857074,42.54943026622387,0.052819121574087226,3.132755840123613,3,HYD200,200,320.0831017930943,654.3796786328927,128.0,8.5,-556.6827523194318,90.0
Mass-H1-Real,AK,HYD200,2045-Hlow,805.5686841846001,2523.65,0.4242089279857074,63.707019449174105,0.0790832869994923,3.132755840123613,3,HYD200,200,320.0831017930943,654.3796786328927,128.0,8.5,-556.6827523194318,90.0
Mass-H1-Real,AK,HYD500,2024-Hhigh,831.6091186415439,2756.4662333314386,0.453408315749197,73.06427560424916,0.08785891588538813,3.3146176148647832,3,HYD500,500,554.2117650565093,0.0,0.0,5,0.0,0.0
Mass-H1-Real,AK,HYD500,2024-Hlow,831.6091186415439,2756.4662333314386,0.4452392443420059,104.24832917344577,0.12535736662404356,3.3146176148647832,3,HYD500,500,554.2117650565093,0.0,0.0,5,0.0,0.0
Mass-H1-Real,AK,HYD500,2025-Hhigh,831.6091186415439,2756.4662333314386,0.4452392443420059,57.82219528092264,0.06953049694233364,3.3146176148647832,3,HYD500,500,554.2117650565093,0.0,0.0,5,0.0,0.0
Mass-H1-Real,AK,HYD500,2025-Hlow,831.6091186415439,2756.4662333314386,0.4452392443420059,75.15554041568025,0.0903736367615219,3.3146176148647832,3,HYD500,500,554.2117650565093,0.0,0.0,5,0.0,0.0
Mass-H1-Real,AK,HYD500,2030-Hhigh,831.6091186415439,2756.4662333314386,0.4452392443420059,54.35360877513874,0.0653595632331772,3.3146176148647832,3,HYD500,500,554.2117650565093,0.0,0.0,5,0.0,0.0
Mass-H1-Real,AK,HYD500,2030-Hlow,831.6091186415439,2756.4662333314386,0.4452392443420059,69.23328638946757,0.08325219726133117,3.3146176148647832,3,HYD500,500,554.2117650565093,0.0,0.0,5,0.0,0.0
Mass-H1-Real,AK,HYD500,2035-Hhigh,831.6091186415439,2756.4662333314386,0.4452392443420059,46.11881023124316,0.055457316661678135,3.3146176148647832,3,HYD500,500,554.2117650565093,0.0,0.0,5,0.0,0.0
Mass-H1-Real,AK,HYD500,2035-Hlow,831.6091186415439,2756.4662333314386,0.4452392443420059,60.16801988486494,0.07235132291857385,3.3146176148647832,3,HYD500,500,554.2117650565093,0.0,0.0,5,0.0,0.0
Mass-H1-Real,AK,HYD500,2040-Hhigh,831.6091186415439,2756.4662333314386,0.4452392443420059,46.41929003869554,0.05581864002949212,3.3146176148647832,3,HYD500,500,554.2117650565093,0.0,0.0,5,0.0,0.0
Mass-H1-Real,AK,HYD500,2040-Hlow,831.6091186415439,2756.4662333314386,0.4452392443420059,69.58679219683118,0.08367728375862821,3.3146176148647832,3,HYD500,500,554.2117650565093,0.0,0.0,5,0.0,0.0
Mass-H1-Real,AK,HYD500,2045-Hhigh,831.6091186415439,2756.4662333314386,0.4452392443420059,43.72461114938493,0.05257832095541505,3.3146176148647832,3,HYD500,500,554.2117650565093,0.0,0.0,5,0.0,0.0
Mass-H1-Real,AK,HYD500,2045-Hlow,831.6091186415439,2756.4662333314386,0.4452392443420059,64.8817310171569,0.07801950407078624,3.3146176148647832,3,HYD500,500,554.2117650565093,0.0,0.0,5,0.0,0.0
Mass-H1-Real,AK,HYD1000,2024-Hhigh,1061.843401274074,3530.518788886547,0.5228711989142778,93.6461631587014,0.08819206584166571,3.324895916526282,4,HYD1000,1000,852.1081540923494,0.0,0.0,5,0.0,0.0
Mass-H1-Real,AK,HYD1000,2024-Hlow,1061.843401274074,3530.518788886547,0.5219732104085307,128.06055610107333,0.12060211133526592,3.324895916526282,4,HYD1000,1000,852.1081540923494,0.0,0.0,5,0.0,0.0
Mass-H1-Real,AK,HYD1000,2025-Hhigh,1061.843401274074,3530.518788886547,0.5219732104085307,73.09549127089859,0.06883829685544357,3.324895916526282,4,HYD1000,1000,852.1081540923494,0.0,0.0,5,0.0,0.0
Mass-H1-Real,AK,HYD1000,2025-Hlow,1061.843401274074,3530.518788886547,0.5219732104085307,92.65745013497218,0.08726093699296458,3.324895916526282,4,HYD1000,1000,852.1081540923494,0.0,0.0,5,0.0,0.0
Mass-H1-Real,AK,HYD1000,2030-Hhigh,1061.843401274074,3530.518788886547,0.5219732104085307,67.96859460377775,0.06400999857627242,3.324895916526282,4,HYD1000,1000,852.1081540923494,0.0,0.0,5,0.0,0.0
Mass-H1-Real,AK,HYD1000,2030-Hlow,1061.843401274074,3530.518788886547,0.5219732104085307,85.00979344145065,0.08005869164836354,3.324895916526282,4,HYD1000,1000,852.1081540923494,0.0,0.0,5,0.0,0.0
Mass-H1-Real,AK,HYD1000,2035-Hhigh,1061.843401274074,3530.518788886547,0.5219732104085307,56.57587997954558,0.053280813264613106,3.324895916526282,4,HYD1000,1000,852.1081540923494,0.0,0.0,5,0.0,0.0
Mass-H1-Real,AK,HYD1000,2035-Hlow,1061.843401274074,3530.518788886547,0.5219732104085307,72.64307792247443,0.06841223275985157,3.324895916526282,4,HYD1000,1000,852.1081540923494,0.0,0.0,5,0.0,0.0
Mass-H1-Real,AK,HYD1000,2040-Hhigh,1061.843401274074,3530.518788886547,0.5219732104085307,57.112947258005626,0.05378660091448279,3.324895916526282,4,HYD1000,1000,852.1081540923494,0.0,0.0,5,0.0,0.0
Mass-H1-Real,AK,HYD1000,2040-Hlow,1061.843401274074,3530.518788886547,0.5219732104085307,83.52881698916038,0.07866396955420794,3.324895916526282,4,HYD1000,1000,852.1081540923494,0.0,0.0,5,0.0,0.0
Mass-H1-Real,AK,HYD1000,2045-Hhigh,1061.843401274074,3530.518788886547,0.5219732104085307,53.261268732319685,0.05015925010073339,3.324895916526282,4,HYD1000,1000,852.1081540923494,0.0,0.0,5,0.0,0.0
Mass-H1-Real,AK,HYD1000,2045-Hlow,1061.843401274074,3530.518788886547,0.5219732104085307,77.2321225788927,0.07273400436092949,3.324895916526282,4,HYD1000,1000,852.1081540923494,0.0,0.0,5,0.0,0.0
Mass-H1-Real,AK,HYD200,2024-Hhigh,946.9901213709248,3000.075,0.4171239654756905,84.25947549339296,0.08897608706985605,3.1680108718102518,4,HYD200,200,317.88834568185274,1237.9307619610156,184.0,8.5,-468.99950592849274,98.0
Mass-H1-Real,AK,HYD200,2024-Hlow,946.9901213709248,3000.075,0.41373626958715753,117.29346686085933,0.12385922958843291,3.1680108718102518,4,HYD200,200,317.88834568185274,1237.9307619610156,184.0,8.5,-468.99950592849274,98.0
Mass-H1-Real,AK,HYD200,2025-Hhigh,946.9901213709248,3000.075,0.41373626958715753,64.98807748140442,0.06862592968480329,3.1680108718102518,4,HYD200,200,317.88834568185274,1237.9307619610156,184.0,8.5,-468.99950592849274,98.0
Mass-H1-Real,AK,HYD200,2025-Hlow,946.9901213709248,3000.075,0.41373626958715753,84.6168626523628,0.08935347977005915,3.1680108718102518,4,HYD200,200,317.88834568185274,1237.9307619610156,184.0,8.5,-468.99950592849274,98.0
Mass-H1-Real,AK,HYD200,2030-Hhigh,946.9901213709248,3000.075,0.41373626958715753,60.472419557668,0.06385749776367695,3.1680108718102518,4,HYD200,200,317.88834568185274,1237.9307619610156,184.0,8.5,-468.99950592849274,98.0
Mass-H1-Real,AK,HYD200,2030-Hlow,946.9901213709248,3000.075,0.41373626958715753,77.30457182114533,0.08163186719332846,3.1680108718102518,4,HYD200,200,317.88834568185274,1237.9307619610156,184.0,8.5,-468.99950592849274,98.0
Mass-H1-Real,AK,HYD200,2035-Hhigh,946.9901213709248,3000.075,0.41373626958715753,50.41508789555603,0.05323718458918225,3.1680108718102518,4,HYD200,200,317.88834568185274,1237.9307619610156,184.0,8.5,-468.99950592849274,98.0
Mass-H1-Real,AK,HYD200,2035-Hlow,946.9901213709248,3000.075,0.41373626958715753,65.77301062334062,0.06945480120544796,3.1680108718102518,4,HYD200,200,317.88834568185274,1237.9307619610156,184.0,8.5,-468.99950592849274,98.0
Mass-H1-Real,AK,HYD200,2040-Hhigh,946.9901213709248,3000.075,0.41373626958715753,50.816114779216946,0.05366065984474285,3.1680108718102518,4,HYD200,200,317.88834568185274,1237.9307619610156,184.0,8.5,-468.99950592849274,98.0
Mass-H1-Real,AK,HYD200,2040-Hlow,946.9901213709248,3000.075,0.41373626958715753,75.73236114780906,0.0799716485301599,3.1680108718102518,4,HYD200,200,317.88834568185274,1237.9307619610156,184.0,8.5,-468.99950592849274,98.0
Mass-H1-Real,AK,HYD200,2045-Hhigh,946.9901213709248,3000.075,0.41373626958715753,47.22250008025362,0.04986588456898709,3.1680108718102518,4,HYD200,200,317.88834568185274,1237.9307619610156,184.0,8.5,-468.99950592849274,98.0
Mass-H1-Real,AK,HYD200,2045-Hlow,946.9901213709248,3000.075,0.41373626958715753,69.2719676681057,0.07314962015424518,3.1680108718102518,4,HYD200,200,317.88834568185274,1237.9307619610156,184.0,8.5,-468.99950592849274,98.0
Mass-H1-Real,AK,HYD500,2024-Hhigh,970.3300595580679,3230.2286333309726,0.47461696943937026,85.90697951654752,0.088533771236226,3.328999860936148,4,HYD500,500,548.6700004478618,0.0,0.0,5,0.0,0.0
Mass-H1-Real,AK,HYD500,2024-Hlow,970.3300595580679,3230.2286333309726,0.47183582906666194,117.44735190829603,0.12103855873720624,3.328999860936148,4,HYD500,500,548.6700004478618,0.0,0.0,5,0.0,0.0
Mass-H1-Real,AK,HYD500,2025-Hhigh,970.3300595580679,3230.2286333309726,0.47183582906666194,66.64210047689143,0.06867982684906541,3.328999860936148,4,HYD500,500,548.6700004478618,0.0,0.0,5,0.0,0.0
Mass-H1-Real,AK,HYD500,2025-Hlow,970.3300595580679,3230.2286333309726,0.47183582906666194,84.86850285730982,0.08746354090685675,3.328999860936148,4,HYD500,500,548.6700004478618,0.0,0.0,5,0.0,0.0
Mass-H1-Real,AK,HYD500,2030-Hhigh,970.3300595580679,3230.2286333309726,0.47183582906666194,61.9588090957807,0.063853333703791,3.328999860936148,4,HYD500,500,548.6700004478618,0.0,0.0,5,0.0,0.0
Mass-H1-Real,AK,HYD500,2030-Hlow,970.3300595580679,3230.2286333309726,0.47183582906666194,77.7740164900885,0.08015212527323981,3.328999860936148,4,HYD500,500,548.6700004478618,0.0,0.0,5,0.0,0.0
Mass-H1-Real,AK,HYD500,2035-Hhigh,970.3300595580679,3230.2286333309726,0.47183582906666194,51.70087511455196,0.053281741202677854,3.328999860936148,4,HYD500,500,548.6700004478618,0.0,0.0,5,0.0,0.0
Mass-H1-Real,AK,HYD500,2035-Hlow,970.3300595580679,3230.2286333309726,0.47183582906666194,66.5643097735444,0.06859965752669848,3.328999860936148,4,HYD500,500,548.6700004478618,0.0,0.0,5,0.0,0.0
Mass-H1-Real,AK,HYD500,2040-Hhigh,970.3300595580679,3230.2286333309726,0.47183582906666194,52.0363740492777,0.05362749874303328,3.328999860936148,4,HYD500,500,548.6700004478618,0.0,0.0,5,0.0,0.0
Mass-H1-Real,AK,HYD500,2040-Hlow,970.3300595580679,3230.2286333309726,0.47183582906666194,76.57463428616556,0.0789160693641101,3.328999860936148,4,HYD500,500,548.6700004478618,0.0,0.0,5,0.0,0.0
Mass-H1-Real,AK,HYD500,2045-Hhigh,970.3300595580679,3230.2286333309726,0.47183582906666194,48.48129824198832,0.04996371880313477,3.328999860936148,4,HYD500,500,548.6700004478618,0.0,0.0,5,0.0,0.0
Mass-H1-Real,AK,HYD500,2045-Hlow,970.3300595580679,3230.2286333309726,0.47183582906666194,70.55475027071523,0.0727121143735865,3.328999860936148,4,HYD500,500,548.6700004478618,0.0,0.0,5,0.0,0.0
Mass-H1-Real,AK,HYD1000,2024-Hhigh,1201.6654526018049,4002.2054888849734,0.5555869316621257,105.94887968726901,0.08816836621030598,3.3305488480338146,5,HYD1000,1000,845.5635167104813,0.0,0.0,5,0.0,0.0
Mass-H1-Real,AK,HYD1000,2024-Hlow,1201.6654526018049,4002.2054888849734,0.566851147910581,143.10586605794992,0.11908960663560894,3.3305488480338146,5,HYD1000,1000,845.5635167104813,0.0,0.0,5,0.0,0.0
Mass-H1-Real,AK,HYD1000,2025-Hhigh,1201.6654526018049,4002.2054888849734,0.566851147910581,82.73499089492807,0.06885027002797918,3.3305488480338146,5,HYD1000,1000,845.5635167104813,0.0,0.0,5,0.0,0.0
Mass-H1-Real,AK,HYD1000,2025-Hlow,1201.6654526018049,4002.2054888849734,0.566851147910581,103.94094154875873,0.08649740351918195,3.3305488480338146,5,HYD1000,1000,845.5635167104813,0.0,0.0,5,0.0,0.0
Mass-H1-Real,AK,HYD1000,2030-Hhigh,1201.6654526018049,4002.2054888849734,0.566851147910581,76.4290443818424,0.06360259772498315,3.3305488480338146,5,HYD1000,1000,845.5635167104813,0.0,0.0,5,0.0,0.0
Mass-H1-Real,AK,HYD1000,2030-Hlow,1201.6654526018049,4002.2054888849734,0.566851147910581,95.2482243167074,0.07926351224500897,3.3305488480338146,5,HYD1000,1000,845.5635167104813,0.0,0.0,5,0.0,0.0
Mass-H1-Real,AK,HYD1000,2035-Hhigh,1201.6654526018049,4002.2054888849734,0.566851147910581,63.54812362708551,0.05288337406180172,3.3305488480338146,5,HYD1000,1000,845.5635167104813,0.0,0.0,5,0.0,0.0
Mass-H1-Real,AK,HYD1000,2035-Hlow,1201.6654526018049,4002.2054888849734,0.566851147910581,80.94751910688039,0.06736277466545751,3.3305488480338146,5,HYD1000,1000,845.5635167104813,0.0,0.0,5,0.0,0.0
Mass-H1-Real,AK,HYD1000,2040-Hhigh,1201.6654526018049,4002.2054888849734,0.566851147910581,64.35346058179945,0.053553558057663674,3.3305488480338146,5,HYD1000,1000,845.5635167104813,0.0,0.0,5,0.0,0.0
Mass-H1-Real,AK,HYD1000,2040-Hlow,1201.6654526018049,4002.2054888849734,0.566851147910581,92.92056892397304,0.07732648776977369,3.3305488480338146,5,HYD1000,1000,845.5635167104813,0.0,0.0,5,0.0,0.0
Mass-H1-Real,AK,HYD1000,2045-Hhigh,1201.6654526018049,4002.2054888849734,0.566851147910581,59.907573875664895,0.049853787296584975,3.3305488480338146,5,HYD1000,1000,845.5635167104813,0.0,0.0,5,0.0,0.0
Mass-H1-Real,AK,HYD1000,2045-Hlow,1201.6654526018049,4002.2054888849734,0.566851147910581,85.55138082927904,0.07119400881838295,3.3305488480338146,5,HYD1000,1000,845.5635167104813,0.0,0.0,5,0.0,0.0
Mass-H1-Real,AK,HYD200,2024-Hhigh,1094.6720845918549,3477.775,0.4744851704425149,97.14410636075247,0.08874265428717162,3.1770016326822454,5,HYD200,200,316.71454677362755,1827.5951476569803,262.0,8.5,-489.1734003901646,101.0
Mass-H1-Real,AK,HYD200,2024-Hlow,1094.6720845918549,3477.775,0.48782278414918107,133.62083065225343,0.12206471009267908,3.1770016326822454,5,HYD200,200,316.71454677362755,1827.5951476569803,262.0,8.5,-489.1734003901646,101.0
Mass-H1-Real,AK,HYD200,2025-Hhigh,1094.6720845918549,3477.775,0.48782278414918107,74.88661537011443,0.06841008958224752,3.1770016326822454,5,HYD200,200,316.71454677362755,1827.5951476569803,262.0,8.5,-489.1734003901646,101.0
Mass-H1-Real,AK,HYD200,2025-Hlow,1094.6720845918549,3477.775,0.48782278414918107,96.38641737316725,0.08805049359517067,3.1770016326822454,5,HYD200,200,316.71454677362755,1827.5951476569803,262.0,8.5,-489.1734003901646,101.0
Mass-H1-Real,AK,HYD200,2030-Hhigh,1094.6720845918549,3477.775,0.48782278414918107,69.05979835101225,0.06308720147619457,3.1770016326822454,5,HYD200,200,316.71454677362755,1827.5951476569803,262.0,8.5,-489.1734003901646,101.0
Mass-H1-Real,AK,HYD200,2030-Hlow,1094.6720845918549,3477.775,0.48782278414918107,88.13940869861425,0.08051672271470844,3.1770016326822454,5,HYD200,200,316.71454677362755,1827.5951476569803,262.0,8.5,-489.1734003901646,101.0
Mass-H1-Real,AK,HYD200,2035-Hhigh,1094.6720845918549,3477.775,0.48782278414918107,57.42561414388166,0.05245919298772712,3.1770016326822454,5,HYD200,200,316.71454677362755,1827.5951476569803,262.0,8.5,-489.1734003901646,101.0
Mass-H1-Real,AK,HYD200,2035-Hlow,1094.6720845918549,3477.775,0.48782278414918107,74.40133502866247,0.06796677843155449,3.1770016326822454,5,HYD200,200,316.71454677362755,1827.5951476569803,262.0,8.5,-489.1734003901646,101.0
Mass-H1-Real,AK,HYD200,2040-Hhigh,1094.6720845918549,3477.775,0.48782278414918107,58.20484837011856,0.05317103559082724,3.1770016326822454,5,HYD200,200,316.71454677362755,1827.5951476569803,262.0,8.5,-489.1734003901646,101.0
Mass-H1-Real,AK,HYD200,2040-Hlow,1094.6720845918549,3477.775,0.48782278414918107,85.56673450272667,0.07816654476452642,3.1770016326822454,5,HYD200,200,316.71454677362755,1827.5951476569803,262.0,8.5,-489.1734003901646,101.0
Mass-H1-Real,AK,HYD200,2045-Hhigh,1094.6720845918549,3477.775,0.48782278414918107,53.85501815118552,0.04919739793242759,3.1770016326822454,5,HYD200,200,316.71454677362755,1827.5951476569803,262.0,8.5,-489.1734003901646,101.0
Mass-H1-Real,AK,HYD200,2045-Hlow,1094.6720845918549,3477.775,0.48782278414918107,77.85947369724597,0.07112584196963025,3.1770016326822454,5,HYD200,200,316.71454677362755,1827.5951476569803,262.0,8.5,-489.1734003901646,101.0
Mass-H1-Real,AK,HYD500,2024-Hhigh,1110.8822771996981,3705.530799995734,0.4965385151820344,98.15852295291585,0.08836086862448914,3.335664701876964,5,HYD500,500,545.4139470464603,0.0,0.0,5,0.0,0.0
Mass-H1-Real,AK,HYD500,2024-Hlow,1110.8822771996981,3705.530799995734,0.5093371838755829,132.58102929064302,0.11934750604254131,3.335664701876964,5,HYD500,500,545.4139470464603,0.0,0.0,5,0.0,0.0
Mass-H1-Real,AK,HYD500,2025-Hhigh,1110.8822771996981,3705.530799995734,0.5093371838755829,76.12168767732148,0.0685236313871244,3.335664701876964,5,HYD500,500,545.4139470464603,0.0,0.0,5,0.0,0.0
Mass-H1-Real,AK,HYD500,2025-Hlow,1110.8822771996981,3705.530799995734,0.5093371838755829,95.94999702205418,0.08637278584002983,3.335664701876964,5,HYD500,500,545.4139470464603,0.0,0.0,5,0.0,0.0
Mass-H1-Real,AK,HYD500,2030-Hhigh,1110.8822771996981,3705.530799995734,0.5093371838755829,70.20216582022653,0.06319496427397465,3.335664701876964,5,HYD500,500,545.4139470464603,0.0,0.0,5,0.0,0.0
Mass-H1-Real,AK,HYD500,2030-Hlow,1110.8822771996981,3705.530799995734,0.5093371838755829,87.91837602464624,0.07914283793082924,3.335664701876964,5,HYD500,500,545.4139470464603,0.0,0.0,5,0.0,0.0
Mass-H1-Real,AK,HYD500,2035-Hhigh,1110.8822771996981,3705.530799995734,0.5093371838755829,58.407080717173685,0.05257720094734585,3.335664701876964,5,HYD500,500,545.4139470464603,0.0,0.0,5,0.0,0.0
Mass-H1-Real,AK,HYD500,2035-Hlow,1110.8822771996981,3705.530799995734,0.5093371838755829,74.56385118792733,0.06712128973367655,3.335664701876964,5,HYD500,500,545.4139470464603,0.0,0.0,5,0.0,0.0
Mass-H1-Real,AK,HYD500,2040-Hhigh,1110.8822771996981,3705.530799995734,0.5093371838755829,59.08108709558511,0.05318393164441886,3.335664701876964,5,HYD500,500,545.4139470464603,0.0,0.0,5,0.0,0.0
Mass-H1-Real,AK,HYD500,2040-Hlow,1110.8822771996981,3705.530799995734,0.5093371838755829,85.54794715891529,0.07700901248921152,3.335664701876964,5,HYD500,500,545.4139470464603,0.0,0.0,5,0.0,0.0
Mass-H1-Real,AK,HYD500,2045-Hhigh,1110.8822771996981,3705.530799995734,0.5093371838755829,54.87556551413825,0.049398182544119866,3.335664701876964,5,HYD500,500,545.4139470464603,0.0,0.0,5,0.0,0.0
Mass-H1-Real,AK,HYD500,2045-Hlow,1110.8822771996981,3705.530799995734,0.5093371838755829,78.48176783728694,0.07064814107496886,3.335664701876964,5,HYD500,500,545.4139470464603,0.0,0.0,5,0.0,0.0
Mass-H1-Real,CH,HYD1000,2024-Hhigh,1556.219168484302,4439.320631667332,1.1273925598182661,155.80740364155056,0.100119190662136,2.852632020971096,3,HYD1000,1000,972.6253268848831,0.0,0.0,5,0.0,0.0
Mass-H1-Real,CH,HYD1000,2024-Hlow,1556.219168484302,4439.320631667332,1.1318706610804292,222.8913720645386,0.14322620912170506,2.852632020971096,3,HYD1000,1000,972.6253268848831,0.0,0.0,5,0.0,0.0
Mass-H1-Real,CH,HYD1000,2025-Hhigh,1556.219168484302,4439.320631667332,1.1318706610804292,123.75981733770038,0.07952595614037945,2.852632020971096,3,HYD1000,1000,972.6253268848831,0.0,0.0,5,0.0,0.0
Mass-H1-Real,CH,HYD1000,2025-Hlow,1556.219168484302,4439.320631667332,1.1318706610804292,156.84552021810796,0.10078626673829594,2.852632020971096,3,HYD1000,1000,972.6253268848831,0.0,0.0,5,0.0,0.0
Mass-H1-Real,CH,HYD1000,2030-Hhigh,1556.219168484302,4439.320631667332,1.1318706610804292,116.13081719907224,0.07462369025577498,2.852632020971096,3,HYD1000,1000,972.6253268848831,0.0,0.0,5,0.0,0.0
Mass-H1-Real,CH,HYD1000,2030-Hlow,1556.219168484302,4439.320631667332,1.1318706610804292,146.88328584096305,0.09438470416992857,2.852632020971096,3,HYD1000,1000,972.6253268848831,0.0,0.0,5,0.0,0.0
Mass-H1-Real,CH,HYD1000,2035-Hhigh,1556.219168484302,4439.320631667332,1.1318706610804292,99.21795503918105,0.06375577235423437,2.852632020971096,3,HYD1000,1000,972.6253268848831,0.0,0.0,5,0.0,0.0
Mass-H1-Real,CH,HYD1000,2035-Hlow,1556.219168484302,4439.320631667332,1.1318706610804292,131.10014126829685,0.08424272359784861,2.852632020971096,3,HYD1000,1000,972.6253268848831,0.0,0.0,5,0.0,0.0
Mass-H1-Real,CH,HYD1000,2040-Hhigh,1556.219168484302,4439.320631667332,1.1318706610804292,99.55021230591646,0.06396927522932042,2.852632020971096,3,HYD1000,1000,972.6253268848831,0.0,0.0,5,0.0,0.0
Mass-H1-Real,CH,HYD1000,2040-Hlow,1556.219168484302,4439.320631667332,1.1318706610804292,151.85890112202725,0.09758195002181604,2.852632020971096,3,HYD1000,1000,972.6253268848831,0.0,0.0,5,0.0,0.0
Mass-H1-Real,CH,HYD1000,2045-Hhigh,1556.219168484302,4439.320631667332,1.1318706610804292,94.24204894037507,0.06055833962780656,2.852632020971096,3,HYD1000,1000,972.6253268848831,0.0,0.0,5,0.0,0.0
Mass-H1-Real,CH,HYD1000,2045-Hlow,1556.219168484302,4439.320631667332,1.1318706610804292,141.7990048833232,0.09111763160032915,2.852632020971096,3,HYD1000,1000,972.6253268848831,0.0,0.0,5,0.0,0.0
Mass-H1-Real,CH,HYD200,2024-Hhigh,1301.4272403772973,3835.4298,0.9378332050104877,133.0896663120018,0.1022643926474274,2.9470950668652587,3,HYD200,200,363.72626133853527,233.1241826936014,69.0,11.2,-513.900360643361,107.0
Mass-H1-Real,CH,HYD200,2024-Hlow,1301.4272403772973,3835.4298,0.9413069152133032,194.94963621293772,0.14979680013184588,2.9470950668652587,3,HYD200,200,363.72626133853527,233.1241826936014,69.0,11.2,-513.900360643361,107.0
Mass-H1-Real,CH,HYD200,2025-Hhigh,1301.4272403772973,3835.4298,0.9413069152133032,105.74837854142498,0.08125569779127063,2.9470950668652587,3,HYD200,200,363.72626133853527,233.1241826936014,69.0,11.2,-513.900360643361,107.0
Mass-H1-Real,CH,HYD200,2025-Hlow,1301.4272403772973,3835.4298,0.9413069152133032,135.99075147834992,0.10449354928126815,2.9470950668652587,3,HYD200,200,363.72626133853527,233.1241826936014,69.0,11.2,-513.900360643361,107.0
Mass-H1-Real,CH,HYD200,2030-Hhigh,1301.4272403772973,3835.4298,0.9413069152133032,99.12217054148014,0.07616420454880259,2.9470950668652587,3,HYD200,200,363.72626133853527,233.1241826936014,69.0,11.2,-513.900360643361,107.0
Mass-H1-Real,CH,HYD200,2030-Hlow,1301.4272403772973,3835.4298,0.9413069152133032,127.10297639351313,0.09766429689658614,2.9470950668652587,3,HYD200,200,363.72626133853527,233.1241826936014,69.0,11.2,-513.900360643361,107.0
Mass-H1-Real,CH,HYD200,2035-Hhigh,1301.4272403772973,3835.4298,0.9413069152133032,84.56849495044835,0.06498134688338864,2.9470950668652587,3,HYD200,200,363.72626133853527,233.1241826936014,69.0,11.2,-513.900360643361,107.0
Mass-H1-Real,CH,HYD200,2035-Hlow,1301.4272403772973,3835.4298,0.9413069152133032,113.1624998155981,0.0869526134882432,2.9470950668652587,3,HYD200,200,363.72626133853527,233.1241826936014,69.0,11.2,-513.900360643361,107.0
Mass-H1-Real,CH,HYD200,2040-Hhigh,1301.4272403772973,3835.4298,0.9413069152133032,84.95895980006182,0.06528137506590943,2.9470950668652587,3,HYD200,200,363.72626133853527,233.1241826936014,69.0,11.2,-513.900360643361,107.0
Mass-H1-Real,CH,HYD200,2040-Hlow,1301.4272403772973,3835.4298,0.9413069152133032,131.96707411780073,0.10140180720325334,2.9470950668652587,3,HYD200,200,363.72626133853527,233.1241826936014,69.0,11.2,-513.900360643361,107.0
Mass-H1-Real,CH,HYD200,2045-Hhigh,1301.4272403772973,3835.4298,0.9413069152133032,80.17165862370146,0.0616028742417124,2.9470950668652587,3,HYD200,200,363.72626133853527,233.1241826936014,69.0,11.2,-513.900360643361,107.0
Mass-H1-Real,CH,HYD200,2045-Hlow,1301.4272403772973,3835.4298,0.9413069152133032,122.71464457906394,0.09429235901308451,2.9470950668652587,3,HYD200,200,363.72626133853527,233.1241826936014,69.0,11.2,-513.900360643361,107.0
Mass-H1-Real,CH,HYD500,2024-Hhigh,1398.2993593785727,4098.599999999999,0.9998406054862555,138.98946196439712,0.09939893130335577,2.931132001534696,3,HYD500,500,628.7423686760627,0.0,0.0,6,0.0,0.0
Mass-H1-Real,CH,HYD500,2024-Hlow,1398.2993593785727,4098.599999999999,1.002034055005577,199.51189080234488,0.1426818152094493,2.931132001534696,3,HYD500,500,628.7423686760627,0.0,0.0,6,0.0,0.0
Mass-H1-Real,CH,HYD500,2025-Hhigh,1398.2993593785727,4098.599999999999,1.002034055005577,110.24790516964877,0.07884427925265214,2.931132001534696,3,HYD500,500,628.7423686760627,0.0,0.0,6,0.0,0.0
Mass-H1-Real,CH,HYD500,2025-Hlow,1398.2993593785727,4098.599999999999,1.002034055005577,140.53589499939835,0.10050486975968781,2.931132001534696,3,HYD500,500,628.7423686760627,0.0,0.0,6,0.0,0.0
Mass-H1-Real,CH,HYD500,2030-Hhigh,1398.2993593785727,4098.599999999999,1.002034055005577,103.44718763710912,0.07398071589125434,2.931132001534696,3,HYD500,500,628.7423686760627,0.0,0.0,6,0.0,0.0
Mass-H1-Real,CH,HYD500,2030-Hlow,1398.2993593785727,4098.599999999999,1.002034055005577,131.40684032290167,0.09397618574416071,2.931132001534696,3,HYD500,500,628.7423686760627,0.0,0.0,6,0.0,0.0
Mass-H1-Real,CH,HYD500,2035-Hhigh,1398.2993593785727,4098.599999999999,1.002034055005577,88.2190816895915,0.0630902682590068,2.931132001534696,3,HYD500,500,628.7423686760627,0.0,0.0,6,0.0,0.0
Mass-H1-Real,CH,HYD500,2035-Hlow,1398.2993593785727,4098.599999999999,1.002034055005577,116.60717076419567,0.08339213629906676,2.931132001534696,3,HYD500,500,628.7423686760627,0.0,0.0,6,0.0,0.0
Mass-H1-Real,CH,HYD500,2040-Hhigh,1398.2993593785727,4098.599999999999,1.002034055005577,88.53359647490916,0.06331519490522755,2.931132001534696,3,HYD500,500,628.7423686760627,0.0,0.0,6,0.0,0.0
Mass-H1-Real,CH,HYD500,2040-Hlow,1398.2993593785727,4098.599999999999,1.002034055005577,134.75806365640275,0.09637282800178887,2.931132001534696,3,HYD500,500,628.7423686760627,0.0,0.0,6,0.0,0.0
Mass-H1-Real,CH,HYD500,2045-Hhigh,1398.2993593785727,4098.599999999999,1.002034055005577,83.61814841730163,0.05979989038574895,2.931132001534696,3,HYD500,500,628.7423686760627,0.0,0.0,6,0.0,0.0
Mass-H1-Real,CH,HYD500,2045-Hlow,1398.2993593785727,4098.599999999999,1.002034055005577,125.35036067372941,0.08964486741196619,2.931132001534696,3,HYD500,500,628.7423686760627,0.0,0.0,6,0.0,0.0
Mass-H1-Real,CH,HYD1000,2024-Hhigh,1705.6063916959922,4911.074798334168,1.1384241509458406,170.13232674339565,0.09974887967804948,2.8793717133357926,4,HYD1000,1000,965.0833926937169,0.0,0.0,5,0.0,0.0
Mass-H1-Real,CH,HYD1000,2024-Hlow,1705.6063916959922,4911.074798334168,1.1448254400842748,237.83168299802207,0.13944113023728236,2.8793717133357926,4,HYD1000,1000,965.0833926937169,0.0,0.0,5,0.0,0.0
Mass-H1-Real,CH,HYD1000,2025-Hhigh,1705.6063916959922,4911.074798334168,1.1448254400842748,133.98441016689964,0.07855529319028318,2.8793717133357926,4,HYD1000,1000,965.0833926937169,0.0,0.0,5,0.0,0.0
Mass-H1-Real,CH,HYD1000,2025-Hlow,1705.6063916959922,4911.074798334168,1.1448254400842748,168.00638445460908,0.09850243600901948,2.8793717133357926,4,HYD1000,1000,965.0833926937169,0.0,0.0,5,0.0,0.0
Mass-H1-Real,CH,HYD1000,2030-Hhigh,1705.6063916959922,4911.074798334168,1.1448254400842748,125.12706856572004,0.0733622183728441,2.8793717133357926,4,HYD1000,1000,965.0833926937169,0.0,0.0,5,0.0,0.0
Mass-H1-Real,CH,HYD1000,2030-Hlow,1705.6063916959922,4911.074798334168,1.1448254400842748,157.37736452534077,0.09227062310012248,2.8793717133357926,4,HYD1000,1000,965.0833926937169,0.0,0.0,5,0.0,0.0
Mass-H1-Real,CH,HYD1000,2035-Hhigh,1705.6063916959922,4911.074798334168,1.1448254400842748,105.94289821568414,0.06211450586224552,2.8793717133357926,4,HYD1000,1000,965.0833926937169,0.0,0.0,5,0.0,0.0
Mass-H1-Real,CH,HYD1000,2035-Hlow,1705.6063916959922,4911.074798334168,1.1448254400842748,139.2673279970774,0.08165267712124079,2.8793717133357926,4,HYD1000,1000,965.0833926937169,0.0,0.0,5,0.0,0.0
Mass-H1-Real,CH,HYD1000,2040-Hhigh,1705.6063916959922,4911.074798334168,1.1448254400842748,106.51586215601218,0.06245043561902739,2.8793717133357926,4,HYD1000,1000,965.0833926937169,0.0,0.0,5,0.0,0.0
Mass-H1-Real,CH,HYD1000,2040-Hlow,1705.6063916959922,4911.074798334168,1.1448254400842748,160.71532928693736,0.09422767765728643,2.8793717133357926,4,HYD1000,1000,965.0833926937169,0.0,0.0,5,0.0,0.0
Mass-H1-Real,CH,HYD1000,2045-Hhigh,1705.6063916959922,4911.074798334168,1.1448254400842748,100.21494303590316,0.0587561957575998,2.8793717133357926,4,HYD1000,1000,965.0833926937169,0.0,0.0,5,0.0,0.0
Mass-H1-Real,CH,HYD1000,2045-Hlow,1705.6063916959922,4911.074798334168,1.1448254400842748,149.32230673408714,0.0875479286786716,2.8793717133357926,4,HYD1000,1000,965.0833926937169,0.0,0.0,5,0.0,0.0
Mass-H1-Real,CH,HYD200,2024-Hhigh,1435.417615524417,4312.779733333333,0.9207721305337105,145.9342396851286,0.10166674708935687,3.004547029860503,4,HYD200,200,362.1523069130151,613.6186188146982,108.0,11.2,-390.9843725542077,107.0
Mass-H1-Real,CH,HYD200,2024-Hlow,1435.417615524417,4312.779733333333,0.9223907820378532,208.67431639235033,0.1453753347705107,3.004547029860503,4,HYD200,200,362.1523069130151,613.6186188146982,108.0,11.2,-390.9843725542077,107.0
Mass-H1-Real,CH,HYD200,2025-Hhigh,1435.417615524417,4312.779733333333,0.9223907820378532,114.75873907119012,0.07994798017667078,3.004547029860503,4,HYD200,200,362.1523069130151,613.6186188146982,108.0,11.2,-390.9843725542077,107.0
Mass-H1-Real,CH,HYD200,2025-Hlow,1435.417615524417,4312.779733333333,0.9223907820378532,146.31959163856322,0.10193520690848333,3.004547029860503,4,HYD200,200,362.1523069130151,613.6186188146982,108.0,11.2,-390.9843725542077,107.0
Mass-H1-Real,CH,HYD200,2030-Hhigh,1435.417615524417,4312.779733333333,0.9223907820378532,106.82164160906471,0.07441851099900176,3.004547029860503,4,HYD200,200,362.1523069130151,613.6186188146982,108.0,11.2,-390.9843725542077,107.0
Mass-H1-Real,CH,HYD200,2030-Hlow,1435.417615524417,4312.779733333333,0.9223907820378532,136.19146039075852,0.0948793291358642,3.004547029860503,4,HYD200,200,362.1523069130151,613.6186188146982,108.0,11.2,-390.9843725542077,107.0
Mass-H1-Real,CH,HYD200,2035-Hhigh,1435.417615524417,4312.779733333333,0.9223907820378532,90.27138635399298,0.062888587528594,3.004547029860503,4,HYD200,200,362.1523069130151,613.6186188146982,108.0,11.2,-390.9843725542077,107.0
Mass-H1-Real,CH,HYD200,2035-Hlow,1435.417615524417,4312.779733333333,0.9223907820378532,119.9167793831794,0.08354138759776114,3.004547029860503,4,HYD200,200,362.1523069130151,613.6186188146982,108.0,11.2,-390.9843725542077,107.0
Mass-H1-Real,CH,HYD200,2040-Hhigh,1435.417615524417,4312.779733333333,0.9223907820378532,90.73640274526004,0.06321254648397936,3.004547029860503,4,HYD200,200,362.1523069130151,613.6186188146982,108.0,11.2,-390.9843725542077,107.0
Mass-H1-Real,CH,HYD200,2040-Hlow,1435.417615524417,4312.779733333333,0.9223907820378532,139.52665377751165,0.09720282952396181,3.004547029860503,4,HYD200,200,362.1523069130151,613.6186188146982,108.0,11.2,-390.9843725542077,107.0
Mass-H1-Real,CH,HYD200,2045-Hhigh,1435.417615524417,4312.779733333333,0.9223907820378532,85.07250308412434,0.05926672639658519,3.004547029860503,4,HYD200,200,362.1523069130151,613.6186188146982,108.0,11.2,-390.9843725542077,107.0
Mass-H1-Real,CH,HYD200,2045-Hlow,1435.417615524417,4312.779733333333,0.9223907820378532,128.76791575464148,0.08970763237261602,3.004547029860503,4,HYD200,200,362.1523069130151,613.6186188146982,108.0,11.2,-390.9843725542077,107.0
Mass-H1-Real,CH,HYD500,2024-Hhigh,1545.8510392186395,4573.7,1.0162770717875365,152.9648495054202,0.0989518689865081,2.958693874095273,4,HYD500,500,624.5121920159396,0.0,0.0,6,0.0,0.0
Mass-H1-Real,CH,HYD500,2024-Hlow,1545.8510392186395,4573.7,1.021994163970383,214.05378004196976,0.13846986197982222,2.958693874095273,4,HYD500,500,624.5121920159396,0.0,0.0,6,0.0,0.0
Mass-H1-Real,CH,HYD500,2025-Hhigh,1545.8510392186395,4573.7,1.021994163970383,120.04823340209929,0.07765834505165417,2.958693874095273,4,HYD500,500,624.5121920159396,0.0,0.0,6,0.0,0.0
Mass-H1-Real,CH,HYD500,2025-Hlow,1545.8510392186395,4573.7,1.021994163970383,151.4190572967569,0.0979519070435743,2.958693874095273,4,HYD500,500,624.5121920159396,0.0,0.0,6,0.0,0.0
Mass-H1-Real,CH,HYD500,2030-Hhigh,1545.8510392186395,4573.7,1.021994163970383,111.96242193096043,0.07242769134311451,2.958693874095273,4,HYD500,500,624.5121920159396,0.0,0.0,6,0.0,0.0
Mass-H1-Real,CH,HYD500,2030-Hlow,1545.8510392186395,4573.7,1.021994163970383,141.27956834051747,0.09139274403303967,2.958693874095273,4,HYD500,500,624.5121920159396,0.0,0.0,6,0.0,0.0
Mass-H1-Real,CH,HYD500,2035-Hhigh,1545.8510392186395,4573.7,1.021994163970383,94.54237577862638,0.06115878786510597,2.958693874095273,4,HYD500,500,624.5121920159396,0.0,0.0,6,0.0,0.0
Mass-H1-Real,CH,HYD500,2035-Hlow,1545.8510392186395,4573.7,1.021994163970383,124.0539571665546,0.08024961915428701,2.958693874095273,4,HYD500,500,624.5121920159396,0.0,0.0,6,0.0,0.0
Mass-H1-Real,CH,HYD500,2040-Hhigh,1545.8510392186395,4573.7,1.021994163970383,94.9850874541221,0.06144517488705311,2.958693874095273,4,HYD500,500,624.5121920159396,0.0,0.0,6,0.0,0.0
Mass-H1-Real,CH,HYD500,2040-Hlow,1545.8510392186395,4573.7,1.021994163970383,142.94638292280658,0.09247099448538053,2.958693874095273,4,HYD500,500,624.5121920159396,0.0,0.0,6,0.0,0.0
Mass-H1-Real,CH,HYD500,2045-Hhigh,1545.8510392186395,4573.7,1.021994163970383,89.1350456072001,0.05766082458517736,2.958693874095273,4,HYD500,500,624.5121920159396,0.0,0.0,6,0.0,0.0
Mass-H1-Real,CH,HYD500,2045-Hlow,1545.8510392186395,4573.7,1.021994163970383,131.94395709117552,0.08535360377146524,2.958693874095273,4,HYD500,500,624.5121920159396,0.0,0.0,6,0.0,0.0
Mass-H1-Real,CH,HYD1000,2024-Hhigh,1855.7992938083964,5384.644701666168,1.2229712072400856,183.77799967386053,0.09902902770089902,2.9015231979186806,5,HYD1000,1000,960.4189262930832,0.0,0.0,5,0.0,0.0
Mass-H1-Real,CH,HYD1000,2024-Hlow,1855.7992938083964,5384.644701666168,1.244208218674496,254.44480097649168,0.13710793070425753,2.9015231979186806,5,HYD1000,1000,960.4189262930832,0.0,0.0,5,0.0,0.0
Mass-H1-Real,CH,HYD1000,2025-Hhigh,1855.7992938083964,5384.644701666168,1.244208218674496,144.5291707410737,0.07787974228855145,2.9015231979186806,5,HYD1000,1000,960.4189262930832,0.0,0.0,5,0.0,0.0
Mass-H1-Real,CH,HYD1000,2025-Hlow,1855.7992938083964,5384.644701666168,1.244208218674496,180.23562922480008,0.09712021651594004,2.9015231979186806,5,HYD1000,1000,960.4189262930832,0.0,0.0,5,0.0,0.0
Mass-H1-Real,CH,HYD1000,2030-Hhigh,1855.7992938083964,5384.644701666168,1.244208218674496,134.48908864378464,0.07246963025176692,2.9015231979186806,5,HYD1000,1000,960.4189262930832,0.0,0.0,5,0.0,0.0
Mass-H1-Real,CH,HYD1000,2030-Hlow,1855.7992938083964,5384.644701666168,1.244208218674496,168.43956540404398,0.09076389131411894,2.9015231979186806,5,HYD1000,1000,960.4189262930832,0.0,0.0,5,0.0,0.0
Mass-H1-Real,CH,HYD1000,2035-Hhigh,1855.7992938083964,5384.644701666168,1.244208218674496,113.7135764001997,0.06127471692633382,2.9015231979186806,5,HYD1000,1000,960.4189262930832,0.0,0.0,5,0.0,0.0
Mass-H1-Real,CH,HYD1000,2035-Hlow,1855.7992938083964,5384.644701666168,1.244208218674496,148.29891086581847,0.07991107193574011,2.9015231979186806,5,HYD1000,1000,960.4189262930832,0.0,0.0,5,0.0,0.0
Mass-H1-Real,CH,HYD1000,2040-Hhigh,1855.7992938083964,5384.644701666168,1.244208218674496,114.42309970824455,0.06165704453601234,2.9015231979186806,5,HYD1000,1000,960.4189262930832,0.0,0.0,5,0.0,0.0
Mass-H1-Real,CH,HYD1000,2040-Hlow,1855.7992938083964,5384.644701666168,1.244208218674496,170.83986052705242,0.09205729364001522,2.9015231979186806,5,HYD1000,1000,960.4189262930832,0.0,0.0,5,0.0,0.0
Mass-H1-Real,CH,HYD1000,2045-Hhigh,1855.7992938083964,5384.644701666168,1.244208218674496,107.50088498571908,0.05792699961918301,2.9015231979186806,5,HYD1000,1000,960.4189262930832,0.0,0.0,5,0.0,0.0
Mass-H1-Real,CH,HYD1000,2045-Hlow,1855.7992938083964,5384.644701666168,1.244208218674496,158.14922661893496,0.0852189281171605,2.9015231979186806,5,HYD1000,1000,960.4189262930832,0.0,0.0,5,0.0,0.0
Mass-H1-Real,CH,HYD200,2024-Hhigh,1575.6920402624912,4791.113266666666,0.986149680676671,158.53592342332865,0.10061352051820893,3.040640648199584,5,HYD200,200,361.07209179058464,684.8753364447396,136.0,11.2,-747.5360447727796,177.0
Mass-H1-Real,CH,HYD200,2024-Hlow,1575.6920402624912,4791.113266666666,1.0081739778662155,224.46999128233742,0.14245803465818324,3.040640648199584,5,HYD200,200,361.07209179058464,684.8753364447396,136.0,11.2,-747.5360447727796,177.0
Mass-H1-Real,CH,HYD200,2025-Hhigh,1575.6920402624912,4791.113266666666,1.0081739778662155,124.43936402114228,0.07897441939251797,3.040640648199584,5,HYD200,200,361.07209179058464,684.8753364447396,136.0,11.2,-747.5360447727796,177.0
Mass-H1-Real,CH,HYD200,2025-Hlow,1575.6920402624912,4791.113266666666,1.0081739778662155,157.53279173950892,0.09997689124155623,3.040640648199584,5,HYD200,200,361.07209179058464,684.8753364447396,136.0,11.2,-747.5360447727796,177.0
Mass-H1-Real,CH,HYD200,2030-Hhigh,1575.6920402624912,4791.113266666666,1.0081739778662155,115.14166027324501,0.07307370814290831,3.040640648199584,5,HYD200,200,361.07209179058464,684.8753364447396,136.0,11.2,-747.5360447727796,177.0
Mass-H1-Real,CH,HYD200,2030-Hlow,1575.6920402624912,4791.113266666666,1.0081739778662155,146.43868950154544,0.09293611045794871,3.040640648199584,5,HYD200,200,361.07209179058464,684.8753364447396,136.0,11.2,-747.5360447727796,177.0
Mass-H1-Real,CH,HYD200,2035-Hhigh,1575.6920402624912,4791.113266666666,1.0081739778662155,97.00301186312086,0.06156216404251261,3.040640648199584,5,HYD200,200,361.07209179058464,684.8753364447396,136.0,11.2,-747.5360447727796,177.0
Mass-H1-Real,CH,HYD200,2035-Hlow,1575.6920402624912,4791.113266666666,1.0081739778662155,128.04305946158655,0.08126147507875722,3.040640648199584,5,HYD200,200,361.07209179058464,684.8753364447396,136.0,11.2,-747.5360447727796,177.0
Mass-H1-Real,CH,HYD200,2040-Hhigh,1575.6920402624912,4791.113266666666,1.0081739778662155,97.77926501738088,0.06205480672548935,3.040640648199584,5,HYD200,200,361.07209179058464,684.8753364447396,136.0,11.2,-747.5360447727796,177.0
Mass-H1-Real,CH,HYD200,2040-Hlow,1575.6920402624912,4791.113266666666,1.0081739778662155,148.92190026938758,0.09451205975793277,3.040640648199584,5,HYD200,200,361.07209179058464,684.8753364447396,136.0,11.2,-747.5360447727796,177.0
Mass-H1-Real,CH,HYD200,2045-Hhigh,1575.6920402624912,4791.113266666666,1.0081739778662155,91.3852279093283,0.057996883638572305,3.040640648199584,5,HYD200,200,361.07209179058464,684.8753364447396,136.0,11.2,-747.5360447727796,177.0
Mass-H1-Real,CH,HYD200,2045-Hlow,1575.6920402624912,4791.113266666666,1.0081739778662155,136.88351072977602,0.0868719948010735,3.040640648199584,5,HYD200,200,361.07209179058464,684.8753364447396,136.0,11.2,-747.5360447727796,177.0
Mass-H1-Real,CH,HYD500,2024-Hhigh,1699.1022202771928,5049.8,1.0690030062552347,166.59010650562482,0.0980459589290909,2.9720401396310177,5,HYD500,500,622.0758369446745,0.0,0.0,6,0.0,0.0
Mass-H1-Real,CH,HYD500,2024-Hlow,1699.1022202771928,5049.8,1.0931570979623393,230.74245286071243,0.13580257273930754,2.9720401396310177,5,HYD500,500,622.0758369446745,0.0,0.0,6,0.0,0.0
Mass-H1-Real,CH,HYD500,2025-Hhigh,1699.1022202771928,5049.8,1.0931570979623393,130.463979192081,0.07678406727689227,2.9720401396310177,5,HYD500,500,622.0758369446745,0.0,0.0,6,0.0,0.0
Mass-H1-Real,CH,HYD500,2025-Hlow,1699.1022202771928,5049.8,1.0931570979623393,163.6048318259916,0.09628898713304075,2.9720401396310177,5,HYD500,500,622.0758369446745,0.0,0.0,6,0.0,0.0
Mass-H1-Real,CH,HYD500,2030-Hhigh,1699.1022202771928,5049.8,1.0931570979623393,121.10570663897096,0.07127629238175776,2.9720401396310177,5,HYD500,500,622.0758369446745,0.0,0.0,6,0.0,0.0
Mass-H1-Real,CH,HYD500,2030-Hlow,1699.1022202771928,5049.8,1.0931570979623393,152.37733604016813,0.08968108817803155,2.9720401396310177,5,HYD500,500,622.0758369446745,0.0,0.0,6,0.0,0.0
Mass-H1-Real,CH,HYD500,2035-Hhigh,1699.1022202771928,5049.8,1.0931570979623393,102.00383669195821,0.06003396115586102,2.9720401396310177,5,HYD500,500,622.0758369446745,0.0,0.0,6,0.0,0.0
Mass-H1-Real,CH,HYD500,2035-Hlow,1699.1022202771928,5049.8,1.0931570979623393,132.89797242525609,0.07821658452283996,2.9720401396310177,5,HYD500,500,622.0758369446745,0.0,0.0,6,0.0,0.0
Mass-H1-Real,CH,HYD500,2040-Hhigh,1699.1022202771928,5049.8,1.0931570979623393,102.71488803952036,0.06045244765954304,2.9720401396310177,5,HYD500,500,622.0758369446745,0.0,0.0,6,0.0,0.0
Mass-H1-Real,CH,HYD500,2040-Hlow,1699.1022202771928,5049.8,1.0931570979623393,152.74349590065552,0.08989659013907758,2.9720401396310177,5,HYD500,500,622.0758369446745,0.0,0.0,6,0.0,0.0
Mass-H1-Real,CH,HYD500,2045-Hhigh,1699.1022202771928,5049.8,1.0931570979623393,96.07973602663033,0.056547354761831696,2.9720401396310177,5,HYD500,500,622.0758369446745,0.0,0.0,6,0.0,0.0
Mass-H1-Real,CH,HYD500,2045-Hlow,1699.1022202771928,5049.8,1.0931570979623393,140.5714325665626,0.08273276962914548,2.9720401396310177,5,HYD500,500,622.0758369446745,0.0,0.0,6,0.0,0.0
Mod-Nom-Ideal,AK,HYD1000,2024-Hhigh,1860.5603705808307,5937.2,1.1479331638987724,166.0563615142459,0.08925072474934331,3.191081619214818,3,HYD1000,1000,878.5211666411961,0.0,0.0,6,0.0,0.0
Mod-Nom-Ideal,AK,HYD1000,2024-Hlow,1860.5603705808307,5937.2,1.1588715333261745,280.1508419644837,0.15057336832183846,3.191081619214818,3,HYD1000,1000,878.5211666411961,0.0,0.0,6,0.0,0.0
Mod-Nom-Ideal,AK,HYD1000,2025-Hhigh,1860.5603705808307,5937.2,1.1588715333261745,134.6662086065212,0.0723793813605097,3.191081619214818,3,HYD1000,1000,878.5211666411961,0.0,0.0,6,0.0,0.0
Mod-Nom-Ideal,AK,HYD1000,2025-Hlow,1860.5603705808307,5937.2,1.1588715333261745,205.2924106573052,0.11033902146008673,3.191081619214818,3,HYD1000,1000,878.5211666411961,0.0,0.0,6,0.0,0.0
Mod-Nom-Ideal,AK,HYD1000,2030-Hhigh,1860.5603705808307,5937.2,1.1588715333261745,133.29528861286892,0.07164254958910939,3.191081619214818,3,HYD1000,1000,878.5211666411961,0.0,0.0,6,0.0,0.0
Mod-Nom-Ideal,AK,HYD1000,2030-Hlow,1860.5603705808307,5937.2,1.1588715333261745,192.20680383654238,0.10330586788567316,3.191081619214818,3,HYD1000,1000,878.5211666411961,0.0,0.0,6,0.0,0.0
Mod-Nom-Ideal,AK,HYD1000,2035-Hhigh,1860.5603705808307,5937.2,1.1588715333261745,115.94118389049247,0.062315195853761995,3.191081619214818,3,HYD1000,1000,878.5211666411961,0.0,0.0,6,0.0,0.0
Mod-Nom-Ideal,AK,HYD1000,2035-Hlow,1860.5603705808307,5937.2,1.1588715333261745,168.64520438382573,0.09064215655156514,3.191081619214818,3,HYD1000,1000,878.5211666411961,0.0,0.0,6,0.0,0.0
Mod-Nom-Ideal,AK,HYD1000,2040-Hhigh,1860.5603705808307,5937.2,1.1588715333261745,121.9262862871629,0.06553202369300164,3.191081619214818,3,HYD1000,1000,878.5211666411961,0.0,0.0,6,0.0,0.0
Mod-Nom-Ideal,AK,HYD1000,2040-Hlow,1860.5603705808307,5937.2,1.1588715333261745,198.2916768537491,0.10657631968794772,3.191081619214818,3,HYD1000,1000,878.5211666411961,0.0,0.0,6,0.0,0.0
Mod-Nom-Ideal,AK,HYD1000,2045-Hhigh,1860.5603705808307,5937.2,1.1588715333261745,116.7397368017378,0.06274439606885421,3.191081619214818,3,HYD1000,1000,878.5211666411961,0.0,0.0,6,0.0,0.0
Mod-Nom-Ideal,AK,HYD1000,2045-Hlow,1860.5603705808307,5937.2,1.1588715333261745,187.92488104807944,0.10100445221748594,3.191081619214818,3,HYD1000,1000,878.5211666411961,0.0,0.0,6,0.0,0.0
Mod-Nom-Ideal,AK,HYD200,2024-Hhigh,1492.306981126396,5392.0,0.8237645777665629,133.34390859628164,0.08935420813727843,3.6131975982114004,3,HYD200,200,327.7510873398412,170.24077780748607,54.0,11.2,-636.5442504894082,141.0
Mod-Nom-Ideal,AK,HYD200,2024-Hlow,1492.306981126396,5392.0,0.8304368866811183,231.9605073692851,0.155437527467841,3.6131975982114004,3,HYD200,200,327.7510873398412,170.24077780748607,54.0,11.2,-636.5442504894082,141.0
Mod-Nom-Ideal,AK,HYD200,2025-Hhigh,1492.306981126396,5392.0,0.8304368866811183,108.4220826466828,0.0726540075319125,3.6131975982114004,3,HYD200,200,327.7510873398412,170.24077780748607,54.0,11.2,-636.5442504894082,141.0
Mod-Nom-Ideal,AK,HYD200,2025-Hlow,1492.306981126396,5392.0,0.8304368866811183,169.02705304511758,0.11326560498801369,3.6131975982114004,3,HYD200,200,327.7510873398412,170.24077780748607,54.0,11.2,-636.5442504894082,141.0
Mod-Nom-Ideal,AK,HYD200,2030-Hhigh,1492.306981126396,5392.0,0.8304368866811183,107.03582633245938,0.07172507244566298,3.6131975982114004,3,HYD200,200,327.7510873398412,170.24077780748607,54.0,11.2,-636.5442504894082,141.0
Mod-Nom-Ideal,AK,HYD200,2030-Hlow,1492.306981126396,5392.0,0.8304368866811183,157.50656236533754,0.10554568487406747,3.6131975982114004,3,HYD200,200,327.7510873398412,170.24077780748607,54.0,11.2,-636.5442504894082,141.0
Mod-Nom-Ideal,AK,HYD200,2035-Hhigh,1492.306981126396,5392.0,0.8304368866811183,92.99497053080822,0.06231624706373446,3.6131975982114004,3,HYD200,200,327.7510873398412,170.24077780748607,54.0,11.2,-636.5442504894082,141.0
Mod-Nom-Ideal,AK,HYD200,2035-Hlow,1492.306981126396,5392.0,0.8304368866811183,137.52149675780484,0.09215362421879401,3.6131975982114004,3,HYD200,200,327.7510873398412,170.24077780748607,54.0,11.2,-636.5442504894082,141.0
Mod-Nom-Ideal,AK,HYD200,2040-Hhigh,1492.306981126396,5392.0,0.8304368866811183,98.08932239483688,0.06572998963041699,3.6131975982114004,3,HYD200,200,327.7510873398412,170.24077780748607,54.0,11.2,-636.5442504894082,141.0
Mod-Nom-Ideal,AK,HYD200,2040-Hlow,1492.306981126396,5392.0,0.8304368866811183,163.2288149316543,0.10938018584383281,3.6131975982114004,3,HYD200,200,327.7510873398412,170.24077780748607,54.0,11.2,-636.5442504894082,141.0
Mod-Nom-Ideal,AK,HYD200,2045-Hhigh,1492.306981126396,5392.0,0.8304368866811183,93.64747904940283,0.06275349524848939,3.6131975982114004,3,HYD200,200,327.7510873398412,170.24077780748607,54.0,11.2,-636.5442504894082,141.0
Mod-Nom-Ideal,AK,HYD200,2045-Hlow,1492.306981126396,5392.0,0.8304368866811183,154.61249928207272,0.10360636332704878,3.6131975982114004,3,HYD200,200,327.7510873398412,170.24077780748607,54.0,11.2,-636.5442504894082,141.0
Mod-Nom-Ideal,AK,HYD500,2024-Hhigh,1859.5672009272469,5630.116666666667,1.1323740428362437,165.80484974856597,0.0891631395014333,3.0276489410327785,3,HYD500,500,567.9569486903204,0.0,0.0,8.5,0.0,0.0
Mod-Nom-Ideal,AK,HYD500,2024-Hlow,1859.5672009272469,5630.116666666667,1.1394563605272257,282.9523692420118,0.15216033553448438,3.0276489410327785,3,HYD500,500,567.9569486903204,0.0,0.0,8.5,0.0,0.0
Mod-Nom-Ideal,AK,HYD500,2025-Hhigh,1859.5672009272469,5630.116666666667,1.1394563605272257,134.5004707739971,0.0723289111073428,3.0276489410327785,3,HYD500,500,567.9569486903204,0.0,0.0,8.5,0.0,0.0
Mod-Nom-Ideal,AK,HYD500,2025-Hlow,1859.5672009272469,5630.116666666667,1.1394563605272257,206.92869370418524,0.11127787885321012,3.0276489410327785,3,HYD500,500,567.9569486903204,0.0,0.0,8.5,0.0,0.0
Mod-Nom-Ideal,AK,HYD500,2030-Hhigh,1859.5672009272469,5630.116666666667,1.1394563605272257,133.001056544965,0.07152258680334107,3.0276489410327785,3,HYD500,500,567.9569486903204,0.0,0.0,8.5,0.0,0.0
Mod-Nom-Ideal,AK,HYD500,2030-Hlow,1859.5672009272469,5630.116666666667,1.1394563605272257,193.39473079703038,0.10399986120458396,3.0276489410327785,3,HYD500,500,567.9569486903204,0.0,0.0,8.5,0.0,0.0
Mod-Nom-Ideal,AK,HYD500,2035-Hhigh,1859.5672009272469,5630.116666666667,1.1394563605272257,115.58785958489958,0.062158474040230074,3.0276489410327785,3,HYD500,500,567.9569486903204,0.0,0.0,8.5,0.0,0.0
Mod-Nom-Ideal,AK,HYD500,2035-Hlow,1859.5672009272469,5630.116666666667,1.1394563605272257,169.39122453405864,0.09109174675139145,3.0276489410327785,3,HYD500,500,567.9569486903204,0.0,0.0,8.5,0.0,0.0
Mod-Nom-Ideal,AK,HYD500,2040-Hhigh,1859.5672009272469,5630.116666666667,1.1394563605272257,121.7327792652688,0.06546296321239076,3.0276489410327785,3,HYD500,500,567.9569486903204,0.0,0.0,8.5,0.0,0.0
Mod-Nom-Ideal,AK,HYD500,2040-Hlow,1859.5672009272469,5630.116666666667,1.1394563605272257,199.45988599491128,0.1072614562654436,3.0276489410327785,3,HYD500,500,567.9569486903204,0.0,0.0,8.5,0.0,0.0
Mod-Nom-Ideal,AK,HYD500,2045-Hhigh,1859.5672009272469,5630.116666666667,1.1394563605272257,116.47008870533952,0.06263290116499332,3.0276489410327785,3,HYD500,500,567.9569486903204,0.0,0.0,8.5,0.0,0.0
Mod-Nom-Ideal,AK,HYD500,2045-Hlow,1859.5672009272469,5630.116666666667,1.1394563605272257,188.83035094497623,0.10154532240126554,3.0276489410327785,3,HYD500,500,567.9569486903204,0.0,0.0,8.5,0.0,0.0
Mod-Nom-Ideal,AK,HYD1000,2024-Hhigh,1993.8296933331717,6408.5,1.1263876894990217,178.55169920573485,0.08955213166037378,3.2141661955523553,4,HYD1000,1000,870.5244971350908,0.0,0.0,6,0.0,0.0
Mod-Nom-Ideal,AK,HYD1000,2024-Hlow,1993.8296933331717,6408.5,1.138572953500349,293.2421881584074,0.14707484251986522,3.2141661955523553,4,HYD1000,1000,870.5244971350908,0.0,0.0,6,0.0,0.0
Mod-Nom-Ideal,AK,HYD1000,2025-Hhigh,1993.8296933331717,6408.5,1.138572953500349,143.57700694038428,0.07201066742082689,3.2141661955523553,4,HYD1000,1000,870.5244971350908,0.0,0.0,6,0.0,0.0
Mod-Nom-Ideal,AK,HYD1000,2025-Hlow,1993.8296933331717,6408.5,1.138572953500349,215.1277432647579,0.1078967496492238,3.2141661955523553,4,HYD1000,1000,870.5244971350908,0.0,0.0,6,0.0,0.0
Mod-Nom-Ideal,AK,HYD1000,2030-Hhigh,1993.8296933331717,6408.5,1.138572953500349,141.1915527759404,0.0708142492049581,3.2141661955523553,4,HYD1000,1000,870.5244971350908,0.0,0.0,6,0.0,0.0
Mod-Nom-Ideal,AK,HYD1000,2030-Hlow,1993.8296933331717,6408.5,1.138572953500349,201.25198373866806,0.10093739922301306,3.2141661955523553,4,HYD1000,1000,870.5244971350908,0.0,0.0,6,0.0,0.0
Mod-Nom-Ideal,AK,HYD1000,2035-Hhigh,1993.8296933331717,6408.5,1.138572953500349,121.89185732785235,0.06113453808789478,3.2141661955523553,4,HYD1000,1000,870.5244971350908,0.0,0.0,6,0.0,0.0
Mod-Nom-Ideal,AK,HYD1000,2035-Hlow,1993.8296933331717,6408.5,1.138572953500349,175.6622771206742,0.08810294966919262,3.2141661955523553,4,HYD1000,1000,870.5244971350908,0.0,0.0,6,0.0,0.0
Mod-Nom-Ideal,AK,HYD1000,2040-Hhigh,1993.8296933331717,6408.5,1.138572953500349,127.9810857436115,0.06418857446628752,3.2141661955523553,4,HYD1000,1000,870.5244971350908,0.0,0.0,6,0.0,0.0
Mod-Nom-Ideal,AK,HYD1000,2040-Hlow,1993.8296933331717,6408.5,1.138572953500349,206.09947505573118,0.10336864564956184,3.2141661955523553,4,HYD1000,1000,870.5244971350908,0.0,0.0,6,0.0,0.0
Mod-Nom-Ideal,AK,HYD1000,2045-Hhigh,1993.8296933331717,6408.5,1.138572953500349,122.10377290183003,0.061240823782548776,3.2141661955523553,4,HYD1000,1000,870.5244971350908,0.0,0.0,6,0.0,0.0
Mod-Nom-Ideal,AK,HYD1000,2045-Hlow,1993.8296933331717,6408.5,1.138572953500349,194.62942618635586,0.09761587302924825,3.2141661955523553,4,HYD1000,1000,870.5244971350908,0.0,0.0,6,0.0,0.0
Mod-Nom-Ideal,AK,HYD200,2024-Hhigh,1606.6901894217178,5869.333333333333,0.8020510131796857,143.97616682954288,0.08961041013225018,3.6530585497916257,4,HYD200,200,326.19453854011164,648.5818860746782,111.0,11.2,-531.8424070635938,123.0
Mod-Nom-Ideal,AK,HYD200,2024-Hlow,1606.6901894217178,5869.333333333333,0.808723322094241,243.07178130366214,0.15128727548348875,3.6530585497916257,4,HYD200,200,326.19453854011164,648.5818860746782,111.0,11.2,-531.8424070635938,123.0
Mod-Nom-Ideal,AK,HYD200,2025-Hhigh,1606.6901894217178,5869.333333333333,0.808723322094241,115.78540484572363,0.07206454959894744,3.6530585497916257,4,HYD200,200,326.19453854011164,648.5818860746782,111.0,11.2,-531.8424070635938,123.0
Mod-Nom-Ideal,AK,HYD200,2025-Hlow,1606.6901894217178,5869.333333333333,0.808723322094241,177.36929392757645,0.11039420984540614,3.6530585497916257,4,HYD200,200,326.19453854011164,648.5818860746782,111.0,11.2,-531.8424070635938,123.0
Mod-Nom-Ideal,AK,HYD200,2030-Hhigh,1606.6901894217178,5869.333333333333,0.808723322094241,113.30661549439647,0.07052175723757792,3.6530585497916257,4,HYD200,200,326.19453854011164,648.5818860746782,111.0,11.2,-531.8424070635938,123.0
Mod-Nom-Ideal,AK,HYD200,2030-Hlow,1606.6901894217178,5869.333333333333,0.808723322094241,164.70346557002267,0.1025110296026037,3.6530585497916257,4,HYD200,200,326.19453854011164,648.5818860746782,111.0,11.2,-531.8424070635938,123.0
Mod-Nom-Ideal,AK,HYD200,2035-Hhigh,1606.6901894217178,5869.333333333333,0.808723322094241,97.5879730279627,0.060738513044065266,3.6530585497916257,4,HYD200,200,326.19453854011164,648.5818860746782,111.0,11.2,-531.8424070635938,123.0
Mod-Nom-Ideal,AK,HYD200,2035-Hlow,1606.6901894217178,5869.333333333333,0.808723322094241,142.80291253474033,0.08888017956102548,3.6530585497916257,4,HYD200,200,326.19453854011164,648.5818860746782,111.0,11.2,-531.8424070635938,123.0
Mod-Nom-Ideal,AK,HYD200,2040-Hhigh,1606.6901894217178,5869.333333333333,0.808723322094241,102.64005512838052,0.06388291644783296,3.6530585497916257,4,HYD200,200,326.19453854011164,648.5818860746782,111.0,11.2,-531.8424070635938,123.0
Mod-Nom-Ideal,AK,HYD200,2040-Hlow,1606.6901894217178,5869.333333333333,0.808723322094241,169.15690279748802,0.10528283791809995,3.6530585497916257,4,HYD200,200,326.19453854011164,648.5818860746782,111.0,11.2,-531.8424070635938,123.0
Mod-Nom-Ideal,AK,HYD200,2045-Hhigh,1606.6901894217178,5869.333333333333,0.808723322094241,97.51158789432014,0.06069097112581278,3.6530585497916257,4,HYD200,200,326.19453854011164,648.5818860746782,111.0,11.2,-531.8424070635938,123.0
Mod-Nom-Ideal,AK,HYD200,2045-Hlow,1606.6901894217178,5869.333333333333,0.808723322094241,159.34477000158466,0.09917579073470054,3.6530585497916257,4,HYD200,200,326.19453854011164,648.5818860746782,111.0,11.2,-531.8424070635938,123.0
Mod-Nom-Ideal,AK,HYD500,2024-Hhigh,2000.8594905422171,6104.841666666666,1.118705641895016,179.0116462409194,0.0894673749391611,3.051109633396747,4,HYD500,500,563.3748541457762,0.0,0.0,8.5,0.0,0.0
Mod-Nom-Ideal,AK,HYD500,2024-Hlow,2000.8594905422171,6104.841666666666,1.1306961381650036,296.6404256021711,0.1482565002711829,3.051109633396747,4,HYD500,500,563.3748541457762,0.0,0.0,8.5,0.0,0.0
Mod-Nom-Ideal,AK,HYD500,2025-Hhigh,2000.8594905422171,6104.841666666666,1.1306961381650036,143.7491029365609,0.07184367698783586,3.051109633396747,4,HYD500,500,563.3748541457762,0.0,0.0,8.5,0.0,0.0
Mod-Nom-Ideal,AK,HYD500,2025-Hlow,2000.8594905422171,6104.841666666666,1.1306961381650036,217.13579370090093,0.10852126035199945,3.051109633396747,4,HYD500,500,563.3748541457762,0.0,0.0,8.5,0.0,0.0
Mod-Nom-Ideal,AK,HYD500,2030-Hhigh,2000.8594905422171,6104.841666666666,1.1306961381650036,141.00054799762754,0.07046998985391897,3.051109633396747,4,HYD500,500,563.3748541457762,0.0,0.0,8.5,0.0,0.0
Mod-Nom-Ideal,AK,HYD500,2030-Hlow,2000.8594905422171,6104.841666666666,1.1306961381650036,202.4822678728782,0.10119764472717027,3.051109633396747,4,HYD500,500,563.3748541457762,0.0,0.0,8.5,0.0,0.0
Mod-Nom-Ideal,AK,HYD500,2035-Hhigh,2000.8594905422171,6104.841666666666,1.1306961381650036,121.4738069963626,0.06071081331325477,3.051109633396747,4,HYD500,500,563.3748541457762,0.0,0.0,8.5,0.0,0.0
Mod-Nom-Ideal,AK,HYD500,2035-Hlow,2000.8594905422171,6104.841666666666,1.1306961381650036,176.1504016163427,0.08803736716595092,3.051109633396747,4,HYD500,500,563.3748541457762,0.0,0.0,8.5,0.0,0.0
Mod-Nom-Ideal,AK,HYD500,2040-Hhigh,2000.8594905422171,6104.841666666666,1.1306961381650036,127.64001933398104,0.06379259510091416,3.051109633396747,4,HYD500,500,563.3748541457762,0.0,0.0,8.5,0.0,0.0
Mod-Nom-Ideal,AK,HYD500,2040-Hlow,2000.8594905422171,6104.841666666666,1.1306961381650036,207.09801375493691,0.10350452629675409,3.051109633396747,4,HYD500,500,563.3748541457762,0.0,0.0,8.5,0.0,0.0
Mod-Nom-Ideal,AK,HYD500,2045-Hhigh,2000.8594905422171,6104.841666666666,1.1306961381650036,121.55273746892297,0.06075026159682164,3.051109633396747,4,HYD500,500,563.3748541457762,0.0,0.0,8.5,0.0,0.0
Mod-Nom-Ideal,AK,HYD500,2045-Hlow,2000.8594905422171,6104.841666666666,1.1306961381650036,194.97407521857977,0.0974451610121525,3.051109633396747,4,HYD500,500,563.3748541457762,0.0,0.0,8.5,0.0,0.0
Mod-Nom-Ideal,AK,HYD1000,2024-Hhigh,2134.185573736674,6882.9,1.2244847312581972,191.15865694308127,0.08956983839431919,3.2250709988395996,5,HYD1000,1000,866.4644475578347,0.0,0.0,6,0.0,0.0
Mod-Nom-Ideal,AK,HYD1000,2024-Hlow,2134.185573736674,6882.9,1.2530651457085362,308.844547902452,0.1447130707390672,3.2250709988395996,5,HYD1000,1000,866.4644475578347,0.0,0.0,6,0.0,0.0
Mod-Nom-Ideal,AK,HYD1000,2025-Hhigh,2134.185573736674,6882.9,1.2530651457085362,153.37361983154517,0.07186517504333441,3.2250709988395996,5,HYD1000,1000,866.4644475578347,0.0,0.0,6,0.0,0.0
Mod-Nom-Ideal,AK,HYD1000,2025-Hlow,2134.185573736674,6882.9,1.2530651457085362,226.67160731217763,0.10620988638551515,3.2250709988395996,5,HYD1000,1000,866.4644475578347,0.0,0.0,6,0.0,0.0
Mod-Nom-Ideal,AK,HYD1000,2030-Hhigh,2134.185573736674,6882.9,1.2530651457085362,150.00252072180027,0.07028560335508495,3.2250709988395996,5,HYD1000,1000,866.4644475578347,0.0,0.0,6,0.0,0.0
Mod-Nom-Ideal,AK,HYD1000,2030-Hlow,2134.185573736674,6882.9,1.2530651457085362,211.87783200962332,0.09927807338639888,3.2250709988395996,5,HYD1000,1000,866.4644475578347,0.0,0.0,6,0.0,0.0
Mod-Nom-Ideal,AK,HYD1000,2035-Hhigh,2134.185573736674,6882.9,1.2530651457085362,129.18361944607295,0.06053064036970772,3.2250709988395996,5,HYD1000,1000,866.4644475578347,0.0,0.0,6,0.0,0.0
Mod-Nom-Ideal,AK,HYD1000,2035-Hlow,2134.185573736674,6882.9,1.2530651457085362,184.4455346514749,0.08642431891643583,3.2250709988395996,5,HYD1000,1000,866.4644475578347,0.0,0.0,6,0.0,0.0
Mod-Nom-Ideal,AK,HYD1000,2040-Hhigh,2134.185573736674,6882.9,1.2530651457085362,135.44684196101053,0.06346535354180152,3.2250709988395996,5,HYD1000,1000,866.4644475578347,0.0,0.0,6,0.0,0.0
Mod-Nom-Ideal,AK,HYD1000,2040-Hlow,2134.185573736674,6882.9,1.2530651457085362,215.9060189291881,0.10116553198846971,3.2250709988395996,5,HYD1000,1000,866.4644475578347,0.0,0.0,6,0.0,0.0
Mod-Nom-Ideal,AK,HYD1000,2045-Hhigh,2134.185573736674,6882.9,1.2530651457085362,128.97594378073939,0.06043333127536783,3.2250709988395996,5,HYD1000,1000,866.4644475578347,0.0,0.0,6,0.0,0.0
Mod-Nom-Ideal,AK,HYD1000,2045-Hlow,2134.185573736674,6882.9,1.2530651457085362,203.26967547642622,0.09524461132989862,3.2250709988395996,5,HYD1000,1000,866.4644475578347,0.0,0.0,6,0.0,0.0
Mod-Nom-Ideal,AK,HYD200,2024-Hhigh,1727.0847939868288,6347.666666666666,0.8623358185786154,154.49544652285437,0.08945446515466952,3.675364804766543,5,HYD200,200,325.19033799916815,720.5504397190025,138.0,11.2,-836.6846629346762,208.0
Mod-Nom-Ideal,AK,HYD200,2024-Hlow,1727.0847939868288,6347.666666666666,0.8818828351284158,256.5868748801691,0.14856646053136746,3.675364804766543,5,HYD200,200,325.19033799916815,720.5504397190025,138.0,11.2,-836.6846629346762,208.0
Mod-Nom-Ideal,AK,HYD200,2025-Hhigh,1727.0847939868288,6347.666666666666,0.8818828351284158,123.86248337034304,0.07171766192464529,3.675364804766543,5,HYD200,200,325.19033799916815,720.5504397190025,138.0,11.2,-836.6846629346762,208.0
Mod-Nom-Ideal,AK,HYD200,2025-Hlow,1727.0847939868288,6347.666666666666,0.8818828351284158,187.10892421425302,0.10833800683423768,3.675364804766543,5,HYD200,200,325.19033799916815,720.5504397190025,138.0,11.2,-836.6846629346762,208.0
Mod-Nom-Ideal,AK,HYD200,2030-Hhigh,1727.0847939868288,6347.666666666666,0.8818828351284158,120.34336903436959,0.06968005824228649,3.675364804766543,5,HYD200,200,325.19033799916815,720.5504397190025,138.0,11.2,-836.6846629346762,208.0
Mod-Nom-Ideal,AK,HYD200,2030-Hlow,1727.0847939868288,6347.666666666666,0.8818828351284158,173.59627780819986,0.10051404448270752,3.675364804766543,5,HYD200,200,325.19033799916815,720.5504397190025,138.0,11.2,-836.6846629346762,208.0
Mod-Nom-Ideal,AK,HYD200,2035-Hhigh,1727.0847939868288,6347.666666666666,0.8818828351284158,103.34134949612864,0.0598357126737095,3.675364804766543,5,HYD200,200,325.19033799916815,720.5504397190025,138.0,11.2,-836.6846629346762,208.0
Mod-Nom-Ideal,AK,HYD200,2035-Hlow,1727.0847939868288,6347.666666666666,0.8818828351284158,149.9219966093858,0.08680639024289223,3.675364804766543,5,HYD200,200,325.19033799916815,720.5504397190025,138.0,11.2,-836.6846629346762,208.0
Mod-Nom-Ideal,AK,HYD200,2040-Hhigh,1727.0847939868288,6347.666666666666,0.8818828351284158,108.71547155096103,0.0629473850557161,3.675364804766543,5,HYD200,200,325.19033799916815,720.5504397190025,138.0,11.2,-836.6846629346762,208.0
Mod-Nom-Ideal,AK,HYD200,2040-Hlow,1727.0847939868288,6347.666666666666,0.8818828351284158,177.32056810563353,0.1026704471737627,3.675364804766543,5,HYD200,200,325.19033799916815,720.5504397190025,138.0,11.2,-836.6846629346762,208.0
Mod-Nom-Ideal,AK,HYD200,2045-Hhigh,1727.0847939868288,6347.666666666666,0.8818828351284158,102.98851511335423,0.05963141790833209,3.675364804766543,5,HYD200,200,325.19033799916815,720.5504397190025,138.0,11.2,-836.6846629346762,208.0
Mod-Nom-Ideal,AK,HYD200,2045-Hlow,1727.0847939868288,6347.666666666666,0.8818828351284158,166.46169583216823,0.09638304755605283,3.675364804766543,5,HYD200,200,325.19033799916815,720.5504397190025,138.0,11.2,-836.6846629346762,208.0
Mod-Nom-Ideal,AK,HYD500,2024-Hhigh,2148.57956156489,6581.55,1.177516731338275,191.97517708225436,0.08934981069187484,3.063209814397757,5,HYD500,500,561.4033413106,0.0,0.0,8.5,0.0,0.0
Mod-Nom-Ideal,AK,HYD500,2024-Hlow,2148.57956156489,6581.55,1.2077530198939341,312.96985149728374,0.14566360822558333,3.063209814397757,5,HYD500,500,561.4033413106,0.0,0.0,8.5,0.0,0.0
Mod-Nom-Ideal,AK,HYD500,2025-Hhigh,2148.57956156489,6581.55,1.2077530198939341,153.6871073816988,0.07152963294026814,3.063209814397757,5,HYD500,500,561.4033413106,0.0,0.0,8.5,0.0,0.0
Mod-Nom-Ideal,AK,HYD500,2025-Hlow,2148.57956156489,6581.55,1.2077530198939341,229.06430119983494,0.10661197067005466,3.063209814397757,5,HYD500,500,561.4033413106,0.0,0.0,8.5,0.0,0.0
Mod-Nom-Ideal,AK,HYD500,2030-Hhigh,2148.57956156489,6581.55,1.2077530198939341,149.8108848093059,0.06972554681670391,3.063209814397757,5,HYD500,500,561.4033413106,0.0,0.0,8.5,0.0,0.0
Mod-Nom-Ideal,AK,HYD500,2030-Hlow,2148.57956156489,6581.55,1.2077530198939341,213.41938665463059,0.09933045555882947,3.063209814397757,5,HYD500,500,561.4033413106,0.0,0.0,8.5,0.0,0.0
Mod-Nom-Ideal,AK,HYD500,2035-Hhigh,2148.57956156489,6581.55,1.2077530198939341,128.6734033546065,0.05988766050668792,3.063209814397757,5,HYD500,500,561.4033413106,0.0,0.0,8.5,0.0,0.0
Mod-Nom-Ideal,AK,HYD500,2035-Hlow,2148.57956156489,6581.55,1.2077530198939341,184.94215787549052,0.08607647637716069,3.063209814397757,5,HYD500,500,561.4033413106,0.0,0.0,8.5,0.0,0.0
Mod-Nom-Ideal,AK,HYD500,2040-Hhigh,2148.57956156489,6581.55,1.2077530198939341,135.10971506934442,0.0628832729707896,3.063209814397757,5,HYD500,500,561.4033413106,0.0,0.0,8.5,0.0,0.0
Mod-Nom-Ideal,AK,HYD500,2040-Hlow,2148.57956156489,6581.55,1.2077530198939341,216.90896329490346,0.10095458747495514,3.063209814397757,5,HYD500,500,561.4033413106,0.0,0.0,8.5,0.0,0.0
Mod-Nom-Ideal,AK,HYD500,2045-Hhigh,2148.57956156489,6581.55,1.2077530198939341,128.30221776415442,0.059714901909756216,3.063209814397757,5,HYD500,500,561.4033413106,0.0,0.0,8.5,0.0,0.0
Mod-Nom-Ideal,AK,HYD500,2045-Hlow,2148.57956156489,6581.55,1.2077530198939341,203.6199897690426,0.09476958331519203,3.063209814397757,5,HYD500,500,561.4033413106,0.0,0.0,8.5,0.0,0.0
Mod-Nom-Ideal,CH,HYD1000,2024-Hhigh,4745.82309867386,13583.5,2.3573280548384505,460.14746602435764,0.0969584108925042,2.862201080313272,3,HYD1000,1000,992.5468603718883,0.0,0.0,14,0.0,0.0
Mod-Nom-Ideal,CH,HYD1000,2024-Hlow,4745.82309867386,13583.5,2.3962225170014886,741.0135939123568,0.1561401633616349,2.862201080313272,3,HYD1000,1000,992.5468603718883,0.0,0.0,14,0.0,0.0
Mod-Nom-Ideal,CH,HYD1000,2025-Hhigh,4745.82309867386,13583.5,2.3962225170014886,377.9246516075524,0.07963310973667709,2.862201080313272,3,HYD1000,1000,992.5468603718883,0.0,0.0,14,0.0,0.0
Mod-Nom-Ideal,CH,HYD1000,2025-Hlow,4745.82309867386,13583.5,2.3962225170014886,547.487310360488,0.11536192963312814,2.862201080313272,3,HYD1000,1000,992.5468603718883,0.0,0.0,14,0.0,0.0
Mod-Nom-Ideal,CH,HYD1000,2030-Hhigh,4745.82309867386,13583.5,2.3962225170014886,362.013134268692,0.07628036838748803,2.862201080313272,3,HYD1000,1000,992.5468603718883,0.0,0.0,14,0.0,0.0
Mod-Nom-Ideal,CH,HYD1000,2030-Hlow,4745.82309867386,13583.5,2.3962225170014886,502.86537410707774,0.10595956984734534,2.862201080313272,3,HYD1000,1000,992.5468603718883,0.0,0.0,14,0.0,0.0
Mod-Nom-Ideal,CH,HYD1000,2035-Hhigh,4745.82309867386,13583.5,2.3962225170014886,304.8124654387329,0.06422752367738013,2.862201080313272,3,HYD1000,1000,992.5468603718883,0.0,0.0,14,0.0,0.0
Mod-Nom-Ideal,CH,HYD1000,2035-Hlow,4745.82309867386,13583.5,2.3962225170014886,427.2940455660117,0.09003581395299201,2.862201080313272,3,HYD1000,1000,992.5468603718883,0.0,0.0,14,0.0,0.0
Mod-Nom-Ideal,CH,HYD1000,2040-Hhigh,4745.82309867386,13583.5,2.3962225170014886,324.732180267323,0.06842483875095637,2.862201080313272,3,HYD1000,1000,992.5468603718883,0.0,0.0,14,0.0,0.0
Mod-Nom-Ideal,CH,HYD1000,2040-Hlow,4745.82309867386,13583.5,2.3962225170014886,495.33536308279764,0.1043729091421909,2.862201080313272,3,HYD1000,1000,992.5468603718883,0.0,0.0,14,0.0,0.0
Mod-Nom-Ideal,CH,HYD1000,2045-Hhigh,4745.82309867386,13583.5,2.3962225170014886,307.0357995195011,0.0646960059689745,2.862201080313272,3,HYD1000,1000,992.5468603718883,0.0,0.0,14,0.0,0.0
Mod-Nom-Ideal,CH,HYD1000,2045-Hlow,4745.82309867386,13583.5,2.3962225170014886,465.0651763765797,0.09799462953149989,2.862201080313272,3,HYD1000,1000,992.5468603718883,0.0,0.0,14,0.0,0.0
Mod-Nom-Ideal,CH,HYD200,2024-Hhigh,4535.69046079062,12970.533333333333,2.0170229413969283,439.9090415071841,0.09698832962920119,2.85966016540565,3,HYD200,200,372.87410474689534,22.1500940378453,6.0,14,-464.2102564900063,113.0
Mod-Nom-Ideal,CH,HYD200,2024-Hlow,4535.69046079062,12970.533333333333,2.055917403559966,714.6810053300549,0.15756829340719125,2.85966016540565,3,HYD200,200,372.87410474689534,22.1500940378453,6.0,14,-464.2102564900063,113.0
Mod-Nom-Ideal,CH,HYD200,2025-Hhigh,4535.69046079062,12970.533333333333,2.055917403559966,360.99678678785347,0.07959026082325023,2.85966016540565,3,HYD200,200,372.87410474689534,22.1500940378453,6.0,14,-464.2102564900063,113.0
Mod-Nom-Ideal,CH,HYD200,2025-Hlow,4535.69046079062,12970.533333333333,2.055917403559966,526.970194668562,0.11618301540284243,2.85966016540565,3,HYD200,200,372.87410474689534,22.1500940378453,6.0,14,-464.2102564900063,113.0
Mod-Nom-Ideal,CH,HYD200,2030-Hhigh,4535.69046079062,12970.533333333333,2.055917403559966,345.1813535839923,0.07610337534449461,2.85966016540565,3,HYD200,200,372.87410474689534,22.1500940378453,6.0,14,-464.2102564900063,113.0
Mod-Nom-Ideal,CH,HYD200,2030-Hlow,4535.69046079062,12970.533333333333,2.055917403559966,482.91836141061447,0.10647074918036549,2.85966016540565,3,HYD200,200,372.87410474689534,22.1500940378453,6.0,14,-464.2102564900063,113.0
Mod-Nom-Ideal,CH,HYD200,2035-Hhigh,4535.69046079062,12970.533333333333,2.055917403559966,290.2881811071569,0.06400088004606834,2.85966016540565,3,HYD200,200,372.87410474689534,22.1500940378453,6.0,14,-464.2102564900063,113.0
Mod-Nom-Ideal,CH,HYD200,2035-Hlow,4535.69046079062,12970.533333333333,2.055917403559966,409.5707553995646,0.0902995385024956,2.85966016540565,3,HYD200,200,372.87410474689534,22.1500940378453,6.0,14,-464.2102564900063,113.0
Mod-Nom-Ideal,CH,HYD200,2040-Hhigh,4535.69046079062,12970.533333333333,2.055917403559966,309.66031413091383,0.06827192393480412,2.85966016540565,3,HYD200,200,372.87410474689534,22.1500940378453,6.0,14,-464.2102564900063,113.0
Mod-Nom-Ideal,CH,HYD200,2040-Hlow,4535.69046079062,12970.533333333333,2.055917403559966,475.705230328742,0.10488044421043262,2.85966016540565,3,HYD200,200,372.87410474689534,22.1500940378453,6.0,14,-464.2102564900063,113.0
Mod-Nom-Ideal,CH,HYD200,2045-Hhigh,4535.69046079062,12970.533333333333,2.055917403559966,292.47030643602574,0.06448198107086986,2.85966016540565,3,HYD200,200,372.87410474689534,22.1500940378453,6.0,14,-464.2102564900063,113.0
Mod-Nom-Ideal,CH,HYD200,2045-Hlow,4535.69046079062,12970.533333333333,2.055917403559966,446.3907210839416,0.09841736885328169,2.85966016540565,3,HYD200,200,372.87410474689534,22.1500940378453,6.0,14,-464.2102564900063,113.0
Mod-Nom-Ideal,CH,HYD500,2024-Hhigh,4627.597512220586,13238.866666666665,2.179024113825123,448.85321577044283,0.09699486927830449,2.860850934357491,3,HYD500,500,644.2808899893415,0.0,0.0,14,0.0,0.0
Mod-Nom-Ideal,CH,HYD500,2024-Hlow,4627.597512220586,13238.866666666665,2.217918575988161,726.3015249647816,0.15695002062015123,2.860850934357491,3,HYD500,500,644.2808899893415,0.0,0.0,14,0.0,0.0
Mod-Nom-Ideal,CH,HYD500,2025-Hhigh,4627.597512220586,13238.866666666665,2.217918575988161,368.5840352239534,0.07964911257960411,2.860850934357491,3,HYD500,500,644.2808899893415,0.0,0.0,14,0.0,0.0
Mod-Nom-Ideal,CH,HYD500,2025-Hlow,4627.597512220586,13238.866666666665,2.217918575988161,536.1035509059427,0.11584921754543202,2.860850934357491,3,HYD500,500,644.2808899893415,0.0,0.0,14,0.0,0.0
Mod-Nom-Ideal,CH,HYD500,2030-Hhigh,4627.597512220586,13238.866666666665,2.217918575988161,352.79612479985343,0.07623742641147753,2.860850934357491,3,HYD500,500,644.2808899893415,0.0,0.0,14,0.0,0.0
Mod-Nom-Ideal,CH,HYD500,2030-Hlow,4627.597512220586,13238.866666666665,2.217918575988161,491.8750376120132,0.10629166350640191,2.860850934357491,3,HYD500,500,644.2808899893415,0.0,0.0,14,0.0,0.0
Mod-Nom-Ideal,CH,HYD500,2035-Hhigh,4627.597512220586,13238.866666666665,2.217918575988161,296.9201745839447,0.06416292121340202,2.860850934357491,3,HYD500,500,644.2808899893415,0.0,0.0,14,0.0,0.0
Mod-Nom-Ideal,CH,HYD500,2035-Hlow,4627.597512220586,13238.866666666665,2.217918575988161,417.68548081981885,0.0902596822037337,2.860850934357491,3,HYD500,500,644.2808899893415,0.0,0.0,14,0.0,0.0
Mod-Nom-Ideal,CH,HYD500,2040-Hhigh,4627.597512220586,13238.866666666665,2.217918575988161,316.4432352010538,0.06838175411007304,2.860850934357491,3,HYD500,500,644.2808899893415,0.0,0.0,14,0.0,0.0
Mod-Nom-Ideal,CH,HYD500,2040-Hlow,4627.597512220586,13238.866666666665,2.217918575988161,484.60534499784,0.10472072035610085,2.860850934357491,3,HYD500,500,644.2808899893415,0.0,0.0,14,0.0,0.0
Mod-Nom-Ideal,CH,HYD500,2045-Hhigh,4627.597512220586,13238.866666666665,2.217918575988161,299.1018566332669,0.06463437147318819,2.860850934357491,3,HYD500,500,644.2808899893415,0.0,0.0,14,0.0,0.0
Mod-Nom-Ideal,CH,HYD500,2045-Hlow,4627.597512220586,13238.866666666665,2.217918575988161,454.855267545713,0.09829188176900186,2.860850934357491,3,HYD500,500,644.2808899893415,0.0,0.0,14,0.0,0.0
Mod-Nom-Ideal,CH,HYD1000,2024-Hhigh,4885.497980398391,14059.033333333333,2.291549705199316,473.702087890732,0.09696086044684102,2.8777073268152047,4,HYD1000,1000,988.672959162005,0.0,0.0,14,0.0,0.0
Mod-Nom-Ideal,CH,HYD1000,2024-Hlow,4885.497980398391,14059.033333333333,2.3334013411491457,755.4130420588406,0.1546235501661675,2.8777073268152047,4,HYD1000,1000,988.672959162005,0.0,0.0,14,0.0,0.0
Mod-Nom-Ideal,CH,HYD1000,2025-Hhigh,4885.497980398391,14059.033333333333,2.3334013411491457,387.6428651318443,0.07934561976837287,2.8777073268152047,4,HYD1000,1000,988.672959162005,0.0,0.0,14,0.0,0.0
Mod-Nom-Ideal,CH,HYD1000,2025-Hlow,4885.497980398391,14059.033333333333,2.3334013411491457,558.3122186127981,0.11427949020813437,2.8777073268152047,4,HYD1000,1000,988.672959162005,0.0,0.0,14,0.0,0.0
Mod-Nom-Ideal,CH,HYD1000,2030-Hhigh,4885.497980398391,14059.033333333333,2.3334013411491457,370.64904855232226,0.07586719921683346,2.8777073268152047,4,HYD1000,1000,988.672959162005,0.0,0.0,14,0.0,0.0
Mod-Nom-Ideal,CH,HYD1000,2030-Hlow,4885.497980398391,14059.033333333333,2.3334013411491457,512.882617757323,0.1049806222037369,2.8777073268152047,4,HYD1000,1000,988.672959162005,0.0,0.0,14,0.0,0.0
Mod-Nom-Ideal,CH,HYD1000,2035-Hhigh,4885.497980398391,14059.033333333333,2.3334013411491457,311.42923024440586,0.06374564711599986,2.8777073268152047,4,HYD1000,1000,988.672959162005,0.0,0.0,14,0.0,0.0
Mod-Nom-Ideal,CH,HYD1000,2035-Hlow,4885.497980398391,14059.033333333333,2.3334013411491457,434.94819898479733,0.08902842672945475,2.8777073268152047,4,HYD1000,1000,988.672959162005,0.0,0.0,14,0.0,0.0
Mod-Nom-Ideal,CH,HYD1000,2040-Hhigh,4885.497980398391,14059.033333333333,2.3334013411491457,331.40515797247696,0.06783446831871423,2.8777073268152047,4,HYD1000,1000,988.672959162005,0.0,0.0,14,0.0,0.0
Mod-Nom-Ideal,CH,HYD1000,2040-Hlow,4885.497980398391,14059.033333333333,2.3334013411491457,503.877249197775,0.10313733650478063,2.8777073268152047,4,HYD1000,1000,988.672959162005,0.0,0.0,14,0.0,0.0
Mod-Nom-Ideal,CH,HYD1000,2045-Hhigh,4885.497980398391,14059.033333333333,2.3334013411491457,312.8324510646443,0.06403286877198427,2.8777073268152047,4,HYD1000,1000,988.672959162005,0.0,0.0,14,0.0,0.0
Mod-Nom-Ideal,CH,HYD1000,2045-Hlow,4885.497980398391,14059.033333333333,2.3334013411491457,472.1094607006616,0.09663486968879335,2.8777073268152047,4,HYD1000,1000,988.672959162005,0.0,0.0,14,0.0,0.0
Mod-Nom-Ideal,CH,HYD200,2024-Hhigh,4674.592919852401,13449.099999999999,1.9988855872905196,453.05893261966355,0.09691944098395819,2.877063357299709,4,HYD200,200,372.10580799449065,24.40815024672263,19.0,14,-482.8248366748024,123.0
Mod-Nom-Ideal,CH,HYD200,2024-Hlow,4674.592919852401,13449.099999999999,2.0377800494535574,728.5406596942136,0.15585114515537687,2.877063357299709,4,HYD200,200,372.10580799449065,24.40815024672263,19.0,14,-482.8248366748024,123.0
Mod-Nom-Ideal,CH,HYD200,2025-Hhigh,4674.592919852401,13449.099999999999,2.0377800494535574,370.09950489052153,0.07917256352285908,2.877063357299709,4,HYD200,200,372.10580799449065,24.40815024672263,19.0,14,-482.8248366748024,123.0
Mod-Nom-Ideal,CH,HYD200,2025-Hlow,4674.592919852401,13449.099999999999,2.0377800494535574,537.3714060788943,0.11495576519545614,2.877063357299709,4,HYD200,200,372.10580799449065,24.40815024672263,19.0,14,-482.8248366748024,123.0
Mod-Nom-Ideal,CH,HYD200,2030-Hhigh,4674.592919852401,13449.099999999999,2.0377800494535574,353.0051193856812,0.07551569204807405,2.877063357299709,4,HYD200,200,372.10580799449065,24.40815024672263,19.0,14,-482.8248366748024,123.0
Mod-Nom-Ideal,CH,HYD200,2030-Hlow,4674.592919852401,13449.099999999999,2.0377800494535574,491.9772368724306,0.1052449368977277,2.877063357299709,4,HYD200,200,372.10580799449065,24.40815024672263,19.0,14,-482.8248366748024,123.0
Mod-Nom-Ideal,CH,HYD200,2035-Hhigh,4674.592919852401,13449.099999999999,2.0377800494535574,296.05124717741506,0.06333198467830709,2.877063357299709,4,HYD200,200,372.10580799449065,24.40815024672263,19.0,14,-482.8248366748024,123.0
Mod-Nom-Ideal,CH,HYD200,2035-Hlow,4674.592919852401,13449.099999999999,2.0377800494535574,416.32177482158136,0.089060541090865,2.877063357299709,4,HYD200,200,372.10580799449065,24.40815024672263,19.0,14,-482.8248366748024,123.0
Mod-Nom-Ideal,CH,HYD200,2040-Hhigh,4674.592919852401,13449.099999999999,2.0377800494535574,315.43903756336414,0.06747946676249278,2.877063357299709,4,HYD200,200,372.10580799449065,24.40815024672263,19.0,14,-482.8248366748024,123.0
Mod-Nom-Ideal,CH,HYD200,2040-Hlow,4674.592919852401,13449.099999999999,2.0377800494535574,483.25630009899834,0.10337933342744571,2.877063357299709,4,HYD200,200,372.10580799449065,24.40815024672263,19.0,14,-482.8248366748024,123.0
Mod-Nom-Ideal,CH,HYD200,2045-Hhigh,4674.592919852401,13449.099999999999,2.0377800494535574,297.34647189823005,0.0636090622213193,2.877063357299709,4,HYD200,200,372.10580799449065,24.40815024672263,19.0,14,-482.8248366748024,123.0
Mod-Nom-Ideal,CH,HYD200,2045-Hlow,4674.592919852401,13449.099999999999,2.0377800494535574,452.4241602652448,0.09678364897697445,2.877063357299709,4,HYD200,200,372.10580799449065,24.40815024672263,19.0,14,-482.8248366748024,123.0
Mod-Nom-Ideal,CH,HYD500,2024-Hhigh,4766.316629058838,13716.266666666666,2.1617211299089756,462.0948562813557,0.09695009632052108,2.8777497875492792,4,HYD500,500,642.2568133133163,0.0,0.0,14,0.0,0.0
Mod-Nom-Ideal,CH,HYD500,2024-Hlow,4766.316629058838,13716.266666666666,2.200615592072013,740.2944540419218,0.15531793450912662,2.8777497875492792,4,HYD500,500,642.2568133133163,0.0,0.0,14,0.0,0.0
Mod-Nom-Ideal,CH,HYD500,2025-Hhigh,4766.316629058838,13716.266666666666,2.200615592072013,377.8584771087638,0.0792768308351718,2.8777497875492792,4,HYD500,500,642.2568133133163,0.0,0.0,14,0.0,0.0
Mod-Nom-Ideal,CH,HYD500,2025-Hlow,4766.316629058838,13716.266666666666,2.200615592072013,546.5637149133584,0.11467213730223445,2.8777497875492792,4,HYD500,500,642.2568133133163,0.0,0.0,14,0.0,0.0
Mod-Nom-Ideal,CH,HYD500,2030-Hhigh,4766.316629058838,13716.266666666666,2.200615592072013,360.8196416839751,0.07570198746012032,2.8777497875492792,4,HYD500,500,642.2568133133163,0.0,0.0,14,0.0,0.0
Mod-Nom-Ideal,CH,HYD500,2030-Hlow,4766.316629058838,13716.266666666666,2.200615592072013,501.1735281712734,0.10514902117827528,2.8777497875492792,4,HYD500,500,642.2568133133163,0.0,0.0,14,0.0,0.0
Mod-Nom-Ideal,CH,HYD500,2035-Hhigh,4766.316629058838,13716.266666666666,2.200615592072013,302.92863542134126,0.06355612918673384,2.8777497875492792,4,HYD500,500,642.2568133133163,0.0,0.0,14,0.0,0.0
Mod-Nom-Ideal,CH,HYD500,2035-Hlow,4766.316629058838,13716.266666666666,2.200615592072013,424.6222083977231,0.08908812431992574,2.8777497875492792,4,HYD500,500,642.2568133133163,0.0,0.0,14,0.0,0.0
Mod-Nom-Ideal,CH,HYD500,2040-Hhigh,4766.316629058838,13716.266666666666,2.200615592072013,322.54358838051814,0.06767145648991597,2.8777497875492792,4,HYD500,500,642.2568133133163,0.0,0.0,14,0.0,0.0
Mod-Nom-Ideal,CH,HYD500,2040-Hlow,4766.316629058838,13716.266666666666,2.200615592072013,492.4006426180136,0.1033084205140697,2.8777497875492792,4,HYD500,500,642.2568133133163,0.0,0.0,14,0.0,0.0
Mod-Nom-Ideal,CH,HYD500,2045-Hhigh,4766.316629058838,13716.266666666666,2.200615592072013,304.30976502992206,0.06384589793607803,2.8777497875492792,4,HYD500,500,642.2568133133163,0.0,0.0,14,0.0,0.0
Mod-Nom-Ideal,CH,HYD500,2045-Hlow,4766.316629058838,13716.266666666666,2.200615592072013,461.1904193341832,0.09676034036900531,2.8777497875492792,4,HYD500,500,642.2568133133163,0.0,0.0,14,0.0,0.0
Mod-Nom-Ideal,CH,HYD1000,2024-Hhigh,5031.000849850283,14534.8,2.452066411579337,487.0138209038262,0.09680257178217713,2.8890474149755985,5,HYD1000,1000,985.9094824104238,0.0,0.0,14,0.0,0.0
Mod-Nom-Ideal,CH,HYD1000,2024-Hlow,5031.000849850283,14534.8,2.513448810972421,771.8743797918688,0.153423623415774,2.8890474149755985,5,HYD1000,1000,985.9094824104238,0.0,0.0,14,0.0,0.0
Mod-Nom-Ideal,CH,HYD1000,2025-Hhigh,5031.000849850283,14534.8,2.513448810972421,398.0620894980819,0.07912184898754843,2.8890474149755985,5,HYD1000,1000,985.9094824104238,0.0,0.0,14,0.0,0.0
Mod-Nom-Ideal,CH,HYD1000,2025-Hlow,5031.000849850283,14534.8,2.513448810972421,570.2760691950816,0.11335240963277762,2.8890474149755985,5,HYD1000,1000,985.9094824104238,0.0,0.0,14,0.0,0.0
Mod-Nom-Ideal,CH,HYD1000,2030-Hhigh,5031.000849850283,14534.8,2.513448810972421,379.9223709752955,0.07551626054418209,2.8890474149755985,5,HYD1000,1000,985.9094824104238,0.0,0.0,14,0.0,0.0
Mod-Nom-Ideal,CH,HYD1000,2030-Hlow,5031.000849850283,14534.8,2.513448810972421,523.9043086338086,0.10413520575123723,2.8890474149755985,5,HYD1000,1000,985.9094824104238,0.0,0.0,14,0.0,0.0
Mod-Nom-Ideal,CH,HYD1000,2035-Hhigh,5031.000849850283,14534.8,2.513448810972421,319.12003116942924,0.06343072495782343,2.8890474149755985,5,HYD1000,1000,985.9094824104238,0.0,0.0,14,0.0,0.0
Mod-Nom-Ideal,CH,HYD1000,2035-Hlow,5031.000849850283,14534.8,2.513448810972421,444.3283683587472,0.08831808652387127,2.8890474149755985,5,HYD1000,1000,985.9094824104238,0.0,0.0,14,0.0,0.0
Mod-Nom-Ideal,CH,HYD1000,2040-Hhigh,5031.000849850283,14534.8,2.513448810972421,339.25024712312586,0.06743195981237443,2.8890474149755985,5,HYD1000,1000,985.9094824104238,0.0,0.0,14,0.0,0.0
Mod-Nom-Ideal,CH,HYD1000,2040-Hlow,5031.000849850283,14534.8,2.513448810972421,514.3925640378224,0.10224457903900575,2.8890474149755985,5,HYD1000,1000,985.9094824104238,0.0,0.0,14,0.0,0.0
Mod-Nom-Ideal,CH,HYD1000,2045-Hhigh,5031.000849850283,14534.8,2.513448810972421,320.1221399183613,0.06362991171585428,2.8890474149755985,5,HYD1000,1000,985.9094824104238,0.0,0.0,14,0.0,0.0
Mod-Nom-Ideal,CH,HYD1000,2045-Hlow,5031.000849850283,14534.8,2.513448810972421,481.4438051019455,0.09569543306999694,2.8890474149755985,5,HYD1000,1000,985.9094824104238,0.0,0.0,14,0.0,0.0
Mod-Nom-Ideal,CH,HYD200,2024-Hhigh,4820.136470836608,13927.9,2.073197286288487,466.04226354058466,0.09668652876537662,2.8895239967308646,5,HYD200,200,371.4449064819116,65.94824771817105,17.0,14,-619.1330879719404,173.0
Mod-Nom-Ideal,CH,HYD200,2024-Hlow,4820.136470836608,13927.9,2.1258752290446643,744.8924906451018,0.15453763501343654,2.8895239967308646,5,HYD200,200,371.4449064819116,65.94824771817105,17.0,14,-619.1330879719404,173.0
Mod-Nom-Ideal,CH,HYD200,2025-Hhigh,4820.136470836608,13927.9,2.1258752290446643,380.03480273417813,0.07884316243606632,2.8895239967308646,5,HYD200,200,371.4449064819116,65.94824771817105,17.0,14,-619.1330879719404,173.0
Mod-Nom-Ideal,CH,HYD200,2025-Hlow,4820.136470836608,13927.9,2.1258752290446643,549.0934372158254,0.11391657488081905,2.8895239967308646,5,HYD200,200,371.4449064819116,65.94824771817105,17.0,14,-619.1330879719404,173.0
Mod-Nom-Ideal,CH,HYD200,2030-Hhigh,4820.136470836608,13927.9,2.1258752290446643,361.55593816202816,0.07500948165048003,2.8895239967308646,5,HYD200,200,371.4449064819116,65.94824771817105,17.0,14,-619.1330879719404,173.0
Mod-Nom-Ideal,CH,HYD200,2030-Hlow,4820.136470836608,13927.9,2.1258752290446643,502.65167488232396,0.10428162727830009,2.8895239967308646,5,HYD200,200,371.4449064819116,65.94824771817105,17.0,14,-619.1330879719404,173.0
Mod-Nom-Ideal,CH,HYD200,2035-Hhigh,4820.136470836608,13927.9,2.1258752290446643,303.0159537753448,0.06286460053749304,2.8895239967308646,5,HYD200,200,371.4449064819116,65.94824771817105,17.0,14,-619.1330879719404,173.0
Mod-Nom-Ideal,CH,HYD200,2035-Hlow,4820.136470836608,13927.9,2.1258752290446643,424.76834870901644,0.08812371833847506,2.8895239967308646,5,HYD200,200,371.4449064819116,65.94824771817105,17.0,14,-619.1330879719404,173.0
Mod-Nom-Ideal,CH,HYD200,2040-Hhigh,4820.136470836608,13927.9,2.1258752290446643,322.80027625947685,0.06696911554528039,2.8895239967308646,5,HYD200,200,371.4449064819116,65.94824771817105,17.0,14,-619.1330879719404,173.0
Mod-Nom-Ideal,CH,HYD200,2040-Hlow,4820.136470836608,13927.9,2.1258752290446643,493.0718340529398,0.10229416470595482,2.8895239967308646,5,HYD200,200,371.4449064819116,65.94824771817105,17.0,14,-619.1330879719404,173.0
Mod-Nom-Ideal,CH,HYD200,2045-Hhigh,4820.136470836608,13927.9,2.1258752290446643,304.02478788419546,0.06307389629394193,2.8895239967308646,5,HYD200,200,371.4449064819116,65.94824771817105,17.0,14,-619.1330879719404,173.0
Mod-Nom-Ideal,CH,HYD200,2045-Hlow,4820.136470836608,13927.9,2.1258752290446643,460.9365750247874,0.09562728727985265,2.8895239967308646,5,HYD200,200,371.4449064819116,65.94824771817105,17.0,14,-619.1330879719404,173.0
Mod-Nom-Ideal,CH,HYD500,2024-Hhigh,4911.648942314777,14194.366666666667,2.243531677680413,475.07060378585805,0.09672324088414294,2.8899391697927626,5,HYD500,500,640.8716002134121,0.0,0.0,14,0.0,0.0
Mod-Nom-Ideal,CH,HYD500,2024-Hlow,4911.648942314777,14194.366666666667,2.3019569032867047,756.5449170515832,0.1540307391543819,2.8899391697927626,5,HYD500,500,640.8716002134121,0.0,0.0,14,0.0,0.0
Mod-Nom-Ideal,CH,HYD500,2025-Hhigh,4911.648942314777,14194.366666666667,2.3019569032867047,387.8560323110744,0.07896656232281218,2.8899391697927626,5,HYD500,500,640.8716002134121,0.0,0.0,14,0.0,0.0
Mod-Nom-Ideal,CH,HYD500,2025-Hlow,4911.648942314777,14194.366666666667,2.3019569032867047,558.3115624961249,0.1136709013720761,2.8899391697927626,5,HYD500,500,640.8716002134121,0.0,0.0,14,0.0,0.0
Mod-Nom-Ideal,CH,HYD500,2030-Hhigh,4911.648942314777,14194.366666666667,2.3019569032867047,369.5637204937652,0.07524229130260195,2.8899391697927626,5,HYD500,500,640.8716002134121,0.0,0.0,14,0.0,0.0
Mod-Nom-Ideal,CH,HYD500,2030-Hlow,4911.648942314777,14194.366666666667,2.3019569032867047,511.90060484240706,0.10422174118192515,2.8899391697927626,5,HYD500,500,640.8716002134121,0.0,0.0,14,0.0,0.0
Mod-Nom-Ideal,CH,HYD500,2035-Hhigh,4911.648942314777,14194.366666666667,2.3019569032867047,310.04428124503903,0.06312427555111877,2.8899391697927626,5,HYD500,500,640.8716002134121,0.0,0.0,14,0.0,0.0
Mod-Nom-Ideal,CH,HYD500,2035-Hlow,4911.648942314777,14194.366666666667,2.3019569032867047,433.31484682806604,0.08822186844319783,2.8899391697927626,5,HYD500,500,640.8716002134121,0.0,0.0,14,0.0,0.0
Mod-Nom-Ideal,CH,HYD500,2040-Hhigh,4911.648942314777,14194.366666666667,2.3019569032867047,329.9697854610268,0.06718106064508707,2.8899391697927626,5,HYD500,500,640.8716002134121,0.0,0.0,14,0.0,0.0
Mod-Nom-Ideal,CH,HYD500,2040-Hlow,4911.648942314777,14194.366666666667,2.3019569032867047,502.3335704162256,0.10227391581033564,2.8899391697927626,5,HYD500,500,640.8716002134121,0.0,0.0,14,0.0,0.0
Mod-Nom-Ideal,CH,HYD500,2045-Hhigh,4911.648942314777,14194.366666666667,2.3019569032867047,311.0712521295438,0.0633333643717096,2.8899391697927626,5,HYD500,500,640.8716002134121,0.0,0.0,14,0.0,0.0
Mod-Nom-Ideal,CH,HYD500,2045-Hlow,4911.648942314777,14194.366666666667,2.3019569032867047,469.8748032275699,0.09566538829343244,2.8899391697927626,5,HYD500,500,640.8716002134121,0.0,0.0,14,0.0,0.0
Mod-Nom-Real,AK,HYD1000,2024-Hhigh,1753.5110541591812,5620.099999999999,1.2079968599956132,158.44902167081565,0.0903610053070312,3.205055358316444,3,HYD1000,1000,877.0769073268314,0.0,0.0,6,0.0,0.0
Mod-Nom-Real,AK,HYD1000,2024-Hlow,1753.5110541591812,5620.099999999999,1.217910532519952,258.88177787882654,0.14763623945499554,3.205055358316444,3,HYD1000,1000,877.0769073268314,0.0,0.0,6,0.0,0.0
Mod-Nom-Real,AK,HYD1000,2025-Hhigh,1753.5110541591812,5620.099999999999,1.217910532519952,127.34440824585762,0.07262252949236184,3.205055358316444,3,HYD1000,1000,877.0769073268314,0.0,0.0,6,0.0,0.0
Mod-Nom-Real,AK,HYD1000,2025-Hlow,1753.5110541591812,5620.099999999999,1.217910532519952,187.1600404083068,0.10673445141071616,3.205055358316444,3,HYD1000,1000,877.0769073268314,0.0,0.0,6,0.0,0.0
Mod-Nom-Real,AK,HYD1000,2030-Hhigh,1753.5110541591812,5620.099999999999,1.217910532519952,126.63792797179374,0.0722196348129196,3.205055358316444,3,HYD1000,1000,877.0769073268314,0.0,0.0,6,0.0,0.0
Mod-Nom-Real,AK,HYD1000,2030-Hlow,1753.5110541591812,5620.099999999999,1.217910532519952,178.35695781584207,0.10171419073338278,3.205055358316444,3,HYD1000,1000,877.0769073268314,0.0,0.0,6,0.0,0.0
Mod-Nom-Real,AK,HYD1000,2035-Hhigh,1753.5110541591812,5620.099999999999,1.217910532519952,111.2637239176288,0.06345196607327942,3.205055358316444,3,HYD1000,1000,877.0769073268314,0.0,0.0,6,0.0,0.0
Mod-Nom-Real,AK,HYD1000,2035-Hlow,1753.5110541591812,5620.099999999999,1.217910532519952,159.6622699599821,0.0910529018800746,3.205055358316444,3,HYD1000,1000,877.0769073268314,0.0,0.0,6,0.0,0.0
Mod-Nom-Real,AK,HYD1000,2040-Hhigh,1753.5110541591812,5620.099999999999,1.217910532519952,115.0429056087729,0.06560717443776631,3.205055358316444,3,HYD1000,1000,877.0769073268314,0.0,0.0,6,0.0,0.0
Mod-Nom-Real,AK,HYD1000,2040-Hlow,1753.5110541591812,5620.099999999999,1.217910532519952,187.21172621076985,0.10676392701757959,3.205055358316444,3,HYD1000,1000,877.0769073268314,0.0,0.0,6,0.0,0.0
Mod-Nom-Real,AK,HYD1000,2045-Hhigh,1753.5110541591812,5620.099999999999,1.217910532519952,110.365512942962,0.06293973036621825,3.205055358316444,3,HYD1000,1000,877.0769073268314,0.0,0.0,6,0.0,0.0
Mod-Nom-Real,AK,HYD1000,2045-Hlow,1753.5110541591812,5620.099999999999,1.217910532519952,177.0536328489727,0.10097092483621152,3.205055358316444,3,HYD1000,1000,877.0769073268314,0.0,0.0,6,0.0,0.0
Mod-Nom-Real,AK,HYD200,2024-Hhigh,1390.5198662101411,5075.166666666667,0.8819544368449641,125.98670485892599,0.09060403085236206,3.6498339865499534,3,HYD200,200,326.57489284767917,200.65604515720958,56.0,11.2,-639.5535708024557,135.0
Mod-Nom-Real,AK,HYD200,2024-Hlow,1390.5198662101411,5075.166666666667,0.8869560694697572,211.87727950188022,0.15237270940928827,3.6498339865499534,3,HYD200,200,326.57489284767917,200.65604515720958,56.0,11.2,-639.5535708024557,135.0
Mod-Nom-Real,AK,HYD200,2025-Hhigh,1390.5198662101411,5075.166666666667,0.8869560694697572,101.47464545502335,0.07297604868572807,3.6498339865499534,3,HYD200,200,326.57489284767917,200.65604515720958,56.0,11.2,-639.5535708024557,135.0
Mod-Nom-Real,AK,HYD200,2025-Hlow,1390.5198662101411,5075.166666666667,0.8869560694697572,152.1451437057904,0.10941601583907007,3.6498339865499534,3,HYD200,200,326.57489284767917,200.65604515720958,56.0,11.2,-639.5535708024557,135.0
Mod-Nom-Real,AK,HYD200,2030-Hhigh,1390.5198662101411,5075.166666666667,0.8869560694697572,100.75145689217092,0.07245596365823151,3.6498339865499534,3,HYD200,200,326.57489284767917,200.65604515720958,56.0,11.2,-639.5535708024557,135.0
Mod-Nom-Real,AK,HYD200,2030-Hlow,1390.5198662101411,5075.166666666667,0.8869560694697572,144.43991461284992,0.1038747580115634,3.6498339865499534,3,HYD200,200,326.57489284767917,200.65604515720958,56.0,11.2,-639.5535708024557,135.0
Mod-Nom-Real,AK,HYD200,2035-Hhigh,1390.5198662101411,5075.166666666667,0.8869560694697572,88.55293989134137,0.0636833331498472,3.6498339865499534,3,HYD200,200,326.57489284767917,200.65604515720958,56.0,11.2,-639.5535708024557,135.0
Mod-Nom-Real,AK,HYD200,2035-Hlow,1390.5198662101411,5075.166666666667,0.8869560694697572,128.8622209345286,0.09267197403352626,3.6498339865499534,3,HYD200,200,326.57489284767917,200.65604515720958,56.0,11.2,-639.5535708024557,135.0
Mod-Nom-Real,AK,HYD200,2040-Hhigh,1390.5198662101411,5075.166666666667,0.8869560694697572,91.64151349105245,0.06590449781981267,3.6498339865499534,3,HYD200,200,326.57489284767917,200.65604515720958,56.0,11.2,-639.5535708024557,135.0
Mod-Nom-Real,AK,HYD200,2040-Hlow,1390.5198662101411,5075.166666666667,0.8869560694697572,152.50023899552247,0.10967138456724214,3.6498339865499534,3,HYD200,200,326.57489284767917,200.65604515720958,56.0,11.2,-639.5535708024557,135.0
Mod-Nom-Real,AK,HYD200,2045-Hhigh,1390.5198662101411,5075.166666666667,0.8869560694697572,87.72404691537365,0.06308723021301763,3.6498339865499534,3,HYD200,200,326.57489284767917,200.65604515720958,56.0,11.2,-639.5535708024557,135.0
Mod-Nom-Real,AK,HYD200,2045-Hlow,1390.5198662101411,5075.166666666667,0.8869560694697572,144.13127463394477,0.10365279787535452,3.6498339865499534,3,HYD200,200,326.57489284767917,200.65604515720958,56.0,11.2,-639.5535708024557,135.0
Mod-Nom-Real,AK,HYD500,2024-Hhigh,1747.0788498746808,5313.208333333333,1.209131163941585,157.82087423030853,0.0903341450453877,3.0411954982538156,3,HYD500,500,566.7412205237513,0.0,0.0,8.5,0.0,0.0
Mod-Nom-Real,AK,HYD500,2024-Hlow,1747.0788498746808,5313.208333333333,1.2162134816325667,260.6423541961596,0.14918751618729495,3.0411954982538156,3,HYD500,500,566.7412205237513,0.0,0.0,8.5,0.0,0.0
Mod-Nom-Real,AK,HYD500,2025-Hhigh,1747.0788498746808,5313.208333333333,1.2162134816325667,126.9398007973239,0.07265831236319378,3.0411954982538156,3,HYD500,500,566.7412205237513,0.0,0.0,8.5,0.0,0.0
Mod-Nom-Real,AK,HYD500,2025-Hlow,1747.0788498746808,5313.208333333333,1.2162134816325667,188.0444806596337,0.10763365412678556,3.0411954982538156,3,HYD500,500,566.7412205237513,0.0,0.0,8.5,0.0,0.0
Mod-Nom-Real,AK,HYD500,2030-Hhigh,1747.0788498746808,5313.208333333333,1.2162134816325667,126.2333631319869,0.0722539587386349,3.0411954982538156,3,HYD500,500,566.7412205237513,0.0,0.0,8.5,0.0,0.0
Mod-Nom-Real,AK,HYD500,2030-Hlow,1747.0788498746808,5313.208333333333,1.2162134816325667,178.92498872289116,0.10241380275179084,3.0411954982538156,3,HYD500,500,566.7412205237513,0.0,0.0,8.5,0.0,0.0
Mod-Nom-Real,AK,HYD500,2035-Hhigh,1747.0788498746808,5313.208333333333,1.2162134816325667,110.95831438188546,0.06351076506354855,3.0411954982538156,3,HYD500,500,566.7412205237513,0.0,0.0,8.5,0.0,0.0
Mod-Nom-Real,AK,HYD500,2035-Hlow,1747.0788498746808,5313.208333333333,1.2162134816325667,160.11757569590566,0.09164874024282933,3.0411954982538156,3,HYD500,500,566.7412205237513,0.0,0.0,8.5,0.0,0.0
Mod-Nom-Real,AK,HYD500,2040-Hhigh,1747.0788498746808,5313.208333333333,1.2162134816325667,114.7306436936495,0.06566998604663962,3.0411954982538156,3,HYD500,500,566.7412205237513,0.0,0.0,8.5,0.0,0.0
Mod-Nom-Real,AK,HYD500,2040-Hlow,1747.0788498746808,5313.208333333333,1.2162134816325667,188.1482062789154,0.10769302501281577,3.0411954982538156,3,HYD500,500,566.7412205237513,0.0,0.0,8.5,0.0,0.0
Mod-Nom-Real,AK,HYD500,2045-Hhigh,1747.0788498746808,5313.208333333333,1.2162134816325667,110.0863796157821,0.06301168354460858,3.0411954982538156,3,HYD500,500,566.7412205237513,0.0,0.0,8.5,0.0,0.0
Mod-Nom-Real,AK,HYD500,2045-Hlow,1747.0788498746808,5313.208333333333,1.2162134816325667,177.7443622513352,0.10173803103625513,3.0411954982538156,3,HYD500,500,566.7412205237513,0.0,0.0,8.5,0.0,0.0
Mod-Nom-Real,AK,HYD1000,2024-Hhigh,1886.5884682404328,6091.299999999999,1.2065015835974948,170.99897968891068,0.09063925841145236,3.2287380647890744,4,HYD1000,1000,868.9750492516317,0.0,0.0,6,0.0,0.0
Mod-Nom-Real,AK,HYD1000,2024-Hlow,1886.5884682404328,6091.299999999999,1.2186868475988224,271.898549757139,0.14412181264456206,3.2287380647890744,4,HYD1000,1000,868.9750492516317,0.0,0.0,6,0.0,0.0
Mod-Nom-Real,AK,HYD1000,2025-Hhigh,1886.5884682404328,6091.299999999999,1.2186868475988224,136.2163789631738,0.07220248679364553,3.2287380647890744,4,HYD1000,1000,868.9750492516317,0.0,0.0,6,0.0,0.0
Mod-Nom-Real,AK,HYD1000,2025-Hlow,1886.5884682404328,6091.299999999999,1.2186868475988224,196.87846668758704,0.10435686955683025,3.2287380647890744,4,HYD1000,1000,868.9750492516317,0.0,0.0,6,0.0,0.0
Mod-Nom-Real,AK,HYD1000,2030-Hhigh,1886.5884682404328,6091.299999999999,1.2186868475988224,134.46947729220315,0.07127652880101562,3.2287380647890744,4,HYD1000,1000,868.9750492516317,0.0,0.0,6,0.0,0.0
Mod-Nom-Real,AK,HYD1000,2030-Hlow,1886.5884682404328,6091.299999999999,1.2186868475988224,187.32771594567268,0.09929442435338741,3.2287380647890744,4,HYD1000,1000,868.9750492516317,0.0,0.0,6,0.0,0.0
Mod-Nom-Real,AK,HYD1000,2035-Hhigh,1886.5884682404328,6091.299999999999,1.2186868475988224,117.15898207590084,0.06210097435036888,3.2287380647890744,4,HYD1000,1000,868.9750492516317,0.0,0.0,6,0.0,0.0
Mod-Nom-Real,AK,HYD1000,2035-Hlow,1886.5884682404328,6091.299999999999,1.2186868475988224,166.6591418433832,0.08833889565688982,3.2287380647890744,4,HYD1000,1000,868.9750492516317,0.0,0.0,6,0.0,0.0
Mod-Nom-Real,AK,HYD1000,2040-Hhigh,1886.5884682404328,6091.299999999999,1.2186868475988224,121.04386550241895,0.06416018519148117,3.2287380647890744,4,HYD1000,1000,868.9750492516317,0.0,0.0,6,0.0,0.0
Mod-Nom-Real,AK,HYD1000,2040-Hlow,1886.5884682404328,6091.299999999999,1.2186868475988224,194.8983475925562,0.10330729296481513,3.2287380647890744,4,HYD1000,1000,868.9750492516317,0.0,0.0,6,0.0,0.0
Mod-Nom-Real,AK,HYD1000,2045-Hhigh,1886.5884682404328,6091.299999999999,1.2186868475988224,115.67100616373699,0.061312261847768015,3.2287380647890744,4,HYD1000,1000,868.9750492516317,0.0,0.0,6,0.0,0.0
Mod-Nom-Real,AK,HYD1000,2045-Hlow,1886.5884682404328,6091.299999999999,1.2186868475988224,183.58600548736354,0.09731110339001964,3.2287380647890744,4,HYD1000,1000,868.9750492516317,0.0,0.0,6,0.0,0.0
Mod-Nom-Real,AK,HYD200,2024-Hhigh,1504.8334029991204,5552.499999999999,0.8704189682807107,136.6326192922604,0.09079584425754553,3.6897772131678583,4,HYD200,200,325.0457647638569,646.12993678009,112.0,11.2,-535.5485827534537,117.0
Mod-Nom-Real,AK,HYD200,2024-Hlow,1504.8334029991204,5552.499999999999,0.8770912771952661,223.0280656739742,0.14820781172818276,3.6897772131678583,4,HYD200,200,325.0457647638569,646.12993678009,112.0,11.2,-535.5485827534537,117.0
Mod-Nom-Real,AK,HYD200,2025-Hhigh,1504.8334029991204,5552.499999999999,0.8770912771952661,108.84225365540274,0.07232844076858012,3.6897772131678583,4,HYD200,200,325.0457647638569,646.12993678009,112.0,11.2,-535.5485827534537,117.0
Mod-Nom-Real,AK,HYD200,2025-Hlow,1504.8334029991204,5552.499999999999,0.8770912771952661,160.5075033269928,0.10666131081826247,3.6897772131678583,4,HYD200,200,325.0457647638569,646.12993678009,112.0,11.2,-535.5485827534537,117.0
Mod-Nom-Real,AK,HYD200,2030-Hhigh,1504.8334029991204,5552.499999999999,0.8770912771952661,106.97919125385637,0.0710903885045665,3.6897772131678583,4,HYD200,200,325.0457647638569,646.12993678009,112.0,11.2,-535.5485827534537,117.0
Mod-Nom-Real,AK,HYD200,2030-Hlow,1504.8334029991204,5552.499999999999,0.8770912771952661,151.6630787849538,0.10078396617372432,3.6897772131678583,4,HYD200,200,325.0457647638569,646.12993678009,112.0,11.2,-535.5485827534537,117.0
Mod-Nom-Real,AK,HYD200,2035-Hhigh,1504.8334029991204,5552.499999999999,0.8770912771952661,93.08398460351812,0.06185667092317496,3.6897772131678583,4,HYD200,200,325.0457647638569,646.12993678009,112.0,11.2,-535.5485827534537,117.0
Mod-Nom-Real,AK,HYD200,2035-Hlow,1504.8334029991204,5552.499999999999,0.8770912771952661,134.14565422841534,0.08914319283520965,3.6897772131678583,4,HYD200,200,325.0457647638569,646.12993678009,112.0,11.2,-535.5485827534537,117.0
Mod-Nom-Real,AK,HYD200,2040-Hhigh,1504.8334029991204,5552.499999999999,0.8770912771952661,96.1927210456947,0.06392250521152934,3.6897772131678583,4,HYD200,200,325.0457647638569,646.12993678009,112.0,11.2,-535.5485827534537,117.0
Mod-Nom-Real,AK,HYD200,2040-Hlow,1504.8334029991204,5552.499999999999,0.8770912771952661,158.4463520914067,0.10529162349508221,3.6897772131678583,4,HYD200,200,325.0457647638569,646.12993678009,112.0,11.2,-535.5485827534537,117.0
Mod-Nom-Real,AK,HYD200,2045-Hhigh,1504.8334029991204,5552.499999999999,0.8770912771952661,91.56706642964451,0.06084864028612876,3.6897772131678583,4,HYD200,200,325.0457647638569,646.12993678009,112.0,11.2,-535.5485827534537,117.0
Mod-Nom-Real,AK,HYD200,2045-Hlow,1504.8334029991204,5552.499999999999,0.8770912771952661,148.82062513340892,0.09889508355995465,3.6897772131678583,4,HYD200,200,325.0457647638569,646.12993678009,112.0,11.2,-535.5485827534537,117.0
Mod-Nom-Real,AK,HYD500,2024-Hhigh,1888.3594702850246,5787.933333333333,1.2159418767252534,171.04807565483037,0.09058025145446104,3.0650590760983216,4,HYD500,500,562.1872507368138,0.0,0.0,8.5,0.0,0.0
Mod-Nom-Real,AK,HYD500,2024-Hlow,1888.3594702850246,5787.933333333333,1.224718042360502,274.3481752249042,0.1452838718167864,3.0650590760983216,4,HYD500,500,562.1872507368138,0.0,0.0,8.5,0.0,0.0
Mod-Nom-Real,AK,HYD500,2025-Hhigh,1888.3594702850246,5787.933333333333,1.224718042360502,136.15691424007946,0.0721032813839879,3.0650590760983216,4,HYD500,500,562.1872507368138,0.0,0.0,8.5,0.0,0.0
Mod-Nom-Real,AK,HYD500,2025-Hlow,1888.3594702850246,5787.933333333333,1.224718042360502,198.19785936287994,0.1049576960751887,3.0650590760983216,4,HYD500,500,562.1872507368138,0.0,0.0,8.5,0.0,0.0
Mod-Nom-Real,AK,HYD500,2030-Hhigh,1888.3594702850246,5787.933333333333,1.224718042360502,134.20122634254986,0.0710676269292593,3.0650590760983216,4,HYD500,500,562.1872507368138,0.0,0.0,8.5,0.0,0.0
Mod-Nom-Real,AK,HYD500,2030-Hlow,1888.3594702850246,5787.933333333333,1.224718042360502,188.07050531510419,0.09959465254076717,3.0650590760983216,4,HYD500,500,562.1872507368138,0.0,0.0,8.5,0.0,0.0
Mod-Nom-Real,AK,HYD500,2035-Hhigh,1888.3594702850246,5787.933333333333,1.224718042360502,116.86804092336348,0.06188866196419884,3.0650590760983216,4,HYD500,500,562.1872507368138,0.0,0.0,8.5,0.0,0.0
Mod-Nom-Real,AK,HYD500,2035-Hlow,1888.3594702850246,5787.933333333333,1.224718042360502,166.99334180233762,0.08843302582486164,3.0650590760983216,4,HYD500,500,562.1872507368138,0.0,0.0,8.5,0.0,0.0
Mod-Nom-Real,AK,HYD500,2040-Hhigh,1888.3594702850246,5787.933333333333,1.224718042360502,120.7183347050822,0.06392762427106173,3.0650590760983216,4,HYD500,500,562.1872507368138,0.0,0.0,8.5,0.0,0.0
Mod-Nom-Real,AK,HYD500,2040-Hlow,1888.3594702850246,5787.933333333333,1.224718042360502,195.83520323802264,0.103706527448645,3.0650590760983216,4,HYD500,500,562.1872507368138,0.0,0.0,8.5,0.0,0.0
Mod-Nom-Real,AK,HYD500,2045-Hhigh,1888.3594702850246,5787.933333333333,1.224718042360502,115.2474407312834,0.06103045661845741,3.0650590760983216,4,HYD500,500,562.1872507368138,0.0,0.0,8.5,0.0,0.0
Mod-Nom-Real,AK,HYD500,2045-Hlow,1888.3594702850246,5787.933333333333,1.224718042360502,183.95911236325537,0.09741742250774373,3.0650590760983216,4,HYD500,500,562.1872507368138,0.0,0.0,8.5,0.0,0.0
Mod-Nom-Real,AK,HYD1000,2024-Hhigh,2026.8950351086194,6565.6,1.2855933509555342,183.52752474158632,0.09054614154291973,3.23924025974446,5,HYD1000,1000,864.9125418855425,0.0,0.0,6,0.0,0.0
Mod-Nom-Real,AK,HYD1000,2024-Hlow,2026.8950351086194,6565.6,1.3131490685028102,287.5407645444923,0.1418626813741656,3.23924025974446,5,HYD1000,1000,864.9125418855425,0.0,0.0,6,0.0,0.0
Mod-Nom-Real,AK,HYD1000,2025-Hhigh,2026.8950351086194,6565.6,1.3131490685028102,145.92822898274983,0.07199594772056347,3.23924025974446,5,HYD1000,1000,864.9125418855425,0.0,0.0,6,0.0,0.0
Mod-Nom-Real,AK,HYD1000,2025-Hlow,2026.8950351086194,6565.6,1.3131490685028102,208.4489196772012,0.10284149700235001,3.23924025974446,5,HYD1000,1000,864.9125418855425,0.0,0.0,6,0.0,0.0
Mod-Nom-Real,AK,HYD1000,2030-Hhigh,2026.8950351086194,6565.6,1.3131490685028102,143.2487635620975,0.0706739920325578,3.23924025974446,5,HYD1000,1000,864.9125418855425,0.0,0.0,6,0.0,0.0
Mod-Nom-Real,AK,HYD1000,2030-Hlow,2026.8950351086194,6565.6,1.3131490685028102,198.0373237957227,0.09770477521797771,3.23924025974446,5,HYD1000,1000,864.9125418855425,0.0,0.0,6,0.0,0.0
Mod-Nom-Real,AK,HYD1000,2035-Hhigh,2026.8950351086194,6565.6,1.3131490685028102,124.39341837586389,0.061371415994019525,3.23924025974446,5,HYD1000,1000,864.9125418855425,0.0,0.0,6,0.0,0.0
Mod-Nom-Real,AK,HYD1000,2035-Hlow,2026.8950351086194,6565.6,1.3131490685028102,175.30704944774183,0.08649044297370204,3.23924025974446,5,HYD1000,1000,864.9125418855425,0.0,0.0,6,0.0,0.0
Mod-Nom-Real,AK,HYD1000,2040-Hhigh,2026.8950351086194,6565.6,1.3131490685028102,128.50552067768396,0.06340018523494853,3.23924025974446,5,HYD1000,1000,864.9125418855425,0.0,0.0,6,0.0,0.0
Mod-Nom-Real,AK,HYD1000,2040-Hlow,2026.8950351086194,6565.6,1.3131490685028102,204.57994282434757,0.10093267746022394,3.23924025974446,5,HYD1000,1000,864.9125418855425,0.0,0.0,6,0.0,0.0
Mod-Nom-Real,AK,HYD1000,2045-Hhigh,2026.8950351086194,6565.6,1.3131490685028102,122.50840749129259,0.06044141673312031,3.23924025974446,5,HYD1000,1000,864.9125418855425,0.0,0.0,6,0.0,0.0
Mod-Nom-Real,AK,HYD1000,2045-Hlow,2026.8950351086194,6565.6,1.3131490685028102,192.11179965501168,0.09478132627855423,3.23924025974446,5,HYD1000,1000,864.9125418855425,0.0,0.0,6,0.0,0.0
Mod-Nom-Real,AK,HYD200,2024-Hhigh,1625.220018566491,6030.666666666666,0.9189196685644119,147.09953764050968,0.09051053762570396,3.7106770761942465,5,HYD200,200,323.9034872805716,733.2834933529473,136.0,11.2,-781.2545804521584,188.0
Mod-Nom-Real,AK,HYD200,2024-Hlow,1625.220018566491,6030.666666666666,0.9415678844745572,236.51737398805474,0.1455294491121716,3.7106770761942465,5,HYD200,200,323.9034872805716,733.2834933529473,136.0,11.2,-781.2545804521584,188.0
Mod-Nom-Real,AK,HYD200,2025-Hhigh,1625.220018566491,6030.666666666666,0.9415678844745572,116.90592253009994,0.07193236681468866,3.7106770761942465,5,HYD200,200,323.9034872805716,733.2834933529473,136.0,11.2,-781.2545804521584,188.0
Mod-Nom-Real,AK,HYD200,2025-Hlow,1625.220018566491,6030.666666666666,0.9415678844745572,170.1828931753602,0.10471375643370939,3.7106770761942465,5,HYD200,200,323.9034872805716,733.2834933529473,136.0,11.2,-781.2545804521584,188.0
Mod-Nom-Real,AK,HYD200,2030-Hhigh,1625.220018566491,6030.666666666666,0.9415678844745572,114.04532548706428,0.07017223771810097,3.7106770761942465,5,HYD200,200,323.9034872805716,733.2834933529473,136.0,11.2,-781.2545804521584,188.0
Mod-Nom-Real,AK,HYD200,2030-Hlow,1625.220018566491,6030.666666666666,0.9415678844745572,160.6216926070852,0.09883073723689421,3.7106770761942465,5,HYD200,200,323.9034872805716,733.2834933529473,136.0,11.2,-781.2545804521584,188.0
Mod-Nom-Real,AK,HYD200,2035-Hhigh,1625.220018566491,6030.666666666666,0.9415678844745572,98.88464087203094,0.0608438486742559,3.7106770761942465,5,HYD200,200,323.9034872805716,733.2834933529473,136.0,11.2,-781.2545804521584,188.0
Mod-Nom-Real,AK,HYD200,2035-Hlow,1625.220018566491,6030.666666666666,0.9415678844745572,141.32112218437175,0.08695507104879413,3.7106770761942465,5,HYD200,200,323.9034872805716,733.2834933529473,136.0,11.2,-781.2545804521584,188.0
Mod-Nom-Real,AK,HYD200,2040-Hhigh,1625.220018566491,6030.666666666666,0.9415678844745572,102.29412027711965,0.06294170580506825,3.7106770761942465,5,HYD200,200,323.9034872805716,733.2834933529473,136.0,11.2,-781.2545804521584,188.0
Mod-Nom-Real,AK,HYD200,2040-Hlow,1625.220018566491,6030.666666666666,0.9415678844745572,166.54814776873758,0.10247729283795046,3.7106770761942465,5,HYD200,200,323.9034872805716,733.2834933529473,136.0,11.2,-781.2545804521584,188.0
Mod-Nom-Real,AK,HYD200,2045-Hhigh,1625.220018566491,6030.666666666666,0.9415678844745572,97.06261632127763,0.059722754588569946,3.7106770761942465,5,HYD200,200,323.9034872805716,733.2834933529473,136.0,11.2,-781.2545804521584,188.0
Mod-Nom-Real,AK,HYD200,2045-Hlow,1625.220018566491,6030.666666666666,0.9415678844745572,155.95627253463218,0.09596009817316417,3.7106770761942465,5,HYD200,200,323.9034872805716,733.2834933529473,136.0,11.2,-781.2545804521584,188.0
Mod-Nom-Real,AK,HYD500,2024-Hhigh,2036.0327424062093,6264.641666666666,1.2896666194754838,183.97204692812775,0.09035809842169201,3.0768865039287303,5,HYD500,500,560.1341997550497,0.0,0.0,8.5,0.0,0.0
Mod-Nom-Real,AK,HYD500,2024-Hlow,2036.0327424062093,6264.641666666666,1.3199029080311429,290.7165432013167,0.14278578980893217,3.0768865039287303,5,HYD500,500,560.1341997550497,0.0,0.0,8.5,0.0,0.0
Mod-Nom-Real,AK,HYD500,2025-Hhigh,2036.0327424062093,6264.641666666666,1.3199029080311429,146.12559205526148,0.0717697652949178,3.0768865039287303,5,HYD500,500,560.1341997550497,0.0,0.0,8.5,0.0,0.0
Mod-Nom-Real,AK,HYD500,2025-Hlow,2036.0327424062093,6264.641666666666,1.3199029080311429,210.1033549688323,0.10319252269024391,3.0768865039287303,5,HYD500,500,560.1341997550497,0.0,0.0,8.5,0.0,0.0
Mod-Nom-Real,AK,HYD500,2030-Hhigh,2036.0327424062093,6264.641666666666,1.3199029080311429,143.0297114189899,0.07024921969081675,3.0768865039287303,5,HYD500,500,560.1341997550497,0.0,0.0,8.5,0.0,0.0
Mod-Nom-Real,AK,HYD500,2030-Hlow,2036.0327424062093,6264.641666666666,1.3199029080311429,199.07614533396662,0.09777649503745009,3.0768865039287303,5,HYD500,500,560.1341997550497,0.0,0.0,8.5,0.0,0.0
Mod-Nom-Real,AK,HYD500,2035-Hhigh,2036.0327424062093,6264.641666666666,1.3199029080311429,124.03842300440421,0.06092162489381876,3.0768865039287303,5,HYD500,500,560.1341997550497,0.0,0.0,8.5,0.0,0.0
Mod-Nom-Real,AK,HYD500,2035-Hlow,2036.0327424062093,6264.641666666666,1.3199029080311429,175.71660890449212,0.08630342982442807,3.0768865039287303,5,HYD500,500,560.1341997550497,0.0,0.0,8.5,0.0,0.0
Mod-Nom-Real,AK,HYD500,2040-Hhigh,2036.0327424062093,6264.641666666666,1.3199029080311429,128.20658856415523,0.0629688245645004,3.0768865039287303,5,HYD500,500,560.1341997550497,0.0,0.0,8.5,0.0,0.0
Mod-Nom-Real,AK,HYD500,2040-Hlow,2036.0327424062093,6264.641666666666,1.3199029080311429,205.48167443113564,0.10092257857714744,3.0768865039287303,5,HYD500,500,560.1341997550497,0.0,0.0,8.5,0.0,0.0
Mod-Nom-Real,AK,HYD500,2045-Hhigh,2036.0327424062093,6264.641666666666,1.3199029080311429,121.95616242446164,0.059898920034229065,3.0768865039287303,5,HYD500,500,560.1341997550497,0.0,0.0,8.5,0.0,0.0
Mod-Nom-Real,AK,HYD500,2045-Hlow,2036.0327424062093,6264.641666666666,1.3199029080311429,192.4864879587785,0.09453997666623747,3.0768865039287303,5,HYD500,500,560.1341997550497,0.0,0.0,8.5,0.0,0.0
Mod-Nom-Real,CH,HYD1000,2024-Hhigh,3964.1071876554593,11581.5,2.64621499201827,392.1010087935163,0.0989128169930797,2.921591029643623,3,HYD1000,1000,989.1624750525001,0.0,0.0,14,0.0,0.0
Mod-Nom-Real,CH,HYD1000,2024-Hlow,3964.1071876554593,11581.5,2.685109454181308,605.6872443058382,0.15279285237089346,2.921591029643623,3,HYD1000,1000,989.1624750525001,0.0,0.0,14,0.0,0.0
Mod-Nom-Real,CH,HYD1000,2025-Hhigh,3964.1071876554593,11581.5,2.685109454181308,315.1861369118848,0.07950999354744975,2.921591029643623,3,HYD1000,1000,989.1624750525001,0.0,0.0,14,0.0,0.0
Mod-Nom-Real,CH,HYD1000,2025-Hlow,3964.1071876554593,11581.5,2.685109454181308,434.0802830712313,0.10950266037785036,2.921591029643623,3,HYD1000,1000,989.1624750525001,0.0,0.0,14,0.0,0.0
Mod-Nom-Real,CH,HYD1000,2030-Hhigh,3964.1071876554593,11581.5,2.685109454181308,306.89417586273527,0.07741823349742605,2.921591029643623,3,HYD1000,1000,989.1624750525001,0.0,0.0,14,0.0,0.0
Mod-Nom-Real,CH,HYD1000,2030-Hlow,3964.1071876554593,11581.5,2.685109454181308,413.2114735534268,0.10423821909765703,2.921591029643623,3,HYD1000,1000,989.1624750525001,0.0,0.0,14,0.0,0.0
Mod-Nom-Real,CH,HYD1000,2035-Hhigh,3964.1071876554593,11581.5,2.685109454181308,266.0979639618553,0.0671268337017993,2.921591029643623,3,HYD1000,1000,989.1624750525001,0.0,0.0,14,0.0,0.0
Mod-Nom-Real,CH,HYD1000,2035-Hlow,3964.1071876554593,11581.5,2.685109454181308,366.9984591315608,0.09258035712919742,2.921591029643623,3,HYD1000,1000,989.1624750525001,0.0,0.0,14,0.0,0.0
Mod-Nom-Real,CH,HYD1000,2040-Hhigh,3964.1071876554593,11581.5,2.685109454181308,274.04434325116074,0.06913141604862662,2.921591029643623,3,HYD1000,1000,989.1624750525001,0.0,0.0,14,0.0,0.0
Mod-Nom-Real,CH,HYD1000,2040-Hlow,3964.1071876554593,11581.5,2.685109454181308,425.02885425213555,0.10721931424450598,2.921591029643623,3,HYD1000,1000,989.1624750525001,0.0,0.0,14,0.0,0.0
Mod-Nom-Real,CH,HYD1000,2045-Hhigh,3964.1071876554593,11581.5,2.685109454181308,260.9965374540181,0.06583992942137937,2.921591029643623,3,HYD1000,1000,989.1624750525001,0.0,0.0,14,0.0,0.0
Mod-Nom-Real,CH,HYD1000,2045-Hlow,3964.1071876554593,11581.5,2.685109454181308,398.2020341945354,0.10045188370147198,2.921591029643623,3,HYD1000,1000,989.1624750525001,0.0,0.0,14,0.0,0.0
Mod-Nom-Real,CH,HYD200,2024-Hhigh,3754.976634960388,10969.233333333334,2.242597718777633,371.31121717075916,0.09888509390809463,2.9212520874844405,3,HYD200,200,370.133769179482,26.816891140530107,12.0,14,-696.6650431838294,131.0
Mod-Nom-Real,CH,HYD200,2024-Hlow,3754.976634960388,10969.233333333334,2.2814921809406705,579.533418938901,0.15433742344578255,2.9212520874844405,3,HYD200,200,370.133769179482,26.816891140530107,12.0,14,-696.6650431838294,131.0
Mod-Nom-Real,CH,HYD200,2025-Hhigh,3754.976634960388,10969.233333333334,2.2814921809406705,298.09965612356586,0.07938788575889782,2.9212520874844405,3,HYD200,200,370.133769179482,26.816891140530107,12.0,14,-696.6650431838294,131.0
Mod-Nom-Real,CH,HYD200,2025-Hlow,3754.976634960388,10969.233333333334,2.2814921809406705,414.40864096987286,0.11036250854707237,2.9212520874844405,3,HYD200,200,370.133769179482,26.816891140530107,12.0,14,-696.6650431838294,131.0
Mod-Nom-Real,CH,HYD200,2030-Hhigh,3754.976634960388,10969.233333333334,2.2814921809406705,289.4963430760824,0.07709670957223848,2.9212520874844405,3,HYD200,200,370.133769179482,26.816891140530107,12.0,14,-696.6650431838294,131.0
Mod-Nom-Real,CH,HYD200,2030-Hlow,3754.976634960388,10969.233333333334,2.2814921809406705,393.2012066166234,0.10471468795724513,2.9212520874844405,3,HYD200,200,370.133769179482,26.816891140530107,12.0,14,-696.6650431838294,131.0
Mod-Nom-Real,CH,HYD200,2035-Hhigh,3754.976634960388,10969.233333333334,2.2814921809406705,250.43245718125982,0.06669347948789611,2.9212520874844405,3,HYD200,200,370.133769179482,26.816891140530107,12.0,14,-696.6650431838294,131.0
Mod-Nom-Real,CH,HYD200,2035-Hlow,3754.976634960388,10969.233333333334,2.2814921809406705,348.1513781675079,0.09271732210690058,2.9212520874844405,3,HYD200,200,370.133769179482,26.816891140530107,12.0,14,-696.6650431838294,131.0
Mod-Nom-Real,CH,HYD200,2040-Hhigh,3754.976634960388,10969.233333333334,2.2814921809406705,258.4436917860794,0.06882697734517482,2.9212520874844405,3,HYD200,200,370.133769179482,26.816891140530107,12.0,14,-696.6650431838294,131.0
Mod-Nom-Real,CH,HYD200,2040-Hlow,3754.976634960388,10969.233333333334,2.2814921809406705,404.03590640209535,0.10760011197948709,2.9212520874844405,3,HYD200,200,370.133769179482,26.816891140530107,12.0,14,-696.6650431838294,131.0
Mod-Nom-Real,CH,HYD200,2045-Hhigh,3754.976634960388,10969.233333333334,2.2814921809406705,245.77090038461756,0.06545204518621732,2.9212520874844405,3,HYD200,200,370.133769179482,26.816891140530107,12.0,14,-696.6650431838294,131.0
Mod-Nom-Real,CH,HYD200,2045-Hlow,3754.976634960388,10969.233333333334,2.2814921809406705,378.27059421816836,0.10073846816949869,2.9212520874844405,3,HYD200,200,370.133769179482,26.816891140530107,12.0,14,-696.6650431838294,131.0
Mod-Nom-Real,CH,HYD500,2024-Hhigh,3846.5090033130023,11237.1,2.439865893144062,380.56013477508804,0.09893649915996848,2.921376237601803,3,HYD500,500,641.0984821868343,0.0,0.0,14,0.0,0.0
Mod-Nom-Real,CH,HYD500,2024-Hlow,3846.5090033130023,11237.1,2.4787603553071,591.0490527577083,0.1536585647527764,2.921376237601803,3,HYD500,500,641.0984821868343,0.0,0.0,14,0.0,0.0
Mod-Nom-Real,CH,HYD500,2025-Hhigh,3846.5090033130023,11237.1,2.4787603553071,305.8096445979481,0.07950316620461668,2.921376237601803,3,HYD500,500,641.0984821868343,0.0,0.0,14,0.0,0.0
Mod-Nom-Real,CH,HYD500,2025-Hlow,3846.5090033130023,11237.1,2.4787603553071,423.1673346956581,0.11001334829352633,2.921376237601803,3,HYD500,500,641.0984821868343,0.0,0.0,14,0.0,0.0
Mod-Nom-Real,CH,HYD500,2030-Hhigh,3846.5090033130023,11237.1,2.4787603553071,297.4200336694886,0.0773220687676333,2.921376237601803,3,HYD500,500,641.0984821868343,0.0,0.0,14,0.0,0.0
Mod-Nom-Real,CH,HYD500,2030-Hlow,3846.5090033130023,11237.1,2.4787603553071,402.1635509313127,0.10455286874018203,2.921376237601803,3,HYD500,500,641.0984821868343,0.0,0.0,14,0.0,0.0
Mod-Nom-Real,CH,HYD500,2035-Hhigh,3846.5090033130023,11237.1,2.4787603553071,257.6308425795598,0.06697783427977475,2.921376237601803,3,HYD500,500,641.0984821868343,0.0,0.0,14,0.0,0.0
Mod-Nom-Real,CH,HYD500,2035-Hlow,3846.5090033130023,11237.1,2.4787603553071,356.79174036860366,0.09275728720803683,2.921376237601803,3,HYD500,500,641.0984821868343,0.0,0.0,14,0.0,0.0
Mod-Nom-Real,CH,HYD500,2040-Hhigh,3846.5090033130023,11237.1,2.4787603553071,265.51834668238416,0.0690283959958739,2.921376237601803,3,HYD500,500,641.0984821868343,0.0,0.0,14,0.0,0.0
Mod-Nom-Real,CH,HYD500,2040-Hlow,3846.5090033130023,11237.1,2.4787603553071,413.6139835068824,0.10752970632608327,2.921376237601803,3,HYD500,500,641.0984821868343,0.0,0.0,14,0.0,0.0
Mod-Nom-Real,CH,HYD500,2045-Hhigh,3846.5090033130023,11237.1,2.4787603553071,252.75600746995647,0.06571049417855448,2.921376237601803,3,HYD500,500,641.0984821868343,0.0,0.0,14,0.0,0.0
Mod-Nom-Real,CH,HYD500,2045-Hlow,3846.5090033130023,11237.1,2.4787603553071,387.3875104608521,0.10071145293750641,2.921376237601803,3,HYD500,500,641.0984821868343,0.0,0.0,14,0.0,0.0
Mod-Nom-Real,CH,HYD1000,2024-Hhigh,4103.227554739729,12056.8,2.5860498543405046,405.6415983800055,0.09885915245218119,2.9383698172120436,4,HYD1000,1000,985.0636284127856,0.0,0.0,14,0.0,0.0
Mod-Nom-Real,CH,HYD1000,2024-Hlow,4103.227554739729,12056.8,2.6279014902903346,619.8388221388285,0.15106128379910075,2.9383698172120436,4,HYD1000,1000,985.0636284127856,0.0,0.0,14,0.0,0.0
Mod-Nom-Real,CH,HYD1000,2025-Hhigh,4103.227554739729,12056.8,2.6279014902903346,324.822798881009,0.07916275530607582,2.9383698172120436,4,HYD1000,1000,985.0636284127856,0.0,0.0,14,0.0,0.0
Mod-Nom-Real,CH,HYD1000,2025-Hlow,4103.227554739729,12056.8,2.6279014902903346,444.53908885677026,0.1083388827273967,2.9383698172120436,4,HYD1000,1000,985.0636284127856,0.0,0.0,14,0.0,0.0
Mod-Nom-Real,CH,HYD1000,2030-Hhigh,4103.227554739729,12056.8,2.6279014902903346,315.5733297847339,0.07690856175407774,2.9383698172120436,4,HYD1000,1000,985.0636284127856,0.0,0.0,14,0.0,0.0
Mod-Nom-Real,CH,HYD1000,2030-Hlow,4103.227554739729,12056.8,2.6279014902903346,423.08385811333585,0.10311001582757025,2.9383698172120436,4,HYD1000,1000,985.0636284127856,0.0,0.0,14,0.0,0.0
Mod-Nom-Real,CH,HYD1000,2035-Hhigh,4103.227554739729,12056.8,2.6279014902903346,272.74355116916206,0.06647049122442891,2.9383698172120436,4,HYD1000,1000,985.0636284127856,0.0,0.0,14,0.0,0.0
Mod-Nom-Real,CH,HYD1000,2035-Hlow,4103.227554739729,12056.8,2.6279014902903346,374.8632957088639,0.09135815421103102,2.9383698172120436,4,HYD1000,1000,985.0636284127856,0.0,0.0,14,0.0,0.0
Mod-Nom-Real,CH,HYD1000,2040-Hhigh,4103.227554739729,12056.8,2.6279014902903346,280.75911962859414,0.06842397012670746,2.9383698172120436,4,HYD1000,1000,985.0636284127856,0.0,0.0,14,0.0,0.0
Mod-Nom-Real,CH,HYD1000,2040-Hlow,4103.227554739729,12056.8,2.6279014902903346,433.75161441953986,0.10570986098943104,2.9383698172120436,4,HYD1000,1000,985.0636284127856,0.0,0.0,14,0.0,0.0
Mod-Nom-Real,CH,HYD1000,2045-Hhigh,4103.227554739729,12056.8,2.6279014902903346,266.9050537094117,0.06504758757556688,2.9383698172120436,4,HYD1000,1000,985.0636284127856,0.0,0.0,14,0.0,0.0
Mod-Nom-Real,CH,HYD1000,2045-Hlow,4103.227554739729,12056.8,2.6279014902903346,405.4651135440527,0.09881614122904077,2.9383698172120436,4,HYD1000,1000,985.0636284127856,0.0,0.0,14,0.0,0.0
Mod-Nom-Real,CH,HYD200,2024-Hhigh,3893.7970333558014,11447.8,2.2320673311375385,384.4460223813807,0.09873293833450085,2.9400094308803535,4,HYD200,200,369.3520018520153,26.690453939116345,17.0,14,-513.3892771929239,115.0
Mod-Nom-Real,CH,HYD200,2024-Hlow,3893.7970333558014,11447.8,2.2680046195137837,593.3610184981283,0.1523862218331268,2.9400094308803535,4,HYD200,200,369.3520018520153,26.690453939116345,17.0,14,-513.3892771929239,115.0
Mod-Nom-Real,CH,HYD200,2025-Hhigh,3893.7970333558014,11447.8,2.2680046195137837,307.228372222856,0.07890199966536945,2.9400094308803535,4,HYD200,200,369.3520018520153,26.690453939116345,17.0,14,-513.3892771929239,115.0
Mod-Nom-Real,CH,HYD200,2025-Hlow,3893.7970333558014,11447.8,2.2680046195137837,424.8003739598537,0.1090966915637477,2.9400094308803535,4,HYD200,200,369.3520018520153,26.690453939116345,17.0,14,-513.3892771929239,115.0
Mod-Nom-Real,CH,HYD200,2030-Hhigh,3893.7970333558014,11447.8,2.2680046195137837,297.29482403635603,0.07635087845863851,2.9400094308803535,4,HYD200,200,369.3520018520153,26.690453939116345,17.0,14,-513.3892771929239,115.0
Mod-Nom-Real,CH,HYD200,2030-Hlow,3893.7970333558014,11447.8,2.2680046195137837,402.30089406689314,0.10331840376389036,2.9400094308803535,4,HYD200,200,369.3520018520153,26.690453939116345,17.0,14,-513.3892771929239,115.0
Mod-Nom-Real,CH,HYD200,2035-Hhigh,3893.7970333558014,11447.8,2.2680046195137837,256.14029540712545,0.06578162477728722,2.9400094308803535,4,HYD200,200,369.3520018520153,26.690453939116345,17.0,14,-513.3892771929239,115.0
Mod-Nom-Real,CH,HYD200,2035-Hlow,3893.7970333558014,11447.8,2.2680046195137837,354.81034950017727,0.09112194253083349,2.9400094308803535,4,HYD200,200,369.3520018520153,26.690453939116345,17.0,14,-513.3892771929239,115.0
Mod-Nom-Real,CH,HYD200,2040-Hhigh,3893.7970333558014,11447.8,2.2680046195137837,264.2321456696887,0.06785976346639845,2.9400094308803535,4,HYD200,200,369.3520018520153,26.690453939116345,17.0,14,-513.3892771929239,115.0
Mod-Nom-Real,CH,HYD200,2040-Hlow,3893.7970333558014,11447.8,2.2680046195137837,411.54495799431925,0.1056924525004418,2.9400094308803535,4,HYD200,200,369.3520018520153,26.690453939116345,17.0,14,-513.3892771929239,115.0
Mod-Nom-Real,CH,HYD200,2045-Hhigh,3893.7970333558014,11447.8,2.2680046195137837,250.66941114205747,0.06437659924097851,2.9400094308803535,4,HYD200,200,369.3520018520153,26.690453939116345,17.0,14,-513.3892771929239,115.0
Mod-Nom-Real,CH,HYD200,2045-Hlow,3893.7970333558014,11447.8,2.2680046195137837,384.2276140644978,0.09867684698844148,2.9400094308803535,4,HYD200,200,369.3520018520153,26.690453939116345,17.0,14,-513.3892771929239,115.0
Mod-Nom-Real,CH,HYD500,2024-Hhigh,3984.8168372371224,11714.266666666666,2.4330709631048864,393.7805509247517,0.09882023867319832,2.939725248397808,4,HYD500,500,638.9079775950355,0.0,0.0,14,0.0,0.0
Mod-Nom-Real,CH,HYD500,2024-Hlow,3984.8168372371224,11714.266666666666,2.471965425267924,604.9422409839394,0.1518118060862684,2.939725248397808,4,HYD500,500,638.9079775950355,0.0,0.0,14,0.0,0.0
Mod-Nom-Real,CH,HYD500,2025-Hhigh,3984.8168372371224,11714.266666666666,2.471965425267924,315.04884925257545,0.07906231631740819,2.939725248397808,4,HYD500,500,638.9079775950355,0.0,0.0,14,0.0,0.0
Mod-Nom-Real,CH,HYD500,2025-Hlow,3984.8168372371224,11714.266666666666,2.471965425267924,433.4074715737569,0.10876471598987232,2.939725248397808,4,HYD500,500,638.9079775950355,0.0,0.0,14,0.0,0.0
Mod-Nom-Real,CH,HYD500,2030-Hhigh,3984.8168372371224,11714.266666666666,2.471965425267924,305.4618960147093,0.07665644582713159,2.939725248397808,4,HYD500,500,638.9079775950355,0.0,0.0,14,0.0,0.0
Mod-Nom-Real,CH,HYD500,2030-Hlow,3984.8168372371224,11714.266666666666,2.471965425267924,411.52075942464296,0.10327218947156712,2.939725248397808,4,HYD500,500,638.9079775950355,0.0,0.0,14,0.0,0.0
Mod-Nom-Real,CH,HYD500,2035-Hhigh,3984.8168372371224,11714.266666666666,2.471965425267924,263.6649101129837,0.06616738507253349,2.939725248397808,4,HYD500,500,638.9079775950355,0.0,0.0,14,0.0,0.0
Mod-Nom-Real,CH,HYD500,2035-Hlow,3984.8168372371224,11714.266666666666,2.471965425267924,363.92134604784144,0.09132699466813304,2.939725248397808,4,HYD500,500,638.9079775950355,0.0,0.0,14,0.0,0.0
Mod-Nom-Real,CH,HYD500,2040-Hhigh,3984.8168372371224,11714.266666666666,2.471965425267924,271.6646999031327,0.06817495282706439,2.939725248397808,4,HYD500,500,638.9079775950355,0.0,0.0,14,0.0,0.0
Mod-Nom-Real,CH,HYD500,2040-Hlow,3984.8168372371224,11714.266666666666,2.471965425267924,421.59981156493916,0.10580155344285684,2.939725248397808,4,HYD500,500,638.9079775950355,0.0,0.0,14,0.0,0.0
Mod-Nom-Real,CH,HYD500,2045-Hhigh,3984.8168372371224,11714.266666666666,2.471965425267924,258.0438232692874,0.06475675891999151,2.939725248397808,4,HYD500,500,638.9079775950355,0.0,0.0,14,0.0,0.0
Mod-Nom-Real,CH,HYD500,2045-Hlow,3984.8168372371224,11714.266666666666,2.471965425267924,393.8711056039584,0.09884296360207348,2.939725248397808,4,HYD500,500,638.9079775950355,0.0,0.0,14,0.0,0.0
Mod-Nom-Real,CH,HYD1000,2024-Hhigh,4248.825945979613,12532.8,2.7716721448378445,418.96856157371576,0.09860807830223274,2.949708968864439,5,HYD1000,1000,982.2784022313972,0.0,0.0,14,0.0,0.0
Mod-Nom-Real,CH,HYD1000,2024-Hlow,4248.825945979613,12532.8,2.8302644351676056,636.52690739859,0.14981242241774906,2.949708968864439,5,HYD1000,1000,982.2784022313972,0.0,0.0,14,0.0,0.0
Mod-Nom-Real,CH,HYD1000,2025-Hhigh,4248.825945979613,12532.8,2.8302644351676056,335.2490702135809,0.07890393122147196,2.949708968864439,5,HYD1000,1000,982.2784022313972,0.0,0.0,14,0.0,0.0
Mod-Nom-Real,CH,HYD1000,2025-Hlow,4248.825945979613,12532.8,2.8302644351676056,456.74362876190474,0.10749878544544558,2.949708968864439,5,HYD1000,1000,982.2784022313972,0.0,0.0,14,0.0,0.0
Mod-Nom-Real,CH,HYD1000,2030-Hhigh,4248.825945979613,12532.8,2.8302644351676056,324.7334193988944,0.07642897674030834,2.949708968864439,5,HYD1000,1000,982.2784022313972,0.0,0.0,14,0.0,0.0
Mod-Nom-Real,CH,HYD1000,2030-Hlow,4248.825945979613,12532.8,2.8302644351676056,434.3096002648372,0.10221873190070213,2.949708968864439,5,HYD1000,1000,982.2784022313972,0.0,0.0,14,0.0,0.0
Mod-Nom-Real,CH,HYD1000,2035-Hhigh,4248.825945979613,12532.8,2.8302644351676056,280.32143718884146,0.06597621101756154,2.949708968864439,5,HYD1000,1000,982.2784022313972,0.0,0.0,14,0.0,0.0
Mod-Nom-Real,CH,HYD1000,2035-Hlow,4248.825945979613,12532.8,2.8302644351676056,383.9692726843896,0.09037067593877661,2.949708968864439,5,HYD1000,1000,982.2784022313972,0.0,0.0,14,0.0,0.0
Mod-Nom-Real,CH,HYD1000,2040-Hhigh,4248.825945979613,12532.8,2.8302644351676056,288.4798728384334,0.06789637337613302,2.949708968864439,5,HYD1000,1000,982.2784022313972,0.0,0.0,14,0.0,0.0
Mod-Nom-Real,CH,HYD1000,2040-Hlow,4248.825945979613,12532.8,2.8302644351676056,443.8032550293359,0.10445315027537855,2.949708968864439,5,HYD1000,1000,982.2784022313972,0.0,0.0,14,0.0,0.0
Mod-Nom-Real,CH,HYD1000,2045-Hhigh,4248.825945979613,12532.8,2.8302644351676056,274.01068312126847,0.06449091739814547,2.949708968864439,5,HYD1000,1000,982.2784022313972,0.0,0.0,14,0.0,0.0
Mod-Nom-Real,CH,HYD1000,2045-Hlow,4248.825945979613,12532.8,2.8302644351676056,414.4256833120949,0.09753887040353794,2.949708968864439,5,HYD1000,1000,982.2784022313972,0.0,0.0,14,0.0,0.0
Mod-Nom-Real,CH,HYD200,2024-Hhigh,4039.2796426251252,11926.366666666665,2.313115436571918,397.41110888341467,0.09838662931124458,2.9525974237613632,5,HYD200,200,368.40524558176855,65.07152986193043,17.0,14,-622.2293333304136,158.0
Mod-Nom-Real,CH,HYD200,2024-Hlow,4039.2796426251252,11926.366666666665,2.365793379328095,609.7335396002372,0.15095105898733266,2.9525974237613632,5,HYD200,200,368.40524558176855,65.07152986193043,17.0,14,-622.2293333304136,158.0
Mod-Nom-Real,CH,HYD200,2025-Hhigh,4039.2796426251252,11926.366666666665,2.365793379328095,317.1185440705465,0.07850868771849907,2.9525974237613632,5,HYD200,200,368.40524558176855,65.07152986193043,17.0,14,-622.2293333304136,158.0
Mod-Nom-Real,CH,HYD200,2025-Hlow,4039.2796426251252,11926.366666666665,2.365793379328095,436.4757781009372,0.10805782632501074,2.9525974237613632,5,HYD200,200,368.40524558176855,65.07152986193043,17.0,14,-622.2293333304136,158.0
Mod-Nom-Real,CH,HYD200,2030-Hhigh,4039.2796426251252,11926.366666666665,2.365793379328095,305.91553028848756,0.07573516996948329,2.9525974237613632,5,HYD200,200,368.40524558176855,65.07152986193043,17.0,14,-622.2293333304136,158.0
Mod-Nom-Real,CH,HYD200,2030-Hlow,4039.2796426251252,11926.366666666665,2.365793379328095,413.0141166975064,0.10224944872326017,2.9525974237613632,5,HYD200,200,368.40524558176855,65.07152986193043,17.0,14,-622.2293333304136,158.0
Mod-Nom-Real,CH,HYD200,2035-Hhigh,4039.2796426251252,11926.366666666665,2.365793379328095,263.10901196531324,0.0651376075052627,2.9525974237613632,5,HYD200,200,368.40524558176855,65.07152986193043,17.0,14,-622.2293333304136,158.0
Mod-Nom-Real,CH,HYD200,2035-Hlow,4039.2796426251252,11926.366666666665,2.365793379328095,363.36904757327534,0.08995887378996173,2.9525974237613632,5,HYD200,200,368.40524558176855,65.07152986193043,17.0,14,-622.2293333304136,158.0
Mod-Nom-Real,CH,HYD200,2040-Hhigh,4039.2796426251252,11926.366666666665,2.365793379328095,271.5771543793868,0.06723405617019598,2.9525974237613632,5,HYD200,200,368.40524558176855,65.07152986193043,17.0,14,-622.2293333304136,158.0
Mod-Nom-Real,CH,HYD200,2040-Hlow,4039.2796426251252,11926.366666666665,2.365793379328095,421.37863348114524,0.10432024290531455,2.9525974237613632,5,HYD200,200,368.40524558176855,65.07152986193043,17.0,14,-622.2293333304136,158.0
Mod-Nom-Real,CH,HYD200,2045-Hhigh,4039.2796426251252,11926.366666666665,2.365793379328095,257.2940689675001,0.06369800848952484,2.9525974237613632,5,HYD200,200,368.40524558176855,65.07152986193043,17.0,14,-622.2293333304136,158.0
Mod-Nom-Real,CH,HYD200,2045-Hlow,4039.2796426251252,11926.366666666665,2.365793379328095,392.79938408245386,0.09724490969562428,2.9525974237613632,5,HYD200,200,368.40524558176855,65.07152986193043,17.0,14,-622.2293333304136,158.0
Mod-Nom-Real,CH,HYD500,2024-Hhigh,4129.837917126445,12192.133333333333,2.5262472917900314,406.7934409856771,0.09850106690596838,2.952206255546382,5,HYD500,500,637.3679076132009,0.0,0.0,14,0.0,0.0
Mod-Nom-Real,CH,HYD500,2024-Hlow,4129.837917126445,12192.133333333333,2.584672517396322,621.2676607352946,0.1504339088366874,2.952206255546382,5,HYD500,500,637.3679076132009,0.0,0.0,14,0.0,0.0
Mod-Nom-Real,CH,HYD500,2025-Hhigh,4129.837917126445,12192.133333333333,2.584672517396322,325.0367337345356,0.07870447709015593,2.952206255546382,5,HYD500,500,637.3679076132009,0.0,0.0,14,0.0,0.0
Mod-Nom-Real,CH,HYD500,2025-Hlow,4129.837917126445,12192.133333333333,2.584672517396322,445.1975522607263,0.10780024814399888,2.952206255546382,5,HYD500,500,637.3679076132009,0.0,0.0,14,0.0,0.0
Mod-Nom-Real,CH,HYD500,2030-Hhigh,4129.837917126445,12192.133333333333,2.584672517396322,314.1507776796323,0.07606854893187176,2.952206255546382,5,HYD500,500,637.3679076132009,0.0,0.0,14,0.0,0.0
Mod-Nom-Real,CH,HYD500,2030-Hlow,4129.837917126445,12192.133333333333,2.584672517396322,422.3227948525187,0.10226134858734899,2.952206255546382,5,HYD500,500,637.3679076132009,0.0,0.0,14,0.0,0.0
Mod-Nom-Real,CH,HYD500,2035-Hhigh,4129.837917126445,12192.133333333333,2.584672517396322,270.7131156539649,0.06555054243928488,2.952206255546382,5,HYD500,500,637.3679076132009,0.0,0.0,14,0.0,0.0
Mod-Nom-Real,CH,HYD500,2035-Hlow,4129.837917126445,12192.133333333333,2.584672517396322,372.4645856950558,0.09018866918491995,2.952206255546382,5,HYD500,500,637.3679076132009,0.0,0.0,14,0.0,0.0
Mod-Nom-Real,CH,HYD500,2040-Hhigh,4129.837917126445,12192.133333333333,2.584672517396322,278.9652646427826,0.06754871988702345,2.952206255546382,5,HYD500,500,637.3679076132009,0.0,0.0,14,0.0,0.0
Mod-Nom-Real,CH,HYD500,2040-Hlow,4129.837917126445,12192.133333333333,2.584672517396322,431.1882612801511,0.10440803487517333,2.952206255546382,5,HYD500,500,637.3679076132009,0.0,0.0,14,0.0,0.0
Mod-Nom-Real,CH,HYD500,2045-Hhigh,4129.837917126445,12192.133333333333,2.584672517396322,264.6367491998515,0.06407920952597254,2.952206255546382,5,HYD500,500,637.3679076132009,0.0,0.0,14,0.0,0.0
Mod-Nom-Real,CH,HYD500,2045-Hlow,4129.837917126445,12192.133333333333,2.584672517396322,402.2542448689356,0.09740194480775784,2.952206255546382,5,HYD500,500,637.3679076132009,0.0,0.0,14,0.0,0.0
Mod-H1-Ideal,AK,HYD1000,2024-Hhigh,1456.4387268468633,4806.848133330027,0.9539928124416158,127.98582833921907,0.0878758755723996,3.3004121936091866,3,HYD1000,1000,876.100433354256,0.0,0.0,5,0.0,0.0
Mod-H1-Ideal,AK,HYD1000,2024-Hlow,1456.4387268468633,4806.848133330027,0.9617522495225495,209.31823372009586,0.14371921719855815,3.3004121936091866,3,HYD1000,1000,876.100433354256,0.0,0.0,5,0.0,0.0
Mod-H1-Ideal,AK,HYD1000,2025-Hhigh,1456.4387268468633,4806.848133330027,0.9617522495225495,102.81531375411923,0.07059364177764665,3.3004121936091866,3,HYD1000,1000,876.100433354256,0.0,0.0,5,0.0,0.0
Mod-H1-Ideal,AK,HYD1000,2025-Hlow,1456.4387268468633,4806.848133330027,0.9617522495225495,151.7758267653461,0.1042102382802847,3.3004121936091866,3,HYD1000,1000,876.100433354256,0.0,0.0,5,0.0,0.0
Mod-H1-Ideal,AK,HYD1000,2030-Hhigh,1456.4387268468633,4806.848133330027,0.9617522495225495,100.77415099639104,0.06919216657645695,3.3004121936091866,3,HYD1000,1000,876.100433354256,0.0,0.0,5,0.0,0.0
Mod-H1-Ideal,AK,HYD1000,2030-Hlow,1456.4387268468633,4806.848133330027,0.9617522495225495,142.80880593778195,0.09805342532119961,3.3004121936091866,3,HYD1000,1000,876.100433354256,0.0,0.0,5,0.0,0.0
Mod-H1-Ideal,AK,HYD1000,2035-Hhigh,1456.4387268468633,4806.848133330027,0.9617522495225495,87.48213072895834,0.060065781770547916,3.3004121936091866,3,HYD1000,1000,876.100433354256,0.0,0.0,5,0.0,0.0
Mod-H1-Ideal,AK,HYD1000,2035-Hlow,1456.4387268468633,4806.848133330027,0.9617522495225495,126.26737333103081,0.08669597354390257,3.3004121936091866,3,HYD1000,1000,876.100433354256,0.0,0.0,5,0.0,0.0
Mod-H1-Ideal,AK,HYD1000,2040-Hhigh,1456.4387268468633,4806.848133330027,0.9617522495225495,90.91287311022079,0.06242135109043951,3.3004121936091866,3,HYD1000,1000,876.100433354256,0.0,0.0,5,0.0,0.0
Mod-H1-Ideal,AK,HYD1000,2040-Hlow,1456.4387268468633,4806.848133330027,0.9617522495225495,147.97628023381446,0.10160144570872384,3.3004121936091866,3,HYD1000,1000,876.100433354256,0.0,0.0,5,0.0,0.0
Mod-H1-Ideal,AK,HYD1000,2045-Hhigh,1456.4387268468633,4806.848133330027,0.9617522495225495,86.72419048490679,0.05954537522677764,3.3004121936091866,3,HYD1000,1000,876.100433354256,0.0,0.0,5,0.0,0.0
Mod-H1-Ideal,AK,HYD1000,2045-Hlow,1456.4387268468633,4806.848133330027,0.9617522495225495,139.6446204426688,0.09588087563765509,3.3004121936091866,3,HYD1000,1000,876.100433354256,0.0,0.0,5,0.0,0.0
Mod-H1-Ideal,AK,HYD200,2024-Hhigh,1391.705638588127,4261.758333333333,0.8809045052679403,122.23169681394025,0.08782869985203424,3.0622555626467456,3,HYD200,200,326.0503188622573,437.7886419279535,96.0,8.5,-1000.0417846416026,176.0
Mod-H1-Ideal,AK,HYD200,2024-Hlow,1391.705638588127,4261.758333333333,0.8864663402684495,207.23943549048792,0.1489103943709896,3.0622555626467456,3,HYD200,200,326.0503188622573,437.7886419279535,96.0,8.5,-1000.0417846416026,176.0
Mod-H1-Ideal,AK,HYD200,2025-Hhigh,1391.705638588127,4261.758333333333,0.8864663402684495,98.25012331109544,0.07059691402182527,3.0622555626467456,3,HYD200,200,326.0503188622573,437.7886419279535,96.0,8.5,-1000.0417846416026,176.0
Mod-H1-Ideal,AK,HYD200,2025-Hlow,1391.705638588127,4261.758333333333,0.8864663402684495,149.55084675636525,0.1074586770432886,3.0622555626467456,3,HYD200,200,326.0503188622573,437.7886419279535,96.0,8.5,-1000.0417846416026,176.0
Mod-H1-Ideal,AK,HYD200,2030-Hhigh,1391.705638588127,4261.758333333333,0.8864663402684495,96.46829249091373,0.06931659240008538,3.0622555626467456,3,HYD200,200,326.0503188622573,437.7886419279535,96.0,8.5,-1000.0417846416026,176.0
Mod-H1-Ideal,AK,HYD200,2030-Hlow,1391.705638588127,4261.758333333333,0.8864663402684495,140.26418076709388,0.10078581050328334,3.0622555626467456,3,HYD200,200,326.0503188622573,437.7886419279535,96.0,8.5,-1000.0417846416026,176.0
Mod-H1-Ideal,AK,HYD200,2035-Hhigh,1391.705638588127,4261.758333333333,0.8864663402684495,83.73637659151068,0.060168166507150525,3.0622555626467456,3,HYD200,200,326.0503188622573,437.7886419279535,96.0,8.5,-1000.0417846416026,176.0
Mod-H1-Ideal,AK,HYD200,2035-Hlow,1391.705638588127,4261.758333333333,0.8864663402684495,123.64748040221008,0.08884600088826927,3.0622555626467456,3,HYD200,200,326.0503188622573,437.7886419279535,96.0,8.5,-1000.0417846416026,176.0
Mod-H1-Ideal,AK,HYD200,2040-Hhigh,1391.705638588127,4261.758333333333,0.8864663402684495,87.53280988884028,0.06289606613769384,3.0622555626467456,3,HYD200,200,326.0503188622573,437.7886419279535,96.0,8.5,-1000.0417846416026,176.0
Mod-H1-Ideal,AK,HYD200,2040-Hlow,1391.705638588127,4261.758333333333,0.8864663402684495,145.4072149270351,0.10448130042395276,3.0622555626467456,3,HYD200,200,326.0503188622573,437.7886419279535,96.0,8.5,-1000.0417846416026,176.0
Mod-H1-Ideal,AK,HYD200,2045-Hhigh,1391.705638588127,4261.758333333333,0.8864663402684495,83.29569941819987,0.0598515211181458,3.0622555626467456,3,HYD200,200,326.0503188622573,437.7886419279535,96.0,8.5,-1000.0417846416026,176.0
Mod-H1-Ideal,AK,HYD200,2045-Hlow,1391.705638588127,4261.758333333333,0.8864663402684495,136.71104692694342,0.09823273193434466,3.0622555626467456,3,HYD200,200,326.0503188622573,437.7886419279535,96.0,8.5,-1000.0417846416026,176.0
Mod-H1-Ideal,AK,HYD500,2024-Hhigh,1395.0773867800785,4499.6,0.9514296963815995,122.81924789876823,0.0880375877801606,3.2253407894348745,3,HYD500,500,565.6551714701208,0.0,0.0,6,0.0,0.0
Mod-H1-Ideal,AK,HYD500,2024-Hlow,1395.0773867800785,4499.6,0.9548618909812656,205.76871927878244,0.1474962759977845,3.2253407894348745,3,HYD500,500,565.6551714701208,0.0,0.0,6,0.0,0.0
Mod-H1-Ideal,AK,HYD500,2025-Hhigh,1395.0773867800785,4499.6,0.9548618909812656,98.85217458578502,0.07085784310069114,3.2253407894348745,3,HYD500,500,565.6551714701208,0.0,0.0,6,0.0,0.0
Mod-H1-Ideal,AK,HYD500,2025-Hlow,1395.0773867800785,4499.6,0.9548618909812656,148.94345045664787,0.10676357589052332,3.2253407894348745,3,HYD500,500,565.6551714701208,0.0,0.0,6,0.0,0.0
Mod-H1-Ideal,AK,HYD500,2030-Hhigh,1395.0773867800785,4499.6,0.9548618909812656,97.28156434338254,0.0697320200766168,3.2253407894348745,3,HYD500,500,565.6551714701208,0.0,0.0,6,0.0,0.0
Mod-H1-Ideal,AK,HYD500,2030-Hlow,1395.0773867800785,4499.6,0.9548618909812656,140.08170011631142,0.10041141906803343,3.2253407894348745,3,HYD500,500,565.6551714701208,0.0,0.0,6,0.0,0.0
Mod-H1-Ideal,AK,HYD500,2035-Hhigh,1395.0773867800785,4499.6,0.9548618909812656,84.6350378956376,0.06066691260115705,3.2253407894348745,3,HYD500,500,565.6551714701208,0.0,0.0,6,0.0,0.0
Mod-H1-Ideal,AK,HYD500,2035-Hlow,1395.0773867800785,4499.6,0.9548618909812656,123.88882464609945,0.08880426693177373,3.2253407894348745,3,HYD500,500,565.6551714701208,0.0,0.0,6,0.0,0.0
Mod-H1-Ideal,AK,HYD500,2040-Hhigh,1395.0773867800785,4499.6,0.9548618909812656,88.2751154713843,0.0632761424619809,3.2253407894348745,3,HYD500,500,565.6551714701208,0.0,0.0,6,0.0,0.0
Mod-H1-Ideal,AK,HYD500,2040-Hlow,1395.0773867800785,4499.6,0.9548618909812656,145.41082070448482,0.10423136528655348,3.2253407894348745,3,HYD500,500,565.6551714701208,0.0,0.0,6,0.0,0.0
Mod-H1-Ideal,AK,HYD500,2045-Hhigh,1395.0773867800785,4499.6,0.9548618909812656,84.23354304815354,0.06037911863984087,3.2253407894348745,3,HYD500,500,565.6551714701208,0.0,0.0,6,0.0,0.0
Mod-H1-Ideal,AK,HYD500,2045-Hlow,1395.0773867800785,4499.6,0.9548618909812656,136.9975410740214,0.09820067501073891,3.2253407894348745,3,HYD500,500,565.6551714701208,0.0,0.0,6,0.0,0.0
Mod-H1-Ideal,AK,HYD1000,2024-Hhigh,1594.2718366654121,5277.732155551999,0.9405952879752237,140.84036276496522,0.08834149831031808,3.3104342899206785,4,HYD1000,1000,867.7591510995517,0.0,0.0,5,0.0,0.0
Mod-H1-Ideal,AK,HYD1000,2024-Hlow,1594.2718366654121,5277.732155551999,0.9493398884173713,222.54468314966476,0.13959017404154894,3.3104342899206785,4,HYD1000,1000,867.7591510995517,0.0,0.0,5,0.0,0.0
Mod-H1-Ideal,AK,HYD1000,2025-Hhigh,1594.2718366654121,5277.732155551999,0.9493398884173713,111.90302108453264,0.07019067797032005,3.3104342899206785,4,HYD1000,1000,867.7591510995517,0.0,0.0,5,0.0,0.0
Mod-H1-Ideal,AK,HYD1000,2025-Hlow,1594.2718366654121,5277.732155551999,0.9493398884173713,161.5367416160937,0.10132321094874563,3.3104342899206785,4,HYD1000,1000,867.7591510995517,0.0,0.0,5,0.0,0.0
Mod-H1-Ideal,AK,HYD1000,2030-Hhigh,1594.2718366654121,5277.732155551999,0.9493398884173713,108.70972812198629,0.06818769899954086,3.3104342899206785,4,HYD1000,1000,867.7591510995517,0.0,0.0,5,0.0,0.0
Mod-H1-Ideal,AK,HYD1000,2030-Hlow,1594.2718366654121,5277.732155551999,0.9493398884173713,151.71193059712957,0.09516064143392954,3.3104342899206785,4,HYD1000,1000,867.7591510995517,0.0,0.0,5,0.0,0.0
Mod-H1-Ideal,AK,HYD1000,2035-Hhigh,1594.2718366654121,5277.732155551999,0.9493398884173713,93.36493351633573,0.05856274404973392,3.3104342899206785,4,HYD1000,1000,867.7591510995517,0.0,0.0,5,0.0,0.0
Mod-H1-Ideal,AK,HYD1000,2035-Hlow,1594.2718366654121,5277.732155551999,0.9493398884173713,133.12575745202506,0.08350254604664636,3.3104342899206785,4,HYD1000,1000,867.7591510995517,0.0,0.0,5,0.0,0.0
Mod-H1-Ideal,AK,HYD1000,2040-Hhigh,1594.2718366654121,5277.732155551999,0.9493398884173713,96.87981448416645,0.06076743768289905,3.3104342899206785,4,HYD1000,1000,867.7591510995517,0.0,0.0,5,0.0,0.0
Mod-H1-Ideal,AK,HYD1000,2040-Hlow,1594.2718366654121,5277.732155551999,0.9493398884173713,155.49988905665236,0.09753662172311643,3.3104342899206785,4,HYD1000,1000,867.7591510995517,0.0,0.0,5,0.0,0.0
Mod-H1-Ideal,AK,HYD1000,2045-Hhigh,1594.2718366654121,5277.732155551999,0.9493398884173713,91.94003650873745,0.057668983666574546,3.3104342899206785,4,HYD1000,1000,867.7591510995517,0.0,0.0,5,0.0,0.0
Mod-H1-Ideal,AK,HYD1000,2045-Hlow,1594.2718366654121,5277.732155551999,0.9493398884173713,146.07759881575384,0.09162653159657551,3.3104342899206785,4,HYD1000,1000,867.7591510995517,0.0,0.0,5,0.0,0.0
Mod-H1-Ideal,AK,HYD200,2024-Hhigh,1533.3306016583285,4738.466666666666,0.8587268642369422,135.3622896613363,0.0882799114000198,3.0903098532970756,4,HYD200,200,324.21114919309895,1081.6685679602508,166.0,8.5,-646.8441378100058,130.0
Mod-H1-Ideal,AK,HYD200,2024-Hlow,1533.3306016583285,4738.466666666666,0.8659825471817179,220.838564974735,0.14402540765565727,3.0903098532970756,4,HYD200,200,324.21114919309895,1081.6685679602508,166.0,8.5,-646.8441378100058,130.0
Mod-H1-Ideal,AK,HYD200,2025-Hhigh,1533.3306016583285,4738.466666666666,0.8659825471817179,107.28822615499173,0.06997070692971061,3.0903098532970756,4,HYD200,200,324.21114919309895,1081.6685679602508,166.0,8.5,-646.8441378100058,130.0
Mod-H1-Ideal,AK,HYD200,2025-Hlow,1533.3306016583285,4738.466666666666,0.8659825471817179,159.70835363081497,0.10415780749310495,3.0903098532970756,4,HYD200,200,324.21114919309895,1081.6685679602508,166.0,8.5,-646.8441378100058,130.0
Mod-H1-Ideal,AK,HYD200,2030-Hhigh,1533.3306016583285,4738.466666666666,0.8659825471817179,104.16937516403952,0.0679366700510498,3.0903098532970756,4,HYD200,200,324.21114919309895,1081.6685679602508,166.0,8.5,-646.8441378100058,130.0
Mod-H1-Ideal,AK,HYD200,2030-Hlow,1533.3306016583285,4738.466666666666,0.8659825471817179,149.06604502652516,0.09721715908187521,3.0903098532970756,4,HYD200,200,324.21114919309895,1081.6685679602508,166.0,8.5,-646.8441378100058,130.0
Mod-H1-Ideal,AK,HYD200,2035-Hhigh,1533.3306016583285,4738.466666666666,0.8659825471817179,89.32590557433603,0.05825612915944431,3.0903098532970756,4,HYD200,200,324.21114919309895,1081.6685679602508,166.0,8.5,-646.8441378100058,130.0
Mod-H1-Ideal,AK,HYD200,2035-Hlow,1533.3306016583285,4738.466666666666,0.8659825471817179,130.08977146071283,0.08484130644755805,3.0903098532970756,4,HYD200,200,324.21114919309895,1081.6685679602508,166.0,8.5,-646.8441378100058,130.0
Mod-H1-Ideal,AK,HYD200,2040-Hhigh,1533.3306016583285,4738.466666666666,0.8659825471817179,93.13695804938688,0.06074160259285072,3.0903098532970756,4,HYD200,200,324.21114919309895,1081.6685679602508,166.0,8.5,-646.8441378100058,130.0
Mod-H1-Ideal,AK,HYD200,2040-Hlow,1533.3306016583285,4738.466666666666,0.8659825471817179,152.64411792747794,0.09955068904409146,3.0903098532970756,4,HYD200,200,324.21114919309895,1081.6685679602508,166.0,8.5,-646.8441378100058,130.0
Mod-H1-Ideal,AK,HYD200,2045-Hhigh,1533.3306016583285,4738.466666666666,0.8659825471817179,88.04029132349429,0.05741768358909481,3.0903098532970756,4,HYD200,200,324.21114919309895,1081.6685679602508,166.0,8.5,-646.8441378100058,130.0
Mod-H1-Ideal,AK,HYD200,2045-Hlow,1533.3306016583285,4738.466666666666,0.8659825471817179,142.4437187377685,0.09289824293841961,3.0903098532970756,4,HYD200,200,324.21114919309895,1081.6685679602508,166.0,8.5,-646.8441378100058,130.0
Mod-H1-Ideal,AK,HYD500,2024-Hhigh,1528.6103447711398,4973.8,0.9457582552498871,135.2490525147394,0.08847843597119485,3.2538050112075267,4,HYD500,500,560.516451018305,0.0,0.0,6,0.0,0.0
Mod-H1-Ideal,AK,HYD500,2024-Hlow,1528.6103447711398,4973.8,0.9525978370650363,218.73782550105707,0.14309586890425371,3.2538050112075267,4,HYD500,500,560.516451018305,0.0,0.0,6,0.0,0.0
Mod-H1-Ideal,AK,HYD500,2025-Hhigh,1528.6103447711398,4973.8,0.9525978370650363,107.56259781999857,0.07036626318010598,3.2538050112075267,4,HYD500,500,560.516451018305,0.0,0.0,6,0.0,0.0
Mod-H1-Ideal,AK,HYD500,2025-Hlow,1528.6103447711398,4973.8,0.9525978370650363,158.59730028987065,0.1037526017224589,3.2538050112075267,4,HYD500,500,560.516451018305,0.0,0.0,6,0.0,0.0
Mod-H1-Ideal,AK,HYD500,2030-Hhigh,1528.6103447711398,4973.8,0.9525978370650363,104.85962766370808,0.06859800996532404,3.2538050112075267,4,HYD500,500,560.516451018305,0.0,0.0,6,0.0,0.0
Mod-H1-Ideal,AK,HYD500,2030-Hlow,1528.6103447711398,4973.8,0.9525978370650363,148.75817450207487,0.09731595433128291,3.2538050112075267,4,HYD500,500,560.516451018305,0.0,0.0,6,0.0,0.0
Mod-H1-Ideal,AK,HYD500,2035-Hhigh,1528.6103447711398,4973.8,0.9525978370650363,90.25909457720664,0.05904650252168746,3.2538050112075267,4,HYD500,500,560.516451018305,0.0,0.0,6,0.0,0.0
Mod-H1-Ideal,AK,HYD500,2035-Hlow,1528.6103447711398,4973.8,0.9525978370650363,130.443777091879,0.08533487787655183,3.2538050112075267,4,HYD500,500,560.516451018305,0.0,0.0,6,0.0,0.0
Mod-H1-Ideal,AK,HYD500,2040-Hhigh,1528.6103447711398,4973.8,0.9525978370650363,93.96886329785472,0.06147339223451581,3.2538050112075267,4,HYD500,500,560.516451018305,0.0,0.0,6,0.0,0.0
Mod-H1-Ideal,AK,HYD500,2040-Hlow,1528.6103447711398,4973.8,0.9525978370650363,152.75397832875237,0.09992996505046049,3.2538050112075267,4,HYD500,500,560.516451018305,0.0,0.0,6,0.0,0.0
Mod-H1-Ideal,AK,HYD500,2045-Hhigh,1528.6103447711398,4973.8,0.9525978370650363,89.1335415222484,0.05831017814784792,3.2538050112075267,4,HYD500,500,560.516451018305,0.0,0.0,6,0.0,0.0
Mod-H1-Ideal,AK,HYD500,2045-Hlow,1528.6103447711398,4973.8,0.9525978370650363,143.0382357787601,0.09357403361036097,3.2538050112075267,4,HYD500,500,560.516451018305,0.0,0.0,6,0.0,0.0
Mod-H1-Ideal,AK,HYD1000,2024-Hhigh,1734.6270990451815,5750.801622217173,1.0148102547135651,153.3233712347254,0.08838981664654129,3.315295619088782,5,HYD1000,1000,862.5129576488948,0.0,0.0,5,0.0,0.0
Mod-H1-Ideal,AK,HYD1000,2024-Hlow,1734.6270990451815,5750.801622217173,1.0390474893665027,237.70127556671397,0.13703306935395837,3.315295619088782,5,HYD1000,1000,862.5129576488948,0.0,0.0,5,0.0,0.0
Mod-H1-Ideal,AK,HYD1000,2025-Hhigh,1734.6270990451815,5750.801622217173,1.0390474893665027,121.61555144014079,0.0701104874396829,3.315295619088782,5,HYD1000,1000,862.5129576488948,0.0,0.0,5,0.0,0.0
Mod-H1-Ideal,AK,HYD1000,2025-Hlow,1734.6270990451815,5750.801622217173,1.0390474893665027,172.7874166212597,0.09961069829727083,3.315295619088782,5,HYD1000,1000,862.5129576488948,0.0,0.0,5,0.0,0.0
Mod-H1-Ideal,AK,HYD1000,2030-Hhigh,1734.6270990451815,5750.801622217173,1.0390474893665027,117.39658630785776,0.0676782844984252,3.315295619088782,5,HYD1000,1000,862.5129576488948,0.0,0.0,5,0.0,0.0
Mod-H1-Ideal,AK,HYD1000,2030-Hlow,1734.6270990451815,5750.801622217173,1.0390474893665027,162.08503385791533,0.09344085189671855,3.315295619088782,5,HYD1000,1000,862.5129576488948,0.0,0.0,5,0.0,0.0
Mod-H1-Ideal,AK,HYD1000,2035-Hhigh,1734.6270990451815,5750.801622217173,1.0390474893665027,100.49826529585455,0.0579365244271656,3.315295619088782,5,HYD1000,1000,862.5129576488948,0.0,0.0,5,0.0,0.0
Mod-H1-Ideal,AK,HYD1000,2035-Hlow,1734.6270990451815,5750.801622217173,1.0390474893665027,141.5984093384191,0.08163046075802768,3.315295619088782,5,HYD1000,1000,862.5129576488948,0.0,0.0,5,0.0,0.0
Mod-H1-Ideal,AK,HYD1000,2040-Hhigh,1734.6270990451815,5750.801622217173,1.0390474893665027,104.19855460503818,0.060069714500824906,3.315295619088782,5,HYD1000,1000,862.5129576488948,0.0,0.0,5,0.0,0.0
Mod-H1-Ideal,AK,HYD1000,2040-Hlow,1734.6270990451815,5750.801622217173,1.0390474893665027,164.96987886984107,0.09510394421985456,3.315295619088782,5,HYD1000,1000,862.5129576488948,0.0,0.0,5,0.0,0.0
Mod-H1-Ideal,AK,HYD1000,2045-Hhigh,1734.6270990451815,5750.801622217173,1.0390474893665027,98.65015801595742,0.05687110392213923,3.315295619088782,5,HYD1000,1000,862.5129576488948,0.0,0.0,5,0.0,0.0
Mod-H1-Ideal,AK,HYD1000,2045-Hlow,1734.6270990451815,5750.801622217173,1.0390474893665027,154.3745578224812,0.08899581812566865,3.315295619088782,5,HYD1000,1000,862.5129576488948,0.0,0.0,5,0.0,0.0
Mod-H1-Ideal,AK,HYD200,2024-Hhigh,1681.1537787846055,5216.45,0.9211064250414959,148.22924945894417,0.08817114253885025,3.102898774537595,5,HYD200,200,323.0321681106048,1397.7345321755793,220.0,8.5,-1349.6369069159127,278.0
Mod-H1-Ideal,AK,HYD200,2024-Hlow,1681.1537787846055,5216.45,0.9418730869467316,237.20319428656626,0.14109547697537397,3.102898774537595,5,HYD200,200,323.0321681106048,1397.7345321755793,220.0,8.5,-1349.6369069159127,278.0
Mod-H1-Ideal,AK,HYD200,2025-Hhigh,1681.1537787846055,5216.45,0.9418730869467316,117.16999218459222,0.06969617750810432,3.102898774537595,5,HYD200,200,323.0321681106048,1397.7345321755793,220.0,8.5,-1349.6369069159127,278.0
Mod-H1-Ideal,AK,HYD200,2025-Hlow,1681.1537787846055,5216.45,0.9418730869467316,171.4757640037234,0.10199885707522381,3.102898774537595,5,HYD200,200,323.0321681106048,1397.7345321755793,220.0,8.5,-1349.6369069159127,278.0
Mod-H1-Ideal,AK,HYD200,2030-Hhigh,1681.1537787846055,5216.45,0.9418730869467316,112.78192170963507,0.06708602338042571,3.102898774537595,5,HYD200,200,323.0321681106048,1397.7345321755793,220.0,8.5,-1349.6369069159127,278.0
Mod-H1-Ideal,AK,HYD200,2030-Hlow,1681.1537787846055,5216.45,0.9418730869467316,159.88710933512905,0.09510558245939872,3.102898774537595,5,HYD200,200,323.0321681106048,1397.7345321755793,220.0,8.5,-1349.6369069159127,278.0
Mod-H1-Ideal,AK,HYD200,2035-Hhigh,1681.1537787846055,5216.45,0.9418730869467316,96.34432734823955,0.057308455992581435,3.102898774537595,5,HYD200,200,323.0321681106048,1397.7345321755793,220.0,8.5,-1349.6369069159127,278.0
Mod-H1-Ideal,AK,HYD200,2035-Hlow,1681.1537787846055,5216.45,0.9418730869467316,138.7155830574719,0.0825121323272144,3.102898774537595,5,HYD200,200,323.0321681106048,1397.7345321755793,220.0,8.5,-1349.6369069159127,278.0
Mod-H1-Ideal,AK,HYD200,2040-Hhigh,1681.1537787846055,5216.45,0.9418730869467316,100.48784916879427,0.059773145346312236,3.102898774537595,5,HYD200,200,323.0321681106048,1397.7345321755793,220.0,8.5,-1349.6369069159127,278.0
Mod-H1-Ideal,AK,HYD200,2040-Hlow,1681.1537787846055,5216.45,0.9418730869467316,162.45684222045656,0.09663413559817542,3.102898774537595,5,HYD200,200,323.0321681106048,1397.7345321755793,220.0,8.5,-1349.6369069159127,278.0
Mod-H1-Ideal,AK,HYD200,2045-Hhigh,1681.1537787846055,5216.45,0.9418730869467316,94.66419523697303,0.05630906371064446,3.102898774537595,5,HYD200,200,323.0321681106048,1397.7345321755793,220.0,8.5,-1349.6369069159127,278.0
Mod-H1-Ideal,AK,HYD200,2045-Hlow,1681.1537787846055,5216.45,0.9418730869467316,151.04263535587071,0.08984462769674015,3.102898774537595,5,HYD200,200,323.0321681106048,1397.7345321755793,220.0,8.5,-1349.6369069159127,278.0
Mod-H1-Ideal,AK,HYD500,2024-Hhigh,1668.6800604010562,5449.8,0.9971461684520504,147.54295840775464,0.08841896173451828,3.2659346326042735,5,HYD500,500,557.8658070968511,0.0,0.0,6,0.0,0.0
Mod-H1-Ideal,AK,HYD500,2024-Hlow,1668.6800604010562,5449.8,1.0225413933577685,234.23360413282927,0.14037058972019645,3.2659346326042735,5,HYD500,500,557.8658070968511,0.0,0.0,6,0.0,0.0
Mod-H1-Ideal,AK,HYD500,2025-Hhigh,1668.6800604010562,5449.8,1.0225413933577685,117.01754572855874,0.07012581291373156,3.2659346326042735,5,HYD500,500,557.8658070968511,0.0,0.0,6,0.0,0.0
Mod-H1-Ideal,AK,HYD500,2025-Hlow,1668.6800604010562,5449.8,1.0225413933577685,169.94040910080417,0.10184121757885699,3.2659346326042735,5,HYD500,500,557.8658070968511,0.0,0.0,6,0.0,0.0
Mod-H1-Ideal,AK,HYD500,2030-Hhigh,1668.6800604010562,5449.8,1.0225413933577685,113.19673442985287,0.06783609220011101,3.2659346326042735,5,HYD500,500,557.8658070968511,0.0,0.0,6,0.0,0.0
Mod-H1-Ideal,AK,HYD500,2030-Hlow,1668.6800604010562,5449.8,1.0225413933577685,159.13928890613255,0.09536836490266713,3.2659346326042735,5,HYD500,500,557.8658070968511,0.0,0.0,6,0.0,0.0
Mod-H1-Ideal,AK,HYD500,2035-Hhigh,1668.6800604010562,5449.8,1.0225413933577685,97.04856992881358,0.058158883917800636,3.2659346326042735,5,HYD500,500,557.8658070968511,0.0,0.0,6,0.0,0.0
Mod-H1-Ideal,AK,HYD500,2035-Hlow,1668.6800604010562,5449.8,1.0225413933577685,138.684666387284,0.08311039945785179,3.2659346326042735,5,HYD500,500,557.8658070968511,0.0,0.0,6,0.0,0.0
Mod-H1-Ideal,AK,HYD500,2040-Hhigh,1668.6800604010562,5449.8,1.0225413933577685,101.02098167666468,0.06053945515018916,3.2659346326042735,5,HYD500,500,557.8658070968511,0.0,0.0,6,0.0,0.0
Mod-H1-Ideal,AK,HYD500,2040-Hlow,1668.6800604010562,5449.8,1.0225413933577685,161.96752216241754,0.09706325736491975,3.2659346326042735,5,HYD500,500,557.8658070968511,0.0,0.0,6,0.0,0.0
Mod-H1-Ideal,AK,HYD500,2045-Hhigh,1668.6800604010562,5449.8,1.0225413933577685,95.50547161532252,0.05723414205139385,3.2659346326042735,5,HYD500,500,557.8658070968511,0.0,0.0,6,0.0,0.0
Mod-H1-Ideal,AK,HYD500,2045-Hlow,1668.6800604010562,5449.8,1.0225413933577685,151.0852375414929,0.09054176479173638,3.2659346326042735,5,HYD500,500,557.8658070968511,0.0,0.0,6,0.0,0.0
Mod-H1-Ideal,CH,HYD1000,2024-Hhigh,4061.001338375248,11121.093899228623,2.106782114996135,386.2069062903269,0.09510139842624211,2.7385102767974026,3,HYD1000,1000,989.9083118792829,0.0,0.0,8.5,0.0,0.0
Mod-H1-Ideal,CH,HYD1000,2024-Hlow,4061.001338375248,11121.093899228623,2.1376991152393616,627.7183449327395,0.15457230683501352,2.7385102767974026,3,HYD1000,1000,989.9083118792829,0.0,0.0,8.5,0.0,0.0
Mod-H1-Ideal,CH,HYD1000,2025-Hhigh,4061.001338375248,11121.093899228623,2.1376991152393616,314.374950824341,0.07741316109738546,2.7385102767974026,3,HYD1000,1000,989.9083118792829,0.0,0.0,8.5,0.0,0.0
Mod-H1-Ideal,CH,HYD1000,2025-Hlow,4061.001338375248,11121.093899228623,2.1376991152393616,462.08024231763363,0.11378480424301109,2.7385102767974026,3,HYD1000,1000,989.9083118792829,0.0,0.0,8.5,0.0,0.0
Mod-H1-Ideal,CH,HYD1000,2030-Hhigh,4061.001338375248,11121.093899228623,2.1376991152393616,303.25398391652635,0.07467468209154893,2.7385102767974026,3,HYD1000,1000,989.9083118792829,0.0,0.0,8.5,0.0,0.0
Mod-H1-Ideal,CH,HYD1000,2030-Hlow,4061.001338375248,11121.093899228623,2.1376991152393616,425.51167046108105,0.10477998774344717,2.7385102767974026,3,HYD1000,1000,989.9083118792829,0.0,0.0,8.5,0.0,0.0
Mod-H1-Ideal,CH,HYD1000,2035-Hhigh,4061.001338375248,11121.093899228623,2.1376991152393616,257.24971847664995,0.06334637618700517,2.7385102767974026,3,HYD1000,1000,989.9083118792829,0.0,0.0,8.5,0.0,0.0
Mod-H1-Ideal,CH,HYD1000,2035-Hlow,4061.001338375248,11121.093899228623,2.1376991152393616,364.3875882690798,0.08972850730821634,2.7385102767974026,3,HYD1000,1000,989.9083118792829,0.0,0.0,8.5,0.0,0.0
Mod-H1-Ideal,CH,HYD1000,2040-Hhigh,4061.001338375248,11121.093899228623,2.1376991152393616,272.17375906485603,0.06702134187765353,2.7385102767974026,3,HYD1000,1000,989.9083118792829,0.0,0.0,8.5,0.0,0.0
Mod-H1-Ideal,CH,HYD1000,2040-Hlow,4061.001338375248,11121.093899228623,2.1376991152393616,422.0924265382318,0.10393801709681418,2.7385102767974026,3,HYD1000,1000,989.9083118792829,0.0,0.0,8.5,0.0,0.0
Mod-H1-Ideal,CH,HYD1000,2045-Hhigh,4061.001338375248,11121.093899228623,2.1376991152393616,257.8334023487178,0.06349010523889004,2.7385102767974026,3,HYD1000,1000,989.9083118792829,0.0,0.0,8.5,0.0,0.0
Mod-H1-Ideal,CH,HYD1000,2045-Hlow,4061.001338375248,11121.093899228623,2.1376991152393616,396.72536466217474,0.09769151290674019,2.7385102767974026,3,HYD1000,1000,989.9083118792829,0.0,0.0,8.5,0.0,0.0
Mod-H1-Ideal,CH,HYD200,2024-Hhigh,3652.650684572037,10507.7824,1.770098947759875,355.2201457345216,0.09724996349497379,2.8767553504041534,3,HYD200,200,370.4514428838455,204.91842418743096,50.0,11.2,-1325.4079978301681,209.0
Mod-H1-Ideal,CH,HYD200,2024-Hlow,3652.650684572037,10507.7824,1.7957151587495002,587.3168846762928,0.16079196599800397,2.8767553504041534,3,HYD200,200,370.4514428838455,204.91842418743096,50.0,11.2,-1325.4079978301681,209.0
Mod-H1-Ideal,CH,HYD200,2025-Hhigh,3652.650684572037,10507.7824,1.7957151587495002,290.3750147053188,0.07949706659106402,2.8767553504041534,3,HYD200,200,370.4514428838455,204.91842418743096,50.0,11.2,-1325.4079978301681,209.0
Mod-H1-Ideal,CH,HYD200,2025-Hlow,3652.650684572037,10507.7824,1.7957151587495002,429.39369974502665,0.11755673805838802,2.8767553504041534,3,HYD200,200,370.4514428838455,204.91842418743096,50.0,11.2,-1325.4079978301681,209.0
Mod-H1-Ideal,CH,HYD200,2030-Hhigh,3652.650684572037,10507.7824,1.7957151587495002,278.9307609991187,0.07636392994743751,2.8767553504041534,3,HYD200,200,370.4514428838455,204.91842418743096,50.0,11.2,-1325.4079978301681,209.0
Mod-H1-Ideal,CH,HYD200,2030-Hlow,3652.650684572037,10507.7824,1.7957151587495002,394.6709768846503,0.10805056682579872,2.8767553504041534,3,HYD200,200,370.4514428838455,204.91842418743096,50.0,11.2,-1325.4079978301681,209.0
Mod-H1-Ideal,CH,HYD200,2035-Hhigh,3652.650684572037,10507.7824,1.7957151587495002,236.16396244288262,0.06465550167180928,2.8767553504041534,3,HYD200,200,370.4514428838455,204.91842418743096,50.0,11.2,-1325.4079978301681,209.0
Mod-H1-Ideal,CH,HYD200,2035-Hlow,3652.650684572037,10507.7824,1.7957151587495002,338.2744632545207,0.09261067987785278,2.8767553504041534,3,HYD200,200,370.4514428838455,204.91842418743096,50.0,11.2,-1325.4079978301681,209.0
Mod-H1-Ideal,CH,HYD200,2040-Hhigh,3652.650684572037,10507.7824,1.7957151587495002,250.56636509298912,0.06859850194581274,2.8767553504041534,3,HYD200,200,370.4514428838455,204.91842418743096,50.0,11.2,-1325.4079978301681,209.0
Mod-H1-Ideal,CH,HYD200,2040-Hlow,3652.650684572037,10507.7824,1.7957151587495002,394.65102142405027,0.1080451035438363,2.8767553504041534,3,HYD200,200,370.4514428838455,204.91842418743096,50.0,11.2,-1325.4079978301681,209.0
Mod-H1-Ideal,CH,HYD200,2045-Hhigh,3652.650684572037,10507.7824,1.7957151587495002,237.09664539223823,0.0649108458122427,2.8767553504041534,3,HYD200,200,370.4514428838455,204.91842418743096,50.0,11.2,-1325.4079978301681,209.0
Mod-H1-Ideal,CH,HYD200,2045-Hlow,3652.650684572037,10507.7824,1.7957151587495002,371.04712249707546,0.10158297481450768,2.8767553504041534,3,HYD200,200,370.4514428838455,204.91842418743096,50.0,11.2,-1325.4079978301681,209.0
Mod-H1-Ideal,CH,HYD500,2024-Hhigh,3937.640371867837,10775.987061080468,1.9632861435495308,374.5838398061148,0.09512901241116371,2.736661056725409,3,HYD500,500,641.1009503885581,0.0,0.0,8.5,0.0,0.0
Mod-H1-Ideal,CH,HYD500,2024-Hlow,3937.640371867837,10775.987061080468,1.9959624682122024,612.47840286951,0.15554452540798644,2.736661056725409,3,HYD500,500,641.1009503885581,0.0,0.0,8.5,0.0,0.0
Mod-H1-Ideal,CH,HYD500,2025-Hhigh,3937.640371867837,10775.987061080468,1.9959624682122024,304.99523915215394,0.0774563470374716,2.736661056725409,3,HYD500,500,641.1009503885581,0.0,0.0,8.5,0.0,0.0
Mod-H1-Ideal,CH,HYD500,2025-Hlow,3937.640371867837,10775.987061080468,1.9959624682122024,450.37460225933734,0.11437677383567157,2.736661056725409,3,HYD500,500,641.1009503885581,0.0,0.0,8.5,0.0,0.0
Mod-H1-Ideal,CH,HYD500,2030-Hhigh,3937.640371867837,10775.987061080468,1.9959624682122024,294.0753184282758,0.0746831327028425,2.736661056725409,3,HYD500,500,641.1009503885581,0.0,0.0,8.5,0.0,0.0
Mod-H1-Ideal,CH,HYD500,2030-Hlow,3937.640371867837,10775.987061080468,1.9959624682122024,414.29888487374996,0.10521501349734116,2.736661056725409,3,HYD500,500,641.1009503885581,0.0,0.0,8.5,0.0,0.0
Mod-H1-Ideal,CH,HYD500,2035-Hhigh,3937.640371867837,10775.987061080468,1.9959624682122024,249.25837765928475,0.06330145826421622,2.736661056725409,3,HYD500,500,641.1009503885581,0.0,0.0,8.5,0.0,0.0
Mod-H1-Ideal,CH,HYD500,2035-Hlow,3937.640371867837,10775.987061080468,1.9959624682122024,354.4404260520381,0.09001340716239856,2.736661056725409,3,HYD500,500,641.1009503885581,0.0,0.0,8.5,0.0,0.0
Mod-H1-Ideal,CH,HYD500,2040-Hhigh,3937.640371867837,10775.987061080468,1.9959624682122024,263.91299710459776,0.0670231336995891,2.736661056725409,3,HYD500,500,641.1009503885581,0.0,0.0,8.5,0.0,0.0
Mod-H1-Ideal,CH,HYD500,2040-Hlow,3937.640371867837,10775.987061080468,1.9959624682122024,411.02550111488426,0.1043837075755886,2.736661056725409,3,HYD500,500,641.1009503885581,0.0,0.0,8.5,0.0,0.0
Mod-H1-Ideal,CH,HYD500,2045-Hhigh,3937.640371867837,10775.987061080468,1.9959624682122024,249.75961671116613,0.0634287525330028,2.736661056725409,3,HYD500,500,641.1009503885581,0.0,0.0,8.5,0.0,0.0
Mod-H1-Ideal,CH,HYD500,2045-Hlow,3937.640371867837,10775.987061080468,1.9959624682122024,386.1789180277875,0.09807368920402496,2.736661056725409,3,HYD500,500,641.1009503885581,0.0,0.0,8.5,0.0,0.0
Mod-H1-Ideal,CH,HYD1000,2024-Hhigh,4217.796239209456,11595.676942839767,2.0759360860410627,401.2692595085009,0.09513718462220239,2.749226440823313,4,HYD1000,1000,985.0078228894689,0.0,0.0,8.5,0.0,0.0
Mod-H1-Ideal,CH,HYD1000,2024-Hlow,4217.796239209456,11595.676942839767,2.1103717351231794,643.4084211316077,0.15254611286110922,2.749226440823313,4,HYD1000,1000,985.0078228894689,0.0,0.0,8.5,0.0,0.0
Mod-H1-Ideal,CH,HYD1000,2025-Hhigh,4217.796239209456,11595.676942839767,2.1103717351231794,325.0949679003051,0.07707697324924304,2.749226440823313,4,HYD1000,1000,985.0078228894689,0.0,0.0,8.5,0.0,0.0
Mod-H1-Ideal,CH,HYD1000,2025-Hlow,4217.796239209456,11595.676942839767,2.1103717351231794,473.92837761298824,0.11236398126757705,2.749226440823313,4,HYD1000,1000,985.0078228894689,0.0,0.0,8.5,0.0,0.0
Mod-H1-Ideal,CH,HYD1000,2030-Hhigh,4217.796239209456,11595.676942839767,2.1103717351231794,312.799785451642,0.0741619006019765,2.749226440823313,4,HYD1000,1000,985.0078228894689,0.0,0.0,8.5,0.0,0.0
Mod-H1-Ideal,CH,HYD1000,2030-Hlow,4217.796239209456,11595.676942839767,2.1103717351231794,436.4588980791623,0.10348031847099566,2.749226440823313,4,HYD1000,1000,985.0078228894689,0.0,0.0,8.5,0.0,0.0
Mod-H1-Ideal,CH,HYD1000,2035-Hhigh,4217.796239209456,11595.676942839767,2.1103717351231794,264.46844382920585,0.06270299199630737,2.749226440823313,4,HYD1000,1000,985.0078228894689,0.0,0.0,8.5,0.0,0.0
Mod-H1-Ideal,CH,HYD1000,2035-Hlow,4217.796239209456,11595.676942839767,2.1103717351231794,372.67668543958246,0.08835815300300838,2.749226440823313,4,HYD1000,1000,985.0078228894689,0.0,0.0,8.5,0.0,0.0
Mod-H1-Ideal,CH,HYD1000,2040-Hhigh,4217.796239209456,11595.676942839767,2.1103717351231794,279.476114062436,0.06626117010214282,2.749226440823313,4,HYD1000,1000,985.0078228894689,0.0,0.0,8.5,0.0,0.0
Mod-H1-Ideal,CH,HYD1000,2040-Hlow,4217.796239209456,11595.676942839767,2.1103717351231794,431.24703461688904,0.1022446344391729,2.749226440823313,4,HYD1000,1000,985.0078228894689,0.0,0.0,8.5,0.0,0.0
Mod-H1-Ideal,CH,HYD1000,2045-Hhigh,4217.796239209456,11595.676942839767,2.1103717351231794,264.1648393698437,0.06263101022143172,2.749226440823313,4,HYD1000,1000,985.0078228894689,0.0,0.0,8.5,0.0,0.0
Mod-H1-Ideal,CH,HYD1000,2045-Hlow,4217.796239209456,11595.676942839767,2.1103717351231794,404.27963953896585,0.0958509175433141,2.749226440823313,4,HYD1000,1000,985.0078228894689,0.0,0.0,8.5,0.0,0.0
Mod-H1-Ideal,CH,HYD200,2024-Hhigh,3787.2077007201033,10985.8006,1.7565847284389196,368.1179893231731,0.09720036988020984,2.900765278310759,4,HYD200,200,369.4872277381491,608.267438901266,105.0,11.2,-1340.8687389930565,236.0
Mod-H1-Ideal,CH,HYD200,2024-Hlow,3787.2077007201033,10985.8006,1.7841742017244828,601.0912540075208,0.15871621033439193,2.900765278310759,4,HYD200,200,369.4872277381491,608.267438901266,105.0,11.2,-1340.8687389930565,236.0
Mod-H1-Ideal,CH,HYD200,2025-Hhigh,3787.2077007201033,10985.8006,1.7841742017244828,299.4284846880646,0.07906312733551185,2.900765278310759,4,HYD200,200,369.4872277381491,608.267438901266,105.0,11.2,-1340.8687389930565,236.0
Mod-H1-Ideal,CH,HYD200,2025-Hlow,3787.2077007201033,10985.8006,1.7841742017244828,439.83722850984725,0.1161376040786504,2.900765278310759,4,HYD200,200,369.4872277381491,608.267438901266,105.0,11.2,-1340.8687389930565,236.0
Mod-H1-Ideal,CH,HYD200,2030-Hhigh,3787.2077007201033,10985.8006,1.7841742017244828,286.6687257161619,0.07569395406057461,2.900765278310759,4,HYD200,200,369.4872277381491,608.267438901266,105.0,11.2,-1340.8687389930565,236.0
Mod-H1-Ideal,CH,HYD200,2030-Hlow,3787.2077007201033,10985.8006,1.7841742017244828,403.6964690490202,0.10659475290258334,2.900765278310759,4,HYD200,200,369.4872277381491,608.267438901266,105.0,11.2,-1340.8687389930565,236.0
Mod-H1-Ideal,CH,HYD200,2035-Hhigh,3787.2077007201033,10985.8006,1.7841742017244828,241.93821791102346,0.06388300748993014,2.900765278310759,4,HYD200,200,369.4872277381491,608.267438901266,105.0,11.2,-1340.8687389930565,236.0
Mod-H1-Ideal,CH,HYD200,2035-Hlow,3787.2077007201033,10985.8006,1.7841742017244828,345.0793194417096,0.09111708327380509,2.900765278310759,4,HYD200,200,369.4872277381491,608.267438901266,105.0,11.2,-1340.8687389930565,236.0
Mod-H1-Ideal,CH,HYD200,2040-Hhigh,3787.2077007201033,10985.8006,1.7841742017244828,256.44656160041654,0.06771388892973985,2.900765278310759,4,HYD200,200,369.4872277381491,608.267438901266,105.0,11.2,-1340.8687389930565,236.0
Mod-H1-Ideal,CH,HYD200,2040-Hlow,3787.2077007201033,10985.8006,1.7841742017244828,402.4070698639135,0.10625429119913318,2.900765278310759,4,HYD200,200,369.4872277381491,608.267438901266,105.0,11.2,-1340.8687389930565,236.0
Mod-H1-Ideal,CH,HYD200,2045-Hhigh,3787.2077007201033,10985.8006,1.7841742017244828,242.12484613091203,0.0639322860705195,2.900765278310759,4,HYD200,200,369.4872277381491,608.267438901266,105.0,11.2,-1340.8687389930565,236.0
Mod-H1-Ideal,CH,HYD200,2045-Hlow,3787.2077007201033,10985.8006,1.7841742017244828,377.3388898238224,0.09963511896959726,2.900765278310759,4,HYD200,200,369.4872277381491,608.267438901266,105.0,11.2,-1340.8687389930565,236.0
Mod-H1-Ideal,CH,HYD500,2024-Hhigh,4094.096434484272,11252.83441571013,1.9644211022214786,389.42060712339725,0.09511759514097817,2.748551382651453,4,HYD500,500,638.5486694469961,0.0,0.0,8.5,0.0,0.0
Mod-H1-Ideal,CH,HYD500,2024-Hlow,4094.096434484272,11252.83441571013,1.99709742688415,627.9639510002957,0.1533827942378205,2.748551382651453,4,HYD500,500,638.5486694469961,0.0,0.0,8.5,0.0,0.0
Mod-H1-Ideal,CH,HYD500,2025-Hhigh,4094.096434484272,11252.83441571013,1.99709742688415,315.3698944837213,0.07703040207538443,2.748551382651453,4,HYD500,500,638.5486694469961,0.0,0.0,8.5,0.0,0.0
Mod-H1-Ideal,CH,HYD500,2025-Hlow,4094.096434484272,11252.83441571013,1.99709742688415,462.05739490925026,0.11285943120864837,2.748551382651453,4,HYD500,500,638.5486694469961,0.0,0.0,8.5,0.0,0.0
Mod-H1-Ideal,CH,HYD500,2030-Hhigh,4094.096434484272,11252.83441571013,1.99709742688415,303.0979698862316,0.0740329336977165,2.748551382651453,4,HYD500,500,638.5486694469961,0.0,0.0,8.5,0.0,0.0
Mod-H1-Ideal,CH,HYD500,2030-Hlow,4094.096434484272,11252.83441571013,1.99709742688415,424.664510546198,0.10372606443006085,2.748551382651453,4,HYD500,500,638.5486694469961,0.0,0.0,8.5,0.0,0.0
Mod-H1-Ideal,CH,HYD500,2035-Hhigh,4094.096434484272,11252.83441571013,1.99709742688415,255.94144036051208,0.06251475617543745,2.748551382651453,4,HYD500,500,638.5486694469961,0.0,0.0,8.5,0.0,0.0
Mod-H1-Ideal,CH,HYD500,2035-Hlow,4094.096434484272,11252.83441571013,1.99709742688415,362.1513606119122,0.08845696881039197,2.748551382651453,4,HYD500,500,638.5486694469961,0.0,0.0,8.5,0.0,0.0
Mod-H1-Ideal,CH,HYD500,2040-Hhigh,4094.096434484272,11252.83441571013,1.99709742688415,270.65249516743773,0.06610799220256557,2.748551382651453,4,HYD500,500,638.5486694469961,0.0,0.0,8.5,0.0,0.0
Mod-H1-Ideal,CH,HYD500,2040-Hlow,4094.096434484272,11252.83441571013,1.99709742688415,419.60471575847134,0.10249018861015873,2.748551382651453,4,HYD500,500,638.5486694469961,0.0,0.0,8.5,0.0,0.0
Mod-H1-Ideal,CH,HYD500,2045-Hhigh,4094.096434484272,11252.83441571013,1.99709742688415,255.530831833612,0.06241446334319209,2.748551382651453,4,HYD500,500,638.5486694469961,0.0,0.0,8.5,0.0,0.0
Mod-H1-Ideal,CH,HYD500,2045-Hlow,4094.096434484272,11252.83441571013,1.99709742688415,393.12298779308867,0.09602191694407654,2.748551382651453,4,HYD500,500,638.5486694469961,0.0,0.0,8.5,0.0,0.0
Mod-H1-Ideal,CH,HYD1000,2024-Hhigh,4379.2678423776815,12070.98012854964,2.20020714270328,415.9244699916784,0.09497580074158155,2.756392292734444,5,HYD1000,1000,981.8424491188609,0.0,0.0,8.5,0.0,0.0
Mod-H1-Ideal,CH,HYD1000,2024-Hlow,4379.2678423776815,12070.98012854964,2.253602063619548,661.1292475596744,0.1509679862834607,2.756392292734444,5,HYD1000,1000,981.8424491188609,0.0,0.0,8.5,0.0,0.0
Mod-H1-Ideal,CH,HYD1000,2025-Hhigh,4379.2678423776815,12070.98012854964,2.253602063619548,336.5096955920474,0.07684154240023436,2.756392292734444,5,HYD1000,1000,981.8424491188609,0.0,0.0,8.5,0.0,0.0
Mod-H1-Ideal,CH,HYD1000,2025-Hlow,4379.2678423776815,12070.98012854964,2.253602063619548,486.92119165537036,0.11118780791242976,2.756392292734444,5,HYD1000,1000,981.8424491188609,0.0,0.0,8.5,0.0,0.0
Mod-H1-Ideal,CH,HYD1000,2030-Hhigh,4379.2678423776815,12070.98012854964,2.253602063619548,322.952427118515,0.0737457581364037,2.756392292734444,5,HYD1000,1000,981.8424491188609,0.0,0.0,8.5,0.0,0.0
Mod-H1-Ideal,CH,HYD1000,2030-Hlow,4379.2678423776815,12070.98012854964,2.253602063619548,448.4846024473741,0.10241086377668868,2.756392292734444,5,HYD1000,1000,981.8424491188609,0.0,0.0,8.5,0.0,0.0
Mod-H1-Ideal,CH,HYD1000,2035-Hhigh,4379.2678423776815,12070.98012854964,2.253602063619548,272.9427800543325,0.062326121598020555,2.756392292734444,5,HYD1000,1000,981.8424491188609,0.0,0.0,8.5,0.0,0.0
Mod-H1-Ideal,CH,HYD1000,2035-Hlow,4379.2678423776815,12070.98012854964,2.253602063619548,382.879211724775,0.08742995987130452,2.756392292734444,5,HYD1000,1000,981.8424491188609,0.0,0.0,8.5,0.0,0.0
Mod-H1-Ideal,CH,HYD1000,2040-Hhigh,4379.2678423776815,12070.98012854964,2.253602063619548,288.14563851510076,0.06579767415154375,2.756392292734444,5,HYD1000,1000,981.8424491188609,0.0,0.0,8.5,0.0,0.0
Mod-H1-Ideal,CH,HYD1000,2040-Hlow,4379.2678423776815,12070.98012854964,2.253602063619548,442.6788721710348,0.1010851329729781,2.756392292734444,5,HYD1000,1000,981.8424491188609,0.0,0.0,8.5,0.0,0.0
Mod-H1-Ideal,CH,HYD1000,2045-Hhigh,4379.2678423776815,12070.98012854964,2.253602063619548,272.2395737387657,0.06216554536909893,2.756392292734444,5,HYD1000,1000,981.8424491188609,0.0,0.0,8.5,0.0,0.0
Mod-H1-Ideal,CH,HYD1000,2045-Hlow,4379.2678423776815,12070.98012854964,2.253602063619548,414.4468932897831,0.09463839806262297,2.756392292734444,5,HYD1000,1000,981.8424491188609,0.0,0.0,8.5,0.0,0.0
Mod-H1-Ideal,CH,HYD200,2024-Hhigh,3927.594697320117,11464.465666666667,1.8137977297721604,380.70241392747204,0.09693016802045118,2.918953341720601,5,HYD200,200,368.62985613881006,535.7301260037076,100.0,11.2,-1791.957390611499,328.0
Mod-H1-Ideal,CH,HYD200,2024-Hlow,3927.594697320117,11464.465666666667,1.8619110523403908,616.9136956428555,0.1570716286137643,2.918953341720601,5,HYD200,200,368.62985613881006,535.7301260037076,100.0,11.2,-1791.957390611499,328.0
Mod-H1-Ideal,CH,HYD200,2025-Hhigh,3927.594697320117,11464.465666666667,1.8619110523403908,309.0495576897108,0.07868672342912114,2.918953341720601,5,HYD200,200,368.62985613881006,535.7301260037076,100.0,11.2,-1791.957390611499,328.0
Mod-H1-Ideal,CH,HYD200,2025-Hlow,3927.594697320117,11464.465666666667,1.8619110523403908,451.0379680828407,0.11483821596729256,2.918953341720601,5,HYD200,200,368.62985613881006,535.7301260037076,100.0,11.2,-1791.957390611499,328.0
Mod-H1-Ideal,CH,HYD200,2030-Hhigh,3927.594697320117,11464.465666666667,1.8619110523403908,294.93937171037487,0.07509414652983883,2.918953341720601,5,HYD200,200,368.62985613881006,535.7301260037076,100.0,11.2,-1791.957390611499,328.0
Mod-H1-Ideal,CH,HYD200,2030-Hlow,3927.594697320117,11464.465666666667,1.8619110523403908,413.97040583325634,0.1054004900545663,2.918953341720601,5,HYD200,200,368.62985613881006,535.7301260037076,100.0,11.2,-1791.957390611499,328.0
Mod-H1-Ideal,CH,HYD200,2035-Hhigh,3927.594697320117,11464.465666666667,1.8619110523403908,248.660223799364,0.06331107025096817,2.918953341720601,5,HYD200,200,368.62985613881006,535.7301260037076,100.0,11.2,-1791.957390611499,328.0
Mod-H1-Ideal,CH,HYD200,2035-Hlow,3927.594697320117,11464.465666666667,1.8619110523403908,353.2954497589353,0.08995211496746251,2.918953341720601,5,HYD200,200,368.62985613881006,535.7301260037076,100.0,11.2,-1791.957390611499,328.0
Mod-H1-Ideal,CH,HYD200,2040-Hhigh,3927.594697320117,11464.465666666667,1.8619110523403908,263.48557683759117,0.0670857349454548,2.918953341720601,5,HYD200,200,368.62985613881006,535.7301260037076,100.0,11.2,-1791.957390611499,328.0
Mod-H1-Ideal,CH,HYD200,2040-Hlow,3927.594697320117,11464.465666666667,1.8619110523403908,411.9620731952186,0.10488915097993926,2.918953341720601,5,HYD200,200,368.62985613881006,535.7301260037076,100.0,11.2,-1791.957390611499,328.0
Mod-H1-Ideal,CH,HYD200,2045-Hhigh,3927.594697320117,11464.465666666667,1.8619110523403908,248.4898735067327,0.0632676975748752,2.918953341720601,5,HYD200,200,368.62985613881006,535.7301260037076,100.0,11.2,-1791.957390611499,328.0
Mod-H1-Ideal,CH,HYD200,2045-Hlow,3927.594697320117,11464.465666666667,1.8619110523403908,385.53018686175596,0.09815936128155268,2.918953341720601,5,HYD200,200,368.62985613881006,535.7301260037076,100.0,11.2,-1791.957390611499,328.0
Mod-H1-Ideal,CH,HYD500,2024-Hhigh,4255.337401849149,11729.827965370625,2.024940382411538,403.68381348225415,0.09486528924988043,2.75649774804542,5,HYD500,500,636.7432464080225,0.0,0.0,8.5,0.0,0.0
Mod-H1-Ideal,CH,HYD500,2024-Hlow,4255.337401849149,11729.827965370625,2.078335303327806,645.4781486444494,0.1516867142812126,2.75649774804542,5,HYD500,500,636.7432464080225,0.0,0.0,8.5,0.0,0.0
Mod-H1-Ideal,CH,HYD500,2025-Hhigh,4255.337401849149,11729.827965370625,2.078335303327806,326.3593564669186,0.07669411979531865,2.75649774804542,5,HYD500,500,636.7432464080225,0.0,0.0,8.5,0.0,0.0
Mod-H1-Ideal,CH,HYD500,2025-Hlow,4255.337401849149,11729.827965370625,2.078335303327806,474.7202902299083,0.11155878967990165,2.75649774804542,5,HYD500,500,636.7432464080225,0.0,0.0,8.5,0.0,0.0
Mod-H1-Ideal,CH,HYD500,2030-Hhigh,4255.337401849149,11729.827965370625,2.078335303327806,312.6516831596792,0.07347283038562748,2.75649774804542,5,HYD500,500,636.7432464080225,0.0,0.0,8.5,0.0,0.0
Mod-H1-Ideal,CH,HYD500,2030-Hlow,4255.337401849149,11729.827965370625,2.078335303327806,436.3137148294265,0.10253328317510786,2.75649774804542,5,HYD500,500,636.7432464080225,0.0,0.0,8.5,0.0,0.0
Mod-H1-Ideal,CH,HYD500,2035-Hhigh,4255.337401849149,11729.827965370625,2.078335303327806,263.7457747158594,0.0619799911991113,2.75649774804542,5,HYD500,500,636.7432464080225,0.0,0.0,8.5,0.0,0.0
Mod-H1-Ideal,CH,HYD500,2035-Hlow,4255.337401849149,11729.827965370625,2.078335303327806,371.5615898785288,0.08731659908261738,2.75649774804542,5,HYD500,500,636.7432464080225,0.0,0.0,8.5,0.0,0.0
Mod-H1-Ideal,CH,HYD500,2040-Hhigh,4255.337401849149,11729.827965370625,2.078335303327806,278.8536538093908,0.06553032755715574,2.75649774804542,5,HYD500,500,636.7432464080225,0.0,0.0,8.5,0.0,0.0
Mod-H1-Ideal,CH,HYD500,2040-Hlow,4255.337401849149,11729.827965370625,2.078335303327806,430.2489189535547,0.10110806225766984,2.75649774804542,5,HYD500,500,636.7432464080225,0.0,0.0,8.5,0.0,0.0
Mod-H1-Ideal,CH,HYD500,2045-Hhigh,4255.337401849149,11729.827965370625,2.078335303327806,262.9351448282474,0.06178949399264779,2.75649774804542,5,HYD500,500,636.7432464080225,0.0,0.0,8.5,0.0,0.0
Mod-H1-Ideal,CH,HYD500,2045-Hlow,4255.337401849149,11729.827965370625,2.078335303327806,402.3940586484419,0.09456219816402392,2.75649774804542,5,HYD500,500,636.7432464080225,0.0,0.0,8.5,0.0,0.0
Mod-H1-Real,AK,HYD1000,2024-Hhigh,1430.150195507733,4729.227522218799,0.974894231045962,126.27467751881295,0.08829469653988532,3.3068047937019824,3,HYD1000,1000,875.4210304050822,0.0,0.0,5,0.0,0.0
Mod-H1-Real,AK,HYD1000,2024-Hlow,1430.150195507733,4729.227522218799,0.9826536681268956,203.33945431277024,0.14218048912029166,3.3068047937019824,3,HYD1000,1000,875.4210304050822,0.0,0.0,5,0.0,0.0
Mod-H1-Real,AK,HYD1000,2025-Hhigh,1430.150195507733,4729.227522218799,0.9826536681268956,101.01664104932149,0.07063358895214393,3.3068047937019824,3,HYD1000,1000,875.4210304050822,0.0,0.0,5,0.0,0.0
Mod-H1-Real,AK,HYD1000,2025-Hlow,1430.150195507733,4729.227522218799,0.9826536681268956,146.63686540137078,0.10253249334368804,3.3068047937019824,3,HYD1000,1000,875.4210304050822,0.0,0.0,5,0.0,0.0
Mod-H1-Real,AK,HYD1000,2030-Hhigh,1430.150195507733,4729.227522218799,0.9826536681268956,99.20969277839964,0.0693701214669821,3.3068047937019824,3,HYD1000,1000,875.4210304050822,0.0,0.0,5,0.0,0.0
Mod-H1-Real,AK,HYD1000,2030-Hlow,1430.150195507733,4729.227522218799,0.9826536681268956,139.00714569332803,0.09719758535150051,3.3068047937019824,3,HYD1000,1000,875.4210304050822,0.0,0.0,5,0.0,0.0
Mod-H1-Real,AK,HYD1000,2035-Hhigh,1430.150195507733,4729.227522218799,0.9826536681268956,86.4042229507658,0.060416187909613575,3.3068047937019824,3,HYD1000,1000,875.4210304050822,0.0,0.0,5,0.0,0.0
Mod-H1-Real,AK,HYD1000,2035-Hlow,1430.150195507733,4729.227522218799,0.9826536681268956,124.04589064479917,0.08673626800488622,3.3068047937019824,3,HYD1000,1000,875.4210304050822,0.0,0.0,5,0.0,0.0
Mod-H1-Real,AK,HYD1000,2040-Hhigh,1430.150195507733,4729.227522218799,0.9826536681268956,89.04362906472618,0.06226173260991922,3.3068047937019824,3,HYD1000,1000,875.4210304050822,0.0,0.0,5,0.0,0.0
Mod-H1-Real,AK,HYD1000,2040-Hlow,1430.150195507733,4729.227522218799,0.9826536681268956,145.15881891487206,0.1014990029514611,3.3068047937019824,3,HYD1000,1000,875.4210304050822,0.0,0.0,5,0.0,0.0
Mod-H1-Real,AK,HYD1000,2045-Hhigh,1430.150195507733,4729.227522218799,0.9826536681268956,84.99034652836917,0.05942756697536641,3.3068047937019824,3,HYD1000,1000,875.4210304050822,0.0,0.0,5,0.0,0.0
Mod-H1-Real,AK,HYD1000,2045-Hlow,1430.150195507733,4729.227522218799,0.9826536681268956,136.86144092350924,0.09569725008842206,3.3068047937019824,3,HYD1000,1000,875.4210304050822,0.0,0.0,5,0.0,0.0
Mod-H1-Real,AK,HYD200,2024-Hhigh,1363.9730043665668,4184.266666666666,0.9224960659691704,120.41545044068022,0.08828286927614196,3.0677048983164097,3,HYD200,200,325.4811097979043,439.62594022261715,96.0,8.5,-945.2269675704079,165.0
Mod-H1-Real,AK,HYD200,2024-Hlow,1363.9730043665668,4184.266666666666,0.926537418279207,201.01758221833714,0.14737651080689115,3.0677048983164097,3,HYD200,200,325.4811097979043,439.62594022261715,96.0,8.5,-945.2269675704079,165.0
Mod-H1-Real,AK,HYD200,2025-Hhigh,1363.9730043665668,4184.266666666666,0.926537418279207,96.43573154517115,0.07070208225268813,3.0677048983164097,3,HYD200,200,325.4811097979043,439.62594022261715,96.0,8.5,-945.2269675704079,165.0
Mod-H1-Real,AK,HYD200,2025-Hlow,1363.9730043665668,4184.266666666666,0.926537418279207,144.19461190218058,0.10571661714752559,3.0677048983164097,3,HYD200,200,325.4811097979043,439.62594022261715,96.0,8.5,-945.2269675704079,165.0
Mod-H1-Real,AK,HYD200,2030-Hhigh,1363.9730043665668,4184.266666666666,0.926537418279207,94.94354673889254,0.06960808347008643,3.0677048983164097,3,HYD200,200,325.4811097979043,439.62594022261715,96.0,8.5,-945.2269675704079,165.0
Mod-H1-Real,AK,HYD200,2030-Hlow,1363.9730043665668,4184.266666666666,0.926537418279207,136.33305119558878,0.0999528955185607,3.0677048983164097,3,HYD200,200,325.4811097979043,439.62594022261715,96.0,8.5,-945.2269675704079,165.0
Mod-H1-Real,AK,HYD200,2035-Hhigh,1363.9730043665668,4184.266666666666,0.926537418279207,82.80203542229442,0.060706506035834586,3.0677048983164097,3,HYD200,200,325.4811097979043,439.62594022261715,96.0,8.5,-945.2269675704079,165.0
Mod-H1-Real,AK,HYD200,2035-Hlow,1363.9730043665668,4184.266666666666,0.926537418279207,121.39799495873883,0.08900322408882017,3.0677048983164097,3,HYD200,200,325.4811097979043,439.62594022261715,96.0,8.5,-945.2269675704079,165.0
Mod-H1-Real,AK,HYD200,2040-Hhigh,1363.9730043665668,4184.266666666666,0.926537418279207,85.79175243658788,0.06289842406113444,3.0677048983164097,3,HYD200,200,325.4811097979043,439.62594022261715,96.0,8.5,-945.2269675704079,165.0
Mod-H1-Real,AK,HYD200,2040-Hlow,1363.9730043665668,4184.266666666666,0.926537418279207,142.76776520500235,0.10467052115250927,3.0677048983164097,3,HYD200,200,325.4811097979043,439.62594022261715,96.0,8.5,-945.2269675704079,165.0
Mod-H1-Real,AK,HYD200,2045-Hhigh,1363.9730043665668,4184.266666666666,0.926537418279207,81.74224082455383,0.059929515146463753,3.0677048983164097,3,HYD200,200,325.4811097979043,439.62594022261715,96.0,8.5,-945.2269675704079,165.0
Mod-H1-Real,AK,HYD200,2045-Hlow,1363.9730043665668,4184.266666666666,0.926537418279207,134.07864776134812,0.09830007436519218,3.0677048983164097,3,HYD200,200,325.4811097979043,439.62594022261715,96.0,8.5,-945.2269675704079,165.0
Mod-H1-Real,AK,HYD500,2024-Hhigh,1368.8451114638142,4422.2,0.9984357633576108,121.14940082749241,0.08850482776531071,3.2306065623969626,3,HYD500,500,565.1044901157969,0.0,0.0,6,0.0,0.0
Mod-H1-Real,AK,HYD500,2024-Hlow,1368.8451114638142,4422.2,1.003003753695771,199.82375184683718,0.14597981186720962,3.2306065623969626,3,HYD500,500,565.1044901157969,0.0,0.0,6,0.0,0.0
Mod-H1-Real,AK,HYD500,2025-Hhigh,1368.8451114638142,4422.2,1.003003753695771,97.16662665256327,0.07098438372523778,3.2306065623969626,3,HYD500,500,565.1044901157969,0.0,0.0,6,0.0,0.0
Mod-H1-Real,AK,HYD500,2025-Hlow,1368.8451114638142,4422.2,1.003003753695771,143.82425118740207,0.10506977742251601,3.2306065623969626,3,HYD500,500,565.1044901157969,0.0,0.0,6,0.0,0.0
Mod-H1-Real,AK,HYD500,2030-Hhigh,1368.8451114638142,4422.2,1.003003753695771,95.89136382447298,0.07005274959263197,3.2306065623969626,3,HYD500,500,565.1044901157969,0.0,0.0,6,0.0,0.0
Mod-H1-Real,AK,HYD500,2030-Hlow,1368.8451114638142,4422.2,1.003003753695771,136.3267289548529,0.09959251621176334,3.2306065623969626,3,HYD500,500,565.1044901157969,0.0,0.0,6,0.0,0.0
Mod-H1-Real,AK,HYD500,2035-Hhigh,1368.8451114638142,4422.2,1.003003753695771,83.84615616757364,0.06125320934076341,3.2306065623969626,3,HYD500,500,565.1044901157969,0.0,0.0,6,0.0,0.0
Mod-H1-Real,AK,HYD500,2035-Hlow,1368.8451114638142,4422.2,1.003003753695771,121.86931226049957,0.08903075391062695,3.2306065623969626,3,HYD500,500,565.1044901157969,0.0,0.0,6,0.0,0.0
Mod-H1-Real,AK,HYD500,2040-Hhigh,1368.8451114638142,4422.2,1.003003753695771,86.64927730709324,0.06330100942862142,3.2306065623969626,3,HYD500,500,565.1044901157969,0.0,0.0,6,0.0,0.0
Mod-H1-Real,AK,HYD500,2040-Hlow,1368.8451114638142,4422.2,1.003003753695771,143.05124287399855,0.10450506173121556,3.2306065623969626,3,HYD500,500,565.1044901157969,0.0,0.0,6,0.0,0.0
Mod-H1-Real,AK,HYD500,2045-Hhigh,1368.8451114638142,4422.2,1.003003753695771,82.79074954621468,0.06048218958657784,3.2306065623969626,3,HYD500,500,565.1044901157969,0.0,0.0,6,0.0,0.0
Mod-H1-Real,AK,HYD500,2045-Hlow,1368.8451114638142,4422.2,1.003003753695771,134.65863961752547,0.09837390548410868,3.2306065623969626,3,HYD500,500,565.1044901157969,0.0,0.0,6,0.0,0.0
Mod-H1-Real,AK,HYD1000,2024-Hhigh,1567.8893483122024,5200.1416111075605,0.9762638938727562,139.17452531872564,0.0887655276621044,3.3166508954891465,4,HYD1000,1000,867.0387605643928,0.0,0.0,5,0.0,0.0
Mod-H1-Real,AK,HYD1000,2024-Hlow,1567.8893483122024,5200.1416111075605,0.985008494314904,216.52041701921954,0.13809674595487167,3.3166508954891465,4,HYD1000,1000,867.0387605643928,0.0,0.0,5,0.0,0.0
Mod-H1-Real,AK,HYD1000,2025-Hhigh,1567.8893483122024,5200.1416111075605,0.985008494314904,110.06106833783292,0.07019696157532493,3.3166508954891465,4,HYD1000,1000,867.0387605643928,0.0,0.0,5,0.0,0.0
Mod-H1-Real,AK,HYD1000,2025-Hlow,1567.8893483122024,5200.1416111075605,0.985008494314904,156.32866328954162,0.0997064387597415,3.3166508954891465,4,HYD1000,1000,867.0387605643928,0.0,0.0,5,0.0,0.0
Mod-H1-Real,AK,HYD1000,2030-Hhigh,1567.8893483122024,5200.1416111075605,0.985008494314904,107.09255665957808,0.06830364449816616,3.3166508954891465,4,HYD1000,1000,867.0387605643928,0.0,0.0,5,0.0,0.0
Mod-H1-Real,AK,HYD1000,2030-Hlow,1567.8893483122024,5200.1416111075605,0.985008494314904,147.85889173010423,0.09430441752109038,3.3166508954891465,4,HYD1000,1000,867.0387605643928,0.0,0.0,5,0.0,0.0
Mod-H1-Real,AK,HYD1000,2035-Hhigh,1567.8893483122024,5200.1416111075605,0.985008494314904,92.24148128279143,0.05883162697806915,3.3166508954891465,4,HYD1000,1000,867.0387605643928,0.0,0.0,5,0.0,0.0
Mod-H1-Real,AK,HYD1000,2035-Hlow,1567.8893483122024,5200.1416111075605,0.985008494314904,130.8676130058108,0.0834673780689223,3.3166508954891465,4,HYD1000,1000,867.0387605643928,0.0,0.0,5,0.0,0.0
Mod-H1-Real,AK,HYD1000,2040-Hhigh,1567.8893483122024,5200.1416111075605,0.985008494314904,94.96935028090871,0.0605714621271846,3.3166508954891465,4,HYD1000,1000,867.0387605643928,0.0,0.0,5,0.0,0.0
Mod-H1-Real,AK,HYD1000,2040-Hlow,1567.8893483122024,5200.1416111075605,0.985008494314904,152.5918474714628,0.09732309721711198,3.3166508954891465,4,HYD1000,1000,867.0387605643928,0.0,0.0,5,0.0,0.0
Mod-H1-Real,AK,HYD1000,2045-Hhigh,1567.8893483122024,5200.1416111075605,0.985008494314904,90.1443716626226,0.05749409023006693,3.3166508954891465,4,HYD1000,1000,867.0387605643928,0.0,0.0,5,0.0,0.0
Mod-H1-Real,AK,HYD1000,2045-Hlow,1567.8893483122024,5200.1416111075605,0.985008494314904,143.13793189124215,0.09129338881300961,3.3166508954891465,4,HYD1000,1000,867.0387605643928,0.0,0.0,5,0.0,0.0
Mod-H1-Real,AK,HYD200,2024-Hhigh,1505.5706115671505,4660.975,0.9224011511424642,133.52825513076328,0.08868946703985776,3.095819594371854,4,HYD200,200,323.69925853097027,1092.4944895324074,169.0,8.5,-626.9904669667043,117.0
Mod-H1-Real,AK,HYD200,2024-Hlow,1505.5706115671505,4660.975,0.9296568340872399,214.62217418134676,0.14255204806232652,3.095819594371854,4,HYD200,200,323.69925853097027,1092.4944895324074,169.0,8.5,-626.9904669667043,117.0
Mod-H1-Real,AK,HYD200,2025-Hhigh,1505.5706115671505,4660.975,0.9296568340872399,105.45514390751407,0.07004330656915896,3.095819594371854,4,HYD200,200,323.69925853097027,1092.4944895324074,169.0,8.5,-626.9904669667043,117.0
Mod-H1-Real,AK,HYD200,2025-Hlow,1505.5706115671505,4660.975,0.9296568340872399,154.41377740393517,0.10256163093088384,3.095819594371854,4,HYD200,200,323.69925853097027,1092.4944895324074,169.0,8.5,-626.9904669667043,117.0
Mod-H1-Real,AK,HYD200,2030-Hhigh,1505.5706115671505,4660.975,0.9296568340872399,102.60253339206785,0.06814860266518402,3.095819594371854,4,HYD200,200,323.69925853097027,1092.4944895324074,169.0,8.5,-626.9904669667043,117.0
Mod-H1-Real,AK,HYD200,2030-Hlow,1505.5706115671505,4660.975,0.9296568340872399,145.15941899318906,0.09641488607571347,3.095819594371854,4,HYD200,200,323.69925853097027,1092.4944895324074,169.0,8.5,-626.9904669667043,117.0
Mod-H1-Real,AK,HYD200,2035-Hhigh,1505.5706115671505,4660.975,0.9296568340872399,88.36180979736528,0.05868991405550176,3.095819594371854,4,HYD200,200,323.69925853097027,1092.4944895324074,169.0,8.5,-626.9904669667043,117.0
Mod-H1-Real,AK,HYD200,2035-Hlow,1505.5706115671505,4660.975,0.9296568340872399,127.83016821061292,0.0849047977082618,3.095819594371854,4,HYD200,200,323.69925853097027,1092.4944895324074,169.0,8.5,-626.9904669667043,117.0
Mod-H1-Real,AK,HYD200,2040-Hhigh,1505.5706115671505,4660.975,0.9296568340872399,91.38659770252555,0.060698978181701564,3.095819594371854,4,HYD200,200,323.69925853097027,1092.4944895324074,169.0,8.5,-626.9904669667043,117.0
Mod-H1-Real,AK,HYD200,2040-Hlow,1505.5706115671505,4660.975,0.9296568340872399,149.9034621277179,0.09956587952502817,3.095819594371854,4,HYD200,200,323.69925853097027,1092.4944895324074,169.0,8.5,-626.9904669667043,117.0
Mod-H1-Real,AK,HYD200,2045-Hhigh,1505.5706115671505,4660.975,0.9296568340872399,86.46175682092336,0.057427898868805095,3.095819594371854,4,HYD200,200,323.69925853097027,1092.4944895324074,169.0,8.5,-626.9904669667043,117.0
Mod-H1-Real,AK,HYD200,2045-Hlow,1505.5706115671505,4660.975,0.9296568340872399,139.74216372810156,0.09281674512937241,3.095819594371854,4,HYD200,200,323.69925853097027,1092.4944895324074,169.0,8.5,-626.9904669667043,117.0
Mod-H1-Real,AK,HYD500,2024-Hhigh,1502.297467543318,4896.3,1.0042038458452602,133.58459536117275,0.08892020272098403,3.259208050191843,4,HYD500,500,559.9876762036095,0.0,0.0,6,0.0,0.0
Mod-H1-Real,AK,HYD500,2024-Hlow,1502.297467543318,4896.3,1.0110434276604094,212.7756238698536,0.1416334836920161,3.259208050191843,4,HYD500,500,559.9876762036095,0.0,0.0,6,0.0,0.0
Mod-H1-Real,AK,HYD500,2025-Hhigh,1502.297467543318,4896.3,1.0110434276604094,105.84016952455477,0.07045220524643062,3.259208050191843,4,HYD500,500,559.9876762036095,0.0,0.0,6,0.0,0.0
Mod-H1-Real,AK,HYD500,2025-Hlow,1502.297467543318,4896.3,1.0110434276604094,153.44776280934985,0.10214206315629383,3.259208050191843,4,HYD500,500,559.9876762036095,0.0,0.0,6,0.0,0.0
Mod-H1-Real,AK,HYD500,2030-Hhigh,1502.297467543318,4896.3,1.0110434276604094,103.43573454699752,0.0688517000006292,3.259208050191843,4,HYD500,500,559.9876762036095,0.0,0.0,6,0.0,0.0
Mod-H1-Real,AK,HYD500,2030-Hlow,1502.297467543318,4896.3,1.0110434276604094,145.0214148591656,0.09653308881383971,3.259208050191843,4,HYD500,500,559.9876762036095,0.0,0.0,6,0.0,0.0
Mod-H1-Real,AK,HYD500,2035-Hhigh,1502.297467543318,4896.3,1.0110434276604094,89.42963236817194,0.05952857826114473,3.259208050191843,4,HYD500,500,559.9876762036095,0.0,0.0,6,0.0,0.0
Mod-H1-Real,AK,HYD500,2035-Hlow,1502.297467543318,4896.3,1.0110434276604094,128.44800583802788,0.0855010466389701,3.259208050191843,4,HYD500,500,559.9876762036095,0.0,0.0,6,0.0,0.0
Mod-H1-Real,AK,HYD500,2040-Hhigh,1502.297467543318,4896.3,1.0110434276604094,92.31790528118292,0.06145114884081437,3.259208050191843,4,HYD500,500,559.9876762036095,0.0,0.0,6,0.0,0.0
Mod-H1-Real,AK,HYD500,2040-Hlow,1502.297467543318,4896.3,1.0110434276604094,150.27808497086252,0.10003217619517776,3.259208050191843,4,HYD500,500,559.9876762036095,0.0,0.0,6,0.0,0.0
Mod-H1-Real,AK,HYD500,2045-Hhigh,1502.297467543318,4896.3,1.0110434276604094,87.65117207757643,0.05834475127014022,3.259208050191843,4,HYD500,500,559.9876762036095,0.0,0.0,6,0.0,0.0
Mod-H1-Real,AK,HYD500,2045-Hlow,1502.297467543318,4896.3,1.0110434276604094,140.60999676432002,0.09359664101295279,3.259208050191843,4,HYD500,500,559.9876762036095,0.0,0.0,6,0.0,0.0
Mod-H1-Real,AK,HYD1000,2024-Hhigh,1708.2148514846456,5673.294855550453,1.044517399626209,151.57950540751767,0.08873562085927114,3.3211834276113876,5,HYD1000,1000,861.858702590786,0.0,0.0,5,0.0,0.0
Mod-H1-Real,AK,HYD1000,2024-Hlow,1708.2148514846456,5673.294855550453,1.0679438206288663,231.72524127318854,0.13565345194826708,3.3211834276113876,5,HYD1000,1000,861.858702590786,0.0,0.0,5,0.0,0.0
Mod-H1-Real,AK,HYD1000,2025-Hhigh,1708.2148514846456,5673.294855550453,1.0679438206288663,119.7510537265263,0.07010303980348147,3.3211834276113876,5,HYD1000,1000,861.858702590786,0.0,0.0,5,0.0,0.0
Mod-H1-Real,AK,HYD1000,2025-Hlow,1708.2148514846456,5673.294855550453,1.0679438206288663,167.58663526374883,0.09810629799764108,3.3211834276113876,5,HYD1000,1000,861.858702590786,0.0,0.0,5,0.0,0.0
Mod-H1-Real,AK,HYD1000,2030-Hhigh,1708.2148514846456,5673.294855550453,1.0679438206288663,115.73343534761065,0.0677511000721158,3.3211834276113876,5,HYD1000,1000,861.858702590786,0.0,0.0,5,0.0,0.0
Mod-H1-Real,AK,HYD1000,2030-Hlow,1708.2148514846456,5673.294855550453,1.0679438206288663,158.24414533841778,0.09263714409278462,3.3211834276113876,5,HYD1000,1000,861.858702590786,0.0,0.0,5,0.0,0.0
Mod-H1-Real,AK,HYD1000,2035-Hhigh,1708.2148514846456,5673.294855550453,1.0679438206288663,99.33033680700918,0.05814862031007346,3.3211834276113876,5,HYD1000,1000,861.858702590786,0.0,0.0,5,0.0,0.0
Mod-H1-Real,AK,HYD1000,2035-Hlow,1708.2148514846456,5673.294855550453,1.0679438206288663,139.21631981073335,0.08149813221079158,3.3211834276113876,5,HYD1000,1000,861.858702590786,0.0,0.0,5,0.0,0.0
Mod-H1-Real,AK,HYD1000,2040-Hhigh,1708.2148514846456,5673.294855550453,1.0679438206288663,102.27156000741903,0.0598704313561802,3.3211834276113876,5,HYD1000,1000,861.858702590786,0.0,0.0,5,0.0,0.0
Mod-H1-Real,AK,HYD1000,2040-Hlow,1708.2148514846456,5673.294855550453,1.0679438206288663,161.95885861729326,0.09481176122343826,3.3211834276113876,5,HYD1000,1000,861.858702590786,0.0,0.0,5,0.0,0.0
Mod-H1-Real,AK,HYD1000,2045-Hhigh,1708.2148514846456,5673.294855550453,1.0679438206288663,96.83414197129999,0.05668733174116791,3.3211834276113876,5,HYD1000,1000,861.858702590786,0.0,0.0,5,0.0,0.0
Mod-H1-Real,AK,HYD1000,2045-Hlow,1708.2148514846456,5673.294855550453,1.0679438206288663,151.314406149053,0.08858043004224116,3.3211834276113876,5,HYD1000,1000,861.858702590786,0.0,0.0,5,0.0,0.0
Mod-H1-Real,AK,HYD200,2024-Hhigh,1653.3850149843292,5138.958333333333,0.9712540749023114,146.38713689834557,0.0885378393850588,3.108143769757125,5,HYD200,200,322.46773134728716,1412.984720251819,223.0,8.5,-1228.4286187292216,254.0
Mod-H1-Real,AK,HYD200,2024-Hlow,1653.3850149843292,5138.958333333333,0.9952350674422862,230.96439004774123,0.13969183702195964,3.108143769757125,5,HYD200,200,322.46773134728716,1412.984720251819,223.0,8.5,-1228.4286187292216,254.0
Mod-H1-Real,AK,HYD200,2025-Hhigh,1653.3850149843292,5138.958333333333,0.9952350674422862,115.34497929389494,0.06976292772012825,3.108143769757125,5,HYD200,200,322.46773134728716,1412.984720251819,223.0,8.5,-1228.4286187292216,254.0
Mod-H1-Real,AK,HYD200,2025-Hlow,1653.3850149843292,5138.958333333333,0.9952350674422862,166.13007890439715,0.10047876169119128,3.108143769757125,5,HYD200,200,322.46773134728716,1412.984720251819,223.0,8.5,-1228.4286187292216,254.0
Mod-H1-Real,AK,HYD200,2030-Hhigh,1653.3850149843292,5138.958333333333,0.9952350674422862,111.2574577227273,0.06729071372633784,3.108143769757125,5,HYD200,200,322.46773134728716,1412.984720251819,223.0,8.5,-1228.4286187292216,254.0
Mod-H1-Real,AK,HYD200,2030-Hlow,1653.3850149843292,5138.958333333333,0.9952350674422862,156.01763478261626,0.09436255522377224,3.108143769757125,5,HYD200,200,322.46773134728716,1412.984720251819,223.0,8.5,-1228.4286187292216,254.0
Mod-H1-Real,AK,HYD200,2035-Hhigh,1653.3850149843292,5138.958333333333,0.9952350674422862,95.41406744946622,0.057708317533270104,3.108143769757125,5,HYD200,200,322.46773134728716,1412.984720251819,223.0,8.5,-1228.4286187292216,254.0
Mod-H1-Real,AK,HYD200,2035-Hlow,1653.3850149843292,5138.958333333333,0.9952350674422862,136.49751410406773,0.08255639966917291,3.108143769757125,5,HYD200,200,322.46773134728716,1412.984720251819,223.0,8.5,-1228.4286187292216,254.0
Mod-H1-Real,AK,HYD200,2040-Hhigh,1653.3850149843292,5138.958333333333,0.9952350674422862,98.7871132607866,0.059748402438329164,3.108143769757125,5,HYD200,200,322.46773134728716,1412.984720251819,223.0,8.5,-1228.4286187292216,254.0
Mod-H1-Real,AK,HYD200,2040-Hlow,1653.3850149843292,5138.958333333333,0.9952350674422862,159.66421074470435,0.09656807658089102,3.108143769757125,5,HYD200,200,322.46773134728716,1412.984720251819,223.0,8.5,-1228.4286187292216,254.0
Mod-H1-Real,AK,HYD200,2045-Hhigh,1653.3850149843292,5138.958333333333,0.9952350674422862,93.1343002755947,0.05632946919896781,3.108143769757125,5,HYD200,200,322.46773134728716,1412.984720251819,223.0,8.5,-1228.4286187292216,254.0
Mod-H1-Real,AK,HYD200,2045-Hlow,1653.3850149843292,5138.958333333333,0.9952350674422862,148.31539027962154,0.08970408521636884,3.108143769757125,5,HYD200,200,322.46773134728716,1412.984720251819,223.0,8.5,-1228.4286187292216,254.0
Mod-H1-Real,AK,HYD500,2024-Hhigh,1642.3426477474002,5372.4,1.0487145807075595,145.86104198085087,0.0888127956616791,3.2711809605435636,5,HYD500,500,557.3520999328903,0.0,0.0,6,0.0,0.0
Mod-H1-Real,AK,HYD500,2024-Hlow,1642.3426477474002,5372.4,1.074109805613278,228.27067139153976,0.13899089310298957,3.2711809605435636,5,HYD500,500,557.3520999328903,0.0,0.0,6,0.0,0.0
Mod-H1-Real,AK,HYD500,2025-Hhigh,1642.3426477474002,5372.4,1.074109805613278,115.30040208648485,0.07020483955928944,3.2711809605435636,5,HYD500,500,557.3520999328903,0.0,0.0,6,0.0,0.0
Mod-H1-Real,AK,HYD500,2025-Hlow,1642.3426477474002,5372.4,1.074109805613278,164.75408787888156,0.10031651318612138,3.2711809605435636,5,HYD500,500,557.3520999328903,0.0,0.0,6,0.0,0.0
Mod-H1-Real,AK,HYD500,2030-Hhigh,1642.3426477474002,5372.4,1.074109805613278,111.78250608214165,0.06806284074487136,3.2711809605435636,5,HYD500,500,557.3520999328903,0.0,0.0,6,0.0,0.0
Mod-H1-Real,AK,HYD500,2030-Hlow,1642.3426477474002,5372.4,1.074109805613278,155.42025538361406,0.09463327010157409,3.2711809605435636,5,HYD500,500,557.3520999328903,0.0,0.0,6,0.0,0.0
Mod-H1-Real,AK,HYD500,2035-Hhigh,1642.3426477474002,5372.4,1.074109805613278,96.20713278094487,0.05857920873753135,3.2711809605435636,5,HYD500,500,557.3520999328903,0.0,0.0,6,0.0,0.0
Mod-H1-Real,AK,HYD500,2035-Hlow,1642.3426477474002,5372.4,1.074109805613278,136.63052791387113,0.08319246175654664,3.2711809605435636,5,HYD500,500,557.3520999328903,0.0,0.0,6,0.0,0.0
Mod-H1-Real,AK,HYD500,2040-Hhigh,1642.3426477474002,5372.4,1.074109805613278,99.3704992941909,0.06050533938851629,3.2711809605435636,5,HYD500,500,557.3520999328903,0.0,0.0,6,0.0,0.0
Mod-H1-Real,AK,HYD500,2040-Hlow,1642.3426477474002,5372.4,1.074109805613278,159.40036572333705,0.09705670490988404,3.2711809605435636,5,HYD500,500,557.3520999328903,0.0,0.0,6,0.0,0.0
Mod-H1-Real,AK,HYD500,2045-Hhigh,1642.3426477474002,5372.4,1.074109805613278,94.02674183499879,0.05725159847974704,3.2711809605435636,5,HYD500,500,557.3520999328903,0.0,0.0,6,0.0,0.0
Mod-H1-Real,AK,HYD500,2045-Hlow,1642.3426477474002,5372.4,1.074109805613278,148.58526516584172,0.09047153793980683,3.2711809605435636,5,HYD500,500,557.3520999328903,0.0,0.0,6,0.0,0.0
Mod-H1-Real,CH,HYD1000,2024-Hhigh,3614.9203014131203,10019.495600586622,2.37671540097756,348.5912396107181,0.09643123790985078,2.7717058095775635,3,HYD1000,1000,987.162892515825,0.0,0.0,8.5,0.0,0.0
Mod-H1-Real,CH,HYD1000,2024-Hlow,3614.9203014131203,10019.495600586622,2.4093917256402317,545.1906565284349,0.15081678462324954,2.7717058095775635,3,HYD1000,1000,987.162892515825,0.0,0.0,8.5,0.0,0.0
Mod-H1-Real,CH,HYD1000,2025-Hhigh,3614.9203014131203,10019.495600586622,2.4093917256402317,278.81953421176985,0.07713020231809138,2.7717058095775635,3,HYD1000,1000,987.162892515825,0.0,0.0,8.5,0.0,0.0
Mod-H1-Real,CH,HYD1000,2025-Hlow,3614.9203014131203,10019.495600586622,2.4093917256402317,392.05208418601234,0.1084538666129801,2.7717058095775635,3,HYD1000,1000,987.162892515825,0.0,0.0,8.5,0.0,0.0
Mod-H1-Real,CH,HYD1000,2030-Hhigh,3614.9203014131203,10019.495600586622,2.4093917256402317,272.1397662715993,0.07528236961827796,2.7717058095775635,3,HYD1000,1000,987.162892515825,0.0,0.0,8.5,0.0,0.0
Mod-H1-Real,CH,HYD1000,2030-Hlow,3614.9203014131203,10019.495600586622,2.4093917256402317,371.3058460818958,0.10271480838367238,2.7717058095775635,3,HYD1000,1000,987.162892515825,0.0,0.0,8.5,0.0,0.0
Mod-H1-Real,CH,HYD1000,2035-Hhigh,3614.9203014131203,10019.495600586622,2.4093917256402317,236.15848905549177,0.06532882314533305,2.7717058095775635,3,HYD1000,1000,987.162892515825,0.0,0.0,8.5,0.0,0.0
Mod-H1-Real,CH,HYD1000,2035-Hlow,3614.9203014131203,10019.495600586622,2.4093917256402317,329.36901694192863,0.09111377000847679,2.7717058095775635,3,HYD1000,1000,987.162892515825,0.0,0.0,8.5,0.0,0.0
Mod-H1-Real,CH,HYD1000,2040-Hhigh,3614.9203014131203,10019.495600586622,2.4093917256402317,242.97734214558508,0.06721513114704133,2.7717058095775635,3,HYD1000,1000,987.162892515825,0.0,0.0,8.5,0.0,0.0
Mod-H1-Real,CH,HYD1000,2040-Hlow,3614.9203014131203,10019.495600586622,2.4093917256402317,381.06389295682806,0.10541418929979317,2.7717058095775635,3,HYD1000,1000,987.162892515825,0.0,0.0,8.5,0.0,0.0
Mod-H1-Real,CH,HYD1000,2045-Hhigh,3614.9203014131203,10019.495600586622,2.4093917256402317,231.375108048142,0.06400559037434225,2.7717058095775635,3,HYD1000,1000,987.162892515825,0.0,0.0,8.5,0.0,0.0
Mod-H1-Real,CH,HYD1000,2045-Hlow,3614.9203014131203,10019.495600586622,2.4093917256402317,357.31426951702014,0.09884430076572953,2.7717058095775635,3,HYD1000,1000,987.162892515825,0.0,0.0,8.5,0.0,0.0
Mod-H1-Real,CH,HYD200,2024-Hhigh,3186.0416994769116,9406.346,1.9968053555269947,314.7324680294186,0.09878479245299639,2.9523612329193134,3,HYD200,200,368.06228859511555,289.31933831740156,59.0,11.2,-1649.1015743626529,222.0
Mod-H1-Real,CH,HYD200,2024-Hlow,3186.0416994769116,9406.346,2.024394828812558,500.57432807925886,0.15711480743062584,2.9523612329193134,3,HYD200,200,368.06228859511555,289.31933831740156,59.0,11.2,-1649.1015743626529,222.0
Mod-H1-Real,CH,HYD200,2025-Hhigh,3186.0416994769116,9406.346,2.024394828812558,252.53976399867855,0.07926442520828929,2.9523612329193134,3,HYD200,200,368.06228859511555,289.31933831740156,59.0,11.2,-1649.1015743626529,222.0
Mod-H1-Real,CH,HYD200,2025-Hlow,3186.0416994769116,9406.346,2.024394828812558,356.65673644192503,0.1119435243112108,2.9523612329193134,3,HYD200,200,368.06228859511555,289.31933831740156,59.0,11.2,-1649.1015743626529,222.0
Mod-H1-Real,CH,HYD200,2030-Hhigh,3186.0416994769116,9406.346,2.024394828812558,245.60909716022937,0.07708910313400913,2.9523612329193134,3,HYD200,200,368.06228859511555,289.31933831740156,59.0,11.2,-1649.1015743626529,222.0
Mod-H1-Real,CH,HYD200,2030-Hlow,3186.0416994769116,9406.346,2.024394828812558,337.5736561178759,0.10595393530891299,2.9523612329193134,3,HYD200,200,368.06228859511555,289.31933831740156,59.0,11.2,-1649.1015743626529,222.0
Mod-H1-Real,CH,HYD200,2035-Hhigh,3186.0416994769116,9406.346,2.024394828812558,213.03371580910945,0.06686469792409987,2.9523612329193134,3,HYD200,200,368.06228859511555,289.31933831740156,59.0,11.2,-1649.1015743626529,222.0
Mod-H1-Real,CH,HYD200,2035-Hlow,3186.0416994769116,9406.346,2.024394828812558,300.49655703815927,0.0943165800646913,2.9523612329193134,3,HYD200,200,368.06228859511555,289.31933831740156,59.0,11.2,-1649.1015743626529,222.0
Mod-H1-Real,CH,HYD200,2040-Hhigh,3186.0416994769116,9406.346,2.024394828812558,219.42647388754935,0.06887118706687834,2.9523612329193134,3,HYD200,200,368.06228859511555,289.31933831740156,59.0,11.2,-1649.1015743626529,222.0
Mod-H1-Real,CH,HYD200,2040-Hlow,3186.0416994769116,9406.346,2.024394828812558,350.3307437950708,0.10995799077350073,2.9523612329193134,3,HYD200,200,368.06228859511555,289.31933831740156,59.0,11.2,-1649.1015743626529,222.0
Mod-H1-Real,CH,HYD200,2045-Hhigh,3186.0416994769116,9406.346,2.024394828812558,208.8057470916237,0.06553766924202709,2.9523612329193134,3,HYD200,200,368.06228859511555,289.31933831740156,59.0,11.2,-1649.1015743626529,222.0
Mod-H1-Real,CH,HYD200,2045-Hlow,3186.0416994769116,9406.346,2.024394828812558,328.64502313697557,0.10315151342524265,2.9523612329193134,3,HYD200,200,368.06228859511555,289.31933831740156,59.0,11.2,-1649.1015743626529,222.0
Mod-H1-Real,CH,HYD500,2024-Hhigh,3492.198415528671,9674.326928580444,2.219356269068257,336.81537192999144,0.09644794821287445,2.7702684032962894,3,HYD500,500,638.3880734458602,0.0,0.0,8.5,-21.270390587321963,20.0
Mod-H1-Real,CH,HYD500,2024-Hlow,3492.198415528671,9674.326928580444,2.2502732693114837,530.1337350758705,0.15180515881300963,2.7702684032962894,3,HYD500,500,638.3880734458602,0.0,0.0,8.5,-21.270390587321963,20.0
Mod-H1-Real,CH,HYD500,2025-Hhigh,3492.198415528671,9674.326928580444,2.2502732693114837,269.49484115568976,0.07717054104295272,2.7702684032962894,3,HYD500,500,638.3880734458602,0.0,0.0,8.5,-21.270390587321963,20.0
Mod-H1-Real,CH,HYD500,2025-Hlow,3492.198415528671,9674.326928580444,2.2502732693114837,380.8396018266582,0.10905439969653166,2.7702684032962894,3,HYD500,500,638.3880734458602,0.0,0.0,8.5,-21.270390587321963,20.0
Mod-H1-Real,CH,HYD500,2030-Hhigh,3492.198415528671,9674.326928580444,2.2502732693114837,262.94144453689756,0.07529395906248695,2.7702684032962894,3,HYD500,500,638.3880734458602,0.0,0.0,8.5,-21.270390587321963,20.0
Mod-H1-Real,CH,HYD500,2030-Hlow,3492.198415528671,9674.326928580444,2.2502732693114837,360.24994172113486,0.10315849755822021,2.7702684032962894,3,HYD500,500,638.3880734458602,0.0,0.0,8.5,-21.270390587321963,20.0
Mod-H1-Real,CH,HYD500,2035-Hhigh,3492.198415528671,9674.326928580444,2.2502732693114837,227.99535281527343,0.06528705579884929,2.7702684032962894,3,HYD500,500,638.3880734458602,0.0,0.0,8.5,-21.270390587321963,20.0
Mod-H1-Real,CH,HYD500,2035-Hlow,3492.198415528671,9674.326928580444,2.2502732693114837,319.2059000352008,0.09140543063526858,2.7702684032962894,3,HYD500,500,638.3880734458602,0.0,0.0,8.5,-21.270390587321963,20.0
Mod-H1-Real,CH,HYD500,2040-Hhigh,3492.198415528671,9674.326928580444,2.2502732693114837,234.76297346648138,0.06722498138209065,2.7702684032962894,3,HYD500,500,638.3880734458602,0.0,0.0,8.5,-21.270390587321963,20.0
Mod-H1-Real,CH,HYD500,2040-Hlow,3492.198415528671,9674.326928580444,2.2502732693114837,369.6346603659671,0.10584583588444514,2.7702684032962894,3,HYD500,500,638.3880734458602,0.0,0.0,8.5,-21.270390587321963,20.0
Mod-H1-Real,CH,HYD500,2045-Hhigh,3492.198415528671,9674.326928580444,2.2502732693114837,223.33091339397168,0.06395138157124512,2.7702684032962894,3,HYD500,500,638.3880734458602,0.0,0.0,8.5,-21.270390587321963,20.0
Mod-H1-Real,CH,HYD500,2045-Hlow,3492.198415528671,9674.326928580444,2.2502732693114837,346.51049444681007,0.09922417148635959,2.7702684032962894,3,HYD500,500,638.3880734458602,0.0,0.0,8.5,-21.270390587321963,20.0
Mod-H1-Real,CH,HYD1000,2024-Hhigh,3771.3379543103397,10493.712283827383,2.3637889979143885,363.68511702927776,0.09643397686320171,2.7824905672624496,4,HYD1000,1000,982.074595050652,0.0,0.0,8.5,0.0,0.0
Mod-H1-Real,CH,HYD1000,2024-Hlow,3771.3379543103397,10493.712283827383,2.399948217163246,560.8054553301556,0.14870198908830207,2.7824905672624496,4,HYD1000,1000,982.074595050652,0.0,0.0,8.5,0.0,0.0
Mod-H1-Real,CH,HYD1000,2025-Hhigh,3771.3379543103397,10493.712283827383,2.399948217163246,289.5053921598208,0.07676463782009754,2.7824905672624496,4,HYD1000,1000,982.074595050652,0.0,0.0,8.5,0.0,0.0
Mod-H1-Real,CH,HYD1000,2025-Hlow,3771.3379543103397,10493.712283827383,2.399948217163246,403.6008584429658,0.10701795048138872,2.7824905672624496,4,HYD1000,1000,982.074595050652,0.0,0.0,8.5,0.0,0.0
Mod-H1-Real,CH,HYD1000,2030-Hhigh,3771.3379543103397,10493.712283827383,2.399948217163246,281.6933252691061,0.07469320667673206,2.7824905672624496,4,HYD1000,1000,982.074595050652,0.0,0.0,8.5,0.0,0.0
Mod-H1-Real,CH,HYD1000,2030-Hlow,3771.3379543103397,10493.712283827383,2.399948217163246,382.2175324179531,0.10134799295329894,2.7824905672624496,4,HYD1000,1000,982.074595050652,0.0,0.0,8.5,0.0,0.0
Mod-H1-Real,CH,HYD1000,2035-Hhigh,3771.3379543103397,10493.712283827383,2.399948217163246,243.36314203460975,0.06452965631374007,2.7824905672624496,4,HYD1000,1000,982.074595050652,0.0,0.0,8.5,0.0,0.0
Mod-H1-Real,CH,HYD1000,2035-Hlow,3771.3379543103397,10493.712283827383,2.399948217163246,337.8644791916256,0.08958743111459246,2.7824905672624496,4,HYD1000,1000,982.074595050652,0.0,0.0,8.5,0.0,0.0
Mod-H1-Real,CH,HYD1000,2040-Hhigh,3771.3379543103397,10493.712283827383,2.399948217163246,250.3042415257991,0.06637014358252388,2.7824905672624496,4,HYD1000,1000,982.074595050652,0.0,0.0,8.5,0.0,0.0
Mod-H1-Real,CH,HYD1000,2040-Hlow,3771.3379543103397,10493.712283827383,2.399948217163246,390.2220447625326,0.10347045252641435,2.7824905672624496,4,HYD1000,1000,982.074595050652,0.0,0.0,8.5,0.0,0.0
Mod-H1-Real,CH,HYD1000,2045-Hhigh,3771.3379543103397,10493.712283827383,2.399948217163246,237.7518448223441,0.06304177660626055,2.7824905672624496,4,HYD1000,1000,982.074595050652,0.0,0.0,8.5,0.0,0.0
Mod-H1-Real,CH,HYD1000,2045-Hlow,3771.3379543103397,10493.712283827383,2.399948217163246,365.0704839554712,0.09680131782892187,2.7824905672624496,4,HYD1000,1000,982.074595050652,0.0,0.0,8.5,0.0,0.0
Mod-H1-Real,CH,HYD200,2024-Hhigh,3320.6691304306773,9884.366399999999,2.009479881747426,327.6473271498398,0.09866906767291966,2.9766188716061683,4,HYD200,200,367.0712480812885,560.7831884930656,101.0,11.2,-1401.5548993519835,226.0
Mod-H1-Real,CH,HYD200,2024-Hlow,3320.6691304306773,9884.366399999999,2.03706935503299,514.3601800324207,0.1548965463974757,2.9766188716061683,4,HYD200,200,367.0712480812885,560.7831884930656,101.0,11.2,-1401.5548993519835,226.0
Mod-H1-Real,CH,HYD200,2025-Hhigh,3320.6691304306773,9884.366399999999,2.03706935503299,261.5841987252295,0.07877454466272076,2.9766188716061683,4,HYD200,200,367.0712480812885,560.7831884930656,101.0,11.2,-1401.5548993519835,226.0
Mod-H1-Real,CH,HYD200,2025-Hlow,3320.6691304306773,9884.366399999999,2.03706935503299,367.0611055898142,0.11053829549775344,2.9766188716061683,4,HYD200,200,367.0712480812885,560.7831884930656,101.0,11.2,-1401.5548993519835,226.0
Mod-H1-Real,CH,HYD200,2030-Hhigh,3320.6691304306773,9884.366399999999,2.03706935503299,253.3820897700396,0.07630452773750963,2.9766188716061683,4,HYD200,200,367.0712480812885,560.7831884930656,101.0,11.2,-1401.5548993519835,226.0
Mod-H1-Real,CH,HYD200,2030-Hlow,3320.6691304306773,9884.366399999999,2.03706935503299,346.77894660285904,0.10443044247467173,2.9766188716061683,4,HYD200,200,367.0712480812885,560.7831884930656,101.0,11.2,-1401.5548993519835,226.0
Mod-H1-Real,CH,HYD200,2035-Hhigh,3320.6691304306773,9884.366399999999,2.03706935503299,218.81219129034986,0.06589400590536125,2.9766188716061683,4,HYD200,200,367.0712480812885,560.7831884930656,101.0,11.2,-1401.5548993519835,226.0
Mod-H1-Real,CH,HYD200,2035-Hlow,3320.6691304306773,9884.366399999999,2.03706935503299,307.4582505966564,0.09258924587791748,2.9766188716061683,4,HYD200,200,367.0712480812885,560.7831884930656,101.0,11.2,-1401.5548993519835,226.0
Mod-H1-Real,CH,HYD200,2040-Hhigh,3320.6691304306773,9884.366399999999,2.03706935503299,225.32168661215164,0.06785430217882873,2.9766188716061683,4,HYD200,200,367.0712480812885,560.7831884930656,101.0,11.2,-1401.5548993519835,226.0
Mod-H1-Real,CH,HYD200,2040-Hlow,3320.6691304306773,9884.366399999999,2.03706935503299,358.0789470619945,0.10783337122646516,2.9766188716061683,4,HYD200,200,367.0712480812885,560.7831884930656,101.0,11.2,-1401.5548993519835,226.0
Mod-H1-Real,CH,HYD200,2045-Hhigh,3320.6691304306773,9884.366399999999,2.03706935503299,213.83687362391692,0.06439571821965386,2.9766188716061683,4,HYD200,200,367.0712480812885,560.7831884930656,101.0,11.2,-1401.5548993519835,226.0
Mod-H1-Real,CH,HYD200,2045-Hlow,3320.6691304306773,9884.366399999999,2.03706935503299,334.8874323815491,0.10084938282848901,2.9766188716061683,4,HYD200,200,367.0712480812885,560.7831884930656,101.0,11.2,-1401.5548993519835,226.0
Mod-H1-Real,CH,HYD500,2024-Hhigh,3648.3692146179856,10151.06827907429,2.2239937329003703,351.6459409394499,0.09638441732555572,2.782357728050611,4,HYD500,500,635.7681849323255,0.0,0.0,8.5,0.0,0.0
Mod-H1-Real,CH,HYD500,2024-Hlow,3648.3692146179856,10151.06827907429,2.256670057563042,545.5295050158555,0.1495269455816239,2.782357728050611,4,HYD500,500,635.7681849323255,0.0,0.0,8.5,0.0,0.0
Mod-H1-Real,CH,HYD500,2025-Hhigh,3648.3692146179856,10151.06827907429,2.256670057563042,279.8384328409533,0.07670233366725049,2.782357728050611,4,HYD500,500,635.7681849323255,0.0,0.0,8.5,0.0,0.0
Mod-H1-Real,CH,HYD500,2025-Hlow,3648.3692146179856,10151.06827907429,2.256670057563042,392.26185851858344,0.10751703992756569,2.782357728050611,4,HYD500,500,635.7681849323255,0.0,0.0,8.5,0.0,0.0
Mod-H1-Real,CH,HYD500,2030-Hhigh,3648.3692146179856,10151.06827907429,2.256670057563042,271.9316069418845,0.07453511170205344,2.782357728050611,4,HYD500,500,635.7681849323255,0.0,0.0,8.5,0.0,0.0
Mod-H1-Real,CH,HYD500,2030-Hlow,3648.3692146179856,10151.06827907429,2.256670057563042,370.6427846184866,0.10159135844404825,2.782357728050611,4,HYD500,500,635.7681849323255,0.0,0.0,8.5,0.0,0.0
Mod-H1-Real,CH,HYD500,2035-Hhigh,3648.3692146179856,10151.06827907429,2.256670057563042,234.68838594246404,0.06432692859103567,2.782357728050611,4,HYD500,500,635.7681849323255,0.0,0.0,8.5,0.0,0.0
Mod-H1-Real,CH,HYD500,2035-Hlow,3648.3692146179856,10151.06827907429,2.256670057563042,327.0246941271295,0.08963585506007284,2.782357728050611,4,HYD500,500,635.7681849323255,0.0,0.0,8.5,0.0,0.0
Mod-H1-Real,CH,HYD500,2040-Hhigh,3648.3692146179856,10151.06827907429,2.256670057563042,241.51720084160007,0.0661986730602563,2.782357728050611,4,HYD500,500,635.7681849323255,0.0,0.0,8.5,0.0,0.0
Mod-H1-Real,CH,HYD500,2040-Hlow,3648.3692146179856,10151.06827907429,2.256670057563042,378.31438755164277,0.10369410695492216,2.782357728050611,4,HYD500,500,635.7681849323255,0.0,0.0,8.5,0.0,0.0
Mod-H1-Real,CH,HYD500,2045-Hhigh,3648.3692146179856,10151.06827907429,2.256670057563042,229.12439379344508,0.06280186579675333,2.782357728050611,4,HYD500,500,635.7681849323255,0.0,0.0,8.5,0.0,0.0
Mod-H1-Real,CH,HYD500,2045-Hlow,3648.3692146179856,10151.06827907429,2.256670057563042,353.6810735890669,0.09694223714309579,2.782357728050611,4,HYD500,500,635.7681849323255,0.0,0.0,8.5,0.0,0.0
Mod-H1-Real,CH,HYD1000,2024-Hhigh,3932.755046807232,10969.008585555786,2.462790513007405,378.267926461628,0.0961839529692349,2.789141061419746,5,HYD1000,1000,978.9016700852898,0.0,0.0,8.5,0.0,0.0
Mod-H1-Real,CH,HYD1000,2024-Hlow,3932.755046807232,10969.008585555786,2.5196683285098587,578.5599839213617,0.1471131502052384,2.789141061419746,5,HYD1000,1000,978.9016700852898,0.0,0.0,8.5,0.0,0.0
Mod-H1-Real,CH,HYD1000,2025-Hhigh,3932.755046807232,10969.008585555786,2.5196683285098587,300.8344431144558,0.07649457938110975,2.789141061419746,5,HYD1000,1000,978.9016700852898,0.0,0.0,8.5,0.0,0.0
Mod-H1-Real,CH,HYD1000,2025-Hlow,3932.755046807232,10969.008585555786,2.5196683285098587,416.7491893107836,0.10596876346242752,2.789141061419746,5,HYD1000,1000,978.9016700852898,0.0,0.0,8.5,0.0,0.0
Mod-H1-Real,CH,HYD1000,2030-Hhigh,3932.755046807232,10969.008585555786,2.5196683285098587,291.7849108477122,0.07419351253127114,2.789141061419746,5,HYD1000,1000,978.9016700852898,0.0,0.0,8.5,0.0,0.0
Mod-H1-Real,CH,HYD1000,2030-Hlow,3932.755046807232,10969.008585555786,2.5196683285098587,394.2882359318689,0.10025751190681655,2.789141061419746,5,HYD1000,1000,978.9016700852898,0.0,0.0,8.5,0.0,0.0
Mod-H1-Real,CH,HYD1000,2035-Hhigh,3932.755046807232,10969.008585555786,2.5196683285098587,251.79952935765135,0.06402624276385388,2.789141061419746,5,HYD1000,1000,978.9016700852898,0.0,0.0,8.5,0.0,0.0
Mod-H1-Real,CH,HYD1000,2035-Hlow,3932.755046807232,10969.008585555786,2.5196683285098587,347.7441507941738,0.08842252991995686,2.789141061419746,5,HYD1000,1000,978.9016700852898,0.0,0.0,8.5,0.0,0.0
Mod-H1-Real,CH,HYD1000,2040-Hhigh,3932.755046807232,10969.008585555786,2.5196683285098587,258.9019258356381,0.06583220229946055,2.789141061419746,5,HYD1000,1000,978.9016700852898,0.0,0.0,8.5,0.0,0.0
Mod-H1-Real,CH,HYD1000,2040-Hlow,3932.755046807232,10969.008585555786,2.5196683285098587,401.272102013598,0.1020333321647802,2.789141061419746,5,HYD1000,1000,978.9016700852898,0.0,0.0,8.5,0.0,0.0
Mod-H1-Real,CH,HYD1000,2045-Hhigh,3932.755046807232,10969.008585555786,2.5196683285098587,245.6956933118838,0.062474191854727745,2.789141061419746,5,HYD1000,1000,978.9016700852898,0.0,0.0,8.5,0.0,0.0
Mod-H1-Real,CH,HYD1000,2045-Hlow,3932.755046807232,10969.008585555786,2.5196683285098587,374.8196976648706,0.09530715572259306,2.789141061419746,5,HYD1000,1000,978.9016700852898,0.0,0.0,8.5,0.0,0.0
Mod-H1-Real,CH,HYD200,2024-Hhigh,3460.8012735103475,10362.8616,2.063637032932748,340.1788656816049,0.09829482793057225,2.9943532670654562,5,HYD200,200,366.03505771150833,557.6925882298304,110.0,11.2,-1831.156333089349,313.0
Mod-H1-Real,CH,HYD200,2024-Hlow,3460.8012735103475,10362.8616,2.107922034506368,530.1470907895398,0.15318622737670312,2.9943532670654562,5,HYD200,200,366.03505771150833,557.6925882298304,110.0,11.2,-1831.156333089349,313.0
Mod-H1-Real,CH,HYD200,2025-Hhigh,3460.8012735103475,10362.8616,2.107922034506368,271.20582560171437,0.07836503866245571,2.9943532670654562,5,HYD200,200,366.03505771150833,557.6925882298304,110.0,11.2,-1831.156333089349,313.0
Mod-H1-Real,CH,HYD200,2025-Hlow,3460.8012735103475,10362.8616,2.107922034506368,378.22628292364965,0.10928864532577119,2.9943532670654562,5,HYD200,200,366.03505771150833,557.6925882298304,110.0,11.2,-1831.156333089349,313.0
Mod-H1-Real,CH,HYD200,2030-Hhigh,3460.8012735103475,10362.8616,2.107922034506368,261.6418147823021,0.07560151366822473,2.9943532670654562,5,HYD200,200,366.03505771150833,557.6925882298304,110.0,11.2,-1831.156333089349,313.0
Mod-H1-Real,CH,HYD200,2030-Hlow,3460.8012735103475,10362.8616,2.107922034506368,356.980846602527,0.10314976746423682,2.9943532670654562,5,HYD200,200,366.03505771150833,557.6925882298304,110.0,11.2,-1831.156333089349,313.0
Mod-H1-Real,CH,HYD200,2035-Hhigh,3460.8012735103475,10362.8616,2.107922034506368,225.54119362125107,0.06517022382868026,2.9943532670654562,5,HYD200,200,366.03505771150833,557.6925882298304,110.0,11.2,-1831.156333089349,313.0
Mod-H1-Real,CH,HYD200,2035-Hlow,3460.8012735103475,10362.8616,2.107922034506368,315.52450969872723,0.09117094128282192,2.9943532670654562,5,HYD200,200,366.03505771150833,557.6925882298304,110.0,11.2,-1831.156333089349,313.0
Mod-H1-Real,CH,HYD200,2040-Hhigh,3460.8012735103475,10362.8616,2.107922034506368,232.35826881573323,0.06714002060570454,2.9943532670654562,5,HYD200,200,366.03505771150833,557.6925882298304,110.0,11.2,-1831.156333089349,313.0
Mod-H1-Real,CH,HYD200,2040-Hlow,3460.8012735103475,10362.8616,2.107922034506368,367.51664248967717,0.10619409016713029,2.9943532670654562,5,HYD200,200,366.03505771150833,557.6925882298304,110.0,11.2,-1831.156333089349,313.0
Mod-H1-Real,CH,HYD200,2045-Hhigh,3460.8012735103475,10362.8616,2.107922034506368,220.16728082151062,0.06361742943945213,2.9943532670654562,5,HYD200,200,366.03505771150833,557.6925882298304,110.0,11.2,-1831.156333089349,313.0
Mod-H1-Real,CH,HYD200,2045-Hlow,3460.8012735103475,10362.8616,2.107922034506368,343.0083224031951,0.09911240065375847,2.9943532670654562,5,HYD200,200,366.03505771150833,557.6925882298304,110.0,11.2,-1831.156333089349,313.0
Mod-H1-Real,CH,HYD500,2024-Hhigh,3809.555975966814,10628.057818796517,2.2842769878840015,365.8599121110438,0.09603741601885597,2.7898416208726946,5,HYD500,500,633.8810214528671,0.0,0.0,8.5,0.0,0.0
Mod-H1-Real,CH,HYD500,2024-Hlow,3809.555975966814,10628.057818796517,2.337671908800269,563.1161419800875,0.14781673915086027,2.7898416208726946,5,HYD500,500,633.8810214528671,0.0,0.0,8.5,0.0,0.0
Mod-H1-Real,CH,HYD500,2025-Hhigh,3809.555975966814,10628.057818796517,2.337671908800269,290.76641666831426,0.07632553990613608,2.7898416208726946,5,HYD500,500,633.8810214528671,0.0,0.0,8.5,0.0,0.0
Mod-H1-Real,CH,HYD500,2025-Hlow,3809.555975966814,10628.057818796517,2.337671908800269,405.094296369726,0.10633635492569932,2.7898416208726946,5,HYD500,500,633.8810214528671,0.0,0.0,8.5,0.0,0.0
Mod-H1-Real,CH,HYD500,2030-Hhigh,3809.555975966814,10628.057818796517,2.337671908800269,281.48476483388436,0.07388912687191775,2.7898416208726946,5,HYD500,500,633.8810214528671,0.0,0.0,8.5,0.0,0.0
Mod-H1-Real,CH,HYD500,2030-Hlow,3809.555975966814,10628.057818796517,2.337671908800269,382.3782505776507,0.1003734432542649,2.7898416208726946,5,HYD500,500,633.8810214528671,0.0,0.0,8.5,0.0,0.0
Mod-H1-Real,CH,HYD500,2035-Hhigh,3809.555975966814,10628.057818796517,2.337671908800269,242.43416318117642,0.06363843049179764,2.7898416208726946,5,HYD500,500,633.8810214528671,0.0,0.0,8.5,0.0,0.0
Mod-H1-Real,CH,HYD500,2035-Hlow,3809.555975966814,10628.057818796517,2.337671908800269,336.301746144127,0.0882784629667446,2.7898416208726946,5,HYD500,500,633.8810214528671,0.0,0.0,8.5,0.0,0.0
Mod-H1-Real,CH,HYD500,2040-Hhigh,3809.555975966814,10628.057818796517,2.337671908800269,249.6699197446438,0.0655378005520134,2.7898416208726946,5,HYD500,500,633.8810214528671,0.0,0.0,8.5,0.0,0.0
Mod-H1-Real,CH,HYD500,2040-Hlow,3809.555975966814,10628.057818796517,2.337671908800269,388.6640302320739,0.1020234464814331,2.7898416208726946,5,HYD500,500,633.8810214528671,0.0,0.0,8.5,0.0,0.0
Mod-H1-Real,CH,HYD500,2045-Hhigh,3809.555975966814,10628.057818796517,2.337671908800269,236.44653376019832,0.062066691040073604,2.7898416208726946,5,HYD500,500,633.8810214528671,0.0,0.0,8.5,0.0,0.0
Mod-H1-Real,CH,HYD500,2045-Hlow,3809.555975966814,10628.057818796517,2.337671908800269,362.6129745141176,0.09518510209633849,2.7898416208726946,5,HYD500,500,633.8810214528671,0.0,0.0,8.5,0.0,0.0
